listing_id,y_clean,y_orig
2539,0,0
2595,0,0
6848,68,68
6872,20,0
6990,90,65
7064,0,0
7097,0,0
60611,16,0
60666,25,0
60673,0,0
60680,1,1
60794,0,0
61406,2,2
62925,29,3
63610,14,14
63657,0,0
7801,46,29
8490,16,14
9357,22,6
10452,60,60
11943,0,0
12192,48,0
64015,0,0
64314,0,0
64365,64,64
65615,0,0
65660,61,60
66008,62,62
66251,13,13
66974,48,34
67299,58,0
68253,0,0
68735,59,59
68974,0,0
71384,0,0
72190,0,0
12937,22,22
12940,53,53
14314,90,90
15385,90,90
15396,1,1
16338,90,90
74680,76,76
74860,0,0
75635,74,74
75658,2,2
77765,0,0
79067,0,0
80684,0,0
80700,0,0
81739,0,0
82638,30,30
82928,8,8
83243,73,73
16821,38,0
16974,3,3
17037,8,8
18152,17,17
83474,0,0
84010,0,0
89427,21,21
93313,29,29
94783,28,26
96471,3,3
98663,75,75
100002,21,21
18728,8,8
18961,0,0
100186,39,39
101053,0,0
103311,0,0
103555,0,0
105469,0,0
106363,44,31
106647,58,57
106906,14,12
107630,1,1
112304,0,0
112435,0,0
113265,3,3
19174,47,47
19812,90,90
20913,0,0
21456,0,0
21644,0,0
21794,1,1
115535,71,71
115748,6,0
116551,28,28
118061,84,84
125163,0,0
128975,54,0
136493,2,0
139624,45,0
140133,1,0
141335,0,0
23135,0,0
23545,21,21
24285,90,90
25406,53,0
25696,54,54
26785,0,0
142069,0,0
144087,0,0
144148,0,0
146726,20,20
148201,0,0
148825,19,19
150804,13,13
150989,0,0
151199,36,35
152263,4,4
152819,0,0
27883,0,0
28907,0,0
29013,74,74
29628,44,44
31130,0,0
31555,0,0
31902,0,0
31994,17,16
157673,76,76
158061,0,0
162493,21,21
162508,38,38
166006,50,50
166172,0,0
166983,0,0
169483,0,0
170420,0,0
170761,40,40
171562,30,0
173151,46,0
174966,0,0
32037,2,2
33009,62,62
34760,0,0
177495,0,0
177606,1,1
179670,19,0
182069,31,31
187986,0,0
188674,0,0
188803,0,0
189135,3,0
189181,0,0
189787,0,0
190968,0,0
190974,3,3
191610,62,62
195123,0,0
195240,6,0
195989,0,0
198744,5,0
199733,20,20
201514,0,0
201992,0,0
202273,0,0
203901,0,0
204065,0,0
205485,6,6
206316,0,0
206957,9,0
208148,0,0
208889,90,90
212544,0,0
213330,20,20
214917,0,0
36647,30,0
38663,11,11
38833,30,30
39282,53,0
39593,90,90
39704,0,0
42300,86,86
42729,3,3
44229,0,0
45542,0,0
45910,0,0
45935,21,21
45936,2,2
46544,58,58
46911,82,82
216080,0,0
217580,0,0
219066,1,0
219922,4,0
220563,0,0
222304,2,2
223930,6,6
225354,5,5
225976,79,79
227495,0,0
228317,2,2
228925,0,0
49048,0,0
51438,0,0
52689,42,30
230877,44,14
231154,0,0
232612,38,38
232775,0,0
233638,0,0
235552,31,31
235651,1,1
235951,6,6
235960,44,44
53469,0,0
53470,0,0
53477,0,0
54466,0,0
54508,50,50
54544,1,0
54694,0,0
236788,0,0
239733,21,21
245544,0,0
245574,20,20
246351,0,0
248865,0,0
248966,3,3
249618,0,0
249704,90,90
249867,0,0
250323,0,0
54860,19,19
55959,59,0
55982,0,0
250536,21,21
250537,0,0
251277,7,7
252865,0,0
253332,22,22
253466,0,0
253471,0,0
253475,0,0
253800,0,0
253803,0,0
253806,0,0
56859,7,0
57166,23,23
57297,0,0
57618,0,0
57874,62,62
58059,59,59
59014,61,0
59121,0,0
60181,1,0
60457,0,0
344092,0,0
253811,0,0
253828,0,0
253839,0,0
253842,0,0
253846,0,0
254168,0,0
255476,32,32
255601,65,65
255957,8,8
257097,0,0
258688,0,0
346579,0,0
350168,9,9
351859,1,1
352651,0,0
353317,5,5
355563,11,11
258690,0,0
258740,0,0
258930,0,0
260755,0,0
261674,0,0
262405,0,0
262478,0,0
263005,0,0
263232,21,0
263888,46,46
265145,0,0
265506,0,0
363016,0,0
367810,0,0
373618,4,0
380730,0,0
385824,0,0
386744,40,39
266449,30,30
266753,0,0
267435,0,0
267652,10,10
268335,0,0
268481,0,0
269283,3,3
269404,0,0
270139,0,0
270231,1,1
386799,0,0
387666,9,9
389482,0,0
392948,63,63
394111,0,0
396636,0,0
397034,0,0
270345,2,2
271083,57,57
271694,0,0
272026,59,59
274743,69,69
276021,0,0
276317,0,0
278876,0,0
279857,46,46
281521,0,0
400039,0,0
408491,0,0
408983,32,32
409262,60,60
411918,51,51
413504,3,3
415304,0,0
416557,2,2
281851,11,11
283550,0,0
286838,0,0
287408,0,0
287845,61,61
288726,2,0
289665,0,0
289703,0,0
289958,2,2
292637,0,0
292800,55,55
417685,58,11
423275,6,6
424767,62,62
430427,0,0
294227,0,0
294242,0,0
294259,0,0
294263,0,0
294280,0,0
295231,0,0
295998,68,68
296361,0,0
298759,0,0
299062,0,0
299531,1,1
430665,0,0
431865,20,20
432090,0,0
432823,6,6
433218,0,0
433414,17,1
433914,0,0
301372,0,0
302238,12,12
302280,16,16
302309,3,3
302705,59,59
302758,6,0
303264,18,18
305245,3,3
306799,3,0
310325,31,31
310338,16,16
437352,88,88
437906,0,0
438513,4,0
439750,29,29
439870,59,59
310524,2,2
312415,0,0
314982,0,0
318021,0,0
320877,0,0
321014,0,0
321136,76,76
322037,0,0
323706,14,14
325429,5,5
442636,59,59
442649,0,0
443646,5,5
444430,0,0
448011,9,9
449660,0,0
450577,2,2
453094,17,17
453255,0,0
454334,0,0
454763,14,14
328040,0,0
328744,0,0
332208,5,5
333323,76,76
334607,0,0
342995,6,6
343276,76,76
344082,75,75
498052,38,38
499249,0,0
499763,8,8
455734,90,90
456110,0,0
456190,25,24
456457,0,0
456578,9,0
457829,0,0
459066,0,0
503460,0,0
504322,0,0
504362,21,21
504437,0,0
505231,0,0
505315,0,0
507393,47,47
512022,0,0
513343,50,50
513688,16,16
514548,16,16
460999,0,0
463042,75,73
464231,0,0
465706,9,9
466277,30,0
466457,3,3
467569,0,0
467866,0,0
470330,0,0
470498,0,0
471758,0,0
517654,0,0
519310,1,1
521018,0,0
521522,0,0
523123,35,35
528485,3,0
528615,0,0
530576,17,17
531455,51,49
532288,81,81
536578,12,0
471845,0,0
476983,30,30
478832,0,0
479002,0,0
479285,3,3
483414,90,90
484728,0,0
540057,46,46
541725,2,2
543792,71,71
544039,0,0
545261,0,0
545586,7,0
545651,0,0
548184,0,0
549873,0,0
550653,0,0
550858,0,0
487684,20,20
491123,0,0
491529,0,0
495249,0,0
496166,6,6
627949,0,0
628078,0,0
552502,6,0
552519,24,24
552639,32,32
553872,0,0
553903,0,0
557487,0,0
560078,18,18
563442,0,0
565814,0,0
566712,0,0
568684,0,0
629855,0,0
634353,1,1
637426,0,0
638894,0,0
639199,45,45
640899,0,0
640901,0,0
640908,0,0
640990,0,0
570218,0,0
570797,9,9
571564,3,0
573671,39,39
576227,0,0
576916,0,0
577243,2,0
579251,0,0
581180,7,7
581488,6,6
582372,1,1
641012,0,0
641768,21,0
643328,63,63
643591,0,0
644575,18,18
645075,46,46
645693,24,24
645922,0,0
646458,2,0
583352,0,0
587519,0,0
587698,0,0
590903,47,47
591135,30,30
591565,0,0
593000,0,0
594036,0,0
594732,0,0
597544,23,23
597624,0,0
597668,9,9
647580,0,0
649561,0,0
649972,0,0
651375,61,61
651648,6,6
655472,0,0
657198,0,0
658366,45,0
599595,0,0
600775,47,47
600877,0,0
602070,25,0
604204,0,0
606269,14,13
607781,53,53
607891,65,65
609213,0,0
611156,59,59
613528,23,23
658932,11,11
614269,0,0
616249,0,0
618916,0,0
622410,0,0
748233,0,0
749276,0,0
752289,0,0
752366,0,0
753622,17,17
753687,48,48
753991,48,48
660036,0,0
664047,0,0
665394,0,0
666220,0,0
666613,65,65
666837,81,80
754353,7,7
755703,0,0
758919,21,21
759901,0,0
761835,3,0
762015,0,0
762145,0,0
762426,3,0
763600,0,0
765563,0,0
667375,0,0
668691,0,0
669640,21,21
675793,0,0
765569,75,0
766542,0,0
766814,0,0
766964,0,0
767286,0,0
769175,0,0
773844,0,0
773885,38,0
774791,21,21
777097,5,5
777327,0,0
680104,0,0
680225,6,6
680338,0,0
779838,0,0
781865,0,0
782063,0,0
783202,43,0
783341,90,90
784088,0,0
784122,7,7
784124,54,54
785097,0,0
785166,0,0
785978,0,0
681599,0,0
684808,88,88
786685,31,31
787060,0,0
788035,0,0
789302,39,39
789476,0,0
789686,0,0
790767,0,0
794156,59,59
794281,0,0
794425,0,0
794427,0,0
684991,15,0
689329,0,0
690603,0,0
690934,0,0
692137,31,31
695465,0,0
698094,0,0
698132,18,18
698882,0,0
699472,66,66
703745,0,0
703971,0,0
704838,59,59
794496,0,0
795641,9,9
796232,0,0
797696,0,0
798008,0,0
799924,0,0
804194,43,43
808476,0,0
810346,0,0
811238,9,9
812671,0,0
705749,9,9
705997,5,5
707396,46,45
711635,7,7
813554,0,0
814327,0,0
816888,82,82
817113,17,17
818325,17,0
818481,0,0
818518,0,0
819206,58,58
819228,3,3
819893,0,0
819956,5,5
820801,0,0
712127,21,21
712136,0,0
712260,0,0
713538,0,0
714028,75,75
714049,0,0
715070,0,0
715102,9,0
717582,0,0
820953,21,21
821135,0,0
824421,0,0
825129,69,62
825193,0,0
826685,24,24
828130,75,75
828553,46,46
828616,64,64
829935,0,0
831911,0,0
721762,0,0
727512,0,0
727547,0,0
729841,0,0
731316,0,0
734749,0,0
736187,65,65
739239,0,0
832596,0,0
836720,47,47
837503,32,32
838070,21,21
838586,0,0
840731,8,8
840794,0,0
841075,0,0
841484,0,0
842167,0,0
842494,0,0
844319,2,2
739242,0,0
740754,6,6
741154,0,0
741712,0,0
741783,0,0
747316,77,77
748118,3,2
975250,0,0
975990,5,5
978386,20,20
982038,79,79
982276,2,0
846549,0,0
846854,0,0
847648,26,26
848071,16,15
848718,32,32
849603,0,0
850148,0,0
850338,22,21
850517,0,0
850712,49,49
850943,32,0
852118,0,0
982409,0,0
983625,60,60
984721,31,31
852632,3,3
854396,62,62
855549,21,21
856440,0,0
856918,0,0
857810,31,31
862890,0,0
867020,2,2
867749,0,0
868548,0,0
869522,0,0
985338,0,0
986727,0,0
987616,0,0
990367,21,21
990529,19,0
992891,0,0
993514,0,0
993575,17,17
872210,0,0
873385,0,0
873701,89,89
874706,3,3
876355,0,0
878142,0,0
880424,0,0
880596,0,0
883480,0,0
886808,66,65
993576,0,0
995187,4,4
995469,0,0
998086,0,0
1001147,0,0
1009883,20,19
1010785,47,47
1013648,0,0
1016004,0,0
1016105,0,0
887355,0,0
890794,8,8
890839,1,1
890855,0,0
892463,0,0
893413,16,16
895368,0,0
896535,26,26
903906,0,0
904060,21,21
916105,1,1
918049,5,5
1023529,14,0
1024647,47,47
1025786,0,0
1026683,34,0
1027808,29,29
1030254,16,16
1035120,0,0
918239,0,0
919491,0,0
919830,59,59
920930,0,0
924600,40,0
925090,0,0
927408,23,23
929032,0,0
931352,0,0
932277,67,66
936218,11,10
938022,51,0
1036498,17,17
1038802,34,34
1039984,0,0
1040156,65,50
1042806,2,2
1043046,0,0
1043493,0,0
1044731,3,3
1049224,9,9
1056445,1,1
1057022,18,18
1059607,21,21
1060019,0,0
1063020,2,0
939657,85,85
940116,16,16
944049,0,0
944840,68,68
945297,2,2
949159,0,0
951365,9,9
951439,0,0
951935,0,0
953314,0,0
958444,35,0
1069287,0,0
1076324,9,9
1080543,2,2
1080839,0,0
1083888,0,0
1084328,0,0
1087215,35,34
959349,0,0
968827,0,0
973128,0,0
973535,60,60
973653,9,9
1187643,71,71
1195260,0,0
1197899,0,0
1198874,0,0
1205103,76,76
1209921,40,40
1093977,0,0
1098863,0,0
1100421,39,39
1101035,40,10
1101224,57,57
1102942,69,69
1108309,9,0
1115381,0,0
1213745,2,2
1215122,0,0
1215627,0,0
1215836,0,0
1220548,44,44
1221332,0,0
1221962,0,0
1239293,0,0
1240586,0,0
1245479,0,0
1245977,0,0
1117706,72,72
1118031,13,12
1121815,0,0
1123737,9,9
1123960,0,0
1126492,58,58
1251681,0,0
1255828,74,74
1256670,0,0
1258651,28,28
1260727,0,0
1263964,44,44
1267186,0,0
1268154,81,81
1271103,0,0
1273533,0,0
1276760,0,0
1277955,0,0
1126944,0,0
1127770,25,25
1131804,75,75
1137093,11,11
1137270,2,2
1138727,1,0
1146653,2,2
1150382,0,0
1278784,34,0
1279234,47,47
1281023,0,0
1284776,2,2
1284789,0,0
1291020,0,0
1291245,0,0
1294973,27,0
1300216,1,0
1300950,0,0
1301321,0,0
1304459,37,37
1150514,0,0
1157522,29,28
1166947,0,0
1167658,49,49
1170887,0,0
1171581,0,0
1305346,58,58
1306966,0,0
1307228,7,7
1307723,3,3
1312228,0,0
1313711,7,7
1322432,0,0
1325432,0,0
1326566,17,17
1330056,70,70
1171716,0,0
1182186,0,0
1183005,0,0
1183236,0,0
1467106,1,1
1467618,0,0
1474752,8,8
1475427,0,0
1476238,7,0
1331960,18,18
1332473,0,0
1334633,0,0
1336223,0,0
1342443,28,28
1354250,0,0
1354973,54,53
1355654,23,22
1357021,0,0
1359130,0,0
1361017,0,0
1478946,15,15
1479283,65,65
1480002,0,0
1491991,7,7
1499635,0,0
1506985,9,9
1511303,1,1
1370405,13,13
1380326,37,37
1382607,0,0
1392079,0,0
1392144,0,0
1398234,90,90
1398326,0,0
1403635,0,0
1404828,0,0
1407633,3,3
1513777,0,0
1521335,0,0
1524017,42,42
1530386,1,1
1533652,43,43
1534212,83,83
1408406,0,0
1411811,60,0
1421933,0,0
1437044,0,0
1438870,32,0
1440363,47,47
1442450,0,0
1444400,16,16
1449263,0,0
1457505,0,0
1458987,3,0
1549413,37,37
1551044,0,0
1555491,0,0
1559912,0,0
1566326,0,0
1578103,0,0
1581579,33,33
1584619,0,0
1589248,0,0
1591811,34,34
1596314,0,0
1604488,16,0
1604489,0,0
1617443,0,0
1617488,76,75
1621235,20,0
1623431,20,0
1461965,2,2
1466552,2,2
1762852,0,0
1763209,0,0
1766846,29,0
1776732,8,8
1778810,0,0
1780748,9,9
1781052,0,0
1782667,0,0
1788989,0,0
1628156,20,20
1635088,0,0
1640995,48,47
1645181,19,19
1645667,35,35
1646910,0,0
1649957,20,20
1654551,0,0
1654929,3,3
1655550,74,74
1656585,37,37
1656621,55,0
1793091,31,31
1793104,20,20
1793411,0,0
1797025,16,15
1798500,21,21
1801130,0,0
1810640,0,0
1813681,0,0
1817510,0,0
1820858,0,0
1825949,0,0
1668328,12,12
1669149,2,2
1670517,19,19
1672977,32,32
1673040,46,46
1682258,0,0
1688914,85,85
1693028,0,0
1696381,27,25
1702032,0,0
1702533,0,0
1702781,3,3
1704560,0,0
1707850,9,9
1716640,0,0
1717058,5,5
1717215,0,0
1717226,21,21
1722101,6,6
1826701,30,30
1831227,6,0
1832120,0,0
1835367,0,0
1839231,0,0
1846580,3,3
1853765,0,0
1855846,3,3
1856027,0,0
1856803,0,0
1864061,0,0
1724731,2,2
1725295,0,0
1727923,0,0
1865336,0,0
1865884,0,0
1870228,0,0
1876511,14,14
1876811,18,18
1876969,0,0
1885714,23,22
1886240,0,0
1886294,0,0
1886820,21,21
1891118,0,0
1891274,0,0
1728625,0,0
1729286,0,0
1731245,6,6
1731365,0,0
1734724,0,0
1739847,0,0
1741745,0,0
1893225,6,6
1897447,0,0
1898110,0,0
1901154,1,1
1901357,0,0
1903198,0,0
1906604,0,0
1914185,0,0
1914231,6,6
1918693,56,56
1921859,24,24
1742654,52,52
1744709,0,0
1745358,1,1
1753671,28,28
1754876,0,0
1924645,0,0
1925224,0,0
1929321,0,0
1929540,0,0
1932110,20,20
1932491,0,0
1934444,0,0
1934765,0,0
1934804,34,34
1935175,0,0
1935302,31,31
1936633,27,11
1755844,3,3
1758391,0,0
1759154,76,74
1759526,0,0
1971540,0,0
1974700,47,47
1975069,0,0
1975999,0,0
1976123,0,0
1979127,34,33
1979506,0,0
1979579,0,0
1979848,0,0
1981590,3,3
1939106,0,0
1941435,47,0
1941439,21,20
1943394,20,0
1944155,2,2
1944891,0,0
1945115,0,0
1948494,25,25
1950603,0,0
1952271,39,37
1953928,1,1
1984378,0,0
1984390,0,0
1984486,0,0
1985022,0,0
1987627,0,0
1988823,16,0
1954653,0,0
1956467,0,0
1956677,21,0
1958765,19,19
1959024,0,0
1960045,0,0
1961361,0,0
1965766,0,0
1970697,0,0
2106706,0,0
2108237,0,0
2111336,0,0
1989731,0,0
1989838,0,0
2000576,74,74
2003807,0,0
2008122,0,0
2111422,0,0
2112142,35,35
2115773,38,0
2115784,0,0
2116940,0,0
2118102,0,0
2119582,6,6
2122613,0,0
2124536,0,0
2127382,0,0
2127713,0,0
2015168,76,76
2017397,0,0
2022126,0,0
2022920,0,0
2022938,53,53
2022958,0,0
2023357,0,0
2026869,0,0
2028291,3,3
2028432,6,6
2028677,9,9
2031495,0,0
2033224,0,0
2041041,81,81
2042764,0,0
2043060,0,0
2128464,0,0
2132248,0,0
2134052,0,0
2134697,62,62
2135754,0,0
2135766,0,0
2137111,0,0
2141635,0,0
2142092,0,0
2145599,74,74
2149184,0,0
2150727,0,0
2151259,0,0
2043329,0,0
2044873,0,0
2044889,28,28
2046225,0,0
2048796,0,0
2049322,0,0
2050406,0,0
2050993,0,0
2051013,0,0
2051352,16,16
2053940,21,0
2151479,26,26
2151558,51,51
2153153,25,12
2154075,85,85
2158171,0,0
2165107,0,0
2165933,76,76
2171821,2,2
2178294,0,0
2182899,0,0
2183423,0,0
2183430,0,0
2055467,0,0
2055559,0,0
2057295,0,0
2057403,0,0
2057480,0,0
2060275,0,0
2060768,0,0
2061811,0,0
2062630,0,0
2065538,6,0
2069359,40,40
2070290,0,0
2075526,0,0
2079686,0,0
2081177,0,0
2082670,0,0
2185842,0,0
2186138,0,0
2186452,0,0
2187682,46,46
2194038,0,0
2194382,0,0
2201581,0,0
2202858,0,0
2203154,0,0
2204672,0,0
2208545,0,0
2209835,17,16
2083547,0,0
2083749,90,90
2084817,0,0
2087663,0,0
2088389,0,0
2089273,0,0
2089492,0,0
2089712,0,0
2092827,83,83
2093064,46,46
2093304,45,45
2094213,0,0
2095959,0,0
2096581,0,0
2210663,0,0
2211028,0,0
2214689,0,0
2216470,0,0
2219294,0,0
2220959,0,0
2222886,9,0
2227377,0,0
2228296,0,0
2228840,0,0
2231814,0,0
2238300,0,0
2238435,0,0
2240661,0,0
2098030,2,0
2100887,0,0
2101710,0,0
2102542,0,0
2103480,0,0
2104588,0,0
2106662,0,0
2261367,3,3
2262868,0,0
2243266,0,0
2243321,0,0
2243548,0,0
2243699,0,0
2243769,0,0
2246112,0,0
2248580,0,0
2249464,0,0
2249928,0,0
2250790,21,21
2251009,0,0
2254388,0,0
2254817,23,23
2255549,61,61
2267177,26,26
2271504,0,0
2257064,0,0
2257080,0,0
2259719,0,0
2260029,0,0
2261018,0,0
2519770,0,0
2521670,0,0
2529085,0,0
2529842,0,0
2530057,0,0
2531865,0,0
2532068,0,0
2538248,0,0
2551299,0,0
2271792,0,0
2272739,0,0
2273733,0,0
2274084,0,0
2281142,0,0
2281147,50,50
2282085,0,0
2283143,0,0
2284454,0,0
2284484,0,0
2284670,4,4
2291507,0,0
2292366,0,0
2294594,0,0
2294663,0,0
2296024,6,6
2297029,0,0
2552606,0,0
2554110,0,0
2563764,0,0
2569466,0,0
2569808,48,39
2570561,0,0
2571224,0,0
2571283,0,0
2574386,0,0
2578731,0,0
2582812,0,0
2584131,0,0
2584498,0,0
2298731,30,30
2298759,0,0
2299633,0,0
2301258,0,0
2303583,0,0
2309363,0,0
2310008,0,0
2310594,61,60
2314392,0,0
2329047,0,0
2333141,0,0
2586556,27,0
2586923,33,0
2592533,0,0
2592640,0,0
2593478,47,47
2598087,0,0
2599591,0,0
2599963,0,0
2607583,46,46
2612035,0,0
2619549,0,0
2619802,0,0
2334411,0,0
2339096,0,0
2346106,0,0
2349737,6,6
2350883,0,0
2356082,0,0
2362306,0,0
2620068,58,58
2620837,0,0
2620856,0,0
2627940,0,0
2629613,1,1
2636396,0,0
2636532,0,0
2637533,75,75
2641540,0,0
2645558,1,1
2365792,0,0
2367089,0,0
2373238,59,59
2385779,13,13
2392814,0,0
2400614,38,9
2404708,74,74
2405505,0,0
2649068,0,0
2653186,0,0
2658349,0,0
2659448,76,76
2659477,0,0
2659732,90,90
2663296,0,0
2669352,21,21
2670522,0,0
2677779,3,3
2683387,4,4
2684223,0,0
2410819,0,0
2425222,0,0
2425871,0,0
2432545,0,0
2432622,1,1
2435198,58,58
2440173,0,0
2440357,60,60
2446430,50,0
2685701,0,0
2686412,55,55
2687083,0,0
2687375,0,0
2690370,0,0
2695372,0,0
2698984,9,9
2700296,31,31
2700596,16,16
2702351,0,0
2716009,47,0
2722693,0,0
2447868,0,0
2451647,47,47
2454507,0,0
2459587,0,0
2459916,0,0
2461439,75,75
2465259,0,0
2465699,0,0
2723019,0,0
2723338,0,0
2723554,0,0
2728293,0,0
2735650,0,0
2738377,0,0
2739577,0,0
2739707,0,0
2739978,0,0
2743624,0,0
2748094,20,0
2752977,0,0
2754179,44,44
2467377,0,0
2467879,0,0
2468186,0,0
2473861,48,48
2477138,0,0
2482036,90,90
2484057,0,0
2485774,54,54
2489615,0,0
2769718,0,0
2771877,0,0
2773754,0,0
2776119,0,0
2781747,18,17
2782449,0,0
2783468,0,0
2786015,1,1
2788298,0,0
2793355,0,0
2793740,0,0
2794584,46,46
2489920,0,0
2493039,0,0
2493176,0,0
2495596,0,0
2501809,0,0
2508374,3,3
2510394,13,13
2513351,0,0
2516430,0,0
2794725,0,0
2794734,0,0
2794762,0,0
2799360,0,0
2803013,0,0
2804557,0,0
2806791,16,0
2814359,0,0
2817967,24,24
2821079,0,0
2830518,0,0
2831424,0,0
2517989,0,0
2518907,0,0
3081771,46,46
3083197,28,28
3083899,0,0
3084473,0,0
3089577,0,0
3090922,0,0
3091425,4,4
2838331,0,0
2847633,0,0
2847652,27,27
2847932,62,61
2851945,0,0
2854050,0,0
2863408,46,46
2864637,0,0
2865117,36,36
2870840,6,6
2872353,0,0
3091872,0,0
3103596,3,3
3105531,0,0
3105986,0,0
3111416,32,32
3112284,6,6
2880336,0,0
2888088,55,55
2889377,3,0
2897714,0,0
2904571,0,0
2904661,0,0
2908211,0,0
2908417,0,0
2909006,0,0
2909461,0,0
2918764,0,0
2919062,0,0
3112872,0,0
3114929,0,0
3120723,0,0
3120957,0,0
3121176,0,0
3122230,0,0
3123479,30,30
3137906,2,0
2922197,0,0
2923381,62,0
2926030,0,0
2936054,0,0
2939670,9,9
2940007,66,66
2940163,0,0
2941297,0,0
2942129,9,9
2942732,0,0
2949128,6,0
3143649,0,0
3145484,2,2
3147439,0,0
3153464,0,0
3156969,0,0
3157330,0,0
3161739,31,0
2958912,0,0
2968070,64,64
2974433,0,0
2974877,0,0
2974957,0,0
2976105,6,6
2979097,5,5
2979714,16,16
2984662,0,0
2987465,19,19
3167768,0,0
3168120,0,0
3171234,0,0
3171480,0,0
3181376,0,0
3187925,21,21
3191450,0,0
3191678,21,21
3198365,0,0
3200522,16,16
3200728,0,0
3202590,2,2
3206379,0,0
2995000,52,52
2995209,9,9
2999527,0,0
3010664,0,0
3012871,53,53
3018031,0,0
3018285,0,0
3040654,0,0
3041280,0,0
3052426,47,47
3056451,0,0
3059273,0,0
3207986,10,9
3208609,0,0
3213712,0,0
3215486,0,0
3215722,0,0
3060297,0,0
3067062,0,0
3067093,0,0
3068145,49,49
3068852,0,0
3072242,0,0
3073195,0,0
3339273,15,15
3339399,72,72
3344237,2,2
3219654,0,0
3219835,0,0
3220725,0,0
3225975,0,0
3227002,0,0
3236977,20,20
3237160,0,0
3237602,0,0
3344509,0,0
3350417,0,0
3352030,0,0
3352608,6,6
3354458,0,0
3354459,0,0
3354484,0,0
3358937,0,0
3360707,49,49
3362302,0,0
3363364,0,0
3238517,79,79
3241287,0,0
3247291,46,46
3248526,0,0
3249078,0,0
3250685,0,0
3251014,0,0
3258196,0,0
3262855,0,0
3265275,0,0
3265407,0,0
3265982,80,80
3364802,6,0
3368427,0,0
3368441,0,0
3369100,32,32
3369623,0,0
3372925,0,0
3378576,0,0
3378585,0,0
3379914,20,20
3383662,0,0
3386746,0,0
3386829,0,0
3393999,0,0
3394517,0,0
3271893,0,0
3272201,17,17
3272743,0,0
3278530,0,0
3278631,0,0
3279671,60,59
3282550,0,0
3283409,3,3
3395697,0,0
3400739,0,0
3400837,0,0
3401271,59,58
3411912,0,0
3415102,0,0
3420223,0,0
3421020,0,0
3423516,0,0
3425054,0,0
3430612,0,0
3283729,0,0
3293842,0,0
3297016,6,6
3301484,9,9
3304307,0,0
3311834,76,76
3315933,0,0
3317978,0,0
3322922,0,0
3332881,0,0
3337808,0,0
3540370,0,0
3543839,0,0
3431922,47,47
3440741,0,0
3445138,0,0
3448037,0,0
3450210,47,47
3452835,0,0
3453488,0,0
3455983,0,0
3457770,0,0
3461872,0,0
3464727,0,0
3465651,46,46
3544273,0,0
3549074,0,0
3553768,38,38
3554230,40,40
3468486,0,0
3476431,0,0
3482919,0,0
3485146,0,0
3485449,10,0
3487445,0,0
3488989,0,0
3489095,4,4
3489242,3,3
3490317,18,18
3499016,0,0
3554287,0,0
3556241,0,0
3561828,0,0
3563271,60,60
3569374,0,0
3575859,0,0
3576160,0,0
3581153,0,0
3581652,0,0
3583605,0,0
3585309,0,0
3585452,51,23
3585974,0,0
3591107,0,0
3593821,0,0
3503627,46,46
3504289,0,0
3507112,3,3
3511778,18,18
3511883,0,0
3511898,0,0
3511934,0,0
3512428,18,0
3512620,0,0
3513052,37,37
3513662,0,0
3594408,0,0
3600961,0,0
3603134,0,0
3605524,0,0
3611620,0,0
3616001,0,0
3616173,13,13
3619399,0,0
3624387,0,0
3624653,0,0
3624952,0,0
3625870,50,50
3626426,0,0
3627326,33,33
3628190,0,0
3629580,0,0
3637029,0,0
3641819,0,0
3642278,0,0
3642801,0,0
3644017,14,0
3645284,46,46
3646059,0,0
3652230,0,0
3518682,6,6
3519172,76,76
3522244,76,76
3522329,0,0
3527764,25,0
3529500,3,3
3529888,0,0
3530517,13,13
3531681,0,0
3533741,0,0
3534443,0,0
3539618,0,0
3539882,0,0
3654510,0,0
3655007,0,0
3659544,9,0
3662795,76,74
3663423,0,0
3663984,15,15
3666709,0,0
3670659,32,32
3677436,0,0
3677769,0,0
3678796,0,0
3678829,0,0
3683241,0,0
3739864,0,0
3741728,31,30
3743048,27,27
3747107,0,0
3747392,0,0
3749140,45,45
3749971,0,0
3755474,0,0
3757178,0,0
3758296,3,0
3684144,0,0
3685433,0,0
3685704,16,16
3686972,0,0
3687172,0,0
3687227,0,0
3688197,0,0
3689140,17,16
3692566,0,0
3694441,0,0
3696746,0,0
3700364,0,0
3701708,0,0
3703037,0,0
3760029,0,0
3760824,44,44
3765095,26,0
3767156,85,85
3767801,0,0
3769052,21,21
3775978,0,0
3780746,0,0
3785438,76,76
3789758,0,0
3791244,75,75
3706213,0,0
3710162,0,0
3710230,0,0
3710685,5,5
3715638,76,76
3718539,0,0
3725902,0,0
3727816,0,0
3727861,0,0
3791325,59,59
3793161,4,4
3797183,0,0
3798874,0,0
3803622,21,21
3808358,0,0
3818298,0,0
3819656,0,0
3825437,0,0
3827442,0,0
3735483,0,0
3738529,0,0
3738815,73,73
3739126,0,0
3963635,0,0
3968434,0,0
3968610,0,0
3970755,0,0
3971526,0,0
3971948,0,0
3974464,0,0
3833538,0,0
3835681,49,49
3836180,0,0
3838375,0,0
3839717,4,4
3840324,0,0
3841033,0,0
3841048,0,0
3848105,16,16
3850493,12,12
3851911,51,51
3979360,0,0
3979611,0,0
3985673,4,4
3987571,14,14
3987599,0,0
3989564,43,43
3993388,0,0
3993553,0,0
3998977,0,0
3999228,0,0
4000579,0,0
4003515,0,0
4006264,0,0
3852261,58,58
3852988,0,0
3857180,0,0
3857863,9,9
3860899,0,0
3861713,0,0
3864528,0,0
3866888,87,87
3868100,0,0
3869762,0,0
3873451,0,0
3874870,0,0
3876850,0,0
4007277,0,0
4007770,0,0
4010865,5,5
4013668,0,0
4016121,0,0
4016142,0,0
4016173,23,23
4017226,0,0
4020425,6,6
4025329,7,7
4026150,17,14
3880588,0,0
3882682,0,0
3883020,0,0
3884105,0,0
3889997,45,0
3891031,0,0
3891370,0,0
3898329,0,0
3902156,49,49
3902791,0,0
3908094,0,0
4028670,0,0
4031463,0,0
4033422,90,90
4033444,6,6
4033521,59,59
4037379,0,0
4037522,3,3
3913635,0,0
3915042,0,0
3923128,16,16
3928241,0,0
3929669,0,0
3930149,0,0
3933059,0,0
3933382,0,0
3939086,0,0
3939535,21,21
3942731,0,0
3945636,15,0
4038794,44,44
4041189,0,0
4041351,0,0
4041383,0,0
4044625,0,0
4044906,0,0
4047638,0,0
4047751,0,0
4047815,0,0
4051643,0,0
4053249,0,0
4054332,0,0
4055732,0,0
3945796,0,0
3946018,0,0
3951363,0,0
3952093,0,0
3962389,0,0
3962586,0,0
3963137,0,0
4155012,0,0
4162119,2,0
4162519,77,77
4162667,81,80
4163804,0,0
4058515,6,6
4058701,0,0
4059620,39,39
4059794,0,0
4060446,40,40
4060993,0,0
4067820,0,0
4069228,0,0
4069341,0,0
4070025,6,6
4074248,0,0
4169094,0,0
4172633,0,0
4173751,0,0
4174847,89,89
4180643,34,34
4181102,0,0
4183424,30,30
4183801,74,74
4183989,2,2
4189428,0,0
4190301,0,0
4076084,0,0
4077427,0,0
4081707,0,0
4084603,0,0
4110645,0,0
4116403,0,0
4117817,0,0
4121173,0,0
4121363,23,23
4125398,0,0
4126676,90,90
4127402,0,0
4128337,76,76
4128428,2,2
4191257,0,0
4196039,0,0
4198391,0,0
4198695,3,3
4199411,0,0
4203119,0,0
4203460,0,0
4204988,0,0
4206087,0,0
4211276,0,0
4211459,0,0
4216183,0,0
4216435,0,0
4216813,76,76
4128450,0,0
4129909,0,0
4132116,21,21
4134035,29,28
4135674,0,0
4225745,0,0
4227018,0,0
4227554,0,0
4232356,0,0
4235620,0,0
4241028,6,6
4243533,0,0
4244476,0,0
4244576,0,0
4248788,0,0
4249342,32,32
4258867,0,0
4137414,0,0
4140776,76,76
4142125,0,0
4144630,0,0
4152752,36,0
4260964,20,20
4261951,0,0
4263488,0,0
4263802,0,0
4264049,7,7
4264071,46,46
4264127,4,4
4265471,46,46
4268286,0,0
4271059,0,0
4355934,61,61
4357134,0,0
4357496,0,0
4357892,0,0
4359718,4,4
4364924,0,0
4365242,0,0
4365276,0,0
4365833,0,0
4377929,81,81
4271877,0,0
4273931,0,0
4274589,0,0
4275729,0,0
4279260,0,0
4279323,0,0
4281241,0,0
4285522,13,0
4291654,0,0
4293040,6,0
4293935,3,3
4294969,0,0
4378951,6,6
4383734,0,0
4384442,0,0
4384820,0,0
4385360,0,0
4386718,0,0
4387152,23,0
4387491,0,0
4392066,0,0
4296710,0,0
4297952,0,0
4299536,10,0
4303600,13,13
4305170,8,0
4308991,0,0
4310501,0,0
4329728,0,0
4331684,0,0
4338541,0,0
4338548,0,0
4339202,0,0
4392596,0,0
4392996,0,0
4394687,0,0
4397455,57,57
4401193,0,0
4405156,77,67
4407557,0,0
4410643,0,0
4412533,0,0
4421826,0,0
4422017,0,0
4426780,2,2
4426877,0,0
4339924,0,0
4343860,0,0
4349358,19,19
4349695,0,0
4350406,0,0
4351563,0,0
4352537,0,0
4354764,3,3
4354901,0,0
4513084,0,0
4514042,3,3
4518242,0,0
4428027,0,0
4428854,78,78
4428906,0,0
4430645,0,0
4431674,0,0
4435766,0,0
4436185,0,0
4436944,0,0
4438459,0,0
4439664,0,0
4520449,0,0
4524289,0,0
4525334,0,0
4525475,0,0
4525589,0,0
4530085,0,0
4530160,0,0
4530432,9,9
4532913,0,0
4537198,0,0
4537389,0,0
4537500,5,5
4440181,0,0
4440538,0,0
4440611,0,0
4446178,0,0
4446862,0,0
4447611,0,0
4447904,0,0
4449058,0,0
4449611,0,0
4452723,90,90
4453233,0,0
4453484,58,58
4455301,82,82
4456004,0,0
4456312,9,9
4456555,0,0
4457556,0,0
4538012,0,0
4538274,21,0
4538901,0,0
4539480,2,2
4539483,0,0
4539520,0,0
4539906,0,0
4539943,19,19
4540852,0,0
4541102,27,21
4545999,49,49
4462553,0,0
4464508,0,0
4465274,1,1
4469650,37,37
4472978,0,0
4479556,0,0
4480308,0,0
4546721,0,0
4547143,0,0
4549248,0,0
4549557,9,9
4549627,0,0
4550015,0,0
4550602,19,19
4550747,0,0
4554577,0,0
4555241,0,0
4556564,3,3
4557370,70,69
4482158,0,0
4485286,0,0
4492303,36,35
4492821,0,0
4493526,0,0
4494705,0,0
4497294,0,0
4498688,0,0
4498798,0,0
4498927,0,0
4558499,46,46
4559096,45,45
4564292,0,0
4567518,0,0
4571518,0,0
4572225,0,0
4573728,76,76
4574224,0,0
4576206,50,50
4576821,0,0
4581479,0,0
4581942,0,0
4499097,0,0
4500272,0,0
4500794,0,0
4501164,0,0
4504115,19,19
4504353,0,0
4508885,0,0
4509560,42,42
4509664,0,0
4639179,0,0
4639451,0,0
4639746,0,0
4641291,0,0
4643192,0,0
4643199,0,0
4644669,8,8
4644828,0,0
4645319,90,38
4582087,0,0
4582785,0,0
4585748,0,0
4586330,0,0
4587905,0,0
4588689,0,0
4592475,0,0
4593939,0,0
4594389,20,20
4601325,0,0
4603012,0,0
4606385,0,0
4654374,47,0
4659046,0,0
4660022,38,38
4660964,0,0
4661135,0,0
4666794,0,0
4668244,0,0
4668252,60,60
4671712,0,0
4677654,31,31
4678514,0,0
4678742,0,0
4678795,0,0
4679967,0,0
4685985,0,0
4686678,0,0
4687730,0,0
4688209,17,1
4606473,0,0
4611203,0,0
4611256,0,0
4611295,0,0
4612401,0,0
4613154,0,0
4614091,32,32
4614838,76,76
4619579,0,0
4620505,0,0
4620962,0,0
4621213,59,58
4621217,0,0
4621713,65,65
4691649,0,0
4693338,0,0
4695408,0,0
4699061,0,0
4700082,0,0
4700565,0,0
4700809,0,0
4704813,0,0
4705670,3,3
4706957,0,0
4707057,0,0
4707159,0,0
4707959,17,17
4708314,0,0
4623217,0,0
4628804,0,0
4629599,0,0
4629726,0,0
4629870,54,54
4632795,2,2
4636643,0,0
4637053,0,0
4638668,0,0
4758924,0,0
4759680,30,30
4760085,52,50
4709252,0,0
4710310,0,0
4710488,0,0
4711396,21,20
4714854,90,90
4716349,0,0
4717296,0,0
4719825,0,0
4720142,0,0
4720558,0,0
4720752,0,0
4721007,0,0
4724857,0,0
4724943,0,0
4760107,75,75
4762718,0,0
4763327,0,0
4766198,0,0
4766468,0,0
4766582,0,0
4766819,0,0
4768030,0,0
4773286,0,0
4773463,0,0
4774041,2,2
4774629,0,0
4774763,0,0
4775737,0,0
4777597,0,0
4725852,0,0
4726749,0,0
4726893,0,0
4726941,0,0
4727731,0,0
4727912,0,0
4730379,0,0
4778638,0,0
4781069,0,0
4782243,0,0
4782252,0,0
4782569,23,23
4782799,0,0
4783614,0,0
4783738,0,0
4783902,0,0
4784570,0,0
4784846,0,0
4785563,0,0
4785941,0,0
4786030,0,0
4734170,0,0
4737830,0,0
4738250,0,0
4738946,0,0
4739407,0,0
4742068,89,89
4744276,0,0
4745012,0,0
4786675,90,90
4787201,0,0
4790969,0,0
4792192,0,0
4792533,0,0
4794322,0,0
4795029,0,0
4795857,0,0
4798723,0,0
4798794,0,0
4802648,0,0
4803244,0,0
4745212,0,0
4746171,0,0
4747068,0,0
4747624,60,60
4748873,0,0
4751686,0,0
4752020,0,0
4753571,0,0
4753639,90,90
4753866,0,0
4753918,3,3
4756125,0,0
4803623,0,0
4807244,3,3
4807899,0,0
4808239,0,0
4813342,0,0
4814075,0,0
4815028,0,0
4817208,0,0
4820897,68,37
4822324,0,0
4822557,0,0
4823386,64,64
4756551,9,0
4757212,0,0
4757941,0,0
4860430,31,0
4860650,90,90
4861046,0,0
4862917,90,90
4863176,0,0
4865377,0,0
4868048,0,0
4868571,0,0
4823529,4,0
4824052,0,0
4824146,0,0
4824310,90,90
4824361,44,44
4824849,0,0
4825359,0,0
4830154,0,0
4830799,21,0
4831795,3,3
4839323,0,0
4839805,0,0
4840211,0,0
4873699,0,0
4879530,0,0
4879911,0,0
4880277,0,0
4880542,2,2
4881420,0,0
4884601,0,0
4885240,0,0
4885569,49,7
4885673,47,0
4840381,0,0
4840841,0,0
4840977,0,0
4841187,0,0
4841431,0,0
4842054,0,0
4842507,0,0
4845290,0,0
4846877,0,0
4848500,0,0
4849266,0,0
4853287,0,0
4853365,0,0
4854417,0,0
4886168,3,0
4887727,0,0
4890335,0,0
4890726,0,0
4891172,0,0
4891441,0,0
4891616,0,0
4892079,0,0
4897673,0,0
4901269,0,0
4901617,0,0
4902025,0,0
4904582,3,3
4906961,0,0
4907206,0,0
4907561,0,0
4854552,0,0
4857075,0,0
5040919,0,0
5040951,0,0
5049823,0,0
5050156,2,2
5050369,0,0
5050799,0,0
5052495,0,0
5055033,0,0
5059402,0,0
5065630,0,0
5066526,0,0
4907749,0,0
4908331,0,0
4909438,0,0
4916340,0,0
4917122,0,0
4917217,0,0
4920338,0,0
5066963,0,0
5068972,0,0
5077231,0,0
5078828,0,0
5084095,0,0
5085803,24,24
5093352,0,0
5094593,35,31
5095468,17,17
5102132,0,0
5105514,0,0
4920448,0,0
4920489,0,0
4920912,0,0
4928303,28,28
4930306,0,0
4931807,0,0
4932139,0,0
4937135,0,0
4941141,0,0
4941771,0,0
4942985,0,0
4947515,90,90
4951402,0,0
4952989,0,0
4956469,79,77
4963215,0,0
4963237,21,21
5105632,0,0
5106041,0,0
5106749,32,31
5110541,0,0
5113910,78,76
5115534,0,0
5131879,0,0
5136673,0,0
5136833,0,0
5137531,0,0
5141379,0,0
5143959,0,0
5144689,53,53
5150206,3,0
5160871,0,0
4963511,28,28
4965152,0,0
4967098,0,0
4967114,0,0
4968633,29,28
4973452,0,0
4976848,0,0
4978241,29,29
4982969,0,0
4987238,63,63
5164045,0,0
5172992,0,0
5175054,0,0
5181720,0,0
5183502,0,0
5184986,0,0
5185359,0,0
5191617,0,0
5195568,0,0
5199439,74,0
5204458,0,0
4987929,3,3
4993422,0,0
4994264,0,0
4995083,0,0
4996027,21,0
5002867,0,0
5006927,0,0
5207973,0,0
5224210,1,1
5231104,0,0
5231817,0,0
5233279,0,0
5233345,0,0
5236234,0,0
5237336,31,31
5247202,0,0
5248975,0,0
5251340,6,6
5251624,0,0
5010368,81,81
5013564,6,6
5020687,32,0
5025771,0,0
5028135,0,0
5029202,0,0
5029573,0,0
5030646,0,0
5262333,0,0
5266888,0,0
5267177,0,0
5269840,6,6
5274268,2,2
5277117,0,0
5277242,0,0
5286096,0,0
5287414,0,0
5287733,0,0
5288228,0,0
5291956,9,9
5038299,0,0
5039939,0,0
5319785,11,0
5320325,12,12
5320983,0,0
5327598,0,0
5335792,0,0
5336588,0,0
5343821,5,5
5352301,21,21
5293662,0,0
5297292,21,21
5298299,0,0
5298896,32,32
5301003,70,70
5303100,0,0
5309343,0,0
5309448,0,0
5309959,34,0
5313584,0,0
5315798,0,0
5353312,0,0
5353431,0,0
5353612,70,70
5358354,57,57
5359410,0,0
5362041,21,21
5362279,0,0
5363874,3,3
5316158,0,0
5319150,0,0
5624807,0,0
5627090,52,52
5628539,0,0
5631916,0,0
5640394,0,0
5647213,29,29
5649163,90,90
5649623,0,0
5652403,0,0
5364337,0,0
5371463,0,0
5374912,0,0
5385943,0,0
5386402,0,0
5389907,18,18
5395116,0,0
5396801,0,0
5397568,1,0
5401148,0,0
5406041,19,15
5652542,0,0
5661603,0,0
5661631,45,45
5663222,2,2
5670038,0,0
5671103,0,0
5672196,0,0
5672288,0,0
5672471,0,0
5672704,0,0
5679938,0,0
5681182,2,2
5681745,0,0
5412567,0,0
5413565,0,0
5414178,0,0
5430560,0,0
5431845,0,0
5690007,0,0
5691347,52,52
5692492,0,0
5693879,57,57
5693978,0,0
5695055,28,28
5695509,0,0
5697062,0,0
5697237,0,0
5697556,0,0
5705775,0,0
5706280,15,15
5433746,0,0
5434150,19,19
5442054,31,31
5442313,60,60
5442584,0,0
5443318,27,27
5445314,21,21
5707888,0,0
5708360,0,0
5715049,9,9
5717674,0,0
5718494,0,0
5718935,0,0
5719742,6,0
5720988,0,0
5726139,0,0
5729530,0,0
5734824,0,0
5743959,0,0
5747706,0,0
5451108,0,0
5465270,0,0
5469274,3,3
5477034,0,0
5478741,6,6
5478901,0,0
5495927,0,0
5505918,0,0
5506438,0,0
5509771,35,35
5748045,0,0
5748301,0,0
5749147,0,0
5749237,4,4
5749889,0,0
5756464,45,45
5756643,0,0
5757509,0,0
5761564,0,0
5761908,26,26
5766499,0,0
5766895,0,0
5769218,0,0
5512274,0,0
5519207,47,47
5520934,8,8
5534660,0,0
5770483,7,7
5771366,50,19
5772667,89,89
5773199,0,0
5774245,0,0
5779752,0,0
5783517,38,38
5791540,0,0
5792453,0,0
5797144,75,74
5804170,0,0
5536824,0,0
5536844,0,0
5538410,46,46
5543210,0,0
5543996,0,0
5545560,61,60
5557135,0,0
5558242,0,0
5562962,0,0
5567220,0,0
5567361,88,88
5804184,0,0
5804451,0,0
5806273,13,0
5806687,0,0
5806829,0,0
5811500,2,2
5815437,7,7
5821886,0,0
5823337,0,0
5825911,0,0
5826468,0,0
5831012,2,0
5567401,0,0
5568524,0,0
5569464,0,0
5579240,9,0
5580236,0,0
5580648,0,0
5588684,0,0
5589339,8,8
5590262,17,16
5590400,0,0
5833530,0,0
5839268,2,0
5842819,0,0
5846654,0,0
5846745,52,52
5847182,0,0
5847724,0,0
5848422,0,0
5850978,0,0
5851054,0,0
5856685,21,0
5860123,63,63
5861963,0,0
5862128,31,31
5590966,0,0
5592990,0,0
5593679,0,0
5593725,0,0
5593975,0,0
5598465,0,0
5601147,0,0
5866656,47,47
5869197,0,0
5872177,0,0
5878382,0,0
5881858,0,0
5883159,0,0
5889379,18,17
5904538,0,0
5925550,0,0
5927152,0,0
5931103,21,21
5931824,0,0
5935275,0,0
5602369,0,0
5606308,21,21
5616298,1,1
5619149,0,0
6138423,21,21
6145124,0,0
6146783,31,10
6151450,0,0
6155857,0,0
6156319,0,0
6156442,0,0
6165032,0,0
5936796,0,0
5940868,0,0
5944801,0,0
5947617,3,3
5954466,0,0
5956257,0,0
5965198,61,0
5969719,0,0
5979363,49,0
5979675,57,57
5989528,6,6
5992438,0,0
6165564,0,0
6166870,0,0
6167817,0,0
6168331,0,0
6169068,0,0
6169897,0,0
6169981,0,0
6179500,0,0
6180741,0,0
6181131,3,3
6184855,0,0
6185426,0,0
6185599,33,33
6188022,0,0
6192999,0,0
6194461,9,9
6196860,0,0
6197119,0,0
6198636,0,0
6200613,0,0
6201730,0,0
6209084,0,0
6209147,0,0
6216318,0,0
6000785,0,0
6000898,37,37
6002382,0,0
6005868,2,2
6006711,0,0
6006837,0,0
6013171,0,0
6015754,0,0
6018589,78,78
6020044,0,0
6026546,0,0
6027485,0,0
6028165,0,0
6029987,0,0
6220514,0,0
6221877,90,90
6225501,0,0
6225766,0,0
6225968,59,59
6226794,5,5
6227027,0,0
6227341,0,0
6227680,51,20
6031001,0,0
6040757,0,0
6041875,0,0
6045917,0,0
6046877,0,0
6048583,0,0
6051856,0,0
6054400,0,0
6054864,0,0
6059556,0,0
6066563,1,1
6069703,76,59
6071870,9,9
6228461,70,69
6232987,0,0
6237443,49,47
6237974,90,90
6242600,6,6
6246681,0,0
6248358,0,0
6079079,31,31
6079197,0,0
6084475,60,60
6087827,0,0
6092535,0,0
6094046,27,27
6094708,0,0
6099485,0,0
6101104,28,28
6103146,0,0
6105342,0,0
6105742,0,0
6249100,0,0
6249465,0,0
6255407,0,0
6255597,0,0
6257715,0,0
6259928,0,0
6262496,0,0
6262536,0,0
6106142,0,0
6121052,0,0
6124097,0,0
6130145,47,47
6131266,0,0
6133150,0,0
6323483,0,0
6326345,0,0
6326681,18,18
6327601,62,62
6329973,37,37
6331598,0,0
6333994,57,57
6262562,0,0
6269646,0,0
6269808,0,0
6269945,8,8
6273469,0,0
6276574,0,0
6277476,0,0
6278513,0,0
6279160,0,0
6283933,0,0
6286253,0,0
6291371,47,47
6291454,0,0
6334236,9,0
6337725,0,0
6342801,0,0
6343641,0,0
6345728,0,0
6346456,0,0
6347548,0,0
6347713,0,0
6348972,33,33
6349524,0,0
6356070,8,8
6357128,54,54
6292334,0,0
6292828,0,0
6292893,0,0
6300353,0,0
6302460,0,0
6302996,0,0
6303611,0,0
6303845,5,5
6304002,1,1
6304307,0,0
6357527,0,0
6359111,1,0
6359266,0,0
6360224,0,0
6364280,0,0
6370889,0,0
6371504,0,0
6371593,0,0
6371890,0,0
6373379,0,0
6377384,0,0
6378298,0,0
6380118,28,28
6304928,0,0
6305553,0,0
6309328,0,0
6315050,0,0
6322937,0,0
6476333,3,3
6477558,76,76
6478214,0,0
6384275,0,0
6384560,0,0
6385364,0,0
6388315,0,0
6391062,0,0
6395433,0,0
6397963,0,0
6398715,0,0
6400482,0,0
6400649,0,0
6403485,0,0
6403755,0,0
6404584,0,0
6405859,0,0
6478459,0,0
6479956,0,0
6487196,0,0
6492185,3,3
6407534,8,0
6408849,0,0
6410814,0,0
6410924,0,0
6416714,0,0
6421011,0,0
6421335,0,0
6421429,21,21
6422511,13,12
6422762,0,0
6423521,0,0
6425712,0,0
6493737,0,0
6494256,0,0
6494312,0,0
6425850,0,0
6428581,0,0
6432836,0,0
6436950,0,0
6438239,0,0
6438254,0,0
6443330,0,0
6445126,0,0
6447136,20,20
6447797,0,0
6449238,0,0
6449718,0,0
6450240,0,0
6499058,0,0
6499870,0,0
6500246,1,1
6501082,59,59
6505898,0,0
6505927,30,30
6506449,0,0
6507084,0,0
6509750,0,0
6512429,0,0
6512929,0,0
6515562,0,0
6515686,0,0
6520350,0,0
6450457,0,0
6451892,0,0
6452188,60,60
6452585,0,0
6460353,2,2
6460927,0,0
6462454,0,0
6462513,1,0
6464881,0,0
6465850,90,90
6467905,0,0
6470740,0,0
6522426,20,20
6523409,0,0
6528046,0,0
6528060,0,0
6534409,0,0
6539114,0,0
6539778,0,0
6542929,0,0
6543312,0,0
6544899,0,0
6545310,46,0
6545580,0,0
6474699,19,19
6651070,0,0
6651156,0,0
6652353,0,0
6654323,31,31
6654984,0,0
6655786,0,0
6657134,0,0
6657454,0,0
6659165,58,58
6659371,0,0
6660330,0,0
6550596,0,0
6553874,0,0
6555997,0,0
6556848,0,0
6557289,0,0
6558125,0,0
6558729,0,0
6559615,0,0
6559926,0,0
6560165,0,0
6561328,0,0
6571441,0,0
6574353,0,0
6574537,0,0
6576336,6,6
6585028,60,60
6585852,0,0
6586663,19,16
6590549,0,0
6590570,27,27
6660511,4,4
6660518,0,0
6660816,0,0
6661923,0,0
6662241,0,0
6662422,0,0
6670064,1,1
6670191,89,89
6673638,0,0
6674155,0,0
6676383,0,0
6678082,0,0
6596747,73,71
6599950,0,0
6601284,41,41
6610244,0,0
6612737,0,0
6613106,33,33
6614604,0,0
6619100,0,0
6619589,16,0
6620407,0,0
6626581,0,0
6626894,0,0
6627752,0,0
6627931,0,0
6679063,0,0
6685220,67,67
6686140,0,0
6687933,0,0
6688119,0,0
6688780,0,0
6690696,0,0
6692574,0,0
6692633,0,0
6692975,0,0
6699725,0,0
6700860,0,0
6703106,0,0
6704000,0,0
6704737,6,6
6628117,0,0
6633613,0,0
6634590,13,13
6636389,0,0
6637311,0,0
6638377,0,0
6640144,8,8
6642103,0,0
6643716,0,0
6705604,0,0
6706703,0,0
6712618,0,0
6713005,0,0
6713521,0,0
6713911,0,0
6716020,51,51
6716066,0,0
6716199,0,0
6716444,0,0
6717053,0,0
6722799,0,0
6726337,36,36
6644449,0,0
6645224,0,0
6645263,0,0
6645788,0,0
6647114,14,0
6729589,0,0
6730582,0,0
6731170,0,0
6737249,2,2
6738524,0,0
6743935,0,0
6744791,3,3
6746003,46,8
6747106,0,0
6747308,0,0
6649555,0,0
6799895,2,2
6799932,1,1
6799999,1,1
6800277,1,1
6804319,0,0
6806282,0,0
6807281,0,0
6808818,15,0
6809332,0,0
6812270,0,0
6821978,0,0
6747685,17,17
6748711,50,0
6748952,0,0
6757821,0,0
6758846,0,0
6759052,0,0
6764316,39,38
6765697,6,6
6766662,0,0
6766894,0,0
6767047,81,81
6769535,0,0
6824996,0,0
6833000,0,0
6833049,0,0
6833395,4,0
6834972,0,0
6835487,0,0
6837529,0,0
6775098,0,0
6778776,0,0
6779136,0,0
6780285,62,62
6784207,80,80
6784406,0,0
6784873,0,0
6787310,2,2
6794912,0,0
6795231,0,0
6798811,0,0
6799692,1,1
6843145,0,0
6846956,33,0
6847053,0,0
6850752,0,0
6851685,0,0
6851700,0,0
6853661,0,0
6853752,0,0
6853761,0,0
6854013,0,0
6854404,0,0
6861894,0,0
6862191,0,0
6799814,1,1
6939859,0,0
6944665,0,0
6946479,0,0
6947196,0,0
6948161,0,0
6950807,0,0
6955143,0,0
6956358,0,0
6957168,0,0
6957328,0,0
6966985,0,0
6863691,90,90
6863948,0,0
6864482,0,0
6867325,47,46
6869363,0,0
6871251,0,0
6880480,35,35
6880990,0,0
6881827,0,0
6882689,0,0
6967201,0,0
6968737,0,0
6969011,0,0
6969048,0,0
6969473,0,0
6970005,0,0
6972046,0,0
6972271,0,0
6972554,0,0
6972673,0,0
6974249,0,0
6974801,0,0
6976045,0,0
6977204,6,6
6883096,0,0
6883404,0,0
6884147,0,0
6885767,0,0
6885805,0,0
6887127,78,8
6982967,0,0
6988265,0,0
6989258,0,0
6989436,0,0
6992300,13,13
6992831,26,0
6992973,0,0
6994064,0,0
6994259,0,0
6999056,0,0
7002884,0,0
6887755,49,49
6892731,0,0
6895270,0,0
6896737,6,6
6897066,3,3
6898240,0,0
6900168,89,89
6901484,0,0
6901734,0,0
6902855,0,0
6908140,0,0
6909447,0,0
6909615,0,0
6911965,0,0
6913023,0,0
6913773,0,0
6913969,0,0
7003788,0,0
7004408,6,6
7006494,0,0
7010332,0,0
7010681,0,0
7015831,0,0
7019195,18,18
7020266,65,0
7021346,0,0
7023437,0,0
7023583,0,0
7023818,0,0
7024079,0,0
7024138,37,37
6914268,0,0
6914516,0,0
6915467,0,0
6919971,0,0
6921831,12,12
6921974,0,0
6923000,0,0
6923161,0,0
6924400,0,0
7024303,0,0
7024538,0,0
7024774,0,0
7025026,0,0
7028199,0,0
7031803,0,0
7032396,0,0
7034787,75,75
7035051,0,0
7035579,0,0
7036079,0,0
7036285,0,0
7036435,0,0
7037791,63,63
6925777,0,0
6926686,0,0
6927027,0,0
6933582,0,0
6934770,0,0
6937871,0,0
6938827,0,0
6939024,0,0
6939597,6,6
6939638,0,0
7037918,0,0
7038801,78,77
7041968,0,0
7047076,0,0
7048195,0,0
7048508,0,0
7050316,0,0
7053165,0,0
7053502,62,59
7053815,20,20
7054267,0,0
7054405,0,0
7054468,0,0
6939668,0,0
6939758,0,0
7071677,0,0
7072541,16,0
7074488,0,0
7074504,0,0
7074961,0,0
7084621,0,0
7087255,0,0
7087752,0,0
7089639,0,0
7091390,0,0
7091926,0,0
7093122,0,0
7094112,30,30
7094262,0,0
7094462,0,0
7094619,0,0
7095426,0,0
7105865,0,0
7108992,0,0
7111775,0,0
7054585,0,0
7054797,0,0
7062446,0,0
7065653,0,0
7066122,0,0
7067406,20,7
7070705,0,0
7071657,22,22
7257163,0,0
7257311,0,0
7261928,11,0
7262068,0,0
7114665,0,0
7116034,0,0
7116071,0,0
7116273,0,0
7122067,0,0
7124926,0,0
7262439,0,0
7264471,0,0
7264560,0,0
7264659,0,0
7265079,72,72
7265118,0,0
7265249,0,0
7265253,0,0
7271876,0,0
7272680,71,71
7274441,0,0
7126996,0,0
7127684,0,0
7129972,0,0
7131007,0,0
7132891,8,8
7133488,0,0
7141549,0,0
7144807,0,0
7149408,0,0
7149452,88,88
7149710,0,0
7275655,0,0
7276534,0,0
7277102,0,0
7277143,0,0
7277600,0,0
7278762,13,13
7288752,0,0
7292891,0,0
7293506,0,0
7294773,1,1
7302762,0,0
7309427,0,0
7151565,0,0
7155442,0,0
7161189,0,0
7162435,0,0
7172107,0,0
7174695,0,0
7176975,0,0
7177666,10,10
7177958,0,0
7179646,0,0
7309633,0,0
7310097,0,0
7310330,0,0
7311209,0,0
7320160,0,0
7322656,0,0
7323905,0,0
7327782,0,0
7328712,0,0
7328775,0,0
7330488,0,0
7331070,37,37
7180015,0,0
7181422,0,0
7193201,0,0
7194538,0,0
7194972,0,0
7195202,0,0
7197915,0,0
7199464,0,0
7200503,0,0
7201169,0,0
7201615,0,0
7202170,0,0
7202368,49,49
7203943,0,0
7204281,0,0
7204721,0,0
7205064,0,0
7205212,0,0
7205668,0,0
7206401,0,0
7207594,0,0
7331835,0,0
7332196,0,0
7339802,0,0
7340318,0,0
7345443,0,0
7348509,0,0
7348925,0,0
7349421,0,0
7354701,0,0
7359313,0,0
7361434,0,0
7366831,0,0
7367484,0,0
7221712,0,0
7222354,0,0
7224028,0,0
7226624,0,0
7228397,0,0
7234538,0,0
7239527,0,0
7368173,3,3
7376952,8,8
7378773,0,0
7379929,0,0
7381236,43,43
7381893,0,0
7382396,0,0
7382573,0,0
7382982,0,0
7383804,0,0
7387862,0,0
7387919,0,0
7389120,76,76
7239575,0,0
7240002,0,0
7241020,0,0
7243708,0,0
7244824,0,0
7247763,0,0
7254952,0,0
7254973,0,0
7254986,3,3
7255372,0,0
7435577,0,0
7435882,0,0
7450047,0,0
7396662,0,0
7397237,0,0
7397649,0,0
7397699,0,0
7398163,0,0
7398507,0,0
7401048,0,0
7402303,0,0
7402608,0,0
7403613,0,0
7419230,0,0
7419334,0,0
7419517,0,0
7421930,0,0
7451145,0,0
7457673,0,0
7460803,0,0
7461611,0,0
7462019,9,9
7470123,0,0
7471859,0,0
7475708,0,0
7480520,1,1
7426597,52,13
7431316,0,0
7433796,0,0
7434316,0,0
7435181,0,0
7611169,0,0
7611764,0,0
7612456,0,0
7615496,25,25
7615693,0,0
7616651,0,0
7619996,0,0
7480795,0,0
7482767,0,0
7483034,0,0
7483853,0,0
7483910,65,0
7492539,0,0
7495497,0,0
7496211,0,0
7497287,0,0
7498074,44,44
7500030,0,0
7620763,3,3
7621629,0,0
7629563,0,0
7630422,0,0
7632128,0,0
7632182,0,0
7632731,32,32
7632804,0,0
7636280,0,0
7637047,0,0
7638537,0,0
7643399,0,0
7643428,0,0
7644505,0,0
7500228,0,0
7500390,0,0
7501668,0,0
7501694,0,0
7502146,3,3
7512811,0,0
7512967,0,0
7515281,0,0
7645359,43,43
7646092,0,0
7646832,0,0
7647268,0,0
7651459,0,0
7651547,1,0
7652929,0,0
7652936,0,0
7654931,28,17
7656308,0,0
7657879,18,18
7659042,0,0
7516218,6,2
7516992,0,0
7517614,0,0
7524934,0,0
7526715,0,0
7534543,0,0
7535450,0,0
7535791,0,0
7539610,0,0
7542840,0,0
7543993,0,0
7545274,0,0
7545750,0,0
7545751,0,0
7546039,0,0
7660853,0,0
7661735,0,0
7662160,0,0
7664863,0,0
7664959,0,0
7665230,0,0
7665764,0,0
7673007,54,54
7677565,0,0
7678187,0,0
7679094,0,0
7679691,0,0
7679697,4,4
7547439,0,0
7686940,0,0
7689346,0,0
7691534,0,0
7692326,0,0
7692660,16,16
7692870,20,20
7693124,0,0
7696654,0,0
7697256,0,0
7698593,2,2
7698619,0,0
7556153,69,69
7556587,0,0
7556669,13,0
7556814,0,0
7557546,6,6
7560658,0,0
7560918,0,0
7561686,0,0
7563487,0,0
7563717,0,0
7570475,0,0
7573103,0,0
7573221,0,0
7573321,0,0
7573430,0,0
7575626,0,0
7698722,45,0
7699037,0,0
7699156,0,0
7699542,0,0
7700741,0,0
7707274,0,0
7709293,0,0
7711161,0,0
7713509,0,0
7714405,0,0
7715344,0,0
7716489,0,0
7725042,0,0
7725075,0,0
7575697,0,0
7576910,0,0
7577608,0,0
7581611,0,0
7581727,0,0
7582706,0,0
7582834,0,0
7583507,0,0
7584885,0,0
7726296,0,0
7727061,0,0
7727644,0,0
7728265,0,0
7729804,0,0
7730865,0,0
7731348,0,0
7733651,0,0
7734176,0,0
7740527,0,0
7741113,0,0
7742486,0,0
7742889,0,0
7593985,0,0
7594252,2,2
7596078,0,0
7596341,0,0
7599569,0,0
7599873,0,0
7601496,0,0
7602400,0,0
7602426,0,0
7602442,0,0
7603075,0,0
7603716,6,6
7746286,38,0
7748044,0,0
7754697,16,16
7756015,0,0
7758577,0,0
7760406,0,0
7760808,18,18
7761394,0,0
7762201,0,0
7768661,0,0
7772377,0,0
7774182,0,0
7780335,0,0
7609520,0,0
7913704,0,0
7914401,0,0
7915525,0,0
7915542,64,64
7916103,0,0
7916802,0,0
7919094,0,0
7782176,29,29
7785952,0,0
7787799,0,0
7788438,0,0
7788565,46,0
7789678,0,0
7790911,0,0
7796446,0,0
7798327,0,0
7798935,0,0
7800835,77,76
7919303,0,0
7919372,16,16
7919803,0,0
7921643,0,0
7801023,0,0
7801169,0,0
7801262,0,0
7803602,0,0
7803828,16,16
7806322,0,0
7807454,0,0
7808565,0,0
7809878,3,3
7810109,0,0
7816449,9,9
7922002,0,0
7922158,0,0
7928917,0,0
7931180,0,0
7818142,0,0
7821813,0,0
7823495,0,0
7826411,0,0
7827908,0,0
7828204,0,0
7834733,0,0
7835470,0,0
7835680,0,0
7835778,0,0
7837347,0,0
7837685,0,0
7837816,39,35
7933400,0,0
7933773,0,0
7933896,0,0
7937553,29,29
7938424,0,0
7939788,0,0
7951281,0,0
7952963,0,0
7953819,6,6
7954940,0,0
7955150,0,0
7962707,0,0
7966153,0,0
7966447,0,0
7967942,0,0
7970578,0,0
7972210,45,45
7972839,0,0
7973933,0,0
7979433,0,0
7839972,0,0
7841904,0,0
7842116,0,0
7842276,0,0
7842671,0,0
7843390,0,0
7843582,0,0
7843604,17,17
7843696,0,0
7851047,0,0
7851753,0,0
7856749,90,90
7857040,0,0
7980191,0,0
7982720,0,0
7985537,0,0
7987306,0,0
7988491,0,0
8000640,0,0
8000716,0,0
8005645,0,0
8011605,58,58
7858096,0,0
7860155,31,31
7864877,0,0
7866421,0,0
7867805,0,0
7869449,0,0
7871818,46,46
7871985,0,0
7873524,0,0
7874869,14,0
7884922,0,0
7887966,1,1
8012041,0,0
8013947,0,0
8014087,0,0
8014298,0,0
8014811,0,0
8015917,0,0
8016681,0,0
8016747,0,0
8017587,0,0
8033860,0,0
7891403,0,0
7893820,0,0
7894007,18,0
7894084,0,0
7895157,0,0
7897229,0,0
7900119,0,0
7900437,0,0
7900722,0,0
7901715,0,0
7901928,0,0
7911249,0,0
8034665,0,0
8035074,0,0
8040050,0,0
8042732,0,0
8045552,84,84
8052243,0,0
8052841,0,0
8054277,0,0
8054523,17,0
8054651,25,11
8139311,0,0
8142536,0,0
8144049,0,0
8145339,0,0
8146444,0,0
8147651,0,0
8151183,1,1
8151605,0,0
8151925,0,0
8152916,17,0
8152985,0,0
8153240,0,0
8055508,32,17
8055582,26,11
8055721,22,13
8055778,29,14
8063565,0,0
8155028,0,0
8162214,0,0
8164877,0,0
8167884,28,28
8171965,0,0
8173001,8,6
8173232,0,0
8173434,0,0
8183112,0,0
8183217,0,0
8185845,2,0
8065272,0,0
8067561,0,0
8071687,22,22
8082651,0,0
8088779,1,1
8101848,0,0
8102145,0,0
8108376,0,0
8115321,3,3
8118692,0,0
8186181,0,0
8186924,0,0
8189063,0,0
8190747,0,0
8192789,6,6
8194369,0,0
8195719,0,0
8206060,0,0
8207453,0,0
8208285,1,1
8219648,0,0
8221965,0,0
8127517,0,0
8130551,0,0
8131995,2,0
8133275,0,0
8133707,0,0
8135144,34,0
8355794,0,0
8225210,0,0
8225997,12,12
8228217,3,0
8234295,0,0
8234510,0,0
8235820,0,0
8237244,0,0
8240016,0,0
8241545,0,0
8250457,0,0
8255464,0,0
8256749,3,3
8358047,0,0
8364733,0,0
8365647,0,0
8365750,8,8
8367125,0,0
8368928,0,0
8370236,0,0
8373265,0,0
8381173,0,0
8257903,0,0
8257999,0,0
8266933,0,0
8269681,0,0
8272327,10,0
8274711,0,0
8274931,0,0
8275676,43,43
8281340,0,0
8281889,0,0
8281967,0,0
8386889,0,0
8388776,0,0
8389603,0,0
8392929,76,76
8283594,0,0
8283627,0,0
8283693,0,0
8286139,0,0
8286476,0,0
8290724,0,0
8293281,30,30
8293802,0,0
8294525,0,0
8299030,0,0
8301182,0,0
8304809,30,30
8398120,0,0
8398955,0,0
8399234,0,0
8307946,0,0
8313370,0,0
8322478,89,89
8323015,76,76
8325605,0,0
8326389,9,9
8326753,0,0
8327773,41,41
8328900,0,0
8330254,48,48
8400115,0,0
8401620,0,0
8402882,0,0
8404181,0,0
8404499,0,0
8410796,0,0
8411164,8,8
8411390,0,0
8416681,0,0
8423666,90,90
8425657,0,0
8335547,0,0
8340381,0,0
8341919,0,0
8343222,76,76
8547691,0,0
8551866,0,0
8553197,0,0
8553287,0,0
8554425,0,0
8555250,19,18
8555411,0,0
8563025,0,0
8569534,0,0
8426874,18,0
8426915,12,12
8427028,0,0
8431906,6,4
8437115,0,0
8439145,0,0
8439191,0,0
8441969,0,0
8444013,0,0
8444730,0,0
8454886,0,0
8577949,0,0
8582762,0,0
8588016,0,0
8589444,0,0
8589729,0,0
8590275,0,0
8590777,0,0
8595349,0,0
8597141,1,0
8603083,0,0
8605739,0,0
8610093,0,0
8612715,0,0
8458966,17,17
8467862,0,0
8467950,0,0
8468662,0,0
8470281,6,6
8614125,0,0
8614204,0,0
8620134,0,0
8623370,3,3
8627561,0,0
8627973,0,0
8628425,33,33
8630560,0,0
8630853,0,0
8631355,0,0
8636811,0,0
8642428,0,0
8472812,0,0
8474806,0,0
8479799,23,23
8481074,0,0
8484824,19,19
8485057,0,0
8485671,0,0
8486828,0,0
8488615,0,0
8489589,0,0
8496270,0,0
8642982,0,0
8643939,0,0
8645186,0,0
8648818,0,0
8650076,0,0
8651132,64,0
8653449,0,0
8653999,0,0
8663101,0,0
8663831,0,0
8664611,8,8
8664615,0,0
8665047,0,0
8498885,0,0
8499719,1,1
8502814,0,0
8503280,0,0
8504231,0,0
8504666,0,0
8505892,0,0
8506867,0,0
8507219,0,0
8507768,0,0
8511404,5,0
8513839,0,0
8518051,3,3
8518280,0,0
8518878,0,0
8520094,15,15
8520667,75,59
8667280,6,6
8668115,3,3
8671663,0,0
8673141,0,0
8681776,0,0
8682875,0,0
8684886,19,19
8685857,0,0
8686040,0,0
8687096,0,0
8687556,12,12
8689608,0,0
8521188,0,0
8523688,0,0
8523742,0,0
8525292,0,0
8530517,41,41
8531441,0,0
8532358,0,0
8532876,0,0
8533225,23,23
8691258,0,0
8703355,0,0
8703711,0,0
8704528,49,46
8709068,0,0
8709326,0,0
8712745,0,0
8719948,0,0
8719984,0,0
8720070,0,0
8720655,0,0
8722224,0,0
8536270,24,24
8541991,0,0
8547335,0,0
8547630,0,0
8756017,0,0
8757920,21,21
8758534,0,0
8730247,47,47
8731224,0,0
8734174,0,0
8735236,0,0
8737468,0,0
8737991,0,0
8738438,0,0
8741124,6,6
8741489,21,21
8741676,0,0
8742567,0,0
8743269,0,0
8754560,0,0
8759876,0,0
8760442,46,44
8760775,0,0
8762641,0,0
8762969,0,0
8763502,20,19
8770660,0,0
8775344,0,0
8776479,0,0
8777890,0,0
8973682,0,0
8973873,48,47
8985316,0,0
8986308,0,0
8986585,0,0
8989320,1,1
8990988,0,0
8992666,0,0
8992714,0,0
8992894,21,21
8993461,0,0
8993871,90,90
8793166,1,1
8794495,0,0
8795721,0,0
8796876,0,0
8799529,0,0
8799533,0,0
8802289,0,0
8806783,0,0
8808863,0,0
8809578,0,0
8994197,0,0
8994423,0,0
9002096,0,0
9004969,0,0
9005771,0,0
9007591,62,62
9007767,25,25
9011614,0,0
9024874,0,0
9026203,0,0
9027283,0,0
9028493,0,0
8811687,0,0
8813854,0,0
8815979,0,0
8816465,21,21
8823472,0,0
8825701,0,0
8826833,0,0
8829421,0,0
8832355,0,0
8837432,0,0
8838341,0,0
8841107,0,0
8841646,0,0
8842752,0,0
8843403,0,0
8845002,0,0
8847200,0,0
8847268,0,0
8863005,0,0
9028839,0,0
9030997,0,0
9033218,0,0
9039236,0,0
9045427,0,0
9046095,0,0
9046808,0,0
9047417,0,0
9049505,0,0
9050105,0,0
9050144,0,0
9050597,0,0
9051314,0,0
9051763,0,0
8864404,0,0
8864740,0,0
8865020,0,0
8866435,0,0
8866669,30,29
8868762,0,0
9052018,0,0
9059397,0,0
9061145,63,63
9062257,0,0
9063139,0,0
9063266,0,0
9064238,0,0
9064688,0,0
9064714,83,83
9066389,0,0
9078222,0,0
9078632,0,0
9079871,73,73
8869029,0,0
8873479,44,44
8881765,0,0
8881955,0,0
8883074,0,0
8884004,0,0
8888689,0,0
8889423,0,0
8897305,0,0
8904076,0,0
8904662,0,0
8914109,0,0
9080286,0,0
9087285,0,0
9089306,0,0
9091373,0,0
9092331,0,0
9093219,61,61
9093261,0,0
9093358,0,0
9093389,0,0
9096478,0,0
9097241,49,45
9104108,0,0
8920714,0,0
8920794,0,0
8920816,0,0
8920988,0,0
8924038,0,0
8924552,0,0
8925082,0,0
8935528,0,0
9106711,15,15
9107450,0,0
9107772,0,0
9110077,0,0
9111254,23,22
9111561,0,0
9112776,0,0
9116018,0,0
9116752,16,0
9116831,0,0
9117852,6,6
9117976,0,0
9118545,3,3
8942272,15,15
8942467,21,0
8943358,0,0
8948898,0,0
8950064,0,0
8951083,0,0
8951480,0,0
8952816,49,49
8953625,0,0
8955750,63,61
8957189,0,0
8963968,0,0
8964308,0,0
8964740,0,0
8966368,0,0
8971258,0,0
9118958,41,0
9125862,0,0
9127163,12,0
9133959,0,0
9136581,0,0
9137194,0,0
9137941,0,0
9145070,0,0
9145150,0,0
9147025,46,46
9148875,0,0
9149182,0,0
9151677,0,0
8973292,0,0
9324841,2,2
9325979,0,0
9328578,3,3
9329015,0,0
9330884,0,0
9331683,0,0
9333533,0,0
9334086,0,0
9334365,0,0
9334840,0,0
9336526,0,0
9341144,43,43
9155212,74,74
9155475,0,0
9156676,3,3
9166769,0,0
9167889,74,74
9172067,0,0
9178165,0,0
9181483,66,65
9181806,0,0
9182008,0,0
9182754,0,0
9343313,0,0
9343350,0,0
9345523,0,0
9348923,0,0
9348941,0,0
9349116,0,0
9349221,0,0
9349950,0,0
9184982,0,0
9193390,0,0
9195330,0,0
9196297,0,0
9197311,0,0
9197829,0,0
9199352,0,0
9201458,0,0
9201479,0,0
9207023,0,0
9208886,0,0
9211087,0,0
9211534,0,0
9211969,0,0
9350295,0,0
9351006,12,12
9355498,2,2
9358066,0,0
9359933,0,0
9361349,0,0
9362344,0,0
9362527,0,0
9362788,0,0
9364626,0,0
9364750,0,0
9365025,0,0
9212510,0,0
9217745,0,0
9219588,0,0
9230523,19,0
9231257,0,0
9231791,0,0
9232861,0,0
9236348,0,0
9237142,0,0
9237600,0,0
9237857,0,0
9238214,0,0
9238861,0,0
9241147,0,0
9365502,0,0
9366256,0,0
9368754,0,0
9369426,0,0
9370538,0,0
9371045,0,0
9372859,35,35
9377185,0,0
9247687,0,0
9247923,0,0
9249597,0,0
9249776,0,0
9253112,0,0
9253505,0,0
9253827,0,0
9256750,0,0
9260951,0,0
9263457,0,0
9270122,0,0
9271742,86,86
9273161,0,0
9274309,0,0
9379983,0,0
9381315,0,0
9381449,0,0
9381657,43,43
9382195,0,0
9383071,0,0
9384367,0,0
9275199,0,0
9276634,0,0
9277581,0,0
9278192,20,20
9278786,0,0
9282032,0,0
9282987,0,0
9283104,0,0
9289159,3,3
9291870,0,0
9292072,0,0
9296089,0,0
9387120,0,0
9387914,0,0
9391430,0,0
9392048,76,59
9392164,25,25
9393332,0,0
9393610,0,0
9393885,0,0
9396442,0,0
9401453,0,0
9296598,0,0
9296742,0,0
9297960,0,0
9298825,0,0
9299164,0,0
9299515,0,0
9300634,0,0
9301562,0,0
9301755,0,0
9308016,0,0
9312190,32,0
9313531,0,0
9404709,0,0
9405466,0,0
9411467,89,89
9411914,0,0
9412276,0,0
9414019,0,0
9414237,0,0
9414521,0,0
9415026,0,0
9415109,0,0
9415828,0,0
9416007,0,0
9420768,0,0
9313758,0,0
9315567,0,0
9316653,0,0
9317779,0,0
9445342,1,1
9445501,15,15
9445789,0,0
9447274,0,0
9451784,0,0
9458704,37,37
9461187,0,0
9461669,48,48
9463039,65,65
9422573,0,0
9424217,0,0
9426406,0,0
9426526,0,0
9429015,0,0
9430502,0,0
9434432,0,0
9434801,0,0
9435315,0,0
9435428,0,0
9435503,0,0
9436038,0,0
9437085,0,0
9444819,0,0
9563436,0,0
9563868,39,39
9563873,0,0
9572448,0,0
9464137,0,0
9464605,0,0
9466003,0,0
9471893,0,0
9471997,0,0
9472905,29,29
9473837,0,0
9473889,2,2
9475136,0,0
9475494,0,0
9476212,0,0
9476449,0,0
9476774,0,0
9477096,0,0
9575567,0,0
9575809,0,0
9575961,0,0
9576230,0,0
9576278,25,25
9577748,0,0
9578848,0,0
9580218,0,0
9585027,0,0
9477359,0,0
9478196,0,0
9479084,0,0
9479324,0,0
9484892,0,0
9486111,13,13
9486332,0,0
9488756,0,0
9489073,0,0
9492969,0,0
9493142,0,0
9494304,0,0
9496213,0,0
9496559,0,0
9588699,0,0
9588828,0,0
9589086,0,0
9589133,0,0
9589179,0,0
9590866,0,0
9592655,0,0
9593093,0,0
9594892,0,0
9596854,0,0
9597629,0,0
9607482,0,0
9504043,0,0
9505990,0,0
9507521,0,0
9508202,0,0
9509218,60,0
9510385,3,3
9511685,0,0
9512372,0,0
9512696,0,0
9513152,0,0
9513278,0,0
9513379,0,0
9513511,38,38
9607855,0,0
9607995,0,0
9609246,0,0
9609825,0,0
9610704,0,0
9610982,0,0
9612035,0,0
9612938,65,34
9613369,0,0
9514860,0,0
9517131,0,0
9517488,0,0
9520489,0,0
9521009,0,0
9521704,0,0
9523761,0,0
9525335,0,0
9525490,0,0
9526314,6,6
9528920,21,0
9530079,0,0
9532048,0,0
9532665,0,0
9613541,0,0
9613626,0,0
9614672,0,0
9614785,67,65
9614933,0,0
9615815,0,0
9616453,0,0
9616729,0,0
9617219,65,65
9623722,13,13
9536965,12,12
9540974,0,0
9541753,0,0
9542259,9,9
9542827,0,0
9543557,0,0
9543678,0,0
9544242,0,0
9544410,40,40
9545059,0,0
9545498,0,0
9546695,0,0
9624177,0,0
9626230,0,0
9627513,0,0
9628471,0,0
9630344,4,4
9634829,0,0
9635223,0,0
9635607,3,0
9547361,1,1
9547920,0,0
9548422,16,16
9548756,0,0
9550807,0,0
9556983,0,0
9560398,20,0
9562515,0,0
9562872,6,6
9697969,0,0
9698613,0,0
9698691,0,0
9698905,0,0
9645338,0,0
9647235,0,0
9652413,0,0
9653005,0,0
9660751,0,0
9662070,0,0
9663062,11,11
9664497,0,0
9665709,0,0
9674880,0,0
9675061,0,0
9675064,3,3
9699559,0,0
9705958,0,0
9706724,0,0
9707498,58,58
9707531,0,0
9708577,10,10
9709428,0,0
9709801,0,0
9710538,0,0
9712829,0,0
9713626,0,0
9714004,0,0
9714870,0,0
9675609,0,0
9676890,0,0
9677744,0,0
9677912,0,0
9678870,0,0
9679289,0,0
9714880,0,0
9715973,0,0
9717662,0,0
9717766,0,0
9720768,90,90
9720809,0,0
9725508,62,31
9726143,0,0
9729286,49,0
9730117,0,0
9730784,0,0
9731039,0,0
9731178,0,0
9679310,0,0
9682617,0,0
9682898,0,0
9685158,0,0
9685213,0,0
9685865,42,42
9691204,0,0
9731739,0,0
9733227,0,0
9735503,0,0
9735931,0,0
9735957,70,70
9736071,0,0
9737362,0,0
9739888,0,0
9740386,0,0
9746225,0,0
9747059,0,0
9750139,3,3
9750308,0,0
9692074,0,0
9692090,0,0
9692205,0,0
9692740,0,0
9693080,0,0
9694487,0,0
9695552,0,0
9697749,0,0
9793676,0,0
9794077,0,0
9794364,0,0
9794402,0,0
9751043,40,40
9752005,63,63
9752053,0,0
9753018,0,0
9755074,0,0
9755479,0,0
9756258,0,0
9757018,0,0
9757351,0,0
9757762,0,0
9757875,0,0
9759525,0,0
9794825,0,0
9759704,0,0
9765762,0,0
9765944,0,0
9766922,0,0
9767424,17,17
9768199,0,0
9768360,0,0
9768765,0,0
9769817,0,0
9770041,0,0
9770459,90,90
9772177,0,0
9773384,0,0
9796155,0,0
9796737,0,0
9797293,0,0
9800247,0,0
9804243,0,0
9804299,0,0
9804516,0,0
9804849,0,0
9805128,0,0
9805274,0,0
9806634,55,55
9807059,0,0
9775237,0,0
9777669,0,0
9777883,0,0
9778579,0,0
9778583,0,0
9778978,0,0
9785516,0,0
9785847,0,0
9786543,0,0
9786769,0,0
9788141,0,0
9789350,0,0
9790098,0,0
9790355,0,0
9809458,0,0
9809911,1,1
9819018,0,0
9819545,0,0
9819589,0,0
9820053,0,0
9821183,0,0
9821359,0,0
9821370,3,3
9821408,0,0
9822110,0,0
9822738,0,0
9822983,0,0
9823085,0,0
9823636,0,0
9824042,0,0
9825939,0,0
9826628,0,0
9831392,0,0
9835402,0,0
9791355,0,0
9792315,0,0
9793665,0,0
9894602,0,0
9895587,47,32
9896731,0,0
9897418,0,0
9898409,0,0
9898894,0,0
9899132,60,59
9899499,0,0
9900100,5,5
9900224,0,0
9901423,45,45
9836020,0,0
9836960,0,0
9838145,0,0
9839017,0,0
9839263,4,4
9839906,0,0
9841695,0,0
9901614,0,0
9901706,0,0
9902123,0,0
9902314,0,0
9902915,0,0
9902932,0,0
9903132,0,0
9904386,0,0
9904570,0,0
9906415,0,0
9907257,0,0
9907307,0,0
9908067,0,0
9908400,0,0
9842492,0,0
9843277,0,0
9843884,0,0
9843956,0,0
9844482,0,0
9844892,0,0
9845314,0,0
9846114,0,0
9846616,0,0
9847917,0,0
9853884,0,0
9855043,0,0
9855876,0,0
9856938,0,0
9857249,0,0
9857854,20,20
9857920,0,0
9915643,0,0
9917384,0,0
9918524,0,0
9919042,0,0
9919518,0,0
9919728,0,0
9920191,0,0
9920363,0,0
9920626,0,0
9921366,0,0
9922513,0,0
9923319,0,0
9925100,0,0
9925373,0,0
9858645,0,0
9858717,1,1
9859888,0,0
9861797,0,0
9862199,0,0
9862831,0,0
9862913,0,0
9863045,3,3
9863097,0,0
9864749,0,0
9865262,0,0
9925760,0,0
9926058,0,0
9926274,0,0
9927400,0,0
9933667,0,0
9934510,0,0
9935095,0,0
9935509,0,0
9935737,0,0
9935949,0,0
9937307,0,0
9937333,0,0
9938594,0,0
9865344,0,0
9866039,0,0
9872904,0,0
9874418,0,0
9875822,0,0
9879796,76,76
9880140,0,0
9881516,0,0
9885501,0,0
9886606,0,0
9887326,0,0
9887763,19,19
9984143,0,0
9939843,48,48
9940337,0,0
9940443,0,0
9943111,0,0
9943258,0,0
9943427,0,0
9944320,0,0
9944426,0,0
9944788,9,0
9944860,76,76
9945515,0,0
9953924,0,0
9956834,75,75
9987456,0,0
9987543,0,0
9987988,57,57
9991265,0,0
9992479,0,0
9994304,0,0
9995513,0,0
9995719,0,0
9996144,0,0
9957205,0,0
9958322,5,0
9967218,0,0
9967360,0,0
9968402,0,0
9969565,0,0
9970462,0,0
9973134,0,0
9973211,0,0
9973680,0,0
9976190,0,0
9976264,6,6
9976536,0,0
9996642,49,49
9976820,0,0
9977322,0,0
9978426,0,0
9978606,0,0
9978664,0,0
9978722,0,0
10071225,0,0
10071232,0,0
10071464,0,0
10072750,0,0
10073940,22,22
10082057,21,21
10085478,0,0
9996830,0,0
9997433,0,0
9997449,0,0
9997702,0,0
9997980,0,0
9998154,0,0
9998930,0,0
9999220,0,0
9999252,0,0
10000070,0,0
10001022,0,0
10010012,0,0
10086307,14,14
10087874,0,0
10088464,0,0
10089727,1,1
10096773,0,0
10097957,1,1
10099517,0,0
10099859,0,0
10100241,0,0
10100512,0,0
10101097,90,48
10011086,0,0
10013750,3,0
10015137,0,0
10015340,0,0
10017099,0,0
10018550,0,0
10019312,0,0
10020060,0,0
10020815,0,0
10021499,0,0
10022997,0,0
10031436,0,0
10031678,0,0
10101791,0,0
10102206,0,0
10104123,0,0
10106530,0,0
10115137,30,30
10115193,0,0
10115542,0,0
10116081,0,0
10117624,0,0
10120414,0,0
10125213,0,0
10125955,0,0
10031902,0,0
10032285,0,0
10032487,45,45
10032495,0,0
10034090,0,0
10034187,0,0
10034364,0,0
10034817,15,15
10035023,0,0
10035098,0,0
10035324,0,0
10035471,0,0
10035706,0,0
10035950,0,0
10037605,0,0
10037631,0,0
10038170,0,0
10038410,0,0
10038633,0,0
10038693,0,0
10127534,0,0
10133534,0,0
10134285,0,0
10134557,0,0
10136994,0,0
10137048,0,0
10138996,0,0
10142056,28,28
10142499,3,3
10143705,0,0
10148581,0,0
10148955,0,0
10153654,0,0
10038695,0,0
10039238,0,0
10041002,0,0
10050536,0,0
10052587,0,0
10053943,0,0
10053993,0,0
10054894,0,0
10055548,0,0
10055925,0,0
10057826,0,0
10057854,0,0
10058944,0,0
10059344,0,0
10154702,0,0
10155003,0,0
10156290,0,0
10156314,0,0
10160215,24,24
10161361,0,0
10162752,0,0
10163240,0,0
10165064,38,38
10165181,0,0
10165313,0,0
10165410,0,0
10065056,0,0
10065831,0,0
10067199,0,0
10067924,0,0
10067936,0,0
10165663,73,73
10166953,0,0
10166986,0,0
10167436,0,0
10167860,0,0
10173750,0,0
10174662,9,9
10184162,0,0
10186787,0,0
10186876,0,0
10190411,0,0
10193392,0,0
10068269,0,0
10068653,18,18
10068693,0,0
10069376,0,0
10069601,0,0
10069964,0,0
10070235,0,0
10070350,0,0
10071156,22,0
10246816,0,0
10247766,0,0
10247799,0,0
10250433,0,0
10251082,30,30
10251768,0,0
10253159,24,24
10253377,0,0
10265988,0,0
10267242,9,9
10268712,0,0
10268868,0,0
10270377,0,0
10199699,0,0
10205130,3,3
10207451,6,6
10208954,0,0
10209973,0,0
10211452,0,0
10212862,0,0
10222008,0,0
10224321,21,0
10226511,0,0
10229075,0,0
10229444,0,0
10232344,0,0
10272718,0,0
10277010,0,0
10279086,76,76
10280162,0,0
10280345,12,0
10280439,0,0
10280549,17,0
10282307,0,0
10289124,18,0
10297582,0,0
10298783,0,0
10233048,0,0
10233563,0,0
10243039,76,76
10243895,76,76
10244876,0,0
10526930,0,0
10527274,22,22
10527546,0,0
10538764,0,0
10542658,0,0
10542679,15,0
10544239,0,0
10301359,0,0
10310874,0,0
10321100,3,3
10329264,0,0
10334395,0,0
10338839,90,90
10339291,0,0
10340695,0,0
10544439,0,0
10545027,0,0
10545815,0,0
10546254,0,0
10546729,0,0
10548910,0,0
10551015,0,0
10553095,0,0
10560986,0,0
10562085,0,0
10562990,0,0
10564483,0,0
10566341,0,0
10340705,0,0
10341262,33,33
10345066,0,0
10355146,0,0
10356093,0,0
10357730,65,65
10359702,0,0
10568646,0,0
10569037,34,34
10575777,0,0
10575811,0,0
10576404,0,0
10587891,0,0
10589384,0,0
10592839,0,0
10596856,0,0
10609963,0,0
10611168,90,90
10612564,24,24
10615883,0,0
10363521,0,0
10365373,0,0
10368055,0,0
10371643,0,0
10377405,0,0
10377445,0,0
10381948,0,0
10382430,0,0
10383291,0,0
10385262,18,18
10386341,61,61
10386831,0,0
10386936,0,0
10625484,0,0
10628495,0,0
10634636,0,0
10637554,19,0
10647977,0,0
10648971,0,0
10649625,18,18
10654566,0,0
10656360,0,0
10657080,0,0
10658564,0,0
10659825,0,0
10387839,0,0
10390481,0,0
10401534,0,0
10403199,0,0
10403231,0,0
10407271,0,0
10407723,0,0
10411679,0,0
10412006,0,0
10413492,48,48
10413576,52,14
10414065,0,0
10433284,0,0
10660249,0,0
10674836,0,0
10675218,0,0
10676786,0,0
10676959,0,0
10679740,0,0
10680745,0,0
10681986,0,0
10684164,0,0
10684843,0,0
10686287,0,0
10686809,0,0
10686958,90,89
10701027,9,9
10438662,0,0
10446429,0,0
10446926,0,0
10449807,0,0
10450820,0,0
10452737,0,0
10470258,68,68
10475047,0,0
10478482,0,0
10488505,0,0
10491207,0,0
10704981,0,0
10709249,33,0
10710179,35,30
10721891,90,90
10729454,0,0
10730086,0,0
10732197,22,22
10732341,0,0
10733505,0,0
10748040,72,72
10755419,0,0
10765309,0,0
10498577,0,0
10500222,0,0
10504508,0,0
10513228,0,0
10513499,0,0
10514879,0,0
10522830,0,0
10524082,0,0
10526335,0,0
10526745,0,0
10812136,0,0
10812960,0,0
10813133,0,0
10822131,0,0
10824421,0,0
10824871,90,90
10766339,0,0
10770836,0,0
10773150,0,0
10786240,0,0
10787042,0,0
10788568,0,0
10789121,0,0
10792883,0,0
10801094,0,0
10803759,0,0
10807749,0,0
10807838,48,48
10811465,0,0
10811875,0,0
10826734,0,0
10828230,0,0
10833173,0,0
10835801,0,0
10837800,0,0
10847901,0,0
10848827,0,0
10849426,0,0
11162285,0,0
11162475,0,0
11162564,14,14
11164047,0,0
11183567,44,44
11186765,35,35
11191242,0,0
11194693,0,0
11210829,5,5
11211612,0,0
11212414,0,0
11216918,0,0
10850008,0,0
10850026,0,0
10850091,0,0
10851925,0,0
10863225,0,0
10869804,0,0
10874577,0,0
10875244,0,0
10877492,3,3
10881164,30,30
10885211,0,0
10886628,0,0
10886971,18,18
10887262,0,0
10887847,6,0
11221362,0,0
11222221,0,0
11234747,36,34
11239207,0,0
11242469,0,0
11243953,58,58
11244568,69,69
11254989,0,0
11270828,0,0
11271036,0,0
11279820,0,0
11282208,0,0
11282348,0,0
11282788,0,0
10901062,0,0
10909032,0,0
10919160,0,0
10919968,0,0
10921091,0,0
10922736,0,0
10924304,0,0
10925844,0,0
10928250,0,0
10930279,0,0
10938202,0,0
10943915,31,31
11294566,0,0
11295918,0,0
11298300,0,0
11302521,0,0
11304325,0,0
11304836,0,0
11305815,0,0
11315999,0,0
11316570,0,0
11324531,0,0
11334476,0,0
11335874,0,0
11340694,47,47
10947986,0,0
10958668,0,0
10980678,8,0
10985169,0,0
10988682,0,0
10995738,0,0
10995810,0,0
11341728,49,49
11343196,3,2
11352664,71,71
11355757,0,0
11357182,0,0
11360523,0,0
11360854,0,0
11370207,0,0
11371535,1,1
11371773,17,0
11371974,0,0
10996466,0,0
11003247,0,0
11008081,0,0
11011567,0,0
11014346,63,55
11020169,0,0
11032588,0,0
11032957,0,0
11372267,54,54
11372330,1,1
11373565,0,0
11373754,0,0
11374387,0,0
11374453,0,0
11375631,0,0
11377233,0,0
11377777,0,0
11381288,0,0
11381526,43,43
11389773,0,0
11391811,0,0
11033476,0,0
11033590,18,18
11037105,0,0
11042240,0,0
11046927,15,15
11059197,0,0
11065633,0,0
11065884,0,0
11067934,0,0
11068187,0,0
11069190,0,0
11069291,0,0
11069406,1,1
11085352,0,0
11096888,21,21
11098018,0,0
11398939,0,0
11407817,0,0
11411361,0,0
11411839,0,0
11412980,52,0
11414971,0,0
11415455,0,0
11419133,0,0
11420840,3,3
11421969,0,0
11431871,0,0
11434339,0,0
11100490,0,0
11100541,42,42
11102591,0,0
11114607,76,76
11117439,0,0
11120231,0,0
11130697,0,0
11435529,0,0
11437634,0,0
11437792,0,0
11438189,0,0
11439224,0,0
11441692,0,0
11451070,0,0
11452204,36,36
11452547,16,16
11452989,50,50
11456047,0,0
11136854,0,0
11138618,0,0
11138823,51,51
11144496,0,0
11144544,0,0
11157167,0,0
11532518,0,0
11544438,0,0
11545797,0,0
11462440,0,0
11474011,13,13
11474808,0,0
11491051,0,0
11491696,0,0
11495797,9,9
11496607,26,25
11496968,0,0
11503509,0,0
11505981,0,0
11511431,0,0
11513480,0,0
11514023,0,0
11546336,30,30
11546462,0,0
11547077,0,0
11549676,0,0
11552749,8,8
11553357,3,3
11553426,0,0
11554255,0,0
11564960,0,0
11565841,1,0
11567796,0,0
11568026,0,0
11514862,0,0
11522815,0,0
11526590,0,0
11526684,0,0
11526771,0,0
11528951,3,3
11531130,0,0
11531154,0,0
11827451,6,6
11833497,0,0
11837681,0,0
11840057,0,0
11573269,0,0
11573292,0,0
11573695,0,0
11580884,0,0
11584340,0,0
11588003,0,0
11589713,0,0
11591798,0,0
11602485,0,0
11603201,0,0
11604307,5,5
11609108,0,0
11840404,46,46
11841988,0,0
11842300,0,0
11842735,0,0
11844776,9,9
11845193,0,0
11847204,0,0
11850380,0,0
11850900,0,0
11851288,0,0
11858737,0,0
11863225,51,51
11609114,0,0
11618338,0,0
11619832,27,27
11639940,0,0
11641258,0,0
11647982,0,0
11649232,20,0
11650863,0,0
11651929,0,0
11863602,0,0
11864530,0,0
11867485,7,7
11867573,0,0
11868110,0,0
11871932,0,0
11872337,74,74
11873498,0,0
11885997,0,0
11890279,0,0
11890882,0,0
11903201,0,0
11905096,90,90
11652872,90,90
11653077,0,0
11656367,0,0
11658950,0,0
11659296,0,0
11667455,0,0
11909308,52,0
11909622,0,0
11910257,0,0
11910742,3,3
11911783,0,0
11922306,0,0
11923007,0,0
11926941,0,0
11927032,13,13
11927624,0,0
11928097,0,0
11929230,0,0
11939910,0,0
11672539,0,0
11674309,72,72
11675279,3,3
11677489,0,0
11685868,0,0
11690477,0,0
11691699,0,0
11693193,0,0
11700121,0,0
11714137,0,0
11715651,75,75
11716127,0,0
11716947,0,0
11940117,0,0
11943700,0,0
11944668,0,0
11944718,0,0
11947067,6,0
11950107,0,0
11959165,0,0
11967410,48,48
11967737,0,0
11968958,0,0
11971174,0,0
11720001,89,89
11721727,0,0
11724873,0,0
11732848,87,85
11732961,0,0
11737916,0,0
11738951,0,0
11971580,0,0
11973701,9,9
11980791,0,0
11982174,0,0
11984115,0,0
11984148,1,1
11988251,0,0
11990841,0,0
12000617,0,0
12003146,0,0
12004174,0,0
12004175,0,0
11741555,90,90
11753010,0,0
11753760,23,23
11753792,77,77
11758313,56,56
11771598,0,0
11772032,9,9
12004547,46,46
12004744,0,0
12005318,0,0
12006770,44,44
12007175,17,17
12007258,0,0
12009651,70,70
12015378,3,3
12019589,3,3
12019843,0,0
12022833,0,0
12024963,62,62
11775127,0,0
11786930,0,0
11790047,0,0
11790749,0,0
11791673,0,0
11793542,0,0
11798782,0,0
11803487,47,47
11804245,47,47
11812986,0,0
11814079,0,0
11817955,0,0
11826892,0,0
12027791,9,9
12028495,0,0
12028733,0,0
12034085,0,0
12034640,0,0
12037401,29,29
12039579,0,0
12039894,0,0
12041170,3,3
12043691,0,0
12050280,0,0
12050932,0,0
12052143,66,65
11827037,0,0
11827175,0,0
12286939,0,0
12287938,0,0
12290567,0,0
12291318,0,0
12300734,0,0
12303877,0,0
12052609,90,90
12053427,47,47
12054286,0,0
12054516,0,0
12055540,0,0
12067652,0,0
12068200,8,8
12070985,0,0
12079993,0,0
12082737,0,0
12083016,0,0
12084009,0,0
12084205,0,0
12308695,0,0
12321626,0,0
12324428,0,0
12325036,0,0
12325045,3,3
12328112,0,0
12087785,0,0
12088765,0,0
12089661,0,0
12090887,0,0
12092786,0,0
12095161,0,0
12099852,0,0
12106946,0,0
12109533,0,0
12110663,31,0
12112190,55,55
12113045,0,0
12333456,79,78
12339863,0,0
12342269,0,0
12342876,0,0
12343098,3,3
12343793,0,0
12344255,0,0
12345786,0,0
12355067,0,0
12358117,0,0
12358120,0,0
12359146,0,0
12360207,0,0
12360254,0,0
12360660,1,1
12360843,7,7
12365206,0,0
12366132,0,0
12366226,0,0
12367449,0,0
12113494,0,0
12114040,47,47
12114228,0,0
12114628,0,0
12122102,21,21
12129245,0,0
12132427,0,0
12133132,0,0
12135851,3,3
12145189,0,0
12145578,0,0
12145887,0,0
12146619,0,0
12375976,0,0
12376365,0,0
12380717,0,0
12381336,0,0
12386579,0,0
12387018,0,0
12387215,0,0
12388494,0,0
12389931,0,0
12396603,0,0
12403252,2,2
12403816,0,0
12404734,0,0
12148215,0,0
12153709,0,0
12155351,0,0
12169389,0,0
12170307,0,0
12170991,0,0
12171671,2,2
12174966,0,0
12175508,0,0
12181485,0,0
12184165,0,0
12404820,0,0
12404998,0,0
12405814,0,0
12406683,0,0
12408554,0,0
12409217,15,15
12409508,0,0
12411737,0,0
12420694,0,0
12423497,0,0
12425296,0,0
12426775,0,0
12184956,0,0
12190880,76,76
12196647,0,0
12202225,0,0
12202511,0,0
12206029,0,0
12206323,0,0
12221970,3,3
12222304,0,0
12223866,36,0
12224443,0,0
12224852,0,0
12426778,0,0
12426957,0,0
12431649,15,15
12433302,42,42
12446494,0,0
12451425,0,0
12228023,0,0
12228640,0,0
12230921,0,0
12231304,0,0
12245694,35,35
12246395,0,0
12249461,0,0
12252513,0,0
12252583,0,0
12252993,6,6
12253809,0,0
12267599,0,0
12268056,0,0
12462634,0,0
12464635,0,0
12465732,0,0
12470877,0,0
12471447,0,0
12472258,2,2
12472883,0,0
12487909,0,0
12492242,0,0
12494415,0,0
12272850,34,34
12273048,66,66
12281070,0,0
12282916,0,0
12286373,0,0
12542544,7,7
12543988,0,0
12547481,0,0
12549290,0,0
12554945,0,0
12558102,0,0
12494870,0,0
12495831,47,43
12497438,0,0
12497757,0,0
12497783,0,0
12509350,0,0
12518189,9,9
12519645,0,0
12520066,0,0
12521735,0,0
12522024,0,0
12542485,1,1
12778678,64,64
12780993,0,0
12560110,0,0
12560137,0,0
12561615,0,0
12566262,0,0
12567868,0,0
12567993,0,0
12568401,0,0
12585126,0,0
12587017,0,0
12590077,18,18
12591059,0,0
12592427,0,0
12791778,0,0
12794520,0,0
12794791,0,0
12804309,90,90
12806016,76,74
12806356,72,68
12598128,0,0
12598446,0,0
12601900,0,0
12606349,76,76
12610244,0,0
12611122,0,0
12619450,9,9
12621050,0,0
12624890,2,2
12642845,0,0
12643171,0,0
12645495,9,9
12806940,67,67
12810131,0,0
12810210,22,22
12811459,22,22
12812577,23,23
12812618,0,0
12649685,0,0
12650830,0,0
12650991,0,0
12652833,0,0
12652939,0,0
12653674,0,0
12656785,0,0
12657888,0,0
12658099,58,58
12664893,3,3
12666669,0,0
12676400,0,0
12679172,0,0
12814195,0,0
12815139,0,0
12823429,0,0
12825700,0,0
12827123,0,0
12827964,49,49
12829031,6,6
12829063,3,3
12830905,0,0
12832062,0,0
12832371,9,9
12681206,3,3
12681730,0,0
12684235,0,0
12686241,0,0
12687169,0,0
12693458,0,0
12701430,18,0
12702291,0,0
12703851,6,6
12704039,0,0
12705155,0,0
12705303,0,0
12836808,76,76
12844709,0,0
12846033,0,0
12846584,0,0
12850186,0,0
12705519,0,0
12711232,0,0
12713863,40,0
12713950,0,0
12723066,0,0
12725523,0,0
12727438,0,0
12727779,0,0
12728514,0,0
12733742,0,0
12734487,0,0
12734936,0,0
12735969,0,0
12737192,22,22
12851100,0,0
12851607,0,0
12852083,18,18
12852935,0,0
12856720,13,13
12856987,21,0
12863594,0,0
12864193,0,0
12737335,0,0
12738047,0,0
12740226,0,0
12740726,0,0
12751037,0,0
12751471,0,0
12757980,0,0
12760088,0,0
12763385,0,0
12763721,0,0
12764378,0,0
12765391,0,0
12866207,0,0
12867918,68,68
12869174,0,0
12869679,0,0
12869930,2,2
12873930,0,0
12765858,0,0
12772993,0,0
12774975,0,0
12775106,0,0
12972292,0,0
12972783,0,0
12973288,0,0
12973363,0,0
12973819,0,0
12983699,0,0
12985547,15,15
12876883,0,0
12885921,60,60
12888052,36,36
12888849,0,0
12897616,0,0
12897713,0,0
12986700,0,0
12986728,0,0
12987298,0,0
12990232,0,0
12990502,0,0
12990926,0,0
13000020,0,0
13000527,0,0
13004741,0,0
13004961,7,7
13004967,1,1
13007839,0,0
12898987,0,0
12899112,0,0
12900284,0,0
12902686,0,0
12903772,0,0
12904840,0,0
12905314,0,0
12912510,0,0
12914669,0,0
12914726,0,0
12916138,0,0
12916646,0,0
12917057,0,0
12917422,0,0
12917834,0,0
13009244,6,6
13013882,0,0
13016417,0,0
13016783,0,0
13017016,0,0
13017140,0,0
13018052,0,0
13023771,0,0
13024560,57,57
13025960,0,0
13030999,0,0
13031383,0,0
12924969,0,0
12926849,0,0
12929852,0,0
12941306,0,0
12941586,0,0
12947660,0,0
12950979,0,0
12950991,2,2
13031826,0,0
13031854,6,6
13040221,0,0
13040683,0,0
13042051,0,0
13042637,76,76
13044668,0,0
13044689,0,0
13044815,0,0
13044996,0,0
13046279,21,21
12951215,5,0
12953867,0,0
12954148,0,0
12955940,0,0
12956122,0,0
13047541,34,0
13055856,15,14
13057103,0,0
13060365,0,0
13060456,0,0
13061064,0,0
13064336,0,0
13064913,0,0
13065356,0,0
13065655,0,0
13075158,65,65
13076852,0,0
12962798,0,0
12964763,62,62
12965215,0,0
12965288,0,0
12965831,35,0
12967227,0,0
13077215,0,0
13080002,0,0
13081306,49,49
13083030,0,0
13083221,0,0
13083638,0,0
13083988,0,0
13091684,90,90
13092482,5,5
13094250,0,0
13094690,0,0
13096146,0,0
13125552,17,17
13126483,0,0
13126582,0,0
13098452,0,0
13099377,0,0
13100152,0,0
13101260,0,0
13101855,67,67
13102116,0,0
13107627,0,0
13109817,0,0
13109949,0,0
13111578,0,0
13113038,0,0
13113422,0,0
13127582,0,0
13130313,22,22
13130332,0,0
13130744,0,0
13135589,6,6
13113626,0,0
13114437,0,0
13114443,0,0
13116397,0,0
13117094,0,0
13117160,0,0
13122932,20,20
13280459,0,0
13282284,0,0
13291508,0,0
13135822,55,48
13136912,0,0
13139462,0,0
13139892,6,6
13145377,0,0
13148370,0,0
13150529,0,0
13294325,2,2
13294471,0,0
13295613,6,6
13295693,18,18
13299818,0,0
13300639,42,41
13303942,0,0
13305621,0,0
13307480,0,0
13308276,0,0
13309259,0,0
13153265,51,51
13154343,47,0
13155478,0,0
13156126,2,2
13156982,0,0
13163474,5,0
13164373,0,0
13165250,0,0
13165500,0,0
13167611,0,0
13169559,77,77
13312968,0,0
13314206,0,0
13316028,0,0
13317650,9,1
13318239,0,0
13325767,0,0
13328254,0,0
13332859,0,0
13343144,0,0
13355002,16,16
13355711,0,0
13170106,0,0
13170159,0,0
13174320,0,0
13182297,0,0
13182531,0,0
13183047,0,0
13183826,76,17
13184939,0,0
13356452,0,0
13358067,0,0
13359416,0,0
13359798,0,0
13360068,0,0
13360675,3,0
13370053,0,0
13371699,52,35
13375642,32,0
13376886,0,0
13378609,3,3
13380274,0,0
13186447,0,0
13187006,9,9
13188552,0,0
13192217,0,0
13192379,0,0
13384425,0,0
13386091,0,0
13388210,61,0
13388649,47,0
13389082,0,0
13389280,47,47
13389756,0,0
13392858,57,57
13392941,0,0
13395084,0,0
13396969,0,0
13193534,0,0
13199140,0,0
13205376,0,0
13208233,0,0
13208373,0,0
13209482,0,0
13209514,0,0
13209522,23,23
13398340,31,5
13398348,27,27
13398837,0,0
13400181,0,0
13404021,0,0
13407328,0,0
13408222,6,6
13410478,0,0
13411367,0,0
13411560,0,0
13413386,0,0
13213869,0,0
13215481,0,0
13217170,50,49
13218139,0,0
13220720,0,0
13221331,0,0
13222140,3,3
13222669,0,0
13414523,0,0
13416582,0,0
13416840,0,0
13417071,22,21
13422992,2,2
13424027,60,60
13424996,0,0
13426615,66,66
13430012,4,4
13430483,5,5
13431793,15,15
13231566,82,82
13234352,0,0
13234457,59,59
13235951,0,0
13236366,0,0
13237190,0,0
13238778,0,0
13239181,0,0
13239693,0,0
13240737,0,0
13243615,0,0
13432549,0,0
13436258,68,68
13440481,0,0
13445057,49,49
13446580,0,0
13449844,0,0
13451379,3,0
13451786,0,0
13451811,3,3
13452384,0,0
13452799,0,0
13459473,0,0
13245721,0,0
13246042,41,41
13246278,19,4
13248968,0,0
13250303,0,0
13254504,0,0
13258556,0,0
13259442,0,0
13264690,9,9
13466168,0,0
13467270,1,1
13468421,0,0
13473267,0,0
13474455,21,21
13477342,0,0
13478244,33,33
13480134,0,0
13481935,0,0
13489132,0,0
13490372,0,0
13265459,0,0
13266202,0,0
13272022,0,0
13275896,0,0
13276227,0,0
13276288,0,0
13276320,0,0
13276525,0,0
13278654,0,0
13631232,0,0
13490410,0,0
13492036,0,0
13492449,0,0
13493430,0,0
13494095,33,6
13494532,17,17
13494895,0,0
13494898,0,0
13496448,0,0
13507677,6,0
13508285,0,0
13508567,0,0
13632649,0,0
13632841,0,0
13634685,0,0
13635848,0,0
13637050,0,0
13508766,0,0
13510347,12,12
13511798,0,0
13514115,0,0
13514940,0,0
13519630,0,0
13520598,0,0
13522948,34,34
13525308,0,0
13525592,0,0
13640690,0,0
13640966,13,13
13642073,0,0
13642568,40,40
13643488,0,0
13644095,0,0
13650177,20,20
13526398,33,33
13529498,0,0
13529753,0,0
13531199,0,0
13532128,0,0
13532633,0,0
13532718,0,0
13532767,0,0
13536155,31,0
13540233,0,0
13544987,0,0
13545453,1,1
13651250,0,0
13653228,0,0
13653708,0,0
13654347,0,0
13657030,0,0
13658407,0,0
13658967,0,0
13659914,0,0
13659997,0,0
13660249,0,0
13546134,0,0
13548357,21,21
13554710,76,76
13556488,0,0
13556607,21,0
13559208,16,16
13562013,0,0
13563973,0,0
13564134,9,9
13571350,0,0
13572291,0,0
13573310,0,0
13661280,0,0
13666116,0,0
13666641,0,0
13667440,0,0
13667739,0,0
13668573,0,0
13669064,59,59
13669613,0,0
13670109,0,0
13672890,0,0
13673873,0,0
13673951,0,0
13674349,53,53
13674799,47,47
13573790,0,0
13573828,21,21
13577416,0,0
13587436,14,14
13589415,0,0
13591017,0,0
13595786,0,0
13599973,0,0
13603093,2,2
13603364,3,2
13603951,0,0
13604485,0,0
13680628,0,0
13681859,0,0
13685550,0,0
13685807,76,76
13685871,0,0
13686914,0,0
13604994,27,27
13605171,0,0
13605192,0,0
13606307,24,0
13613111,0,0
13614714,0,0
13614923,0,0
13618148,0,0
13620503,0,0
13621211,28,28
13622777,0,0
13687060,33,33
13687180,0,0
13688739,0,0
13689706,0,0
13697001,0,0
13697770,0,0
13710241,2,2
13711439,0,0
13712179,0,0
13712336,0,0
13623182,0,0
13623275,0,0
13623361,0,0
13623747,0,0
13623987,2,2
13624873,75,75
13630755,0,0
13778127,0,0
13783769,0,0
13788013,0,0
13788132,52,52
13794689,1,1
13714073,0,0
13715798,0,0
13724284,34,34
13727297,0,0
13727552,19,0
13729876,0,0
13730254,0,0
13730290,17,0
13731797,0,0
13732215,9,0
13795744,64,0
13803517,0,0
13805038,0,0
13811008,0,0
13811866,0,0
13813731,55,54
13814227,0,0
13821190,0,0
13825154,0,0
13827959,0,0
13830463,0,0
13732394,0,0
13733036,0,0
13739108,0,0
13740419,0,0
13740704,0,0
13740793,0,0
13745149,0,0
13745644,20,20
13745898,0,0
13746962,0,0
13748851,0,0
13839238,0,0
13841200,0,0
13841625,0,0
13843681,0,0
13848005,3,3
13854483,0,0
13856320,0,0
13856810,0,0
13857291,62,62
13857521,0,0
13858187,0,0
13859896,0,0
13752815,0,0
13752982,0,0
13760233,0,0
13764238,0,0
13766130,17,17
13862377,0,0
13863230,0,0
13864224,0,0
13864664,0,0
13864705,0,0
13876681,4,4
13876809,0,0
13877683,31,31
13879611,2,2
13880280,0,0
13769222,0,0
13769545,22,6
13770179,0,0
13770780,0,0
13770996,18,18
13771529,5,0
13954583,0,0
13956372,3,3
13881135,61,61
13881577,0,0
13881622,0,0
13881920,36,36
13882394,0,0
13882858,0,0
13883481,0,0
13885982,0,0
13886618,0,0
13891302,38,38
13957261,0,0
13959346,0,0
13959556,0,0
13960277,0,0
13962117,0,0
13963005,0,0
13971842,0,0
13891670,0,0
13893264,0,0
13894813,89,89
13899934,0,0
13901170,0,0
13902088,0,0
13902591,0,0
13902725,18,18
13905833,0,0
13910111,0,0
13980502,0,0
13980860,26,26
13980911,55,55
13983092,0,0
13990841,3,0
13911123,0,0
13911729,0,0
13912267,0,0
13912712,88,88
13912725,0,0
13914201,79,79
13915004,0,0
13915699,0,0
13916105,0,0
13920801,20,20
13924403,0,0
13925864,0,0
13991526,0,0
13992742,0,0
13995561,0,0
13997385,0,0
13997539,0,0
13997552,56,56
13997894,6,6
13998049,0,0
13998064,0,0
13998223,47,0
13998679,0,0
13999070,0,0
13926702,0,0
13927922,0,0
13934894,0,0
13936824,70,70
13937701,0,0
13937820,0,0
13938420,46,46
13941017,0,0
13942612,0,0
13942921,0,0
13945103,0,0
13951405,0,0
14006823,76,76
14007809,0,0
14012274,4,4
14016202,0,0
14016206,0,0
14023316,0,0
14023652,0,0
14024651,1,1
14025561,0,0
14027756,0,0
14028018,50,50
14029633,23,23
14030375,36,36
14032445,0,0
14036591,0,0
14036911,0,0
13952428,0,0
13953083,0,0
14167763,0,0
14168034,0,0
14168413,0,0
14177028,17,16
14178226,0,0
14179120,0,0
14180414,0,0
14181565,0,0
14182564,0,0
14195437,18,18
14037145,0,0
14041141,4,4
14043464,16,16
14044731,0,0
14049587,0,0
14055238,39,39
14058251,0,0
14058375,0,0
14069371,0,0
14071817,0,0
14203693,3,3
14213699,34,34
14214315,0,0
14214403,50,50
14215652,29,29
14216896,0,0
14217692,0,0
14218173,0,0
14218795,0,0
14220422,0,0
14222252,41,41
14086770,0,0
14089282,0,0
14090133,0,0
14092808,0,0
14093225,0,0
14100582,0,0
14100743,0,0
14101329,0,0
14228589,6,0
14233670,0,0
14236734,0,0
14237397,16,0
14237735,6,6
14253050,0,0
14262383,0,0
14265052,0,0
14274403,0,0
14275887,0,0
14281526,1,1
14103515,44,44
14104044,0,0
14109521,0,0
14110144,0,0
14110407,3,3
14120069,0,0
14281865,61,59
14292249,0,0
14296598,81,81
14297224,0,0
14312497,0,0
14316284,68,68
14316579,0,0
14317785,0,0
14317995,0,0
14318774,57,57
14125891,0,0
14126303,0,0
14129429,0,0
14131597,0,0
14135904,0,0
14138302,34,34
14139170,0,0
14139553,67,67
14140905,0,0
14142298,76,76
14143250,16,16
14151487,63,63
14151551,0,0
14320099,0,0
14322182,0,0
14322869,3,3
14323475,0,0
14339989,16,0
14340142,19,0
14341006,0,0
14341397,0,0
14348580,2,2
14351693,0,0
14351733,0,0
14353077,0,0
14152775,65,65
14153255,52,52
14155064,0,0
14155795,0,0
14161351,0,0
14353103,0,0
14357698,15,0
14359772,76,76
14361378,0,0
14371877,0,0
14383742,0,0
14386245,0,0
14388889,2,0
14394217,9,9
14404240,0,0
14163352,0,0
14462592,0,0
14463527,2,2
14406256,0,0
14406807,0,0
14406923,76,76
14408114,0,0
14417576,0,0
14419516,0,0
14419927,0,0
14420353,0,0
14421313,0,0
14421383,69,69
14465415,3,3
14466193,0,0
14467010,0,0
14467602,3,3
14469737,0,0
14470437,59,58
14471418,8,8
14472272,90,90
14472317,0,0
14473545,0,0
14480430,0,0
14483469,0,0
14485082,0,0
14423010,0,0
14429957,0,0
14429976,18,0
14441627,0,0
14442338,4,4
14444422,0,0
14445481,0,0
14446717,71,71
14450268,0,0
14452731,0,0
14453189,0,0
14485372,60,59
14485877,72,72
14489615,3,3
14490720,0,0
14507274,6,0
14520743,0,0
14522175,0,0
14529806,13,13
14530298,0,0
14536056,0,0
14548280,0,0
14554093,0,0
14555269,0,0
14556634,0,0
14556661,0,0
14557504,19,19
14568858,0,0
14575138,3,3
14576763,0,0
14787179,90,89
14788009,75,0
14801700,0,0
14809302,0,0
14819796,5,5
14823077,0,0
14826817,24,24
14835670,0,0
14837884,0,0
14838161,59,59
14839995,0,0
14843553,34,34
14586448,0,0
14588156,9,9
14595903,0,0
14599247,0,0
14608127,0,0
14609199,52,0
14616377,0,0
14619860,90,89
14624128,0,0
14625676,2,2
14628080,0,0
14633324,0,0
14851530,0,0
14852147,0,0
14855614,2,2
14856763,0,0
14858190,0,0
14858777,2,2
14864014,70,69
14865705,0,0
14869063,0,0
14869215,45,45
14869260,0,0
14636181,1,0
14648838,0,0
14653831,0,0
14661553,29,29
14666364,0,0
14672524,0,0
14686840,7,0
14686954,1,0
14691805,0,0
14692459,0,0
14871074,0,0
14872249,64,64
14881794,0,0
14882046,64,64
14882137,0,0
14882309,0,0
14892623,5,5
14911767,21,21
14913167,0,0
14915099,0,0
14918238,49,49
14918404,0,0
14694447,0,0
14696141,17,17
14696542,31,0
14707648,74,72
14709693,0,0
14710763,40,40
14716155,0,0
14716403,0,0
14925506,0,0
14928089,0,0
14928996,0,0
14931156,78,78
14932887,5,5
14933388,46,46
14933521,28,28
14933893,0,0
14945274,0,0
14951904,0,0
14959195,0,0
14716586,0,0
14723166,0,0
14728630,20,20
14730708,2,2
14731939,0,0
14961122,63,16
14963583,0,0
14963736,32,32
14964655,0,0
14967790,0,0
14968436,0,0
14982260,0,0
14987516,74,74
14994076,21,21
14996256,0,0
14733932,0,0
14738709,38,38
14743469,0,0
14744735,0,0
14744912,0,0
14746280,0,0
14756273,0,0
14760402,0,0
14763045,0,0
14769785,0,0
14770256,0,0
15002637,5,0
15003711,44,44
15021635,0,0
15021783,0,0
15033685,76,76
15036516,0,0
15037251,0,0
15038469,25,25
15039238,0,0
15040421,0,0
14771249,0,0
14778622,0,0
14781268,0,0
14783267,0,0
14784377,0,0
15050192,0,0
15066269,45,0
15066466,0,0
15067291,0,0
15069259,0,0
15082723,0,0
15083571,0,0
15083823,0,0
15085833,0,0
15095005,2,0
15133721,0,0
15141938,40,40
15145285,0,0
15095589,35,35
15097126,0,0
15098355,0,0
15102026,0,0
15106603,0,0
15111567,0,0
15115382,46,46
15124396,0,0
15132151,0,0
15473752,5,5
15149187,0,0
15149762,0,0
15474504,0,0
15476794,1,1
15478604,0,0
15481609,0,0
15481730,0,0
15482081,0,0
15482082,0,0
15482512,0,0
15482966,3,0
15483201,5,5
15150240,2,2
15158194,2,2
15159731,73,73
15485880,65,65
15486009,0,0
15486072,0,0
15493595,0,0
15495132,45,45
15496496,0,0
15496616,16,16
15500460,0,0
15506009,0,0
15507375,75,30
15513127,0,0
15162388,0,0
15173557,0,0
15177242,0,0
15188621,72,0
15517104,0,0
15518025,0,0
15522627,80,80
15527416,9,9
15528972,0,0
15529937,61,30
15537482,0,0
15543090,0,0
15548301,0,0
15549056,0,0
15552901,0,0
15564955,0,0
15189639,0,0
15190865,2,2
15195093,0,0
15206272,3,3
15216895,0,0
15218342,0,0
15230339,16,16
15234773,82,81
15238740,0,0
15241968,0,0
15247262,3,3
15247747,0,0
15248135,0,0
15569019,1,0
15576821,17,17
15581667,0,0
15581948,39,39
15583957,51,51
15596539,0,0
15597600,70,70
15598367,0,0
15604993,0,0
15606875,0,0
15621557,0,0
15250033,49,49
15250168,66,66
15252848,0,0
15253883,0,0
15257524,90,90
15646586,0,0
15648008,0,0
15648993,46,46
15661467,0,0
15663543,0,0
15663586,0,0
15663646,0,0
15664037,0,0
15665120,0,0
15665152,0,0
15260962,48,48
15261353,0,0
15266254,1,1
15268654,73,73
15268792,72,72
15672256,11,11
15672772,0,0
15675520,15,15
15678122,0,0
15678623,0,0
15703294,0,0
15706863,19,19
15713028,0,0
15715486,32,32
15717652,0,0
15721376,0,0
15272484,21,7
15282411,0,0
15294943,0,0
15301517,16,0
15301748,0,0
15302149,0,0
15721847,0,0
15723889,8,0
15726990,0,0
15728780,1,1
15732405,0,0
15732778,37,0
15732919,0,0
15733438,39,38
15733832,0,0
15734793,0,0
15310580,0,0
15310919,1,1
15312128,41,41
15314054,2,2
15323284,0,0
15326243,18,18
15336596,47,47
15338155,3,3
15739930,0,0
15740080,74,74
15742916,0,0
15746736,0,0
15751570,0,0
15756633,0,0
15757847,0,0
15758553,0,0
15767741,1,1
15769077,16,14
15340854,0,0
15342056,0,0
15342164,0,0
15769964,5,5
15772447,9,0
15774003,1,1
15774629,64,64
15775085,38,38
15781324,48,0
15781521,0,0
15783413,0,0
15784377,76,76
15785088,30,30
15343302,0,0
15345019,19,19
15347268,1,1
15358881,0,0
15360687,8,8
15787037,0,0
15787497,0,0
15788312,0,0
15789384,0,0
15790071,0,0
15790820,0,0
15790974,45,0
15798809,0,0
15799340,31,31
15800923,0,0
15801194,0,0
15360787,0,0
15377806,0,0
15378469,0,0
15379574,0,0
15381675,51,51
15802947,0,0
15815905,60,60
15816784,0,0
15818624,0,0
15819665,49,48
15820512,38,0
15822044,6,0
15827516,0,0
15827829,19,19
15831005,0,0
15832098,0,0
15396328,0,0
15399031,0,0
15409309,0,0
15411945,0,0
15411988,19,19
15421244,89,89
15833015,0,0
15833574,0,0
15844782,90,90
15845669,54,54
15847347,2,2
15851599,0,0
15854548,60,60
15855646,0,0
15857118,0,0
15857259,1,1
15421279,0,0
15422083,69,69
15423552,0,0
15423962,36,0
15425744,21,21
15436836,39,39
15436871,62,62
15438016,0,0
15857334,4,4
15858847,27,27
15866496,0,0
15867800,0,0
15870454,51,51
15874245,0,0
15875061,0,0
15882274,0,0
15900336,0,0
15911729,21,21
15444619,0,0
15450257,0,0
15450848,0,0
15453848,0,0
15454216,0,0
15461512,0,0
15462208,0,0
15465050,0,0
15468038,0,0
15470122,0,0
15997880,0,0
15915176,0,0
15926876,0,0
15927071,0,0
15927523,0,0
15928001,78,78
15928635,33,33
15928835,75,75
15928889,0,0
15929281,63,63
15932054,13,0
15938836,0,0
16004740,0,0
16004776,16,0
16005348,0,0
16005960,28,0
16011595,0,0
15939056,18,18
15940328,0,0
15943475,0,0
15943497,29,29
15944313,0,0
15948069,62,62
15949915,0,0
15952447,0,0
15955297,0,0
15956155,3,3
15963664,0,0
16012941,0,0
16019792,3,0
16037130,0,0
16037576,0,0
16040229,0,0
16054732,0,0
16055176,0,0
16055506,6,6
15964171,0,0
15967392,0,0
15969964,0,0
15971342,0,0
15983444,0,0
15985264,0,0
15987217,0,0
15989547,0,0
15989608,0,0
15992078,0,0
16063885,0,0
16066223,0,0
16070567,3,0
16071397,0,0
16081021,0,0
16081134,0,0
16083752,0,0
16085206,0,0
16085227,0,0
16095062,0,0
16100652,0,0
16253465,0,0
16254609,3,3
16258784,0,0
16259169,0,0
16259787,0,0
16260117,0,0
16269344,66,66
16271281,0,0
16271447,64,64
16273510,0,0
16274061,49,49
16274717,0,0
16275257,0,0
16101054,0,0
16112503,0,0
16112663,0,0
16122024,17,0
16122082,13,13
16122223,0,0
16123943,3,3
16132114,21,21
16140940,47,47
16145871,0,0
16276294,0,0
16282085,0,0
16283830,0,0
16288234,0,0
16289292,0,0
16289576,0,0
16298489,0,0
16298529,0,0
16299489,19,18
16300644,0,0
16301464,0,0
16147001,0,0
16147405,0,0
16148036,3,3
16157731,0,0
16158343,0,0
16162247,0,0
16162621,0,0
16163725,0,0
16164399,0,0
16164497,0,0
16164856,0,0
16166989,0,0
16171595,0,0
16172073,0,0
16303058,0,0
16308331,0,0
16308886,0,0
16309538,0,0
16309856,0,0
16310570,0,0
16310817,0,0
16311616,0,0
16312498,88,88
16312536,0,0
16313547,68,68
16321597,0,0
16172162,0,0
16174233,66,66
16174929,0,0
16175740,0,0
16180645,9,0
16181190,0,0
16186828,0,0
16190110,0,0
16191889,0,0
16192835,0,0
16201959,48,42
16204899,29,0
16205219,0,0
16205272,0,0
16205431,0,0
16325588,0,0
16328372,0,0
16330110,0,0
16330737,0,0
16331234,76,76
16331645,0,0
16331969,0,0
16332208,2,0
16332492,90,90
16333075,0,0
16333607,0,0
16333699,0,0
16206887,0,0
16212767,0,0
16213608,0,0
16216301,9,9
16219145,0,0
16220003,0,0
16226031,0,0
16226514,0,0
16227237,0,0
16227708,0,0
16229170,0,0
16336428,0,0
16338086,0,0
16338143,0,0
16339429,0,0
16346945,0,0
16347171,0,0
16349645,0,0
16350271,0,0
16352907,0,0
16352982,0,0
16353229,0,0
16353257,0,0
16230640,0,0
16230905,0,0
16237242,0,0
16237773,0,0
16238449,0,0
16353473,0,0
16353485,0,0
16354659,0,0
16360727,0,0
16362226,0,0
16364067,0,0
16365784,2,0
16365878,49,49
16367064,0,0
16367772,0,0
16370096,0,0
16376497,0,0
16238779,0,0
16242753,0,0
16244096,0,0
16244878,0,0
16253413,0,0
16393500,0,0
16394440,0,0
16394488,0,0
16394824,0,0
16396119,0,0
16377144,19,0
16378007,0,0
16378313,0,0
16378562,0,0
16380794,0,0
16385859,0,0
16389354,0,0
16389531,0,0
16390105,0,0
16390662,0,0
16391952,0,0
16392756,0,0
16601748,0,0
16396241,63,63
16396640,0,0
16402623,0,0
16402746,76,76
16403092,0,0
16408041,0,0
16409634,90,90
16414538,0,0
16608718,0,0
16613747,3,3
16613993,0,0
16616853,19,0
16617217,0,0
16620082,0,0
16620235,51,51
16621121,2,2
16625310,0,0
16628617,0,0
16630483,0,0
16414744,0,0
16415365,0,0
16416588,0,0
16417951,0,0
16420915,34,0
16423772,0,0
16423876,0,0
16425205,0,0
16425234,0,0
16630594,0,0
16634357,0,0
16634459,2,2
16637954,0,0
16643778,0,0
16644223,0,0
16649739,52,50
16650612,0,0
16659292,14,14
16662770,0,0
16662964,0,0
16426123,3,3
16426559,0,0
16427395,0,0
16428383,17,17
16435953,0,0
16439353,0,0
16441625,0,0
16442568,0,0
16442999,0,0
16449771,0,0
16450351,0,0
16451278,0,0
16677170,47,47
16677358,0,0
16678888,0,0
16683931,0,0
16683957,8,0
16686651,0,0
16691242,0,0
16691826,0,0
16705588,0,0
16706521,0,0
16709795,0,0
16454164,0,0
16454273,6,6
16454703,0,0
16455521,0,0
16456957,0,0
16463598,0,0
16465524,0,0
16466804,0,0
16467731,2,2
16716676,0,0
16719568,0,0
16720574,0,0
16721040,7,0
16721299,0,0
16735133,15,15
16735801,0,0
16740779,0,0
16749235,0,0
16766700,0,0
16766743,0,0
16769229,48,48
16468214,0,0
16471707,0,0
16475309,0,0
16475935,0,0
16479076,0,0
16776959,0,0
16778711,67,67
16778903,0,0
16778904,0,0
16779831,0,0
16791336,0,0
16792622,0,0
16793649,0,0
16802965,9,9
16480273,6,0
16806575,0,0
16807550,0,0
16808375,0,0
16808464,0,0
16812429,0,0
16814536,0,0
16821077,0,0
16826741,0,0
16828843,0,0
16840727,0,0
16841998,0,0
16487043,0,0
16488787,15,15
16490625,0,0
16491507,0,0
16493057,0,0
16493084,0,0
16498294,0,0
16505722,0,0
16506016,17,17
16511493,0,0
16514760,0,0
16846366,0,0
16846918,0,0
16855055,32,0
16859099,0,0
16861543,0,0
16871240,0,0
16873148,2,2
16874685,0,0
16884027,0,0
16885058,0,0
16893907,47,46
16517922,0,0
16528098,0,0
16529936,0,0
16530947,0,0
16533105,0,0
16534157,28,28
16897571,0,0
16912472,0,0
16913950,61,60
16914299,0,0
16914748,68,0
16916708,0,0
16927533,0,0
16929145,0,0
16930274,0,0
16932674,0,0
16933481,0,0
16534321,2,1
16540563,0,0
16541635,0,0
16542009,0,0
16554288,0,0
16554488,0,0
16556049,79,79
16556211,79,79
16557829,0,0
16560739,0,0
16561213,0,0
16561990,0,0
16568164,0,0
16568275,0,0
16569554,0,0
16945093,0,0
16947113,0,0
16954154,0,0
16954330,38,38
16959759,0,0
16960374,0,0
16960760,0,0
16962435,2,2
16962471,5,5
16963544,0,0
16965072,0,0
16965094,26,26
16581779,9,9
16584445,32,32
16584878,16,16
16601518,89,89
17321243,0,0
16965705,0,0
16987293,0,0
16987479,0,0
16992922,0,0
16994272,0,0
17000577,0,0
17008022,0,0
17013623,0,0
17023591,0,0
17031720,0,0
17041225,0,0
17042235,0,0
17339881,40,40
17347938,63,63
17365636,0,0
17367175,0,0
17367187,3,3
17367484,0,0
17369530,0,0
17370778,31,31
17044854,0,0
17045905,0,0
17045913,0,0
17046562,0,0
17093180,65,65
17093264,86,86
17095035,33,32
17097239,0,0
17097495,39,39
17106014,0,0
17371795,0,0
17382091,0,0
17106644,0,0
17107608,26,0
17107656,0,0
17108395,0,0
17117631,45,45
17122054,17,17
17122439,48,0
17122814,56,56
17123646,4,0
17130293,0,0
17133439,0,0
17383253,76,76
17383929,0,0
17385865,26,0
17396669,3,0
17398122,0,0
17400801,0,0
17415890,0,0
17416959,9,9
17419342,0,0
17423245,0,0
17133664,0,0
17134357,0,0
17139266,0,0
17147561,0,0
17149950,0,0
17153913,21,21
17156147,0,0
17157615,42,42
17173473,0,0
17177726,0,0
17178617,0,0
17431995,90,90
17433572,27,27
17434184,0,0
17447150,0,0
17450190,3,0
17457491,0,0
17464043,0,0
17479736,0,0
17480275,0,0
17186648,0,0
17187942,0,0
17189819,0,0
17189941,0,0
17210810,0,0
17211583,46,46
17218433,0,0
17219608,0,0
17223109,61,0
17239321,0,0
17249755,20,20
17263207,0,0
17480547,0,0
17481087,0,0
17481484,0,0
17489509,75,74
17494614,46,46
17495518,0,0
17495862,32,0
17496511,0,0
17499587,0,0
17506469,0,0
17510449,0,0
17512277,48,48
17512466,66,66
17512898,0,0
17263550,0,0
17265284,26,26
17266124,74,72
17268091,0,0
17269342,0,0
17286647,0,0
17295864,0,0
17297467,63,63
17297939,0,0
17302040,0,0
17302836,0,0
17304795,0,0
17515734,0,0
17516489,0,0
17522686,0,0
17529216,0,0
17531493,0,0
17538067,0,0
17539808,0,0
17543905,0,0
17545775,0,0
17549299,0,0
17552185,0,0
17552955,0,0
17554298,23,23
17554981,6,6
17555918,0,0
17558223,0,0
17316565,0,0
17317934,0,0
17654611,73,73
17655017,0,0
17666011,0,0
17667585,0,0
17669480,25,22
17679645,0,0
17683903,0,0
17684067,0,0
17684359,0,0
17684828,0,0
17560543,0,0
17568638,0,0
17569080,21,21
17572926,0,0
17590729,0,0
17591356,0,0
17593421,0,0
17601315,0,0
17603059,28,0
17605478,0,0
17606753,0,0
17684912,0,0
17685710,1,1
17692964,0,0
17713865,5,5
17716140,0,0
17720628,0,0
17727003,0,0
17728208,0,0
17730939,0,0
17731891,0,0
17735101,0,0
17607132,0,0
17610059,0,0
17617905,0,0
17618903,0,0
17624190,3,3
17624400,0,0
17624418,28,0
17746222,0,0
17750380,21,21
17752493,0,0
17753121,0,0
17759478,29,29
17764355,16,16
17766580,0,0
17774316,0,0
17778781,0,0
17786762,0,0
17790958,0,0
17632840,77,75
17635569,0,0
17641625,0,0
17652158,68,67
17653243,63,63
17653754,90,90
17792856,0,0
17793180,0,0
17793185,0,0
17796480,2,2
17808917,0,0
17809161,0,0
17810201,0,0
17824129,0,0
17829947,0,0
17831929,0,0
17832214,20,20
17844132,4,4
17653791,48,48
18003918,0,0
18005257,0,0
18006637,0,0
18009149,52,52
18013489,0,0
18018424,0,0
18018752,0,0
18022636,32,29
18024380,0,0
18024561,50,50
18025228,20,20
18037392,0,0
18039329,0,0
18039693,0,0
18043457,0,0
17845507,0,0
17849234,0,0
17853353,0,0
17857431,90,90
17864665,5,5
17866018,5,5
17866206,0,0
17866302,0,0
17876530,0,0
17881079,0,0
17881685,0,0
18049856,0,0
18050153,0,0
18059112,0,0
18059231,0,0
18059656,2,2
18062797,0,0
18063815,0,0
18071399,2,0
18073738,0,0
17892835,0,0
17893069,0,0
17894791,0,0
17899730,3,3
17906420,0,0
17923261,0,0
17925111,35,35
17926371,0,0
17929219,9,9
17938337,48,48
17940029,7,7
18076911,0,0
18077042,50,5
18077050,0,0
18077717,0,0
18078720,0,0
18080436,0,0
17941948,0,0
17943407,78,78
17943732,32,32
17943817,0,0
17944219,0,0
17946985,0,0
17951580,0,0
17952277,0,0
17952472,0,0
17958414,2,2
17963856,0,0
18085447,3,3
18087564,2,2
18090441,0,0
18092438,0,0
18094212,0,0
18102867,0,0
18117334,0,0
18120175,0,0
18120404,47,47
18120946,0,0
18123155,0,0
18124493,0,0
18124558,0,0
17971311,3,3
17972466,0,0
17974244,6,6
17975664,3,3
17980772,47,0
17981267,69,69
17988221,0,0
17989537,0,0
18271460,0,0
18274232,5,0
18283367,0,0
18133502,20,20
18134537,0,0
18134948,0,0
18139095,0,0
18139171,0,0
18142309,39,0
18151976,0,0
18155865,0,0
18170615,0,0
18175743,0,0
18179365,0,0
18179735,0,0
18180304,0,0
18286926,2,0
18288391,0,0
18290561,32,32
18291916,0,0
18303895,1,1
18307376,0,0
18308486,13,12
18310427,89,89
18314930,0,0
18326156,0,0
18326238,0,0
18330221,0,0
18182282,0,0
18188904,0,0
18188958,83,83
18191934,0,0
18194429,0,0
18194482,0,0
18207319,0,0
18209795,0,0
18210106,0,0
18211851,6,6
18213280,0,0
18215065,87,0
18222186,0,0
18225912,64,64
18226037,74,74
18226108,24,0
18226214,26,26
18338709,0,0
18340599,0,0
18342361,17,0
18345358,0,0
18347330,0,0
18348512,1,1
18353019,0,0
18355480,0,0
18356914,0,0
18358343,0,0
18358363,19,19
18358606,16,16
18358792,0,0
18226843,0,0
18227529,0,0
18235200,0,0
18240963,7,7
18359018,37,37
18366609,0,0
18369887,0,0
18374250,0,0
18375246,0,0
18385188,26,0
18387744,0,0
18392140,0,0
18393354,1,1
18396197,0,0
18251681,49,47
18254225,0,0
18254314,54,53
18254317,0,0
18264659,2,2
18266415,0,0
18268053,3,3
18271282,0,0
18577672,0,0
18579416,0,0
18404373,3,0
18404936,15,15
18407251,0,0
18408236,0,0
18411427,0,0
18412771,10,7
18415505,0,0
18423938,75,75
18424928,2,0
18425106,16,16
18583467,16,16
18583921,0,0
18585546,0,0
18586787,0,0
18586873,0,0
18430588,59,59
18432636,0,0
18440017,20,0
18447712,0,0
18448446,75,75
18455236,0,0
18455830,18,18
18459547,31,0
18459948,0,0
18471276,0,0
18481196,0,0
18484597,0,0
18587083,0,0
18596197,75,75
18596546,0,0
18597408,0,0
18599352,33,33
18610544,0,0
18611347,0,0
18611522,0,0
18613550,0,0
18616809,0,0
18624243,0,0
18484608,0,0
18485393,0,0
18486698,0,0
18487817,0,0
18490141,3,3
18499074,19,19
18505594,0,0
18506841,3,3
18507671,0,0
18507990,0,0
18515889,0,0
18625919,0,0
18628912,0,0
18629154,4,4
18629621,0,0
18630660,0,0
18632502,89,89
18516103,0,0
18520274,0,0
18535402,0,0
18541736,0,0
18543045,21,0
18544441,0,0
18549136,0,0
18550867,8,8
18559902,0,0
18560569,39,39
18560625,0,0
18565752,30,28
18635010,0,0
18635370,0,0
18636030,0,0
18637270,0,0
18637912,0,0
18638015,0,0
18647180,0,0
18647731,0,0
18648243,0,0
18652544,0,0
18655599,0,0
18655886,0,0
18656413,0,0
18657204,14,14
18570121,0,0
18572271,0,0
18793922,82,82
18795447,75,75
18803472,0,0
18806323,26,26
18811240,0,0
18812046,0,0
18812153,82,82
18813227,0,0
18820446,0,0
18662619,29,16
18666583,0,0
18668322,16,16
18669019,0,0
18670480,0,0
18671835,64,62
18675061,0,0
18675215,0,0
18675599,0,0
18680331,0,0
18683699,0,0
18823971,59,59
18824754,13,13
18826104,0,0
18828134,0,0
18828846,45,45
18836532,43,43
18838040,31,0
18838909,0,0
18840106,0,0
18840688,0,0
18842882,0,0
18683879,0,0
18686390,0,0
18689454,90,90
18689588,0,0
18692028,2,2
18700004,0,0
18702075,0,0
18704012,0,0
18706893,0,0
18707214,0,0
18715285,0,0
18718195,4,3
18719602,0,0
18721209,0,0
18857790,0,0
18858192,33,31
18866187,0,0
18870281,0,0
18870342,0,0
18872091,0,0
18872610,6,6
18873598,0,0
18873930,0,0
18874640,15,15
18875022,0,0
18723095,0,0
18729143,38,0
18734225,0,0
18734320,0,0
18737235,0,0
18737594,0,0
18745767,0,0
18746696,0,0
18747972,0,0
18750465,17,17
18753645,50,0
18875994,0,0
18876659,0,0
18877417,0,0
18878633,0,0
18888212,9,0
18888585,0,0
18892465,0,0
18893778,3,3
18894145,0,0
18895187,20,20
18907303,0,0
18911633,0,0
18912084,0,0
18755951,0,0
18757208,0,0
18757521,0,0
18758370,0,0
18764827,0,0
18768741,0,0
18787858,3,3
18789421,3,3
18792188,0,0
18792703,0,0
18793151,0,0
19056694,0,0
19057006,0,0
19057060,1,1
18913450,0,0
18917771,47,45
18922939,0,0
18927333,0,0
18931595,0,0
18942119,6,6
18942156,0,0
18942735,75,73
18948184,0,0
18949137,0,0
18957774,0,0
18958724,0,0
19062809,0,0
19066190,0,0
19068933,33,33
19069048,0,0
19069305,34,32
19069900,0,0
19070571,0,0
19073760,0,0
19080665,0,0
19081472,7,7
19083269,0,0
19083282,0,0
18959626,0,0
18961150,0,0
18970683,0,0
18971993,0,0
18979981,3,0
18984088,0,0
18992110,0,0
18993091,46,0
18993398,0,0
18996206,0,0
19083490,0,0
19084168,0,0
19093551,0,0
19094459,33,33
19094558,0,0
19096160,0,0
19098568,0,0
19099408,0,0
19099600,0,0
19099720,0,0
19102027,0,0
19103622,0,0
19111261,0,0
19117207,0,0
19117322,0,0
19118803,0,0
19118963,61,61
18996738,0,0
18997907,0,0
19001879,67,67
19012156,0,0
19012181,0,0
19012370,0,0
19019325,0,0
19021000,0,0
19028078,0,0
19032635,0,0
19032888,0,0
19035295,0,0
19048034,0,0
19120544,20,0
19122217,0,0
19132312,0,0
19133220,12,12
19134330,0,0
19134814,0,0
19138221,75,75
19141391,0,0
19153081,0,0
19160504,0,0
19161964,0,0
19162180,5,0
19162441,0,0
19162994,0,0
19163061,0,0
19163888,0,0
19164049,37,0
19049402,0,0
19049449,0,0
19051187,0,0
19054683,0,0
19054757,0,0
19056212,0,0
19246490,0,0
19248044,0,0
19248045,0,0
19250619,0,0
19250742,0,0
19251255,0,0
19164752,0,0
19169354,0,0
19174546,0,0
19175650,61,61
19176070,0,0
19176222,0,0
19251668,90,90
19261697,0,0
19268922,0,0
19271040,0,0
19272890,0,0
19273509,0,0
19275018,0,0
19278895,2,2
19280212,0,0
19283246,0,0
19284253,0,0
19294702,0,0
19176790,0,0
19180787,0,0
19181881,0,0
19190801,0,0
19192149,0,0
19193664,0,0
19294842,67,0
19297780,3,3
19305374,0,0
19312705,0,0
19313134,0,0
19314589,69,44
19314671,0,0
19315138,0,0
19315218,0,0
19319184,31,31
19326306,55,55
19193758,0,0
19194997,0,0
19196146,0,0
19200270,47,45
19206550,0,0
19209710,0,0
19211023,0,0
19212985,0,0
19327636,0,0
19330704,0,0
19330742,0,0
19332077,0,0
19342192,0,0
19343737,0,0
19345240,0,0
19348168,0,0
19348588,0,0
19348689,0,0
19355497,0,0
19220496,0,0
19222766,1,1
19225682,0,0
19226317,0,0
19226980,21,21
19227693,5,0
19236409,0,0
19236716,0,0
19239928,0,0
19241136,0,0
19241855,0,0
19360685,7,5
19361969,0,0
19363356,0,0
19364229,0,0
19364266,0,0
19379952,12,12
19380620,0,0
19382104,0,0
19382819,52,52
19384034,0,0
19385683,0,0
19242821,0,0
19244237,0,0
19244710,0,0
19245930,0,0
19246114,29,29
19455656,0,0
19455757,0,0
19459060,0,0
19459082,0,0
19385872,0,0
19386162,0,0
19387536,0,0
19387694,1,1
19388293,0,0
19389677,0,0
19389707,0,0
19389911,0,0
19401219,0,0
19403353,0,0
19404654,0,0
19459142,0,0
19466060,0,0
19470210,6,6
19470370,39,39
19472906,0,0
19474100,0,0
19475058,0,0
19404818,0,0
19407599,0,0
19407992,17,17
19408914,2,2
19409299,15,15
19412140,0,0
19412207,76,17
19413230,0,0
19413467,0,0
19413675,0,0
19414281,0,0
19475198,0,0
19478537,0,0
19485668,3,3
19487781,0,0
19489138,0,0
19490499,0,0
19504042,0,0
19414732,0,0
19415979,0,0
19424191,2,2
19424753,0,0
19430074,0,0
19430305,0,0
19438593,0,0
19438695,0,0
19438978,0,0
19439790,0,0
19440924,0,0
19455149,0,0
19505956,2,2
19523894,30,30
19528326,5,5
19531805,0,0
19532225,0,0
19538717,0,0
19692421,0,0
19693245,0,0
19694308,0,0
19695709,0,0
19696674,21,20
19697371,0,0
19699039,46,0
19699241,0,0
19700585,0,0
19700871,0,0
19701913,0,0
19542512,0,0
19544381,0,0
19544404,0,0
19545851,0,0
19548468,0,0
19550838,0,0
19553193,0,0
19553306,0,0
19554564,15,15
19555750,0,0
19709666,0,0
19710276,21,21
19710742,60,60
19712270,0,0
19716501,0,0
19717632,0,0
19718993,0,0
19719080,0,0
19720126,0,0
19731551,61,61
19732045,0,0
19558926,0,0
19563107,0,0
19563669,0,0
19566557,76,76
19568889,49,49
19568922,21,21
19571034,0,0
19572516,0,0
19573919,0,0
19583464,0,0
19583985,90,90
19587940,0,0
19734565,0,0
19735722,0,0
19736199,0,0
19743260,0,0
19743272,0,0
19744093,0,0
19745541,0,0
19747278,76,76
19748553,79,79
19757502,0,0
19757672,0,0
19760008,0,0
19588045,35,0
19588726,0,0
19590209,30,29
19596021,29,29
19602390,2,2
19602515,0,0
19602883,0,0
19606247,0,0
19606813,0,0
19766387,0,0
19766555,0,0
19766791,9,9
19767372,0,0
19767924,76,0
19768754,90,90
19768829,0,0
19769328,0,0
19769912,0,0
19780093,0,0
19784085,41,41
19618401,5,0
19618443,0,0
19619177,0,0
19621610,0,0
19622700,0,0
19622976,4,4
19784119,0,0
19785259,0,0
19785676,0,0
19786240,5,5
19787245,89,89
19791924,0,0
19801310,0,0
19801466,17,17
19803042,0,0
19803208,0,0
19803462,0,0
19805513,0,0
19623349,0,0
19623614,0,0
19634230,0,0
19638414,0,0
19639687,0,0
19645931,0,0
19806972,0,0
19808259,0,0
19808493,0,0
19811114,0,0
19811442,0,0
19811816,21,21
19819750,0,0
19825552,0,0
19827594,0,0
19828845,0,0
19831736,0,0
19836734,2,2
19650166,46,0
19651861,0,0
19655186,0,0
19659617,0,0
19660325,3,3
19660760,0,0
19661733,47,47
19837851,0,0
19841463,3,3
19843731,0,0
19844482,5,0
19845074,0,0
19845373,0,0
19847087,0,0
19847655,0,0
19853102,3,3
19857613,0,0
19859697,0,0
19671061,0,0
19861088,0,0
19861834,0,0
19862234,47,47
19862301,9,9
19862892,0,0
19866106,0,0
19867930,18,18
19873282,4,4
19873708,51,51
19875496,0,0
19876096,62,61
19673076,60,0
19673107,6,6
19673318,0,0
19876256,3,3
19876292,0,0
19880329,0,0
19888160,0,0
19888622,49,49
19889906,0,0
19891485,0,0
19891590,18,5
19891602,0,0
19892264,0,0
19674497,0,0
19675743,0,0
19677221,0,0
19679564,0,0
19691179,0,0
19691853,0,0
19692285,61,61
20055944,0,0
20056846,0,0
20070087,0,0
20071095,0,0
20073605,0,0
20073959,12,12
20075580,0,0
20076056,0,0
20085460,0,0
19893872,0,0
19894567,66,59
19903510,0,0
19905347,1,1
19906578,0,0
19908261,0,0
19910558,0,0
19910666,0,0
19912065,3,3
19912628,0,0
19912695,39,7
19914250,0,0
19915204,66,66
20089288,0,0
20089645,0,0
20090567,0,0
20091873,0,0
20092176,88,86
20111316,0,0
20119649,5,5
20120739,0,0
20122197,52,52
20125262,0,0
20131833,0,0
19915657,17,17
19915939,47,47
19922292,0,0
19923377,0,0
19929209,1,1
19930476,41,41
19933967,0,0
19943440,0,0
19944735,3,0
19945772,0,0
19949403,0,0
19951170,1,0
20134851,0,0
20137576,33,33
20145152,0,0
20147886,0,0
20149318,0,0
20151455,61,61
20153406,0,0
20154271,0,0
20163793,1,0
20164923,0,0
19952747,45,0
19960443,0,0
19961187,0,0
19968011,43,43
19968961,0,0
19969013,0,0
19969461,0,0
19970249,0,0
19980277,0,0
19981294,0,0
19981649,0,0
19983748,0,0
19986637,0,0
20171179,1,1
20171578,0,0
20173894,0,0
20174551,0,0
20175751,0,0
20176000,0,0
20177584,56,26
19991488,57,57
19998416,0,0
19999906,0,0
20000421,0,0
20005568,0,0
20009122,0,0
20011434,0,0
20013291,0,0
20013531,0,0
20014072,36,34
20014141,0,0
20016090,0,0
20184373,0,0
20186673,0,0
20187779,1,1
20190053,0,0
20191216,0,0
20191974,0,0
20193830,30,30
20194791,47,31
20195539,0,0
20196464,0,0
20202650,0,0
20202971,0,0
20206749,0,0
20211113,0,0
20213442,0,0
20213659,0,0
20213973,59,59
20215323,0,0
20017121,74,74
20026248,6,6
20028846,0,0
20028865,0,0
20029501,0,0
20031027,0,0
20031317,0,0
20031768,0,0
20033157,0,0
20035842,0,0
20040078,2,2
20044329,76,76
20216170,0,0
20223912,0,0
20227482,0,0
20231480,0,0
20232745,0,0
20233308,0,0
20045444,0,0
20045641,0,0
20047896,0,0
20048909,0,0
20051059,0,0
20055311,75,75
20055786,0,0
20314852,0,0
20321803,0,0
20325974,2,2
20326252,3,3
20328568,0,0
20235701,0,0
20242938,0,0
20245126,0,0
20245130,43,43
20248246,0,0
20250864,0,0
20255084,0,0
20329223,0,0
20331717,0,0
20333831,0,0
20337158,2,2
20353880,18,0
20356917,0,0
20358562,90,90
20364240,0,0
20365504,0,0
20369551,0,0
20385260,0,0
20256027,0,0
20257357,0,0
20257840,2,2
20263650,0,0
20277675,0,0
20280692,0,0
20282225,0,0
20385797,0,0
20387176,0,0
20387644,61,61
20390046,0,0
20390786,0,0
20394608,0,0
20394813,0,0
20394850,0,0
20396246,0,0
20401541,0,0
20403568,20,20
20284463,0,0
20285257,0,0
20285258,0,0
20286539,6,0
20287322,0,0
20297560,0,0
20302347,0,0
20304291,3,0
20305160,0,0
20305785,0,0
20306472,0,0
20573255,0,0
20573565,0,0
20581903,0,0
20582991,0,0
20583124,0,0
20406188,0,0
20406627,0,0
20406982,1,1
20407916,67,35
20412160,0,0
20418684,0,0
20424288,0,0
20425060,0,0
20427684,2,2
20435636,0,0
20583325,0,0
20583769,0,0
20587133,0,0
20588062,0,0
20590743,0,0
20590800,6,6
20605308,0,0
20607037,0,0
20608117,0,0
20608954,0,0
20435714,0,0
20437726,0,0
20441901,60,60
20459381,0,0
20459818,1,1
20464496,0,0
20474033,0,0
20479561,0,0
20479960,75,75
20480133,0,0
20480431,3,0
20480983,68,0
20609092,0,0
20609505,0,0
20612742,0,0
20619757,0,0
20620313,0,0
20621540,0,0
20622825,0,0
20623171,0,0
20624900,90,89
20481653,0,0
20481814,0,0
20483387,0,0
20483469,0,0
20491800,0,0
20495736,0,0
20497853,0,0
20498261,0,0
20499306,0,0
20501444,0,0
20504573,0,0
20506551,0,0
20521092,0,0
20628186,32,32
20632255,0,0
20636416,0,0
20640353,65,65
20649522,0,0
20649922,0,0
20650685,0,0
20522971,0,0
20523843,0,0
20527413,0,0
20532490,0,0
20534562,0,0
20552326,3,3
20552425,0,0
20552544,0,0
20553283,2,2
20555569,0,0
20556622,0,0
20651049,0,0
20651206,0,0
20651581,18,0
20653090,0,0
20662043,79,79
20663721,8,8
20663839,0,0
20665380,0,0
20667471,0,0
20668002,0,0
20677750,0,0
20678724,37,37
20678811,74,74
20557017,0,0
20561751,0,0
20568215,0,0
20569589,0,0
20570202,0,0
20570291,0,0
20570327,20,20
20571263,0,0
20572019,0,0
20572398,0,0
20572472,16,16
20572837,0,0
20572848,68,21
20679146,0,0
20682422,0,0
20685890,0,0
20688524,67,67
20688624,0,0
20692462,6,0
20696496,0,0
20788590,0,0
20789361,0,0
20795854,0,0
20801388,0,0
20801864,40,40
20802860,0,0
20811403,0,0
20811420,0,0
20812365,0,0
20812587,26,26
20814067,0,0
20697209,0,0
20698375,0,0
20698477,2,2
20710022,0,0
20711342,0,0
20711534,0,0
20714088,3,0
20714171,3,3
20714304,30,0
20814478,0,0
20815250,0,0
20815350,2,0
20816032,0,0
20817201,0,0
20818955,6,6
20826953,0,0
20827801,3,3
20832523,0,0
20832768,0,0
20833958,3,3
20835909,76,76
20714517,3,3
20720290,68,68
20723015,0,0
20726517,0,0
20730891,0,0
20738759,0,0
20738991,0,0
20836787,0,0
20843601,0,0
20844580,36,36
20844601,0,0
20845031,46,46
20849060,6,6
20849101,2,0
20857108,15,15
20857788,0,0
20862285,2,2
20740322,0,0
20744654,49,49
20745004,0,0
20755255,0,0
20757519,0,0
20758288,0,0
20758395,0,0
20761266,0,0
20761296,0,0
20761404,45,45
20763209,19,19
20770559,0,0
20770969,0,0
20772650,1,1
20778074,0,0
20873362,0,0
20881198,0,0
20886432,1,1
20887028,0,0
20895982,0,0
20896520,0,0
20897863,0,0
20897952,49,49
20899010,0,0
20900299,0,0
20900545,0,0
20901715,0,0
20783811,0,0
20786225,19,0
20787735,0,0
21010072,0,0
21010586,0,0
21011532,0,0
21011623,0,0
21013416,90,90
21014202,0,0
21014919,0,0
21015751,0,0
20902644,0,0
20904409,0,0
20912594,11,11
20914425,0,0
20914711,0,0
20915427,3,3
20915909,0,0
20916311,0,0
20916679,0,0
20917909,0,0
20918850,0,0
20919726,0,0
21022330,0,0
21025488,0,0
21025840,0,0
21027809,20,16
21029490,0,0
21029655,0,0
21034242,32,32
21038471,0,0
20928429,0,0
20932707,0,0
20933293,64,64
20933850,46,46
20934056,0,0
20934059,21,21
20934581,0,0
20936537,0,0
20941086,0,0
20942873,36,36
21041595,0,0
21042534,0,0
21044649,0,0
21057693,0,0
21066041,0,0
21073975,1,1
21076625,29,29
21078963,0,0
20947070,0,0
20951141,76,76
20957575,0,0
20960203,39,39
20968000,0,0
20969532,44,43
20970380,0,0
20970656,0,0
20970822,0,0
20970844,0,0
21080763,51,51
21088999,0,0
21089520,0,0
21090094,19,19
21091355,53,53
21094022,0,0
21095257,0,0
21098387,0,0
20981954,0,0
20989220,3,3
20990053,0,0
20990607,0,0
20990770,90,90
20991704,0,0
20999025,64,60
21006224,0,0
21008007,0,0
21228962,0,0
21230082,59,45
21098555,2,2
21098717,0,0
21098848,1,1
21098980,0,0
21105248,0,0
21110331,0,0
21110709,5,0
21118650,0,0
21120183,0,0
21138554,0,0
21139788,0,0
21139995,0,0
21230233,2,2
21230688,0,0
21239226,0,0
21239497,0,0
21239885,0,0
21241829,0,0
21247657,6,6
21248835,0,0
21249676,0,0
21253783,0,0
21253972,0,0
21254023,0,0
21141576,0,0
21148021,0,0
21148292,7,7
21148829,0,0
21149901,0,0
21151898,0,0
21160614,14,0
21161707,27,27
21164579,0,0
21172924,0,0
21254718,0,0
21254856,0,0
21261549,0,0
21262243,48,48
21263120,0,0
21264068,0,0
21264131,0,0
21264903,89,89
21273425,81,81
21274308,60,60
21275645,0,0
21173134,16,16
21174364,0,0
21175036,9,0
21182937,76,75
21183312,0,0
21184173,0,0
21188044,0,0
21188555,0,0
21191264,0,0
21192158,19,19
21192284,1,1
21192364,2,2
21192430,1,1
21195408,0,0
21198038,0,0
21199546,76,76
21275837,0,0
21279172,0,0
21280280,3,3
21282152,0,0
21282439,0,0
21283507,0,0
21287982,0,0
21289522,0,0
21291783,0,0
21293326,35,25
21295182,0,0
21202563,0,0
21203987,89,83
21204007,0,0
21204122,0,0
21205650,1,1
21205810,1,1
21205891,4,4
21206002,0,0
21206529,0,0
21209950,0,0
21213799,54,54
21216288,9,0
21295951,8,8
21296227,0,0
21296249,0,0
21296642,4,4
21304935,0,0
21305125,0,0
21309659,0,0
21310073,0,0
21311240,2,2
21313668,0,0
21216917,0,0
21217074,59,59
21218250,0,0
21223569,31,31
21546425,0,0
21317156,0,0
21321273,0,0
21322272,0,0
21325114,0,0
21325259,15,15
21326923,0,0
21327327,0,0
21327397,0,0
21343278,0,0
21354525,76,75
21355005,0,0
21548325,0,0
21549554,31,31
21550717,0,0
21551817,0,0
21551829,0,0
21558456,0,0
21560584,0,0
21563187,2,2
21565682,0,0
21566909,20,20
21568341,5,5
21355102,0,0
21356124,47,2
21357119,0,0
21364301,0,0
21365714,0,0
21365786,0,0
21366268,0,0
21366948,38,38
21368441,0,0
21369232,64,54
21378053,0,0
21569360,0,0
21570741,29,29
21577526,0,0
21580765,0,0
21581457,0,0
21583199,0,0
21583472,0,0
21588023,74,74
21588805,0,0
21589780,21,21
21593310,0,0
21379577,0,0
21380140,64,0
21383288,3,3
21384768,0,0
21384941,0,0
21386117,0,0
21386179,0,0
21390251,0,0
21397638,0,0
21398486,20,20
21404524,0,0
21405904,37,37
21595000,50,50
21596214,0,0
21596559,0,0
21610552,0,0
21612043,0,0
21618022,0,0
21618858,8,0
21407514,0,0
21410257,0,0
21410794,18,0
21411274,34,34
21413190,18,18
21421478,0,0
21421657,58,58
21422090,0,0
21424914,0,0
21427369,3,3
21428231,0,0
21428791,0,0
21619569,83,81
21619743,0,0
21620322,0,0
21620762,71,70
21621154,0,0
21621231,0,0
21621926,53,53
21622558,0,0
21623610,21,21
21630186,0,0
21632846,0,0
21434692,90,89
21435622,0,0
21437509,0,0
21446922,0,0
21450176,0,0
21458972,0,0
21460197,0,0
21461282,3,3
21461615,0,0
21461874,0,0
21462212,0,0
21635015,0,0
21635603,4,0
21638538,0,0
21642874,0,0
21643550,25,25
21644783,0,0
21646774,0,0
21468762,0,0
21470099,0,0
21472364,0,0
21473222,0,0
21474497,0,0
21477500,6,6
21477816,0,0
21481778,0,0
21483857,76,76
21485026,20,19
21487004,0,0
21647076,0,0
21647527,0,0
21647932,54,54
21648513,0,0
21649695,0,0
21651270,0,0
21652744,0,0
21664533,82,82
21665632,3,3
21666225,0,0
21667120,0,0
21673998,0,0
21674032,0,0
21675338,0,0
21676677,0,0
21677581,0,0
21678477,0,0
21680639,0,0
21490787,0,0
21496794,28,28
21501507,0,0
21501622,5,5
21504818,0,0
21505197,17,17
21512977,0,0
21515092,0,0
21518777,0,0
21520497,0,0
21522562,0,0
21524489,2,2
21680914,0,0
21682816,0,0
21683672,0,0
21684019,0,0
21689998,36,36
21693657,0,0
21694908,75,75
21695292,0,0
21539105,0,0
21539835,0,0
21541423,0,0
21715735,0,0
21726358,11,11
21727418,0,0
21727742,0,0
21727923,0,0
21728670,2,0
21729245,0,0
21732716,0,0
21695415,0,0
21700026,0,0
21700378,0,0
21700414,0,0
21706896,0,0
21709374,0,0
21712595,0,0
21713358,0,0
21713419,0,0
21713551,0,0
21714930,34,34
21736059,0,0
21736164,0,0
21736598,0,0
21737389,0,0
21737409,0,0
21737535,0,0
21738540,0,0
21740756,0,0
21741106,0,0
21745569,0,0
21748242,0,0
21750219,51,0
21715410,85,85
21851016,0,0
21851228,43,43
21851700,0,0
21852332,0,0
21852759,47,47
21853347,2,2
21854495,63,63
21751275,0,0
21752880,0,0
21754369,0,0
21754946,0,0
21755710,51,51
21755954,0,0
21756084,0,0
21762776,0,0
21762969,0,0
21764434,0,0
21764442,0,0
21764778,0,0
21859359,0,0
21860011,0,0
21862155,18,17
21867440,0,0
21867771,0,0
21868116,0,0
21868813,0,0
21869546,0,0
21870396,0,0
21877805,0,0
21878080,0,0
21879760,0,0
21765895,0,0
21766524,0,0
21766709,75,74
21767672,0,0
21769638,24,22
21771169,0,0
21771454,0,0
21774455,69,69
21778446,0,0
21780433,0,0
21781859,0,0
21881605,0,0
21881709,0,0
21882095,5,5
21885522,0,0
21885667,0,0
21891406,0,0
21892596,0,0
21893129,0,0
21895262,0,0
21897846,5,0
21898732,0,0
21899241,0,0
21783251,59,59
21783298,0,0
21783724,0,0
21784437,0,0
21786337,0,0
21786958,9,9
21787094,0,0
21788734,0,0
21789193,0,0
21802923,0,0
21804600,2,2
21804666,0,0
21899575,0,0
21901025,9,9
21906858,0,0
21907916,0,0
21908184,0,0
21909291,0,0
21913859,0,0
21922407,0,0
21924815,0,0
21925948,0,0
21926279,0,0
21931508,21,21
21932460,36,0
21932693,0,0
21932977,0,0
21933065,0,0
21809773,0,0
21811459,0,0
21813179,0,0
21814906,0,0
21815074,0,0
21815842,0,0
21816278,0,0
21816519,0,0
21816757,0,0
21817570,0,0
21817889,25,25
21818110,64,62
21934181,0,0
21934601,0,0
21934873,1,1
21935245,0,0
21935551,0,0
21935608,0,0
21935727,0,0
21822611,75,75
21822619,0,0
21825464,0,0
21825897,0,0
21826403,0,0
21827355,0,0
21828822,0,0
21829006,0,0
21836461,0,0
21836754,7,7
21836784,0,0
21939817,0,0
21942269,0,0
21943047,0,0
21946495,0,0
21947012,0,0
21948799,0,0
21949305,9,9
21950012,0,0
21950350,0,0
21950806,0,0
21950963,0,0
21956264,2,2
21837620,0,0
21838230,46,46
21839960,0,0
21845187,0,0
21850082,0,0
21850364,0,0
21850834,3,3
21980723,2,2
21981313,0,0
21982223,0,0
21982618,0,0
21983066,0,0
21959695,0,0
21959796,0,0
21963428,0,0
21963575,0,0
21964596,0,0
21965717,0,0
21966758,0,0
21967336,0,0
21967615,0,0
21968568,0,0
21970259,0,0
21970350,0,0
21970487,5,5
21984342,0,0
21985070,0,0
21989166,55,55
21994561,0,0
21995883,0,0
21997208,0,0
22000376,0,0
22000430,0,0
22002827,0,0
22005812,0,0
22010163,0,0
21973105,16,3
21978019,0,0
21978558,0,0
21979050,0,0
21979898,0,0
21980316,0,0
22151067,0,0
22151092,37,37
22151598,0,0
22151798,0,0
22152232,0,0
22152785,0,0
22153425,0,0
22153909,0,0
22154118,0,0
22157683,0,0
22010343,0,0
22011311,0,0
22015654,0,0
22017804,0,0
22019218,75,75
22019711,0,0
22019912,0,0
22020298,0,0
22020696,15,15
22028251,0,0
22028307,0,0
22031456,0,0
22157982,0,0
22160989,0,0
22161900,0,0
22165797,0,0
22167066,0,0
22173625,76,76
22031905,0,0
22041636,0,0
22050058,0,0
22050355,20,0
22050927,0,0
22051488,0,0
22057431,0,0
22059169,0,0
22059613,0,0
22060065,0,0
22173887,0,0
22174482,0,0
22175928,0,0
22176062,0,0
22176068,0,0
22176678,0,0
22176782,0,0
22060924,0,0
22062860,0,0
22064022,0,0
22064262,1,1
22065693,0,0
22066317,0,0
22066430,0,0
22066551,0,0
22066865,0,0
22079387,1,1
22080281,0,0
22081741,0,0
22184960,0,0
22187361,77,77
22188050,0,0
22188609,0,0
22188812,0,0
22191121,0,0
22191302,0,0
22191646,0,0
22192417,0,0
22192616,0,0
22195204,0,0
22203739,0,0
22082903,17,17
22084212,0,0
22084321,0,0
22085185,0,0
22086471,0,0
22087030,0,0
22087093,0,0
22088276,0,0
22088301,49,49
22088784,0,0
22096182,31,0
22098435,0,0
22100970,39,39
22204856,0,0
22205280,0,0
22205619,0,0
22206345,0,0
22206601,0,0
22207978,0,0
22208315,0,0
22209681,0,0
22210721,0,0
22101034,0,0
22105520,0,0
22106002,0,0
22107368,0,0
22107514,17,0
22107619,0,0
22108302,0,0
22109695,0,0
22109870,41,40
22117983,0,0
22213508,0,0
22213572,0,0
22214383,0,0
22214408,0,0
22214478,0,0
22214594,0,0
22224639,39,0
22226334,31,31
22227015,0,0
22229755,90,90
22231811,10,10
22119375,0,0
22122470,0,0
22122723,0,0
22125701,0,0
22126122,0,0
22139932,0,0
22142173,0,0
22142447,0,0
22142636,0,0
22144662,0,0
22147426,0,0
22148073,15,15
22232328,0,0
22233024,0,0
22238046,0,0
22243957,0,0
22244184,0,0
22245492,59,57
22246770,0,0
22247316,0,0
22249013,0,0
22249256,0,0
22150956,0,0
22280432,0,0
22280482,0,0
22282513,0,0
22288453,0,0
22289185,0,0
22290580,0,0
22294028,73,73
22294260,0,0
22295587,0,0
22295591,0,0
22249805,0,0
22250850,0,0
22251000,0,0
22251884,30,30
22252595,0,0
22258326,2,2
22258880,0,0
22259472,0,0
22260331,0,0
22264539,0,0
22302587,0,0
22303888,1,1
22304757,0,0
22305350,0,0
22306969,0,0
22308180,0,0
22308824,0,0
22309027,0,0
22309568,0,0
22312886,0,0
22321322,0,0
22264586,0,0
22266538,0,0
22266609,0,0
22275245,0,0
22276159,0,0
22276602,20,0
22277909,0,0
22279816,0,0
22280002,0,0
22280395,0,0
22280404,0,0
22436899,0,0
22440046,0,0
22445948,0,0
22321716,30,30
22324683,6,6
22328208,0,0
22330756,0,0
22336423,0,0
22337162,0,0
22338613,0,0
22338852,0,0
22339264,0,0
22340384,0,0
22341660,0,0
22342020,0,0
22342911,20,20
22445969,89,89
22446079,0,0
22448487,6,0
22448627,0,0
22450143,33,33
22452278,45,44
22453638,0,0
22454253,0,0
22454537,0,0
22343274,0,0
22343553,0,0
22343909,4,4
22344067,0,0
22344483,88,88
22345693,0,0
22346131,44,43
22350243,0,0
22353870,0,0
22354598,0,0
22355505,0,0
22356093,0,0
22460607,0,0
22460669,0,0
22462797,0,0
22463977,0,0
22465327,0,0
22471099,0,0
22480209,21,21
22481246,0,0
22481840,0,0
22482376,0,0
22483776,0,0
22484057,0,0
22485658,90,90
22356845,0,0
22360216,0,0
22360657,0,0
22361657,0,0
22367196,0,0
22368370,0,0
22370339,0,0
22371868,0,0
22372893,0,0
22374799,1,1
22376011,0,0
22376093,38,38
22503340,0,0
22504678,0,0
22505480,0,0
22512408,0,0
22514608,0,0
22515792,0,0
22516899,0,0
22530764,0,0
22531031,21,0
22376956,0,0
22385672,0,0
22387975,0,0
22389035,28,26
22389296,17,15
22392030,0,0
22393526,0,0
22395320,0,0
22396932,30,30
22397992,0,0
22401504,90,90
22406251,0,0
22531866,0,0
22534758,0,0
22545036,0,0
22545284,0,0
22546236,0,0
22407389,0,0
22408527,0,0
22409073,0,0
22409377,0,0
22409448,0,0
22409935,0,0
22410359,0,0
22411635,0,0
22417648,1,1
22421636,0,0
22431770,8,0
22432497,0,0
22548780,0,0
22550289,0,0
22551923,0,0
22567430,13,13
22568389,0,0
22570044,0,0
22574255,88,88
22434861,0,0
22435019,0,0
22436168,0,0
22436287,49,49
22734359,0,0
22734514,0,0
22735103,0,0
22735497,0,0
22750988,53,53
22751177,63,63
22751525,0,0
22584507,0,0
22586049,0,0
22588755,28,28
22589500,0,0
22751906,0,0
22753912,0,0
22754110,0,0
22763812,0,0
22766296,89,89
22770831,0,0
22772191,89,89
22772570,81,81
22775292,0,0
22781825,0,0
22785118,14,14
22601143,0,0
22602996,0,0
22611108,0,0
22611675,0,0
22618211,0,0
22627980,0,0
22628471,0,0
22631617,0,0
22632338,83,83
22634088,0,0
22638243,0,0
22651614,0,0
22789426,0,0
22793472,16,16
22793957,0,0
22794719,2,2
22797978,0,0
22802275,0,0
22811128,0,0
22812324,0,0
22818498,0,0
22828487,90,90
22842124,0,0
22653782,2,2
22665392,0,0
22671517,0,0
22676015,0,0
22683699,3,0
22683927,0,0
22685532,0,0
22688059,0,0
22846744,0,0
22847975,0,0
22850413,0,0
22851242,45,45
22852435,76,76
22862793,0,0
22862864,0,0
22862877,38,38
22862882,0,0
22863062,0,0
22869573,0,0
22878070,0,0
22689135,0,0
22691267,0,0
22699847,0,0
22702906,0,0
22878715,20,20
22881110,16,15
22885310,0,0
22904809,0,0
22906559,0,0
22919133,0,0
22921200,0,0
22926900,0,0
22928216,0,0
22928943,0,0
22929942,0,0
22937557,0,0
22702994,0,0
22703494,0,0
22703920,0,0
22704069,0,0
22704461,0,0
22704580,0,0
22705115,3,3
22705822,14,14
22705963,0,0
22727785,0,0
23024065,0,0
23024146,0,0
23026309,48,48
22946348,0,0
22951923,37,37
22955342,0,0
22956955,0,0
22957090,0,0
22961758,3,0
22964396,4,4
22969403,0,0
22970376,0,0
22971234,3,3
22972328,0,0
23027784,8,8
23034152,0,0
23040115,65,44
23041312,0,0
23045873,82,82
23052180,16,16
23052964,16,16
23053827,0,0
23054077,0,0
23054855,3,3
23055816,0,0
23056508,31,31
23058456,0,0
23059611,3,3
22972357,0,0
22972832,0,0
22975958,0,0
22978756,0,0
22979825,0,0
22980907,0,0
22981126,0,0
22986248,0,0
22987769,9,9
22994960,0,0
22997928,0,0
22998748,58,26
23060192,87,87
23060916,0,0
23061070,0,0
23061804,59,59
23072308,0,0
23074259,0,0
23074722,0,0
23076968,0,0
23077115,0,0
23078904,0,0
23084751,0,0
23088947,73,0
23090887,0,0
23001611,0,0
23002312,0,0
23002904,20,20
23004107,75,75
23005685,0,0
23006397,0,0
23017828,0,0
23019746,0,0
23023423,0,0
23336877,0,0
23340718,15,15
23344243,16,16
23091135,0,0
23092823,0,0
23093320,0,0
23097802,0,0
23100862,0,0
23102299,0,0
23103116,0,0
23105764,0,0
23107316,47,47
23116453,0,0
23351120,0,0
23354992,0,0
23358593,0,0
23358691,0,0
23359277,0,0
23360409,0,0
23376196,18,18
23376943,0,0
23377365,0,0
23377713,0,0
23388053,0,0
23392375,0,0
23120142,38,3
23120678,0,0
23128067,5,0
23128247,0,0
23130144,26,0
23131033,0,0
23139647,0,0
23144059,0,0
23147603,0,0
23147808,0,0
23149791,16,16
23150033,0,0
23158770,0,0
23393043,6,6
23412268,7,0
23413509,23,22
23425584,0,0
23427160,0,0
23430085,0,0
23432542,6,6
23433516,0,0
23434788,0,0
23435040,0,0
23435772,0,0
23166556,30,1
23169146,0,0
23177964,0,0
23184752,0,0
23188573,0,0
23188871,0,0
23200628,61,61
23202549,75,75
23216187,0,0
23219361,16,16
23435916,1,1
23436437,29,0
23437788,56,56
23437793,0,0
23438247,61,61
23449282,0,0
23451337,3,3
23454165,75,75
23455106,0,0
23466034,0,0
23466099,0,0
23224129,1,1
23230395,80,80
23235101,0,0
23252265,0,0
23256023,0,0
23256828,0,0
23256946,0,0
23258602,0,0
23271535,30,0
23466360,0,0
23469535,76,76
23469548,0,0
23484328,0,0
23485307,2,0
23489726,76,76
23507660,0,0
23515323,0,0
23536265,1,1
23541451,0,0
23560187,0,0
23565676,0,0
23273907,1,1
23274386,0,0
23275013,0,0
23275777,46,46
23277230,90,90
23288667,3,3
23290179,0,0
23572577,0,0
23574142,0,0
23579705,2,2
23581183,0,0
23593582,0,0
23593842,37,37
23594177,0,0
23595013,0,0
23597076,76,76
23597323,0,0
23609559,0,0
23292216,0,0
23301706,0,0
23311374,0,0
23312524,0,0
23322737,0,0
23327138,0,0
23669201,0,0
23671775,0,0
23683924,0,0
23685538,0,0
23692933,2,2
23710983,0,0
23712143,53,53
23610557,0,0
23612855,0,0
23613174,0,0
23622168,0,0
23623267,0,0
23624930,0,0
23627589,0,0
23629119,0,0
23629364,17,0
23631288,1,1
23647298,0,0
23714854,0,0
23714915,0,0
23715974,0,0
23717291,0,0
23718065,6,6
23723970,0,0
23726935,82,80
23727037,47,20
23727923,17,17
23728057,0,0
23746794,76,76
23747870,0,0
23747957,38,38
23748179,0,0
23750601,2,0
23753775,0,0
23648504,9,0
23650008,0,0
23650259,0,0
23650568,3,3
23651443,1,1
23656206,71,65
23661533,5,5
23661749,0,0
23667137,0,0
23668975,0,0
23756498,0,0
23760365,66,0
23763367,3,1
23763873,0,0
23768711,0,0
23769218,0,0
23772336,0,0
23772767,46,46
23781939,0,0
23784498,0,0
23784779,77,77
23669006,0,0
23669140,0,0
24034953,0,0
24038899,0,0
24040279,0,0
24042606,0,0
24057278,0,0
24057583,0,0
24065918,0,0
24075491,0,0
24083125,58,58
23785875,2,2
23792656,17,11
23803836,0,0
23807257,0,0
23808650,47,8
23808895,0,0
24083340,0,0
24083686,0,0
24083746,0,0
24086178,0,0
24086457,3,3
24097816,0,0
24103912,0,0
24115562,32,32
24119876,9,9
24129287,0,0
24131843,0,0
24136172,48,48
23809758,0,0
23810123,15,0
23810398,2,0
23821848,0,0
23826739,0,0
23838400,0,0
23838734,0,0
23839013,2,2
23839337,0,0
23840461,61,61
23841481,21,21
24136557,66,66
24137748,0,0
24137869,1,1
24140198,0,0
24140556,0,0
24151237,0,0
24154729,0,0
24157013,0,0
24157110,0,0
24158806,0,0
24162261,3,3
23844034,21,21
23855529,0,0
23857515,0,0
23859834,0,0
23869761,0,0
23873057,0,0
23876355,44,44
23881522,0,0
23894317,0,0
23901779,61,61
23901908,0,0
23901975,0,0
23905542,0,0
23918586,0,0
24171777,0,0
24175236,0,0
24177410,0,0
24178083,1,1
24181763,22,22
24186326,0,0
24199400,0,0
24203680,0,0
24206044,3,0
24226175,0,0
24229203,0,0
23922304,64,64
23923562,90,90
23924234,75,75
23943945,0,0
23952724,0,0
23957636,66,66
24230591,0,0
24234359,0,0
24239222,0,0
24251237,0,0
24260247,21,21
24260404,0,0
24267706,0,0
24269100,0,0
24269196,90,90
24276835,34,34
23958542,0,0
23959939,0,0
23964830,7,7
23965460,0,0
24282118,60,60
24288869,0,0
24299542,0,0
24308988,0,0
24326705,0,0
24331953,0,0
24336268,42,42
24350254,55,54
24351719,1,1
24352967,0,0
24356861,0,0
23978220,0,0
23979192,0,0
23979686,0,0
23980153,0,0
23990128,0,0
24357562,0,0
24370692,0,0
24372429,0,0
24374487,0,0
24375566,72,0
24376374,49,49
24380794,0,0
24397824,0,0
24398061,0,0
24398725,16,16
23992058,0,0
23992829,0,0
24016962,0,0
24017521,40,0
24019698,0,0
24022894,20,20
24805249,47,31
24412104,0,0
24412681,0,0
24426631,0,0
24431407,0,0
24438437,20,0
24438564,20,20
24448560,0,0
24453838,75,75
24473230,48,39
24473713,85,85
24480789,0,0
24491450,0,0
24806141,0,0
24808312,0,0
24816051,5,0
24491524,0,0
24493475,9,9
24497080,16,16
24497152,90,90
24497202,76,76
24509757,0,0
24514490,0,0
24515198,33,31
24518005,0,0
24525290,89,89
24833117,0,0
24833279,0,0
24834058,0,0
24845719,75,75
24851371,0,0
24852364,0,0
24852797,0,0
24852836,0,0
24855025,0,0
24857723,0,0
24535218,0,0
24538110,0,0
24540842,2,2
24540935,0,0
24541153,0,0
24553427,0,0
24561322,0,0
24572398,0,0
24575257,0,0
24578394,21,21
24580129,0,0
24866378,3,3
24887028,0,0
24889024,60,30
24889922,0,0
24892670,0,0
24580422,0,0
24580806,75,75
24580943,75,75
24582124,0,0
24583029,0,0
24583519,0,0
24599452,0,0
24600833,0,0
24602796,0,0
24604281,74,74
24607287,0,0
24893488,0,0
24893756,56,56
24894476,0,0
24896472,0,0
24906413,0,0
24907355,0,0
24907920,82,82
24910042,0,0
24910361,6,6
24912129,3,3
24607378,3,3
24607763,25,25
24608922,0,0
24611661,0,0
24626439,0,0
24626621,38,38
24630272,0,0
24632516,21,21
24633702,48,0
24635041,0,0
24635506,0,0
24913510,0,0
24916202,0,0
24644837,16,16
24653197,0,0
24653322,0,0
24653572,0,0
24655390,36,36
24657328,3,3
24667053,0,0
24676594,0,0
24677926,76,76
24692025,0,0
24696044,0,0
24698043,0,0
24699045,27,27
24916571,0,0
24919398,0,0
24919725,0,0
24920771,23,23
24921526,0,0
24921584,0,0
24699891,0,0
24700123,12,12
24700919,0,0
24700984,0,0
24709525,0,0
24714137,0,0
24715838,0,0
24727745,0,0
24728012,0,0
24729169,0,0
24733275,0,0
24734680,0,0
24921735,0,0
24922519,0,0
24930848,0,0
24936179,0,0
24939648,0,0
24943768,0,0
24945253,0,0
24734792,0,0
24736896,84,84
24746840,0,0
24748187,0,0
24757612,0,0
24757844,0,0
24758512,0,0
24758664,52,0
24758883,0,0
24772022,0,0
24779271,0,0
24783060,0,0
24945710,0,0
24946477,0,0
24947076,0,0
24955805,0,0
24959295,0,0
24960138,46,46
24961967,6,6
24784400,0,0
24799677,0,0
24799807,0,0
24804386,0,0
25135206,0,0
25135607,0,0
25137887,3,3
25138149,0,0
25138975,0,0
25140559,0,0
25141552,75,75
24963166,0,0
24966197,0,0
24970711,0,0
24970982,15,15
24973698,7,7
24983084,25,25
24984762,0,0
24990534,24,24
24993467,0,0
24993470,3,3
24996332,61,60
25004276,0,0
25155302,0,0
25157160,0,0
25163519,0,0
25167819,0,0
25168678,0,0
25182363,90,90
25183213,0,0
25187461,0,0
25187576,26,0
25188064,32,32
25188424,11,11
25006193,0,0
25007110,0,0
25012767,0,0
25029794,0,0
25029982,0,0
25031182,0,0
25033659,12,12
25033991,0,0
25048895,0,0
25054951,0,0
25193004,36,0
25205768,0,0
25206790,0,0
25212748,0,0
25221993,76,76
25226807,0,0
25231230,0,0
25232008,20,20
25235760,4,4
25251220,36,36
25255024,51,51
25257884,82,82
25263845,0,0
25274961,21,21
25277702,5,5
25280641,0,0
25284006,0,0
25285159,0,0
25289848,0,0
25293702,0,0
25293994,0,0
25294851,71,52
25056252,0,0
25056684,0,0
25057198,0,0
25069823,0,0
25071113,9,9
25071168,16,16
25076765,0,0
25082817,3,3
25296394,6,6
25313204,67,67
25313748,0,0
25315860,0,0
25316571,20,20
25317793,29,29
25325029,0,0
25328184,0,0
25340524,50,0
25342124,0,0
25346963,7,7
25097211,0,0
25108878,16,16
25124293,0,0
25134311,90,90
25134894,0,0
25515856,0,0
25517197,9,9
25517407,0,0
25518572,42,42
25519328,20,0
25519971,0,0
25533504,0,0
25534630,0,0
25535697,0,0
25348369,0,0
25350875,90,90
25356602,0,0
25369739,32,32
25374003,0,0
25379703,0,0
25416257,0,0
25416424,0,0
25421873,0,0
25422338,0,0
25425106,9,9
25537456,45,0
25540851,0,0
25543393,12,12
25552076,0,0
25554120,0,0
25582365,0,0
25587778,0,0
25443451,18,18
25448433,0,0
25456714,63,63
25458237,90,90
25460977,36,0
25471574,1,0
25475518,20,20
25476838,76,76
25483095,0,0
25484398,0,0
25589726,0,0
25614818,0,0
25619849,5,0
25626152,43,43
25638322,0,0
25669472,61,61
25484515,0,0
25486302,90,90
25488542,0,0
25489369,63,0
25491908,0,0
25492095,0,0
25492295,0,0
25502145,78,78
25503835,6,6
25506725,49,48
25508055,0,0
25673898,0,0
25674371,3,0
25677480,0,0
25678522,76,76
25689024,30,30
25710052,0,0
25719557,0,0
25719757,0,0
25734018,28,28
25745070,0,0
25745372,0,0
25745458,0,0
25774787,0,0
25775969,0,0
25779464,90,90
25779937,58,58
25510480,0,0
25511717,0,0
25980294,0,0
25982839,0,0
25997748,21,21
25997937,7,7
25998057,0,0
26000019,2,2
26002246,3,3
26004664,0,0
26005975,3,3
26006376,14,0
26010424,0,0
25781295,58,58
25782818,78,78
25784618,38,0
25798517,0,0
25798995,0,0
25804387,0,0
25804768,0,0
25807815,1,1
25812079,3,0
26013177,14,14
26025308,0,0
26025770,0,0
26026904,31,29
26032155,0,0
26036438,0,0
26038825,16,16
26038936,0,0
26040453,20,0
26043558,2,2
26050704,0,0
25812700,60,60
25812971,74,17
25813796,0,0
25823670,86,86
25834338,0,0
26053340,0,0
26055709,0,0
26057878,0,0
26064779,2,2
26074006,81,81
26085355,0,0
26093497,9,9
26108084,0,0
26125053,0,0
26126894,0,0
26127726,0,0
25834425,0,0
25839759,0,0
25842433,23,23
26127981,2,2
26129308,0,0
26131183,0,0
26131606,60,60
26131794,0,0
26134638,0,0
26136583,0,0
26137379,76,76
26138483,0,0
26138702,0,0
25867636,0,0
25868383,76,76
25870448,0,0
25870840,0,0
25871075,0,0
25871304,54,54
25885278,3,0
26139590,0,0
26149494,73,73
26157426,0,0
26163413,50,50
26164606,0,0
26167182,0,0
26183173,0,0
26186295,0,0
26190559,0,0
26190785,0,0
26198112,0,0
25887818,0,0
25892765,0,0
25895132,0,0
25904988,20,20
25905991,0,0
25909160,0,0
25911322,0,0
25912647,0,0
25914515,0,0
25917853,89,89
25940097,0,0
25943177,42,42
25943635,0,0
25944708,54,54
25946015,0,0
25948697,0,0
25961778,0,0
25963570,24,20
25967331,0,0
26221105,2,2
26221423,0,0
26225021,0,0
26229979,0,0
26232008,0,0
26235873,0,0
26240434,0,0
26249051,0,0
26249544,15,0
26250476,0,0
26251173,0,0
26251408,0,0
26254270,0,0
25970374,75,75
25971027,0,0
25972171,0,0
25972861,0,0
26327452,3,3
26327565,0,0
26331103,73,73
26257823,0,0
26270554,0,0
26271462,0,0
26271688,37,37
26274490,44,44
26277801,0,0
26278372,0,0
26280662,0,0
26283982,0,0
26291721,0,0
26294354,0,0
26332468,0,0
26333975,43,43
26344667,0,0
26295433,0,0
26295450,0,0
26297631,2,2
26301985,0,0
26304163,0,0
26313558,0,0
26324904,0,0
26741585,32,32
26741642,16,16
26743587,0,0
26743923,11,9
26350983,0,0
26351621,0,0
26352096,0,0
26357145,0,0
26357357,0,0
26357377,0,0
26357960,0,0
26358694,0,0
26744053,0,0
26747129,0,0
26747248,27,27
26747409,0,0
26755702,35,35
26774025,2,0
26774653,0,0
26779818,0,0
26786964,3,3
26803556,34,28
26803876,0,0
26805201,0,0
26362898,0,0
26370425,0,0
26385422,1,1
26387184,0,0
26388810,0,0
26391060,0,0
26808322,0,0
26810466,0,0
26812324,0,0
26812606,0,0
26813575,0,0
26813610,16,0
26814616,5,5
26814741,5,5
26814854,2,2
26835960,0,0
26837124,0,0
26394592,0,0
26395296,8,0
26398428,0,0
26398894,35,35
26416651,0,0
26420017,0,0
26421624,0,0
26422113,76,76
26425943,0,0
26430182,0,0
26448665,0,0
26837834,25,23
26839660,4,4
26841647,0,0
26842735,12,12
26845561,49,49
26846907,0,0
26865836,8,8
26865972,6,6
26867170,19,19
26871230,0,0
26874326,60,58
26450631,0,0
26452047,0,0
26456925,90,90
26458835,0,0
26465413,0,0
26471867,0,0
26473275,0,0
26473576,0,0
26475612,1,1
26476238,0,0
26476892,28,0
26487650,0,0
26488707,0,0
26488849,30,30
26874462,0,0
26874813,16,0
26877222,72,72
26877276,0,0
26887521,21,0
26889078,0,0
26890426,16,0
26890649,0,0
26892245,0,0
26895166,5,5
26896131,0,0
26897821,0,0
26489146,0,0
26494242,0,0
26496330,0,0
26496505,3,0
26496511,19,6
26499746,55,55
26500082,85,85
26520216,0,0
26898028,7,0
26900640,0,0
26916746,0,0
26924026,0,0
26925980,56,2
26943105,0,0
26948562,0,0
26949336,0,0
26949866,3,3
26953399,22,22
26953727,5,5
26953759,5,5
26522949,0,0
26524625,0,0
26552832,72,72
26554937,63,61
26555992,0,0
26557266,0,0
26954041,5,5
26983183,0,0
26987448,0,0
26988903,0,0
26991656,2,2
26993244,0,0
27002075,0,0
27015594,2,2
27019732,3,2
27023307,0,0
27029402,0,0
27029894,0,0
27030076,0,0
26558970,0,0
26559313,21,21
26571486,0,0
26571706,0,0
26590931,0,0
26597692,0,0
26599244,0,0
26602263,90,90
27032162,90,90
27053726,0,0
27054756,16,16
27056608,0,0
27057790,30,0
27061752,0,0
27061895,0,0
27064423,0,0
27065834,0,0
27067463,34,34
27085643,0,0
27087566,0,0
26604019,0,0
26607493,0,0
26608302,65,65
26609429,0,0
26632496,0,0
26641779,5,5
26645876,0,0
26655705,44,44
26660828,0,0
26662711,0,0
27088022,47,47
27088254,30,30
27088944,0,0
27089135,0,0
27089541,76,0
27110090,0,0
27113697,0,0
27134257,1,1
27136639,44,44
27137651,40,40
27141013,90,90
26663094,0,0
26670812,0,0
26679556,0,0
26682755,0,0
26688045,51,0
26690336,53,53
27141191,15,0
27157649,0,0
27159664,0,0
27160354,0,0
27161183,0,0
27164116,0,0
27166074,0,0
27166833,0,0
27166904,0,0
27192720,46,46
27197193,0,0
27203333,0,0
27211525,26,26
26691677,0,0
26693195,0,0
26717141,0,0
27458304,6,6
27464651,0,0
27468927,65,49
27470574,0,0
27470676,4,4
27480436,0,0
27222697,0,0
27225628,0,0
27225643,0,0
27225784,0,0
27227269,0,0
27230758,0,0
27235864,0,0
27264926,0,0
27266217,0,0
27273414,0,0
27278924,0,0
27287501,0,0
27290448,0,0
27483961,40,40
27488806,15,15
27489188,0,0
27489247,0,0
27491393,0,0
27491585,0,0
27498398,21,21
27499097,3,3
27501755,0,0
27503062,76,76
27504048,0,0
27506090,0,0
27291497,47,1
27292217,0,0
27295492,0,0
27299275,0,0
27301758,0,0
27308432,59,58
27312914,5,5
27314650,23,22
27326744,50,50
27328415,0,0
27329048,0,0
27506095,0,0
27506113,0,0
27506443,0,0
27507561,0,0
27508803,0,0
27509983,0,0
27518599,40,40
27519196,3,3
27521122,0,0
27523631,0,0
27526504,0,0
27527118,0,0
27527506,0,0
27527902,37,0
27528305,24,24
27329928,68,68
27333008,19,19
27334148,0,0
27336179,18,17
27338033,0,0
27338569,9,9
27343189,13,13
27357537,0,0
27359696,90,90
27359897,31,31
27361377,5,5
27361805,0,0
27528620,0,0
27528935,0,0
27529129,0,0
27529325,0,0
27529655,20,20
27540102,0,0
27542205,0,0
27542642,0,0
27544905,0,0
27552868,0,0
27362309,0,0
27371581,3,3
27375052,25,23
27389647,0,0
27393151,0,0
27394897,25,23
27395171,2,2
27398972,0,0
27405246,90,90
27406558,0,0
27409329,0,0
27567414,0,0
27569888,30,30
27416658,0,0
27426650,59,59
27426767,0,0
27427289,0,0
27429253,15,0
27429817,0,0
27430644,32,31
27431313,0,0
27434658,0,0
27436322,0,0
27437662,0,0
27570485,16,16
27580964,0,0
27584957,2,2
27454904,8,0
27455308,0,0
27712922,63,63
27714862,59,59
27724217,0,0
27730757,0,0
27731269,32,32
27731372,64,64
27732746,0,0
27733195,0,0
27736140,0,0
27746387,0,0
27585318,0,0
27585912,2,2
27754773,0,0
27756639,0,0
27758562,0,0
27763793,0,0
27776926,0,0
27781833,5,5
27782948,90,90
27783586,46,46
27784542,0,0
27785327,2,2
27593335,0,0
27598707,0,0
27606552,64,63
27608063,0,0
27609132,0,0
27610245,1,1
27785672,5,0
27788826,0,0
27795695,0,0
27803575,0,0
27806073,30,30
27807509,0,0
27807645,0,0
27810880,20,20
27823763,0,0
27827110,0,0
27829177,6,6
27610367,75,75
27611047,14,14
27612876,15,15
27622210,42,41
27623260,0,0
27623360,0,0
27627627,2,2
27628195,0,0
27637065,22,22
27653304,0,0
27657926,0,0
27658203,49,31
27672277,0,0
27677869,3,3
27678012,0,0
27678632,0,0
27835546,0,0
27839683,0,0
27840206,0,0
27854483,0,0
27871248,0,0
27874237,0,0
27875757,19,0
27876238,0,0
27876346,0,0
27891791,2,2
27905233,0,0
27681714,0,0
27684910,0,0
27686998,87,87
27693410,0,0
27693532,0,0
27697284,13,11
27906043,0,0
27906346,0,0
27906875,8,8
27909345,9,9
27910595,0,0
27911463,0,0
27922561,0,0
27923071,76,76
27924639,0,0
27928809,17,16
27933214,72,72
27699052,0,0
27700366,0,0
27702171,0,0
27703016,0,0
27703666,48,48
27706737,3,0
27710264,0,0
27935275,0,0
27936288,0,0
27941636,0,0
27949503,0,0
27955820,0,0
27956689,0,0
27958130,0,0
27965166,49,49
27965802,0,0
27966667,6,6
27967580,16,0
28053907,0,0
28067870,0,0
28070872,0,0
28078505,0,0
28082095,2,2
28082234,0,0
28084157,1,1
28085121,31,31
28096425,9,9
27967600,71,71
27967621,74,74
27978240,0,0
27981955,0,0
27984123,0,0
27987152,0,0
27988990,0,0
28001559,19,19
28004429,0,0
28009721,7,7
28011594,20,20
28100131,31,31
28100549,31,1
28101132,0,0
28102752,0,0
28105430,0,0
28108773,0,0
28129565,0,0
28129768,0,0
28130502,0,0
28012756,0,0
28014366,0,0
28014733,68,68
28015516,3,3
28021392,0,0
28033814,0,0
28041818,3,3
28042014,3,3
28042224,0,0
28046416,0,0
28049456,0,0
28133007,0,0
28133596,0,0
28135177,0,0
28136160,20,20
28137157,6,0
28137623,6,6
28138470,36,36
28152851,0,0
28155197,25,25
28161643,0,0
28164678,0,0
28389715,30,30
28389782,2,2
28390400,0,0
28391512,0,0
28406990,0,0
28408938,89,89
28411594,0,0
28412322,0,0
28417682,44,44
28418722,0,0
28426648,47,47
28165121,74,74
28177443,1,1
28181243,0,0
28181575,60,60
28181827,0,0
28183074,48,48
28427324,0,0
28431690,0,0
28436441,0,0
28437669,0,0
28438216,16,16
28438751,41,17
28454118,0,0
28459635,0,0
28461316,0,0
28462811,0,0
28489062,87,87
28184199,0,0
28185576,3,3
28188131,28,0
28195740,0,0
28197084,0,0
28200288,52,17
28201587,76,76
28202825,0,0
28206135,43,43
28491645,0,0
28494807,0,0
28497028,0,0
28506359,75,75
28506595,0,0
28513774,0,0
28514974,0,0
28517278,0,0
28518077,0,0
28519623,0,0
28519821,0,0
28208166,89,89
28216267,0,0
28221653,0,0
28223260,0,0
28230753,0,0
28240916,0,0
28250448,47,47
28250925,0,0
28253864,0,0
28256958,0,0
28270998,0,0
28526676,0,0
28534405,0,0
28536037,0,0
28536219,0,0
28538516,0,0
28539464,16,16
28541768,0,0
28559951,0,0
28560765,76,76
28561195,0,0
28561620,0,0
28272634,15,0
28277122,0,0
28277480,0,0
28284019,0,0
28290447,0,0
28312177,3,3
28314777,0,0
28316936,0,0
28324221,33,33
28329004,1,1
28561904,0,0
28565170,0,0
28567040,45,45
28581130,0,0
28584877,0,0
28585982,0,0
28602842,5,5
28606263,0,0
28607153,15,0
28608920,2,0
28609762,0,0
28333941,0,0
28334760,14,0
28335031,0,0
28339611,0,0
28339747,3,3
28340136,0,0
28340434,3,3
28340606,0,0
28343300,0,0
28346019,0,0
28350560,76,76
28358001,0,0
28359897,2,2
28368678,18,0
28369307,0,0
28369552,14,0
28369648,0,0
28379264,0,0
28385105,60,60
28387362,0,0
28734298,8,8
28751496,0,0
28610383,16,0
28611271,0,0
28614707,0,0
28626504,31,31
28629956,49,49
28631715,0,0
28632837,16,0
28634974,4,4
28635035,89,89
28635863,0,0
28647979,0,0
28663593,0,0
28667823,40,33
28668546,0,0
28670390,0,0
28671495,16,16
28684892,0,0
28692232,0,0
28692626,0,0
28697997,3,3
28699232,3,3
28699654,90,90
28715332,40,40
28754650,0,0
28757780,0,0
28757927,0,0
28760070,47,47
28760750,0,0
28715589,0,0
28716187,0,0
28719621,0,0
28722807,0,0
28730126,0,0
28730408,18,16
28731208,0,0
28733777,0,0
29058736,0,0
29074233,57,0
29076107,0,0
28763093,0,0
28778214,30,0
28779900,0,0
28782669,0,0
28784319,0,0
28785091,11,11
28785361,20,20
28786315,11,11
28786900,63,63
28796546,0,0
28803718,0,0
28809045,0,0
28811035,0,0
28812837,0,0
28831635,0,0
29079912,0,0
29082734,0,0
29083751,0,0
29093302,0,0
29095078,0,0
29097472,76,76
29102760,0,0
29103275,0,0
29104053,6,6
29119411,0,0
29124414,0,0
28833807,76,76
28834703,57,56
29124476,5,5
29125444,0,0
29126674,0,0
29131447,0,0
29135220,0,0
29144832,0,0
29148293,40,40
29148550,86,86
29149377,75,74
29149612,0,0
29152320,6,0
28835678,0,0
28838614,3,3
28838673,0,0
28838875,0,0
28840281,0,0
28843143,0,0
28849818,0,0
28859648,6,0
28861629,7,7
28867268,0,0
29155895,0,0
29158689,0,0
29168569,77,77
29170235,0,0
29176205,0,0
29181449,0,0
29184626,16,16
29202087,0,0
29213886,0,0
29214672,0,0
29215541,0,0
28867577,36,36
28872377,32,32
28891043,0,0
28891558,38,0
29231943,0,0
29234058,0,0
29237220,39,39
29237561,0,0
29237852,0,0
29242564,0,0
29242599,0,0
29253322,0,0
29256229,0,0
29256358,1,1
29259580,0,0
28896148,0,0
28896237,0,0
28897533,11,0
28897932,1,0
28901045,0,0
29260051,69,38
29269102,3,3
29275537,0,0
29280869,0,0
29281407,13,13
29283634,0,0
29293564,84,84
29298335,0,0
29301889,0,0
29302018,0,0
29303036,0,0
28901111,0,0
28908658,0,0
28910899,0,0
28911775,13,0
28911830,6,6
28912768,0,0
28931117,0,0
28936557,0,0
28936795,0,0
28937377,73,73
29303103,0,0
29307957,0,0
29313128,0,0
29313881,0,0
29327591,67,67
29331191,75,75
29333330,0,0
29336922,0,0
29338253,0,0
29338399,0,0
29338559,6,6
28940279,0,0
28940952,0,0
28941589,0,0
28941614,0,0
28941808,0,0
28952972,12,12
28961919,3,3
28964081,0,0
28964397,0,0
28965609,19,19
28966707,0,0
28972637,17,0
28978328,0,0
28979690,0,0
28982349,0,0
28986807,0,0
28989914,0,0
29341918,0,0
29351570,3,3
29356679,3,0
29359092,0,0
29361650,9,9
29381358,0,0
29384622,0,0
29385308,13,13
29411649,0,0
29412402,18,18
29413438,0,0
28991221,5,5
28992518,0,0
29008812,0,0
29015079,73,73
29016146,39,39
29016907,0,0
29025777,0,0
29031435,0,0
29036763,0,0
29416543,0,0
29422942,0,0
29431738,5,5
29435698,0,0
29452507,0,0
29453268,0,0
29455559,0,0
29455932,0,0
29463847,6,0
29478604,0,0
29480988,0,0
29487347,2,0
29037588,0,0
29038655,6,0
29041626,3,3
29054973,0,0
29056566,0,0
29058075,0,0
29780863,0,0
29491529,0,0
29492316,0,0
29493581,9,9
29495273,0,0
29495933,0,0
29505792,0,0
29509877,62,20
29511905,40,40
29513249,0,0
29514309,21,21
29515670,12,12
29515916,0,0
29781403,0,0
29782186,0,0
29794270,0,0
29794702,0,0
29797971,0,0
29798872,0,0
29799125,0,0
29800110,0,0
29800927,0,0
29804246,83,83
29516095,0,0
29519083,0,0
29520126,0,0
29522531,0,0
29535295,68,68
29539252,0,0
29541214,0,0
29543433,0,0
29546132,0,0
29546402,0,0
29549783,0,0
29814549,79,79
29821998,0,0
29824343,3,3
29825394,0,0
29825681,0,0
29550259,0,0
29565064,0,0
29567201,0,0
29567482,76,76
29570523,0,0
29575293,15,0
29584983,0,0
29585551,0,0
29586511,46,46
29590847,0,0
29592296,59,18
29825825,0,0
29827530,0,0
29828333,0,0
29829066,0,0
29831517,21,21
29834691,0,0
29835159,0,0
29592768,49,49
29605631,36,36
29610742,7,7
29628681,0,0
29629048,0,0
29630939,0,0
29631258,0,0
29631729,0,0
29635253,56,56
29651529,70,70
29844533,0,0
29847492,1,1
29850004,0,0
29851718,7,7
29851985,0,0
29855796,0,0
29858182,0,0
29858919,0,0
29858941,0,0
29877195,0,0
29877448,79,79
29879085,0,0
29653847,0,0
29654321,0,0
29655436,0,0
29657991,0,0
29658021,21,21
29659322,7,7
29659392,0,0
29661457,0,0
29674246,0,0
29677672,0,0
29679419,1,1
29880813,0,0
29881973,0,0
29883990,0,0
29893519,0,0
29897445,0,0
29897911,0,0
29898471,0,0
29905155,4,4
29906282,24,24
29907852,0,0
29681004,0,0
29683293,6,0
29683957,0,0
29686576,0,0
29686857,69,69
29698179,0,0
29700761,84,84
29701465,0,0
29701921,0,0
29703513,0,0
29730504,18,0
29908937,11,6
29909077,0,0
29921568,0,0
29922930,0,0
29923198,0,0
29923252,0,0
29923522,5,5
29923537,5,5
29923555,5,5
29923582,5,5
29923599,5,5
29923619,5,5
29923634,5,5
29923654,5,5
29923697,5,5
29929095,0,0
29929702,3,3
29930787,43,43
29935981,20,20
29937451,0,0
29939030,0,0
29731625,0,0
29733748,5,5
29740134,0,0
29740171,0,0
29754946,0,0
29758199,19,0
29758221,0,0
29760740,0,0
29760980,0,0
29761272,0,0
29775040,73,73
29776313,0,0
29942321,0,0
29943061,47,45
29943455,0,0
29944183,0,0
29944408,0,0
29945283,46,0
29946757,5,5
29958350,0,0
29963540,0,0
29963575,0,0
29964050,0,0
29964348,20,20
29964495,0,0
29981890,0,0
29982192,0,0
29987700,0,0
29990168,16,16
29993012,43,43
29994675,0,0
29995668,0,0
29995977,0,0
30003335,0,0
30003453,6,0
30006962,90,90
29965041,0,0
29966192,0,0
29967433,2,2
29967770,0,0
30012164,0,0
30012632,0,0
30015658,0,0
30021540,3,0
30021914,8,8
30023607,0,0
30031616,0,0
30033284,0,0
30034070,71,22
30038208,6,0
29968121,3,0
29968478,0,0
29981728,0,0
30184570,0,0
30186549,0,0
30187850,0,0
30198546,3,3
30200473,0,0
30041537,0,0
30043083,3,0
30043966,0,0
30046573,32,31
30046737,0,0
30053410,6,6
30058948,0,0
30059270,0,0
30059328,0,0
30062040,0,0
30062210,0,0
30201476,87,87
30206047,2,2
30210441,0,0
30212741,31,0
30213232,31,0
30062290,0,0
30062478,19,0
30064021,0,0
30065198,2,2
30066459,0,0
30069091,0,0
30069635,0,0
30071646,0,0
30082832,65,65
30083825,0,0
30087377,59,59
30213410,0,0
30215130,0,0
30227054,0,0
30229561,0,0
30229988,0,0
30231026,0,0
30234773,0,0
30088310,0,0
30088906,0,0
30089134,0,0
30089412,27,27
30089955,0,0
30091313,0,0
30091911,0,0
30096719,33,29
30101694,0,0
30104723,57,0
30105137,10,10
30106162,0,0
30236202,62,62
30244166,0,0
30249168,0,0
30252034,4,4
30252158,0,0
30254229,3,3
30255625,0,0
30255663,0,0
30264393,0,0
30264512,75,75
30265098,0,0
30268825,76,76
30274568,0,0
30279712,12,12
30283940,0,0
30106990,0,0
30107262,1,1
30108247,0,0
30109916,90,90
30112494,0,0
30113594,0,0
30120427,0,0
30121473,0,0
30122033,0,0
30123494,0,0
30125523,47,47
30125569,0,0
30284324,0,0
30285772,0,0
30292232,0,0
30294304,0,0
30307336,28,0
30308289,57,56
30311099,0,0
30125704,0,0
30126274,0,0
30129959,0,0
30143717,0,0
30152177,0,0
30154255,36,36
30156697,90,90
30158061,0,0
30159356,0,0
30162689,48,48
30169107,65,45
30173864,0,0
30314761,9,0
30314819,0,0
30315087,2,2
30174397,1,1
30175521,0,0
30175606,15,15
30182137,65,65
30183115,0,0
30183428,0,0
30387885,43,43
30387916,0,0
30387983,85,85
30388011,8,8
30321542,0,0
30322497,0,0
30324051,0,0
30388079,16,16
30388225,75,75
30388313,77,63
30388449,77,77
30388528,0,0
30388552,0,0
30388587,53,53
30388750,0,0
30388999,0,0
30324225,0,0
30389066,89,89
30389147,74,74
30389192,0,0
30389262,0,0
30389280,68,68
30389441,15,15
30391955,0,0
30392649,0,0
30392780,12,12
30392806,66,66
30324273,0,0
30325586,0,0
30326749,6,6
30330519,0,0
30337531,77,77
30392834,0,0
30392874,13,13
30392909,90,90
30392930,86,86
30392986,0,0
30393018,16,16
30393171,0,0
30393194,74,74
30393286,89,89
30338113,0,0
30347034,0,0
30349066,44,44
30352010,3,3
30393322,11,11
30393377,15,0
30393414,0,0
30393427,0,0
30393497,0,0
30393555,50,50
30393583,53,53
30393638,28,28
30393689,0,0
30393759,90,90
30352862,0,0
30393798,0,0
30393882,0,0
30393896,68,68
30393998,0,0
30394053,0,0
30394071,90,90
30394133,29,29
30394203,45,45
30394274,51,51
30354304,0,0
30357870,90,90
30359944,85,85
30361847,82,0
30367011,0,0
30367591,20,20
30369751,0,0
30394340,89,89
30394380,50,50
30394403,0,0
30394467,45,45
30394494,0,0
30394541,0,0
30394622,0,0
30396953,90,88
30398373,0,0
30370565,0,0
30373102,0,0
30398938,72,20
30400465,5,5
30400542,36,36
30400945,0,0
30401429,0,0
30415541,0,0
30421561,0,0
30421730,0,0
30421742,0,0
30423106,4,4
30373480,0,0
30374290,0,0
30425416,31,31
30425770,0,0
30426001,0,0
30435549,75,75
30437094,0,0
30438251,0,0
30439073,9,9
30439398,0,0
30441377,0,0
30441489,80,80
30442257,0,0
30442333,25,25
30374563,0,0
30376416,0,0
30378211,0,0
30378982,50,50
30443030,0,0
30444003,0,0
30444773,0,0
30445410,0,0
30447204,8,0
30449111,0,0
30451593,0,0
30459160,0,0
30465706,82,82
30387064,75,75
30387132,69,69
30387196,86,86
30387218,0,0
30387263,0,0
30387425,32,32
30387445,30,30
30387495,0,0
30387553,0,0
30387648,66,66
30387820,0,0
30387838,7,7
30387856,90,90
30705353,15,15
30706240,0,0
30468550,0,0
30472685,0,0
30474972,6,0
30476455,0,0
30476876,0,0
30477526,1,1
30483899,0,0
30489218,0,0
30494093,52,51
30497529,0,0
30712222,0,0
30712682,0,0
30713613,0,0
30715104,0,0
30715688,65,65
30715819,0,0
30716128,64,64
30716621,0,0
30717086,9,9
30717527,76,0
30718403,33,33
30718736,0,0
30721883,75,75
30731674,0,0
30735480,0,0
30499109,0,0
30504780,0,0
30506672,0,0
30506799,0,0
30509757,0,0
30510228,40,0
30514043,76,76
30514166,0,0
30514401,0,0
30521015,0,0
30522970,0,0
30525544,0,0
30737182,0,0
30737643,0,0
30739988,0,0
30745402,0,0
30745429,0,0
30746536,0,0
30747260,0,0
30526468,0,0
30527403,0,0
30527994,3,3
30528541,0,0
30530044,0,0
30531163,0,0
30531246,14,7
30531695,0,0
30535905,0,0
30537221,0,0
30537849,48,46
30539229,0,0
30748302,0,0
30749685,0,0
30756898,90,90
30759388,0,0
30539307,31,0
30541504,0,0
30551807,0,0
30554810,0,0
30557569,0,0
30557920,8,0
30558219,0,0
30559544,0,0
30561958,0,0
30565063,0,0
30565107,0,0
30567064,0,0
30761885,0,0
30762826,0,0
30762861,31,0
30764476,34,34
30764990,38,0
30766643,68,37
30767659,69,18
30768008,0,0
30769129,3,3
30568497,68,52
30577273,65,65
30582797,0,0
30584470,28,19
30584948,0,0
30584992,59,59
30586563,0,0
30587740,3,3
30588700,0,0
30589636,0,0
30591478,6,6
30770830,0,0
30788330,46,46
30792215,0,0
30795672,6,6
30797115,0,0
30799727,0,0
30801068,59,59
30801197,0,0
30801449,32,0
30597460,0,0
30627356,11,11
30661174,0,0
30662063,63,63
30670056,0,0
30672441,0,0
30674463,0,0
30675435,0,0
30675713,0,0
30677434,12,0
30685870,0,0
30686973,1,1
30811789,0,0
30816092,0,0
30818914,0,0
30819919,0,0
30687132,0,0
30690149,0,0
30691909,0,0
30694693,0,0
30695144,2,2
30695780,0,0
30699302,20,0
30700892,0,0
30701853,0,0
30702161,18,18
30702384,45,45
30822664,0,0
30822815,46,46
30823647,0,0
30824853,0,0
30852793,0,0
30853694,0,0
30855904,0,0
30856384,0,0
30856398,71,70
30857971,0,0
30875053,2,2
30882631,0,0
30882745,0,0
30884570,0,0
30885792,0,0
30898965,0,0
30904692,0,0
30906210,0,0
30908416,0,0
30909287,0,0
30911300,0,0
30912539,0,0
30912652,0,0
30913799,0,0
30927844,0,0
30952275,0,0
30953535,0,0
30954420,0,0
30954828,0,0
30955422,0,0
30956743,0,0
30958980,0,0
30979146,0,0
30980172,0,0
30980752,0,0
30981245,0,0
30981877,59,59
30929724,0,0
30932198,0,0
30932236,35,35
30935679,0,0
30938219,0,0
30938582,0,0
30938864,3,0
31000783,0,0
31001555,0,0
31001961,81,81
31002413,0,0
31002659,64,62
31019621,2,2
31036861,0,0
31038331,0,0
31038347,52,52
31038390,0,0
30940484,0,0
30940831,0,0
30950513,3,3
31178588,0,0
31188063,0,0
31188378,0,0
31194309,0,0
31039770,0,0
31040919,0,0
31042032,0,0
31042303,0,0
31042971,0,0
31043762,0,0
31044749,0,0
31052694,0,0
31053180,0,0
31053208,0,0
31201815,30,29
31208865,0,0
31209182,0,0
31211176,44,0
31211375,0,0
31211385,0,0
31212456,7,7
31053535,0,0
31054566,0,0
31057348,0,0
31057368,0,0
31057603,0,0
31058888,0,0
31059670,17,17
31060046,0,0
31070935,0,0
31074354,47,45
31082686,21,0
31084737,53,53
31212571,4,4
31214157,0,0
31216136,37,17
31216852,17,17
31218310,11,11
31220573,0,0
31220645,0,0
31221559,55,55
31223352,44,44
31224224,3,0
31231904,0,0
31234360,0,0
31236046,0,0
31085028,40,40
31085213,0,0
31085554,76,76
31085679,9,0
31087285,0,0
31094549,0,0
31095373,3,0
31097104,0,0
31099129,0,0
31101814,9,9
31106666,15,15
31237124,0,0
31237303,0,0
31238549,0,0
31247718,0,0
31106961,0,0
31119799,0,0
31120812,0,0
31120894,0,0
31121209,80,80
31121555,0,0
31122836,0,0
31123021,0,0
31124462,0,0
31127267,0,0
31127402,0,0
31127529,55,55
31255156,0,0
31255471,40,40
31262486,0,0
31269703,0,0
31277426,31,31
31286946,0,0
31290477,0,0
31290728,0,0
31291730,0,0
31292343,0,0
31292757,0,0
31293545,43,0
31294395,0,0
31127742,0,0
31128175,0,0
31135051,0,0
31136603,0,0
31143377,0,0
31146186,6,0
31148287,0,0
31150305,0,0
31153044,0,0
31163666,0,0
31164039,81,81
31165085,0,0
31301754,44,44
31304303,0,0
31304312,0,0
31305551,0,0
31311422,43,43
31313105,30,29
31313806,85,85
31313987,0,0
31315168,0,0
31166982,0,0
31172569,0,0
31172584,0,0
31174610,57,57
31176662,0,0
31177983,0,0
31474431,13,13
31474638,35,35
31490659,0,0
31493229,0,0
31494679,0,0
31315936,0,0
31319380,0,0
31322232,76,76
31332746,0,0
31333074,13,13
31336375,0,0
31339496,45,45
31339600,0,0
31340539,0,0
31340666,60,0
31358401,0,0
31358547,0,0
31359053,0,0
31362276,0,0
31379967,0,0
31382465,22,22
31383493,0,0
31390350,0,0
31409073,0,0
31414558,0,0
31414856,0,0
31420503,0,0
31434819,5,0
31435773,65,65
31445273,0,0
31457396,66,66
31507738,0,0
31513692,36,0
31514475,46,46
31518329,0,0
31533518,20,0
31534487,0,0
31537701,0,0
31539511,4,4
31540573,0,0
31542692,0,0
31543246,90,90
31458142,0,0
31458781,32,32
31459245,0,0
31459394,5,5
31466176,43,38
31467888,35,35
31470227,0,0
31473340,87,87
31474126,0,0
31859909,48,48
31861671,0,0
31879887,0,0
31543550,0,0
31549470,0,0
31557451,0,0
31560410,0,0
31562978,0,0
31564614,0,0
31566176,0,0
31568673,0,0
31569502,0,0
31582797,10,0
31584089,0,0
31881052,3,3
31881336,56,56
31884696,0,0
31885563,0,0
31885991,0,0
31894643,0,0
31898478,0,0
31898630,0,0
31901835,0,0
31905458,0,0
31913609,8,8
31918252,0,0
31920388,0,0
31929176,0,0
31931117,0,0
31931665,14,0
31932152,16,16
31933373,90,90
31596199,0,0
31599728,0,0
31600379,59,59
31600930,0,0
31620173,0,0
31622448,2,2
31623508,0,0
31624317,17,17
31626662,0,0
31626920,0,0
31663848,62,62
31934408,45,45
31950380,0,0
31957975,0,0
31958064,0,0
31961126,18,18
31665138,0,0
31667621,28,28
31668461,16,16
31668481,0,0
31669717,0,0
31670625,0,0
31681846,0,0
31682228,0,0
31684570,0,0
31687149,0,0
31687693,0,0
31689618,90,90
31963324,0,0
31964045,90,90
31978518,3,3
31980644,0,0
31980794,5,5
31695085,0,0
31697123,3,3
31705298,1,1
31707961,0,0
31713858,0,0
31714168,0,0
31715312,46,46
31716191,0,0
31722021,0,0
31726939,86,0
31728112,0,0
31990505,0,0
31991634,6,0
32008192,0,0
32013622,0,0
32016639,0,0
32018402,0,0
32035609,0,0
31732450,28,28
31737653,21,14
31743178,0,0
31758029,0,0
31758231,51,0
31760509,4,4
31760941,3,3
31761417,0,0
31764572,0,0
31773364,90,90
32036822,8,8
32037535,75,75
32039742,0,0
32040351,0,0
32042721,0,0
32050071,0,0
32050230,0,0
32050419,0,0
32062843,90,90
31794109,1,1
31800683,0,0
31802796,0,0
31809534,29,0
31823858,0,0
31828528,0,0
31834161,17,0
31834190,75,75
31835627,0,0
31836311,16,0
31839994,69,11
31847270,0,0
32064131,0,0
32064705,0,0
32081249,76,76
32086758,0,0
32088018,21,21
32095900,6,6
32102590,57,12
32107065,0,0
32108317,27,1
31856192,7,7
31857171,0,0
31857472,59,59
32284910,0,0
32285578,0,0
32287174,18,0
32292954,90,90
32297005,0,0
32306605,73,73
32308471,0,0
32311383,6,6
32113353,50,50
32125848,71,70
32137481,35,35
32165536,0,0
32165550,0,0
32315112,0,0
32316672,0,0
32317602,0,0
32336400,0,0
32343097,0,0
32350835,61,61
32354513,19,0
32364753,0,0
32381165,37,37
32382542,3,3
32383114,3,3
32166264,0,0
32166672,0,0
32171100,17,17
32171104,0,0
32185689,0,0
32185974,0,0
32186503,0,0
32189288,12,12
32189706,0,0
32190231,0,0
32190629,0,0
32206003,3,0
32214585,0,0
32222756,0,0
32233982,86,86
32392636,0,0
32400196,37,37
32403772,0,0
32406729,0,0
32427478,0,0
32441769,0,0
32448749,46,45
32454559,0,0
32466614,0,0
32468788,0,0
32470327,0,0
32234674,78,0
32238694,20,20
32241239,21,21
32241276,54,54
32242139,66,66
32244865,0,0
32260219,0,0
32264646,0,0
32470732,0,0
32474951,0,0
32476606,0,0
32477130,37,37
32493320,0,0
32494256,53,51
32495771,3,3
32499495,43,42
32501820,0,0
32502180,18,18
32517517,15,0
32520381,45,45
32268149,0,0
32273036,48,48
32524152,0,0
32527643,0,0
32530603,0,0
32531179,0,0
32531409,16,16
32541475,19,19
32544596,62,62
32546557,4,0
32546879,0,0
32549155,50,44
32669067,0,0
32669305,0,0
32670456,0,0
32670715,3,3
32701542,0,0
32705496,5,0
32721564,3,3
32722219,31,0
32742238,16,16
32743677,0,0
32744022,0,0
32746895,8,8
32747368,2,2
32759322,0,0
32764445,0,0
32550619,0,0
32554867,0,0
32563070,0,0
32566536,21,21
32567344,0,0
32570893,0,0
32575528,62,62
32575757,77,77
32586373,0,0
32589616,0,0
32591286,11,0
32777169,0,0
32789340,0,0
32792849,0,0
32801102,0,0
32803072,0,0
32805276,0,0
32806789,0,0
32591771,14,0
32595900,0,0
32607488,76,0
32611458,30,0
32611977,13,13
32616393,32,32
32617384,18,18
32618577,49,48
32618640,76,74
32618716,6,5
32619108,84,82
32806998,0,0
32809387,0,0
32815390,0,0
32816064,0,0
32820849,31,31
32822073,0,0
32838697,31,31
32620347,0,0
32634041,0,0
32635329,0,0
32636494,20,0
32645984,0,0
32646039,0,0
32663836,0,0
32664187,0,0
32666534,21,21
32668712,49,49
32668910,0,0
33133919,0,0
32842295,0,0
32844072,27,0
33135950,40,40
33138120,0,0
33138453,0,0
33140204,0,0
33141938,17,0
33154669,0,0
33155194,0,0
33155909,0,0
33156123,0,0
33156370,0,0
32845010,75,75
32845331,46,5
32845516,22,0
32847146,82,1
32856048,59,32
32857378,17,0
32857674,20,0
32857918,0,0
32858018,20,0
32858895,0,0
33161761,53,53
33162983,78,78
33168922,0,0
33169141,90,90
33175415,45,43
33180845,22,13
33184311,0,0
33190224,0,0
33194789,0,0
33214803,0,0
33239233,0,0
32860541,0,0
32862140,0,0
32865732,90,90
32890299,0,0
32894678,16,16
32900964,0,0
32901262,0,0
32913140,3,3
32915763,56,0
33247747,0,0
33265025,0,0
33267342,0,0
33269219,0,0
33269801,3,3
33271828,27,27
33273525,0,0
33273859,50,0
33275894,0,0
33276141,0,0
33295827,0,0
33315368,0,0
33318809,0,0
32923358,5,0
32926070,89,18
32926087,30,30
32933643,2,2
32935473,34,32
32937780,57,57
32940047,39,39
33319941,0,0
33331140,0,0
33331584,0,0
33334476,44,43
33340151,0,0
33346748,5,5
33346826,5,0
33348833,0,0
33348910,38,0
33367026,0,0
33373472,0,0
33374241,0,0
32940382,0,0
32943764,0,0
32957830,0,0
32959357,3,0
32990282,35,35
32990477,90,90
32991664,0,0
33010488,27,25
33010913,0,0
33012494,23,23
33379269,0,0
33387469,39,39
33394700,0,0
33421406,75,75
33422875,0,0
33423101,0,0
33423849,45,45
33427418,0,0
33439687,9,9
33442531,1,1
33446373,0,0
33448577,16,16
33014255,0,0
33020012,0,0
33035945,0,0
33449304,0,0
33451456,60,60
33454764,0,0
33455322,0,0
33457366,0,0
33457731,0,0
33469440,0,0
33469797,33,33
33474649,0,0
33485978,17,0
33486731,0,0
33038705,6,6
33040208,0,0
33044053,0,0
33049970,0,0
33055126,40,40
33489978,0,0
33491707,0,0
33495663,0,0
33498032,0,0
33513897,0,0
33515695,0,0
33516105,0,0
33521985,8,8
33529806,0,0
33533601,18,18
33534624,0,0
33061311,47,47
33069506,0,0
33070946,33,0
33077083,3,3
33545797,0,0
33546854,0,0
33547205,0,0
33556100,0,0
33558102,0,0
33558241,0,0
33559330,0,0
33559960,1,1
33560323,16,16
33560707,0,0
33094622,6,0
33097219,3,3
33101073,5,0
33101286,54,0
33127307,31,31
33917958,62,62
33580893,18,18
33580907,20,20
33581628,0,0
33589554,11,11
33589697,61,61
33603476,0,0
33607399,0,0
33608420,0,0
33611062,0,0
33611809,75,75
33926074,0,0
33927253,0,0
33927923,0,0
33928971,0,0
33930528,52,0
33930883,0,0
33936370,2,2
33937466,6,6
33954574,0,0
33612951,2,2
33613736,76,76
33617342,0,0
33632312,6,6
33635511,3,3
33639841,0,0
33641049,0,0
33642152,73,71
33642266,0,0
33653706,44,44
33654747,6,6
33956049,0,0
33957835,58,57
33961505,3,3
33964014,0,0
33964535,0,0
33969898,0,0
33660716,0,0
33660911,6,6
33662914,20,20
33664484,2,2
33667731,0,0
33677607,0,0
33683407,30,30
33684621,17,17
33689653,18,18
33689832,21,0
33689844,0,0
33970585,0,0
33971170,2,2
33974640,0,0
33974777,30,30
33982630,74,74
33985846,0,0
33987509,0,0
33989681,11,11
33691396,0,0
33705274,69,68
33706354,0,0
33711101,0,0
33716043,1,1
33725862,0,0
33726859,0,0
33735398,90,90
33741107,0,0
33743082,0,0
33743807,0,0
33745549,0,0
33994927,0,0
33995646,0,0
33999377,0,0
33999874,58,58
34011627,0,0
34014027,0,0
34017530,0,0
34017965,59,59
34022740,3,0
34023411,0,0
34023558,0,0
33753198,0,0
33763207,0,0
33772781,0,0
33776576,2,2
33785477,22,22
33787438,0,0
33796251,0,0
33798189,69,69
33812961,21,21
33820675,37,37
33823598,17,17
33826775,0,0
34039045,0,0
34042173,0,0
34042870,0,0
34051381,0,0
34051551,0,0
34053516,0,0
34055336,0,0
34056679,0,0
34059931,27,27
34062693,76,76
34063075,0,0
34071447,0,0
34071685,0,0
34071687,0,0
34071688,0,0
34071691,0,0
34071692,0,0
34071693,0,0
34071699,0,0
34071700,0,0
34071962,59,59
34072049,59,59
34072160,58,58
34072162,38,31
34072164,59,58
34072165,0,0
34078420,0,0
34084359,0,0
34086213,0,0
33829791,0,0
33832840,0,0
33833257,0,0
33835470,15,0
33835992,69,69
33849970,0,0
33852557,0,0
33853465,3,3
33854066,0,0
33858603,0,0
33870097,0,0
34087005,0,0
34088961,0,0
34094976,0,0
34096002,0,0
34101162,0,0
34103144,68,68
33873570,3,3
33873780,3,3
33875614,5,0
33877113,0,0
33877798,47,47
33880238,0,0
33883497,10,10
33883949,43,43
33897838,0,0
33903300,57,57
33904680,0,0
34107684,0,0
34108545,0,0
34109471,0,0
34114232,58,58
34116575,0,0
34118590,0,0
34123251,4,0
34127215,26,26
34132006,0,0
34136999,16,0
34138042,0,0
34138100,90,90
34142194,0,0
33908121,0,0
33910078,6,6
34230593,42,42
34231172,23,23
34234215,0,0
34251664,0,0
34253845,1,1
34255740,0,0
34256727,0,0
34258883,3,0
34272580,9,0
34142214,0,0
34142893,0,0
34150118,0,0
34152598,0,0
34165293,65,65
34169395,0,0
34172085,41,41
34175118,76,76
34180340,0,0
34181803,0,0
34197959,24,24
34202304,0,0
34202651,2,2
34205576,0,0
34274062,0,0
34278935,75,75
34279388,67,67
34281515,0,0
34284185,0,0
34287923,16,0
34289855,0,0
34306797,0,0
34309096,0,0
34313601,36,36
34315737,49,49
34316911,0,0
34206567,20,20
34213403,84,84
34500384,0,0
34501332,70,0
34501725,32,31
34501825,0,0
34507048,0,0
34327434,2,0
34335995,39,16
34336135,3,3
34336328,0,0
34337267,70,70
34337805,0,0
34339330,22,13
34340299,0,0
34340357,10,10
34340625,0,0
34343028,0,0
34346014,0,0
34508577,0,0
34509926,0,0
34510977,1,1
34533172,0,0
34358402,21,21
34360431,0,0
34362400,0,0
34362677,44,42
34363916,39,39
34365364,76,45
34368310,21,21
34368927,0,0
34369607,0,0
34370526,2,0
34370821,64,64
34535182,1,1
34536285,0,0
34537321,17,17
34539406,1,1
34542125,0,0
34542878,1,1
34371113,1,1
34371913,0,0
34383611,0,0
34384580,0,0
34384911,90,90
34384958,21,21
34392044,0,0
34393812,0,0
34415992,6,0
34417340,0,0
34420423,0,0
34546192,0,0
34568831,64,64
34570070,0,0
34592851,6,6
34592997,31,31
34593016,45,45
34593055,0,0
34593686,0,0
34595632,0,0
34596689,0,0
34596961,76,76
34600024,20,20
34422468,0,0
34433947,0,0
34436638,0,0
34447510,0,0
34449879,0,0
34468721,2,2
34469494,0,0
34471928,0,0
34478311,22,0
34478719,75,0
34480008,6,0
34603173,1,1
34604981,0,0
34605049,0,0
34616078,31,29
34620162,9,7
34621385,0,0
34485317,20,3
34485693,5,5
34485694,6,6
34485696,0,0
34485697,5,5
34485698,6,6
34485699,8,8
34485702,7,7
34485742,7,7
34485745,5,4
34487108,10,10
34623269,0,0
34624286,46,45
34641992,3,3
34643695,0,0
34647478,0,0
34651712,0,0
34651960,0,0
34656064,3,0
34667590,3,3
34487247,7,7
34487373,48,48
34487491,36,36
34491852,2,2
34491871,2,2
34491916,2,2
34491918,0,0
34494974,0,0
34840495,0,0
34841457,0,0
34668348,0,0
34670672,12,12
34673353,33,33
34679833,0,0
34686716,0,0
34690202,33,33
34844071,0,0
34856076,0,0
34858480,0,0
34860207,3,3
34862591,0,0
34866647,0,0
34866682,2,2
34866897,0,0
34868325,0,0
34868859,73,73
34869203,0,0
34700092,0,0
34705150,0,0
34705719,71,71
34706349,0,0
34708585,0,0
34709283,0,0
34709658,0,0
34871854,0,0
34873255,0,0
34873969,0,0
34890712,0,0
34894797,0,0
34897396,0,0
34907049,0,0
34907354,0,0
34907479,0,0
34908806,0,0
34710645,0,0
34718143,0,0
34721719,3,0
34722584,1,0
34723211,0,0
34737998,76,76
34738463,0,0
34741981,3,0
34742861,90,90
34743365,0,0
34745490,49,33
34909026,75,75
34909594,82,82
34926055,61,61
34929016,0,0
34935216,0,0
34938631,0,0
34949054,0,0
34952279,0,0
34956061,6,0
34967524,0,0
34971449,2,2
34746284,8,8
34748026,0,0
34748366,0,0
34753379,0,0
34754120,0,0
34754241,0,0
34759503,0,0
34774305,0,0
34783887,0,0
34788810,0,0
34792347,0,0
34809828,0,0
34972982,17,17
34973988,0,0
34975935,0,0
34976735,0,0
34978738,0,0
34981661,0,0
34993824,47,47
34994129,82,82
34997894,0,0
34998955,74,74
34815470,0,0
34819702,90,0
34821537,0,0
34822061,0,0
34835762,0,0
34838079,0,0
35000464,57,57
35001175,0,0
35002311,7,0
35005373,50,50
35012500,59,59
35025921,9,9
35026069,0,0
35026161,32,32
35038426,58,13
34839277,0,0
35162306,0,0
35164294,0,0
35166718,89,89
35167097,90,90
35172393,0,0
35183293,46,46
35186258,61,61
35186404,0,0
35189052,0,0
35038658,0,0
35043094,2,2
35044394,0,0
35045823,0,0
35059067,0,0
35059840,0,0
35061907,0,0
35066800,0,0
35076834,1,0
35078721,11,0
35079012,0,0
35191797,55,55
35193203,0,0
35195180,0,0
35196872,0,0
35197500,0,0
35199446,0,0
35206238,0,0
35217588,0,0
35217816,0,0
35080347,0,0
35085042,0,0
35085826,0,0
35087672,0,0
35096173,0,0
35096744,0,0
35096805,0,0
35109246,0,0
35114037,18,18
35114189,0,0
35115187,0,0
35219812,0,0
35220477,0,0
35222567,4,4
35224560,0,0
35227165,73,0
35228373,0,0
35231370,70,70
35231916,20,20
35232819,39,39
35115611,29,0
35119931,0,0
35120222,76,76
35121319,0,0
35121524,6,0
35124311,0,0
35128367,0,0
35132775,0,0
35136523,0,0
35136809,0,0
35147929,7,7
35233962,0,0
35235212,0,0
35235326,35,35
35235379,0,0
35236345,32,0
35236424,0,0
35236534,31,0
35236677,0,0
35250568,49,0
35149019,11,11
35149180,11,11
35149282,15,15
35149452,8,8
35149749,7,7
35154411,76,75
35154668,20,20
35252845,24,24
35254823,49,49
35258943,0,0
35260994,0,0
35154803,53,53
35154913,13,13
35155873,3,3
35497497,2,2
35499352,0,0
35509087,3,3
35510876,16,15
35510977,5,5
35511098,3,3
35512005,0,0
35267252,0,0
35267276,0,0
35267302,31,0
35267761,41,41
35268357,0,0
35269107,0,0
35281795,0,0
35284206,0,0
35284472,0,0
35284618,0,0
35513883,32,32
35516587,0,0
35523432,25,24
35526392,76,76
35532192,0,0
35532310,0,0
35532648,0,0
35536969,5,0
35539586,15,15
35289004,0,0
35304260,0,0
35310193,2,2
35315339,46,0
35539721,44,44
35539856,15,15
35540158,43,43
35540308,0,0
35540417,0,0
35540673,0,0
35545194,0,0
35545434,5,5
35545525,29,29
35545595,20,20
35316405,0,0
35328951,0,0
35343378,0,0
35349443,0,0
35545650,32,32
35546298,50,50
35548551,0,0
35548721,0,0
35550080,0,0
35569130,76,76
35570396,0,0
35574095,0,0
35575345,39,21
35577620,9,0
35354567,76,76
35369883,22,22
35373350,0,0
35374299,0,0
35376453,0,0
35380023,0,0
35385859,0,0
35402920,0,0
35579312,0,0
35579364,28,28
35580335,0,0
35580609,1,1
35581315,0,0
35599507,0,0
35600877,0,0
35601251,0,0
35603341,30,30
35603512,48,48
35406411,0,0
35408266,3,3
35409062,3,3
35415121,0,0
35422599,14,12
35428996,0,0
35431400,8,8
35607907,0,0
35608098,0,0
35614233,3,3
35614263,0,0
35614888,0,0
35616470,0,0
35619073,0,0
35636466,0,0
35642392,0,0
35643772,0,0
35644555,0,0
35646199,44,0
35650240,0,0
35450345,0,0
35454756,0,0
35463466,0,0
35463986,0,0
35465766,0,0
35466334,0,0
35479956,3,3
35485149,19,0
35490967,49,49
35491909,0,0
35493937,19,13
35496842,87,87
35768121,0,0
35768266,0,0
35768324,0,0
35768575,0,0
35768781,0,0
35657430,0,0
35664658,0,0
35679935,0,0
35683483,0,0
35684442,0,0
35686575,0,0
35686594,0,0
35688424,0,0
35702864,5,5
35707945,0,0
35711228,0,0
35771605,0,0
35771989,0,0
35773173,0,0
35774669,32,32
35778408,0,0
35712515,3,3
35713272,0,0
35713310,13,12
35713334,18,16
35713354,16,16
35716479,0,0
35717460,0,0
35718438,0,0
35719652,60,60
35732634,17,16
35788093,0,0
35793925,0,0
35797866,4,4
35806920,0,0
35808578,12,12
35812955,0,0
35822763,6,6
35735822,0,0
35752161,0,0
35755081,0,0
35758732,0,0
35766431,70,69
36141106,0,0
36142215,0,0
36143087,0,0
36145317,0,0
36146653,0,0
36147561,61,56
36152335,0,0
35828656,0,0
35829570,22,22
35833383,0,0
35836471,0,0
35837998,0,0
35838716,0,0
36152646,18,18
36152878,0,0
36172519,0,0
36197791,21,21
36198348,57,56
36203757,0,0
36204465,0,0
36206001,0,0
36210670,0,0
36221298,0,0
36222367,0,0
36224443,0,0
35840685,54,48
35841351,0,0
35863336,0,0
35868549,21,21
35871679,0,0
36228538,0,0
36231329,0,0
36236022,63,63
36236515,30,28
36239387,0,0
36239518,0,0
36239665,0,0
36239812,0,0
36239907,0,0
36239952,0,0
36240007,0,0
36240061,0,0
35873124,0,0
35874311,0,0
35875206,0,0
35876828,2,0
35877016,0,0
35880719,42,30
35893569,0,0
35896695,35,34
36240104,0,0
36240143,0,0
36240195,0,0
36241782,0,0
36242333,0,0
36255541,10,10
36260895,3,3
36265557,0,0
36267546,11,11
36272957,21,21
36274279,48,48
35901159,0,0
35903391,0,0
36279030,0,0
36286545,0,0
36300378,66,66
36302523,47,47
36307792,0,0
36307882,0,0
36311265,0,0
36312999,0,0
36313671,0,0
36315143,31,29
36315759,0,0
35906886,0,0
35907916,31,5
35914632,61,42
35934018,44,44
35938640,12,12
35939805,0,0
36315795,0,0
36315828,76,76
36319887,0,0
36322141,5,5
36333124,8,8
36349092,0,0
36354114,80,80
36358848,0,0
36358910,0,0
36359662,13,13
35944866,59,59
35957018,0,0
35962668,14,2
35965985,0,0
36368048,0,0
36370217,16,16
36379279,35,35
36379292,2,2
36381909,0,0
36383411,0,0
36387416,0,0
36392805,0,0
36392997,5,5
36394726,0,0
36404568,36,36
35966671,0,0
35967471,0,0
35969545,27,27
35974849,0,0
35988369,21,21
35995460,0,0
36413532,0,0
36414576,0,0
36417250,0,0
36420676,0,0
36421575,0,0
36421632,0,0
36421679,0,0
36421737,0,0
36421783,0,0
36426788,0,0
36435986,0,0
36441134,0,0
35996222,5,5
35998531,3,3
35999656,0,0
36002802,0,0
36004196,3,3
36023925,0,0
36036842,39,39
36471896,0,0
36477307,0,0
36481615,0,0
36485171,0,0
36485642,45,45
36488148,0,0
36510434,0,0
36513425,61,59
36517175,3,0
36523682,7,7
36054622,0,0
36056808,0,0
36060386,0,0
36062007,0,0
36063144,21,21
36064099,0,0
36069532,0,0
36525799,18,18
36526390,0,0
36526767,0,0
36531254,0,0
36533065,0,0
36554098,0,0
36558463,0,0
36562432,0,0
36562461,0,0
36562485,0,0
36073776,0,0
36074873,0,0
36076577,0,0
36080023,6,6
36082249,0,0
36085870,0,0
36103414,3,3
36105777,0,0
36565460,0,0
36566957,2,0
36569876,0,0
36571835,30,30
36581537,27,27
36585314,9,9
36591820,0,0
36592512,0,0
36593724,0,0
36596438,0,0
36600021,18,18
36107833,0,0
36109132,0,0
36109149,0,0
36114015,0,0
36115461,0,0
36117267,0,0
36134670,6,6
36137531,0,0
36137613,6,6
36839214,0,0
36600226,0,0
36600797,23,23
36601016,24,24
36601094,8,8
36601199,13,13
36601330,13,13
36601463,19,19
36601529,34,34
36601571,5,5
36601762,36,35
36602019,10,10
36839873,0,0
36840098,1,0
36844943,0,0
36846836,0,0
36872628,34,34
36602159,14,14
36602945,0,0
36603015,76,75
36604373,0,0
36620796,0,0
36629436,38,37
36629467,0,0
36631549,0,0
36632562,9,9
36633354,66,66
36633369,4,1
36633511,0,0
36875336,55,55
36877037,0,0
36900144,81,81
36906533,41,0
36906763,76,76
36908046,0,0
36637775,0,0
36639320,0,0
36639976,0,0
36640931,2,2
36643130,0,0
36656933,2,2
36659812,22,22
36660274,86,86
36668085,0,0
36684171,0,0
36696708,0,0
36696860,44,44
36914033,1,1
36922223,85,85
36939258,70,69
36939361,0,0
36939654,0,0
36939782,0,0
36940057,0,0
36942878,0,0
36944046,0,0
36945647,1,1
36946192,0,0
36968066,0,0
36974600,0,0
36980176,0,0
36981285,90,90
36998345,71,16
36697133,0,0
36698970,0,0
36753879,7,0
36762958,11,11
36765969,0,0
36776377,0,0
36794104,0,0
36796156,0,0
36804299,49,49
36811139,0,0
36813246,90,90
37006114,0,0
37006731,0,0
37008287,0,0
37011601,42,42
37016764,0,0
37019368,0,0
37020763,0,0
37022153,12,12
37023849,0,0
37023920,0,0
36815318,35,0
36819630,0,0
36832048,0,0
36833047,0,0
36834500,0,0
36834575,0,0
36836336,41,40
37146175,0,0
37146931,0,0
37150443,0,0
37152715,0,0
37036243,0,0
37039174,0,0
37048087,52,52
37053079,4,4
37054496,0,0
37055281,0,0
37055580,0,0
37055877,75,75
37153400,0,0
37153544,15,15
37154807,0,0
37155251,0,0
37155507,0,0
37177160,0,0
37184038,0,0
37184442,0,0
37187163,16,16
37187259,3,3
37198718,0,0
37056638,3,0
37057382,12,12
37058304,0,0
37059318,0,0
37200571,0,0
37202400,0,0
37202760,0,0
37206565,0,0
37207174,36,0
37210398,0,0
37215278,0,0
37216159,46,46
37216267,0,0
37216694,0,0
37217162,0,0
37060440,2,2
37060459,0,0
37060607,1,1
37074081,0,0
37079197,18,18
37082885,57,35
37083736,0,0
37085182,62,62
37085302,1,1
37086914,13,13
37217357,0,0
37218076,0,0
37240374,60,60
37245813,0,0
37250030,60,60
37250201,0,0
37251422,0,0
37253210,72,0
37253565,76,76
37254241,0,0
37254729,43,43
37087668,0,0
37093438,3,3
37093925,0,0
37094204,0,0
37094209,16,16
37094830,42,42
37096121,69,68
37096663,0,0
37113314,0,0
37122162,32,32
37122437,10,10
37122502,14,14
37122566,19,19
37132673,0,0
37138983,89,89
37140513,0,0
37260475,90,90
37262517,16,16
37280114,0,0
37280342,0,0
37282283,0,0
37282528,0,0
37285128,29,29
37291686,6,6
37294217,0,0
37296583,0,0
37297049,0,0
37140722,0,0
37140782,0,0
37140882,0,0
37140989,0,0
37141162,0,0
37141285,0,0
37141377,0,0
37141484,0,0
37446470,0,0
37447065,32,32
37455273,0,0
37455790,0,0
37457512,0,0
37459834,0,0
37461862,0,0
37462923,7,7
37297150,42,42
37300621,0,0
37316929,0,0
37317411,0,0
37318064,0,0
37319489,46,45
37320519,0,0
37322150,40,40
37322632,0,0
37323360,63,63
37486474,0,0
37487817,0,0
37489260,0,0
37491295,27,14
37494611,0,0
37496845,0,0
37497614,0,0
37325442,42,42
37326028,0,0
37329889,75,75
37330856,3,3
37332210,0,0
37332720,81,81
37348900,20,13
37349383,30,30
37351667,6,6
37357770,0,0
37503226,0,0
37508572,0,0
37527378,0,0
37529321,32,32
37530767,0,0
37532017,90,90
37532987,71,71
37534417,16,0
37534473,0,0
37535728,0,0
37536591,0,0
37360299,0,0
37360635,0,0
37361653,9,0
37366431,0,0
37368265,2,0
37371179,6,0
37393364,0,0
37397088,80,51
37404277,28,28
37417772,2,2
37419826,0,0
37423528,0,0
37549695,39,39
37551957,0,0
37557533,0,0
37559137,0,0
37561740,17,17
37562453,0,0
37563342,46,46
37563625,0,0
37563800,0,0
37563932,28,28
37424442,0,0
37424915,0,0
37428856,3,3
37430881,0,0
37443671,54,54
37773215,0,0
37774311,0,0
37776645,0,0
37779458,0,0
37779494,0,0
37785816,26,0
37793205,59,0
37797768,0,0
37564878,32,32
37568328,7,1
37568587,0,0
37585659,0,0
37588246,43,43
37588453,1,0
37589906,3,0
37592370,0,0
37597997,0,0
37598410,6,6
37598471,1,1
37598495,17,17
37602188,0,0
37627715,47,47
37629191,0,0
37630258,0,0
37630778,55,0
37633552,3,3
37634311,14,14
37634767,0,0
37648875,9,9
37660941,12,12
37798666,90,90
37800810,0,0
37806107,0,0
37807246,52,52
37808381,66,66
37809089,3,3
37809572,3,3
37810821,32,0
37828655,40,40
37833931,18,16
37661812,15,15
37662389,56,56
37665665,60,60
37671932,0,0
37687769,0,0
37688045,62,47
37696099,2,2
37702257,0,0
37705884,20,20
37706099,75,75
37838821,0,0
37839668,0,0
37842610,0,0
37857475,3,3
37860830,0,0
37862092,0,0
37862550,50,50
37864788,0,0
37878596,0,0
37879131,10,6
37885314,0,0
37706464,0,0
37718522,0,0
37718828,0,0
37719117,0,0
37720576,17,0
37720797,35,35
37886939,0,0
37887133,6,6
37891200,0,0
37908313,15,15
37909386,52,52
37910970,0,0
37914207,0,0
37914398,0,0
37937595,76,76
37722378,16,16
37723620,16,16
37729855,3,3
37732641,0,0
37735868,0,0
37740667,0,0
37744976,0,0
37750065,0,0
37940346,0,0
37940610,0,0
37941348,0,0
37941349,58,20
37942657,16,16
37943502,0,0
37943586,0,0
37943668,24,24
37944508,52,51
37944546,0,0
37957355,0,0
37750997,0,0
37763951,0,0
37769295,0,0
38105387,0,0
38116815,0,0
38131474,0,0
38133113,0,0
38134394,1,1
38134421,0,0
38135970,75,75
38153918,0,0
38157113,89,89
38159915,0,0
38161096,0,0
38161780,3,3
37971614,50,50
37971699,0,0
37974260,0,0
37982862,0,0
37984597,0,0
37986967,0,0
37987719,0,0
37988664,90,90
37988953,3,0
37990112,0,0
37992122,0,0
37992636,0,0
38161818,30,30
38164618,0,0
38164809,0,0
38166035,1,1
38178779,6,0
38186786,0,0
38191536,0,0
37993547,8,8
37997011,0,0
38019033,10,10
38020017,21,0
38021015,0,0
38023200,0,0
38024356,12,12
38042164,0,0
38043614,0,0
38045112,0,0
38045312,0,0
38194280,0,0
38198444,78,78
38202642,42,0
38205589,0,0
38214221,18,18
38215588,20,0
38216335,0,0
38226783,0,0
38232271,0,0
38233279,0,0
38045508,16,16
38048018,0,0
38063248,0,0
38069091,0,0
38069261,0,0
38072539,0,0
38085023,0,0
38092217,0,0
38097887,56,56
38098602,0,0
38101782,0,0
38235141,0,0
38236354,0,0
38236463,20,0
38238758,0,0
38239421,75,75
38256524,0,0
38261496,68,67
38103427,0,0
38104983,0,0
38481169,0,0
38485346,0,0
38496782,0,0
38497561,0,0
38498915,0,0
38510238,0,0
38511282,0,0
38513011,47,46
38515796,0,0
38269872,0,0
38281533,0,0
38284238,0,0
38285454,16,16
38287428,0,0
38291768,14,14
38293257,0,0
38295943,72,72
38299089,5,5
38317957,6,6
38519757,0,0
38521231,68,68
38521947,0,0
38522188,0,0
38522224,90,90
38522305,0,0
38526362,5,5
38535656,90,90
38538837,0,0
38539813,0,0
38320677,0,0
38323529,0,0
38325958,0,0
38541050,0,0
38542488,2,2
38544065,0,0
38546708,56,56
38547165,29,29
38550982,24,24
38551651,0,0
38553463,30,30
38558695,0,0
38559180,3,3
38571450,21,0
38329522,0,0
38355263,0,0
38355839,0,0
38359468,0,0
38363300,0,0
38371078,0,0
38377227,0,0
38377425,0,0
38573488,44,44
38573589,17,16
38575482,28,11
38582198,0,0
38584270,41,41
38584439,8,8
38584735,0,0
38598735,0,0
38600017,0,0
38603451,16,16
38609434,0,0
38617525,10,10
38377430,0,0
38379068,86,86
38382611,0,0
38384778,0,0
38385803,0,0
38390610,49,49
38392173,0,0
38617814,53,53
38619451,8,8
38623036,0,0
38624089,76,76
38624335,0,0
38624428,0,0
38624439,28,28
38624918,0,0
38624988,16,16
38625166,46,46
38625308,46,46
38626886,0,0
38392995,0,0
38413549,2,0
38425543,50,0
38428035,75,75
38428985,0,0
38626897,0,0
38640810,0,0
38645543,66,0
38645666,3,3
38645667,0,0
38645987,0,0
38646409,47,47
38664426,0,0
38666081,3,0
38670210,0,0
38694732,0,0
38437629,2,2
38442158,0,0
38449283,0,0
38454938,0,0
38456362,0,0
38456813,0,0
38457731,0,0
38459508,0,0
38460129,0,0
38462360,33,0
38695193,0,0
38697036,32,32
38700836,0,0
38702827,0,0
38703384,0,0
38703932,0,0
38704688,90,90
38707413,3,3
38720591,0,0
38723597,0,0
38723925,0,0
38724583,0,0
38462543,0,0
38464389,0,0
38464396,90,90
38469091,0,0
38477712,4,4
38481108,63,63
38780110,62,62
38795690,0,0
38797417,0,0
38725189,9,9
38725893,0,0
38749353,0,0
38752368,0,0
38756007,0,0
38776786,0,0
38778121,0,0
38779756,0,0
39059931,20,20
39066657,0,0
38804342,2,2
38811858,9,9
38812729,6,6
38817916,14,14
38822413,0,0
38825111,0,0
38831666,59,59
38836825,0,0
38839113,0,0
39072592,60,60
39074638,42,42
39075477,0,0
39083120,0,0
39083245,22,22
39084990,17,17
39087293,76,76
39091454,0,0
39113138,30,30
39117708,0,0
39125813,3,3
38839819,0,0
38846563,12,12
38846976,11,0
38849102,74,72
38850758,22,0
38853605,0,0
38866096,0,0
39126741,75,75
39128021,16,16
39131261,0,0
39136879,0,0
39149013,0,0
39150564,0,0
39153457,57,56
39157606,0,0
39169415,23,23
39173096,0,0
38866268,1,1
38871574,3,3
38871661,0,0
38875424,9,9
38879859,0,0
38880744,0,0
38888708,0,0
38889455,0,0
38902678,52,51
39174155,21,1
39174672,0,0
39176524,9,9
39177041,0,0
39189765,0,0
39191142,90,90
39193812,5,5
39194327,87,86
39195247,0,0
39196417,0,0
39197716,0,0
38905319,0,0
38906145,0,0
38906302,0,0
38908592,17,17
38908757,0,0
38910508,53,53
38923034,0,0
38924225,16,16
38924473,2,2
39198133,0,0
39199781,90,90
39199816,0,0
39204077,0,0
39211315,0,0
39215776,0,0
39229191,0,0
39243894,15,15
39244920,0,0
39247437,0,0
39249334,0,0
38926445,0,0
38930954,3,0
38932995,33,33
38935166,0,0
38947926,30,30
38954037,84,83
38955140,0,0
38956629,13,13
38956772,11,11
38956793,11,11
38956813,30,28
38956835,1,1
38956889,16,16
38956942,0,0
38956986,0,0
38957054,15,15
38975498,2,0
39251023,0,0
39252056,0,0
39252851,0,0
39256285,0,0
39257912,3,3
39269487,0,0
39270581,0,0
39272481,0,0
39273168,0,0
39277490,0,0
39280356,0,0
39286877,0,0
38977877,0,0
38978229,0,0
38978429,48,48
38980221,63,63
38982533,0,0
39299540,0,0
39301619,2,2
39302944,23,23
39312974,0,0
39314886,0,0
39327039,0,0
39330170,0,0
39332857,0,0
39334075,0,0
39335757,0,0
39337020,0,0
38983890,52,52
38984304,0,0
38996102,7,7
38997592,7,7
38998867,0,0
39340144,0,0
39345548,0,0
39355550,0,0
39358131,6,6
39364371,0,0
39370156,61,60
39380638,0,0
39380947,18,17
39381034,20,20
39386691,0,0
39395456,0,0
38999822,0,0
38999862,0,0
39001725,23,0
39003811,0,0
39004732,0,0
39005390,1,0
39016717,79,32
39022754,30,0
39024603,0,0
39025632,0,0
39028036,0,0
39029793,0,0
39031849,6,6
39396638,0,0
39411592,9,9
39413551,0,0
39413681,72,72
39414688,0,0
39415178,0,0
39417163,0,0
39422367,0,0
39423751,0,0
39424633,0,0
39435705,0,0
39435760,0,0
39033318,6,6
39435765,0,0
39435773,0,0
39435811,1,1
39435835,0,0
39443002,0,0
39447656,0,0
39447878,0,0
39448065,0,0
39449410,0,0
39034756,0,0
39035186,0,0
39035532,0,0
39036887,49,49
39058347,0,0
39059690,6,0
39630715,21,0
39633382,2,2
39633723,0,0
39449814,17,16
39453401,0,0
39464274,0,0
39466783,0,0
39469608,0,0
39480960,0,0
39481793,47,0
39483065,0,0
39483163,0,0
39483179,90,90
39483421,0,0
39484704,31,31
39634340,14,0
39634396,0,0
39646001,0,0
39647259,88,88
39648018,0,0
39650425,0,0
39651899,0,0
39667267,24,24
39671310,8,8
39485765,21,0
39485858,10,10
39486515,0,0
39487182,0,0
39487415,24,0
39503790,0,0
39506904,0,0
39507366,21,21
39507856,3,3
39508474,6,6
39509523,0,0
39693688,0,0
39694948,0,0
39696136,0,0
39697022,0,0
39699359,3,3
39703272,5,5
39509810,0,0
39517970,0,0
39523142,0,0
39524646,0,0
39526252,0,0
39526281,6,0
39526512,0,0
39528624,37,37
39530302,0,0
39531655,3,3
39532400,0,0
39717041,54,52
39725627,0,0
39726547,0,0
39742323,0,0
39749681,42,42
39751479,0,0
39753472,0,0
39754062,0,0
39535241,0,0
39535314,0,0
39535604,76,76
39535849,0,0
39536408,0,0
39537097,51,0
39537553,0,0
39543637,0,0
39551766,0,0
39553432,0,0
39553672,90,90
39756235,0,0
39758510,0,0
39767080,30,30
39777590,53,53
39553889,0,0
39554366,0,0
39554839,0,0
39556673,8,0
39560697,0,0
39562028,0,0
39566015,0,0
39569142,0,0
39584086,0,0
39584286,90,90
39587759,21,21
39598996,59,58
39777931,0,0
39780878,0,0
39781222,2,0
39791749,0,0
39812564,0,0
39817538,0,0
39818487,0,0
39820984,0,0
39833359,9,9
39836117,0,0
39839813,27,27
39839863,0,0
39603229,0,0
39603782,9,0
39606116,80,0
39606161,0,0
39610139,21,21
39612224,9,9
39626638,0,0
39627045,0,0
39627703,31,30
39627918,31,30
39628230,75,74
39840444,0,0
39843036,0,0
39849765,37,37
39850284,42,15
39858506,0,0
39628233,20,20
39629775,0,0
39630152,0,0
39921190,0,0
39921325,0,0
39921443,77,77
39921579,0,0
39921646,0,0
39921718,3,3
39921812,0,0
39921961,11,11
39922049,0,0
39859278,0,0
39859439,40,40
39859606,56,55
39859670,8,8
39859862,0,0
39860004,0,0
39860062,5,5
39860155,0,0
39860690,20,20
39860936,4,4
39861059,3,3
39861127,7,7
39861182,6,6
39861293,19,19
39861458,14,14
39861566,65,65
39922192,63,63
39922280,55,53
39922347,0,0
39922436,69,69
39922527,8,8
39922635,0,0
39925395,0,0
39925642,0,0
39929061,35,34
39937438,0,0
39939381,0,0
39862015,0,0
39862209,0,0
39866812,21,21
39868919,0,0
39878031,2,2
39878065,0,0
39878087,0,0
39878204,25,25
39878242,83,83
39878798,90,90
39878837,0,0
39879250,2,2
39890582,0,0
39894957,3,3
39896685,33,0
39899915,3,3
39940831,0,0
39943815,9,9
39947182,0,0
39950446,37,37
39950578,0,0
39951152,0,0
39953432,0,0
39955583,0,0
39961750,0,0
39969287,30,30
39970944,0,0
39971399,76,76
39916681,0,0
39919408,14,14
39920435,0,0
39920610,31,31
39921115,0,0
40155082,0,0
40158019,41,41
40158792,0,0
39972810,0,0
39981492,3,0
39989070,76,75
39989753,0,0
40003458,0,0
40008777,0,0
40009594,5,0
40010350,0,0
40010639,0,0
40011270,0,0
40012774,0,0
40171124,0,0
40171561,0,0
40173750,0,0
40178205,0,0
40178248,0,0
40179986,0,0
40180189,0,0
40181084,0,0
40182687,31,31
40015168,0,0
40026658,0,0
40028007,2,0
40028710,0,0
40030465,47,0
40031760,0,0
40035713,5,5
40037636,0,0
40040224,47,47
40040229,0,0
40047091,78,78
40053751,0,0
40054504,0,0
40197148,0,0
40197518,0,0
40198915,76,76
40199356,0,0
40199757,0,0
40200949,0,0
40055504,0,0
40056966,0,0
40059707,0,0
40060307,0,0
40062883,0,0
40067442,6,6
40070974,0,0
40080502,37,35
40086915,0,0
40091096,0,0
40091689,21,0
40092387,0,0
40202748,0,0
40203774,0,0
40211098,0,0
40212454,1,1
40215699,0,0
40222146,0,0
40095318,58,58
40095816,0,0
40103744,20,20
40105828,0,0
40113121,0,0
40115492,47,46
40116841,0,0
40118140,0,0
40130860,0,0
40131065,0,0
40134763,0,0
40134882,0,0
40135849,0,0
40223498,25,24
40227162,0,0
40137674,57,57
40137765,0,0
40140478,0,0
40152377,0,0
40394315,0,0
40394743,0,0
40396854,17,17
40397243,8,8
40399598,70,70
40400671,3,0
40227195,0,0
40228352,25,0
40231357,0,0
40231754,5,0
40233539,0,0
40237882,0,0
40239419,0,0
40403226,0,0
40403927,0,0
40405170,0,0
40406049,1,1
40407291,33,0
40409517,0,0
40418905,0,0
40419375,0,0
40424198,3,3
40424606,76,76
40425172,47,47
40239461,20,0
40247800,67,67
40254550,0,0
40255977,0,0
40256445,0,0
40256858,0,0
40256959,0,0
40261940,1,1
40428207,0,0
40445094,0,0
40445885,0,0
40447283,16,16
40448123,0,0
40448201,0,0
40450547,0,0
40468300,76,74
40469534,0,0
40470721,0,0
40473913,0,0
40474055,3,3
40264373,7,7
40274732,0,0
40280060,0,0
40281351,0,0
40283370,0,0
40283716,0,0
40289316,3,3
40292818,6,6
40300360,0,0
40301903,75,75
40302355,0,0
40302589,67,67
40304242,21,21
40305212,0,0
40305281,0,0
40305632,0,0
40307183,0,0
40307620,0,0
40310349,0,0
40319389,0,0
40474721,0,0
40476469,0,0
40483741,0,0
40484385,0,0
40484867,0,0
40484899,0,0
40488178,0,0
40488426,0,0
40491370,0,0
40491893,62,62
40492034,0,0
40496135,0,0
40501642,0,0
40322029,0,0
40324958,0,0
40325387,0,0
40325977,0,0
40332564,0,0
40335341,39,39
40335381,0,0
40335468,3,3
40339942,24,24
40341041,0,0
40342902,0,0
40343900,0,0
40345364,76,76
40346585,0,0
40347137,0,0
40502336,0,0
40506237,0,0
40506862,0,0
40508388,0,0
40509788,0,0
40511454,0,0
40513927,0,0
40528319,0,0
40528622,0,0
40529147,0,0
40529363,0,0
40532760,0,0
40348702,0,0
40350292,0,0
40357574,0,0
40368174,3,3
40371175,0,0
40372320,0,0
40376349,4,0
40376779,0,0
40391410,0,0
40621087,0,0
40633892,0,0
40639790,0,0
40534352,0,0
40535803,21,21
40535865,50,50
40538432,0,0
40538599,0,0
40538776,0,0
40547488,0,0
40558329,0,0
40558396,0,0
40559773,0,0
40563247,0,0
40565556,53,53
40576966,57,57
40640280,3,0
40651511,0,0
40653017,0,0
40655748,0,0
40657002,0,0
40657056,0,0
40657464,0,0
40658053,0,0
40658238,0,0
40660322,90,90
40666703,0,0
40668364,0,0
40586085,0,0
40587039,0,0
40587185,0,0
40591061,3,3
40595086,0,0
40597710,0,0
40598720,0,0
40599703,0,0
40608762,3,3
40611604,30,30
40612147,0,0
40613498,0,0
40614603,0,0
40672621,0,0
40676498,0,0
40677597,0,0
40677959,0,0
40678317,0,0
40678945,0,0
40680003,7,7
40681902,0,0
40682851,0,0
40683527,3,3
40695564,0,0
40696690,0,0
40696745,0,0
40615352,0,0
40616073,0,0
40616776,0,0
40617954,0,0
40618044,0,0
40825740,3,3
40833186,0,0
40837137,0,0
40838018,0,0
40843980,0,0
40844212,0,0
40846105,18,18
40699072,3,3
40701124,0,0
40701936,0,0
40704152,0,0
40704904,0,0
40705021,0,0
40707829,0,0
40708764,0,0
40719651,0,0
40721525,0,0
40721922,75,75
40725145,0,0
40725405,45,45
40727235,0,0
40848653,0,0
40861640,46,46
40864895,21,21
40868745,0,0
40870366,0,0
40871135,0,0
40871301,0,0
40886497,0,0
40887882,90,90
40888693,0,0
40889145,3,3
40728425,0,0
40731114,0,0
40732157,0,0
40734111,3,3
40735709,0,0
40736481,0,0
40737415,16,16
40889966,0,0
40890824,0,0
40891496,1,1
40892321,0,0
40893251,0,0
40894010,0,0
40894061,0,0
40894601,0,0
40896294,0,0
40896611,67,67
40896785,0,0
40739293,12,12
40744843,1,1
40748884,90,90
40896822,0,0
40897147,0,0
40897425,5,5
40897658,0,0
40900757,57,57
40901664,0,0
40902573,0,0
40903966,0,0
40912721,66,61
40913839,0,0
40915004,60,60
40916964,0,0
40750433,0,0
40750579,0,0
40750841,0,0
40750941,0,0
40918215,0,0
40918843,0,0
40920440,0,0
40922585,0,0
40922899,41,41
40923448,0,0
40924272,0,0
40930849,0,0
40939047,0,0
40941301,0,0
40943610,0,0
40943649,0,0
40752323,0,0
40754270,59,58
40756575,0,0
40758693,0,0
40759693,0,0
40760516,0,0
40761556,0,0
40761816,0,0
40763916,0,0
40777106,0,0
40944374,46,0
40945277,0,0
40946280,0,0
40946694,74,74
40946832,0,0
40947476,0,0
40949156,0,0
40952752,5,5
40962319,0,0
40965070,0,0
40965443,0,0
40966272,0,0
40969708,0,0
40777336,0,0
40777849,0,0
40780235,0,0
40781102,19,19
40783165,0,0
40783447,0,0
40783667,0,0
40786270,0,0
40790813,0,0
40794509,6,0
40797425,3,3
40971681,44,44
40973933,43,42
40986283,0,0
40986707,21,20
40992950,90,90
41000928,0,0
41004775,6,6
41006656,0,0
41007370,19,19
41008894,0,0
41009396,16,14
41010459,0,0
41012815,3,3
40797714,0,0
40798553,3,0
40799715,0,0
40800148,0,0
41021017,0,0
41021292,31,31
41021580,0,0
41023393,13,13
41026711,0,0
41033943,9,9
41036360,30,30
41036391,0,0
41042473,0,0
41047753,0,0
41048204,0,0
41048681,15,15
40816175,0,0
40817592,0,0
40823324,0,0
40824219,3,0
41352166,63,63
41352511,0,0
41353712,16,0
41354388,74,74
41365538,18,18
41367371,51,0
41369046,2,2
41371194,6,6
41048914,0,0
41048929,0,0
41050833,0,0
41061100,0,0
41069298,3,3
41075946,0,0
41078843,25,25
41082583,0,0
41082801,31,0
41085750,0,0
41091413,0,0
41091898,0,0
41372828,0,0
41373193,18,18
41373717,0,0
41380528,0,0
41383676,90,88
41105251,3,2
41107092,25,0
41107719,0,0
41108306,44,0
41108462,0,0
41109712,30,0
41112420,0,0
41123624,0,0
41124424,90,90
41124781,8,8
41127989,22,0
41383774,0,0
41395190,10,10
41399557,54,54
41403642,0,0
41404723,0,0
41405716,0,0
41406338,0,0
41420151,90,90
41425572,15,15
41425597,0,0
41425624,0,0
41430114,0,0
41430275,0,0
41430801,6,6
41129980,0,0
41132137,0,0
41133434,0,0
41136941,3,0
41144739,0,0
41146307,50,49
41149321,0,0
41151871,36,0
41154668,21,21
41155955,0,0
41157920,0,0
41159052,0,0
41431376,0,0
41433641,44,44
41453338,9,9
41454887,56,44
41462107,0,0
41466873,0,0
41469310,0,0
41472347,5,5
41473245,65,23
41474950,58,14
41480537,0,0
41485666,0,0
41489380,0,0
41492412,0,0
41493321,0,0
41494959,3,3
41499645,0,0
41502557,0,0
41504521,16,14
41166828,6,6
41169295,0,0
41173094,0,0
41175790,31,0
41178612,34,34
41179889,0,0
41212093,0,0
41213862,0,0
41215964,0,0
41226843,21,21
41228499,0,0
41234346,0,0
41506185,69,69
41507050,22,22
41527827,0,0
41529631,5,0
41531671,27,0
41538377,90,90
41541597,0,0
41547677,17,17
41552434,9,9
41237808,37,37
41242461,0,0
41243629,0,0
41247450,0,0
41257755,62,62
41257880,0,0
41258335,66,66
41262660,18,18
41268569,3,3
41270387,0,0
41274329,32,32
41558676,0,0
41558910,0,0
41559646,8,8
41563296,0,0
41564056,90,90
41564625,0,0
41565203,21,21
41568108,3,3
41569497,0,0
41580681,0,0
41285370,0,0
41289512,48,12
41294234,0,0
41295029,2,2
41295300,44,44
41295524,56,47
41301073,39,20
41310526,0,0
41316343,0,0
41318881,0,0
41321694,33,33
41322723,71,71
41581379,17,17
41582446,0,0
41583537,0,0
41585180,37,37
41588820,0,0
41322811,0,0
41324037,0,0
41326428,0,0
41336712,6,6
41344609,0,0
41348519,0,0
41348789,76,76
41349499,0,0
41350522,0,0
41665066,0,0
41666464,0,0
41666895,0,0
41592296,14,14
41593430,40,40
41598391,3,3
41609145,54,54
41612833,0,0
41614248,49,49
41670137,0,0
41670159,0,0
41670313,0,0
41681691,19,0
41686149,0,0
41690071,4,0
41692454,23,23
41693525,0,0
41710457,32,32
41712212,6,6
41712314,0,0
41715665,0,0
41617032,15,15
41625711,0,0
41634451,30,30
41636635,0,0
41637835,0,0
41641376,0,0
41642747,0,0
41647808,62,62
41718756,0,0
41719216,0,0
41720005,37,37
41720411,0,0
41722400,0,0
41725492,3,3
41733738,22,22
41739955,0,0
41742930,0,0
41746645,9,9
41749993,46,33
41662321,0,0
41664099,0,0
41998444,0,0
41999901,0,0
42002119,0,0
42002291,12,1
42002364,0,0
42002958,0,0
42005015,0,0
42006106,0,0
42006235,0,0
42015560,89,89
42015995,3,3
41752911,0,0
41753654,3,3
41767375,0,0
41767810,0,0
41769297,6,6
41770189,0,0
41772235,48,48
41775678,0,0
41786442,52,52
41789758,30,0
41790722,0,0
42016973,0,0
42017846,0,0
42020878,2,0
42022514,0,0
42022710,0,0
42022909,3,3
42023090,2,2
42023288,9,9
42024631,0,0
42033943,0,0
42038631,55,55
41799372,6,6
41802649,0,0
41803993,0,0
41811144,0,0
41816533,0,0
41818659,29,0
41823106,0,0
41836700,0,0
41838215,0,0
41840320,43,43
41841726,0,0
41852184,0,0
42038789,0,0
42040158,0,0
42041277,3,3
42046105,0,0
42047050,0,0
42049436,3,3
42054081,0,0
42058731,0,0
41857370,0,0
41861321,59,59
41862437,0,0
41867299,2,2
41871626,0,0
41880997,0,0
41889234,0,0
41893558,0,0
41895103,60,60
41899583,24,0
41900007,2,2
42060310,0,0
42064801,0,0
42067285,60,60
42073495,0,0
42082740,34,34
42088954,8,8
42096534,0,0
42096541,0,0
42097281,2,2
42100726,0,0
42101442,0,0
42106453,39,39
42108317,3,3
41908637,0,0
41909568,15,15
41911675,28,28
41915323,0,0
41915430,33,33
41921432,32,29
41922570,40,40
41932385,0,0
41934934,31,31
41936946,0,0
41940501,0,0
42108441,3,3
42109614,0,0
42110436,3,3
42112149,25,25
42112271,79,73
42112694,78,78
42115659,0,0
42115999,0,0
42120317,0,0
42134520,0,0
42137790,27,27
42151482,0,0
42151717,0,0
42154630,0,0
42156206,0,0
41944642,0,0
41953191,0,0
41959247,0,0
41959506,0,0
41959882,0,0
41962719,0,0
41964371,3,0
41973806,0,0
41976399,62,13
41978804,0,0
41993997,0,0
42156533,0,0
42156706,0,0
42159545,3,3
42160230,0,0
41997438,36,36
41997469,36,36
41997496,0,0
41997533,30,30
42273545,28,28
42274209,0,0
42274546,0,0
42274866,90,90
42275019,0,0
42289806,0,0
42161973,0,0
42176500,0,0
42180684,0,0
42194646,0,0
42195148,90,90
42195727,0,0
42202540,0,0
42205519,0,0
42207528,0,0
42215473,0,0
42298697,3,0
42303747,3,3
42303999,0,0
42306406,3,2
42310158,0,0
42311578,18,15
42313819,0,0
42316455,0,0
42322230,0,0
42324058,2,2
42326667,0,0
42331212,52,52
42219242,0,0
42220001,3,3
42220146,3,3
42220178,0,0
42223418,0,0
42227393,0,0
42231473,89,89
42244519,0,0
42245079,90,90
42245107,62,62
42249744,3,3
42265116,0,0
42332206,46,46
42332401,43,43
42336485,0,0
42343069,0,0
42344532,0,0
42360275,27,27
42360787,0,0
42362567,0,0
42364937,0,0
42374905,0,0
42377787,19,19
42379175,3,3
42265787,60,60
42508957,0,0
42511429,0,0
42515407,0,0
42516466,30,30
42517630,0,0
42518035,0,0
42518749,0,0
42523317,75,75
42527345,0,0
42529554,34,33
42529743,0,0
42379755,3,3
42381143,0,0
42386569,0,0
42389365,0,0
42389957,75,75
42390283,0,0
42390702,0,0
42402259,2,2
42402892,0,0
42404526,0,0
42404625,66,66
42532821,2,2
42533977,0,0
42534382,0,0
42535595,0,0
42536123,38,38
42540705,0,0
42564180,0,0
42567610,51,51
42568289,0,0
42576029,0,0
42404665,90,90
42404707,90,90
42405152,74,74
42406076,54,54
42406399,47,47
42410393,22,22
42426655,0,0
42433863,2,1
42435000,0,0
42436595,79,78
42436819,0,0
42579856,0,0
42579881,3,3
42580405,0,0
42582390,0,0
42584450,1,1
42584572,0,0
42586350,0,0
42438973,22,0
42440198,3,3
42444354,34,34
42446402,0,0
42449569,2,2
42449656,46,46
42451008,1,1
42466854,0,0
42467234,21,21
42586385,0,0
42586407,82,81
42586747,29,0
42587049,29,0
42587306,15,0
42589526,3,3
42596536,1,0
42602038,59,59
42603616,0,0
42608714,0,0
42611563,0,0
42619785,0,0
42620528,0,0
42621078,0,0
42627429,0,0
42638833,0,0
42638992,0,0
42470218,0,0
42471821,0,0
42471990,0,0
42472632,59,59
42472907,0,0
42473749,89,89
42473796,0,0
42475458,0,0
42476362,0,0
42484276,0,0
42485189,0,0
42486136,32,32
42489045,0,0
42640224,5,5
42643177,7,7
42645101,32,29
42646413,0,0
42646624,29,0
42646720,0,0
42648198,0,0
42653979,0,0
42657328,0,0
42662526,0,0
42665214,0,0
42666455,0,0
42494731,10,10
42495508,3,3
42495863,0,0
42497920,32,0
42498442,0,0
42498458,13,0
42498484,32,0
42502510,76,76
42504616,87,87
42507431,0,0
42507723,76,1
42738465,65,65
42669190,0,0
42670169,0,0
42670184,0,0
42672172,60,60
42682391,69,69
42682643,60,60
42682747,71,71
42683130,63,63
42686803,0,0
42688012,72,72
42689441,0,0
42689679,0,0
42741138,57,57
42743290,0,0
42744670,0,0
42745382,2,2
42745394,0,0
42746430,0,0
42746488,61,60
42750969,0,0
42755540,0,0
42757120,0,0
42757274,0,0
42689810,6,6
42693824,0,0
42693963,0,0
42757436,0,0
42758764,3,3
42761887,24,0
42764053,0,0
42764450,0,0
42769704,0,0
42770658,0,0
42770756,0,0
42771207,0,0
42774089,0,0
42784564,0,0
42788958,76,76
42694266,0,0
42695549,0,0
42704243,68,68
42708978,0,0
42715179,0,0
42717193,0,0
42718455,0,0
42789033,18,18
42795401,0,0
42795487,0,0
42795515,3,0
42806766,43,43
42812068,0,0
42812799,0,0
42813732,0,0
42817298,5,5
42817699,17,17
42818093,56,56
42726674,0,0
42735065,6,6
42735424,12,12
42735863,0,0
42736392,0,0
42738424,77,77
42962993,0,0
42963167,43,0
42965074,3,3
42827034,0,0
42835727,76,76
42835790,84,84
42836963,0,0
42840583,73,72
42841450,16,0
42841568,0,0
42842323,0,0
42868646,0,0
42868661,33,33
42970160,0,0
42972333,5,5
42974078,0,0
42974357,0,0
42975131,0,0
42975689,0,0
42978999,0,0
42981740,0,0
42982243,0,0
42988932,0,0
42989701,0,0
42871724,3,3
42871912,0,0
42878514,42,42
42878855,0,0
42879079,0,0
42880564,0,0
42882271,0,0
42883053,0,0
42888442,89,89
42889062,0,0
42889280,0,0
42996746,0,0
42997858,19,19
42998162,3,3
42999074,0,0
42999798,0,0
42999903,0,0
43002373,3,0
43008963,0,0
43008966,0,0
43011035,0,0
43011293,3,3
43012924,62,62
42889855,0,0
42890061,0,0
42890474,0,0
42895670,9,9
42913200,0,0
42914015,9,9
42916660,0,0
42916855,0,0
42916918,0,0
42925669,89,89
42927101,0,0
42927800,0,0
43013278,0,0
43021708,0,0
43022394,0,0
43022519,0,0
42927825,48,48
42935766,0,0
42935943,13,0
42936229,0,0
42936364,32,0
42938172,0,0
42938323,58,58
42942055,0,0
42942408,29,0
42942722,28,0
42942785,0,0
43022644,0,0
43023204,0,0
43024159,0,0
43032925,0,0
42949133,0,0
42950259,0,0
42951968,0,0
42952092,0,0
42954820,0,0
42962887,0,0
43131145,17,17
43131415,15,15
43131502,0,0
43132765,54,54
43141223,20,20
43033010,0,0
43034073,0,0
43034137,0,0
43034172,82,81
43038479,0,0
43038680,32,0
43038779,31,0
43042861,0,0
43043013,25,0
43043180,0,0
43043695,0,0
43044060,0,0
43044085,0,0
43044132,0,0
43044308,0,0
43044458,0,0
43047305,0,0
43053403,0,0
43053681,0,0
43054040,82,82
43054170,75,75
43061729,16,0
43070436,0,0
43147403,6,6
43148901,0,0
43149336,0,0
43150235,0,0
43150520,0,0
43152182,80,80
43156881,0,0
43157624,0,0
43161885,0,0
43163186,13,13
43163750,0,0
43072325,0,0
43077519,54,54
43077828,0,0
43080604,0,0
43095223,0,0
43095664,0,0
43096646,8,8
43097106,0,0
43098254,2,2
43164910,0,0
43170046,0,0
43174785,3,3
43174844,0,0
43177809,0,0
43178622,0,0
43185743,9,6
43197566,3,3
43203702,48,48
43207089,21,0
43207235,0,0
43211440,90,90
43103808,61,61
43104815,0,0
43104937,10,10
43108992,64,64
43111767,55,55
43211533,2,2
43211635,2,2
43211802,2,2
43213162,0,0
43218562,7,7
43219382,25,25
43220447,66,66
43221088,83,83
43230953,0,0
43231672,0,0
43239496,1,0
43117248,0,0
43123958,3,3
43125802,0,0
43126400,59,59
43315188,32,0
43315235,54,0
43315277,43,0
43245711,0,0
43245957,43,0
43251184,88,88
43251246,3,3
43251356,3,3
43251455,3,3
43251517,3,3
43251669,0,0
43251732,3,3
43255573,71,71
43256993,0,0
43315319,38,0
43315428,58,0
43315528,53,20
43315639,41,0
43317855,34,34
43317941,0,0
43322738,0,0
43259385,3,3
43264586,0,0
43266587,33,0
43267312,47,0
43267372,42,0
43268186,45,45
43268369,43,0
43268744,62,62
43269018,0,0
43269240,0,0
43269341,0,0
43270798,43,0
43271004,30,0
43324727,0,0
43330828,5,5
43334707,0,0
43336316,0,0
43275029,0,0
43275110,21,21
43278897,63,63
43285857,0,0
43286413,0,0
43289906,0,0
43292248,0,0
43292505,0,0
43292588,0,0
43297952,0,0
43298227,0,0
43303056,0,0
43354556,79,79
43355067,0,0
43356178,0,0
43357020,34,34
43310098,24,0
43310157,43,0
43310180,47,0
43310275,27,0
43310986,25,0
43311037,47,0
43311186,25,0
43311252,33,0
43311287,23,0
43311320,55,0
43497107,76,76
43497512,0,0
43498379,0,0
43357084,0,0
43358518,7,7
43498999,41,41
43499730,36,36
43500300,0,0
43509173,0,0
43525694,0,0
43526370,0,0
43530040,2,2
43530332,0,0
43536394,0,0
43537431,87,87
43542791,0,0
43544781,0,0
43366290,48,0
43366319,14,0
43366369,0,0
43366411,14,0
43371304,0,0
43374989,0,0
43375428,0,0
43375476,46,0
43375941,0,0
43376016,12,0
43379017,6,6
43379173,3,3
43381880,21,21
43381881,9,0
43382836,0,0
43383021,0,0
43387363,2,2
43387965,0,0
43388055,3,3
43388103,0,0
43388163,0,0
43388308,0,0
43391847,15,0
43391893,0,0
43391999,0,0
43395757,0,0
43405197,0,0
43544810,0,0
43547014,30,30
43547178,90,90
43547204,10,10
43553341,53,53
43558157,0,0
43558333,53,51
43558653,76,74
43558836,21,21
43558967,0,0
43569876,68,67
43576189,0,0
43410866,5,0
43411687,9,0
43414704,0,0
43414885,0,0
43416025,62,62
43420963,2,0
43421180,24,24
43422411,0,0
43423542,0,0
43423642,0,0
43424333,0,0
43425023,0,0
43576862,29,29
43591709,16,0
43595974,0,0
43596004,4,4
43596290,0,0
43604419,0,0
43605445,2,2
43605509,0,0
43609152,0,0
43611951,0,0
43612639,3,3
43614309,0,0
43425402,0,0
43431973,13,13
43433217,2,2
43434011,0,0
43434844,17,17
43437306,0,0
43439113,0,0
43443260,0,0
43444099,0,0
43449275,0,0
43450191,7,0
43451168,53,52
43451371,4,4
43452122,0,0
43452838,0,0
43457055,0,0
43458250,6,6
43458806,0,0
43465256,0,0
43615808,21,21
43626965,3,3
43637634,0,0
43642904,0,0
43652025,62,62
43652168,0,0
43652436,0,0
43654099,0,0
43656521,32,32
43659992,0,0
43661875,0,0
43667522,8,0
43466729,0,0
43468359,38,38
43476909,0,0
43477970,0,0
43485895,0,0
43488465,0,0
43495869,34,34
43667729,0,0
43667745,31,31
43669374,0,0
43679750,0,0
43685703,0,0
43686536,50,50
43688142,53,9
43689646,0,0
43699905,0,0
43701555,39,0
43497073,14,0
43785672,0,0
43785924,0,0
43787640,0,0
43788419,5,5
43790037,0,0
43803118,3,3
43803619,0,0
43804955,0,0
43806992,34,0
43813121,0,0
43703359,0,0
43714286,16,16
43715460,0,0
43716361,0,0
43716972,0,0
43720417,0,0
43723972,0,0
43727448,0,0
43730511,0,0
43731306,35,35
43738037,21,21
43814549,0,0
43822047,0,0
43831018,45,43
43834804,0,0
43842014,15,15
43843432,0,0
43844044,0,0
43847085,0,0
43848101,18,0
43856156,36,36
43860696,18,3
43862488,15,0
43869863,41,41
43741958,18,18
43742522,1,1
43743629,0,0
43744465,5,5
43745701,0,0
43749311,28,28
43751271,0,0
43753276,6,6
43756020,0,0
43759001,0,0
43769019,0,0
43769713,0,0
43770316,76,76
43871113,21,21
43878655,12,0
43878868,16,0
43888356,73,73
43894383,0,0
43895124,0,0
43898866,0,0
43906458,0,0
43909885,48,48
43928714,0,0
43929087,3,3
43931225,3,0
43931448,0,0
43931518,0,0
43932082,16,0
43937175,6,6
43946617,41,0
43785452,35,35
44086561,0,0
44101621,40,38
44103415,0,0
44118529,0,0
44121858,0,0
44154506,0,0
44154818,0,0
44162099,0,0
44166880,89,89
44171339,0,0
43947562,0,0
43954469,0,0
43956496,0,0
43956795,89,89
43957282,36,0
43961545,1,1
43969268,20,0
43969564,0,0
44180343,0,0
44182770,3,3
44183108,90,90
44186033,0,0
44189059,68,68
44191733,36,36
44203850,0,0
44211352,0,0
44223269,0,0
44233789,0,0
44247266,0,0
43977634,0,0
43986314,15,0
43986380,16,0
43986438,15,0
43986573,3,3
43993168,60,60
43997163,10,10
43998221,0,0
44000458,0,0
44004064,0,0
44004162,15,15
44004265,0,0
44010527,0,0
44012173,15,0
44012767,32,32
44014632,16,0
44014809,46,46
44015851,0,0
44248261,51,51
44249049,26,26
44250191,0,0
44251069,3,3
44251682,15,13
44261171,38,14
44261202,17,17
44262107,76,76
44275360,21,21
44277610,20,20
44281187,17,0
44019886,0,0
44020205,0,0
44020492,0,0
44032314,0,0
44032673,0,0
44033794,0,0
44282642,34,34
44283460,47,47
44288421,16,16
44289364,45,15
44303641,19,19
44320456,47,47
44320572,42,0
44321778,51,51
44324396,73,73
44338565,0,0
44340470,90,88
44352853,42,42
44034872,0,0
44035515,0,0
44035724,0,0
44040169,0,0
44040868,28,28
44043326,0,0
44048372,74,74
44353711,0,0
44355095,0,0
44375835,0,0
44376319,0,0
44376501,0,0
44376631,0,0
44377502,0,0
44377677,0,0
44378348,0,0
44378635,0,0
44384403,31,31
44393462,1,1
44394849,0,0
44049457,55,0
44058636,0,0
44059368,0,0
44072324,46,46
44079687,0,0
44083820,0,0
44478978,15,15
44486696,90,90
44486935,0,0
44402774,3,3
44403320,0,0
44415270,0,0
44415969,34,34
44416142,16,0
44432121,36,0
44432970,83,69
44433391,0,0
44434069,0,0
44435099,0,0
44448503,0,0
44491409,0,0
44496053,19,19
44497672,0,0
44503706,0,0
44505052,0,0
44505444,75,75
44452548,47,47
44461172,0,0
44461963,23,23
44462674,0,0
44463474,0,0
44463882,0,0
44463986,0,0
44464045,0,0
44465355,0,0
44465405,0,0
44466661,16,16
44475635,76,76
44475869,0,0
44506417,0,0
44506958,0,0
44516385,0,0
44518620,0,0
44475971,12,12
44477235,0,0
44478543,0,0
45075405,90,90
45075497,7,4
45075714,0,0
45077681,0,0
45079976,0,0
45086065,32,32
45087157,0,0
45087490,3,3
45089241,0,0
44520855,0,0
44521574,54,54
44521731,75,75
44522852,6,4
44531911,88,88
44532028,0,0
44532220,0,0
45089745,31,0
45091598,0,0
45091742,64,64
45091953,0,0
45099567,0,0
45103929,73,73
45104165,3,3
45105081,47,0
45105690,0,0
45114711,62,62
45119005,0,0
44533446,0,0
44540011,47,47
44555814,0,0
44556100,0,0
44558113,74,74
44560298,0,0
44562723,61,61
44570625,0,0
44572083,0,0
45132366,0,0
45138225,16,15
45138618,74,74
45138735,51,51
45138779,0,0
45139002,3,0
45143239,41,0
45162346,6,6
45164113,90,90
45173392,0,0
45175969,0,0
45176100,0,0
44575875,89,89
44579912,0,0
44580140,0,0
45176673,76,76
45189535,19,19
45191000,0,0
45192635,15,14
45205118,21,21
45205306,0,0
45214975,2,0
45215694,0,0
45216874,76,0
45218458,0,0
45219192,7,0
44580169,60,60
44594212,0,0
44594337,21,21
44595060,0,0
44625524,0,0
45222438,0,0
45222805,46,0
45223333,3,0
45223844,0,0
45224033,0,0
45224180,0,0
45224909,0,0
45235972,0,0
45236480,0,0
45239940,0,0
45240828,0,0
45253125,23,23
44631028,6,0
44631766,0,0
44631955,5,5
45254502,0,0
45261830,54,54
45261941,0,0
45267660,1,1
45267941,3,3
45268111,0,0
45270114,0,0
45270317,0,0
45270476,0,0
45270796,0,0
44632833,0,0
44635187,21,21
44636829,0,0
44642468,0,0
44643892,3,0
44644486,0,0
45275194,1,1
45277537,56,50
45282181,3,3
45286452,33,0
45286461,0,0
45287391,32,0
45287978,32,32
45290301,0,0
45295952,0,0
45296324,0,0
45300663,0,0
45303002,75,0
44648831,0,0
44651142,6,0
44657995,0,0
44659585,90,88
44662666,90,90
44684083,0,0
45314941,0,0
45327468,76,76
45330395,78,77
45340304,90,90
45340880,0,0
45341673,32,32
45344367,90,90
45345628,88,88
45349876,0,0
45350621,0,0
45362333,0,0
44685047,0,0
44699042,76,76
44699326,6,6
44702152,0,0
44722548,42,42
44747739,0,0
44748353,38,0
44749327,6,6
45362848,0,0
45366428,4,3
45368990,0,0
45379183,0,0
45379767,0,0
45380558,0,0
45380846,2,2
45383580,0,0
45384916,0,0
45385285,5,5
45393851,15,15
45396954,0,0
44749512,33,0
44769471,17,17
44795562,0,0
44798876,0,0
44802224,76,76
44804027,3,3
45398227,0,0
45398984,49,49
45399393,3,3
45407980,71,71
45409765,89,89
45418350,90,90
45418869,21,21
45420463,34,0
45421986,0,0
45425730,3,3
44853757,0,0
44866024,21,0
44892431,35,0
44893832,16,15
44902498,76,76
45427869,45,45
45433111,0,0
45439383,0,0
45440460,65,65
45448589,33,33
45449265,61,61
45449288,75,75
45449352,76,76
45449415,32,32
44917765,3,3
44938771,17,17
45449426,75,75
45451078,0,0
45457047,0,0
45460506,3,3
45463521,0,0
45464865,0,0
45465142,0,0
45466085,0,0
45466241,18,18
45469752,65,65
45472312,71,71
44975642,0,0
44996894,0,0
44998151,0,0
44998579,0,0
45000320,0,0
45479645,48,48
45480128,21,21
45480607,31,31
45481225,77,77
45481292,3,3
45481299,46,46
45482929,3,3
45483048,46,46
45484178,0,0
45484811,0,0
45001256,49,6
45003588,0,0
45011640,0,0
45013494,42,0
45045785,86,86
45051130,0,0
45067068,0,0
45068785,0,0
45485378,0,0
45491520,74,74
45492275,19,19
45492397,15,15
45492621,0,0
45494737,0,0
45503538,0,0
45503836,34,34
45504644,0,0
45505206,47,47
45506170,0,0
45531530,0,0
45532748,2,2
45543400,2,2
45547297,75,75
45547497,0,0
45548124,32,32
45557476,0,0
45557629,20,0
45518443,0,0
45527090,42,42
45527936,10,10
45530370,3,2
45530424,0,0
45530652,2,2
45530663,3,3
45530783,88,88
45530812,54,54
45558214,0,0
45561535,15,15
45565875,0,0
45578810,72,72
45578986,69,69
45579937,76,76
45530831,8,8
45530856,43,43
45530901,75,75
45530974,14,14
45530985,73,73
45531011,27,27
45531054,75,75
45531058,49,49
45579953,35,35
45579970,41,41
45579985,76,76
45580965,0,0
45581197,37,37
45581210,0,0
45581228,17,17
45581273,37,37
45581307,19,19
45581317,44,44
45581328,47,47
45581435,71,71
45581463,32,32
45581475,76,76
45581490,0,0
45591267,0,0
45591853,15,0
45595421,0,0
45595551,79,79
45595732,36,0
45595850,49,49
45595993,44,0
45531087,15,15
45711426,0,0
45721454,24,24
45723636,76,76
45726160,0,0
45727008,20,20
45732456,9,0
45733243,68,68
45738048,31,0
45738105,11,11
45599856,77,31
45602209,0,0
45605511,0,0
45609412,0,0
45738575,0,0
45741437,76,76
45742729,23,23
45747355,17,0
45748469,0,0
45748772,21,14
45750107,0,0
45750319,76,76
45752036,33,0
45752068,0,0
45616727,33,33
45622013,0,0
45623054,47,47
45633308,0,0
45752267,51,0
45754690,39,0
45756912,0,0
45763274,0,0
45765540,0,0
45767800,7,7
45767833,75,75
45767853,21,21
45767904,90,90
45767951,34,34
45633763,0,0
45634265,36,17
45634496,52,52
45636571,0,0
45638455,0,0
45642113,76,76
45652910,11,11
45658557,0,0
45659035,11,0
45768037,63,63
45768074,3,3
45768094,3,3
45773573,52,52
45783139,59,59
45783672,89,89
45784522,0,0
45789721,0,0
45797302,76,76
45809231,33,33
45810858,0,0
45659431,0,0
45661953,76,76
45668457,0,0
45670010,0,0
45671894,8,8
45672204,0,0
45672270,0,0
45673206,0,0
45673594,15,0
45813469,15,15
45815060,0,0
45817766,0,0
45825796,0,0
45829645,3,3
45830163,0,0
45830845,81,81
45834849,3,3
45842595,0,0
45844343,0,0
45846335,2,2
45673803,26,26
45674595,64,0
45686011,0,0
45687094,47,47
45689074,0,0
45689161,26,26
45689193,16,16
45689199,31,31
45689218,7,7
45689270,37,37
45689285,22,22
45847112,6,6
45850424,0,0
45850493,82,82
45851431,33,0
45860553,46,46
45861464,0,0
45863833,49,49
45865497,48,0
45866168,27,27
45875030,0,0
45876170,6,6
45689456,0,0
45691383,50,0
45694688,19,19
45697372,49,0
45697850,37,0
45699931,0,0
45701998,2,2
45705785,21,21
45881321,16,16
45882814,0,0
45884646,0,0
45891693,0,0
45894474,5,5
45894654,6,6
45895062,0,0
45896593,6,6
45897458,34,34
45903786,76,76
45907219,32,32
45708866,0,0
45709602,0,0
45710731,48,48
45930596,44,18
45933728,18,14
45938560,0,0
45942213,67,0
45907342,32,32
45907938,0,0
45908302,15,15
45909587,0,0
45909943,14,0
45912662,0,0
45914075,10,0
45914463,0,0
45919566,0,0
45922753,0,0
45926800,0,0
45943671,0,0
45951602,0,0
45952953,33,33
45953196,2,2
45954683,16,16
45955183,0,0
45956901,0,0
45957861,0,0
45968007,0,0
45927831,3,3
46186886,34,34
46191117,0,0
46192202,0,0
46192932,0,0
46193134,0,0
46193211,0,0
46193296,0,0
46193401,0,0
46193536,0,0
46193644,0,0
45969792,21,0
45970489,0,0
45972845,0,0
45976517,0,0
45976871,63,62
46193714,0,0
46194587,6,6
46194687,0,0
46195194,18,18
46195333,0,0
46195400,0,0
46195668,0,0
46195854,0,0
46202555,35,35
46202921,0,0
46206019,76,75
45977458,0,0
45985395,0,0
45987882,0,0
45988097,15,15
45990139,0,0
45990473,76,76
45993212,33,0
45995828,0,0
46003877,0,0
46005473,0,0
46211541,0,0
46211796,38,38
46212641,1,1
46212643,3,0
46213282,0,0
46214998,0,0
46225814,0,0
46236500,51,51
46241504,42,42
46246632,76,76
46006123,7,7
46006972,16,16
46013470,0,0
46019862,19,19
46025711,36,0
46032925,0,0
46035129,0,0
46260454,0,0
46262041,75,75
46265763,0,0
46270554,14,14
46274206,0,0
46274452,0,0
46274465,0,0
46277582,0,0
46279588,0,0
46279853,7,7
46290411,0,0
46301785,0,0
46039534,0,0
46046875,0,0
46048266,0,0
46050040,76,74
46054095,0,0
46054149,0,0
46055575,0,0
46055732,0,0
46067261,23,0
46070335,61,0
46070679,0,0
46077274,76,76
46080480,0,0
46088307,32,31
46089699,0,0
46098057,16,16
46308328,0,0
46308461,76,0
46310724,16,0
46319349,0,0
46319642,26,0
46326697,64,64
46326912,52,52
46326981,32,32
46329684,14,14
46330099,60,60
46100513,13,0
46102747,0,0
46102949,47,47
46108976,3,3
46109966,0,0
46110550,0,0
46113778,63,63
46330338,0,0
46331352,0,0
46331952,0,0
46332020,0,0
46332413,0,0
46332804,0,0
46334141,2,2
46335178,65,65
46336893,0,0
46336910,64,64
46113799,49,49
46113818,0,0
46113841,90,90
46115358,5,0
46119792,16,16
46120125,16,16
46120337,16,16
46121940,0,0
46123392,0,0
46127578,0,0
46137867,76,76
46142886,0,0
46143578,9,9
46150727,16,16
46151832,0,0
46346516,0,0
46350355,3,3
46352910,15,15
46354165,17,0
46354423,24,0
46354444,19,19
46355720,0,0
46356028,3,3
46357397,23,23
46358642,0,0
46375046,0,0
46154815,0,0
46155562,0,0
46157142,0,0
46157567,0,0
46158013,48,0
46159103,48,48
46375709,17,16
46376233,0,0
46376967,0,0
46377326,0,0
46379831,0,0
46379970,0,0
46380160,0,0
46380639,0,0
46381019,0,0
46381862,0,0
46382691,76,76
46160422,0,0
46161668,0,0
46169958,12,12
46173462,0,0
46174519,16,16
46179119,0,0
46563507,0,0
46565079,90,90
46566048,17,17
46566088,0,0
46566199,0,0
46575820,0,0
46393855,41,41
46397667,66,66
46400759,0,0
46401930,32,0
46402076,32,0
46413969,0,0
46414136,0,0
46414174,47,47
46415269,0,0
46415505,3,3
46417510,8,8
46419316,36,36
46583888,0,0
46597364,0,0
46601386,38,38
46608176,0,0
46610764,28,28
46624461,0,0
46624549,0,0
46624622,0,0
46632221,0,0
46419654,1,1
46420614,0,0
46420861,0,0
46420982,0,0
46428551,0,0
46428638,0,0
46428730,0,0
46429942,0,0
46430844,0,0
46432272,31,8
46432776,0,0
46638688,0,0
46640265,0,0
46640630,25,25
46640912,0,0
46641129,0,0
46641962,0,0
46644584,0,0
46435388,54,54
46436269,28,28
46436583,56,56
46438870,0,0
46441717,0,0
46449888,44,44
46450521,36,36
46468503,21,0
46470574,17,17
46472498,0,0
46475173,0,0
46645146,0,0
46646140,0,0
46480002,85,85
46480127,67,67
46480144,0,0
46480260,48,48
46490720,0,0
46491970,0,0
46495387,0,0
46498576,52,52
46502639,3,3
46503124,2,2
46657645,0,0
46658177,0,0
46667674,51,51
46667694,0,0
46667739,74,74
46669233,0,0
46503139,24,24
46507407,0,0
46510119,65,65
46510270,3,3
46511472,0,0
46514783,16,0
46523793,0,0
46527677,50,0
46528083,0,0
46528305,0,0
46528425,0,0
46671693,42,42
46676759,0,0
46528494,32,32
46528510,0,0
46528624,0,0
46528704,0,0
46528851,0,0
46528945,0,0
46535498,0,0
46539701,0,0
46540733,0,0
46542631,0,0
46677269,2,2
46678638,0,0
46678697,0,0
46679008,0,0
46542654,0,0
46542862,0,0
46542974,0,0
46543084,0,0
46544008,0,0
46544231,46,46
46544275,0,0
46544321,0,0
46544406,0,0
46546926,0,0
46679248,0,0
46682819,0,0
46687219,0,0
46689847,42,42
46546969,0,0
46548617,84,84
46551529,7,7
46559649,0,0
46559912,0,0
46561750,0,0
46562002,0,0
46562291,0,0
46562384,0,0
46797041,0,0
46695446,45,45
46705156,3,0
46706771,0,0
46708413,0,0
46712287,5,5
46797479,70,70
46798669,76,76
46799074,0,0
46814731,0,0
46829853,0,0
46829934,0,0
46829983,0,0
46830353,0,0
46832153,0,0
46832297,0,0
46834761,0,0
46851568,60,60
46713266,2,2
46715472,0,0
46720587,0,0
46725288,0,0
46725493,61,61
46727329,6,6
46852193,0,0
46852430,0,0
46854989,32,32
46867150,0,0
46868917,16,16
46869849,0,0
46872148,0,0
46873173,2,2
46887704,0,0
46887738,89,89
46891080,11,0
46727423,0,0
46727487,0,0
46729395,46,46
46729545,16,16
46729678,9,9
46729892,7,7
46729966,5,5
46731336,0,0
46732594,0,0
46892658,15,15
46892859,0,0
46894179,4,4
46895055,14,14
46895868,9,9
46896384,2,1
46899354,0,0
46899528,0,0
46900455,53,53
46900879,0,0
46746791,0,0
46749739,0,0
46751044,42,42
46757310,20,0
46758057,0,0
46768272,57,57
46771659,0,0
46779286,0,0
46779447,0,0
46786946,0,0
46787572,0,0
46787942,0,0
46788013,0,0
46788207,0,0
46788208,0,0
46788335,0,0
46788551,0,0
46788667,0,0
46788718,0,0
46788841,0,0
46788955,0,0
46789948,0,0
46901954,0,0
46902179,0,0
46913873,26,26
46917182,0,0
46923243,44,44
46929299,3,3
46942559,0,0
46943882,21,21
46944839,0,0
46966951,0,0
46967616,0,0
46791082,66,66
46795036,0,0
46795911,0,0
47052722,48,48
46967629,0,0
46967723,0,0
46971592,33,0
46971867,0,0
46972585,31,31
46975030,0,0
46978495,0,0
46985748,0,0
46985797,0,0
46985853,0,0
46985902,0,0
46985961,0,0
47052753,0,0
47052885,60,60
47052940,0,0
47052953,7,7
47052971,34,34
47070240,16,16
47075658,0,0
47076840,2,2
47076985,0,0
47077578,63,63
47078080,47,47
47078812,0,0
47080388,20,20
47097490,4,4
46987549,2,2
46988941,0,0
46991303,2,2
46992098,3,3
46992656,3,3
46996172,0,0
47000799,52,52
47001322,11,0
47005438,0,0
47009616,44,0
47012155,67,67
47098575,84,84
47100985,16,16
47101612,3,3
47101654,36,36
47106347,0,0
47120135,17,17
47138527,0,0
47141317,3,3
47153673,0,0
47020052,0,0
47026093,24,23
47030498,60,0
47031259,0,0
47033862,0,0
47036529,0,0
47042470,54,54
47042517,82,82
47044684,0,0
47045396,22,0
47047419,17,17
47156361,46,46
47159537,0,0
47163530,0,0
47169578,62,62
47169602,70,70
47175997,24,24
47177315,75,75
47048969,54,54
47050312,68,68
47050614,62,62
47052682,16,16
47052701,41,41
47316506,11,11
47329158,0,0
47331153,61,61
47333781,56,56
47179119,57,0
47336390,0,0
47337463,0,0
47341297,0,0
47341575,0,0
47348298,15,15
47355083,0,0
47355990,0,0
47356141,1,1
47356150,1,1
47179845,26,26
47181087,47,0
47181377,45,0
47181609,24,0
47181832,89,89
47183756,9,9
47185178,0,0
47197021,0,0
47199810,0,0
47358818,0,0
47359500,13,13
47362969,0,0
47370088,0,0
47372315,0,0
47372852,0,0
47373389,15,0
47373597,12,12
47376191,0,0
47377021,0,0
47390691,0,0
47391825,0,0
47200398,0,0
47200701,0,0
47200804,0,0
47200931,0,0
47200986,0,0
47202211,0,0
47203801,0,0
47206059,2,0
47210401,0,0
47210461,81,81
47210471,0,0
47214900,67,67
47219783,74,74
47395232,42,42
47396746,45,45
47397326,46,46
47402779,0,0
47410952,35,35
47412929,23,23
47421830,3,3
47443009,2,2
47444016,28,28
47448046,18,18
47226137,4,4
47230196,0,0
47232956,0,0
47239416,50,50
47250386,3,3
47250831,3,3
47251940,17,17
47257626,3,3
47258482,2,2
47267003,64,64
47269867,0,0
47276663,0,0
47276861,1,1
47277456,76,76
47448127,41,41
47449728,2,2
47451852,31,31
47453310,0,0
47464130,0,0
47465022,0,0
47466775,0,0
47468531,15,15
47469926,0,0
47472308,0,0
47473722,0,0
47474703,2,2
47281460,0,0
47286267,0,0
47287837,0,0
47289921,1,0
47290538,19,19
47292258,0,0
47293776,0,0
47293809,62,60
47295535,40,40
47295606,0,0
47307584,5,5
47310530,0,0
47476719,0,0
47483640,0,0
47486539,46,46
47486809,46,46
47486935,76,76
47493324,33,33
47498090,0,0
47508411,0,0
47510694,0,0
47510760,0,0
47518840,29,29
47310723,0,0
47311675,0,0
47313887,0,0
47316061,52,52
47316320,90,90
47753789,0,0
47753822,0,0
47753857,0,0
47753974,0,0
47754015,0,0
47754064,0,0
47754090,0,0
47754133,0,0
47754190,0,0
47755393,0,0
47761307,0,0
47766113,7,7
47528196,0,0
47531146,0,0
47533931,0,0
47536293,0,0
47537276,2,0
47544056,0,0
47547297,15,15
47551230,15,0
47553112,52,52
47563287,0,0
47567427,0,0
47577248,3,3
47767712,15,0
47773433,53,53
47774203,65,65
47783561,37,37
47784065,0,0
47785146,0,0
47790304,0,0
47795106,33,33
47797312,3,3
47797468,0,0
47800273,0,0
47803501,62,57
47803519,3,3
47804493,0,0
47805581,0,0
47581594,0,0
47582768,0,0
47584587,0,0
47595646,0,0
47596312,0,0
47596692,0,0
47703518,1,1
47706983,56,56
47715431,0,0
47716158,47,47
47720387,0,0
47728714,1,1
47814560,0,0
47815251,0,0
47823611,21,0
47825830,2,2
47832108,0,0
47729102,34,34
47734703,0,0
47736171,0,0
47968256,69,37
47968434,56,56
47973089,0,0
47973190,0,0
47974969,3,3
47977116,16,0
47977202,0,0
47833373,0,0
47833551,17,0
47841255,0,0
47846567,6,0
47846577,76,0
47848179,0,0
47848239,0,0
47848606,25,25
47848650,12,12
47848693,3,3
47848753,43,43
47855824,14,14
47977733,15,0
47979000,0,0
47979632,30,30
47982995,27,27
47985036,0,0
47989542,0,0
47989650,0,0
47994751,9,9
47996191,45,45
47996705,43,43
48000739,0,0
48011354,0,0
47858654,7,7
47859618,1,1
47865944,0,0
47866487,0,0
47869412,50,49
47869588,44,44
48013778,0,0
48017619,90,90
48024678,59,59
48029069,33,32
48030596,57,57
48033611,0,0
48041698,0,0
48042018,0,0
48042064,0,0
48043063,20,0
48044306,20,20
48045041,47,47
47870168,0,0
47873210,43,0
47874401,1,1
47874453,8,8
47874684,0,0
47880558,0,0
47881292,46,46
47882500,0,0
47882733,0,0
48052304,0,0
48055938,51,51
48062301,0,0
48066352,0,0
48067323,0,0
48067391,0,0
48070665,0,0
48070696,8,0
48081712,0,0
48083343,0,0
48089766,2,2
48095346,62,62
47883677,0,0
47884246,0,0
47887075,0,0
47887785,0,0
47889158,21,21
47892276,71,71
47900810,29,29
47904246,0,0
48100776,90,90
48100962,79,79
48103216,15,0
48103930,64,64
48104025,52,52
48104102,0,0
48104242,0,0
48109162,47,47
48110470,0,0
48111149,0,0
47907266,0,0
47919864,0,0
47920050,0,0
47921311,2,0
47921382,51,51
47922647,0,0
47923861,0,0
47924038,30,0
47933628,39,17
47934033,0,0
48111332,16,16
48111511,0,0
48111679,16,16
48121041,0,0
48121515,0,0
48121560,0,0
48123720,0,0
48124602,9,9
48126670,0,0
48127084,0,0
48128688,42,42
47938375,16,16
47939524,42,0
47940178,15,0
47940310,0,0
47944133,76,76
47956172,0,0
47967099,31,31
48130923,54,52
48133291,32,32
48133569,0,0
48137872,3,3
48142110,13,13
48143746,60,60
48143804,0,0
48146527,4,4
48149045,0,0
48149133,0,0
48149253,0,0
48158801,0,0
48194167,0,0
48210064,15,15
48215693,7,7
48216295,0,0
48229606,6,0
48230852,46,46
48230897,90,90
48231063,75,75
48233657,90,90
48242704,81,81
48159314,0,0
48159573,0,0
48160521,9,9
48168657,45,45
48169403,0,0
48170918,0,0
48181694,16,16
48182954,0,0
48183274,37,37
48384560,0,0
48384753,0,0
48384761,20,0
48384825,0,0
48243028,0,0
48246413,0,0
48247577,16,16
48251477,0,0
48251602,0,0
48251757,0,0
48251788,0,0
48252078,0,0
48384916,0,0
48384920,0,0
48393913,0,0
48395654,82,0
48397375,0,0
48399663,90,90
48402078,0,0
48402757,76,76
48403914,0,0
48404024,0,0
48253767,9,3
48255368,90,90
48255427,0,0
48404504,0,0
48413404,16,16
48414050,0,0
48415866,0,0
48416088,0,0
48421464,16,16
48422033,57,0
48423570,2,0
48425681,0,0
48426005,0,0
48426539,0,0
48427036,0,0
48256339,0,0
48257309,0,0
48257323,0,0
48257348,0,0
48257412,0,0
48257496,0,0
48257515,0,0
48257754,0,0
48257775,0,0
48257812,0,0
48263817,0,0
48265859,16,16
48265994,0,0
48266114,0,0
48270362,46,46
48279821,62,62
48282693,59,59
48427492,46,44
48430489,75,75
48440192,7,7
48444133,3,3
48445362,0,0
48449621,3,3
48451638,76,76
48452927,1,1
48456241,1,1
48461879,0,0
48463531,17,0
48463899,15,0
48285269,0,0
48295531,0,0
48295887,0,0
48297656,0,0
48297854,0,0
48300185,0,0
48302721,0,0
48467225,0,0
48470766,0,0
48474144,0,0
48482250,0,0
48483049,0,0
48489664,0,0
48489975,3,3
48492440,0,0
48503146,0,0
48519376,10,0
48304015,65,65
48312829,0,0
48313976,0,0
48317954,33,33
48318184,18,18
48321960,0,0
48323889,9,9
48324393,16,16
48328710,70,70
48528952,12,12
48532087,0,0
48549263,17,17
48559980,78,78
48561129,0,0
48562671,0,0
48562814,0,0
48562902,0,0
48563315,0,0
48569389,0,0
48331524,1,0
48333932,0,0
48334556,2,2
48585070,47,47
48585303,0,0
48587864,0,0
48601027,0,0
48601052,0,0
48601560,0,0
48601706,0,0
48601811,0,0
48602128,0,0
48602260,0,0
48341938,62,62
48344749,0,0
48344963,0,0
48345047,0,0
48345227,0,0
48345447,2,0
48347078,32,32
48347890,46,46
48349321,15,0
48361053,0,0
48365708,3,3
48602318,0,0
48602370,0,0
48611645,0,0
48612262,14,14
48621625,0,0
48621914,0,0
48621980,0,0
48622044,0,0
48622138,0,0
48622261,0,0
48622379,0,0
48367351,5,5
48369592,30,30
48622476,0,0
48622483,0,0
48625147,0,0
48625432,0,0
48625609,0,0
48625937,0,0
48627687,47,47
48632932,0,0
48639298,15,15
48639884,0,0
48654449,34,34
48658249,7,0
48380142,0,0
48380680,0,0
48380889,0,0
48381141,0,0
48381288,0,0
48381528,0,0
48381921,0,0
48382101,0,0
48382130,0,0
48658534,62,61
48659103,2,2
48661038,21,21
48661185,21,21
48662231,0,0
48672660,0,0
48674402,90,90
48676880,0,0
48676981,7,7
48677256,0,0
48679571,65,65
48679875,0,0
48382594,0,0
48382776,0,0
48383033,0,0
48383760,80,80
48384100,0,0
48933117,33,32
48939308,0,0
48939322,0,0
48681298,0,0
48682927,33,33
48697648,0,0
48699809,2,2
48704743,21,21
48716450,0,0
48720514,59,59
48721300,35,34
48731947,66,66
48735024,0,0
48735040,86,86
48940172,0,0
48940857,76,76
48942624,74,74
48943038,33,33
48735062,90,90
48737369,0,0
48738829,0,0
48740080,86,86
48740096,10,8
48741152,29,29
48752329,36,36
48754031,0,0
48758785,69,69
48767472,38,38
48767648,57,57
48768760,28,28
48943933,0,0
48944147,0,0
48945306,0,0
48950531,0,0
48956711,0,0
48958753,0,0
48959233,31,0
48959254,76,76
48773575,0,0
48782140,48,48
48786590,4,4
48787510,0,0
48787946,0,0
48789001,36,36
48790712,0,0
48802079,3,3
48804279,2,2
48805587,3,3
48959628,0,0
48981222,0,0
48982956,79,79
48983218,73,73
48983715,90,90
48984579,76,76
48985558,82,82
48989849,0,0
48989915,76,76
48808003,0,0
48808190,0,0
48809059,0,0
48809258,16,16
48809400,0,0
48810194,0,0
48810304,0,0
48811129,3,3
48812738,0,0
48825622,0,0
48828204,0,0
48994025,19,19
48995084,0,0
48995883,0,0
48845751,43,43
48846693,47,47
48846698,6,6
48848322,90,90
48848698,50,50
48848891,89,89
48849201,86,86
48860567,77,77
48871083,59,59
48996609,16,15
48996689,0,0
48998267,74,30
48998414,76,76
48998616,2,2
49002584,4,4
49011831,65,65
49013421,0,0
49014354,16,16
49016783,0,0
49018761,2,0
49018880,30,16
49019237,43,43
49022805,26,26
49024100,9,9
49024648,0,0
49026948,16,16
48871242,16,16
48871991,0,0
48886368,0,0
48886891,3,0
48887283,0,0
48891803,74,74
48904271,0,0
48910461,0,0
48913390,0,0
48913889,0,0
48920995,6,6
49030864,0,0
49039026,24,24
49042509,0,0
49046539,0,0
49046672,0,0
49051881,3,0
48921389,0,0
48922519,75,75
49092101,13,13
49092125,26,24
49094153,0,0
49099507,68,68
49099609,0,0
49107351,0,0
49111268,90,90
49113515,1,0
49052902,0,0
49053064,0,0
49053647,0,0
49054182,8,8
49057606,0,0
49057864,0,0
49059730,0,0
49114251,4,4
49114361,0,0
49115431,26,26
49119149,0,0
49123854,0,0
49124533,0,0
49124837,0,0
49124976,0,0
49125305,0,0
49125584,0,0
49125621,2,2
49060074,0,0
49072113,3,3
49074929,0,0
49077488,48,48
49081266,0,0
49088129,21,21
49089376,20,20
49089414,13,13
49089488,12,12
49089500,32,32
49089513,27,20
49089574,25,25
49089583,50,40
49089593,34,34
49089605,55,53
49089633,27,27
49089728,42,42
49089734,18,18
49089753,10,10
49089760,14,10
49089771,26,26
49089796,22,22
49089859,26,26
49092035,18,18
49092069,24,24
49092077,34,34
49092089,37,37
49290285,0,0
49126418,0,0
49126425,0,0
49126896,16,16
49127236,0,0
49127535,0,0
49128815,0,0
49132815,60,60
49133282,0,0
49134582,3,3
49136477,36,36
49136686,0,0
49138581,3,0
49290383,0,0
49293503,0,0
49294132,90,90
49294392,60,60
49294534,75,75
49299232,9,9
49301973,0,0
49315958,45,45
49319626,20,20
49142923,3,3
49145224,0,0
49145365,0,0
49149598,0,0
49152970,6,6
49157025,2,0
49157424,90,90
49158456,2,2
49159620,90,90
49159942,0,0
49159986,0,0
49167961,4,4
49322333,0,0
49323218,0,0
49325044,17,15
49328408,0,0
49336931,3,3
49341125,0,0
49341459,44,44
49341477,2,2
49346114,59,59
49346405,0,0
49350342,3,0
49171376,0,0
49174756,9,9
49175784,90,90
49176281,0,0
49177425,6,6
49177819,29,29
49179008,69,69
49179068,4,0
49190919,3,0
49193889,76,76
49199952,52,52
49351323,0,0
49351916,0,0
49360254,0,0
49364284,90,90
49206870,0,0
49208181,0,0
49208965,0,0
49209163,13,0
49211825,38,38
49225568,0,0
49225747,0,0
49226616,15,15
49243212,0,0
49244215,1,0
49377769,0,0
49378714,66,1
49380403,0,0
49384376,0,0
49386840,0,0
49387570,27,2
49245482,33,33
49247483,41,41
49247694,44,44
49249517,48,48
49250263,0,0
49256890,0,0
49257438,0,0
49258287,0,0
49258364,6,6
49258823,0,0
49258856,29,29
49388478,33,33
49391040,0,0
49391341,0,0
49401537,0,0
49402615,46,45
49405833,16,16
49409612,28,0
49416907,0,0
49419996,0,0
49420553,0,0
49259071,0,0
49262417,0,0
49270284,0,0
49270929,0,0
49273047,0,0
49273709,0,0
49274169,0,0
49286428,15,0
49287294,0,0
49288693,3,3
49550643,0,0
49421625,65,65
49422746,20,20
49424017,0,0
49424846,0,0
49425803,66,66
49426040,9,9
49551756,23,23
49553240,0,0
49563531,34,34
49567184,0,0
49570244,0,0
49573096,0,0
49574680,0,0
49584983,81,80
49590069,0,0
49590996,0,0
49591825,45,45
49436100,90,90
49437218,0,0
49441284,3,3
49441328,0,0
49442994,46,46
49446258,0,0
49593677,89,89
49596032,0,0
49597474,0,0
49597728,0,0
49604884,30,29
49607441,21,21
49610010,0,0
49611867,0,0
49612318,67,67
49613696,64,64
49614538,0,0
49615424,0,0
49447624,0,0
49447923,30,30
49448081,84,84
49448292,29,29
49451418,76,76
49462266,0,0
49616488,5,5
49617481,2,2
49617920,0,0
49627000,31,31
49627248,29,29
49628832,0,0
49629345,13,0
49636298,30,30
49638183,20,20
49639535,0,0
49645125,0,0
49465882,0,0
49470050,2,2
49470218,2,2
49470374,2,2
49475002,0,0
49483226,18,18
49646649,0,0
49649623,18,3
49651889,13,13
49652245,0,0
49652445,0,0
49658095,0,0
49669315,15,0
49674636,0,0
49687884,0,0
49690753,0,0
49692590,0,0
49486977,0,0
49487011,0,0
49487853,61,61
49491879,76,76
49495090,0,0
49500273,0,0
49503671,0,0
49505001,0,0
49512718,32,32
49692782,0,0
49693252,0,0
49698767,0,0
49701947,44,44
49702148,43,43
49702711,78,78
49705160,0,0
49708212,62,62
49709501,0,0
49713396,73,0
49517798,0,0
49524149,0,0
49528207,28,28
49533981,10,10
49534641,0,0
49535251,67,67
49538059,1,1
49539983,0,0
49713996,27,7
49714213,0,0
49716213,15,15
49726606,0,0
49730558,76,76
49732450,0,0
49733510,90,90
49733992,31,31
49734537,0,0
49735358,16,16
49735553,76,76
49540622,0,0
49545608,0,0
49548424,0,0
49789530,21,21
49792300,68,68
49792328,0,0
49793941,0,0
49799029,0,0
49801368,21,21
49806254,0,0
49809595,70,70
49811796,47,0
49738307,17,17
49748862,0,0
49752230,0,0
49754187,72,72
49756129,0,0
49756756,7,0
49757918,0,0
49767880,0,0
49769396,0,0
49770362,0,0
49770554,76,76
49770573,0,0
49813505,0,0
49813829,20,15
49814851,3,3
49815039,80,80
49832058,0,0
49834604,29,29
49835977,3,0
49837820,57,56
49839232,0,0
49840165,0,0
49847910,0,0
49855192,61,61
49855534,0,0
49860773,0,0
49771515,44,44
49775120,3,3
49776485,0,0
49777208,31,31
49777311,19,0
49779563,0,0
50052647,0,0
50053083,21,0
50060238,43,11
50060985,0,0
50066660,0,0
49861555,6,0
49863599,6,6
49871065,0,0
49877263,0,0
49878174,0,0
50067437,75,75
50068502,0,0
50070650,80,80
50073324,0,0
50084513,6,0
50087383,0,0
50088752,0,0
50089988,0,0
50092391,0,0
49879831,0,0
49881509,53,53
49895566,0,0
49898771,0,0
49899440,0,0
49902236,76,76
49906500,65,65
49910029,0,0
50098206,0,0
50099245,0,0
50102900,0,0
50105157,0,0
50105429,0,0
50114549,31,16
50114718,60,60
50115342,79,79
50116921,22,22
50117518,17,17
50126048,0,0
49910031,0,0
49910561,3,3
49920227,0,0
49921103,0,0
49923953,52,51
49926303,0,0
49926780,3,3
49927058,90,90
49931452,0,0
50132114,22,22
50132200,0,0
50133133,62,62
50133389,0,0
50133982,0,0
50133987,3,3
50135432,0,0
50138941,0,0
50145063,71,71
50147790,0,0
50148604,55,55
49931513,0,0
49936931,0,0
49938794,0,0
49945526,0,0
49946463,25,0
49948971,0,0
50152840,48,48
50154380,56,56
50154480,71,71
50155245,0,0
50156834,0,0
50157885,0,0
50158891,0,0
50165885,90,90
50166529,0,0
50170583,31,0
50177212,0,0
50181296,2,2
49949089,40,40
49949577,0,0
49951454,61,61
50184806,78,78
50191539,0,0
50196868,6,6
50197398,45,45
50197603,39,39
50199869,0,0
50201085,4,0
50209987,0,0
50210952,69,69
50213868,3,3
50214080,0,0
49951702,9,9
49957162,13,13
49958366,21,21
49963985,76,76
49964381,8,7
49966089,0,0
50214137,27,0
50214259,25,0
50217850,0,0
50218172,3,3
50218259,5,5
50227370,0,0
50227515,0,0
50229406,9,0
50229441,47,0
50229460,0,0
50229513,15,0
50229577,24,0
49976941,0,0
49980221,47,47
50230422,0,0
50230523,7,7
50231254,0,0
50231445,58,58
50232312,35,35
50232558,0,0
50240309,0,0
50240781,72,72
50241151,30,30
50243139,0,0
50243854,37,8
49980442,0,0
49980476,16,16
50245157,21,21
50245768,0,0
50249217,44,44
50249515,0,0
50257676,9,9
50260476,51,51
50263277,0,0
50263756,47,47
50269963,0,0
50271544,0,0
50282803,59,59
49986878,0,0
49987009,0,0
49987096,0,0
50000106,35,35
50001583,25,24
50002776,0,0
50005702,0,0
50010284,0,0
50012899,34,0
50017683,0,0
50027063,9,9
50286714,0,0
50287920,29,29
50288087,0,0
50288716,0,0
50288808,48,48
50289003,0,0
50291206,0,0
50303978,14,0
50307683,31,16
50309122,74,74
50309369,40,40
50310569,30,15
50031800,0,0
50032244,0,0
50032602,39,33
50033203,60,16
50034823,79,0
50044566,3,0
50045106,0,0
50047337,39,39
50048410,21,21
50051141,90,90
50490073,2,0
50313940,0,0
50314078,0,0
50317248,0,0
50327689,0,0
50329700,0,0
50331423,6,0
50335735,0,0
50338291,44,44
50343729,0,0
50348283,0,0
50348687,3,3
50490369,0,0
50496178,0,0
50496488,34,32
50350784,0,0
50357364,43,43
50357770,16,0
50357851,44,44
50359042,5,5
50361433,73,0
50365468,0,0
50367089,27,27
50373097,0,0
50373477,75,75
50376628,0,0
50497636,0,0
50500205,59,59
50501277,0,0
50504090,0,0
50504251,0,0
50377243,8,0
50378412,75,0
50380856,79,79
50381056,0,0
50382110,30,0
50394733,20,20
50394984,75,75
50395307,89,88
50398446,38,38
50399497,15,15
50507294,0,0
50508230,0,0
50519901,0,0
50526392,31,31
50403442,3,3
50403831,13,13
50403963,0,0
50408339,75,75
50416793,2,0
50416941,0,0
50417918,0,0
50418458,0,0
50419158,0,0
50421355,0,0
50423095,0,0
50526813,0,0
50535149,2,0
50535731,0,0
50537560,9,3
50540716,31,31
50423127,0,0
50427075,0,0
50437750,29,29
50438495,0,0
50439191,14,14
50439217,0,0
50439347,49,24
50442598,1,1
50444487,22,0
50446307,0,0
50447076,0,0
50542216,0,0
50542617,0,0
50545664,12,12
50546202,47,47
50547429,65,65
50448458,0,0
50454030,21,21
50455183,3,3
50464753,0,0
50464835,0,0
50473264,0,0
50475919,25,25
50476420,3,0
50480214,45,45
50484087,0,0
50547960,0,0
50549001,90,90
50550783,1,1
50488088,0,0
50490000,6,6
50698344,27,27
50698997,16,16
50699494,1,1
50700543,0,0
50701850,19,19
50702408,29,3
50702550,49,6
50704666,16,0
50551102,90,90
50552956,0,0
50554478,15,0
50563028,0,0
50563721,0,0
50564872,62,62
50574468,48,48
50575615,36,36
50583386,47,47
50586925,17,0
50588332,0,0
50706519,0,0
50706815,0,0
50706878,27,27
50709185,0,0
50710947,46,46
50720125,59,59
50723925,0,0
50727455,0,0
50729758,14,14
50731544,67,67
50736061,0,0
50593578,45,45
50593873,44,44
50594529,15,15
50595063,58,58
50595710,24,24
50740601,18,18
50743177,11,11
50744441,90,90
50745200,0,0
50747708,26,0
50749649,21,21
50753481,90,90
50755431,0,0
50757240,16,0
50762178,90,90
50596016,0,0
50599418,77,0
50613684,0,0
50619320,47,47
50619651,40,19
50620816,0,0
50622095,67,67
50623654,0,0
50634191,5,5
50634288,5,5
50634330,5,5
50764841,16,16
50766173,0,0
50767112,15,15
50768140,0,0
50768601,0,0
50769055,43,43
50775272,0,0
50775933,26,26
50778696,37,37
50782009,47,47
50634369,3,3
50634986,14,0
50636537,9,0
50637542,0,0
50638762,70,70
50639364,39,37
50639818,0,0
50640505,90,90
50642735,0,0
50642852,14,0
50644300,0,0
50652330,0,0
50652635,77,77
50653323,0,0
50653691,90,90
50654386,33,33
50657075,64,64
50657826,5,5
50786108,44,44
50786691,23,23
50786710,75,75
50788937,5,5
50790405,0,0
50793014,6,0
50793849,32,2
50795444,90,90
50795818,58,58
50797765,9,9
50806836,88,88
50807495,30,0
50658275,0,0
50669306,3,3
50671251,0,0
50672817,0,0
50673172,54,54
50675195,75,75
50809342,75,75
50812445,0,0
50813895,31,29
50822826,0,0
50829435,0,0
50831816,0,0
50833394,77,0
50844104,90,90
50850599,44,44
50851753,0,0
50852463,0,0
50679257,6,0
50684236,0,0
50685019,47,47
50685274,47,47
50853546,0,0
50854532,46,46
50862774,0,0
50866798,20,20
50870707,76,75
50870977,0,0
50873346,90,90
50873649,0,0
50873910,8,8
50875062,0,0
50875520,69,69
50877802,42,42
50687637,46,46
50692596,0,0
50695926,0,0
50697485,23,23
50913395,61,61
50918002,66,0
50918485,90,90
50919846,3,0
50922065,0,0
50925570,74,74
50929305,76,75
50879115,0,0
50885009,0,0
50888320,67,66
50889641,0,0
50892818,17,17
50893315,0,0
50895136,0,0
50897694,29,29
50900377,16,16
50910281,0,0
50940330,0,0
50940387,0,0
50942802,0,0
50950644,0,0
50953084,36,36
50957892,0,0
50958541,52,52
50912283,68,32
51196272,37,37
51196430,0,0
51196476,0,0
51197475,6,6
51205263,18,18
51205592,17,0
51211344,0,0
51212669,15,15
51214015,0,0
51214612,0,0
51215526,4,4
51215558,2,2
50961550,64,64
50971404,10,10
50974151,0,0
50975371,0,0
50977430,18,18
50982593,90,90
50991222,33,33
50992992,8,7
50992996,33,33
51215712,26,26
51226268,30,0
51227326,2,0
51227641,76,76
51228351,31,27
51230660,0,0
51231960,0,0
51232872,73,73
51233737,35,35
51235989,0,0
51241506,40,40
50994682,59,59
50998578,11,11
50999685,0,0
50999787,0,0
51000097,65,65
51001407,0,0
51001908,0,0
51001957,0,0
51003836,21,0
51243376,0,0
51245402,0,0
51246356,59,59
51248654,3,3
51251317,0,0
51251630,20,20
51251635,0,0
51257815,0,0
51260918,20,20
51262232,0,0
51262978,46,1
51008529,0,0
51008582,0,0
51013625,57,57
51019131,14,2
51020151,0,0
51023350,35,20
51023989,22,0
51023991,1,0
51024266,76,76
51025107,34,34
51027422,0,0
51263392,0,0
51265152,0,0
51265207,90,90
51265906,5,5
51266545,0,0
51266608,0,0
51271065,25,0
51271143,0,0
51277612,0,0
51278279,0,0
51279306,2,0
51279896,0,0
51035025,76,76
51037782,26,26
51040846,61,60
51045369,33,33
51046606,0,0
51059180,63,63
51059798,66,66
51061698,0,0
51063866,0,0
51281056,74,74
51283129,5,0
51286547,0,0
51288172,0,0
51290734,15,0
51291894,0,0
51293159,0,0
51293194,0,0
51303562,0,0
51305818,28,28
51306036,47,47
51306886,0,0
51064101,15,15
51064493,53,53
51065454,0,0
51068377,0,0
51068516,29,29
51069339,30,30
51071045,0,0
51079553,0,0
51081515,15,15
51081964,0,0
51121141,42,42
51307052,58,58
51311626,3,3
51318136,0,0
51321125,0,0
51327110,75,75
51327577,0,0
51337620,0,0
51340754,0,0
51343103,0,0
51343497,0,0
51125239,0,0
51126088,0,0
51129000,0,0
51129727,0,0
51139891,0,0
51143643,44,44
51143675,63,63
51149917,90,90
51150521,1,1
51343758,0,0
51346279,0,0
51350849,0,0
51356492,43,43
51357616,48,46
51358202,5,5
51361023,0,0
51363890,0,0
51364003,24,24
51367149,0,0
51382955,36,36
51383927,47,17
51166991,65,65
51167118,0,0
51169564,17,16
51174632,0,0
51175460,49,49
51175725,0,0
51176539,0,0
51177136,0,0
51184699,0,0
51190723,0,0
51193564,0,0
51385479,0,0
51387723,6,6
51389174,3,3
51391054,8,8
51391555,3,3
51400328,15,15
51401513,2,2
51402328,0,0
51402585,0,0
51402678,6,6
51403039,0,0
51195082,6,0
51195659,1,1
51630447,0,0
51634025,90,90
51636415,0,0
51406622,3,2
51407096,3,3
51411254,5,5
51411625,27,27
51412408,0,0
51421349,0,0
51429497,0,0
51441187,6,6
51443431,0,0
51445783,0,0
51637875,18,18
51639195,11,11
51639443,16,16
51639873,29,29
51650138,0,0
51449212,6,6
51451368,73,73
51452441,0,0
51454723,30,30
51455566,1,1
51455941,37,37
51455950,0,0
51465312,0,0
51466826,0,0
51467306,23,23
51653479,74,74
51655626,17,0
51662471,56,56
51664307,0,0
51664813,47,47
51666612,0,0
51667245,16,16
51668342,21,0
51670402,0,0
51670813,16,16
51670947,19,19
51680457,3,0
51470664,19,19
51471374,19,19
51471445,16,16
51482510,89,89
51483825,0,0
51485535,47,0
51486881,31,31
51487070,0,0
51487943,0,0
51493315,0,0
51498194,0,0
51501424,76,75
51682883,0,0
51684534,7,7
51685104,0,0
51685477,3,0
51689558,0,0
51691170,0,0
51694637,0,0
51699905,67,67
51702228,0,0
51702923,62,62
51705833,0,0
51710285,0,0
51503294,33,33
51504398,0,0
51507287,76,76
51509034,0,0
51510216,0,0
51510371,0,0
51517634,2,2
51519926,47,0
51519947,90,90
51521740,0,0
51534246,0,0
51713806,53,52
51715178,0,0
51715205,60,0
51720274,0,0
51721119,0,0
51721133,0,0
51722037,0,0
51724883,30,30
51725178,0,0
51725222,15,15
51726180,32,32
51726376,38,38
51726524,0,0
51727396,2,0
51727600,0,0
51729718,0,0
51731275,0,0
51534404,25,25
51538601,0,0
51539066,0,0
51542838,0,0
51558779,0,0
51560696,75,75
51561670,69,69
51565221,0,0
51565266,0,0
51570734,90,90
51574589,60,0
51734038,35,35
51740739,0,0
51744329,0,0
51745454,67,67
51752865,0,0
51575637,0,0
51585248,0,0
51585959,1,1
51592852,0,0
51594215,75,75
51598425,33,33
51603112,10,0
51603968,6,6
51608080,21,21
51753768,54,53
51755775,88,87
51762694,0,0
51764135,0,0
51764485,16,16
51764860,76,76
51766925,0,0
51608497,76,76
51610857,0,0
51613018,0,0
51614134,76,76
51615709,0,0
51619252,0,0
51619634,1,1
51619751,3,3
51620955,3,3
51621362,3,3
51621590,3,3
51767281,0,0
51767338,0,0
51767824,0,0
51767903,0,0
51768030,0,0
51768092,0,0
51768147,0,0
51768775,24,24
51621735,3,3
51621907,60,60
51622613,65,65
51622736,38,38
51623333,75,75
51818793,0,0
51821915,2,2
51826933,0,0
51826952,0,0
51827299,0,0
51828187,3,3
51839530,0,0
51771273,0,0
51772649,28,28
51774310,0,0
51777608,5,5
51782007,18,18
51861311,33,33
51862472,75,75
51863390,0,0
51867006,0,0
51868685,0,0
51868745,0,0
51868789,0,0
51868809,14,0
51868842,14,0
51868887,0,0
51870855,0,0
51876246,0,0
51783037,78,25
51784783,0,0
51785469,0,0
51789447,0,0
51793102,47,47
51883501,20,20
51885059,15,0
51888947,0,0
51888990,0,0
51889016,0,0
51889039,0,0
51889171,0,0
51889217,0,0
51889250,0,0
51889396,0,0
51889461,0,0
51889500,0,0
51889577,0,0
51889628,0,0
51796945,50,50
51799070,44,44
51801371,34,33
51802931,0,0
51804543,0,0
51804585,23,23
51889674,11,0
51889729,0,0
51901717,0,0
51903949,0,0
51904989,46,46
51905886,8,8
51907134,17,17
51907246,6,6
51907281,7,7
52026028,27,27
52031750,63,63
52039176,2,2
52041617,2,2
52053816,18,3
52059246,32,0
52059533,35,35
52059772,0,0
51907377,16,16
51911323,3,3
51913352,45,45
51915213,4,4
51917088,3,3
51917224,0,0
51918445,3,3
51918710,0,0
51920836,69,69
51926455,45,38
51927775,15,15
52060325,0,0
52062263,36,36
52062993,38,38
51927795,0,0
51934249,44,44
51939606,0,0
51944357,0,0
51944693,49,0
51945222,2,2
51945257,0,0
51948208,0,0
51950079,62,62
51955482,6,6
52072231,1,1
52073825,0,0
52075215,0,0
52075359,0,0
52076178,19,19
52084036,0,0
52085221,44,44
52089998,46,46
51956352,74,73
51957818,27,27
51960731,50,50
51970344,73,73
51978563,0,0
51980003,33,33
51980527,21,21
51980770,3,3
51980852,0,0
51983004,0,0
51983887,0,0
52095695,0,0
52096040,26,0
52101440,14,14
52102524,58,58
52103975,17,0
51985589,0,0
51986202,0,0
51987241,36,36
51987334,76,76
51991090,0,0
51997965,0,0
52001672,48,48
52002141,3,2
52005461,26,26
52105294,0,0
52105349,0,0
52107496,36,36
52109956,0,0
52110070,6,6
52110071,8,8
52112035,51,51
52112120,16,15
52114771,16,16
52009700,4,4
52013393,36,36
52021432,89,89
52236517,1,1
52237124,0,0
52239020,0,0
52240531,17,17
52241459,32,32
52246989,20,0
52251326,75,75
52126679,0,0
52127911,8,8
52128548,19,19
52128553,44,28
52128775,18,16
52131795,8,8
52253807,47,47
52255940,0,0
52256768,5,5
52260313,90,90
52261555,0,0
52267290,0,0
52267684,48,48
52271041,0,0
52280572,59,59
52283472,18,0
52286333,27,27
52132742,36,36
52142843,3,3
52145241,25,0
52149565,4,4
52150231,0,0
52151109,0,0
52151871,0,0
52286422,6,6
52288075,37,37
52289151,43,0
52299330,0,0
52300094,13,13
52304111,0,0
52304392,3,3
52307085,0,0
52307689,0,0
52316185,56,56
52316709,2,1
52153731,47,47
52154854,17,17
52155173,0,0
52162163,34,34
52163880,37,0
52317592,17,17
52320080,0,0
52320898,0,0
52320950,0,0
52324341,0,0
52324415,52,52
52324528,38,0
52325109,0,0
52325437,0,0
52329966,41,0
52336155,0,0
52339404,0,0
52164915,47,47
52165147,42,42
52167873,0,0
52169355,3,0
52169805,22,22
52170063,0,0
52170287,0,0
52170623,60,60
52172527,23,23
52172540,10,10
52172548,17,17
52181849,4,4
52181872,0,0
52343745,2,2
52353508,1,1
52353916,0,0
52354363,0,0
52354591,0,0
52355957,0,0
52360862,0,0
52365494,79,79
52365660,0,0
52366169,13,13
52367339,0,0
52183021,0,0
52184522,70,70
52186222,0,0
52188203,0,0
52188420,19,19
52190454,69,68
52191839,1,1
52194261,3,3
52204946,0,0
52367668,3,3
52368136,0,0
52368832,0,0
52368962,0,0
52369054,0,0
52372037,20,20
52373813,0,0
52374326,0,0
52374738,0,0
52380053,0,0
52380858,0,0
52207504,0,0
52209121,0,0
52219116,8,8
52219943,6,6
52221919,6,6
52223600,0,0
52226410,0,0
52229417,15,15
52231166,33,33
52231615,0,0
52233258,48,48
52235688,58,58
52381790,21,21
52382837,0,0
52384047,67,67
52389360,8,8
52390610,0,0
52397728,0,0
52399609,76,76
52399899,16,16
52404207,0,0
52404588,12,0
52440958,4,4
52441335,0,0
52443892,25,25
52444890,22,0
52451077,0,0
52451281,0,0
52456544,0,0
52405277,13,13
52407383,0,0
52408941,42,42
52417096,73,73
52417197,57,57
52418045,0,0
52419044,61,0
52421812,32,32
52421882,0,0
52426248,90,90
52427297,20,20
52459126,63,63
52466688,0,0
52470416,0,0
52471756,3,3
52472350,90,90
52481960,90,90
52487784,15,15
52491515,76,76
52492041,17,0
52492455,3,0
52427990,85,83
52435248,45,45
52586825,0,0
52587673,0,0
52591041,0,0
52593299,28,0
52593554,53,53
52593641,0,0
52593840,31,31
52599501,32,32
52600890,21,21
52508207,76,76
52511469,0,0
52517517,33,33
52519097,0,0
52519616,0,0
52534281,54,16
52534815,50,15
52534882,34,34
52547011,15,0
52551120,66,66
52551893,0,0
52607337,1,1
52607603,0,0
52608288,0,0
52608511,0,0
52609953,0,0
52610408,20,20
52611423,0,0
52611526,63,63
52611770,46,46
52612362,0,0
52613594,0,0
52551903,0,0
52551973,73,73
52551976,0,0
52551990,0,0
52552429,71,71
52552638,66,66
52552836,0,0
52552844,0,0
52552861,0,0
52552869,0,0
52552873,0,0
52553139,0,0
52553144,0,0
52553150,0,0
52553154,0,0
52553162,0,0
52553198,0,0
52553205,0,0
52553208,0,0
52553406,0,0
52553425,0,0
52553432,0,0
52553434,0,0
52553457,0,0
52553462,0,0
52553466,0,0
52553468,0,0
52553481,0,0
52614094,0,0
52614450,7,0
52617173,0,0
52618107,0,0
52618225,0,0
52618390,13,13
52618396,28,28
52618610,0,0
52619623,0,0
52621315,0,0
52622727,0,0
52553488,0,0
52553506,0,0
52553510,0,0
52553514,0,0
52553519,0,0
52553524,0,0
52553530,0,0
52553537,0,0
52553541,0,0
52553544,0,0
52553547,0,0
52553725,29,29
52631606,0,0
52634243,2,0
52635926,70,70
52636529,15,15
52636880,0,0
52637377,62,14
52637973,0,0
52638214,0,0
52639956,0,0
52651961,0,0
52554380,27,27
52555884,84,84
52557797,90,90
52558166,6,6
52561467,0,0
52562444,1,1
52565543,0,0
52565735,0,0
52570569,5,5
52652429,18,18
52654519,5,5
52656995,9,9
52657552,0,0
52664308,22,0
52665729,3,3
52668079,68,68
52670276,0,0
52671855,16,15
52672732,30,30
52674546,55,54
52675191,45,45
52570981,0,0
52578551,10,0
52578966,3,3
52582634,42,42
52688154,0,0
52689535,0,0
52690310,17,17
52692555,22,22
52700537,0,0
52700622,3,0
52701221,2,2
52702018,68,68
52705563,0,0
52705960,0,0
52706726,3,3
52714650,76,76
52583253,0,0
52583836,0,0
52585014,0,0
52585129,28,28
52586577,0,0
52761116,61,61
52769186,0,0
52770666,0,0
52716416,90,90
52717083,0,0
52718388,35,35
52721803,0,0
52721824,69,69
52731161,0,0
52731316,0,0
52731419,0,0
52744634,0,0
52747790,44,44
52749216,38,0
52749784,5,5
52771412,2,2
52772214,7,7
52772578,16,16
52774582,0,0
52775347,0,0
52779501,0,0
52781681,0,0
52782607,46,46
52788498,61,61
52788859,0,0
52791162,1,1
52749804,12,12
52754282,76,76
52755364,19,18
52755593,3,3
52755763,0,0
52756284,35,35
52756850,90,89
52759509,23,0
52932376,0,0
52934351,5,5
52934401,0,0
52793095,17,17
52795397,90,90
52795626,2,2
52797203,59,58
52799338,80,80
52801190,12,12
52804286,4,4
52941331,0,0
52947788,41,41
52948831,0,0
52952799,30,30
52956029,0,0
52968102,0,0
52968366,3,0
52968839,90,90
52969085,30,30
52971091,0,0
52972242,74,74
52807490,0,0
52811319,0,0
52812917,0,0
52814323,0,0
52822073,0,0
52977888,75,75
52987956,0,0
52993669,0,0
52995076,0,0
52995360,3,3
52998670,3,3
53005830,20,20
53010222,0,0
53021262,3,3
53022508,76,76
53022671,6,6
52823283,0,0
52823346,0,0
52823884,9,9
52824025,18,18
52825041,0,0
52826514,58,58
53024119,0,0
53025759,0,0
53025816,2,2
53026239,32,32
53027258,16,16
53030346,0,0
53030482,20,20
53031902,67,67
53032375,33,33
53032542,60,31
53032739,47,16
53040065,0,0
52826943,48,48
53041846,0,0
53043735,48,48
53045130,20,20
53045250,8,8
53045283,71,71
53045316,5,5
53045446,37,37
53045512,2,2
53047016,38,38
53047664,0,0
52827359,0,0
52830424,1,1
52833897,4,4
52834116,72,72
52834797,0,0
52835082,0,0
53047762,0,0
53050789,90,90
53050810,17,17
53050999,31,31
53051081,40,40
53051231,46,46
53052129,0,0
53054858,19,19
53065038,0,0
53065241,0,0
53073848,76,0
53075421,0,0
52836962,59,59
52838667,39,5
52839619,0,0
52839743,45,45
52842129,3,3
53075951,0,0
53076064,0,0
53079605,3,3
53080602,1,1
53081378,0,0
53082213,0,0
53088392,0,0
53088652,0,0
53091427,0,0
53095518,30,30
52842845,0,0
52843726,0,0
52846635,39,0
52846661,0,0
52855420,90,90
52857463,32,32
52859084,0,0
52860062,3,3
52861365,88,88
52861792,14,14
53095529,55,52
53098339,0,0
53098418,0,0
53098514,29,29
53106404,0,0
53109044,42,42
53110748,57,57
53111559,4,4
53111732,0,0
53113382,37,0
53114007,3,2
53116201,0,0
52862058,20,0
52864022,0,0
53116506,0,0
53117856,0,0
53118209,58,0
53119150,0,0
53120519,0,0
53122420,36,3
53123360,0,0
53123361,3,3
53126131,0,0
53126188,33,33
53127153,75,75
52867662,49,49
52868147,0,0
52869658,12,12
52871655,0,0
53128684,0,0
53130026,0,0
53132475,16,16
53132818,0,0
53134187,15,15
53135866,0,0
53135888,49,49
53145833,20,20
53147884,0,0
53148122,0,0
53148895,2,2
53150666,9,9
52879829,16,11
52883668,0,0
52884956,0,0
52885449,0,0
52885971,10,10
53151823,76,76
53153292,0,0
53155237,0,0
53155469,6,6
53160927,32,32
53163071,0,0
53164152,31,31
53167175,0,0
53170821,0,0
53171838,43,43
52886556,8,0
52894094,70,70
52894257,0,0
52895785,0,0
52896103,0,0
52901227,3,3
52904589,0,0
52905230,0,0
52905602,90,90
52905951,80,78
52906284,46,46
52912606,0,0
53173426,0,0
53174411,61,61
53180695,71,71
53180823,0,0
53188172,0,0
53189912,69,69
53190949,1,1
53191182,43,43
53191415,0,0
53192426,20,0
53192744,32,0
52916520,0,0
52916582,1,1
52921752,0,0
52921783,46,46
52922566,25,25
52923759,0,0
52925691,0,0
52930589,8,8
53259662,0,0
53260356,0,0
53260928,0,0
53194567,3,3
53194676,0,0
53195760,0,0
53199357,2,2
53199638,0,0
53202170,22,22
53204406,0,0
53205761,0,0
53210039,0,0
53211837,31,31
53213847,53,53
53215556,0,0
53261632,28,28
53262764,0,0
53263395,21,21
53263629,0,0
53264655,0,0
53270564,0,0
53275132,44,44
53278501,6,6
53278833,0,0
53280628,20,20
53282903,0,0
53216441,0,0
53216577,0,0
53219891,28,28
53219942,0,0
53221519,41,0
53222519,28,28
53223918,37,37
53224463,0,0
53227033,0,0
53227851,0,0
53229531,52,52
53287361,59,59
53288237,0,0
53288377,0,0
53288479,0,0
53288626,0,0
53288928,0,0
53290053,0,0
53290186,31,31
53290354,0,0
53290541,0,0
53290646,0,0
53290764,0,0
53290905,0,0
53292101,75,75
53231861,0,0
53232544,0,0
53235897,0,0
53236575,26,25
53240079,6,6
53256987,57,57
53257905,58,58
53258098,0,0
53258827,0,0
53259051,0,0
53292314,0,0
53292368,0,0
53292725,8,0
53294328,20,20
53294652,9,9
53259107,26,26
53415204,0,0
53415368,76,76
53415379,76,76
53415549,3,3
53417196,0,0
53418934,16,16
53419788,0,0
53420671,45,45
53296353,45,45
53299304,0,0
53300313,85,85
53306350,61,61
53309419,3,3
53311697,60,60
53422309,2,2
53423078,0,0
53425369,90,90
53427324,8,0
53427512,0,0
53429873,0,0
53432867,0,0
53432992,0,0
53433109,0,0
53433217,0,0
53435650,0,0
53435951,6,6
53436872,37,37
53313409,5,5
53315072,0,0
53320871,15,15
53320872,0,0
53329617,0,0
53330115,90,90
53335766,37,37
53340131,16,16
53340189,0,0
53343701,3,3
53348243,0,0
53442786,12,12
53444400,0,0
53448680,0,0
53450248,0,0
53450383,0,0
53450489,84,82
53453680,47,0
53456954,0,0
53458499,0,0
53462276,69,69
53464092,19,19
53349532,59,59
53349734,76,76
53353569,8,8
53356951,0,0
53358037,0,0
53360352,0,0
53363486,0,0
53465050,0,0
53465589,27,27
53470771,3,3
53471515,0,0
53471519,0,0
53472151,0,0
53472533,6,6
53475205,0,0
53475354,46,46
53476790,0,0
53477095,0,0
53363729,76,75
53364824,5,5
53366287,0,0
53366429,0,0
53370561,0,0
53372672,0,0
53373979,0,0
53375640,62,62
53381376,24,24
53477385,0,0
53480206,19,19
53484201,0,0
53489130,0,0
53489560,0,0
53491480,21,21
53493937,0,0
53494300,60,60
53494944,1,1
53495710,0,0
53496227,6,6
53384134,17,17
53384575,0,0
53384597,0,0
53385771,47,47
53386606,10,0
53398099,0,0
53501342,3,0
53501732,18,18
53502758,20,20
53503106,0,0
53505044,45,45
53506938,25,0
53511447,78,78
53512290,61,61
53512507,15,15
53515102,59,59
53398202,0,0
53398625,0,0
53400412,21,21
53402699,21,21
53403946,79,79
53408117,76,76
53409228,0,0
53516350,9,0
53516635,4,4
53523753,0,0
53524403,25,25
53527603,1,1
53528553,89,87
53529235,0,0
53531890,59,59
53538132,90,90
53409435,0,0
53410702,56,56
53410940,7,7
53412410,16,16
53413454,62,60
53414148,55,55
53540905,15,15
53541251,0,0
53542590,3,3
53542641,57,39
53544002,0,0
53544214,88,88
53544686,78,0
53544739,0,0
53545175,45,45
53545394,61,61
53555701,0,0
53676368,17,0
53676430,75,75
53683669,48,0
53684967,0,0
53560560,0,0
53561733,0,0
53562029,2,0
53570224,0,0
53570387,0,0
53570786,0,0
53571143,0,0
53571249,0,0
53571310,0,0
53571371,0,0
53573536,41,41
53573869,0,0
53574189,0,0
53686144,0,0
53689694,76,76
53689938,0,0
53693128,8,0
53693977,30,30
53696990,0,0
53699054,0,0
53699744,0,0
53700256,45,0
53700698,50,0
53576447,0,0
53582406,0,0
53584914,63,63
53587623,2,2
53587742,0,0
53588172,48,31
53588627,8,8
53590193,24,14
53591831,7,7
53593168,6,6
53701704,0,0
53701809,0,0
53702443,0,0
53704110,60,60
53708171,11,0
53709387,2,2
53593362,16,0
53594181,6,6
53594451,0,0
53594675,15,15
53594731,0,0
53601751,30,0
53602634,14,14
53603216,0,0
53603321,0,0
53603421,0,0
53603491,0,0
53603574,0,0
53719446,0,0
53720606,0,0
53721296,0,0
53722444,0,0
53723870,0,0
53725725,0,0
53725805,6,6
53603682,0,0
53604779,0,0
53604923,0,0
53605076,0,0
53605090,0,0
53605625,0,0
53606101,0,0
53606452,0,0
53606617,0,0
53606895,0,0
53607099,8,2
53726935,0,0
53728281,90,90
53728290,0,0
53730024,0,0
53736776,0,0
53607959,33,22
53608127,18,17
53608551,44,0
53610004,0,0
53610849,0,0
53610874,0,0
53615126,0,0
53620932,0,0
53621915,0,0
53622187,15,15
53737403,76,75
53739963,5,5
53740410,0,0
53741243,0,0
53741603,0,0
53742866,2,2
53746978,0,0
53751580,0,0
53752252,45,45
53752982,3,3
53754167,0,0
53755563,90,90
53626202,14,0
53628255,0,0
53628816,77,69
53628851,0,0
53629094,0,0
53629234,0,0
53630203,45,45
53630220,0,0
53630655,0,0
53632448,0,0
53633058,65,65
53756457,0,0
53758529,0,0
53759746,0,0
53763914,9,4
53766143,74,74
53768631,0,0
53769467,0,0
53769677,0,0
53634502,0,0
53634996,85,26
53636623,76,76
53644375,5,5
53645215,1,1
53647028,0,0
53649864,0,0
53650203,0,0
53653438,70,69
53654994,32,0
53655582,0,0
53655929,0,0
53770530,0,0
53771167,5,5
53656900,16,16
53656904,0,0
53660977,0,0
53661970,20,20
53662451,1,1
53666206,0,0
53666929,50,50
53670625,0,0
53675152,12,12
53816858,25,25
53817954,31,31
53771662,0,0
53773701,17,0
53773839,0,0
53774579,3,3
53781715,0,0
53817985,30,29
53823703,28,28
53826433,15,14
53830757,35,35
53831146,38,38
53831670,5,5
53831766,18,18
53832868,0,0
53836288,0,0
53837021,0,0
53786333,8,8
53786471,0,0
53795503,4,0
53796187,0,0
53796341,21,0
53796775,19,19
53798235,31,31
53801158,0,0
53840594,0,0
53845422,31,30
53847813,90,90
53848694,54,54
53848825,0,0
53849102,0,0
53850635,39,27
53850682,16,16
53850746,70,47
53857512,0,0
53801593,0,0
53802072,0,0
53809139,49,49
53809708,2,2
53809803,5,5
53809811,6,6
53809925,5,5
53810195,14,14
53810255,8,0
53858082,1,1
53860066,0,0
53862013,0,0
53862381,0,0
53863561,5,5
53865665,0,0
53867531,16,0
53867998,1,1
53869676,0,0
53874130,15,15
53874529,15,15
53811159,0,0
53812280,0,0
53812366,14,14
53812378,2,2
53812386,0,0
53813081,86,84
53874828,74,74
53875417,57,57
53875954,60,60
53876051,10,10
53879568,3,3
53881005,0,0
53882491,1,1
53886001,0,0
53888158,0,0
53890468,0,0
53891639,0,0
53892659,5,5
53814025,61,61
53814030,0,0
53815424,0,0
53971403,8,0
53893056,13,13
53893384,64,64
53894136,0,0
53894396,0,0
53894411,0,0
53895180,0,0
53900513,46,29
53901291,0,0
53901427,75,75
53903785,75,75
53904032,46,23
53979159,0,0
53980069,31,0
53980416,0,0
53980645,44,0
53980983,0,0
53981147,32,0
53981239,0,0
53988526,90,90
53988773,76,76
53907439,0,0
53909238,0,0
53909434,30,30
53915505,0,0
53916135,0,0
53916377,0,0
53916899,31,31
53920233,45,45
53921873,0,0
53922202,75,75
53933376,52,51
53991773,0,0
53992185,0,0
53992539,46,46
53994947,57,57
53997433,39,39
53933996,37,0
53934304,15,15
53934961,0,0
53935712,34,34
53937868,0,0
53939267,0,0
53939453,5,5
53939534,5,5
53940796,0,0
53941089,0,0
53953891,0,0
53999738,20,20
54000699,0,0
54001498,0,0
54001508,0,0
54002531,1,1
54003481,48,48
54004046,66,66
54004374,0,0
54004596,16,0
54005220,0,0
53958813,34,34
53967226,90,90
53967245,0,0
53967351,89,89
53970963,18,18
53971055,0,0
53971111,1,1
54122536,0,0
54122624,30,30
54124015,0,0
54129100,0,0
54005271,29,29
54007743,21,0
54013154,32,32
54015146,9,0
54017066,0,0
54018489,0,0
54018763,77,77
54019918,31,31
54020186,0,0
54020408,0,0
54021730,0,0
54022749,0,0
54129391,26,24
54129568,0,0
54131340,0,0
54132661,0,0
54136738,0,0
54137553,90,90
54137625,0,0
54138988,15,15
54140633,33,33
54142967,0,0
54144455,0,0
54028410,0,0
54029520,36,36
54146364,89,89
54148158,0,0
54160031,63,46
54160187,0,0
54161007,0,0
54162906,31,31
54163608,4,4
54163789,0,0
54163894,0,0
54163912,37,37
54032723,0,0
54032853,52,52
54036658,66,66
54038902,1,1
54039046,0,0
54164357,0,0
54164587,0,0
54164718,0,0
54164726,3,3
54165294,39,9
54167112,46,46
54169005,0,0
54173093,44,42
54183564,90,90
54186567,3,3
54039919,31,0
54050176,2,2
54193168,0,0
54193549,0,0
54194995,3,3
54195597,0,0
54196350,19,19
54196744,54,54
54196777,66,66
54196947,30,30
54197051,16,16
54050549,5,5
54050650,5,5
54050973,5,5
54051067,5,5
54051192,5,5
54197179,0,0
54197182,21,21
54197315,0,0
54206839,0,0
54206877,33,33
54206998,15,15
54207666,15,15
54207951,15,15
54210471,0,0
54210998,52,52
54051259,46,46
54057011,0,0
54057539,0,0
54064476,0,0
54065345,15,0
54065958,46,46
54066353,0,0
54067905,17,17
54068602,76,76
54068618,53,47
54069262,0,0
54069349,51,51
54211200,89,89
54211784,36,36
54213367,0,0
54214433,0,0
54214666,9,9
54217724,16,16
54220873,3,0
54222180,0,0
54229216,0,0
54230938,0,0
54233094,0,0
54070767,4,4
54071410,1,1
54083128,0,0
54083706,0,0
54084803,0,0
54238053,30,30
54238875,0,0
54240206,0,0
54242006,0,0
54242854,0,0
54243072,16,16
54243687,45,45
54245109,0,0
54245163,77,77
54245594,72,72
54087836,0,0
54093527,0,0
54093824,49,49
54095786,0,0
54101952,60,60
54102963,21,21
54245960,30,30
54246235,45,45
54246425,47,47
54247180,3,3
54256185,15,15
54258024,29,29
54258718,0,0
54260674,42,41
54262388,0,0
54103419,0,0
54104181,0,0
54108028,66,66
54108451,0,0
54109419,90,90
54110825,0,0
54111106,0,0
54114542,0,0
54115612,0,0
54117594,0,0
54117644,6,6
54120214,0,0
54262883,15,15
54263436,46,46
54263674,47,47
54263886,45,45
54264164,45,45
54264262,6,0
54264944,9,0
54276494,0,0
54281443,0,0
54281603,0,0
537802667956395844,0,0
537808541086146067,45,45
539742633266082757,51,51
539769745905414951,17,17
539900905376069260,9,0
540399699729264340,16,16
540406223816915198,0,0
540412839879191262,0,0
540421796402963162,0,0
541449474530378012,75,75
54283343,1,1
54291034,63,63
54291188,64,59
54291234,51,41
54292164,82,82
54294086,0,0
54302784,0,0
54303183,39,39
54303623,63,63
541838334174119591,0,0
541840861640055585,0,0
541841229631087312,0,0
542239053789372886,0,0
542600943912847794,40,0
542640652151641703,68,68
54304065,3,3
54304382,22,22
54307163,5,0
54307170,0,0
54314301,0,0
54314481,30,30
54315055,0,0
54316848,11,0
54318636,15,15
54318921,0,0
542642150642856669,46,46
542677269372360032,90,90
542747072792865853,0,0
542765936993178756,48,47
542856379990916626,0,0
542897168768814229,0,0
542959954217251648,0,0
542970756349440677,0,0
543373265235326762,57,57
543635425943076778,14,14
544401457419857074,26,26
544727385419103801,15,15
54319024,1,1
54320014,0,0
54326385,0,0
54326428,0,0
54326605,3,3
54328203,9,9
54328455,0,0
54334216,3,3
54338345,55,53
54341162,0,0
54342351,0,0
54342792,0,0
544867022494251692,2,2
544998650078746770,84,84
545090914375173479,5,5
545163157468611464,17,0
545563697666112561,16,16
54343089,0,0
54344557,40,40
54344780,0,0
54345262,0,0
54351519,17,17
54351650,19,0
54352197,38,38
54355778,76,76
54357934,27,8
54359426,0,0
545653384677866355,1,1
545917627281915475,0,0
545960635890038947,0,0
546256455955963923,21,21
546407517674976443,9,7
546459533399599339,8,8
546555949054231567,0,0
546689834460719148,0,0
547058790481548248,1,1
54364623,46,45
54370489,0,0
54376286,32,0
54390128,0,0
54392381,0,0
54395062,0,0
54395760,52,0
54397475,31,30
497221656953912856,27,27
499228785781795835,14,14
547086501522814424,23,23
547101733725745345,0,0
547150124220387168,66,66
547219823037006318,8,8
547793067593304321,76,76
547797787916616213,25,25
547815403096269955,0,0
547820238225408462,6,6
547998622525410778,37,37
501404598925361958,18,0
502235608092478513,16,16
505665954041199093,47,47
506753378825712040,9,9
508095992839347917,0,0
509021288759072717,45,45
509912694780678266,15,15
511554590284267375,0,0
513695012431520567,5,5
513923548156770577,0,0
515036044381761823,0,0
515270964752201497,15,15
548006572647649285,14,14
548016857794352761,79,77
548041570921178790,74,74
548058061023756340,0,0
548496910878656656,7,0
548511865075106092,16,16
548533575279035482,0,0
548559882209685166,2,2
548618432625308411,49,49
548672572096028312,9,9
516056994945487115,0,0
516107446141898344,0,0
518689109208853861,30,0
519453936157575198,0,0
522425855620716170,6,6
522639572031900388,0,0
529157103042604647,0,0
529737934145319533,0,0
532108412257110742,0,0
532224775279681728,79,78
548735145074243823,0,0
548826190789392066,0,0
548963764109682390,0,0
535565578084281184,60,60
535581626561206870,90,90
550841600859360458,23,23
550845920087869266,0,0
550905294962321318,11,11
550923487986078016,39,39
551334234415439458,0,0
551445523938181140,0,0
551486754862349923,5,0
548999032692933239,0,0
549026772417423162,90,90
549080771974459504,0,0
549101280046591249,15,15
549194883005854692,18,18
549261329929777628,16,16
551494862092193850,14,14
551846781913884240,75,75
552042242548350696,0,0
552075850942208488,48,48
552087932017334952,3,3
552094356450388612,0,0
552098297559362978,88,88
552113158032353754,37,37
552148250523188165,0,0
552174943582511016,0,0
549264345064528625,10,8
549269675708932153,0,0
549275003907405309,35,31
549362079534421010,16,16
552208563699318844,0,0
552211233896015720,0,0
552213619587086694,73,73
552738484785957570,51,51
552754739023120654,0,0
552782382741181875,18,0
552798012536553490,75,75
552804519831447428,0,0
552836837466430326,0,0
552839358870025051,21,21
552972547593855946,0,0
549418712123925136,28,28
549465289587099130,0,0
549522896406512978,0,0
549989860829940927,0,0
550026488081973881,46,9
550220260905279832,15,15
550555428777442357,17,17
550587373921310094,41,0
550618527775379687,18,18
550741674554463731,0,0
550786709610206712,0,0
558934184388886841,0,0
553005121220644891,0,0
553029238283466076,0,0
553424076777304679,0,0
553429976605273304,0,0
553465851218500336,0,0
553495030817778297,0,0
553496514404994366,0,0
554125687285092457,0,0
554175570283178317,59,59
554283191774753015,31,31
554590833584755715,11,11
558941566399441638,0,0
558983914291920583,0,0
559485519806458663,8,8
559544054895092780,1,1
554982535900288676,0,0
555005271135605811,17,17
555016287622862694,7,7
555025453219071978,6,6
555030246357854273,6,6
555034459812571155,6,6
555035387107768750,6,6
555038069440891496,5,5
555056971119508988,23,23
555073510443058547,56,56
555171202368184293,9,9
559572983981929450,66,0
559586504917827345,9,9
559592743617283842,40,40
559619308472416467,57,0
559671382972443261,0,0
559730944824545082,0,0
559881384063575733,0,0
560127890066016491,47,47
560149197063785531,0,0
560205663949770570,77,77
560224400703639699,0,0
560241529792006404,2,0
560612212665776305,90,90
555253571958535908,41,41
555610543409267205,0,0
555681857754079373,8,8
555687828315016864,0,0
556247091679540869,53,53
556365927024053098,16,16
556538972710013381,0,0
556719526790566006,2,2
556960737995069310,0,0
557031472849294373,19,19
557075442081745526,0,0
560727126080403797,0,0
560731702825523968,0,0
560735047537585655,0,0
560746623203080695,80,80
560819796143132798,9,9
560922841979568080,0,0
560997011642218304,18,0
557122072091794459,39,12
557214768983156460,4,4
557287164309695719,0,0
557308562445321576,36,36
557408661745512587,20,0
557473594642446522,17,17
557486369436961003,0,0
557509075015430163,8,8
557912715961485952,1,1
557940244756915761,0,0
557953921538656336,29,29
561056459074470843,4,4
561411694369629388,51,51
561438111914086714,0,0
561580874092383695,0,0
561766452830859698,0,0
562139098992282665,80,80
562228465268570725,28,13
557974776402309577,0,0
558134273361856523,0,0
558191886076090391,16,16
558191951714926846,2,0
558306500468820859,0,0
558310482962197626,27,27
558538926629464616,0,0
558575557122330909,20,20
558600050885522642,0,0
558732520907162146,0,0
562298581962857593,59,59
562418047487826132,3,3
562884903457128974,3,3
562907819641129672,46,46
562964125617559122,34,0
563268292006599316,13,13
563348510544506762,0,0
558746223707426780,42,42
558874976542597786,42,42
567271244171571875,0,0
567569597445331901,26,26
568179775239963391,0,0
568240178481941266,0,0
568270572432528148,26,26
568511583610564835,73,73
568534717360191731,0,0
568715568448775342,16,0
568724254085667650,2,2
563737087590348053,56,56
568772914092580222,0,0
568782483385919603,57,57
568804282571008048,89,89
568889960851600487,39,39
568912566505799424,90,90
569055148567897887,15,15
569183451383157192,21,21
569489053139938853,80,80
569546796277219633,40,40
569557641370592374,76,76
563747299762269894,37,37
563864922936990733,16,16
563878450144014953,0,0
569581554159922370,28,0
570034665527308088,59,59
570116660574405617,55,55
570119178313367609,51,51
570192654400374055,15,0
570203804646855967,27,0
570205083788695535,15,0
570205745497904256,0,0
570208020443569412,49,47
570245065716823858,0,0
570289761234523888,75,75
570305497537981707,3,3
564074564653104986,0,0
564251310292031944,0,0
564254781588210297,0,0
564281474587681881,56,56
564290411806986528,0,0
570313162895244824,31,31
570315741712078963,60,0
570496731191437257,0,0
570610211219335304,0,0
571008901636254490,0,0
571047174375999004,0,0
571047830548495957,0,0
571048519257374044,0,0
571085392689494584,41,41
571141289630267262,0,0
571202858982575120,31,31
571291498927701098,80,22
564542318120486446,0,0
564542475835793907,47,47
564546597596686694,3,0
564602108695275173,0,0
564639043483141418,0,0
564682824371493121,5,5
571533506242496688,90,90
571584519885225281,7,6
571598171738337849,31,31
571725114860159505,0,0
571766238245027554,8,7
571775114354808335,9,9
571784186153729853,8,7
571787380140782204,28,27
571799455601186486,9,9
571805879005480127,0,0
571977872591258118,33,33
572293518296359866,0,0
572326237669668984,0,0
564712205408727874,0,0
564779036975389184,0,0
564807913864754690,2,2
564844435225916025,74,74
572326531219816196,0,0
572328741163521340,0,0
572329024533412656,0,0
572484660497450512,0,0
572530913771194520,34,34
572546257431058646,42,42
572547486242459152,3,3
572620870722180872,0,0
572714852622616657,0,0
572733089973738908,48,48
573291593605259333,75,75
564924380211338644,2,2
564973275397535318,59,59
565031776522886558,0,0
565112303079121006,13,13
565114924350358637,65,65
565173112445230681,0,0
573355574633387314,0,0
573610185765083286,0,0
573737351748791309,21,21
573778791400513725,90,90
573793458690033196,0,0
573937970477329055,0,0
574069389069400131,0,0
574160569191259347,0,0
574562832846093413,2,2
574564294530069603,0,0
565233874502784851,90,90
565252455567607000,0,0
565338334537326418,0,0
565352945991314340,16,0
565370785595448620,0,0
565490019458489355,10,10
574603442936137674,19,19
574757974742325254,0,0
574783901288734397,0,0
574789756800906492,0,0
574791074450329600,0,0
574797503001569338,0,0
575123973920036701,51,51
575167991874744304,44,44
575262161943675844,2,2
575296507654359448,10,10
575323635538805522,39,39
565717583867938247,0,0
565773369515481713,3,3
565932625780175955,59,59
566011498440844024,0,0
566029911248687183,0,0
566096258016765596,0,0
566099298837722354,6,6
566115227830033854,13,12
566119623093680636,6,5
566167904723304675,0,0
566548245549224932,6,6
566763086373559560,0,0
566793905975010808,29,29
575377822891771622,30,30
575410155636588388,0,0
575662739710922304,10,10
575932751809366069,50,0
575991857962051718,30,30
576217808263109182,0,0
576554964542755713,40,40
576645744639819051,65,40
576650068700400424,2,2
576721116171485742,0,0
576779694848403067,0,0
567166736329761635,30,30
576874907410061149,0,0
576895620697427204,29,29
576965624109762836,35,17
576997675656254818,21,21
577164177523405787,47,47
577187306174934665,24,24
577353418726528790,44,44
577528145632005017,46,46
577536900357821301,0,0
577549145052236213,0,0
577558961620855893,0,0
567257583731577667,30,30
582137289665171294,50,50
582240067190821159,9,9
582466438103477967,1,0
577587131735416353,34,34
577638418323881838,0,0
577657240307522892,0,0
577671424155519066,6,6
577717132178906992,5,5
577857477164670474,0,0
578062833929989358,0,0
578099444956394228,14,14
578100862597124078,5,5
578113779579494301,18,18
578122976308702760,3,3
582478029279386383,0,0
582626681889558744,20,0
582678773466303522,59,59
582817278861712149,0,0
583018303401434498,34,34
583029260519350121,1,1
583136653599213378,36,36
583261334774123938,69,69
583312696230574640,6,6
578327925011346119,17,0
578338335733827926,6,6
578370850362236902,0,0
578419829253234672,0,0
578430230117365467,51,0
578435995379090676,0,0
578592072056483887,0,0
578656399549614123,0,0
578769192318564193,75,75
578771193995873617,27,27
578814651253110076,19,19
583316946369555057,6,6
583318124446202798,48,48
583318937810048085,6,6
583319794962810365,48,48
583320859572486216,6,6
583325206900651137,46,46
583326605313745353,6,6
583327226961053939,5,5
583327900385039624,47,47
583397494925808969,0,0
578865443425287033,0,0
578892930307995421,0,0
578897008704988139,0,0
578923571089407152,0,0
578946747998659752,0,0
579513654453597247,0,0
579526088606923025,0,0
579543533372210260,9,9
579605285222029528,6,6
579679370505962821,38,35
583428565614956095,0,0
583539614386985410,0,0
583791786268204937,15,0
584053658746490241,63,63
584100149741768240,2,2
584108904096805948,5,0
584110672069834078,40,40
584334562699083297,1,1
579764154480991074,0,0
579813070198211370,9,9
580013014809987573,36,36
580155764329845254,15,15
580204728935308567,0,0
580221270316789820,25,25
580271592654434952,0,0
580327989332197053,26,0
580342971247892693,0,0
580461966002205793,0,0
584523514909500950,0,0
584631850749087164,33,33
584638860690374341,0,0
584641571670399489,0,0
584833406345340639,21,21
584843453194315608,2,0
584903103239670051,0,0
580480407893927850,34,34
580589040494696466,0,0
581112082582157720,0,0
581146598600431139,36,36
581204831879275676,1,1
581276193109315899,0,0
581411547269622388,0,0
581427869630920755,59,59
581464304458944961,0,0
581673232497281944,3,3
581707845699487740,15,15
585357633187890334,75,75
585368495763668792,75,75
585371816722033324,75,75
585382126083893704,75,75
585485781418964904,0,0
586000133483887650,23,23
586127510877255383,0,0
586244870263367585,8,8
581738619206774453,0,0
581756065537386664,15,15
581804203112075143,15,15
581828450067457846,0,0
581858374016685042,0,0
582035740622571978,2,0
582099168237779070,0,0
590040648193371393,28,1
590041263854398620,0,0
590116798933408086,0,0
590126936263587927,15,15
586441527551341023,74,74
586761073028187150,10,10
586798321587331719,7,7
586967576979590205,0,0
586987891324165376,0,0
587034845529468111,8,8
587055482722811042,41,41
587069440501954023,48,48
590372866147671751,33,33
590390648297717410,75,75
590422201407835236,61,61
590484773612652071,0,0
590493898611831944,0,0
590541486540140894,0,0
590595341992355609,0,0
591126001314853341,0,0
591168265331519350,0,0
591199461871265735,15,15
591210724344251633,0,0
587486114839236867,57,57
587606395719069171,47,47
587615709441605979,81,81
587659571869719096,13,13
587685396835692238,0,0
587842332142199671,0,0
591322358832287390,21,21
591340911912499423,0,0
591386911248387763,0,0
591427135680545574,0,0
591485868352836863,12,12
591525078289936163,9,9
591807438082548675,2,2
591883582403156068,54,54
591969184938312703,57,57
591982694850524774,0,0
587903909892258575,0,0
588184187445624199,0,0
588211929863905201,41,41
592108458572200255,60,60
592160838482377458,66,66
592231928282119554,75,75
592466368246789831,3,3
592529354391161532,0,0
592563665971079204,8,0
592573997737825938,0,0
592616778784585873,15,15
592679984594951626,1,1
592736448808176674,1,1
588263591786868588,58,58
588273937819990870,43,0
588282895511481696,0,0
588288327470809159,2,2
588433935054614821,1,1
588550970022904542,10,10
588559469616617641,31,31
592755817357492854,0,0
592893183768538881,0,0
592914921857097651,9,9
592923226218573943,52,52
593310907721075575,88,88
593352965728095819,0,0
593512409390835064,0,0
593539441379982570,0,0
593539645856888063,3,3
593555804094235891,0,0
593628573423529888,0,0
588562529196152934,9,9
588627515187957928,6,5
588748105671065001,0,0
588896603809824644,2,2
588934568638611716,0,0
588970063349178677,0,0
588971722304912342,0,0
593684843078544142,21,0
594041771481964878,0,0
594159308931470808,22,0
594168710234003387,72,72
594235684678364310,0,0
594278892712646603,9,9
594364901323939440,2,0
594686068974696323,0,0
594686502384672497,67,67
594914131275091113,6,0
594977987499279648,0,0
589077888822822507,67,67
589197973220202667,90,90
589598122351179060,89,89
589746507763311188,0,0
589800275607656944,21,21
594992794630052260,3,3
595046810022277356,0,0
595491366424087670,77,77
595528055387349071,72,72
595613559093932418,6,6
595630370728062732,18,18
595656476182329187,0,0
595879031780542616,54,54
596165065028890644,14,14
596203731563582651,87,87
596413252706204441,0,0
589855151621795399,36,36
589857043016769966,42,42
589892242131929891,0,0
589959408556404985,16,16
597980544989694525,0,0
598007984813034204,0,0
598042449965026150,15,15
598163738028486177,0,0
598418961025528178,52,25
598423415434781224,32,13
598428972310981226,46,23
598451687067310074,68,35
598456006209498021,40,13
598459577490449094,43,23
598488193327054398,65,32
596413302681259342,31,31
596946485985538229,0,0
597013333352448220,0,0
597027528927381973,0,0
597077746482427681,20,20
597087942704646402,0,0
597137689589326557,0,0
597288356012627205,2,2
597293762881765844,78,77
597304555711876002,0,0
597375402315843266,0,0
598499099324319670,55,23
598503098845264438,47,15
598507858224426373,25,8
598600568938104304,45,45
598713051061239312,76,76
597752885764924164,38,16
597775417684775967,0,0
597885471876205835,0,0
597938230465576741,7,7
597970057292470584,29,29
605057284037163093,6,6
605060073702279502,0,0
605062075994665791,18,18
605089566908342599,0,0
605090421306435930,0,0
605110928280940374,0,0
598899258097315370,62,62
598923105171759382,50,50
598928506031816181,2,2
599017022512024975,12,12
599077997645477697,30,30
605153978187086750,76,0
605300020193610016,61,0
605583991244171226,0,0
605677493735522649,25,25
605720639370929870,3,3
605743546909880369,0,0
605964818540392788,0,0
606099280539160331,15,15
606360437730635923,15,15
606366094972532271,4,1
599131807524850707,0,0
599163855232485384,36,36
599256513633250977,6,6
599411803159805553,24,24
599452961415418542,14,14
599780130229041931,3,0
599806687631020705,3,3
606406524027500438,0,0
606544996803495153,24,24
606690225420596522,8,8
606709162800634643,0,0
606793016263697106,0,0
606961940356841317,21,21
607145426901839341,0,0
607202437461817180,87,87
607334009809889875,0,0
607365811485133132,7,7
599857800756664388,76,76
600011341366442097,27,27
600013989830559229,1,1
600110970709129944,0,0
600113695273260585,56,55
600127034703248901,0,0
600263116064127765,86,86
600705397043965626,3,3
607411512488798244,0,0
607495941651400846,0,0
607527880077351661,0,0
607696246279491997,61,61
607787384382455500,0,0
607837648463076810,0,0
607841201085063007,0,0
607857571989965974,16,16
607933688375392709,0,0
607945532912774703,0,0
608059640162815055,31,0
600922828197889113,87,87
601189303598379053,0,0
601295190436961230,0,0
601341275822151601,90,90
601344149069397462,0,0
601383847863781109,14,14
601387378295632609,65,65
601395300140040942,46,46
601400178545759728,0,0
601436798783503804,0,0
608065350562145555,38,0
608070430216725944,23,0
608153789298309501,48,0
608316367002672662,0,0
608484199640101037,44,44
608609524765569811,58,58
608618639198821844,16,16
608624106972795388,0,0
608633560591187544,0,0
608671468736291174,3,3
608733870146827069,15,0
601450993668834041,3,3
601621921556384429,2,2
608737695863276620,23,0
608740663323286889,32,0
608748589350814821,15,0
608751764495831252,23,0
608754282841359168,17,0
608756805445061483,16,0
608829370155852978,0,0
608832957622750076,33,25
608840004988738509,0,0
608846337069661074,0,0
608851159509104710,0,0
608854294617307443,0,0
608859441715766750,0,0
601643366462947554,72,72
601684518197356654,23,23
601690867947727847,0,0
601809481239819914,76,76
602018638543355450,0,0
602019372802508438,43,43
602029215213888162,19,19
602240103644056149,0,0
602753544351230553,3,3
602759934255145305,3,3
602763112123283056,76,76
602791797587630510,20,0
602823682550416384,2,2
602827356114645635,3,3
602829257111124533,3,3
602831381226115612,3,3
602833605446123047,3,3
602847514991741383,0,0
608863867483739576,0,0
608867684971468218,0,0
608868377530362853,0,0
608877029630038530,0,0
608883511707431102,62,0
609219525346430851,19,19
609235605449086737,0,0
609238880596760919,9,9
609242800914043549,5,3
609278205075943432,0,0
609374779504415266,0,0
609485334617648116,2,2
602928733998502439,2,0
602952577502027312,21,20
602989716661668567,0,0
603053165683406487,40,40
603083900088109982,0,0
603102812031344663,0,0
609547626613687846,64,17
609956068365812790,30,30
610038530448408701,0,0
610212395047524279,30,0
610313074951797337,42,42
610397447841855110,90,90
610414224153337918,47,47
610418835243217843,75,75
610424024716164801,27,27
610745546680973191,85,85
610851098819332002,23,23
610863338159377977,35,35
603145399437635044,0,0
603288724410012895,8,8
603561478013469067,1,1
603567922629026197,0,0
603613025139199279,0,0
603858956459000309,23,23
604157600844300858,0,0
604274785806949333,0,0
604574846282012598,17,17
604623136540022796,19,19
604966740938644392,0,0
604977398783818024,35,0
605035448454706797,33,0
605051948071435121,35,35
618137879433124876,49,49
610891800789188590,0,0
611089534312850631,34,34
611108851793385835,16,16
611117321249794139,59,59
611133156075470594,16,16
611375240063523967,0,0
611382914426442073,0,0
611470894386067928,5,5
611489940966512511,0,0
611783256714909948,13,13
611859893450940350,0,0
618184915139767958,27,27
618390733290143782,0,0
618451653506979162,72,72
618599774783838639,0,0
618649798688415199,1,0
618694402413486023,3,3
618708161953854098,2,2
618720470051630981,0,0
618731819301540593,0,0
618792015114033966,0,0
618832316866966127,0,0
612093137295248455,0,0
612146795311921850,17,15
612178257211694119,0,0
612288987277395824,3,3
612338884237506055,9,0
612409930265187755,14,0
612872711453169565,0,0
612888390919914838,0,0
612894779190867344,0,0
613045587854720391,75,75
613098581353641369,0,0
613107065263042477,0,0
618842603796198772,11,11
618914766461895015,0,0
618920986406124869,0,0
618927610124184285,0,0
618994191723179959,14,0
619266532102143496,0,0
619354374288622502,60,60
619504021677189809,0,0
619523165838380933,18,18
619598201001500398,6,6
613115354310894996,4,0
613120742777811183,0,0
613169372456144088,75,75
613199633140677112,20,0
613217295481896760,0,0
613230113020408121,0,0
613266153587015491,23,23
613295222944590211,0,0
613429806262281723,14,14
613605942923240266,17,14
613606685400763792,90,90
619628446411089597,0,0
619762115206375738,76,76
619968653451288600,0,0
620091110736498694,2,2
620127898324451424,31,31
620193811140349661,0,0
620271930498260272,74,74
620304354584557749,0,0
613606877775615112,8,8
613607963957339555,15,10
613608991056115546,13,7
613610265063687537,6,0
613625022147622040,0,0
613649143663298138,34,0
613798700673277733,2,2
613807325009015175,76,76
613808562601795981,2,2
613809022021280612,0,0
613840699365840579,0,0
620313680319580555,9,9
620338635103290664,0,0
620385164597679213,87,87
620428760444478344,6,6
620499908179792270,0,0
620569593739163094,1,0
613842278291796082,61,61
614008463885442204,2,2
614321790165772374,76,76
614412564467355649,69,69
614422614245856965,30,30
614440509928289280,39,39
614463806792697297,0,0
614471078556109773,0,0
614481973721072614,0,0
614509099548801376,6,6
614687897435134332,61,31
620578868328318638,2,2
620856346042035386,0,0
620892900367377566,0,0
620919324221630458,0,0
621000144783155024,0,0
621267743726156138,20,0
621581270186251413,0,0
621692324553291873,9,9
614693159756870969,25,0
614805306151398180,0,0
615118262419946816,90,88
615126076185455171,4,4
615147103937720079,7,7
615180685247297195,0,0
615395641198034052,57,57
615401329818769718,0,0
615413849122417575,0,0
615432684761025204,47,0
621880905850087827,0,0
621890434851995627,0,0
621943200878315937,15,15
621952284492189498,0,0
621980119520092893,0,0
621993494573410612,0,0
622282373326580697,42,42
622289283359247413,1,1
622350469075907189,0,0
622383818484517905,0,0
615846408980719554,0,0
615904441638758447,0,0
616011591675728415,27,27
616045163495228503,0,0
616106207872645681,69,69
616579900837775210,4,0
616588223686232585,0,0
616867664648376188,0,0
617108139243397475,73,73
617276903379514004,60,60
617440782709168418,31,31
622602193403700800,84,84
622622320675898463,75,75
622642286236302171,41,0
622647238390881096,0,0
622816204041595172,0,0
622852689794634047,64,64
617478786022109124,0,0
617499038697675576,51,51
617551684769193703,0,0
617902706904621033,4,4
617976469167890423,0,0
617996666218494904,27,27
618023128301471110,25,25
618103359828240779,0,0
618136830609238321,90,90
624585985635107552,53,53
624608255734306751,0,0
622852964134031818,15,15
622964050408357805,44,44
623147855079008347,74,73
623185525340790807,74,74
623311353812146045,20,20
623312636097789885,0,0
623316905566055675,90,90
623514517668546155,4,4
623657977519782139,4,4
623812432062401934,90,90
624632015335254608,59,59
624652602355764943,25,22
624668883011039248,45,43
624678118491722763,40,36
624687753142583669,49,49
624694699394680598,61,61
624695997934785475,56,56
624739608555526246,0,0
624804271494857253,0,0
624817034465207352,0,0
623828374234662704,0,0
623882710917814272,0,0
623911914751029129,0,0
623922493793823954,6,6
625101948280782536,0,0
625120941568839885,9,9
625130804427996264,3,3
625134192873905720,0,0
625137784525256492,0,0
625206952539862808,44,44
625327900692074881,57,57
625395041557538907,0,0
625396851096244118,9,9
625470772596139920,28,28
625519191136597349,14,14
623930544541593281,90,90
623939702676372002,54,54
624059578503166374,0,0
624070672075315987,0,0
624197678735957167,9,9
624399238774557651,50,46
624463882538871329,0,0
624543869555689716,0,0
625559308859723672,1,1
625575155202250468,0,0
625575587655149391,17,0
625607057280802438,0,0
625792034614526869,67,67
625794540207537013,29,29
625945264362250739,0,0
625945286123857493,0,0
625949325513875956,0,0
626071828632462532,0,0
626119555061496226,0,0
626327629962215199,31,31
624543917590041116,0,0
624545561138818983,52,50
624564459912553577,34,34
629527356436598360,0,0
629530527468606023,0,0
629538724569464300,3,3
629539851451635891,0,0
629545795325044454,0,0
629553214644339643,0,0
629563487898203483,0,0
629566753478421585,0,0
629569426296704978,0,0
629572038203706247,0,0
629574457058400167,0,0
629578207446439643,0,0
629582588140640099,0,0
629589757658933748,0,0
629592838989909799,0,0
626368815819350675,29,29
626711320545522978,0,0
626742288830983894,0,0
626767327976025919,27,27
626813836065046331,29,29
626940120481689338,0,0
627005307194527586,4,4
627028314789354917,23,9
627075354277215363,75,75
627371470100795624,0,0
627380994474321106,0,0
627430327536180331,2,0
627459179441867014,0,0
629595484262591382,0,0
629598168399561862,0,0
629600858408447250,0,0
629603065773189120,0,0
629605539937305537,0,0
629608042637648455,3,0
629608462165298732,0,0
627550044032942914,0,0
627553930119405271,3,3
627768301668465642,1,1
627897706345600965,0,0
628047543440882947,3,3
628054598742623877,67,65
628138206727405883,5,5
628332768627563845,0,0
628375857871186931,45,45
628677894176612092,0,0
628804013078255511,0,0
629611192816407927,0,0
629613549217949564,0,0
629616322363654468,0,0
629663355074558569,90,90
629738067148149172,24,24
629785812320853020,32,32
629802358927619607,46,46
629828621166494625,76,76
629858751113622049,0,0
628943467087735545,0,0
629036001404946530,6,6
629040494057779296,18,18
629156946000001563,0,0
629186934930041957,0,0
629196150330969487,0,0
629201476816704492,0,0
629201523932170811,0,0
629211160504994365,0,0
629214679279057533,0,0
629218021162074757,0,0
629225308329225732,0,0
629937865335706536,31,31
630127601876610614,50,50
630337719111556566,2,2
630424920231712059,58,58
630457543628889239,30,30
630472403620874715,0,0
630494641216712852,17,0
629225329057476101,75,75
629443977042344895,0,0
629455083096848189,0,0
629457877765846841,0,0
629461307877955269,0,0
629464147569786562,0,0
629466757954163478,0,0
629469532960970139,0,0
629472397958878588,0,0
629506345003800251,0,0
629511614357700914,0,0
629514935604381742,0,0
629515771520130617,0,0
630501828250730546,0,0
630539037367901963,9,9
630550882860410542,70,70
630606368063091272,63,61
630782288962640020,60,60
630863953200294159,0,0
630864416509205724,62,62
630866621074508493,90,90
630962489899690048,0,0
629518017935220766,0,0
629521570554652574,0,0
634276902012072709,0,0
634345238203851228,0,0
634543701516019054,62,62
634696594171846190,14,14
634697357178727807,3,3
634737185619080084,21,21
634743259855202791,41,41
634936824891612018,0,0
634937231178401689,0,0
634996589413630576,0,0
630988343816913041,89,87
631097874868219629,3,3
631297971412473276,0,0
631700434097171960,36,36
631719694603808069,20,0
631736560411380264,28,27
635057394274438824,15,15
635125760914245990,0,0
635349981223517857,6,6
635383523425875590,73,73
635406284291901953,0,0
635420521327405738,3,3
635446393352142475,0,0
635454293983433941,66,66
635474429874721360,9,9
635484369090867609,0,0
635574615894942412,71,71
631782880451117310,0,0
631814036536779115,0,0
631838483322074518,90,88
631869038931868233,10,8
631889901355547794,0,0
631893185455656817,52,52
632032875822277950,0,0
632551534039863241,0,0
632586631810442130,3,3
632608899902231779,45,45
632632066789092268,0,0
632694124102986233,74,74
632726981512238069,20,20
633113362893109950,16,16
633115105120193759,0,0
633168575271694958,0,0
635617204486061688,62,62
635840098829073925,53,53
636051632523341934,0,0
636167593975534277,0,0
636216578068395468,0,0
636242839030318825,32,32
636249406490154947,0,0
636259194924261523,14,0
636274456676328779,0,0
636384130950359856,0,0
636748829958680554,12,12
636801605735543805,15,15
633257201851901800,44,0
633318450007507030,20,20
633321495378275269,90,90
633332823092765337,0,0
633492364636824182,14,14
633741921038906371,76,76
633754014339342273,0,0
633821009078400018,0,0
636944681866019204,0,0
636974759066296574,0,0
637041914856524482,0,0
637478582940681740,0,0
637493347211635054,0,0
637500375209808073,0,0
637505576684770516,0,0
637510579402318016,0,0
637518053786282035,0,0
637524390360273018,0,0
637634357376846351,3,3
637660091350480104,0,0
633930221689532784,24,24
633939380745222351,0,0
633956160953215663,0,0
633968806284955396,52,52
633977351927953398,0,0
633986809547076584,11,11
634033315397058152,5,5
634035217889553523,8,8
637682857782165510,0,0
637744816439999158,0,0
637834430758310495,0,0
638044371366059533,86,85
638186208000099445,29,29
638248680390943500,0,0
638274411802977958,0,0
638356688178697321,0,0
638375695955118228,47,47
638404496657149559,0,0
634221576598890867,0,0
640076159281018152,0,0
640159275260186822,0,0
640270260790083804,31,0
640366504429539829,79,79
640443472855597440,0,0
640506046655863097,0,0
638405806968345946,0,0
638411614489556367,75,75
638451573988709495,46,45
638452467910880184,45,45
638454791738509873,26,13
638565038460127669,0,0
638593187408318846,5,5
638943669371529428,0,0
638952269160723825,15,15
638965000463155963,0,0
638990296543110131,84,84
640508290069155758,30,30
640546114975692688,0,0
640550903674715854,23,23
640594356794505499,0,0
640612171111039003,16,16
640665953927218274,0,0
639259145023364485,0,0
639317233046143765,0,0
639375848801087010,48,48
639540429317887373,0,0
639549197073947929,89,89
639664591087069915,0,0
639694558611399338,1,1
639705836870039306,51,26
639772463912396637,61,60
639879080043628899,90,90
640698584228535894,25,25
640717537442605608,57,57
641072234133563797,60,60
641128802903031792,0,0
639920141110609277,9,0
639943977146307117,0,0
639949866161826018,0,0
639986041202943450,0,0
639987961838040881,62,62
639991069697648692,0,0
640028812820854472,5,5
640045914609571505,26,26
640055465550143058,0,0
646115947890871926,81,81
646116286313431627,0,0
641158076171707390,0,0
641195737727189437,0,0
646234869189160847,9,0
646325822391260382,1,0
646371982877063378,76,76
646397294912944159,44,0
646422444789464175,90,90
647125962319558621,3,3
647142881824370304,4,4
647221355173490472,52,10
647623852337935394,0,0
647670913385420699,31,0
647705805867409740,13,13
641209854002197271,52,52
641355980552957352,67,66
641407498918275357,31,31
641443656520012132,75,75
641503239935717251,3,0
641503565693174262,1,0
641753911937668445,0,0
641852518442102238,0,0
641863227870851745,20,20
647713196690082967,0,0
647797577220134956,0,0
647827764669965037,41,41
647876419980006161,0,0
647995381932475686,0,0
648002347981302350,84,84
648030958567177305,27,0
648033676238017128,7,7
648077091113308243,0,0
648339852314068317,0,0
648364867651197829,0,0
648367821797968350,0,0
641926339661538750,0,0
641928038476344706,0,0
641930068984421251,0,0
641966849143161975,0,0
642004894846322446,69,0
642114689727881014,0,0
642193534164032936,10,10
642204005625892887,0,0
642617234993807538,0,0
642637497581463828,0,0
648415349853084453,0,0
648501530742752063,75,75
648543338159103074,35,35
648552533965336949,35,35
648565900460944216,0,0
648587804094088553,17,17
648592683552031495,17,16
648612556966047511,41,41
648686501635596386,16,16
648732550651285115,0,0
648733914773975406,58,58
642658096006228819,0,0
642693769449691921,0,0
642755693102173459,2,2
642778580946457478,15,0
642779491628382351,0,0
642890868570189961,0,0
642929203652842061,0,0
642948543237637972,57,57
643033322160599166,0,0
643036839521359188,76,76
643292338531013503,90,90
648775559661516156,20,20
648857359350164301,0,0
648908101004994524,0,0
649081767387878979,0,0
649098572529240318,0,0
649110754016519016,59,59
649171234457483387,0,0
649174647761073124,0,0
649185211357475650,0,0
649188496353748763,0,0
649196902646021083,13,13
649207925115972536,30,30
643309952273240997,0,0
643319222792682565,1,1
643339344703990354,0,0
643399667682678297,9,0
643406530097775941,0,0
643432304055185121,0,0
649243480456322528,12,12
649266764109046867,8,8
649267754730612723,59,59
649312397859851284,0,0
649314401060114870,0,0
649344196401364433,46,46
649361804801721027,15,15
649396817211747108,46,16
649409919100947625,81,81
649423203553367743,46,46
643603500585643289,27,27
643751687258267958,29,29
643878224920282752,90,90
643975067258502855,3,3
644053798396895113,89,89
644084990266055467,0,0
644087277401613514,0,0
649470584792583345,0,0
649493072234819209,31,31
649522948140887617,46,28
649814577876399920,48,48
649819721923399503,17,17
649852621700023784,0,0
649903423252035918,0,0
649907962236132573,21,21
649935588690630611,21,21
649968161200990873,0,0
650038079521479637,64,64
644111410061518547,89,89
644156882646200864,43,0
644176324966821813,86,86
644202319559232710,54,54
644229610092847277,0,0
644311938371273827,0,0
644371190094658863,6,6
644391116758129571,4,4
644592832830560792,0,0
644608008451518771,0,0
644654034488684425,3,3
650091090835962950,0,0
650118088095149287,27,27
650138361418935954,55,55
650139894928176912,59,59
650156553358311474,0,0
650481967750264191,76,76
650494137473244378,85,84
650657373008534596,44,44
650682583711603866,0,0
650956611349081780,90,90
650969850624566810,18,0
644755921284741861,60,60
644818373615039359,67,67
644828159829814355,0,0
644845156231451666,55,55
644940552640814865,1,0
644960069324573869,0,0
644996126447510028,1,1
651141070866801705,81,81
651217453070716995,0,0
651315208890296394,90,90
651338556174245862,5,5
651379369974834329,25,25
651383983309519498,0,0
651405001634350671,0,0
651449714253705996,60,59
651474937733497223,0,0
651495086718522145,53,53
645056913089000891,25,25
645315165254782741,0,0
645446410837726780,39,39
645589858646705763,41,7
645666659875635272,2,2
651497507012443462,63,0
651562218202790555,0,0
651564440114113277,21,21
651593916026998398,5,5
651615646478624151,8,8
651628141529414679,0,0
651629086666838151,0,0
651634314032635229,58,58
651640728974046766,75,74
652148994573037396,6,6
652172745279262844,0,0
645843947016841866,0,0
655339007497638499,13,13
655565090602020122,0,0
655606853429815213,0,0
655639829261307791,0,0
655655590735199413,40,40
652209616641745176,90,0
652279676468280165,6,6
652728420275457154,45,45
652933534451877293,69,69
652937345632974037,0,0
652943524305648321,90,90
653015092633711688,61,61
653033565392375865,2,2
653115959913997889,34,34
653121626548977499,29,29
655677192002375123,0,0
655733624096905947,0,0
653258474247952642,35,15
653261449256633043,15,15
653269535028155930,3,3
653295261335760706,48,48
653331491008788135,0,0
653436475529853186,30,28
653449381677669032,0,0
653462989981755151,46,1
653483360414653528,0,0
653507297797336134,9,9
655757649786694921,0,0
655985883678195946,0,0
656048217942976411,32,32
656061093200134683,89,89
656247043276001273,0,0
656289993889198021,53,53
656292512767358715,74,74
656394974994716619,15,14
656418876163642889,0,0
653521720885521468,53,52
653532439555519636,0,0
653538289455674361,0,0
653548862475355240,0,0
653596921395186541,3,3
653607125944399593,48,48
653645669646983071,0,0
653714732160288528,45,44
653723361452107575,0,0
653909555821012638,0,0
653910638122366801,53,53
656439552095891153,15,15
656571870851532866,76,76
656572443194920483,76,76
656642874471658660,0,0
656786592772732637,0,0
657007491901880680,52,52
657114792493776062,15,15
657125083842330352,50,50
654030106559187690,0,0
654073673847797610,0,0
654096386003797340,0,0
654206843986971609,90,90
654213698930297417,2,2
654236650153476579,47,47
654272694167633113,15,15
654274540781636364,21,21
654361482306091105,42,42
654369142722453169,30,10
657161625137901422,16,16
657441930493975647,66,66
657450415752189395,42,42
657831597044910300,76,76
657836649849238363,1,1
657945772316259432,24,0
657962221012628823,45,45
658038137610452673,0,0
654374746298580477,59,59
654390748938051680,0,0
654402388376149877,21,21
654403670398653419,16,1
654412686701270062,0,0
654422366880624023,0,0
654470154099824456,0,0
654499264267120637,53,53
654528694889785621,24,24
654544771425247916,0,0
654546940803014161,56,56
658074690563378679,0,0
658146128582019458,17,17
658476893753152665,82,82
658545811833091501,90,90
658567847166417444,0,0
658593485867330859,0,0
658593619913286406,0,0
658627538548771993,0,0
654558158981000200,0,0
654625640417543306,36,0
654726207711039975,2,2
654949802542096801,25,24
654949914481322300,26,25
655057865614543377,0,0
655061924755781969,77,77
655101226464744005,0,0
655133439562431150,71,71
655144931255799849,5,0
655155221993894189,18,18
658652034156317401,0,0
658658419167402439,3,3
658680445829252719,71,71
658698666358924862,19,19
658760978030704860,26,26
658772827164292906,19,0
658778407325963223,8,8
658797762075613569,20,6
658812803187025421,15,15
658848031386457087,11,11
655205438300291534,25,25
655238160094915460,2,2
655241486161179082,0,0
655244206955404591,0,0
655264235480555254,0,0
655276640634508542,0,0
660204875025359364,6,6
660299931863349952,44,0
660310667265628435,0,0
660325478398193360,0,0
660439600344856604,0,0
660449497312289132,3,3
658852188801289401,4,4
658872910949576878,13,13
658892870219038525,0,0
658907663386656370,0,0
658952579841691406,0,0
658988234758536829,0,0
659119714760195297,0,0
659139831841951546,32,0
659251938589581896,0,0
659260971295206222,18,18
660464226861212827,43,0
660468074010524274,0,0
660679787049260741,1,1
660806119289637869,89,89
660878177372429228,0,0
660925723513795835,20,20
660940560060861896,0,0
661047626577487909,0,0
661051689303484701,43,43
661072300808739106,52,52
661082174673264411,63,63
659318499793428434,71,71
659329592070542766,3,3
659412576671178046,0,0
659420459502596346,90,90
659422624325644314,74,74
659483103190871635,9,9
659506943405862911,0,0
659524468137662241,24,22
659528166968284441,0,0
659604683113528369,47,47
661124761175705523,83,83
661147139425587430,31,31
661149465260974604,33,0
661166397409508440,30,0
661339537924162287,0,0
661414349506912943,51,51
661448870217296346,0,0
661507166274157667,12,12
661552460178932280,60,60
661571589480416747,76,76
661582521798525657,6,6
659631472910843766,28,28
659786580883647183,0,0
659813590472610860,29,0
659830629004758023,25,0
661630205577243354,0,0
661654644870337577,0,0
661706684975350438,76,76
661713782277628102,5,5
661725822508445380,0,0
661730417858478185,56,56
661781799902754847,14,14
661782930987139565,47,0
661815525849464198,48,48
662169111240753946,0,0
662194644295415176,75,75
659862982529135703,24,0
659898991484098598,16,0
659969149413779138,0,0
659997673906063358,9,9
660032656340817517,0,0
660042195395876548,3,3
660052120631955356,0,0
660056513559633413,0,0
660082095537116529,32,32
662225821326078046,90,90
662310643333251881,0,0
662322989507205700,0,0
662324653098427815,0,0
662333562981472345,0,0
662468221101298052,4,0
662475127673634015,19,19
662634382281169012,0,0
662715538137334599,0,0
662719849289901468,18,18
662854742004200367,0,0
662885171324701891,3,3
660123838015150805,20,20
660143703289707879,29,29
664858198125567144,0,0
664858490982848128,0,0
665096684159385562,54,53
665138527790480004,0,0
665150246288188466,59,59
665163726232622938,0,0
662908139346389329,0,0
662918883547539852,18,18
663110648582733012,0,0
663209281854083425,0,0
663587487608376694,0,0
663619511043068535,82,82
663621928284719005,0,0
663649634317192434,32,32
663697610236716834,52,52
663718440837696429,9,0
665194268205617883,2,1
665207224147437182,63,0
665216186202601911,3,3
665312789712426381,0,0
665409290103351494,0,0
663746111895282403,1,1
663748681839344930,0,0
663774622861765379,10,10
663802664162665250,47,47
663812250075043786,50,39
663833807049084185,2,2
663833979768493524,15,15
664069026786529219,0,0
664131650504538216,90,90
664357173915207634,81,81
665477316287882287,0,0
665646655834815561,89,89
665671949504373650,0,0
665763011147325751,0,0
665776395339192167,0,0
665821541040767116,0,0
665824099468566235,21,21
665857667645966460,41,41
665881240261196973,35,35
665957060402579185,64,64
665980631217887084,48,48
664375845830898773,0,0
664390826805768659,9,9
664397229263148421,0,0
664442892778039907,0,0
664497748383780160,0,0
664572843276859586,2,2
664579373936408809,75,75
664592128234764567,0,0
664613694451249773,11,11
664633132220977386,0,0
664712422766458416,0,0
666022943667475224,24,4
666211588862291966,0,0
666452158465930957,0,0
666473632976054468,0,0
666482362855955099,0,0
666546073287471564,43,43
666553660571847932,1,1
666647240323900209,0,0
666687689202133264,31,31
664718575675240842,0,0
664750177582396471,25,0
664786138147954127,15,0
670083252987549859,0,0
670113209169345300,0,0
670165785509109009,0,0
670223243489064987,8,8
670239788354887215,29,25
670258225097904745,20,0
670291854273683571,26,4
670312905458118822,33,33
666705065274020115,74,74
666710213882459211,47,47
666720978502253554,76,76
666757974043019449,0,0
666901236921586557,0,0
666928089924200608,0,0
670329573323739442,35,35
670343762862892910,0,0
670347356576318038,19,19
670375952726446648,0,0
670381152919644805,0,0
670401205229303119,0,0
670433084394073293,90,90
670508782333755778,0,0
670528666075637080,46,46
670578061835591281,16,15
670797178397299587,0,0
670869996943190290,0,0
667070287508491340,79,79
667193462423431721,0,0
667260564999109254,15,15
667316357375615620,3,0
667322847280708223,33,33
667369281292801252,0,0
667379768469874498,0,0
667503501751137216,0,0
667532032936314042,13,4
670870838934272298,0,0
671029408379414018,3,3
671053676457324655,16,16
671123801706291795,0,0
671188401549574869,75,75
671197809028227677,25,25
671525381875536248,0,0
671595380930437038,2,2
671658213452240171,81,81
671717284247808828,46,46
671719926157001801,0,0
667539668193564442,18,2
667681707929418857,20,20
671732447545454504,2,2
671752201993199546,0,0
671757203904977852,76,76
671831802785282113,0,0
671852433528637182,0,0
671897840167942514,20,0
671900378304577311,0,0
671904924954937418,6,0
671988286121132662,0,0
672291117149229775,25,23
672321382177061126,0,0
667752414115857961,9,9
667962689671524076,0,0
667964908017833713,0,0
668015611171512819,0,0
668072542591926094,6,6
668101492405958388,8,0
672459717259106879,76,74
672486378317990261,13,13
672500835605671640,36,36
672522014124319806,37,36
672527145784967504,78,78
672533137578321458,13,13
672584509447841012,0,0
672613495332855898,0,0
672679520595641012,26,26
668116367958257757,0,0
668144560978973072,0,0
668184500955261231,0,0
668246733213442620,31,31
668265663179820153,35,35
668291169950403708,0,0
668306085348412545,1,1
673038589832674138,6,0
673065585750527297,0,0
673102765757221060,8,8
673171576876246023,0,0
673213798306719028,6,6
673259519238099266,76,76
673302194338130414,78,78
673339628005219034,14,14
673371494715317188,41,41
673400435299130792,20,20
673759129204949693,6,0
668307222584748827,0,0
668364704805260416,0,0
668782753074319290,22,4
668784032759232580,0,0
668790285163282826,0,0
668867522409494045,28,28
668902255426418000,76,76
673763196022491865,0,0
673765667567431243,0,0
673784924326195986,39,39
673786603652497562,47,0
673803763328291112,0,0
673811142418548144,35,35
673811223486765639,35,0
673811265484009501,35,35
673811286668342935,21,21
673832429183322395,28,28
673832833253700135,14,14
668912150944678523,22,0
668951926791048948,0,0
669064816219867515,20,20
669124977887839244,0,0
669305594749936462,25,4
669389148056543438,0,0
669434958503706800,0,0
673853471795094745,47,47
673863985730681796,0,0
673865940435507299,30,30
673873192225899360,34,34
673874846826602871,88,88
673891949409493355,43,43
673945070295033994,90,90
673954743024383201,0,0
674000890781448536,0,0
674009411610783803,0,0
669462162306456780,30,0
669488239177845173,0,0
669491267862682923,71,71
669514968467200932,2,2
669517161697427565,19,19
669540391418426932,48,48
669641524922502639,0,0
669720939119467877,72,72
669881612090048281,0,0
669975220433811036,0,0
676691150991486082,0,0
676705749178508791,53,53
676709338551896783,10,10
676731522676199403,51,51
676737279656757218,54,0
676765043240544271,43,0
676778209945329666,14,14
676802005388260537,16,16
674040603017953502,2,2
674043655320352871,0,0
674077986881033952,49,0
674117411689401093,0,0
674130162281885492,19,2
674132554446836653,13,3
674289725303082989,15,0
674292457306196193,0,0
674455812801155210,1,1
674524605711151888,9,9
674591377934202450,46,0
676955867231155817,90,90
677064038629345796,0,0
677407787155705346,0,0
677408866265433530,11,11
677481616825247069,0,0
677490985343470741,9,1
677584726745279406,0,0
677666479277771695,47,47
674641911507626377,0,0
674740154613880800,0,0
675147298695151692,0,0
675213534287960672,25,8
675401800609066085,0,0
675489669821327713,9,9
675637354003240171,0,0
675765317337436091,74,30
675885956612647744,0,0
675894671648952785,0,0
675939523002388461,5,5
678035888016921335,0,0
678213347614482633,22,21
678299990425384008,0,0
678307673647236628,0,0
678314451867012753,21,21
678320552070670465,74,46
678331335413405358,17,17
675959117355164668,4,4
676078765992325073,78,78
676097656827785088,0,0
676206857756954751,0,0
676285832291308459,15,15
676689406802185089,32,3
681730243323738679,0,0
682011038406152082,0,0
682107201631972285,0,0
682435530775922262,0,0
682535527513924139,56,56
678437875562130185,0,0
678702549251404068,0,0
678748611160929141,0,0
682569640765881074,0,0
682641202868881015,6,6
682739715009522200,0,0
683226302696572362,0,0
683337685088953709,0,0
683343792774114481,31,31
683349159262420204,2,2
683368120186220988,0,0
683521188198131996,0,0
683570889203258754,8,8
683756499047497194,57,57
678794291818450722,0,0
678818745159591890,0,0
683832772356785161,2,2
683855848444214769,0,0
683856808253507761,17,17
683917359584827882,4,4
683923214708755832,87,87
683927980325010111,45,45
683996557814541468,0,0
684027204035432582,6,6
684027785145158405,20,20
684028740341376190,24,24
678851274729740778,15,0
678853457233224820,28,28
678876863179024660,0,0
684035098294762946,57,57
684036907320690818,38,38
684039950274738818,69,69
684090020687385607,0,0
684167152890227720,3,3
684207350034153354,38,0
684333733159579768,18,18
684335173772455036,44,44
684342030838981455,87,87
684348813110151039,0,0
678901120783302718,30,0
678919180976813127,16,0
678955228217767382,9,9
678968165461368245,2,2
678987385312381897,46,46
678999969960914914,6,6
679083434084759443,5,5
679119267864920124,6,6
679175170766060904,65,65
684380893411439779,30,30
684533628871857518,0,0
684589513841684365,0,0
684589631507451937,0,0
684622412185439593,1,1
684634229190021754,27,27
684636604364196606,18,18
684685929473485562,0,0
684753116716834893,76,76
684777616434180638,15,14
684788720978219067,0,0
679228031240209812,0,0
679521094740973792,0,0
679558822608911685,78,0
679604722787295688,45,45
679610066679499298,47,47
679620321278287273,0,0
679639039552683894,90,90
679702021882633653,0,0
684815654246207718,0,0
684818345183889619,0,0
684845666675241305,0,0
684896122783940646,0,0
684918328617783376,40,40
684960054251261950,45,45
684986547927574010,0,0
685107881527039066,81,81
685298938967654965,31,31
685395980170030260,0,0
685457110179966644,3,3
685588304301383800,15,15
679750050214460766,0,0
679789376101116375,0,0
679793888125076039,0,0
679810163377737065,26,0
679857043553287443,46,46
679903477039048830,15,0
680280955847184022,0,0
680330991490808518,74,74
680341463529754504,23,23
680360485707632968,2,0
685589618896835952,36,36
685623166091060477,76,76
685653861894881891,61,31
685660866794659166,0,0
685666561879713046,44,44
685676699427435848,0,0
685706917487823608,0,0
685709079810929585,0,0
685726194938497987,6,6
686081419344249200,0,0
686088987656857863,18,18
686133371271308110,0,0
680442514253235419,0,0
680442938388437436,52,52
680477646462919105,21,21
680484863680480626,36,36
680506283244593374,0,0
680511312420873338,90,90
680527395305587176,66,66
680550539811300085,0,0
680557505870104482,0,0
680563059050396133,8,8
680586350161738984,44,44
680609560461132351,0,0
680647742820836816,0,0
680666117697390739,16,16
680809275096546488,0,0
680809637105922093,15,0
680834598468643479,0,0
680901370022401144,0,0
681025139336985246,0,0
681095875381595879,9,9
681111228605002763,0,0
681164404044413348,77,77
686165744322965219,63,63
686167351012894994,25,3
686224538952004466,81,81
686325667143369470,30,30
686417098893252591,32,0
686473912310673844,0,0
686609873236312483,3,3
686744769399324785,0,0
686791985530774038,0,0
686913481730758774,0,0
686930287262338779,22,22
686931494585581268,24,24
681210158470081528,0,0
681261714985765895,0,0
681340518773187020,3,3
681366942258397260,0,0
681380028722476177,6,0
686946682932820685,76,76
686948308860858742,0,0
686956328127294822,1,1
687143636484310713,0,0
687157392498603930,0,0
687164655415677745,0,0
687351522421269786,34,34
687561322939099711,35,35
687654908406137989,85,85
687728216964139928,0,0
692378138313449984,16,0
692387294521905195,33,0
692387706860229243,16,0
692387808563178909,16,0
692548287121051581,70,70
692641654304732985,43,0
692661894540894730,0,0
692677118136223825,1,1
692677180661715061,7,7
692700316570921760,67,67
692726447958336704,59,59
688185985208148760,0,0
688264015220459409,3,0
688347307752642589,0,0
688412684613234213,0,0
688439859259240086,3,0
688451376683976979,33,0
688475381592613781,13,13
688602835794547518,42,42
688696272821787483,52,52
688860783880686558,0,0
688881481974311362,0,0
688995040218369146,71,71
692742708366170176,31,31
692759176797642090,9,9
692810208844929987,90,90
692931991563879774,0,0
693291705293690136,79,79
693293975462498483,15,15
693567361025762253,66,66
693619339991699741,2,2
693681944305880340,18,18
693682129068012891,71,71
689043579053364669,63,63
689061565344702989,0,0
689090528824596886,80,80
689097846834777912,59,59
689145183614237359,0,0
689168899782649267,44,44
689200500518970386,8,8
689295463908141843,57,55
689338762468533158,0,0
689641804571353777,0,0
689653605364933580,0,0
694012875906713942,0,0
694024141571245527,0,0
694085224169979111,66,65
694207890420253457,0,0
694208483636229401,0,0
694230372281333888,3,3
689759067944171480,0,0
689769314349830428,0,0
689819573313925909,76,76
689890425467758374,42,42
689892790771456013,58,58
689915773903422973,13,0
690026595251511990,0,0
690028967517364430,81,81
690037658614567343,38,38
690040292718280460,0,0
694230957774889184,48,48
694248076453511420,3,0
694261490272490565,0,0
694277163270989131,76,76
690070364410526409,8,8
690231158885167522,0,0
690387410072434847,0,0
690456760581628693,0,0
690552616328239393,0,0
690570268758754857,63,63
690604203036653622,10,10
690608312288997355,0,0
690612818613543303,0,0
690787676906691363,21,21
690789292617238611,0,0
694318713496053538,0,0
694360133651367257,30,0
694387559588416753,50,49
694405510672672330,76,75
690814821959585555,4,4
691109892839269230,62,62
691161893025139013,0,0
691169735744906187,0,0
691255376289428094,49,49
691255512367890158,0,0
691270986280465661,20,20
691287196886058167,0,0
691362988978008446,21,21
691414042580306814,8,8
691569646575996680,0,0
691653368293101718,0,0
694441556716357952,0,0
694709585427847036,0,0
694730806676379784,68,27
694769596180562086,18,18
694814715305886707,0,0
694859987865921785,6,6
691684916095150541,0,0
691767025683358245,0,0
691811914823074708,16,0
691865820282757967,17,0
691905182126336286,28,0
691912167824183117,16,0
691916839536951122,15,0
691938691548251141,0,0
691963044801266991,0,0
692015530076595085,0,0
692027859282829341,0,0
692125334129380493,32,0
694897398595994504,0,0
694902191509735869,39,39
692185719708852412,16,0
692194279143080319,0,0
692200007832969582,17,0
692209542398255195,32,0
692217645174890864,5,5
692252792758522886,16,0
692317179893108423,33,0
692338753651630498,16,0
692345486097351709,16,0
696895555330850606,85,76
696897568852506833,58,58
696897885891595504,0,0
694928981372858824,0,0
694930103507598445,4,4
694944491800443196,0,0
694958372781022948,0,0
695060989831158809,61,61
695135968242041566,0,0
695164590515840055,0,0
695343343573591644,72,0
696995055999166315,2,2
697005314648327918,0,0
697076566224009161,2,2
697155684676038214,90,90
697162273018281181,16,16
697193632643079138,0,0
697216048380406500,0,0
697486551574256280,0,0
697660780570660717,0,0
697678101256587208,0,0
697714446235246853,21,21
695447606081906268,0,0
695461609687642194,0,0
695479025965530454,0,0
695539871397026127,3,3
695540577393115462,2,2
695543239340187444,3,3
695544287663396890,3,3
695571491830508727,0,0
695572109888897524,1,1
695575113098792324,3,3
695587837737576376,90,90
695640507961714623,0,0
695645035940802712,0,0
695712819581552031,27,27
695731865740089790,0,0
695742749164895552,14,14
695755456324715761,1,1
695757611557146564,40,40
697719311988590720,45,45
697760040679546464,0,0
698083825440599492,0,0
698089546533464498,17,17
698222266968390143,0,0
698358678440667682,0,0
698367808357841414,0,0
698371147649198204,0,0
698390765330914716,30,0
698419852045609952,3,3
698451569987978758,0,0
698463402516494469,0,0
698473836731921553,79,79
695779291962525074,66,66
695793844031730151,58,58
695817663464762787,0,0
695842144607730490,90,90
695923766308374088,2,2
698652438608360566,76,45
698665597836185143,0,0
698672087827554947,19,0
698690204501230734,3,0
698690678897268945,0,0
698722509899063820,0,0
698726604633974540,0,0
698823647071459669,0,0
698860805071282645,73,73
698893427097590418,6,0
698952060530193546,5,5
695993097350720956,47,47
696035478753139179,0,0
696061385423980135,0,0
696203267090675587,0,0
696408170720458028,76,59
696453300870035307,47,47
699081955951522189,52,52
699158285991699810,0,0
699168737421368390,0,0
699189080597169915,19,19
699238002983385662,0,0
699279373657213064,0,0
699287688809132434,21,21
699383408601565388,0,0
699399732360564333,3,3
699498492683663177,13,13
699514671565064744,17,2
696460039951904084,47,47
696558738505882577,26,26
696616459846609727,6,6
696811607506823150,82,82
701740902049454630,1,1
701924156799918023,0,0
701981073507216587,16,0
701996174585911559,15,15
701997689259731217,15,15
702005190750685766,0,0
702011787477127477,15,15
702012279693056539,15,15
702015743416166619,27,27
699799295716034636,0,0
699862597447371397,0,0
699867644911279327,74,74
699897545842467296,0,0
699900472291364183,0,0
699914063054810032,0,0
700000812390093269,27,26
700003119167999746,60,60
700064775616824780,0,0
700088418861058994,0,0
700111269108709591,9,9
702182051146913189,0,0
702189125829955809,0,0
702315906325025300,0,0
702747529352284354,71,71
702846702148318693,0,0
702953973018419988,9,9
703477777113329774,0,0
703482585590551120,4,4
703611278003902720,12,0
700146181833846394,0,0
700206837960871675,0,0
700246592261412587,0,0
700555391370196141,75,75
700568844878553081,14,14
700586064334508163,53,53
700629595665616550,39,39
700656334389279385,0,0
700702850623136200,0,0
700819811164895055,35,35
700850368069608837,0,0
703673081008153191,53,53
703703457778787087,0,0
703820082187392309,0,0
704187120309184131,0,0
704197659673530500,89,89
700855290806384555,0,0
700871408306613219,5,0
700888293266225258,6,6
700893842468034810,0,0
701279449329328106,54,52
701321715853254012,46,46
701327529930434947,90,89
701343273401697008,43,43
701345962006300397,90,90
704212870455329017,0,0
704221094474213077,0,0
704255897463350082,0,0
704292673896033037,0,0
704331546048196206,0,0
704369158423712706,0,0
704441295872491081,43,43
704509709325061320,15,15
701352651977610667,79,79
701401510655012752,16,16
701478587424915639,63,63
701504561702033782,46,46
701628011751305103,3,3
708557346779226345,46,46
708717135139604544,2,0
708784876021513580,52,5
708808138924351782,47,2
708844392623486871,0,0
704584079874764058,46,46
704603985956988065,21,0
704784534051457441,0,0
704856393767697728,90,90
704879381799603409,59,32
704897605995886312,0,0
708883217066615089,0,0
708991049578397838,0,0
709233140876682281,0,0
709249784866449499,4,0
709316319593373695,0,0
709322814736031533,0,0
709322845715748398,0,0
709364398556175620,75,16
709370156914396553,0,0
709375379081321949,9,9
709391679242227800,0,0
704924951363219080,0,0
704925015465957888,8,8
704960933715417604,31,26
705004710308579542,26,26
705059188208480285,0,0
705072797206705614,0,0
705090791379955493,28,28
709533840920714673,0,0
709538422466881714,90,90
709639953247231352,0,0
710109513630547162,0,0
710185881341802225,26,26
710254834147559915,0,0
710304721779611293,0,0
710316110407530381,0,0
710330070838976659,12,12
710385606950283114,0,0
710390925155739661,0,0
710726635217898143,0,0
705092395335030529,0,0
705093546823502977,16,16
705098036070886749,52,0
705164127784347385,25,25
705208354570673790,0,0
705279229767442266,6,6
710736060242722879,46,46
710743600315683032,33,23
710763466304966408,55,55
710826296034073493,0,0
710878298179390241,27,27
710890195983972232,0,0
710897185427371328,0,0
711043549546928169,35,35
711099239733543956,20,0
711445668309947818,9,9
711477188594962909,26,26
705320706869030009,75,75
705356389953069023,59,3
705389873738014950,15,15
705397728780327740,79,79
705424352499354914,66,66
711501151642222800,0,0
711610182466435235,3,3
711618013443325651,0,0
711637483502170664,44,44
711820084444046096,32,31
712191801514007811,1,1
712203688268700761,0,0
712211225378154664,10,10
712211756060399505,8,8
712234090137382640,0,0
705438631142622558,47,47
705444904455940964,76,76
705701235826157421,76,76
705712753930029428,19,19
705884337775421334,0,0
705903037541353700,34,0
705938583194518339,3,3
705960660317173546,12,12
706103073370158062,59,0
706367279048593468,0,0
706411598041361119,90,90
706477762633031457,0,0
706546306550288728,0,0
712259421592289934,23,23
712271296660203021,0,0
712281667658704072,0,0
712285563313632501,0,0
712317270824038988,34,34
712377668023114014,3,3
712795713817372750,0,0
713008213144612817,0,0
713127877286097182,0,0
713185241032100746,42,18
713214379982079823,0,0
713238888940954995,0,0
706670190539378189,14,14
706712347413814784,20,20
706749317126636033,2,2
706948802191867977,90,90
706995781271751600,21,21
707176930993535300,0,0
707250744053305867,14,14
707545277974486775,2,2
707776965375863518,21,0
713252716801514128,1,1
713297417910028754,56,56
713556504588749227,0,0
713565742091576130,0,0
713646468225821105,0,0
713690174109417452,4,4
713773934560299372,0,0
713836647349232871,0,0
713908258432753474,1,1
713920711978791782,46,46
714000161449042513,55,55
714326525468073992,7,7
707921629504533867,0,0
707951038061444439,3,3
707958114252508497,34,34
708005695505462051,67,67
708072093129700898,73,73
708126097161266393,34,30
714368791106415814,77,0
714373246997877625,0,0
714411425445920930,46,46
714451995943246553,0,0
714474551539929407,0,0
714494752693308199,5,5
714525070567154089,3,3
714525159374684074,0,0
714527517050377664,76,76
714527856020761530,11,0
714527931805091670,61,61
708204769870618920,0,0
714528028978107172,27,0
714528192914014329,21,0
714528356937191116,11,0
714528519763158457,19,0
714528682440070396,14,0
714528842855635500,24,0
714545954855687298,70,70
714546122347928113,87,87
714546286511123387,88,88
714567353707182889,8,8
714820895011326478,0,0
708495014350230261,3,3
708553815454088469,74,74
719424749652587023,3,3
719495891698342037,0,0
719499850322575024,0,0
719520596476855202,38,0
719593216551653075,6,6
714908761730055455,75,75
714936072143571657,0,0
715016585645632744,0,0
715019792407184814,0,0
715020931107317711,0,0
715023902393711266,16,0
715129818689885030,6,6
715266215660233218,0,0
715268612092343760,3,3
715272737950656518,1,0
715330304780837039,78,78
715330469255632957,78,78
715330674852310027,51,45
719778089121701138,48,48
719995268388951520,90,90
720072722198622483,0,0
715331215192876668,27,21
715331388863921149,17,16
715332535821520790,60,59
715332697833872098,46,46
715338931943461004,0,0
715501176123029895,0,0
715553834433503811,0,0
715579236224105612,8,8
715656179412377243,0,0
715656999511634651,12,0
715842881002822241,3,3
715843557995962569,39,39
720175207834492731,2,2
720182762767765576,44,44
720247617339715118,0,0
720499956736661192,21,21
720501239131930015,0,0
720505365691423669,20,18
720526955838723557,0,0
720634340601945336,0,0
720710154234486243,6,6
720734674577622946,21,21
720788233766408840,86,85
715969830545996246,2,2
716141628555857031,73,73
716358794580396251,0,0
716359039183246493,87,87
716487547165088716,0,0
716560648283336637,6,6
716577023762617548,0,0
716579970852567086,0,0
716606118813933853,0,0
716708805955361335,0,0
716815084687775983,0,0
720862992345912073,0,0
720896670635654011,59,57
720984712450297572,12,12
721000569241610344,23,23
721009702892259433,0,0
721017473217995896,0,0
721091038846734506,42,42
721135809916651324,61,61
721176041440198098,75,75
716816213439382645,0,0
716819070349981256,15,15
716924236838890483,15,15
717197794672647065,0,0
717220830029391123,63,63
717373799370447236,76,76
717598117916320021,0,0
717744863250847092,90,90
717861643698838573,0,0
717934854636856044,0,0
717948583679772145,78,78
721215691788584480,59,59
721339316862852742,0,0
721492394447568920,3,3
717989014406445763,74,74
717989379478373538,9,9
718031653455200639,0,0
718037328155265207,0,0
718045777713069841,81,81
718113626026834032,0,0
718254887029790915,3,3
718333714865500745,25,25
718346128793838109,90,90
718389176579416848,0,0
718680759778503413,75,75
721511080994756850,0,0
721535379496673879,0,0
721535417920775098,0,0
721580403334957549,15,15
721593323590400203,15,15
721602595428006702,0,0
721612728001471389,76,76
721616994229367548,90,90
721630571917703682,15,15
721733540827419505,5,5
721751344187456272,9,9
718680878969125336,84,84
718760700475330223,0,0
718789323133836515,4,4
718814212312265324,0,0
718872680332254558,6,6
718893687623365336,90,90
718911506276427092,15,15
719008620617546623,0,0
719054235443116316,0,0
719058422411140581,0,0
719062366977533285,9,9
721846250448319952,0,0
721869934612599931,22,22
721912126539392246,41,41
721917164353135853,49,49
721927508792405981,1,1
721944394814891250,2,2
721954345991117899,0,0
719065290692267088,0,0
719096242756560180,22,0
719099870887169579,0,0
719127902147162360,21,21
719132295331082716,10,10
719236297825192290,76,59
719285097117124253,60,60
719285408977754914,70,70
724285328464936245,15,0
724442948593741619,58,0
724478427910818191,79,79
721959611016208603,3,3
722174109497563429,77,77
722416737381606975,0,0
722449899271854422,0,0
722617147109872565,0,0
722682236687152540,0,0
722724523887446094,47,0
722748515511570066,0,0
722752514013026443,2,2
722764556457111282,0,0
722970148956976005,6,6
724493104271684619,34,34
724511815615022203,0,0
724513783589902461,0,0
724517724355614663,0,0
724518292928075902,1,1
724547158315559722,6,6
724635668635496527,0,0
724687619261429246,0,0
724702772019188387,61,61
724712165452391439,0,0
724719197235678837,2,2
724835120949186187,19,0
722977978845169391,15,15
722992412794250697,0,0
723029810986239533,0,0
723141727755088232,0,0
723269815133037323,14,14
723290057134167937,19,0
723312573019470197,2,2
725073741505940799,62,62
725088224980807119,17,17
725115492238831030,45,0
725127683573391265,0,0
725201256638546056,0,0
725207627976588501,3,3
725211850843486191,64,64
725267821235974034,21,21
725374269862818359,75,75
725398332156942232,0,0
723322724964202008,24,23
723326004107290023,0,0
723381199394914446,0,0
723396979906254244,0,0
723404316908135712,5,5
723456435927632001,47,0
723486009288550240,0,0
723822033416473918,11,11
723861207309008728,48,48
723878111397724292,29,29
723956849520711622,0,0
724060000897905217,0,0
724070975038470447,0,0
724164762115465599,16,16
724176268503296364,5,5
724176305399511436,5,5
724202635057398472,0,0
724285069714184078,45,0
727457092217293467,11,0
725475024332992063,0,0
725482656106188093,1,1
725541783998653181,0,0
725792455364919003,90,90
725832343729707990,1,1
725922310297628286,13,13
725966967587357427,24,24
725981859408433983,0,0
725986142193287056,3,3
726018745632954909,3,3
726026082789429635,0,0
727523095270280757,0,0
727563616843537662,9,9
727563795390098633,9,9
727563987822777761,9,9
727602214221214247,47,47
727635111550428709,26,0
727734064500278359,3,3
727832613571928027,0,0
728018438985216562,0,0
726038186245781989,0,0
726051328615599170,0,0
726057650522445330,0,0
726064730287611587,21,20
726065035073784943,21,20
726070710428229569,10,10
726073675795134815,15,15
726074123553985535,15,15
726077999015035223,13,13
728085702664098904,0,0
728158846144114927,16,0
728160311581420967,0,0
728193530651281929,64,64
728283927534298491,40,40
728324579254521292,64,64
728437383984175252,0,0
726080284648377138,18,17
726080714216367305,17,16
726104953235131559,0,0
726112702825047806,0,0
726119851349364741,21,21
726146340579191842,46,0
726181783738779481,0,0
726205107648048166,6,6
726250246680613085,0,0
726270179572264432,0,0
726343081986971114,0,0
728795847476708926,0,0
728805194458923176,0,0
728840714573744915,0,0
728898265855426177,45,44
728959740839453264,0,0
728974638707556180,59,59
726344889201919789,0,0
726469632450695613,0,0
726505320137651736,16,0
726579130880945632,43,43
726616333794995114,10,10
726626309889942397,0,0
726667728496451227,0,0
726676303768676616,0,0
726679319187119772,0,0
726691054073114790,0,0
729009942205510892,22,0
729089788337206524,0,0
729093021465019177,15,0
729096618222905266,3,3
726871477775738378,0,0
726911215820092470,62,62
726980039255912904,0,0
726998314453788976,16,16
727002652481662101,3,3
727094584087324095,16,0
727094751882208933,29,0
727123144552420511,16,0
727123368219304219,15,0
727150428342281974,0,0
727150473699235484,0,0
727195003556962655,0,0
727195064267167304,0,0
729125823009270662,0,0
729550251183704069,0,0
729559350454124966,39,7
729567707956628031,7,7
729721629145505897,0,0
729745044802488456,76,76
729790014222031318,20,20
729814772008750766,47,47
729840512390164566,0,0
729851909412860042,45,45
729858068636511175,4,4
729882104428326289,9,9
727312631524178549,1,0
727329511774515361,4,4
727393508691090676,0,0
727393620129250709,0,0
727394016312534644,11,11
727439577532735416,0,0
733643513468176349,42,42
733771384971943418,19,19
734088502582394286,47,47
734137973420177752,22,0
729901170307417800,17,17
729947657876634696,75,58
730146657324424694,0,0
730151695984674528,63,63
730320770789117629,3,3
730322098122161810,0,0
730384944915172215,0,0
730397424509623614,2,2
730415774017651195,0,0
730539617976108809,3,3
730574439705544433,0,0
730620209721699066,5,5
730631370609562184,17,17
730678343765499183,24,24
734146997394470152,0,0
734154018348711412,0,0
734163041073833570,0,0
734167560905310417,0,0
734217966968048115,42,0
734218369429025853,0,0
734234083570975359,11,11
734241935990286841,18,18
734299289826981049,0,0
734505370282762658,0,0
734508389359559075,30,30
730806224413736320,1,1
730986962526556970,0,0
731118021978772833,0,0
731150942469383801,0,0
731214915263523282,46,46
734621192621009382,0,0
734632429122941216,6,6
734670689144946957,17,17
734738222848364398,45,21
734739290205367737,6,0
734810929658737801,3,3
734859054165409036,20,0
734893246657262207,0,0
735286735702558767,90,90
735423541309079837,34,34
735450962225985884,0,0
731237194552561506,0,0
731279097670482626,0,0
731342456361090851,37,37
731363063067597348,0,0
731375908393497665,48,47
731712826444841903,30,30
731729526869469898,90,90
735531096154997193,13,13
735551051888273909,0,0
735612595906525217,0,0
735631763810679610,0,0
735638043453159182,21,21
735740047616638963,16,16
736067616889139930,5,5
736084795061799206,6,6
736086215467906691,5,5
736089644757189679,5,5
731784525862689115,0,0
731820184781162841,0,0
731852946981388150,0,0
731903556064617611,0,0
731940007156884626,16,16
732015468917137084,0,0
736091766551385632,5,5
736114514393186916,4,4
736131273924020245,0,0
736133252972764787,74,74
736139385311072356,16,16
736139658330793719,46,46
736143192475629940,0,0
736148738990041271,54,54
736205539767283775,3,3
736216304989788040,0,0
736216685759993219,20,0
732081188915968486,0,0
732109804589016317,0,0
732407002362979676,0,0
732412230246403599,3,3
732423590558525981,0,0
732499499283055968,5,5
732530709907169836,5,5
732575553845138314,28,28
732614965082790744,0,0
736306604387468764,0,0
736313238393733602,6,6
736314687379311885,0,0
736330645469694030,22,22
736427204561194184,27,27
736446347557912709,46,0
736462450819335206,14,0
736479219797807190,1,1
736504705754087918,0,0
736678331800252109,0,0
736732701163914761,0,0
736764801777007539,9,0
736883715878353399,21,0
733181162645786973,0,0
733203158811776159,42,42
733219724258180821,4,4
733357289463416967,0,0
736935741903228510,90,90
736935903731706713,17,17
736937979271475200,0,0
736963295195292153,90,89
736965655445471779,0,0
736969316422484928,0,0
736985875740793560,57,57
736985964339692199,0,0
737015982193204327,0,0
737130536861792516,0,0
733422980036577408,68,68
738594574645655257,14,14
738962214400586787,0,0
737188583474491405,0,0
737192413216531395,0,0
737373064682765825,76,76
737535736317180074,32,32
737536232375970112,64,64
737536455895522482,0,0
737539992975231292,56,56
737567109090743244,21,21
737616938369086269,10,10
737647813122514311,0,0
739079925701678408,0,0
739088395802167731,71,0
739112539830946258,59,59
739142028805777143,0,0
739232719991932583,3,3
739314926079159676,0,0
739315499050884201,90,90
739333866230665371,75,75
739353430791373395,0,0
739670023874151238,0,0
739758265100844130,16,16
739776411733999088,90,90
739825179394275875,32,32
739834417351177521,0,0
737718519546722846,0,0
737853468116887919,0,0
737877918821333784,79,79
737901465279162872,5,5
738237759321392625,2,2
738550730671307518,0,0
743144725581158434,81,57
743331614628195915,0,0
743405374131206258,3,0
743407453043625683,14,14
739895361417621462,15,15
739933686932667572,90,90
740118115021378182,0,0
740362442397130150,90,90
740405625762067517,0,0
740414959590827579,50,50
740430164115683052,46,46
740441221336131136,0,0
740446516694389016,31,31
740482688468999472,75,75
743425672330246893,0,0
743430766348459803,0,0
743505416321115919,21,21
743552965365692523,0,0
743780945335493322,0,0
744111974490993924,0,0
744215016935384966,31,31
744218587357229783,0,0
744233285959436628,84,84
744254980057484501,0,0
744262493550796218,90,90
740514885087653391,31,31
740581159062231033,1,1
740606284690310306,44,44
740625691287985590,0,0
740630623928708556,0,0
740654894919684749,0,0
744278325880141330,1,1
744307258225953765,26,0
744362529094004795,20,20
744438625858948102,0,0
744448865715734756,0,0
744465062382807711,0,0
744609376065942009,47,47
744733352328495344,7,7
744769066606044377,0,0
744770140662278278,0,0
744770488761726081,15,15
744796548590277337,71,0
740687202260272197,0,0
740725192615343242,12,12
740743485713081436,25,22
741178664950324853,38,35
741203384678717076,0,0
741210249954979590,15,0
741224200594669992,33,33
741232873957537709,3,3
741243111598984805,30,30
741258879565847173,3,3
744829750133256721,0,0
744865550787331092,0,0
744906774156280600,60,60
744908934921683014,73,73
744932142269775261,0,0
744935000442450119,2,0
744967881670813329,0,0
744968466697393503,0,0
745051425164634863,64,64
745125174000038311,0,0
745301417141530676,0,0
745555272015423459,20,20
745627039931945103,10,10
741259529129879788,37,37
741287817783270966,76,76
741304412879165092,0,0
741304743431862990,76,76
741318611492586622,0,0
741353835748593564,0,0
741407967250747313,0,0
741416829933711693,24,24
745632549952601244,0,0
745640311964628437,84,82
745647050744624708,0,0
745650392862550785,0,0
745688948281946847,38,38
745717159444274973,0,0
745751296696283337,16,16
745755112076050280,0,0
745780827160085096,6,6
745881711855691249,73,73
741485191372649724,0,0
741531697395335107,14,14
741630536336437867,21,21
741730313598556488,6,6
741855432786425988,57,57
741856106447591515,46,46
741867669405328335,51,51
741904760414691668,0,0
746104322016171774,90,90
746116888957090177,0,0
746284414276369998,87,87
746307265463174267,22,22
746314309007431370,6,6
746337234409907428,0,0
746356369135138280,0,0
746373585663654569,10,10
746385312890588448,0,0
746448940630442819,0,0
741951889226170199,55,55
741962066446182403,90,90
741962324502200158,65,65
741971895925871723,76,0
742105070935395430,0,0
742186960645078899,0,0
742219171308955929,0,0
742224718214908605,2,0
742232031742777766,90,90
742244640792040119,0,0
742246741289035376,37,36
742246964097639508,0,0
742417687695709041,0,0
742432679408320447,0,0
746530698054367292,5,0
746609415323932939,2,2
746610770423774436,0,0
746667852407531509,90,90
746831602893009488,46,46
746852890077275772,0,0
746896926309492595,15,15
746915070944937617,90,90
746925705111006704,9,9
746954557986342468,0,0
747005133469053153,0,0
742470702020009416,0,0
742550372170721908,72,72
742567489503884321,17,16
742579079773788872,36,36
742712860134731702,61,61
742714386869902245,0,0
742732381800551504,9,0
742782792117753136,18,18
742846569646585640,53,53
742998749453434439,48,48
747020141188283669,9,9
747024222007908598,0,0
747076320236822788,0,0
747128578147440471,0,0
747173133155663772,0,0
747270118567165916,0,0
747271541986706190,62,62
747281464541904800,69,69
747286094460461568,47,47
743022845874791243,90,90
743044126030965291,0,0
743048167676584395,76,76
752655549882355544,0,0
752761400910761147,8,8
752831071821066645,0,0
747313502550968185,6,6
747572912798239855,2,0
747679721740067552,41,41
747698059198507352,9,9
747718813171243776,8,8
747722195492393579,43,43
747758016867588196,0,0
747795788052579372,25,25
747899365682604496,0,0
747962493930428874,1,0
748008078823445006,0,0
752831664312980785,0,0
752908864541788629,0,0
752979158791929975,23,23
753356086346283078,75,75
753574482609407847,1,1
753584699878284731,51,0
753790127067166691,0,0
753925994443114374,16,16
754134478242726210,30,30
754261198080724775,0,0
748008170757503374,0,0
748057680426693490,0,0
748470011797003577,58,56
748493536087479146,16,16
748515135755016899,2,2
748515700543196083,0,0
748531874860758183,0,0
748537688760859905,0,0
748597825979840821,0,0
748649452367589640,0,0
748738181686866655,53,53
754305296891617366,76,60
754330591139720659,18,0
754338946918398097,0,0
754389618036593839,64,64
754396050080864336,0,0
754446798370738102,1,1
754531862309177538,2,2
754532333314771606,3,3
748776693953354467,0,0
748814884505945482,0,0
748994847204919928,17,17
749119175619095145,0,0
749139083726291164,3,3
749225990646579301,13,0
749445915164605594,22,22
749494745811966615,16,0
749496803777210350,6,6
749791080990625595,0,0
749791392549026619,20,20
754604578608166118,8,8
754619431849960594,20,0
754903813460937923,0,0
754916874524563088,0,0
749808742967848139,0,0
749994404489872607,14,14
749995208680067786,75,75
750063210457454544,18,18
750101014637158472,89,89
750101837971194820,0,0
750149668906079377,0,0
750300147069701577,29,29
750439855383844363,46,46
750477267798699634,0,0
754919891718147628,52,52
754937485942119479,16,16
754937769564828782,0,0
754967751881719122,13,13
754970276793406798,36,36
754979566412995800,4,4
754983216992524823,3,3
755006209338871768,0,0
755048446181935609,0,0
750494588662372881,0,0
750505282907380667,88,88
750593565955967910,0,0
750630709509833993,0,0
750681844667189931,0,0
750710871111682947,12,12
750723710285471751,74,74
750728051948450130,0,0
750753904000998400,0,0
750818155519841748,0,0
755105772226825440,18,18
750835631234831601,18,18
750848976700866789,0,0
750878732923935980,16,16
750897244570425014,63,63
750900533440778103,0,0
750914635345448241,46,46
750934716608055913,33,33
750938225856054796,50,48
750940597423602694,37,37
750941542611047167,17,17
750953796684262265,5,5
751003075015712590,8,8
755220737964381713,34,34
755221394406142242,0,0
755236868074533450,29,29
751197861486680304,0,0
751254251603394734,0,0
751264243680317608,0,0
751266564043593979,0,0
751321782606558940,29,0
751327449938511809,0,0
751359271785565868,0,0
751398972746724429,1,1
751527152443176010,65,65
751544681082578652,51,47
755267697122482301,7,7
755269523590138889,0,0
755286460663638372,90,90
755385753450801654,90,90
755386389542198187,0,0
755389547492464436,0,0
755406517495093944,0,0
755444455308913978,0,0
755673708679842154,0,0
751560271396048113,0,0
751590253777641465,0,0
751604408695103064,0,0
751699636457395715,17,17
751733068317841365,2,2
751800577747138674,3,3
752069608196724586,47,47
752124019330703900,15,15
752124066836971423,5,5
752124417745502491,28,28
755707838543327621,0,0
755719193573695714,0,0
755778466825526669,43,43
755784207238872851,0,0
755798852926375070,0,0
755808864708679787,2,2
755833845116246629,0,0
755854437155644260,0,0
755863550672124721,21,21
755864309002645553,0,0
755980030328948854,0,0
752225599285507046,0,0
752296738753328187,31,31
752408572450230364,22,22
752514414550683953,0,0
752544464812293243,3,3
752655228754167475,90,90
757363398086716298,0,0
757406296840445291,76,0
757429076597893284,3,3
757531638758343686,0,0
757723885731661028,0,0
755990019516594974,21,0
756017911613112955,0,0
756300626634021314,0,0
756314612510042158,1,1
756315002691618118,1,1
756336742747682834,35,35
756339762760284119,37,37
757814282202642887,2,2
757883032406289882,6,0
757919298215844884,0,0
757939633245286029,36,36
758170978075093624,58,58
758267804291311147,0,0
758676714485806119,0,0
758797764317871954,16,16
758927187263867392,0,0
758954422050271170,9,9
758972902973903245,46,46
756340118753059733,90,90
756375120285261731,45,45
756395945960675576,0,0
756540536210360087,0,0
756569940230689757,0,0
756606060975862828,0,0
756650222823891886,72,72
759210593812294889,15,15
759230767767830325,0,0
759252687676660550,0,0
759327196556438457,19,19
759382448848546089,0,0
759408657602811683,0,0
759443741990615876,0,0
759510323619765888,15,11
759551059688051081,0,0
756660534724054097,0,0
756685458967490030,28,0
756701217538838408,0,0
756718230168665644,0,0
756737882259334268,3,0
756750489457249470,0,0
756886660277220330,0,0
757149473920319178,0,0
757254022509601488,49,29
759618126064467893,28,13
759629483491978223,0,0
759641595376116625,16,16
759644640471449248,14,14
760025165140763703,9,9
760067389876708923,76,76
760086536368275287,5,5
760090823321263878,0,0
760094078662401363,19,19
760108051671400285,0,0
760108593429302062,0,0
757277022393109416,31,31
757298979318200362,0,0
757305191807288850,2,2
762416913912153218,0,0
762429245666943839,34,31
762429977455151701,57,57
762433518245016623,0,0
762458991784656327,18,18
762474821456521478,0,0
762480481580735660,1,0
762482097617218325,30,26
760173471824448206,31,31
760190109240680941,5,5
760251269720096205,3,3
760265299629196416,24,24
760316248704941154,0,0
760350693623079823,0,0
760370608843977331,30,0
760377148896746634,48,48
760396769550435513,0,0
760418351537039714,18,11
760421245692713721,0,0
762485685708703023,0,0
762491072924707955,0,0
762507882453765581,4,4
762526483701320413,4,4
762544570846570665,16,16
762553127720837939,0,0
762579977393252405,3,3
762599172570463796,0,0
762663797925230306,0,0
760429890689345478,0,0
760469039882902158,0,0
760483813968654511,0,0
760501288109274273,0,0
760789452004127383,19,19
760808327741861820,0,0
760831577880022251,3,3
760861533251417597,80,80
760914208844849955,0,0
761035694084645392,0,0
761060573991467805,0,0
762771313461890024,0,0
762771372362453042,0,0
762777419274013912,0,0
762779684841584616,33,33
762780213003267628,15,0
762828738412800593,6,6
762880946440059484,86,85
763044587478989128,90,90
763058020165928394,75,75
763058485614035011,75,75
763095935495869214,29,29
763123027753258600,18,18
763125103285604216,0,0
761092020586433990,0,0
761095696161301825,0,0
761354793682533629,0,0
761440964551045378,30,30
761570023840746147,14,14
761590468027663159,2,2
761613693125925496,47,47
761616212974802622,26,26
761666718123905227,30,30
761701570805304167,6,6
761751218620391134,41,41
763128405774417091,0,0
763132690673262974,1,1
763170185660414370,0,0
763186374158969600,90,89
763221273695589438,1,1
761792592848694551,0,0
761811422193396844,9,0
761826648238187131,0,0
761906213647478192,0,0
762106384516079291,0,0
762108355757780127,62,62
762193744921471697,0,0
762235443968582234,6,6
762241527257255051,90,90
762296955086811882,14,14
763651828658254556,0,0
763731966740220241,26,26
763765859890748763,0,0
763886203005710009,64,63
763886348952916913,31,31
763910718510137075,3,3
763925205378424299,0,0
763948654655084485,32,26
762312160651089421,0,0
762330782833633074,2,2
762354667794020777,13,13
762355634788904537,0,0
762384139940705802,55,55
762388975585026394,5,5
766143851141113634,3,3
766154411511432669,80,79
766185201488093082,2,2
766186374255566430,38,38
766197503813329106,46,46
763957019261580065,0,0
763998145997517182,1,1
764009535010619872,0,0
764028832460585546,90,90
764135338826028645,0,0
766219331239655137,16,16
766247328646786093,0,0
766254098303221820,88,87
766278199081581936,0,0
766465483842223914,0,0
766495988260965250,20,20
766515120923623446,3,0
766544218723906199,0,0
766586863150065296,0,0
766587009305607706,0,0
764160445270416334,25,25
764320625295108312,76,76
764326029440464052,2,2
766587114043547494,0,0
766587876480102462,37,37
766588749535982004,37,37
766590908640895287,2,2
766594780937959861,0,0
766595242178997406,0,0
766602572542480306,0,0
766612310316385012,0,0
764451400540955575,1,1
766640621300950506,5,0
766651417455076043,39,39
766651458567614309,39,39
766655006057705213,12,11
766656550239072116,30,30
766657348274802404,30,30
766659572645882524,26,26
766659920133646601,26,26
764555894437396903,0,0
764575349543735915,45,40
766661542029355467,21,21
766662851061257667,19,19
766663775895314891,19,19
766665056551945374,30,30
766666152927296927,32,32
766666580976923296,47,46
766667822562345128,47,46
766668331526893858,6,6
764578441677175829,32,10
764627669435933018,38,38
764629516770135232,1,1
764649300374679192,3,0
766668848962262872,6,6
766677884307151479,13,13
766684927171631153,23,23
766702466063475280,0,0
766778023016290813,45,11
766779185445709749,89,89
766811967495913594,0,0
766819059606935266,2,2
766867327829311890,0,0
764766608238216047,0,0
764777636779967612,0,0
764904930841636839,76,76
765017453608235245,6,6
766892295180159338,76,76
766907082203833190,50,50
766978787062887845,76,5
766992440128844738,3,3
767207240487627384,1,1
767208161850599057,0,0
767231878009646886,7,7
767258588510178635,76,76
767276831498620840,11,11
767279084872407625,11,11
765087818851158191,3,3
765111841001584233,0,0
765118844676212785,8,8
767290620459168544,0,0
767300934500983246,16,16
767307630876781717,13,13
767310025267486207,13,13
767310482416550068,13,13
767335930771824747,3,0
767379256896961469,7,7
767521098040013680,43,43
767546705892688379,13,13
765130473241233735,75,75
765148667899215063,0,0
765179360601952018,33,0
767916549446056034,74,74
767916883499342445,0,0
767919812132267159,14,14
767964650933745121,39,36
767965856588216036,39,36
767967646552010782,39,36
767969220192009842,9,9
767971386549024470,9,9
768008444039086418,0,0
765223964875173585,41,41
765229505754817003,47,13
765281056980264511,24,24
765327602416869056,24,0
765481781441556146,0,0
765673625786204864,0,0
765807287945552082,58,58
768052129308693650,0,0
768054125640023806,0,0
768055416816530644,23,23
768139828018466187,0,0
768142095591838159,17,17
768239303625460600,17,17
768265003903199291,0,0
768276890212217152,1,1
768282087563056680,2,2
768306193048547703,1,1
768317284380347979,18,18
765823689510519528,0,0
765860332569149471,0,0
765955236862257442,2,2
765990025204967594,0,0
766023259389247272,0,0
766064842518858109,38,37
766065140823310125,0,0
766096522634607786,44,44
766116802508903258,0,0
768344399966300030,3,3
768383195913434699,0,0
768779684405983454,0,0
768858775491753050,40,40
768894253310309659,0,0
768911582117670134,0,0
768962003786730102,1,1
769203788648758537,0,0
769423344734549749,0,0
769524991917527110,56,28
769596899906615913,0,0
766139255133320100,0,0
772725658656025875,54,54
772730056277365796,0,0
772756968091149678,90,90
772767421017560337,0,0
772921509916924055,0,0
773015666203783850,1,1
773026534596863854,74,0
773044313856212611,2,2
773055752165402204,16,16
773100393141445120,8,8
773106803371262601,45,44
773107581377335705,45,44
773109547703733522,1,0
773117291811272451,7,7
773140921879712069,0,0
773155078509233940,11,11
773156080339112883,11,11
773168801275008873,0,0
773175684396053135,0,0
773214568696699034,0,0
773237631431486588,0,0
773283704607466865,34,33
769617807076211841,0,0
769771789526487395,1,0
769783022636700971,0,0
769820904680056494,3,3
770130015451026213,0,0
770201033720908424,46,45
770213577576274525,21,20
770275914173487140,54,54
770285871397233955,9,9
770288951055858979,15,15
770290214254588951,59,59
773451116846213530,2,2
773602850831222324,19,19
773726954569381317,3,3
773826216180195039,26,0
773899230684455375,46,46
774038870783382384,0,0
770300168025777956,0,0
770337906744143594,1,1
770483747373569378,19,19
770535287615923797,0,0
770566178748431390,0,0
770626111287655384,58,57
770898598733119665,13,13
770939745976357312,1,1
770949487661505259,8,8
770951877817471110,0,0
770972261780417799,5,5
774049935883707009,18,17
774062557680188919,0,0
774084891829212376,1,1
774129193889231826,0,0
774157814612040502,31,31
771007658111700633,0,0
771087689598980035,31,31
771229480785827254,20,20
771248576049582925,8,8
771270809241656242,60,60
771308650564280223,30,30
771313186883528138,0,0
771331861044371522,0,0
771368486923037096,28,28
771387834299700584,0,0
771422886160920375,63,63
774466175446212322,25,23
774605087266417003,0,0
774620728248082420,2,2
774639072103641181,21,21
774653715893913056,0,0
774698296047092914,2,0
771499666300242340,0,0
771724634804517144,0,0
771740206890969653,90,90
771766947230589326,32,32
771790426347751108,73,72
771814619000188761,69,69
771817036951495110,75,75
771870136610057169,3,0
771918390264300599,77,77
771961589340472067,0,0
774720286543224436,0,0
774741244725477536,0,0
774766839213283130,1,0
774775532446402418,42,42
774778034807808122,0,0
771962449581256963,60,60
771967712456918474,69,0
771992176677623490,0,0
772002179366812090,0,0
772003410329132579,18,18
772135787688936954,76,24
772163145887336030,55,55
772198560326818270,0,0
772234088877834938,26,26
772239381534659822,35,35
772279462487875919,34,34
774790005240645091,24,24
774802408005054624,0,0
774826768451201686,0,0
772304450747416511,90,90
772323038129926601,20,20
772388654659113138,2,2
772490456980779766,6,6
772490937291764018,7,7
772492532636629319,7,7
772534152702839580,21,20
772544063239377923,1,1
772560809110228074,58,58
772582741069585344,8,8
772582827254717471,8,8
772582961050465003,8,8
772583089773437359,9,9
772583096454227135,11,11
772583145283456636,9,9
772583173495353742,9,9
772583284030848410,11,11
772596782067442622,0,0
774836321544269499,0,0
774843999742350040,44,0
774847859612203928,0,0
774964827545681619,15,15
774997494059685168,90,90
775141157558032530,15,0
772607042480055880,0,0
772622520708905170,0,0
776326805655845596,0,0
776332812095106464,47,0
776464705938939707,0,0
776525177219948145,0,0
776537896059013270,67,67
776615878891313388,51,51
776620930082932920,45,45
776685339700901948,0,0
775328752462827141,0,0
775347520118311909,2,2
775370554168722901,5,5
776685513171440422,0,0
776738128391277021,0,0
776755386216958333,13,13
776759187442679676,2,2
776812321278978993,0,0
776958081437989970,32,32
776975856045992795,43,43
776989156532266496,5,5
777210105036572525,43,43
777263304379648003,3,3
777280711796252100,0,0
775391797402674304,0,0
775404417497255085,4,4
777400533093886095,0,0
777403051452968837,24,24
777428711682463144,90,90
777430110215839292,0,0
777430853925468516,0,0
777439966917556755,5,5
777522603710150946,16,16
777547471265399608,0,0
777563851225513973,0,0
777572930730588568,0,0
777626443434564690,0,0
775404906098039775,15,15
775408101743191192,7,7
775408494394003987,4,4
775422512052165889,2,0
775434149526341783,0,0
775492348920244062,8,3
775598595236474968,12,12
775889925250617412,0,0
775955744385547821,6,0
775966284146509182,0,0
776003056822378088,0,0
776007097389560367,0,0
776013736440101802,5,5
776018834861372435,30,30
776027620120107434,0,0
776028553290709192,1,0
776058905828707468,60,59
777662577507681372,75,75
777686245168591491,43,43
777760571218948460,0,0
777772607597688935,6,6
777802203255436038,24,24
777819432822411458,90,90
778012566509598679,46,46
778085332786348581,0,0
778207541912919166,3,3
778211862154488577,6,6
778240985641311700,0,0
776071696118223930,2,2
776072363078619431,0,0
776078472681139612,1,1
776103242936974883,28,28
776129453363109091,0,0
776152317850229170,0,0
778285620198111040,0,0
778325304359084933,0,0
778325440288816433,0,0
778328470271725273,0,0
778372032945748991,34,0
778409450861387600,0,0
778441097353195696,27,0
778457317754893437,11,10
778572000129057354,0,0
778574542530282444,45,45
778988559577357784,66,65
779010937952266773,88,88
776250907335139310,1,1
776267007027362660,63,63
776267527494946591,9,9
776326406718532799,72,72
780947188230304953,0,0
781070167326135184,16,15
781241825396822509,0,0
781242816348905832,0,0
781275298457083998,0,0
781311253609661076,32,32
781354257177220014,17,0
781371447326333858,0,0
779014938888711241,1,1
779054083848267105,0,0
779062833521269078,0,0
779066714362553158,0,0
779071174386476941,0,0
779090854871808720,9,9
779482597825709997,0,0
779613270831966623,30,0
779776296413227357,6,0
779785361288282366,10,10
779805772745559832,0,0
781375615513612622,1,1
781387162275319892,12,12
781400979774367017,47,47
781415651072000593,61,31
781447553772633220,18,18
781688772983269636,44,44
781689525335094212,0,0
779809091729291498,5,4
779849998311560128,0,0
779948587016223324,0,0
779973859525247404,19,19
780001586604241796,0,0
780006096308383874,3,3
780097544898278919,9,9
780226637180973739,32,0
780262869862519343,2,2
780330742819725859,2,2
781800348872823259,1,1
781804244104102364,47,47
781826694930863880,0,0
781837617897194814,5,5
781851253728798676,3,3
781921444998908083,0,0
781949645524311249,54,54
781954441500424897,0,0
781958828895172889,31,31
780362398007650017,3,3
780363355344579209,0,0
780367558387044721,0,0
780503121275543368,0,0
780543234013911132,0,0
780560899891607462,74,74
780587217645146312,0,0
780592966741103871,0,0
780668483288863242,0,0
780692750042272542,43,41
780793386308713533,33,33
781968768297440066,0,0
781979920797861016,39,28
782103563723922579,0,0
782158354276327003,16,0
782300583829333108,0,0
782404014855199852,84,84
782436079416449092,1,1
782595339625590679,1,0
780897141519639753,0,0
786178301572408675,0,0
786182923448059288,46,0
786247981418944065,0,0
786291775348380922,0,0
786339755153004626,2,2
786351045272502197,0,0
786353625151565474,75,75
786375276017393762,0,0
786453675169924255,90,90
786507816464532831,45,45
782602259984951279,1,1
782661008019550832,0,0
782703731135941912,30,29
782837059423533942,12,11
782932651604019354,3,3
783197230697315653,75,75
786557479422953962,9,9
786561442853576095,0,0
786567164909772806,0,0
786689028697613402,63,63
786704154938363139,0,0
786813064665583652,76,76
786813426813213019,89,89
786813705384661274,86,86
786824512560943945,31,31
786875707533342660,0,0
786892001532429718,2,2
783231572150683927,0,0
783291200468768256,29,0
783296639856949704,0,0
783305472099181331,11,11
783324749766796882,64,64
783350966806640141,3,3
783383010954013483,0,0
783464024543160331,0,0
783522420840578469,7,7
786895030497240792,0,0
786915040612156936,16,16
786944318902153348,0,0
786986645361368404,76,75
787003220376895637,70,70
787065483397206331,31,0
787169234885074235,2,2
787197176717299032,56,38
787238307521673198,0,0
787322546345191716,0,0
787489993862135422,0,0
783565797144842727,1,1
783603959542380666,90,89
783615162751617942,75,74
783619413754613935,51,50
783623234937280854,33,32
783995604151732967,81,0
784006807530911630,3,3
784023302325164605,1,1
784124479509853993,9,9
784155384180596269,24,24
784294277993627702,3,3
784655878980242901,90,90
787547046845187866,42,42
787550427791648461,43,43
787564313404336491,20,0
787590858545007533,59,0
787639567025687909,0,0
787857735797161138,45,45
787900887666890786,35,35
787917881988426164,0,0
787927073413255581,31,31
787999065887227438,64,64
788055270949292372,25,25
784672458205813555,36,36
784739684946519089,17,0
784769682704759415,0,0
784777365560010842,3,0
784790872680369789,0,0
788070664074856714,0,0
788247508204883788,0,0
788308144653208576,56,54
788328674800030171,50,50
788465505169839820,2,0
788537271422081521,0,0
788636784435692945,0,0
788972847900260034,3,3
789029499490692194,0,0
789054232678927551,6,6
789257430540589759,0,0
784796714161686484,0,0
784840483028971030,0,0
784908269976623770,3,0
784913772644779819,25,25
784992346056177689,6,6
785362965883004752,0,0
785403855673751437,55,55
789446125370099615,35,35
789758936783657072,0,0
789762861812559195,0,0
789818156626793452,62,62
789829147997054743,20,20
789835463760764236,68,68
789847148265694934,10,10
789850979080614897,0,0
789857234658564657,39,39
789900944936543773,35,35
785411909264885705,3,0
785477500044951072,37,37
785499763795327535,60,60
785579879561981885,0,0
785601696900959075,70,70
785614258641560502,6,0
785618869255893579,15,0
785637169517267565,0,0
785688352714247316,1,1
785740793749619403,1,1
785853179336797488,74,74
786136894869462302,30,30
789958840769275624,0,0
789961263149182314,30,0
790040738335583345,0,0
790110712110282257,1,1
790126950595547841,5,5
790333576079499985,0,0
790526078204876288,75,75
790527792300128395,44,44
790530143812144447,0,0
790545997885341824,18,18
790576401772345363,0,0
786149074369437257,4,4
786153051297683129,2,2
791250597874813492,44,43
791289377443396780,3,3
791325232039728302,6,6
791362835878118534,0,0
790642720405672493,0,0
790682390329571283,5,5
790689611092002953,1,1
790690458373831288,6,6
790823862952309361,90,90
790946338212660871,52,52
790946345719115749,53,53
791089336676417488,21,19
791171438144825999,6,0
791200059474381820,1,1
791365259981867392,0,0
791371524330750277,0,0
791382115379320797,0,0
791460584187166313,78,18
791539646807027059,0,0
791547385152000202,1,1
791899211876811806,21,21
791224387772379947,0,0
796500157243909076,0,0
796542718936118514,9,0
796586843818916029,90,88
796596570478214970,3,3
796660992700511337,16,16
796927511764767418,0,0
796960449374949639,39,39
796973015167154994,2,2
796973696740712786,2,0
796986371882195221,2,2
791933017132228878,5,5
791961034657424212,70,70
792014763599128593,0,0
792016520538275128,0,0
792034633163081131,0,0
792067793364366503,0,0
792071572004799347,30,30
792084481792213383,1,0
792127771538948078,0,0
796987227532480934,49,49
796988135828055611,3,3
796993840883802349,2,2
796995020441290618,2,2
797100390447847177,45,45
797161677213334866,85,85
797187969473896429,62,56
797294766825705391,10,10
797342493959826831,90,89
797348073045001503,0,0
797408025766016354,0,0
792134666827224780,2,2
792142016859270276,31,31
792154227101270228,30,30
792250086445040724,0,0
797532770024273727,75,75
797577207386252643,79,79
797749636813293902,10,6
797846717846008314,2,2
797894095534905728,0,0
798070055983611922,1,1
798082812604809443,3,3
798085838750475432,4,4
798131035300073974,1,1
798136867595787961,0,0
798205651004437942,1,1
798371719775859479,57,57
792261106552376426,20,20
792424049442672164,32,32
792719851832898977,75,75
792762785362533299,50,49
792766482547093509,76,76
792775101360784896,75,0
798465931580249330,0,0
798499291435284270,2,2
798552098675454820,54,54
798764378145311549,0,0
798797430485788840,0,0
798819132744121861,1,1
798846714750588023,15,15
798855206265058316,76,76
798865077636662623,16,16
799160987378663215,0,0
799162258800932959,1,1
792793758746280508,27,27
792797538929761246,65,65
792827337331390990,90,90
792894603379980524,71,58
792921296328561476,0,0
793061028524792296,1,1
793077319627619018,18,18
793077855709558476,0,0
793305335027186680,90,90
793305971249108991,90,90
793306261107429606,0,0
793436180551697640,12,12
793439340837320926,9,9
793446715018744491,47,47
793471885965153009,3,3
793539365815167335,13,13
793573252682592352,15,15
799170991396680986,17,17
799180555434739980,1,1
799189690264226761,1,1
799196986985425752,0,0
799298437148913940,20,20
799414421319259127,68,68
799440231073284274,4,4
799478806479524557,3,0
799513237725073820,26,1
799530813091808684,6,6
799545397069606750,64,64
793638699862272241,1,1
793641370570289731,1,1
793669750333185456,1,1
793689430315525053,6,6
793702435200340894,1,1
793771032739364362,0,0
799731614530696207,45,45
799918050841895335,79,79
799921887128225421,0,0
799928647325845976,15,15
800054352598593965,52,52
800109577943565836,0,0
800130194293808699,32,32
800152064408223661,1,1
800165532354232730,2,2
800175630360727966,6,4
800225555580524286,0,0
793966927729526052,18,18
793985712623454837,0,0
794071520594124768,0,0
794225336036117914,40,40
794387732348122664,61,61
794696802406920855,0,0
794976846491282708,81,81
800437249525223935,14,14
800545475384736198,75,75
800617377856014420,0,0
800620149781852857,15,0
800621544990660790,63,63
800622061064335597,0,0
800634656799444071,0,0
800637165163553523,46,46
800711337366427145,0,0
800738837396327435,2,2
800784650035007772,0,0
794987266231440933,6,6
795110369832936703,2,2
795129805832705812,0,0
795151139193872895,3,3
795186991590914531,51,51
795449123169469966,0,0
795600421725758974,90,90
795672952188987474,49,37
795720602919203501,0,0
795728060620513850,20,0
795748488553923191,23,23
800806183240345310,0,0
800860095602948972,45,5
800922424201638568,21,10
801004802797774782,0,0
801010874739650352,0,0
801014523878814505,81,81
801017993216537396,11,11
801220797184122272,0,0
801304229514196754,0,0
801447078817471585,0,0
801466561343424271,0,0
801474015810755017,3,3
795767361445130827,0,0
795842713599756998,0,0
795853601050162136,30,2
795905156272901704,76,76
796202435145665961,0,0
801478784227176336,0,0
801500063199279538,0,0
801606628280383620,17,17
801683077873210778,18,18
801711929496391506,15,15
801749842377802394,1,1
801950962536207360,3,0
802000625835644351,90,90
802039755779496218,46,46
802147501398480596,47,47
802293068136903179,22,22
796272831722011455,43,0
796277675829638670,1,1
796292950336850099,0,0
796330819102964562,3,3
796332140450277332,0,0
796409313475568477,2,2
796476069779619310,0,0
796476747136417108,0,0
796485344365174116,19,0
806807540134759323,2,2
802408047891912894,45,45
802464796859828769,0,0
802469165911414491,2,2
802528180126158845,20,19
802587549750267128,0,0
802646882034233358,67,67
802687894128187641,3,3
802701696358654675,0,0
802710662961559965,40,39
802852592911003580,45,45
806814059542619975,0,0
806899252911679312,3,3
807000904173339945,0,0
807024165156942147,0,0
807172063275763015,9,9
807237286663146622,62,0
807268745797297537,5,0
807275444865070916,36,0
807283953535151481,30,30
807299063858848749,0,0
802877326807090745,3,3
802886228752307356,57,57
802950550955708551,78,77
802960882149039355,0,0
803036473552203166,1,0
803122432860577324,2,2
803150657798963011,1,1
803364102565553735,0,0
803382479124958259,0,0
803488091392976613,7,6
803552386184741557,1,1
803581871339287715,1,1
807348839788084623,18,18
807404328262294489,0,0
807410366379540471,3,3
807463231771532858,0,0
807467054653213959,5,5
807536724341035252,1,1
807573829682972166,76,76
807723813200018804,0,0
807826416863866703,24,24
807888000876453799,0,0
807905405566350881,32,32
807919911088300640,14,14
807927925274837556,30,30
807945843450389326,39,39
803590362118464501,8,8
803593741698056609,1,1
803725152355903109,0,0
803900033218779798,1,1
803909163389869172,90,90
804263080422812027,2,2
804468188565214896,16,16
804540775057539994,20,20
804582918613581571,51,48
804598390996343328,0,0
805051484988914011,0,0
807957188943197036,30,27
807984761327732728,0,0
807993496907237876,0,0
808151077351402875,0,0
808177125060067826,0,0
805063753072151438,1,1
805082247969380969,0,0
805097623277517080,49,19
805158793007109841,90,90
805261820765910707,29,29
805262340426539445,3,0
805277288619637431,37,37
805288292321801605,6,6
805345391228904561,16,16
805356815376500120,0,0
805371601160736661,16,16
805601358075133143,90,90
805601743909177540,76,0
805725215071886985,13,0
805729355183634065,15,15
805805963320996000,19,19
805889615351241471,0,0
806060163730588111,43,43
806094615394129673,16,16
806208335662808362,75,75
806208895285808888,2,0
808188195062982853,1,1
808296073504455291,19,19
808386228706904148,54,52
806209199376610940,74,74
806346987571174223,1,1
806386854940901670,16,16
806394951574081856,32,18
806402459421346488,47,47
806408919743960601,16,16
806416160604337463,16,16
806454044338089289,31,1
806488692376848975,76,0
806496948572480124,46,46
808441850607425449,16,16
808466217693273962,73,73
808466571599498269,6,6
808570671122929101,2,2
808624705090281349,17,16
808627685964930371,77,77
808627778501508750,78,78
808627859776945520,77,77
808627949318404786,78,78
808628037194879729,79,79
808628302996990115,78,78
808628304855649271,78,78
808628348851918075,79,79
808628438347816708,78,78
808628534079968724,78,78
808629336659570094,44,44
808629343999219473,44,44
808629391209329400,43,43
806522321999123347,0,0
806559695552186402,72,72
806593875700297041,14,14
806667696731359724,0,0
806736467718114548,0,0
806772034013586078,0,0
809457478921671235,5,5
809503558229015441,3,3
809518045636653120,9,9
809649506221297892,0,0
809740250942429741,0,0
808629522066886810,44,44
808629563338473159,45,45
808629644846116021,43,43
808629727441761020,44,44
808629897642520802,45,45
808629899486594865,44,44
808629974245769898,45,45
808630105620176598,45,45
808630199296631199,46,46
808630277447023911,47,47
808630375571933404,45,45
808630467328402208,44,44
808630550223421071,45,45
808630627122603156,45,45
808630713892978799,45,45
808630794075602246,45,45
808630883049503411,47,47
808631031500163292,43,43
808631194272172831,43,43
808631322516608776,43,43
808631333908940933,41,41
808631435183179517,41,41
808631547885072196,43,43
809748562394137646,0,0
810047099857743100,0,0
810121182812488899,0,0
810241752295430773,3,0
810261554820402628,0,0
810426522723187669,21,21
810446395831534876,34,34
810755302125055085,44,44
810759129656828106,22,22
810774276186071072,2,2
810830041327117144,9,9
808631713116748676,43,43
808631814620049469,43,43
808631861903365769,43,43
808631954436702819,43,43
808648020409908524,1,0
808681126216283038,61,61
808699334181989276,0,0
808720738631007169,17,17
808833553841121814,0,0
808885374393371918,27,11
809308909633542851,41,41
809348379579209580,0,0
809427195635289424,76,76
813700748758406957,44,44
813700878957374342,44,44
813700902189641448,44,44
813700910308163425,44,44
813700923615597690,78,78
813700999695743209,78,78
810830154939980866,16,0
810837590982382456,13,13
810871681374370809,1,0
810943286160067072,0,0
810971498556407640,32,0
811013982349538234,0,0
811090179019174805,0,0
811100013407497294,0,0
811104333421246935,21,0
811117815315882021,0,0
811131528679964756,0,0
811177977370215808,2,2
813701095604735279,78,78
813701182063614934,78,78
813701258122616967,78,78
813723668254003862,76,75
813784922457452129,1,1
813793851865030503,16,16
813795604614689001,69,69
813951398799568395,48,48
814035938732105780,13,12
814140499041386815,0,0
814152362544321220,71,71
814152493798462336,87,87
814152878553377349,27,27
811411264175754624,2,2
811452732576174040,49,49
811480555977826304,2,2
811503738270440757,2,2
811506563530860077,0,0
811509208342037066,60,60
811516531230788102,2,2
811520842318764028,79,79
811605866541468809,1,1
811616685470196321,40,40
811638251522261624,0,0
814153223490009645,69,69
814165801113930661,79,79
814205748018769851,0,0
814389628127016237,0,0
814665504437654778,55,6
814741679869275205,0,0
814771298476429904,0,0
811691110854757146,18,18
811784480371839660,0,0
811794915460622851,30,30
811811665116059750,0,0
812085758104612936,0,0
812091939598457827,0,0
812142220944834128,19,19
812303911037205133,2,2
812363361679077941,39,3
812364312949019978,0,0
812515079646741128,0,0
814892634456211326,56,56
815080795559184911,44,44
815120807794894299,6,0
815148194323194736,5,5
815172160252307723,0,0
815196047046719915,30,30
815218881748870384,3,3
812525039857019552,31,31
812549975278498757,85,85
812595351840904723,0,0
812614501465645508,1,1
812619518792931382,2,2
812649282770207903,2,2
812650377737473108,0,0
812824433682429889,56,56
812880173137857472,0,0
812888118606679527,0,0
812891874403369462,13,13
815228833904226428,1,1
815232656029874377,31,29
815297256040670413,0,0
815302297449439868,3,3
815406323850393403,33,31
815511875786313806,0,0
815792550504150908,0,0
815797184519517960,0,0
812904501672660576,0,0
812918853506988002,1,1
812940893548383179,16,16
812942450524640668,56,56
812960706146211564,18,18
812963637210021030,47,45
813080654981727113,1,0
813087117074496388,0,0
813179182445362705,39,30
813619299927003389,10,2
813641968666191978,19,19
815884900758205734,0,0
815891316205624928,1,1
813643267419061734,53,53
813644062830607785,12,12
813647055281162664,13,13
813699540556853516,44,44
813699649442418444,44,44
813699714183483903,45,45
813699809642365517,44,44
813699890174846244,44,44
813700036702759694,47,47
813700131988722555,43,43
813700178841582736,46,46
813700254399959987,44,44
813700326001228334,47,47
813700607153501046,41,41
818098463249824835,0,0
818099336473939614,46,46
818113264111815180,48,48
818117820760322238,33,33
818118331588449510,0,0
818119556081729494,0,0
815905515940429741,0,0
816102839080885333,9,9
816157784605639443,0,0
816171035608966135,21,21
816182291434872215,40,40
816198208667605511,0,0
816198935601828467,0,0
818123992750150461,75,75
818124366423505608,2,2
818125827182233766,0,0
818179625602858926,0,0
818209290472580619,32,16
818211569486005441,21,21
818227802719333778,75,75
818273690583791382,11,11
818367829841705210,0,0
818785714339118256,75,75
818852366357722810,1,1
816320941221100049,0,0
816524551462962260,0,0
816562775705428231,20,20
816631469133589049,2,0
816693930212687676,0,0
816753648317535998,46,46
818879228507700705,1,1
818990900951340331,75,74
819298965203188593,37,33
819412869698280943,0,0
819414242602084580,0,0
819507461872359629,46,46
819586023258001487,3,3
819711620719566358,0,0
819761922178142776,18,18
820157543740584290,0,0
820166028658823579,0,0
820269361113262338,0,0
816768813156134404,3,0
816783428767938211,51,51
816848131067274281,5,5
816897152453807680,2,0
816918519230676255,6,6
816988342858515999,61,61
816993818031596566,46,46
817035992237456061,50,48
817229143963095637,21,21
817246542999315934,63,63
817320349485433078,1,1
817334784336936618,0,0
817335563051823039,0,0
820361475735199804,76,76
820400240250706265,0,0
820461274743680871,0,0
820498236955797984,74,74
820545553376050082,4,4
820671459392875676,17,17
820866532149885436,34,34
820930067227183497,1,1
820973617127079733,73,73
821008630461119661,15,15
821012397088618609,62,62
817337173977098818,53,53
817402844618103366,8,8
821019243721350862,90,90
821019725341194896,16,16
821027441104935897,75,75
821029707655831334,0,0
821030948961436015,44,44
821031571738778785,80,80
821031760388969580,34,34
821032662304058466,72,72
821034110666008939,1,1
817413068766513902,0,0
817419227535954823,3,3
817490864743448479,59,59
817571435911571082,0,0
817583298347048306,0,0
817650219257594527,0,0
821035041004824848,0,0
821037493315566324,0,0
821039716685433489,0,0
821042511119924424,43,43
821045754911305756,46,46
821073821703888212,76,76
821107792105703176,0,0
821496587955779196,82,82
821620096485245785,0,0
817890817475549196,60,60
817891489793125737,72,72
817955264395137862,5,5
817989481842751653,0,0
818063842815793153,72,72
818082696608058770,46,46
818087759889734860,15,15
818090794671877501,15,15
822706296375987906,1,1
822707124118259327,63,0
822728503736189326,5,5
822759892870461459,0,0
821678072574201886,41,41
821692456646624732,32,31
821694666164845198,0,0
821745411929728188,3,3
821812150063956321,3,3
821872067238466790,85,85
821890279132867622,10,10
821903428567245708,36,35
821912872421792536,8,8
822040136625069944,0,0
822188649801139573,38,38
822778389069736671,59,59
822928524915128534,31,31
823127133379819604,0,0
823162870267898572,1,1
823187166558406333,0,0
822309277505612588,0,0
822333830723573461,17,17
822360755166514836,2,2
822366022120332071,18,18
822376759890209277,2,2
822381092426074362,16,15
822383556854983290,0,0
822384074004886757,16,15
822516214222849642,0,0
822551687278405345,16,16
822558617844543273,0,0
823240139168836992,3,3
823268495658074188,47,47
822562635742641880,0,0
822597665094988187,24,10
822627637431135533,1,1
822658910988915901,2,2
823424973232990714,1,1
823439230480225108,30,30
823456614151897188,3,0
823475329896774330,0,0
823481564766373076,2,2
823497836432683079,3,3
823303445503305544,0,0
823313323356004030,0,0
823336914508128675,9,9
823349333746787093,88,88
823353128006666274,0,0
823357651013487120,90,90
823377990550060379,2,2
823392763573738506,17,17
823403018504800609,76,76
823499295842099216,5,5
823518170965571711,16,16
823533625613996196,57,57
823726404934978117,69,69
823768357799813386,0,0
823801547229200571,0,0
823802490232227719,0,0
823814510650049791,5,5
823846058822740902,0,0
823892595257100057,0,0
823919993371756124,21,21
823406575491358222,67,67
823416365857983355,76,76
825968755994219686,0,0
823952971853742254,0,0
823957834958768027,46,45
823967185013463654,1,0
823980443835339124,0,0
823983957277988099,66,66
823993957815916168,1,1
824002783527215478,45,45
824011222162507231,31,31
824015275540386225,2,2
826005317265632784,0,0
826090426619216861,0,0
824019592196865018,64,64
824020651172625704,53,53
824027183533763671,69,69
824043361946855010,48,0
824061685139152766,63,63
824070818784226501,71,71
824108080864720053,33,33
824137752947298282,46,46
824147186167780504,9,9
824158611517383045,11,11
826094504335640745,70,70
826143163900874973,89,89
826156647361541326,0,0
826179887903185453,14,14
824174671761430852,0,0
824184435065961691,46,46
824207879465231300,48,48
824207931155452360,54,54
824218029309043587,31,31
824311609636415604,2,2
824313129458639258,75,75
824316796061727879,74,73
824327659189660889,57,57
824505288280530137,2,2
826261336861117040,0,0
826289502008928314,2,2
826294884471865993,0,0
826301711151025362,2,2
826324925710643890,90,90
824534556141352442,90,90
824581370085361147,0,0
824642500642437382,73,73
824655023444498473,18,18
824659055427131007,41,41
824679086783355249,62,62
824686093613308495,18,17
824695090652114564,3,3
824700906411010143,45,0
824703307818049942,46,46
826423047200477941,6,0
824706664345603007,49,0
824708897502231070,0,0
824715925621326462,75,75
824723283087430170,76,76
824736120120911591,30,30
824749079501370777,27,27
824752784171698084,53,53
824773807735374874,38,37
824780355637263365,89,89
826453415903291508,21,21
824789430249331702,30,30
824800297869336058,33,33
824811980486472568,76,76
824816865720447714,0,0
824818738378350048,57,0
824824780487803097,0,0
824835446046541942,75,0
824846750512618687,64,64
824852741556658878,75,75
824997515300157532,73,73
826470917092943853,3,3
826490298309242331,2,2
826626089794986454,1,1
826770129027843748,6,6
826787661243638037,5,5
826789265612203414,5,5
826791045908778765,6,6
826816052014979983,0,0
826953587228902015,75,75
826954611754394920,6,6
826969224903199121,83,83
827002640925575966,46,0
827078574137668934,17,17
827097157771063800,0,0
827131170644556587,1,1
827375358691225325,81,81
825104177467949534,1,1
825247324039186969,4,0
825394549344382800,59,59
825404242518614691,0,0
825477784904207437,17,17
825614184713515354,0,0
825659657962304806,4,4
825662123526063902,0,0
825866626338422850,1,1
825868177889502720,0,0
825961541772527159,0,0
827376071474257667,1,1
827384477544852712,1,1
827423328399331714,32,32
827423858824146634,64,64
827438472468771617,2,2
827442154457479957,3,3
827459282145425543,3,3
827462961830020987,17,17
827550929803566942,43,43
827637596661542309,0,0
827670335196395931,76,76
827691914693479588,3,3
827782225194164859,1,1
827798633571141179,4,2
827836215881086208,13,3
827846475904191618,2,2
828084046100883383,48,48
828152028875658486,0,0
828379893246126050,22,22
828468031489975936,1,1
828491603632171940,0,0
828516904142959209,1,1
828598203084494281,0,0
828721642953831245,0,0
828797602316326682,9,9
828849279205396178,0,0
830964462652326315,85,85
831063643941032636,10,10
831071199689672078,26,0
831167886889726935,75,75
831215011193019352,51,51
831287359195264999,0,0
831345651987770923,46,46
831397199080648683,83,83
831403481895281193,1,1
831408392595434781,0,0
831527649339027569,2,2
831697507976036146,0,0
828892761093335605,5,5
828921231509400639,6,6
828923867578229929,5,5
828943044984014984,0,0
828975443887378700,3,3
829004570141942872,25,25
829139485988087913,0,0
829141633548661267,3,3
829274057349888000,0,0
829412640299033842,0,0
829588915244027854,0,0
831739059877804982,0,0
831804006273315173,76,76
831871731252762706,69,69
831877664353048825,9,9
832049412685764760,0,0
832075125839194086,35,35
832116320078489581,0,0
832495545734122740,2,2
832521423146425469,67,67
832527577617424055,0,0
832548311451530382,39,39
829707243638137134,0,0
829992739790275700,2,2
830074407524805248,70,70
830074416009533879,90,90
830168647098232618,2,2
830243073885397256,1,1
830351042822418501,8,8
830355450769846735,8,8
832551996657489389,45,45
832588755686473265,0,0
832683569424728746,0,0
832687086291691082,5,5
832825426759488355,0,0
832898798402597028,0,0
832926612618262513,16,16
832972180699048511,16,16
833232881348220878,1,1
833238100106571339,16,16
833310434929138937,20,19
830381769674857235,0,0
830527470253057745,9,9
830610321913691030,0,0
833458528952634774,62,20
833459635350821137,1,1
833469190636161184,18,18
833472723526637676,18,18
833546667597076093,0,0
833553765502450102,75,3
833588625708953989,34,34
833871341556397892,52,52
833930218211281670,0,0
833971342027321234,63,59
830634705984116989,47,47
830647567231017102,9,9
830656153550799267,0,0
830663161811026177,0,0
830675617804023987,0,0
830682282357157632,0,0
830888639804240919,0,0
836149853009345396,12,0
836161130834370018,0,0
836217704130033621,3,3
834135838650148296,38,38
834146352038910394,0,0
834211463376372321,75,75
834212331898670829,0,0
834659504424086824,0,0
834674710327656289,3,3
834707675807140705,1,1
834733705556228356,76,75
834792528293666440,0,0
834818502256471453,0,0
834851134880546221,37,37
836251283404712012,0,0
834856584078486542,2,2
834870310815433942,33,0
834898684259417407,75,75
834949788293241118,1,1
835034745398769498,0,0
835084945814496465,21,0
835091050665213129,18,18
835469828197383326,46,46
835594991970270595,0,0
835628809880515514,15,15
835660547513374753,0,0
835694570564388515,7,7
836260974611821702,0,0
836291707199025319,2,2
835746654919179374,0,0
835838690863724345,8,8
835879999990852486,0,0
835923623157525975,52,52
835928798451571206,47,47
835934696620291215,54,54
836098744894657768,1,1
836106623462339161,61,61
836109742135678312,23,23
836329016202899281,49,49
836384541536463197,0,0
836392619479597624,41,41
836435885170591095,22,22
836505598393075125,6,6
836606637923430367,0,0
836110322731098202,22,22
836118007460273820,23,22
836120656034901766,18,18
836120834301143556,18,18
836121760362411323,15,15
836126872335757274,15,15
836129981914196311,15,15
836143712015846264,17,17
839233785270413877,0,0
839331256860792652,90,90
836823818517192081,62,62
836866377132234949,19,0
836909205162247606,29,1
836929065600380921,1,1
836969659440950649,75,75
837020791066932572,15,15
837029221074776517,2,2
837067530170726009,61,61
837108131763380339,71,71
837149679437985752,76,76
837213410815312557,32,32
837527940398716058,0,0
837553678722454357,0,0
839363985423930842,33,33
839373823395998459,0,0
839415800079955074,0,0
839542253443554475,0,0
839607315156742936,0,0
839728752538060549,0,0
839814083143454171,3,0
839832783319798273,1,1
839839486162945362,0,0
839890870797460528,0,0
839904583057491087,22,22
837566909774970014,0,0
837568954273931987,0,0
837570147831223278,0,0
837590494379094798,0,0
837596213891828121,9,9
837601171260417968,7,7
837615861348802891,23,23
839929647945498049,0,0
840040983573141067,3,3
840059105346034575,0,0
840073360095363711,3,3
840080434239845095,0,0
840162350804421213,0,0
840185619302876324,0,0
840764593032045208,0,0
840836892210118758,76,31
840868276915949369,20,0
840915812158141698,75,75
837637518064498209,61,61
837666970450706079,47,47
837677241873217389,67,67
837705512484546536,0,0
837710549549184416,46,0
837729407448901485,17,17
837753949170835159,29,29
837800636838438304,6,6
841290111633455074,3,3
841292661317496577,47,47
841313992614806016,64,64
841368449428969241,0,0
841375126168259482,58,58
841416582693430357,3,3
841524934066364511,0,0
841529572949852894,3,3
841536197790389488,57,52
841606960010578720,0,0
837805409340962721,0,0
837852270134939044,1,1
837888270806369904,1,1
837909730353865269,0,0
837943422499844318,1,1
837954385452241019,0,0
837973163592414954,3,3
841959017859906169,14,14
842055611883190347,36,36
842077360551879392,18,18
842118935122565420,22,22
842119542861549682,20,20
842134429783883479,0,0
842154812552617797,90,90
842231360259291598,0,0
842270334846674618,58,53
842303573357572989,6,6
842313497808225078,0,0
838047023330162496,0,0
838047027381953926,0,0
838056713765994438,0,0
838140438684301140,2,2
838140921544263409,2,2
838141198693830649,2,2
838218404811254111,0,0
838222335282904975,0,0
838263870384970566,1,1
838318413207505639,0,0
838321552121170735,12,12
838394397813629156,25,23
838394410576749777,25,23
838395550207777533,28,27
838395592635084674,28,27
838396200639462555,28,22
838396258978907145,28,22
838397208918790811,6,5
838397235092710954,6,5
838398014030428314,11,11
838398909112953315,3,3
838398942008603733,3,3
838399571553368478,4,4
838401104644859332,5,5
838401473840672035,5,5
838401736384901161,1,1
838401787970872996,1,1
842332006598538904,90,90
842654095670281349,2,2
842691777475545064,0,0
842710704051634071,65,65
842724427498164965,76,76
842725190103388713,0,0
842737477080675783,0,0
842755346079535776,2,2
842763254864969121,3,3
842776676158517297,57,52
842790326832860482,56,56
842802021893434513,15,15
838435059333997811,33,33
838475540075168335,15,15
838479379827845777,0,0
838643680804220913,32,32
842810190442498314,33,33
842859220033081539,12,12
842869121048490608,0,0
842876131443629692,29,27
842923312130748655,90,90
842978126440326634,3,3
843026966136839934,2,2
843041198653798373,0,0
843067632656304283,0,0
843120641045897604,1,1
843182778674338264,0,0
843260927484263191,1,1
838864017534757170,0,0
839002442072975085,0,0
839011785416234767,0,0
839016996293180615,2,2
839034010728630188,1,1
839138896528698210,3,3
839214509166617431,39,23
844017044001139450,55,55
844017048694252681,28,28
844029641961371023,32,17
844045896754574247,20,20
843397008430876455,32,32
843420472067241296,46,46
843421506658841795,3,3
843433367407788343,17,17
843468602620951565,35,35
843487553292371210,41,41
843522384418926967,8,8
843566843959251599,7,7
843579161660140499,16,16
843604153165005184,90,90
843636324402955937,7,7
844299534820696669,64,64
844467180001617592,6,6
844838352973010367,0,0
844894433843203713,0,0
843637443120669075,3,3
843639399638398264,3,3
843665683615037862,76,76
843734287924625124,0,0
844016394264859192,23,23
847330895220128568,3,3
847386759152293390,8,0
847388401932859187,0,0
847388511756915536,8,0
847465090794164037,9,0
847465600706448568,9,0
847466013022342204,26,0
847601654133805278,27,27
845041278365372205,34,34
845098253984969033,0,0
845209255123786924,0,0
845212590532301127,61,61
845309991878712816,0,0
845445184509419817,0,0
845498300976332882,79,79
845527050253596944,0,0
845549971133257062,2,2
845560218300355960,0,0
845589524179766526,1,1
847617675503248401,41,41
847626209769232363,1,0
847639728651809011,0,0
847640425209694488,0,0
847645121415435614,4,4
847655639426494365,42,0
847655996659849184,28,0
847660310915905721,0,0
847855209945591399,0,0
847865407352734596,0,0
847891629085072408,6,6
847892495602190847,5,5
847893904007149152,0,0
845593284017518424,3,3
845593471934446203,18,18
845595188056013778,49,49
845596919658541172,18,18
845673513670510598,75,75
845690400377865245,0,0
845739414386723045,90,90
845774618918742817,21,21
845816211549767578,29,29
847896617602380673,6,6
847903499686362983,0,0
847981869518764074,0,0
848015889649001582,32,0
848016474539459585,15,0
848016516513859179,32,0
848016961737918401,32,0
848063156347741909,16,0
848080152090891276,19,0
848080360692448777,19,0
848080492358904634,49,0
848081973688682867,0,0
845846218230382008,46,0
845886253089070623,0,0
846019068928133440,90,90
846159021680447362,2,2
848092180307734416,38,38
848096495893199846,20,0
848096536616781570,21,0
848096577738722997,21,0
848110172251227897,32,0
848110183986168498,45,0
848110289480552133,32,0
848127304112491553,32,0
848127498966265828,32,0
848233961169303607,16,0
848235377484027783,31,0
848404919151240985,0,0
846162633162567022,0,0
846286215701421421,0,0
846357775746150075,20,20
846382535724977704,73,73
846450091131794279,0,0
846483577749999772,54,54
846502217501118724,0,0
846524013295393960,6,6
848416944928326419,0,0
848434404988665136,0,0
848450247029135377,3,0
848458045522763649,0,0
848571829871964537,4,0
848577958550471596,0,0
848600126597705252,16,16
848627681349272330,69,69
848639150774171406,75,75
848648275744932650,0,0
848688887881823440,16,16
846546411200661715,54,54
846574892613212583,0,0
846586911099384637,0,0
846587639339097812,0,0
846588200975991761,0,0
846590675323805869,0,0
846635199398720517,9,9
846649168437586864,29,0
846649972533138229,44,0
846650210494283864,30,0
846820283724677140,9,0
848700499893494953,0,0
848890927389228890,33,0
848902677120579848,0,0
849089372266891592,30,20
849141207957610737,1,1
849159989403541622,0,0
849199148002707818,12,12
849315412913343353,42,42
849355298615771362,90,90
849458722007621708,2,2
849516540539302137,35,33
846927779366533939,15,9
846954471654735419,24,24
846973595051672684,42,27
846996887188956947,2,2
846997594331753366,2,2
846997756027374861,53,53
846998028506317248,52,52
847054486959264514,0,0
849578246398069958,1,1
849766949872596187,21,21
850000058467889828,1,1
850062518718398723,0,0
850068604258737442,0,0
850085679404038080,48,46
850200906094037889,37,37
850619180497787481,1,1
850620715416914851,1,1
850655651403503454,21,21
850663853879529531,0,0
850720093399986020,56,56
847054632364156092,0,0
847055000658915850,0,0
847060268481987785,0,0
847073826029422248,47,0
847074245784350188,30,0
847076168679282117,50,50
847087780844574910,2,0
847088264340785190,30,0
847088716587790052,0,0
847095858274228094,2,2
847102011520679894,0,0
847103411295151523,1,1
847104056413213162,0,0
847104466265879180,0,0
847109091829310539,2,2
847111592468506161,2,2
847113109243256072,0,0
847113408334252715,2,2
847114373874850420,3,3
847115675515322373,3,3
847116877701345265,2,2
847117939267245013,2,2
847275579020579828,41,39
847276077259113716,36,36
847276083866577520,59,59
856524140333584118,58,58
850813236031594023,2,2
850926985725345985,40,38
850956416012110188,40,40
850972829284174961,21,0
850994914110684147,83,83
851268870316740374,0,0
851299489251343109,2,2
851412920625087858,0,0
851418937274147108,33,33
851448450763390690,0,0
851448591738600547,38,38
856530614801644801,42,42
856599453891459700,13,13
856617809936726317,7,7
856651933812762904,74,74
856674365271587414,1,1
856735434937708938,3,3
851515275801895869,0,0
851703525774434254,1,1
851748434941515981,1,1
851766109438536589,0,0
851923089381776992,75,75
852041223399275274,16,16
852055362497766950,16,16
852058233566906557,16,16
852097762131147029,2,2
852160252498960329,0,0
852165218048122423,5,5
856790465100420535,3,3
856843124617214103,0,0
856885310810415292,33,33
857023774778549107,3,3
852216245968244426,90,90
852231888519393589,0,0
852293809096264492,44,44
852308974299854597,0,0
852309506287905145,29,29
852368647478352245,89,89
852449415230221774,0,0
852496524274576225,16,16
852508254859011603,17,17
852516497115442763,1,1
857039314350675881,42,42
857062198263789456,0,0
857079026453430439,60,60
857103803651618158,76,75
857118576611621658,1,1
857137247614597916,90,90
857168594847563363,37,37
857216097977521005,16,16
857341470604785256,0,0
857422905691998850,1,1
857494972694879607,0,0
852533216053517812,0,0
852764807433955299,0,0
852767241219252179,2,2
852772116672194327,1,1
852778088990777217,2,2
852780155600628104,1,1
852794733717967525,16,16
852835857036904951,0,0
852884650232682299,21,0
853028685326156511,54,54
853033045815699256,0,0
857528404754752841,0,0
857576331544501191,1,1
853129844194650967,3,0
853269117514653481,1,1
853297381076137114,17,17
853394785192534016,88,88
853395099537494702,36,36
853397682106333181,37,0
853462912641913538,1,1
853527797749614251,1,1
853538253952954070,1,1
853544111045060406,0,0
857775785561769964,0,0
857869072143873415,75,67
857881360655894278,46,46
857908098860949283,3,3
857920249258512670,67,67
857981626958643059,3,3
853549269559834283,1,1
853556061476001808,0,0
853872315370637096,6,6
854223736955826087,2,2
854263144503416151,13,0
854263401766388076,0,0
854291865963468254,76,76
854306012372296522,0,0
854361894828191891,35,35
854439069631231361,1,1
854453201801767998,0,0
858062545028044267,0,0
858187104921136513,6,6
858207672407178675,2,2
858226550408323497,1,1
858272839740348480,0,0
858347373190592469,0,0
858363213045151752,14,0
858363357004653229,30,0
858375248220142360,0,0
858375339865080486,0,0
858387567775297411,0,0
854462861008883615,23,21
854486627998924274,21,21
854520205864838749,73,73
854904674304723636,77,75
854942696371313509,20,0
855007125292598413,0,0
855169787137770665,3,3
855175287799087813,74,74
855233330415172667,33,33
855287462356191079,1,1
855598725483695879,0,0
858387723747910511,0,0
858399512890496136,16,0
858399593452569222,15,0
858407042370719206,0,0
858407311840630098,0,0
858598495752844251,0,0
858679273196045423,21,21
858692711504711206,2,0
858692736399542780,0,0
858697692672545141,1,1
858708323647967485,90,90
858736119167717150,76,76
858742884623844884,2,2
858763587774457966,20,20
858766169880558606,0,0
858782177517024951,0,0
858809320345619069,0,0
858818652549978819,0,0
858883993478311814,0,0
859155756002790635,0,0
859156243688052974,80,80
859225590386560233,7,0
855633038154233030,1,0
855668327946765991,44,44
855690998868030307,16,16
855699631161038780,6,6
855705447881368204,2,2
855858117414211119,0,0
855951770337839321,1,1
855961894411260875,0,0
856028372002335063,0,0
856249316379328038,0,0
856256646708066759,43,43
856336581177236867,61,47
859272312597021667,36,36
859277415032066601,0,0
859438428652667504,0,0
859474530990564004,14,14
859501218380850887,78,78
859528646796757629,0,0
859664945143080328,24,0
859676226888260227,38,34
859771139425703476,59,0
860170703368011018,34,34
860171140269043383,27,0
860219417695095744,63,61
860227774915414023,0,0
860241816039531223,51,51
856342584842710318,0,0
856356860792519943,3,3
856382292926202871,18,18
856469032632992649,60,60
856506863490306029,0,0
860952695632753606,0,0
860957832109972386,0,0
861015405984233526,90,90
861178335307696212,1,0
861322572787764783,29,0
861323064956564179,32,32
860268952074614380,24,24
860361043532113527,0,0
860474038279127366,0,0
860633567026070430,30,30
860788937069153064,30,30
860909296421311500,13,13
860931776707434916,0,0
861425260494982827,0,0
861436290141272191,2,2
861473992704197120,8,8
861553709041397027,0,0
861568329854889553,0,0
861584964614132041,3,3
861588807272031658,16,16
861625396155486382,1,1
861663857199612878,0,0
861711118861248957,0,0
861766175836746276,59,59
860932964024906492,0,0
866409594143336866,1,1
866504897024300729,0,0
866505935950430131,11,11
866518628279065718,72,72
861772055508285344,0,0
861891356327666003,2,2
861919045907837234,60,59
862230618495914543,1,1
862268458010507312,75,75
862301260631895369,0,0
862305603268828965,0,0
862309799594851931,5,5
862309807710272679,3,3
862309850904527778,2,2
866646143317431123,90,88
866698991976612799,8,8
866705350619669421,0,0
866726967608392853,90,88
866730343707283334,0,0
866773461643841206,17,17
862322431639063003,1,1
862336728395638313,5,5
862340552185387998,90,90
862341303159465325,20,20
862392240139597676,49,49
862392297051752336,0,0
862396248650036781,0,0
862558605624506287,19,19
862624693922580366,25,25
862648661131276981,40,40
866859234391760001,26,26
866879869677043120,53,0
866931048866229926,16,16
866980963931403533,88,88
867195127051545817,1,1
867315278647828192,16,16
867385242229456287,0,0
867404878141992486,90,90
862664998185425084,88,88
862665135567530067,36,34
862911460310554685,0,0
862998268756294318,0,0
863070486728957833,0,0
863079371414230030,75,75
863086394921757756,0,0
863089350951779284,51,12
863097642422799837,6,6
863124089220260072,18,18
867406219730555446,0,0
867448908138953559,31,31
867503961112419494,0,0
867508048947886657,27,4
867626578080817403,1,1
867959795483328509,74,74
867964370199094869,30,30
863144823566273407,34,0
863149230242102130,0,0
863165314352438678,0,0
863254886048091265,54,0
863368962371246498,2,2
863594130425703140,2,2
863615264380782152,40,40
863670264173228640,2,2
863679242254441670,66,66
863733005126162178,2,2
863746617249208195,0,0
868140173684117848,8,8
868166766328344635,0,0
868171732866655474,0,0
868172672914462379,0,0
868216255208611744,72,70
868230945039269409,63,0
868474870479421673,2,2
868477109181268687,16,16
868480657659408701,2,2
868483861214719143,1,1
868486577217492874,1,1
868488509107014555,1,1
868569804607766610,90,90
868570078307759732,0,0
868570296963582156,71,71
868570518187338432,0,0
868673656780128788,2,1
868765638450836099,2,0
868766002052094233,0,0
869036462295459983,6,6
863837770757500365,2,2
863865333531295342,26,3
863876694593467545,9,9
863952239676350529,0,0
863970120056671899,3,3
863994418425862340,3,3
864065069541988795,43,43
864120969128195666,0,0
864253646080660921,0,0
864396960975387562,0,0
864414440563027383,0,0
864683250052604503,0,0
869073628135619552,18,18
869156231243048170,90,90
869351964326385706,3,3
869434362358340890,2,2
869436219398511813,0,0
869437892385447179,2,2
869485537018723078,1,1
865171499991948256,2,2
865230549026339190,0,0
865335974410390719,49,49
865479841102912873,69,69
865486116964150164,0,0
865605175906629028,2,2
865787534997394407,1,1
865791593782195807,1,1
865795436428289529,2,2
865828592376110628,16,0
865881075739058090,0,0
869517168278341365,32,32
869545990885002095,23,23
869611205356082975,0,0
869666016368939884,61,61
869681711796123936,16,16
869697696378563569,73,73
869720755755708085,60,60
869724433981873555,43,43
869914087181379816,3,3
866020391538719699,25,25
866028568381589241,18,18
866204046810136699,0,0
871690724659514256,0,0
871694470132446535,2,2
871703040677169039,2,2
871704761882387574,2,2
871714936110930463,3,0
871715183170311780,2,2
870114342679438920,28,28
870204063188789346,0,0
870212853386092000,1,1
870319787566373067,0,0
870420092221946863,2,2
870662801624917253,0,0
871071720172614762,38,38
871075934437189983,11,0
871090697729762049,0,0
871115043844246546,90,90
871130656679130119,0,0
871715898393504185,5,5
871751061108347115,0,0
871803798146386577,76,76
871915107924718633,6,6
871920706861738130,0,0
871923582054657873,0,0
871933212421118004,0,0
871947516587211409,82,80
871990853610302281,0,0
872069543250517180,86,86
872353328761318419,83,83
871154078710229055,32,32
871154085124580402,16,16
871162499986291750,59,59
871166936573252303,56,56
871169372301220033,0,0
871177819664985065,35,35
871200484656283015,6,6
871264661238205649,1,1
871418642369055707,16,0
872354212473704575,0,0
872364633069066620,20,20
872433134615415805,46,46
872437778753078941,0,0
872484146849792661,76,76
872614266621442181,90,89
872649906150203058,0,0
872682429699521331,0,0
872684583358280151,33,33
872955687554776108,87,87
873038476887648108,15,15
871580459593329391,17,17
871619561329335050,79,66
871658809501519241,0,0
871663274448137972,0,0
876226945175831446,0,0
876235231260401337,31,31
876235378836442155,42,42
876256546845874342,45,45
873042603262132939,0,0
873085539866772060,0,0
873086414676039507,18,0
873101518537780650,0,0
873110287064843178,0,0
873112974182017252,15,15
873144717960029601,35,35
873155515991837871,7,0
873180723841124206,0,0
873267481107160615,86,86
873344317841191519,1,1
876266328795403242,0,0
876282504475875674,5,5
876347715276058077,0,0
876614264590071419,78,0
876614541042696364,0,0
876647319879096867,0,0
876653842747087546,1,1
876659293023550038,38,38
876664384815230551,0,0
876667954357958567,0,0
876713339623757524,3,3
873392253229649061,0,0
873413181470892642,0,0
873430115241136891,21,21
873460455740000460,75,75
873760440325280092,0,0
873814186773464575,15,15
873893383484027284,13,13
873916511344650748,33,33
873993790318497072,0,0
874014837335023042,0,0
874094083624913235,3,0
876721321003233992,0,0
876799791104516669,46,46
876801663993159168,0,0
876860275309566281,0,0
876897059725496601,0,0
876960001305787820,6,0
874129511957862751,0,0
874179378603271215,2,2
874183848767785412,1,1
874469617099566229,0,0
874704133332727362,2,2
874892322289038312,75,73
874974131617764309,30,28
875223366460944377,29,29
875225792794462721,0,0
875230304910055828,2,2
875235562848665848,0,0
876976573490909729,17,17
877021428085946807,72,72
877259522989056749,0,0
877260115601894218,73,73
877378924316197141,18,18
875244209407489646,0,0
875397670499949808,75,74
875402584193811191,0,0
875412715888417388,12,0
875426090400369943,0,0
875461933837332140,47,47
875491191200426915,15,15
875559783557211358,0,0
875563738026069726,0,0
875577037833995873,0,0
875638047484129213,82,82
877469016958154685,0,0
877470034896814851,0,0
877508466982043920,9,9
875686185069075165,1,1
875700220392682345,1,1
875706207754298042,1,1
875715248015928108,0,0
875730764561108879,1,1
875733442892648336,1,1
875920173051352993,1,1
875924275845763612,0,0
875944208628783437,24,24
875953820603062687,3,3
876035886247602169,0,0
877518268818132302,0,0
877582036495470050,2,2
877589150859074278,5,5
877594518474201118,31,31
877602226028132663,2,2
877620974568653457,3,3
877622101671250640,0,0
877638836723394886,2,2
877683060350871003,0,0
877724198833809998,0,0
877731639504424119,28,28
876082187462403683,18,18
876183083761892060,5,5
879848302925367431,2,2
879940798328309722,3,3
879999605697157564,0,0
880072783308872650,76,54
880322589423595487,0,0
880465322920413746,2,2
880473158416436159,1,1
880476290217593132,2,2
880478634300478161,6,6
880492416678821473,25,25
880514548120222566,40,40
877753061864919643,0,0
877760791836546905,0,0
877830748057150507,0,0
880643090819651668,2,2
880704288932050723,31,28
881060123019851725,1,1
881201185244371657,2,2
881270779058567244,21,21
881308253613816864,0,0
881322086488888673,0,0
881332060506998108,10,10
881361770950607277,0,0
881384171635357208,84,84
881414660645896635,1,0
881805988134105830,44,44
877978259455712594,60,60
878152671005832472,17,5
878174846329432963,44,44
878183485143735782,0,0
878236716768082152,1,1
878248054168336219,5,5
878314281406257686,0,0
878323950122469426,6,6
881806004898184580,3,3
881815895437767923,0,0
881850516071417144,39,39
881866129472923133,0,0
881870312319382422,0,0
881923995142509731,0,0
881951052718448493,0,0
882480223677449587,34,34
882495408207604385,74,74
882504391136032815,34,34
882522731362408989,25,25
878324692505211060,5,5
878330334269238127,6,6
878332173770248531,3,3
878336991435374403,3,3
878341490265135146,14,14
878344866337191031,6,6
878345911258968289,6,6
878484956150776375,21,21
878486010112549434,47,47
878493181649245779,35,35
878504836455661519,90,90
882549893727590653,16,16
882573523563771776,0,0
882595971500290010,0,0
882613861904586150,0,0
882646109434852484,0,0
882757009539519244,0,0
882779486860153248,0,0
882783908741636228,0,0
882786552465189061,0,0
882800080322962362,33,33
882856224474046393,0,0
878508342742172169,0,0
878578926841233712,9,9
878779890734878165,0,0
878835158773207422,0,0
878854857984940867,0,0
878880734446369699,1,1
878904671193875855,1,1
878986330028866170,0,0
879007455354395494,0,0
879107190027413874,74,74
879109717689809490,1,1
879190235208239772,6,6
879212821256418790,0,0
879268108054440691,0,0
882863046554328033,0,0
883013921802455774,64,64
883065285259132179,15,15
883112096841319366,31,0
883176015603021693,9,9
883178181130435692,36,36
883182374074172374,36,36
883193158224666341,0,0
883201159097081081,0,0
883285676623233005,59,59
883376890472012193,0,0
879482859725830688,0,0
879575087369763316,0,0
879604089705082068,0,0
879611314193733403,17,17
879619982852256438,23,23
879659947435780030,3,3
879677345725701125,0,0
879698575906629914,0,0
879734286848417235,0,0
883404921227567663,0,0
883443215051312945,3,3
883607653341164621,90,90
883767800069660956,0,0
883799106556646619,16,16
883865094666339873,0,0
883876153770919460,21,21
883955753472122104,43,43
883994021035260373,59,59
884114210754372592,2,0
884120983442669856,3,3
884182701924143689,59,59
885868802981405922,1,1
886123144988031902,0,0
886123153961243035,0,0
886123877714493336,1,1
886123887345983404,1,1
886124063208895750,10,10
886132465591212134,40,40
886205533399940791,0,0
886219533084350581,16,16
886265109629501124,4,4
886310753075905123,49,49
886337532266112789,0,0
886348642949589350,21,21
884315775213323321,2,2
884661357873554269,22,22
884716836263283661,2,2
884717759824402312,1,1
884797357819808676,45,44
884851071791030135,2,2
884852367757897872,6,6
884857952376173026,1,1
884927631933563971,74,74
884977596472621491,0,0
885532193980405410,3,3
886380153672699150,40,40
886380461999835299,73,73
886417469102966234,2,2
886492710478314470,32,32
886529699184775747,0,0
886596104702449661,2,2
886597010135767580,2,2
886601037739546869,2,2
886601349653370745,2,0
886733352930840953,21,0
886759118206964183,30,30
886759599511427720,46,46
886790767042370461,0,0
885691427528707438,0,0
885730568928410536,1,1
885741019242581636,0,0
885767130763705756,0,0
885780151968842531,59,59
885799158715550569,0,0
885863256256216530,0,0
889592904643916548,14,0
889593759763836175,15,0
889594088646234583,15,0
889622988320548425,84,84
889641086503997936,31,31
886856156430249385,4,4
886856656308012231,2,2
886939753063835891,0,0
886941255592981941,36,36
886959702750763340,3,0
889691690130486468,0,0
889742723078950861,1,1
889881692966378340,31,30
889881699353298612,76,75
889923075890414378,24,24
889985943152089806,0,0
890024618549880298,23,23
890071098609522032,0,0
890116632523721018,36,35
890421229308814399,20,20
886960046624888196,6,6
886986524185344876,0,0
887117614685325859,0,0
887154685365791917,2,0
887160291832994336,27,27
887257857262565594,16,0
887512887970220817,0,0
890443345054045797,0,0
890493280151398769,2,2
890578160748025477,35,35
890797400522621481,0,0
891250117443115197,0,0
891259523090721267,6,6
891376482225619641,0,0
891379223690923565,62,50
891379231793764534,47,47
891379236454192350,17,17
891403684596430333,21,21
891410283784110559,3,3
887604599187144034,41,41
887633775230094127,0,0
887637637608030314,0,0
887639458345644912,1,1
887698137449826556,31,31
887752876011773990,2,2
887825283612121065,0,0
887917763854717245,0,0
891532159853891550,47,47
891826372390355580,76,76
891857456096429680,1,1
891921998004425475,0,0
891954955953617483,3,3
891972022242665951,58,58
892031805528633128,3,3
892063550476731196,0,0
892079701167817777,2,2
892094079568963254,0,0
892107678392660367,16,0
887928547639866043,0,0
887939034837879097,10,10
887946742552972349,0,0
888097439041063087,0,0
888137734515371193,0,0
888140728520503018,0,0
888141481251242147,90,90
888141810408582652,0,0
888158663695997803,8,0
888253861914052883,19,19
892153575639889577,23,23
892163187280345537,78,78
892205665073544010,60,60
892234896229665553,90,90
892277263570627452,2,0
892640365984237716,1,1
892641611171517577,0,0
892682416283989783,31,31
892777186576928585,89,87
892876907569965980,7,7
892945511885181975,0,0
888268985092863449,53,53
888318454888684639,6,6
888340361696224224,0,0
888371361498172865,46,46
888385005019472825,75,75
888393397093662974,46,46
888426985116704427,55,55
888464832995798968,0,0
888515846857730382,51,51
888551200498958434,6,6
888668264357618033,0,0
888689436431655225,0,0
888955844898354270,18,10
888977225467358710,75,75
888991884573051686,43,43
892945902800833733,1,0
892968676280864546,47,47
892982419216339428,0,0
893129836556260443,0,0
893178433399302391,0,0
893384294866390910,3,3
893419014177589726,0,0
893463322764370554,7,7
893539889281697061,55,55
893625554299121309,13,0
893630966117525428,0,0
893642577224806699,9,9
893659289184810838,2,2
889230306877998461,74,74
889324274258344955,63,63
889335002923209336,3,3
889473480615870803,46,0
889475251699831134,0,0
889476110467771648,0,0
889501469587544100,32,0
889501516298878961,30,0
889520045192057788,15,0
889554072794418595,16,0
889554354331086133,0,0
889554711332025927,16,0
889566425818179772,26,0
889566540064154051,24,0
889566654051073571,26,0
895166281363796536,1,1
895476726063394199,2,2
893683257073499708,47,47
894060385873877940,36,36
894089586985952896,0,0
894195367256167429,53,53
894236663009316679,64,64
894303627800187949,32,32
894322542386341043,46,46
894434095790244315,0,0
894500003651727444,20,0
894736262481713316,90,59
895502673828974285,31,31
895547053633648514,0,0
895681617796889995,0,0
895721582994627963,3,3
895728856553995817,0,0
895763093322058420,0,0
895829139047810776,24,24
894778231614694246,0,0
894783088681425080,77,77
894867782059127684,0,0
894870843494950968,0,0
894872935558886489,0,0
894875427208020599,0,0
894877034556090428,0,0
894878628560608342,0,0
894880971080403810,0,0
894883521311487624,0,0
894885186131205092,0,0
894909051395582827,0,0
895849504534728870,20,20
895852155449630100,90,90
895959960269467013,3,3
896178972601608711,0,0
896185778425447968,0,0
896396385687132511,16,0
896444436938739154,0,0
895007080264023582,57,56
899130967249343832,6,0
899205328206948365,0,0
899303829992786945,0,0
899314293384838218,32,32
899326733086710972,1,0
899437938846343113,1,1
899839811968884003,0,0
899872776956071144,75,75
899872901354773320,0,0
896467430216714455,39,39
896495832907038111,0,0
896504117378380893,21,21
896547434400061834,59,59
896561005310735467,37,37
896569389103548178,17,17
899892308740180470,3,3
899915234353462972,0,0
899921833554830653,75,75
899938894250085681,0,0
899955635638086571,46,46
899973821755358897,84,84
900031651019083404,0,0
900036861618829572,0,0
900041352632676461,0,0
900095243340236823,1,0
900161726918924857,6,0
896596674361213720,0,0
896651631960934014,31,31
896682251904851522,0,0
896939245238848955,7,7
896986299190547837,0,0
897089711642898827,16,16
897096495164150615,90,90
897112860184859342,1,1
897171274730049643,50,50
897188303018264214,6,6
897190757952784023,3,0
897191045434321961,24,24
897193173064996251,55,0
897323444335573582,6,6
897366772582089952,6,6
897441590874788617,38,0
900210961874346857,18,18
900301067012439683,6,6
900438606900160902,1,1
900523198699096632,83,83
900574988513659456,44,44
900624957052293778,0,0
900694366864703170,0,0
900756762692073591,1,1
900845159348542811,0,0
901353931813750670,45,45
901545811560679267,25,25
901594040588120254,0,0
897545763701951677,38,38
897596420535159358,3,3
897622871165711966,3,3
897671789573838437,18,18
901715413113833978,2,2
902105607895566798,34,0
902141236113014829,16,16
902175915785420178,0,0
902177470076989986,0,0
902190686960271673,29,1
902193682087373578,89,89
902208096486841726,0,0
902208295121798734,18,0
902274036912133963,1,1
902291503651491345,31,0
897773635353382964,1,1
897861455839507683,0,0
897898502325432670,0,0
897949174044168754,2,2
898032158839073557,0,0
898047985441174541,0,0
902301984135743401,90,90
902347488375525664,0,0
902455878427288307,2,2
902459784093602977,3,3
902634222332941527,32,32
902718214390417979,1,1
902809383437129274,0,0
902811891730431445,53,53
902812569692548885,47,47
902813434268355159,73,73
898077144962515384,2,2
898096440723080683,3,3
898174983717316349,0,0
898322310635830570,0,0
898351328210904074,0,0
898418380037475590,68,68
898425696243041784,6,6
898450531679969199,31,31
898474505239570380,1,1
898478373060986935,1,1
898479352749900866,1,1
898486431740648554,1,1
902887579708157197,0,0
902910536148547320,64,64
902927650985371940,9,9
902933858180439366,76,76
902938170390156566,3,3
902939115237127744,2,2
902949521262955460,0,0
902949768567349631,88,88
902960662716026845,47,17
903013004337597541,0,0
898489040303579774,1,1
898492860828688802,1,1
898493693947809120,1,1
898535197012301519,0,0
898606156114688562,0,0
898746552381581282,31,0
903025741591233106,12,12
903027129454197865,0,0
903052654757256299,60,60
903067025276062014,47,47
903068061959225269,1,1
903105549597436717,0,0
903110151305805922,0,0
903129847390759842,47,16
903398844698238420,0,0
898755613660028115,5,5
898762908764470763,12,12
898817174383059616,32,0
898833379500155456,33,0
898846217831725424,33,0
898904640609152150,6,6
898934003622395402,10,0
898934440823594118,16,0
898935195254453224,10,0
898986216952301480,4,0
898986457722079943,4,0
898999906860963978,0,0
899000055105472340,16,0
899019461092822487,20,0
899019513347024196,20,0
899019587397699911,20,0
899029977125048428,16,0
899030143126289346,16,0
899034823249263016,2,2
899119632256906495,6,6
903456647456152357,3,3
903458940669528518,42,40
903472266941997664,47,47
903472612170930563,0,0
903497169182793234,2,2
903518091869585200,1,1
903532779992444851,48,0
903538481180018263,0,0
903544724085136882,0,0
903558683099075132,11,11
903653179256778879,4,4
908674065556198820,76,76
908677070021981560,30,30
908678306945938969,11,11
908718589831607250,3,3
908758734185174325,5,5
908765271587049834,0,0
903694272951730564,33,33
903703292568953969,0,0
903726654705656695,0,0
903808034491004746,29,29
903846654931945447,48,48
903872405831157824,39,39
903935533025871679,0,0
903935606382398001,0,0
904259895461635228,2,2
904276013705839099,0,0
904286092272787383,2,2
908782132165679917,0,0
908902110868808889,47,47
908911613377383627,3,3
908972998408255760,90,90
909324042216967670,0,0
909349194222367057,75,75
909374871119358865,16,16
909408376953508661,0,0
909413687382641860,1,1
904291292488749810,1,1
904332116672992001,76,76
904349625576271247,15,15
904414164220627959,0,0
904418500045894711,0,0
904418713890170820,30,30
904438966406791286,20,15
904492002861613165,0,0
904523946643334652,2,1
904524100106225881,1,0
909492443054363122,2,0
904524223667771043,1,0
904535168405115188,3,1
904535302708188130,2,0
904535398460438459,1,0
904536587376482157,3,1
904537540621885048,2,0
904539767594839245,2,0
904539804821875705,2,0
904540328722572681,2,0
909549411811489192,75,73
909624529045715360,0,0
909635911978899986,75,75
909636006692373784,76,76
904540367562348011,2,0
904540799302575331,2,0
904541267271833455,2,0
904568307426790068,15,15
904585380099402394,38,20
904639583559716185,24,24
904891464938130487,90,90
904960548681723189,1,1
904968514528702932,0,0
904997635657518046,2,0
909946357885285259,20,20
910028509989680036,23,23
910081455813892137,61,61
910086340644888056,1,1
910115731942105916,2,0
910153012037513121,17,17
910216180478477144,2,2
910291003643099196,0,0
910673513043618573,21,21
904998041073180558,2,0
904999024053053483,2,0
904999753199429087,2,0
905031073149861760,1,1
905066559607295258,28,28
905070033065803206,0,0
905077900484113845,61,61
905083864275613467,43,43
905154913221917061,8,8
905178362266009348,74,73
910721238152346826,18,18
910723395719067100,2,2
910752913523912296,3,3
910836081162496898,39,39
910949023374171399,8,8
911059653094636598,6,6
905243732881843633,0,0
905310919641298879,0,0
905636887650555871,0,0
905651319684253457,30,0
905821067093280628,2,2
905824346824492855,8,8
905916927242175062,3,0
905998253119152699,34,0
906405971128285143,59,58
906431737761773574,1,1
906602360602163043,55,55
906697727244822806,0,0
911540975483008852,88,88
911614953936526319,8,0
911756533429812789,75,0
911813271676603698,69,69
911814955109897988,0,0
911833783853119078,26,0
911890555720855466,0,0
911987755597201939,0,0
912003079437996551,32,32
906708901829665684,0,0
906769734194982627,3,3
906795104264452299,36,36
907088727200673307,16,0
907164433967781820,60,60
907233238783890443,25,25
907252516607023149,62,62
907302757092037662,90,90
907315447065163180,52,50
907356347496873739,3,0
907422652648858189,30,30
912119017271777009,89,89
912119694048610928,46,46
912145313916489812,30,30
912149898639905036,69,69
912158210133915666,7,7
907422793177630168,82,82
907437772031475874,59,58
907450412115411431,0,0
907485680018116443,0,0
907492111656886874,0,0
907528228019359587,1,1
907890235383105477,0,0
907998178838818312,2,2
908054237296563910,57,57
908055533935517657,56,56
908067468230875350,90,90
912190924391215062,90,90
912198154257146118,20,20
912239943387317373,0,0
912258745235745245,30,30
912263310611858508,0,0
912294324411562584,69,1
912349642173824700,0,0
912355868324493373,34,34
912372424580941879,46,46
912496715026650065,0,0
908168226182126434,17,17
908514518240064800,77,18
908634322847816388,82,82
914651482170510192,0,0
914732629628014021,78,78
914762610430196148,16,15
914802043242793073,0,0
915094903960790848,1,1
915099832149081162,74,74
915143478128199331,0,0
915164113918525424,0,0
915195382103435091,0,0
915405618090496494,2,0
915407246442130302,3,1
915407280539114264,3,1
915408003829104353,3,1
915408655555121647,3,1
915410405019936292,2,0
915410445541292401,2,0
915410873910553566,3,1
912564280104717218,0,0
912717631989480956,47,47
912839143978682230,41,41
912894005263107517,0,0
912954461491294373,0,0
913092938114669534,0,0
913100388817665332,0,0
913179089790807600,0,0
913227757411567414,0,0
913349521354135175,23,0
913517936554777822,48,32
913518239659716460,0,0
913649203847330084,0,0
913651309025783642,0,0
915485774792788806,20,20
915663032874095004,0,0
915780736371404768,46,46
915810628947572057,23,23
915896747275039057,35,35
916141533448157977,59,59
916285509910053837,7,0
916584033110679167,0,0
916676603917739189,3,3
916781845374070613,14,0
916821110812610124,1,1
913651695148256598,2,2
913664880261753635,58,58
913671198784114317,10,10
913797082679152766,14,0
913913652945789065,8,8
916935346150480085,61,61
917234029357675052,0,0
917260113030074428,1,1
917280232416284960,3,3
917297550127335549,26,26
917375093575662322,0,0
917490319184727650,54,54
917508855013718799,14,0
917640905336764924,0,0
917651281529554222,0,0
917678534888947292,0,0
917885222415016226,90,90
913925496138986779,90,90
913979499533324610,15,0
914180674183200629,0,0
914336107143259554,1,1
914592079538599777,0,0
914643340929393824,2,2
920343790126348956,75,75
920393837863515618,0,0
920396587945791656,0,0
920867558233350907,9,9
921243805509585892,17,17
921312862841077416,0,0
918042274071362095,0,0
918058419916793654,1,1
918064253899263925,0,0
918070621683866266,0,0
918130735715171123,61,60
918138213381737306,0,0
918141090813487912,0,0
918158720284859176,33,33
918299351414917573,15,15
918355450872351634,39,13
918367184813940843,17,17
921390228920922351,1,1
918388866035115888,1,1
918404144849811197,3,3
918519185390900058,39,39
918665614477414731,0,0
918820343984270257,0,0
918838993806282033,0,0
919010726624168985,0,0
919086783844247028,3,3
919116471135457824,2,2
919116887602916479,1,0
919383845592883891,41,41
921599070303324425,1,1
921604059816537271,1,1
921611295968698655,90,90
921619058159405708,28,28
921643385169345805,8,0
921673175182304339,69,69
921731972122044707,0,0
921754895372312797,2,2
919387125442548941,0,0
919391026829825331,24,24
919472573063950493,2,2
919518849494471990,3,3
919539730227533043,25,25
919539874798990303,42,42
919610583805404249,0,0
919625176319452795,24,24
919794429341881622,74,72
919794435352565176,47,45
919827882552409032,0,0
919845234548755377,0,0
921836496570677529,0,0
920068592892731269,90,90
920069373723972214,0,0
920103826004223083,8,8
920109301244982385,29,29
920109678115048743,60,57
920175418961824665,0,0
920183085038406972,62,62
920192085939852814,38,36
920320559323406807,69,69
921841347323988504,0,0
921885120041237248,0,0
921973637699062776,70,70
922205182778485353,46,46
922305825497271717,30,30
922404330133954870,0,0
920322352062480991,72,72
920334529668411663,17,0
927353218349068481,75,75
927425874394304949,74,74
927531075448899720,0,0
927552764907318502,38,6
927702962491732397,0,0
927731029815577414,0,0
927751966043550944,27,26
928135852681483836,0,0
922460674369513772,0,0
922531986743506039,23,23
922544734738265971,17,17
922544917728869201,0,0
922608218698075941,1,1
922665961458727772,48,48
928143028684103281,56,56
928150949438055792,28,28
928358388994326377,7,7
928392895427232942,0,0
928394724531306431,0,0
928436525828395953,40,40
928500961130701633,0,0
928632961796271539,0,0
928790352113580226,75,75
928901300696495576,77,77
922702162376286050,0,0
922748405120763971,16,0
922763290425504533,35,35
923097941529886147,7,7
923119089004402776,63,63
923123749287520661,5,0
923173058644795452,80,80
923184176938855691,69,69
923197559312516663,58,58
923207690874951698,70,70
928984413131741043,48,0
929040557409885468,26,24
929041589928050032,9,8
929084397482773644,87,87
929162167006449291,21,21
929211353348584512,39,28
929253135206315104,0,0
929287811121217114,6,6
929478160790239391,29,25
929584624748362659,54,54
923241683452324279,46,46
923284967585951633,27,27
923296356416097709,3,3
923900704452428974,1,1
923919849792767637,0,0
923932984833086904,5,0
923974573909245693,24,24
924124016591986136,5,5
924473300535110753,40,40
924510090567827314,37,37
924522673156896830,13,13
924523082287697779,42,42
924696138423614261,42,42
924696511007952102,0,0
924768162233456430,0,0
924774996077253541,0,0
924803898227764218,90,90
924865714349459795,65,64
925233576688659924,5,5
925243479022156915,3,3
929635247152298019,0,0
929669879521441080,2,0
929679138005881467,30,30
929747780149785100,42,42
929862356918731434,15,15
929952582669707937,51,51
929978463825862773,39,0
930018778505413057,0,0
930373816996318448,1,1
930566199035367009,33,33
925287509500728814,9,9
925307278101325712,3,3
925308290525929449,18,18
925309296990217157,2,2
925332909222963253,14,14
925469920044846942,0,0
925671449931187449,3,3
925688828901710134,1,0
925724714155045793,46,46
925972113260290122,1,1
925972240218569260,0,0
926036116549614478,0,0
926278118317339832,13,13
926312864566891761,16,10
926448006464991002,2,2
926452997548084866,2,2
926458270520965380,18,18
926462289092721802,2,2
926728872918912348,78,78
926751884700611434,3,3
926987680896723420,1,1
927065431332544499,0,0
930597320286325642,23,9
930908702527728463,51,0
930909837577753906,21,0
930936774595626756,0,0
930937060232117710,0,0
930956769290659744,0,0
930957041310405476,0,0
930978213389554305,15,0
930978402137993233,0,0
930999355577775152,0,0
930999578736424710,0,0
931043537485163386,3,0
927117024608875847,0,0
927348564034443687,0,0
927348854814354483,7,7
927349386005876375,0,0
927352093776346379,42,36
933636516515446771,39,39
933765874985398884,11,11
933904777683447370,0,0
933915462295022784,16,15
933971768939004094,70,69
931216252915282640,12,12
931346599700737114,22,22
931710465335446145,63,63
931754909794665307,63,62
931755371526339724,74,74
931902143251951219,0,0
931964176340868788,2,2
931997212799351474,90,90
932096600697603936,0,0
932099943499845547,34,34
934031903795021680,21,21
934097609926046006,0,0
934100065088277596,34,34
934107469692156357,1,0
932509525705477060,2,2
932513881802567497,22,22
932519451454057903,7,1
932522047518865082,13,4
932523901255607390,27,11
932526628996295140,4,0
932554388157652889,18,18
932568622035093929,18,18
934260446716517894,7,7
934275770858075149,5,5
934319323648560151,0,0
934420777297185729,3,3
934473612721421418,3,3
934508694446219093,14,0
932570206848068680,18,18
932578265767796981,85,85
932593024559764862,16,16
932597060367349114,15,15
932658646851116915,0,0
932858332755738272,0,0
932865847860645621,90,90
932886366776445764,2,2
932893071035345056,20,20
933199939452228087,47,45
934510271997172189,0,0
934510577919777737,43,43
934561155694600927,0,0
934719220450807878,0,0
934898083014847747,0,0
934953511803867621,0,0
935027213162316016,67,67
935495799688132900,0,0
935522748480485575,0,0
935537402485139223,34,31
933229024126753803,1,1
933237475965833822,0,0
933317858671778853,41,41
933345169834170743,0,0
933401156085324658,26,25
933401164471711683,28,28
942039635983891486,45,45
942119359731768484,0,0
942191196511011206,0,0
942296039625766543,0,0
942394186707379939,2,2
942404361014833950,0,0
935632781765410277,6,6
935641323037716462,53,53
935839383979445801,38,37
936242589592828906,21,21
936835828064696598,0,0
936959756283937973,2,2
936999803098368312,0,0
942577089963887749,39,0
942625772911401128,49,49
942710768503037353,0,0
942733581675934093,90,90
942751602060214384,46,46
942787222654669024,90,90
942789916504865346,0,0
942840241210009215,0,0
942866549062627160,38,0
942884630065122977,0,0
942997215850557584,0,0
937020395675326839,3,3
937020905780106392,3,3
937088272013890054,3,3
937116425864902491,1,1
937574445578039112,39,39
937613406225556655,48,48
937671047490491835,53,53
937693878463193670,0,0
943228744483186066,16,16
943339716195685741,58,58
943355475316082705,0,0
943356414637179490,2,2
943360194879720562,2,2
943362804788497217,2,2
943365600179372764,2,2
943371238701435307,26,26
943407090207252431,48,48
943419084180379025,51,51
943448404698310515,17,17
937708024938552088,63,63
937842682975806831,0,0
937873431653897161,2,0
937880575429081454,0,0
938280108235737499,3,3
943454489635225050,33,33
943532117931729388,44,8
943707153287511998,6,6
943789666349337789,3,3
944236621599209077,81,81
944241745269749895,24,24
944780004960190038,41,0
944831938640547421,23,23
944898365098168917,82,82
944912791363398658,30,0
945036621241359838,90,90
938426319639302623,39,39
938491885631573200,0,0
938529516572780694,0,0
938542600432469649,0,0
938636712483095309,0,0
938652341400092973,2,2
938857402335841220,75,75
939052842960441956,0,0
939052940054958263,37,37
939074435097007573,21,21
945140514192291758,21,21
945143380838777358,15,15
945418448033609833,0,0
945433153175759001,0,0
945554007778292101,31,31
945577590097526499,2,2
945589888997232644,47,47
945617670376932546,18,0
945753993360829251,1,1
945869533082985700,1,1
945943800810865099,0,0
939110577314889642,0,0
939121148158704051,60,60
939153752933491126,0,0
939387800231178042,2,2
939431170319588496,0,0
939751910723746071,35,26
939782042054648737,0,0
946191121459066867,8,8
946447856386514031,6,6
947101073823190038,53,6
947184015001854560,3,3
947225543055638970,13,0
947227242982589922,18,18
947298528931641189,0,0
947338824749890014,76,76
947357514213752269,9,9
947382440952465575,52,52
947406723156322893,90,90
939855407243622389,0,0
939887136280503228,0,0
940156629413345648,24,24
940279919668139029,4,4
940458538795223834,16,0
940528776781272234,0,0
947506677820065380,55,55
947651756626420093,51,51
947748255892941763,3,3
947751330348815891,0,0
947990637125132193,0,0
948073089435542820,33,21
948074897183249086,3,3
948154615971768276,2,2
948160046984994544,74,74
948322328774495026,2,2
948380746612788025,47,47
940626615274426464,0,0
940702861177012798,0,0
940756653452768403,2,2
941135917318610188,3,3
941212639695756797,0,0
941250501472266329,0,0
941268454474275765,29,29
941340717491101017,87,87
941401018286124164,0,0
948450238202608385,75,75
948462394579193682,13,13
948529812205693771,66,66
948571500147013460,2,2
948686702143302519,0,0
948695761285568227,0,0
948749715443063513,0,0
948825420401862130,35,0
948965851476384808,3,3
949015083661627174,0,0
949203092352821304,10,10
949211575885214022,3,3
941524034279102973,0,0
941526822234794548,73,68
941557907167199278,21,21
941593392429578588,0,0
941905097912157160,1,1
949224321229263998,16,16
949234336228113845,20,20
949268359066422850,0,0
949271464381844946,0,0
949274358936897763,0,0
949277070616892307,0,0
949280014906858915,0,0
949282062861822755,0,0
949284629071808523,0,0
949286440152988645,0,0
949288691549168003,0,0
949400303873290231,90,90
941984263243860981,0,0
942015991579055232,34,34
953884582009992940,39,39
949486536388006369,35,33
949510865642320935,0,0
949729555472891578,58,58
949902736506232978,10,10
949904242079111470,0,0
949940706376643143,0,0
949978635220844393,3,0
949980594228045197,47,0
950064758556750113,0,0
950072365812022967,0,0
954013635793717147,2,0
954203854664822839,38,38
954215732943587985,28,28
954239000010599102,1,1
954283379414654919,11,11
950088048554818503,45,14
950150663573223073,0,0
950316243638576156,23,22
950613063933116818,61,61
950633540058086852,66,66
950710025865678373,6,6
950712569462157331,2,2
950720884509520129,0,0
950722868212590743,0,0
950723475007097062,0,0
950726818995939836,0,0
950729153375366077,0,0
950789058125970114,2,0
954298098284771504,23,23
954299772270320483,5,5
954300939099227966,42,42
954305781860517709,53,52
954307423551946038,31,31
954307563027422794,76,76
954322057643536426,46,46
954330013939237910,59,57
954363583010781575,75,75
954370729256029436,79,79
954376322754844300,38,38
954409858822364497,76,74
950857524230310407,0,0
950945548518671288,74,74
950960023109020864,2,2
950977050079855273,16,16
951283938469772317,0,0
951320538131260952,90,90
951379563230528793,2,2
951553196276318579,0,0
951574179875158805,0,0
952106006942420418,0,0
954416106078461534,32,30
954431936531898557,66,64
954473058461142988,45,0
954529486274639312,41,6
954968669432641550,48,47
954977821157428078,0,0
955021520281902760,0,0
952108784311950037,0,0
952213620811085307,74,74
952230046768622631,75,75
952235385988026953,57,57
952253512112729138,2,2
952282208649608234,31,31
952403908081009301,88,88
952408460558400002,74,74
952417627193014787,0,0
955034667956489782,0,0
955050227421369755,62,61
955082203256591154,0,0
955102598808666581,75,75
955168568146763274,61,61
952430344707624082,71,71
952440321735513154,32,16
952444280211995537,79,79
952451857525858755,90,90
952455301934953242,66,66
952465726593503508,75,75
952468798459016382,59,59
952471368632957564,76,76
955352919327590708,3,3
955583987026760223,62,62
955641002931211440,31,31
955641708252700384,0,0
955642047468711045,58,58
955648648399082078,68,68
955696793185611740,3,3
955757854520890146,0,0
955794046126735510,0,0
955801266390516689,0,0
955842473362618091,33,31
955899560315923046,4,4
952473552453018401,40,40
952770872245256198,0,0
952784702776622019,0,0
952788825521103091,0,0
952792704677899527,15,15
952824969723825832,3,3
952829600740335989,1,1
952878493728030140,27,27
952984142614272420,6,6
953082621778685235,35,35
953092713442237503,16,16
953102865275048099,0,0
956131476508603164,0,0
956315593100013830,48,48
956566130392899565,62,62
956572242219688781,50,48
956585695411872040,45,45
956637921456579090,6,6
956673432204758423,0,0
956719478226718150,74,74
957076524269538819,3,3
953156373641215451,2,2
953274610384095304,38,38
953374339819644784,0,0
953391145939365107,17,17
953463529515749184,1,1
953551779964382496,2,2
953648370950219232,0,0
953709683318097157,3,3
953728610532190232,2,2
953749709894151239,17,17
953828756330090292,65,65
953831266529128673,50,48
957121322858248433,23,23
957128607791184257,31,31
957180843002831029,3,3
957256229805799881,0,0
957270452215143039,65,65
957303156931207604,17,17
957324954611448247,26,26
957362915117972428,18,18
953873085836036385,0,0
958835117292862482,2,2
958837479129022722,47,46
958891583704104591,2,0
958972019916575251,5,5
959209642509325824,11,11
959308487644032372,5,5
959341722717382648,0,0
959344147221723685,57,48
959483358389401109,3,3
959487132458696940,20,20
957417213711130957,0,0
957425381814766097,59,59
957484574310360183,13,13
957508595681132386,2,2
957768545886397531,1,1
959487299573430055,59,58
959516896569152304,5,5
959602807291281436,1,1
959603104962841960,0,0
959667125949545689,70,70
959700743851454721,27,27
959737716646007292,2,2
959745656323099608,33,0
959946117705023825,6,6
960074255610258441,49,47
957800009988299652,0,0
957818857975204814,26,21
957945358641843537,32,0
957946390155047482,90,90
957967655576972781,38,38
957968867778010709,35,35
957997561762518256,4,0
960106439790909562,0,0
960123989588215141,51,51
960154921950427355,2,2
960170192680619491,0,0
960193222343743450,0,0
960252148706511680,46,46
960258169135210648,39,39
960353377119642101,6,6
960369879026294496,0,0
960483610886728736,28,0
958019510453136553,9,0
960565066505033598,16,0
960802474144312739,2,0
960803210657433132,1,0
960804652550437543,1,0
960805353810541341,2,1
960806463378408324,2,0
960806774951498739,1,0
960807174486368490,3,1
960807923889705033,2,1
958076669143568111,15,15
958104790467411599,33,33
958148812089033219,21,21
960808430254177727,3,1
960808465837278006,3,1
960808925444839986,3,1
960809504670641684,2,1
960810042194803796,3,1
960810722415414213,3,1
960813601139525414,2,0
960813984253928172,2,0
960814393147089142,1,0
958259665696602114,1,1
958483783087820252,1,1
958556618665753499,1,1
958558125469831900,77,71
958610073245715978,2,2
958668457048548195,16,16
958668503625039193,65,65
958735792873026478,3,3
958743976967383188,0,0
963340164193366028,2,0
963371797604061344,38,38
960863548264366915,17,17
960863554272994859,75,75
960870128916074588,0,0
960875317288334604,3,3
960901063510719919,1,1
960986775414264835,0,0
961040467494189722,81,53
961102840821453179,1,1
961219465029002448,29,29
961527622157301522,44,44
961583712267369586,16,0
961712378933765607,2,2
963372648946817841,32,32
963568680727420431,0,0
963627843672912854,41,41
963676412262803693,0,0
963696212258651543,60,39
963719859916841872,2,2
963733623334681051,3,3
963743118811741225,2,2
963752814816200902,3,3
963753922876932895,3,3
963771864938788099,25,25
963775739081591184,46,46
961734517987231970,47,47
961818212559589191,3,3
961836418495370418,12,12
962189814042077806,67,67
962231740179601013,0,0
962288502694718934,76,76
962347440691906029,13,13
962361429254113252,16,16
962485786688871927,18,0
962535551214838738,0,0
962791720021643770,3,3
962806116621078911,0,0
963782690020202626,1,1
963789422666124992,71,71
963804208409308950,34,34
963880900259575583,22,22
963888047601554678,60,58
963914944993129500,31,31
962939782996570342,17,17
962941722185189247,16,16
963013022002239624,2,2
963014343927501774,3,3
963017194270461755,17,17
963053029284213047,31,31
963116369097877691,10,10
963125508354266222,24,24
963128951339433412,9,0
963153880177022920,0,0
963159451615470070,0,0
963998015345188306,35,0
964125398757840958,30,30
964235915747817963,0,0
964283364413802877,6,6
964414276644648327,0,0
964420907082026117,60,60
963197365256573159,21,21
963238208605906759,45,45
963300203673032613,29,29
966775673600386645,43,43
966821144198085863,75,75
966874541313648251,73,73
966917087282735307,46,46
967110425020345529,5,5
967572040503577303,22,22
967637028883999741,0,0
964428733563892675,2,2
964438667689318197,1,0
964449748366461485,1,1
964490043156249684,52,51
964580862175553321,90,89
964583407000581311,35,35
964663362266512518,5,5
964766056473184169,3,3
964800732080450026,1,1
964806866955396349,1,1
964806889505886796,2,2
964806952459028089,90,90
964807043218214324,1,1
964807066491586408,1,1
964807089892954701,2,2
964807132887001526,18,18
968043184639361760,1,1
968044038797418645,12,0
968090367625068114,26,26
968117958661367161,38,29
968132719457085471,21,21
968138190116958758,18,18
968146040275203709,16,16
968158472503477954,7,7
968165379716775028,88,88
968232639190407327,37,37
968278843988039212,46,46
964872115077685352,21,21
964872185290069168,0,0
964981942801450068,0,0
968356497739578739,53,53
968479961934034963,8,8
968796501661082781,28,28
968819722669063441,50,50
968888543324752321,75,75
968909763063437946,74,74
968918209588155433,16,16
968921608892347832,0,0
968922429264222420,0,0
968943326386341222,46,46
968961111636531690,0,0
965033404639076969,0,0
965072157099213665,90,90
965075188819910365,66,66
965075551050725927,58,58
965075878880346855,0,0
965116437418404522,0,0
965160360662831113,21,21
965292515062423473,45,45
965319537209564235,0,0
968982002561156213,1,1
969035784970111373,0,0
969037168119524983,6,6
969046191401522947,90,90
969127796395247392,30,30
969429540603462926,17,17
969450944687841104,3,3
969458692398111487,3,3
969461391626046879,2,2
969462426603921243,2,2
969463803755237494,3,3
965350569769330663,3,3
965435803071574442,3,3
965505333713118531,41,39
965519387874358648,90,90
969471972225907553,8,8
969546377878285001,21,20
969557719896647491,90,89
969558852641361621,75,75
969588852360266326,0,0
969625326040173764,39,39
969626098881522361,42,42
969626917135027888,20,14
969639647663628867,62,62
969644867825232122,47,47
965519397068939795,78,78
965706328966754098,32,32
965709350570453289,89,89
965709633075349012,45,45
965709977898767387,61,61
965744313145019742,19,0
965816156178565916,9,9
965830246757892252,0,0
965831407638620348,18,18
965836734967050413,29,0
965903065559481280,3,3
969672999368896556,35,35
969675031818823854,27,27
969809809729460930,2,2
970107108782228634,19,19
970213432972312352,9,9
970248007829272555,0,0
970314665699856874,3,3
970314946666010164,3,3
970318365895422240,24,24
970364193542146289,27,27
970394774041225066,14,14
965972728839907811,63,63
965992693591250810,2,2
965995992034672989,66,66
966007202301299080,3,3
966015814531483475,74,74
966053705670125310,32,32
966075614879803673,15,0
966077154092000207,1,1
966077910106063326,46,45
966141894035636477,2,2
970433469370775501,84,84
970497589664733128,3,3
970554818362587457,69,69
970956880456551340,25,24
971014919312107685,10,10
971101887044988474,15,15
971248186527312092,2,2
971269555409003026,2,2
971574348597854706,0,0
971653733668334227,7,7
966363428311660965,90,90
966526373755872916,76,76
966639031314684792,2,2
966708656281258288,2,2
966732971872955190,0,0
972778950351439248,0,0
972801737981857762,31,0
972805172969056732,57,55
972841979416428333,66,66
972994895711627601,0,0
971748602940958727,8,8
971852833016548288,0,0
971907111940311957,1,1
971912996917458102,0,0
971930833189858191,63,20
971985344645165863,83,83
972325698235775364,48,48
972377389533980113,9,9
972443650532062896,8,8
972573127714248461,61,61
972617212028384644,37,0
973050743642447559,44,44
973200600534337339,15,15
973202272068906394,9,9
973238404538275285,68,67
973282193462234471,0,0
973323507723677110,64,64
973328245446103672,0,0
973360236905766271,3,3
972690287530826962,58,58
972740017700582747,50,43
978045616265435630,3,3
978186823944588985,0,0
978187771536597634,74,0
978281778523334764,20,7
978360232982713232,41,41
978390068201449135,15,15
978416401199367195,26,25
978506040990799416,3,3
978561260920834118,3,3
978647529811129540,85,85
973364593745898968,3,3
973383462086039008,0,0
973420624376646378,0,0
973430263558977428,70,70
973435848249028533,18,14
978750786584641740,15,15
978911600123510961,3,3
978925745429168294,3,3
978939555511615677,22,22
978950134453137205,1,0
978953048200290110,1,0
978955364065426169,0,0
978956682973924369,1,0
978960020569385321,1,0
978961717573021371,88,88
978962049375361389,1,0
973460201660073637,21,21
973498059843152493,3,3
973677543407116406,18,18
973834338009694848,41,40
973899385540744661,2,2
973925725405824793,90,90
978968341543041417,1,0
978973668995905832,1,0
978978644645527732,15,15
978979276292267330,23,23
978981767053187155,64,64
978987017382878565,29,29
978996864491722615,49,49
979002417804365971,23,9
979002731170180383,0,0
979006571228615807,0,0
973926823669823710,78,78
973954372095741069,3,3
974046667971083306,51,51
974059099437963900,0,0
974067561235430226,58,58
974085137535602566,3,3
974106237995487073,30,30
974111912547734871,24,23
979452911734968222,0,0
979453621750662155,46,46
979559714970976139,51,42
979575159251278222,0,0
979673238990239197,8,0
979702194042540335,29,0
979755218088178203,80,80
979784664536319800,46,0
979806126336543822,31,0
979809968248456618,15,0
974119318572120161,15,13
974121272902331394,0,0
974125072212125485,15,15
974227248765395489,5,5
974333058451776793,1,0
974391601107624428,46,46
974595688545830503,41,41
974677228379017082,0,0
979841425635125625,62,62
979972287079085757,0,0
980015069757960171,6,6
980358054626464376,90,90
980408563480059112,2,2
980481734816658340,3,3
980552600570794759,15,0
980567677086176387,17,0
980577632547485272,0,0
980578515043030225,30,0
980581231424651455,0,0
974768925562616199,0,0
974770012012943865,3,1
974841259918740136,21,21
974927953560232331,0,0
975104119329939624,1,1
975271247522709915,30,30
975273537094295498,22,22
975282423991954507,2,2
980616234786854392,48,48
980616260826796990,57,57
980617449810787175,46,46
980619551933164508,2,0
980619691545526997,41,41
980767574007808177,12,12
980902455209107285,68,68
981104669203817777,47,47
981183733840544000,27,27
981215096714560429,33,33
981244920997760223,47,47
975386769408864963,0,0
975395203298072020,73,73
975423767784306410,0,0
975443645021222998,2,2
975446337136486679,2,2
975528787109367099,0,0
975709423503449198,30,30
981390554747685223,3,3
981441743827441827,0,0
981904996886257439,20,20
981936893723440768,0,0
981978171961060295,1,1
982108922740581855,5,5
982130899713091667,17,17
982172393543000727,54,54
982214382636326896,45,45
982516022152861124,44,44
982522383091784018,45,45
975897434407302403,0,0
975923866742134317,3,3
976090280444244992,9,9
976134439875101380,14,14
976147002498798097,79,79
976213593216792398,1,0
976217039644226956,1,0
976288891069593330,0,0
976290086007012652,56,56
976682170530405163,45,45
982692088582914751,3,3
982774754418503647,3,3
982781191690938081,0,0
982809251824941366,38,38
982812964885848793,0,0
982829571535281244,62,62
982833752250568153,55,55
982893705254038962,4,4
982900189767439245,9,0
983167691286253890,26,26
983206021663273806,20,20
976723458918378918,37,37
976766563716249181,49,48
976778469941657237,0,0
976820446138859128,9,0
976898757702361060,17,17
976932497784891034,1,0
976934242941653044,1,0
976936772563493164,1,0
976938289851058532,1,0
983263064441073410,32,32
983263497821159174,30,30
983328825961116508,2,2
983429000121858386,24,24
983463043413515218,45,45
983486077767415410,0,0
983667864695026909,16,16
983759788197939068,80,80
983946677656066462,0,0
984058456651479331,0,0
977455957209695568,20,20
977510333611168866,74,74
977566062648075863,47,45
977575903579108702,68,68
977580929666714335,3,3
977653299500768416,47,47
977678981549739493,17,17
977732692492896948,51,51
977754993026073103,3,3
977767444513453396,3,3
977788959206970815,0,0
984117615632554961,43,43
984121414206555700,62,8
984125807958212444,3,3
984127388387318348,74,73
984129955873097270,2,2
984132532393018457,3,3
984190096737619872,47,47
984193535742296747,3,3
984206531397675136,0,0
984278704291135597,90,90
984543466066489761,38,38
978012430499715954,48,48
987744404359869281,0,0
987749282672916874,49,49
987760982489385340,2,0
987767833411348082,37,37
987774238584422591,54,54
987822447995244830,0,0
987909203001078451,24,24
984544006571517301,0,0
984544319725518768,0,0
984544663293142439,0,0
984547070140734431,6,6
984665381826134150,3,3
984667555924799835,32,32
984669584272464560,2,2
984670477924074027,2,2
984671810028101771,2,2
984673166695575558,2,2
987993224753303867,62,62
988345754563311046,27,27
988427745443522408,2,2
988441125143566860,27,27
988491399450576867,0,0
988530577928351800,57,50
988562668068145519,48,48
984675312100441360,2,2
984676295568733978,1,1
984694782799715654,0,0
984725303384646166,33,33
984843626459844191,58,53
984845128438726829,43,43
984866964862347137,50,50
984877132975580649,12,12
984899538580270442,62,62
984905638210475309,0,0
984953691868171314,2,2
988565130972118914,81,80
988593784744831395,20,0
988627190607740969,0,0
988687066020965190,0,0
988727756822039290,1,1
988769713780158558,15,15
988779195290030594,16,16
988787058900567282,16,16
988793135701045987,16,16
989012589841358531,1,1
989037008922411531,21,21
989038927149794222,74,73
989041394420392868,1,1
985018927664356222,89,87
985020705862714485,30,30
985029421339482762,8,0
985049551291889004,79,79
985167005975036518,33,31
985326372803136953,10,10
985390832322641472,35,35
985398033818297264,39,39
985401916001732220,0,0
985419547082037217,44,0
985584466129937517,0,0
989067965054662105,0,0
989078677343719958,60,60
989080014313685695,79,79
989131564583314724,60,60
989145105968736289,37,37
989188722816855766,18,18
989225979064990280,22,22
989229659443295920,6,0
989238448217747057,3,3
989273077282515810,0,0
989328318542771011,0,0
985596313208772777,42,0
985628208911468189,0,0
985630795755726806,15,0
985669478516380608,3,3
985688634102569248,36,36
985737880167295343,38,38
985787420600955638,0,0
986076857672094234,11,6
986263425862656510,15,11
986267218100121538,32,32
986288627356794090,15,0
986289413069791144,1,1
989334284225183279,75,75
989390687371386754,0,0
989441394547587311,4,4
989455238513058578,50,50
989716756428423660,30,10
989819090451455318,0,0
989912074263222430,2,2
989931676455576143,90,90
989939161066242708,54,34
990172212311714361,0,0
990321527568171660,50,50
990420260648778710,63,63
986306102123668402,0,0
986312342198208043,31,0
986319763478564950,15,0
986356192177709501,3,3
986771708420366603,37,37
986777423260444075,86,86
986816875695859005,0,0
986960461220624070,0,0
987082797213735421,11,10
987157188477759486,29,29
987187424740523287,64,0
987496705890384286,54,54
990518462652857065,36,36
990528204399198792,3,0
990544420615365923,31,31
990571545073281206,0,0
990703873253686034,2,2
990723330952862828,25,22
987646006992781950,43,43
987646116404974436,33,33
987691107353734787,32,0
987702490768274735,25,0
987711623534708163,15,0
987716283276855584,2,2
987717105504020235,0,0
987735186033425429,15,0
992814196429281613,75,0
992835797737688121,70,70
992917500054796096,2,2
992970965790772607,1,1
990723645034323101,41,0
990743032897097952,36,36
990754678768525301,0,0
990786131102466724,9,9
991236862659991689,11,11
991297220927356270,5,0
991301559931083002,66,66
991327800721394622,20,20
991329695425304733,3,3
991331083909142924,29,21
991470836237309893,0,0
991609130902323876,40,38
992974980287590415,45,45
992986905033951226,34,32
992989780812562339,18,18
993345539227815562,0,0
993376816759109537,15,15
993395477102033230,42,42
993465561394161427,7,7
993524822952613739,1,1
993530015229616900,1,1
993531470666901837,1,1
991618199083891050,17,17
991623222460717625,47,47
991634223943323194,2,2
991650900538829555,0,0
991835854516739801,3,3
991935440389894408,0,0
991981287604308290,0,0
993534425755321958,1,1
993535856412256026,1,1
993537989352329160,1,1
993539392518088768,1,1
993540230282587422,1,1
993542457889639564,0,0
993554226277677368,90,90
993563148062414056,16,16
993647929569558279,23,13
993701958252290515,0,0
991991358246446446,21,21
991996408319576802,0,0
992001643293387249,30,30
992018520500411232,76,76
992033931066536338,78,78
992285225039563541,74,74
992288056003104934,90,90
992585887716684545,0,0
992667450881055647,13,13
992758163619203613,33,33
997837698254182166,0,0
997925549638192923,90,90
997986353932503170,29,29
993709362454439498,0,0
993726764319807393,26,26
993740332378198800,64,64
993753874316344578,59,59
993756480773417948,0,0
993759176942173865,17,17
993794008162433901,0,0
993815451535229138,0,0
994196156227828711,3,3
994196359630313253,36,36
998048498640584631,6,6
998088361998367565,48,33
998131337513068593,12,12
998609203822672538,0,0
998643579317856973,57,57
998760962620102444,40,40
998789259734857465,41,41
994256092414108326,3,3
994256775060885378,3,3
994275293119376239,3,3
994482767079610455,17,17
994487707069650877,0,0
994748134628684461,0,0
994790963393975466,71,71
994791500371567444,0,0
994791843427497764,15,15
994794484302782803,69,69
994794812600733748,0,0
999233353645584830,2,2
999271132363384608,2,2
999369329537073695,41,39
999443618811955972,3,0
994795054239159286,84,84
994795378830070956,0,0
994795699457716646,56,0
994796226657433970,76,76
994854380472617594,3,3
994873849149042851,19,16
994939729039225130,0,0
995017065620198504,12,12
995017187155167022,16,0
995023832490126330,16,0
995095494292465041,31,15
999476398117566543,76,76
999504545056832839,50,50
999627702195973740,30,30
999647685892407177,2,2
995132747994090209,3,3
995134334362357919,80,34
995136216928862979,0,0
995245033664433669,0,0
995258532592192096,2,2
995268785620684770,0,0
995410298112048144,1,0
995516149051503639,9,9
995683781967427706,32,32
995686208234684657,2,2
995731222790857879,35,31
999668586599938835,20,20
999770779083944221,0,0
999771308036502312,0,0
999771804203262022,32,32
999772274871964117,0,0
999772794962783206,74,74
999773287760551066,0,0
999774263993715808,0,0
999774727861426844,30,30
999775215264479826,0,0
999820797694613492,53,47
999964466102080007,34,13
1000023148920376325,75,31
1000041661179181846,22,22
1000103124244467969,46,46
1000114407765528259,0,0
995733260147443892,0,0
995733475171860730,0,0
995740917025925755,0,0
995750644114020164,23,23
995788755315788444,0,0
995884756639416846,65,65
995941212621416043,55,55
996349061926855284,50,24
996361712072301966,10,10
996659251355170013,13,13
1000280166040727910,11,0
1000611103131696812,75,74
1000637485791641900,0,0
1000637914058448005,50,50
1000691832643780415,30,30
1000697739867775924,18,18
996688489279727538,27,27
997093934680613043,16,16
997175010827752885,0,0
997293739861552181,1,1
997432199888717593,28,28
997434971292281828,3,3
997802618442437334,0,0
997836174809372933,90,56
1003623057347580030,76,76
1003628149571622270,49,49
1003631615633097311,19,19
1000705511867042222,11,11
1000734250823805720,67,67
1003665546182490793,79,79
1003675031539830453,2,2
1003733132314788523,63,63
1003840084389394300,3,3
1003874427745708958,6,6
1004095772865729525,0,0
1004126711970319755,0,0
1004249761260526414,0,0
1004250291069589609,60,60
1001017141965922396,1,1
1001166370551563656,28,28
1001172740348314080,20,20
1001196188496667612,0,0
1001196522969253055,1,1
1001343758334590824,59,59
1001393648020126510,0,0
1001442118570469957,16,16
1004275203463075946,13,13
1004293603040155452,42,42
1004322349060364205,0,0
1004328796940846724,46,46
1004387321163585233,16,0
1004411350487116351,0,0
1004416200240866150,0,0
1004419004578789418,2,2
1004428776661057322,12,12
1004436707360654479,0,0
1001495090409402195,3,3
1001499819525418664,12,12
1001502515015239083,2,2
1001504295699017046,48,48
1001505543049134353,2,2
1001507167604490878,2,2
1001533760739742081,16,0
1001535719995297015,48,48
1001569649181314729,0,0
1001598392441206590,50,46
1004442886221909241,61,61
1004466409355496588,24,24
1004507987284505214,3,3
1004606831833534678,0,0
1004609802932390957,0,0
1004797911209762220,60,60
1004933046061134895,35,35
1004960466960763499,5,5
1004966777244088455,5,5
1004977759124184759,4,4
1001730138556048837,46,46
1001737519563399181,16,16
1002020087000567531,0,0
1002171431677698496,0,0
1002265134898404856,0,0
1002349284786586987,2,2
1002372308719939596,81,81
1002379682073037803,0,0
1002762231875704553,90,90
1004979528339732090,6,6
1004983321950071187,6,6
1004986421761369903,7,7
1004989473921011547,0,0
1005110189764921353,32,32
1005170940682176047,25,25
1005370783122110219,16,16
1005431398645506735,25,0
1005455401581521842,64,64
1005472293004395476,1,1
1005670166131650190,0,0
1002808727964654800,0,0
1002823881758639223,90,90
1002825899474348002,29,29
1002938301240121368,24,0
1003007059776362718,3,3
1003063303947081301,0,0
1005673684502420287,90,90
1005674051567310833,32,32
1005680400003560176,3,3
1005699715476632962,20,20
1005718268391592996,16,16
1005727678268135675,3,3
1005733681802126103,0,0
1005738027556061705,0,0
1005753485016243270,2,2
1003185235835253133,17,17
1003264500595523395,2,2
1003388069721002744,2,2
1003437049851150279,65,65
1003438862092649925,0,0
1003456391781394928,60,60
1005760022125022077,67,67
1005814235498714382,3,3
1005815475598371052,2,2
1005816756950762505,49,49
1005945620349053784,0,0
1005964782939475271,0,0
1006068540323632978,0,0
1006176129595167823,1,1
1006182788659329021,1,1
1006408020334839385,30,30
1003603678526992890,39,39
1003605108747472715,62,62
1003605509170725526,23,23
1007601556813394060,1,1
1007614130158371923,1,1
1007617181975356195,16,0
1007620700354927842,1,1
1007630444019527314,2,2
1007639900642674747,2,2
1007650908427825237,2,2
1007668452792896638,0,0
1008044309422309241,3,3
1008073352246997879,40,39
1006408371449823451,30,30
1006408710425030358,89,89
1006414069902175519,15,15
1006416060412152707,16,16
1006418799851249472,8,8
1006454732303784817,2,2
1006487297634998418,0,0
1006493394300852627,26,26
1006522468158319332,44,44
1006529639621355376,2,0
1008224580345820061,37,0
1008246140374586613,56,56
1008301599260572123,4,4
1008315491855065333,0,0
1008665044910527739,0,0
1008681402440530338,64,64
1008684865225089784,34,34
1008769514216653898,0,0
1008781781839490021,67,67
1008782792044941009,3,3
1008785772699560452,3,3
1008787472768541467,2,2
1008926567820593504,3,3
1008950698579129113,76,76
1008957074079095931,0,0
1006602972028867133,0,0
1006681477271989960,64,64
1006786464665372746,16,16
1007195302734513815,46,46
1007199440000321831,70,70
1007225552327203248,66,66
1007225844823503320,90,90
1007300419126472895,3,3
1007305742992789862,3,3
1007421778971968598,19,19
1007442859572150357,3,3
1008987937555990345,0,0
1009191381161092468,24,0
1009234762958456511,0,0
1009542110611743262,57,22
1009556551598403395,90,90
1009592864410933065,15,15
1009597601673297416,15,15
1009621175691841712,18,18
1009699512413915648,0,0
1007480104408240518,2,2
1007516902054061885,32,10
1012610921280338920,50,50
1012691514995422663,2,2
1012933371188448209,0,0
1012988420019348258,65,65
1013126854297515145,28,28
1013293137558770633,14,14
1013319174207599722,5,5
1013320907450515752,32,32
1013333693366837468,16,16
1009711786804562856,15,15
1009723858617949122,1,1
1009862336718877341,0,0
1009920147263075999,0,0
1009920490255223493,90,90
1010083125968738233,0,0
1010092233694522877,3,3
1010122514884550235,1,1
1013402113840724461,48,48
1013526152465341172,3,3
1013577737689075054,31,31
1013632155850220616,48,48
1013651311908564737,22,14
1013709156917167615,60,60
1013719008616614306,9,3
1013745399413953045,64,64
1013756338093524354,90,90
1010164115494214214,49,49
1010194712660417968,3,3
1010199392593288245,2,2
1010200773712690524,3,3
1013766112876806542,3,3
1013813949110105351,0,0
1013814395680935624,67,67
1013814472023496694,60,60
1013882388980738219,18,16
1013896771741699739,43,0
1013916207138136945,8,8
1013933134833891698,3,3
1013933384020647976,90,90
1013946326187929869,47,47
1010201807138185749,3,3
1010215062154388163,10,10
1010237549953170592,0,0
1010279287170639082,35,35
1010398417049773773,65,65
1010503905929192028,18,18
1010631999598223279,62,62
1010673362514237824,60,60
1010720661942382329,0,0
1013947795524141187,60,60
1013949597532297600,32,32
1013950908788847919,18,18
1014296846467270142,74,74
1014319983262481470,55,55
1014367358598054830,18,0
1014408029120671763,19,19
1014438256711644057,6,6
1014440322562296384,0,0
1014451242059786811,1,1
1010722076697864938,39,37
1010742498604451028,0,0
1010768775628092224,58,58
1010816621788352605,1,1
1010874063701112844,26,26
1010941533813299292,1,1
1014451706512063588,1,1
1014462136213201548,90,90
1014531478548592340,86,86
1014607070981548282,75,75
1014634140531499728,21,21
1014637467272403256,74,50
1014657466592684290,15,15
1014729191484829933,61,0
1014762144431371619,14,0
1015027813525407338,0,0
1010946872609750814,1,1
1010947700541318826,1,1
1010948660179857782,1,1
1011159735983596022,90,90
1011187858986701691,30,30
1011205237072667883,59,59
1015028181966283124,90,90
1015168578871804091,77,77
1015178551586504919,0,0
1015203525260165853,0,0
1015236489718360455,0,0
1015297538502606345,0,0
1015357234838303151,8,8
1015390252345027742,48,48
1015496467468773487,0,0
1015496561428131132,58,50
1011241980132225915,0,0
1011321438432483322,0,0
1011479433844246230,0,0
1011479899961695926,0,0
1011480142170843901,0,0
1011480382401571385,79,79
1011480622702890345,30,30
1011481145576039394,0,0
1011503182332783001,30,0
1011621999180896683,65,65
1011638967625287250,2,0
1011653407610821403,13,13
1015591225350693014,0,0
1015684642970558727,0,0
1015684977966771762,90,90
1015744976125852571,0,0
1015757189408408744,18,0
1015800351075669737,0,0
1015843750576959483,32,32
1015858565969239450,18,18
1015958372468042115,0,0
1016004482042560235,34,34
1016062872267819040,44,44
1011664069029780820,9,9
1012289356920555730,36,36
1012337632157511148,19,19
1012345351818089240,4,0
1012402188594012680,5,5
1012463065092346250,1,1
1017073307219507479,2,2
1017079241660751266,0,0
1017206291946736077,77,77
1017430380242019274,0,0
1017457157959208051,11,11
1016124375833661253,43,40
1016151137833274828,0,0
1016155985925140334,2,2
1016164672026561489,0,0
1016268870420191920,31,31
1016295447412845534,35,12
1016585125756842578,15,15
1016592967533501456,75,75
1016599683702806669,48,47
1016618958526024089,44,44
1016657029340036999,9,9
1017535766542159357,0,0
1017598800878125140,1,1
1017599050258019176,0,0
1017650805773782165,20,20
1018042935230242018,53,52
1018071550301392794,1,1
1018143409510321723,13,0
1016667809847251975,0,0
1016707139766409388,17,17
1016713070307227385,90,90
1016790707893219410,2,2
1016825148595065353,29,29
1016858650638508129,0,0
1021738415510509168,13,13
1021780587264573107,0,0
1021965378817390715,23,23
1022311659837669027,15,15
1022466230508584338,20,20
1018187128604089650,0,0
1018267402066684725,9,9
1018280359573876973,49,48
1018296561218833063,23,23
1018328802597527290,6,6
1018730052478345166,0,0
1018749486476658546,0,0
1018771987843520425,32,32
1018806314810839720,31,31
1022570041168235900,33,33
1022845408225467847,9,9
1023157172581342378,27,27
1023162259211795310,3,3
1023168045825060857,60,60
1023284107526996225,38,38
1023307480793588649,26,26
1023371010670890196,21,21
1023417053729543490,22,22
1023448103402485540,7,7
1023483102236733270,1,1
1023494946501931856,45,0
1018896545155637079,22,10
1018926777816576165,0,0
1018974231021734836,0,0
1018994351772627655,1,1
1018995569750768262,26,0
1019091036096678857,18,18
1019262892323702903,2,2
1019269535023539165,2,2
1019274864068294450,2,2
1019283702042155719,2,2
1019429690426278080,0,0
1023500902948498040,4,4
1023505747100753005,0,0
1023555479605761306,24,0
1023765160868287919,76,76
1023812249195453762,6,6
1023852772552357244,50,50
1023860576551144172,63,17
1023880033177692143,17,0
1023970560866832180,0,0
1024001423989945857,75,75
1024046024450319524,64,64
1019483164293833321,45,45
1019512606768128885,0,0
1019554505167865654,36,36
1019579688985727052,1,1
1019585668829442554,25,25
1024051110082920917,46,46
1024218171809513483,68,68
1024325781317907514,16,16
1024579897243722832,12,0
1024579897371081885,1,0
1024580332878266680,18,0
1024580338349589652,13,0
1024580565749976452,15,0
1024580574888607407,10,0
1024580808404229389,16,0
1024580827050493344,16,0
1024581059057219906,15,0
1024581071004226410,12,0
1024581285424412055,17,0
1024581340336070362,0,0
1024581556862500954,12,0
1019618568571379980,6,6
1019629533271481308,2,2
1019640095376235782,0,0
1019645060934557521,33,33
1019653865784274979,47,42
1019663721950569974,12,12
1019679775919640933,0,0
1019700356152080364,0,0
1019707537917309945,19,19
1019716240581980266,0,0
1024581575708710995,39,0
1024581800143161453,18,0
1024602367703591268,2,2
1024603235202612986,46,46
1024611102410531795,76,76
1024672576570777825,0,0
1024702216606434206,5,5
1024757757438009060,2,0
1024825444447674626,50,50
1024830600054824762,0,0
1024949196654626502,0,0
1024966183191386359,3,0
1019720628472155850,9,9
1019776497144844102,0,0
1019783210726896643,59,59
1020224178453200016,3,3
1020238807362460254,3,3
1020278049478659352,17,17
1020280756370673164,2,2
1020282701018874374,8,8
1020283766470214850,2,2
1020284567535553280,3,3
1020291488212743193,5,0
1025026416481257890,55,55
1025073150483139603,6,6
1025196908687141792,39,39
1025276529065060825,15,15
1025313635554997991,21,21
1025361914984992126,18,15
1025373250192922404,0,0
1025391402617508678,2,2
1025424243538257181,0,0
1025562306847191878,24,14
1025666312048448890,0,0
1025674753621522316,41,41
1020295972034520549,1,1
1020302460310493937,68,39
1020317944680025325,1,1
1020318924718002541,1,1
1020325080427729176,27,22
1020338711341788113,1,1
1020340862401523912,1,1
1020361297646295120,3,3
1020370671984833864,2,2
1025734531838511626,0,0
1025933594037670856,0,0
1026012162793219908,0,0
1026093383801867727,8,8
1026103008412085829,81,81
1026171552511575057,18,0
1026222232281055628,34,34
1026357755935992501,17,17
1026374295595084575,90,90
1026414843857482028,3,3
1020547495067825829,34,34
1020660300348971167,45,11
1020696614069404268,2,0
1020901025557783580,0,0
1021014944535778418,28,28
1021027858055889487,18,18
1021072915892293490,0,0
1021084059362986746,4,4
1021120228485048462,35,35
1021164485336480356,47,47
1021167820214545600,38,38
1026443970774362027,7,6
1026494883611436012,10,10
1026733759781898432,62,62
1026735701575995237,18,18
1026759746975641390,2,2
1026789555910850035,0,0
1026930869517663727,5,5
1026932842296933504,0,0
1026958200440279982,0,0
1026958598499558284,5,5
1021301450026541227,0,0
1021522122859441709,67,67
1021522461924875539,57,57
1021628928305609941,0,0
1021671515623364753,14,14
1021683047607804659,3,3
1021725640792380276,13,13
1031916975423945485,10,10
1027032751654217105,76,74
1027191919081337511,29,25
1027449598019724589,0,0
1027509804398931423,2,0
1027513163797598666,12,12
1027518763993844240,34,34
1027584986416827955,70,70
1027775162141297216,47,47
1028190903595145736,14,14
1028210591958989521,37,37
1032513943516521434,49,0
1032533524834002025,20,19
1032596032924282144,87,87
1032596168777494960,0,0
1032596208836249157,90,90
1032626627203089884,18,18
1032727700749663580,43,43
1032770163786528060,17,17
1028322429577330288,40,40
1028341381102136591,36,36
1028470137032892866,34,34
1028507425980147638,0,0
1028641003993601924,40,40
1028809650440492488,0,0
1028813169737432170,41,41
1028813583299578691,90,90
1028814409197583111,84,84
1028815015986066730,58,58
1032844645357836115,75,75
1032875325263161073,64,64
1032905729887293427,56,54
1032927026252673202,0,0
1032976367040053791,2,2
1033019798667589326,59,59
1033057963245388126,64,64
1033294176547081250,16,16
1033389540368464794,19,19
1033527197628685189,0,0
1033555318888190858,46,46
1033563488863149569,12,12
1033594152124762800,19,0
1028834725459414626,7,0
1028910710718335538,54,54
1028921718566728320,70,70
1029019279588298736,30,14
1029024468197803771,21,11
1029119321407305746,13,13
1029125365022473668,12,12
1029128244805089224,42,42
1029145949717644011,59,58
1033633370292103864,0,0
1033665025367277341,38,38
1033917283828287582,0,0
1033917984737819474,18,18
1033918338174422544,0,0
1033918654686101310,0,0
1033928058346993729,61,61
1029148916384970318,18,18
1029190475492733848,75,75
1029250569852928766,73,73
1029256490418151453,67,67
1029317224873552477,40,24
1029490111259601395,0,0
1029490519115427865,9,9
1029666092532042199,3,3
1029667278109157347,75,75
1029667664595611155,76,76
1033953863075333478,47,0
1033955559027329334,15,15
1033965000448003107,75,75
1034002815994694257,90,90
1034015845992979230,3,3
1034022739469997420,34,34
1034100855619075023,6,6
1034106373368010940,38,0
1034113003712981730,13,0
1029692543095350940,0,0
1029713156755566284,17,4
1029718396636573541,30,1
1029752862113650417,13,13
1029753759407075573,16,16
1029766290483905399,13,13
1029768598914791090,14,14
1029776177395261809,33,23
1029780342115548841,21,21
1029783191207154739,31,29
1029788344197600674,36,36
1034127602506574999,0,0
1034128450049103094,7,7
1034235578841143848,69,69
1034266243065937291,0,0
1034300687284510255,0,0
1034325119213422367,9,9
1029791210554209668,45,45
1029806211924798500,0,0
1029849374021573844,16,16
1029860634425164754,15,15
1029867990742702879,75,75
1029872184146517556,53,53
1029872939778153250,30,30
1030038657520362227,34,34
1030041934802208436,66,66
1030353300340142449,39,39
1034331064246329985,6,6
1034434505251215260,2,2
1034533363706380653,17,17
1034533673223544322,72,72
1034533949807489629,0,0
1034534236829242309,57,57
1034536861924450963,0,0
1034749271994349012,51,46
1034752543782836355,8,8
1034762851428251097,5,5
1034787269959098719,10,10
1034810015156631878,2,2
1034870717937153927,25,25
1034897833823176761,60,60
1034962239819796348,0,0
1034977854572102778,3,3
1035063789755603504,0,0
1035243405969732653,7,7
1035362823116379718,0,0
1030353867053493764,75,75
1030390127312130098,48,48
1030425415018545602,90,88
1030425670028396214,23,23
1030471955409301019,17,17
1030503494042831518,12,12
1030521032786848110,10,10
1030582663901645263,16,16
1030583783320300121,42,42
1030599882030482842,90,89
1035363170136485747,59,59
1035370368418119898,15,15
1035373871473298400,15,15
1035374176350450478,90,90
1035374494082986986,21,21
1035374774860667619,0,0
1035375082790489047,2,2
1035375383695403072,53,53
1035433294591240366,2,2
1035513445878037862,42,41
1035513737232864814,79,79
1035516094065706441,16,16
1035517422998461912,74,73
1035526995070841324,78,78
1035528921013784774,78,78
1035641818891250209,52,52
1030642237754023238,10,10
1030683669627618471,90,88
1030685682018740063,0,0
1030931589160982780,0,0
1030932053946030222,0,0
1031072658802970399,46,46
1031243845273593604,13,13
1031252846776033127,56,56
1031292829310481951,28,14
1031826486238321728,36,36
1035678410792274896,46,46
1035830390935280687,1,0
1035939598377691112,21,21
1035940332981870594,65,65
1035940967027764765,0,0
1040631383494755213,34,0
1040631615442446563,20,0
1040632162395888647,11,0
1040635049962950760,25,0
1040635412705241317,9,0
1040881808686726095,0,0
1041248971426615395,90,90
1031826859936033507,0,0
1035941494843178212,45,45
1035961933887794067,46,21
1036091192250653304,14,0
1036133789600061839,3,3
1036195335901188776,2,2
1036259745835736631,7,7
1036273713121371144,7,7
1036276150421118929,75,75
1036276185860158740,7,7
1036277325720061392,76,76
1036302925052852340,57,56
1041332372169759470,20,20
1041424936772937608,76,76
1041439960157186098,37,37
1041449989786816094,0,0
1041454034409617409,30,30
1041477525563744772,21,21
1041529392391817714,16,16
1041621342095143169,0,0
1041669476938766278,25,25
1041908689559698615,0,0
1041973249601151890,0,0
1041980408127081749,3,3
1036309838728178575,4,4
1036325030871136434,34,34
1036373982586690237,78,78
1036374813343214555,79,79
1036380090895156234,78,78
1036494663880720197,56,56
1036901128219414932,11,11
1036919697576123604,0,0
1036945730394332398,26,26
1042054162835980391,29,29
1042100010525986133,22,16
1042136838759782915,14,14
1042137021674701046,48,48
1042218107096684067,2,2
1042247884743226656,2,2
1042652901378720384,0,0
1042780061067604016,0,0
1042868490233358336,0,0
1042877228869104772,3,3
1042899831256465915,6,6
1036949890162558963,2,2
1036950046809959706,3,0
1037084574043042259,35,35
1037197830785216680,4,4
1037314434052682558,48,48
1037443481542584282,15,0
1037755666156622209,46,46
1037893954700010142,29,29
1037979759518038341,53,3
1038449927951605913,16,0
1043030167024241521,0,0
1043041856219811403,20,0
1043428512128559956,81,50
1043603895706682262,51,51
1043635645246382200,47,26
1043748005274694200,21,0
1043748007895351234,26,0
1043748314335952064,13,0
1043748319187784965,25,0
1043748544487298189,19,0
1043748549960976228,11,0
1043748746630664860,30,0
1043748763612320534,11,0
1038500285792495171,0,0
1038500834823176760,0,0
1038567908768979163,8,8
1038584688653893262,64,64
1038615845898550577,11,0
1038727420303893707,0,0
1038790975859277027,74,74
1039049849056743202,27,27
1039053305366925702,41,41
1039057147878209266,62,62
1043748971089757702,28,0
1043748975652805432,17,0
1043749180047374433,33,0
1043749194049505333,34,0
1043749403725113229,16,0
1043749977199357931,10,0
1043990142732257518,39,39
1043992168755579759,11,11
1043992593024677530,14,14
1043992946677121772,53,53
1044109392284240901,15,4
1044130115392921730,21,0
1044226337540626550,59,59
1044443602707098676,89,89
1044485172677898752,27,27
1044575475887434204,0,0
1044579220248046362,0,0
1044596274887028908,18,0
1044596274975881034,24,0
1039093742248512059,0,0
1039104317628299034,8,3
1039171553374045533,25,25
1039243266340853872,39,39
1039291627800789819,0,0
1039303278183487476,34,34
1039387830704024048,2,2
1039719005706038699,9,9
1039756751753144559,46,45
1039775375347211052,0,0
1039776121808822509,82,50
1044697636830705546,36,36
1044737059771710498,18,18
1044827686686866736,0,0
1044920456567949813,32,32
1044995463995747787,64,64
1045020649198959247,3,3
1045118609799024931,76,76
1039876194157328406,14,14
1039883001824482041,25,4
1039883257529887819,42,4
1039883330806875972,5,4
1039883437066176014,11,4
1039884405094161264,12,4
1039924567224255419,37,37
1039965089477166943,2,2
1039996973262353772,0,0
1040070660427872874,5,5
1040093349544593632,1,1
1040103498582872005,17,17
1040110154423119249,61,61
1045137924335303116,0,0
1045147319385241993,2,2
1040121441546604112,16,16
1040131205375805128,1,1
1040235625526445150,48,48
1040242522938333428,2,2
1040243842203592745,2,2
1040251977445984955,0,0
1040251977534853153,0,0
1040252132810683244,0,0
1040252220606189268,0,0
1045194532442460803,0,0
1045264052858146772,90,90
1045422595038640117,42,42
1040252309751331926,0,0
1040252422435594691,0,0
1040252595052004722,0,0
1040254120934937513,2,2
1040497401333364792,78,78
1040524257616584068,6,6
1040570314068885707,38,38
1040577676963399310,90,90
1040578352298673922,59,59
1045422932660605917,87,4
1040578934356733842,76,76
1040579615332825317,0,0
1040580248552704861,61,61
1040580844273414547,0,0
1046268856354547357,63,63
1046269210177353125,76,76
1046288984910404214,31,31
1046325012407828041,22,22
1046330878473034298,12,11
1045423353253422323,1,1
1045577206367237342,49,49
1045625585393356139,0,0
1046002771757196737,1,0
1046002958410573473,0,0
1046024946935843816,76,76
1046238056539948194,53,53
1046268160055047946,76,76
1046268520067514879,90,90
1050859703674581568,90,90
1051303514337719594,2,2
1046352281440824954,61,61
1046365844124834792,2,2
1046372475682855523,2,2
1046418840278601680,2,2
1046459231329684547,3,3
1046471044418633207,3,3
1046486764198506126,3,3
1046503081311194501,3,3
1046506049396401899,3,3
1046506922921701131,3,3
1046508845139051872,3,3
1051404502211155820,56,56
1051427357348578117,0,0
1051505442588448739,34,34
1046632736813066395,58,58
1046641371328359777,90,90
1046648578080339791,2,2
1046656287282687252,6,6
1046659383191935172,1,1
1046659384494450864,1,1
1046702439713793999,2,2
1046714278182956682,2,2
1046718023215934055,2,2
1046765851091797326,32,30
1046881470236820933,8,8
1051693960593774847,5,5
1051730788488389156,2,2
1051954628020992595,0,0
1052183153542542593,2,2
1052202585325643259,1,1
1052228327371048335,88,88
1052259410309987157,66,66
1052294182424144426,7,7
1052398712379279599,81,81
1052411543964095430,47,47
1052767826783426157,63,63
1052888640324549517,66,66
1053110011763035222,5,5
1046903352627025663,89,89
1047045004200840969,89,89
1047110999128240121,3,3
1047116194395779115,3,3
1047124111969540022,3,3
1047134824286187568,45,45
1047194632899115974,40,40
1047203057332679874,3,3
1047222024885820367,44,44
1047245552706540706,53,53
1047281007754161901,0,0
1053149499312087874,0,0
1053527589797192977,30,30
1053591611410336431,31,31
1053652465790968543,37,36
1053905812534942894,27,0
1054367741027188589,53,33
1054463012526523296,27,27
1054528883890923211,2,2
1054766423954233739,76,76
1047308210273620628,50,50
1048474395349114502,0,0
1048531890309084613,33,0
1048563563403000625,38,38
1048595086959375823,51,51
1048676268623841777,2,2
1048749148249520661,50,0
1048922932805066353,4,0
1048925498408318395,23,0
1048925777158101907,46,0
1048925866005753912,9,0
1048925934502620255,7,0
1054922113127805726,65,65
1055008778043705675,22,15
1055010342351406141,2,2
1055030718576614568,33,15
1055037646560689002,15,6
1055145734011625285,2,2
1055200488171982996,71,71
1055444597484933368,58,58
1048926020815951658,25,0
1048926083719475820,30,0
1048926180068919406,3,0
1048926235825676635,46,0
1048926333274693328,13,0
1048926569524406196,7,0
1049173777970027790,0,0
1049187653715329467,0,0
1049282302817004028,80,80
1049299400432085524,21,21
1049318056495875404,47,47
1049369302862416200,33,32
1049484215033550460,0,0
1055653489529918135,76,76
1055653820981064193,0,0
1055804351964620545,1,1
1055855035131489398,0,0
1055914998447389060,0,0
1056252450167069770,15,15
1056258930247775470,31,0
1056500213720193229,2,2
1056509899939593559,0,0
1049486529058289967,0,0
1049583121964349719,0,0
1049631890775955111,3,3
1049719900492224023,0,0
1049940767703198807,32,32
1049952793502900635,2,2
1050013204065045061,62,62
1050040320734520881,0,0
1050067537509382432,88,88
1056557930024047301,90,90
1056564961383687067,0,0
1056625840573715781,15,13
1056650231082472276,65,5
1056755774413954879,10,10
1056766544774419122,6,6
1057127398484370730,2,2
1057188297903797644,20,20
1057270663669889175,2,2
1057471243701482536,0,0
1057775995368202634,0,0
1057797641064287773,0,0
1058006984071913718,2,2
1058203066420327663,76,0
1058226731205197288,50,50
1050103047625170204,0,0
1050115578412522466,28,28
1050120817675342661,0,0
1050183104143925203,0,0
1050266725683909640,22,22
1050438430162716074,0,0
1050469840170584622,64,64
1050470245746400509,53,53
1050667017393639309,22,14
1050770980329376346,0,0
1058708346603333856,2,2
1058752711303934611,90,58
1058815379622089227,75,75
1059399783161257709,56,56
1059574884105026770,3,3
1059609886889535146,17,17
1059787657125734957,59,59
1059832394169922022,5,5
1060067517230203090,75,75
1060071256613121832,0,0
1060072172151387632,76,76
1060098314384850325,3,3
1060138677215669245,3,0
1060192371328219223,90,90
1050771766607519903,59,59
1050807955203588919,87,87
1050831980985744781,30,30
1060678687948076711,15,15
1060790025196109539,11,11
1060848009618799743,17,3
1060887396442907526,3,3
1060893985249841233,61,61
1060974724524304862,39,39
1061001680165253060,7,7
1061049354700025622,15,15
1060219201414893345,8,8
1060239147534903352,32,32
1060239215738679244,16,16
1060241871693461480,3,3
1060296342868207435,2,2
1060302258730794153,3,0
1060352217117589168,3,0
1060380321196854746,0,0
1060400890327719821,0,0
1060477773287184489,1,1
1060638349590084347,9,9
1061049485781408861,29,0
1061055125835647211,4,0
1061056176589586161,22,0
1061113702595817537,34,34
1061168197769342394,49,0
1061218733836374194,3,0
1061243380459743528,6,6
1061461150709867848,0,0
1061470503176432568,34,24
1061481461460001697,43,38
1060639599206159555,2,0
1065769971445201312,6,6
1065778832869908021,7,7
1065782226324337615,5,5
1065813715720697691,37,37
1066028196715633422,2,2
1066034452713537152,90,90
1066045572533268679,49,49
1066102862445188127,0,0
1066170537254641780,9,9
1061517681080659162,6,6
1061614635974174288,33,33
1061616810265679219,15,0
1061632233644512468,9,0
1061632299472282421,4,0
1061632564187992922,3,0
1061632669312353240,10,0
1061632971843436364,3,0
1061633025832291732,1,0
1061633131713767733,2,0
1061633200531291580,15,0
1061654638574398884,52,52
1061778391842449513,16,0
1061949170995507464,2,2
1066323006884877800,3,3
1066541695851150471,20,0
1066619270250545241,35,35
1066623888304208005,5,0
1066630837020823893,0,0
1066631309788359477,89,89
1066661715722364503,0,0
1066762261661304577,16,16
1066796984919097998,0,0
1061995840557392701,0,0
1062145273744656883,75,75
1062145777611999441,44,44
1062148354797546178,66,66
1062204874827086403,37,0
1062225573804533925,3,3
1062375733204243034,74,74
1062459732279895233,32,32
1062478810779287031,78,78
1062506366862556498,32,32
1062514888943930705,15,15
1062524509478702982,0,0
1066837013767774923,31,31
1066911214449074405,8,8
1067178493484312501,0,0
1067188859061887812,0,0
1067189169950924679,5,5
1067189478788560150,0,0
1067190097579226006,0,0
1067200736348365568,90,90
1067201740592807516,0,0
1067212478316421989,63,63
1067268631904752268,35,35
1067269258225505974,49,49
1067272880627018649,16,16
1067273460694635519,0,0
1067275400639266158,44,44
1067276041750736141,0,0
1067276571138900398,49,49
1067277153030201186,54,54
1067317365627051315,90,90
1067326290090101851,9,9
1062633589528383767,0,0
1062774160479785080,21,19
1062932916029042118,28,28
1063032457536307590,68,68
1063136773468377411,5,5
1063191047212072509,3,3
1063195684205664500,24,24
1063244517755537780,0,0
1063769212897446946,3,3
1063887869836214561,0,0
1064006705607446101,35,29
1064014662356519337,6,6
1067326682565133945,26,26
1067335526410187895,8,8
1064300515053828558,38,38
1064300827695462584,79,79
1064301195892473870,40,40
1064301503148118026,81,81
1064523868451932167,9,5
1064523931238623062,13,6
1064524081065259191,14,4
1064524111043166059,13,4
1064524315581918695,24,6
1064524524096641494,3,1
1064590410286935175,0,0
1064598849643586435,2,0
1067339879599785124,16,16
1067442271959693575,0,0
1067481448238763619,0,0
1067484164512158205,11,8
1067485803917467012,2,2
1067487172334612088,2,2
1067492285421666240,2,2
1067546821288390834,11,11
1067549353765757410,39,33
1067590275447169026,75,75
1067591227921878270,2,2
1067638572137152034,10,10
1067746487891672538,9,9
1068219915878365503,31,31
1064635831979828858,72,72
1064724494450720877,3,3
1065009656872358442,0,0
1065123350709282894,22,22
1065170144620421598,35,35
1065240416426347624,33,33
1065261714964080001,5,0
1065262056366021513,2,0
1065262230258220430,1,0
1065262230644399835,1,0
1065372627170730644,18,18
1065394869170744322,0,0
1068228716746876060,2,2
1068407150433353514,21,21
1068537120626967876,47,47
1065403714551533946,3,3
1065716820074814380,76,76
1065734338333399135,5,5
1065758362601303702,4,4
1065762399416234253,6,6
1070312662525454388,2,2
1070327706166386414,17,14
1070355214717201598,38,38
1070372218321962755,0,0
1070376523863400975,0,0
1068730297270620086,8,0
1068741903107300651,10,0
1068912065584586603,76,76
1068964032867039816,8,1
1069085193397966592,2,2
1069105907558329161,89,87
1069508594681767937,0,0
1069516393596899524,0,0
1069526703582727134,0,0
1069578477394124208,0,0
1070382902215466684,59,59
1070385146027468023,20,20
1070398579281953495,0,0
1070406659496561709,0,0
1070450891681156687,1,1
1070493385323671933,0,0
1070531707221095417,71,71
1070901052420848550,42,42
1071038139249600042,38,38
1071051978115920209,76,76
1071065733869462689,63,63
1069580354212412517,22,22
1071083738326573629,90,90
1071085232599196862,76,76
1071097470129706565,64,63
1071149719956633348,90,90
1071230531368875750,0,0
1071310943345107809,0,0
1071333400427167471,0,0
1071419963016698498,0,0
1071606997626297526,75,75
1071688769658832375,45,45
1071703160614211263,50,50
1069581505361098170,21,19
1069587960830987188,17,17
1071712108811245554,61,38
1071731861726122320,73,73
1071846713751416214,0,0
1071902008681152334,0,0
1072089744850191566,43,43
1072392495764202271,16,16
1072416905292439778,61,61
1072422929427482902,20,20
1072438872838139128,0,0
1069618889356272594,0,0
1069632244080963141,90,90
1072441340307274036,14,14
1072441700199654943,0,0
1072469216310675630,25,0
1072469216331771002,25,0
1072469407115663434,0,0
1072469435240273047,35,0
1072469451774666223,21,0
1072469613386836466,37,0
1072490292073582343,18,0
1072521783407315734,31,31
1072604583533985335,7,0
1072622791437897100,0,0
1072748663391133153,90,90
1072753751918138406,59,59
1072820049144501891,43,43
1072821907394094556,47,47
1073179448074357226,32,30
1073191131218200317,21,0
1073237810231849364,40,40
1073746988444955064,9,9
1073915671655296338,31,30
1073926982289759514,0,0
1073976914212097232,54,36
1074057293851354314,24,24
1074177249739756939,0,0
1069660706506079136,36,36
1069721161305728281,7,7
1069736400348119133,0,0
1069775825692003208,57,57
1074617829677960916,46,46
1074760466136368472,59,59
1074798354467358272,0,0
1074824222599384771,0,0
1074960104715575212,0,0
1075015944222402785,0,0
1075227292383892324,0,0
1075342600501590104,4,4
1075385397510278017,9,1
1075385725948117349,23,0
1075385949180314816,10,0
1075385949662033735,10,0
1070151758129815454,59,59
1070231131306779107,70,70
1070268279697476132,44,44
1070270537377163305,10,8
1070271021848012165,24,16
1070272052169818710,10,10
1070272637247149842,15,14
1070292150676551812,50,50
1075386062453011080,34,0
1075386065938547691,20,1
1075439252135899720,0,0
1075439438887826725,70,70
1075472992489210989,12,12
1075508827303644927,90,90
1075541536118279128,0,0
1075541594512550784,68,68
1075693579028892349,24,24
1075906713750679075,0,0
1075959810647692862,0,0
1081688478179193530,14,14
1081752668837474884,0,0
1081761700670315735,44,44
1081774764145429147,16,16
1081935749436412239,0,0
1081941463780204485,0,0
1075973073963279494,0,0
1076002620052074926,0,0
1076003044998951982,54,54
1076087081895237203,72,72
1076090494277276878,3,3
1076099247250886021,15,15
1076142065979754658,12,12
1076198597758013985,14,14
1076200416856487057,15,15
1076202541738635891,6,6
1081972930338376885,0,0
1082000170765426636,0,0
1082011841524763767,0,0
1082177486445094065,9,9
1082257491305122419,44,44
1076202555026024674,14,14
1076203283111188540,15,15
1076304991439445196,48,48
1076313962143053879,38,38
1076362799813706771,0,0
1076493058706485569,0,0
1076589970079589810,90,90
1076809641847517288,75,75
1076824544318787993,9,9
1076826477174986073,31,31
1082300585235338849,0,0
1082456808583651240,12,0
1082660771919357919,76,76
1082846840608354586,20,20
1083103814000174217,2,2
1083232309817492677,0,0
1083255256578343934,90,90
1083354516854663093,0,0
1083369496555924750,88,88
1076901960949481562,0,0
1076951289493106487,62,62
1076963862671622156,0,0
1076971713700684447,2,2
1076991778701346144,3,3
1076997502152420940,2,2
1076997582730997566,2,2
1077291587779409400,52,52
1077292045029557363,67,67
1077433267729271369,41,41
1083396985265703852,0,0
1083413347114647900,16,16
1083457132325313315,7,6
1083548110917142090,64,64
1083605109713339980,53,53
1084121726692781496,0,0
1084205649822413286,34,34
1084273676586833841,22,22
1077467056881355147,0,0
1077537721962654260,0,0
1077609889483335534,31,31
1078234828396528911,62,62
1078278007455687493,0,0
1078295487634551725,46,46
1078336770127529285,31,31
1078365107916600965,57,57
1078375400012566259,20,0
1078601786069704935,2,2
1078615004033084660,3,3
1078923644639661537,38,37
1084314858874629365,66,66
1084339111065922406,55,55
1084674420406657460,19,19
1084681359373913660,0,0
1084768769972494316,0,0
1084827854461923721,73,73
1084828217755386005,54,54
1084837678155303157,57,57
1084860834274231591,0,0
1084871361591875604,0,0
1079002319295560537,41,41
1079055928537511033,85,85
1079061115884416812,0,0
1079093999350541176,35,35
1079110643206381992,5,5
1079152229019153537,8,8
1079176033625590431,45,45
1079228480751488618,0,0
1079279590712988717,47,46
1079281610989843902,76,0
1079681043834051748,1,1
1084918400705457819,0,0
1084942063521972337,0,0
1084949680335673625,33,33
1084972747484392455,45,45
1084995562728014471,31,31
1085014520176605568,0,0
1079776280274419721,0,0
1079890729260575946,41,41
1079896407529546282,0,0
1079901507671871800,41,41
1079910993717982400,33,0
1079980032666336377,2,2
1079995154639151276,6,0
1080256644381495310,0,0
1080257145132881627,90,90
1080397066127126288,44,44
1085122041734203848,24,0
1085501920403799667,1,1
1085652974861396322,76,76
1085774261317139329,15,15
1086082438509839176,77,77
1086200276891664933,21,21
1086252238011627855,0,0
1080413276408130595,11,11
1080435805579214180,59,59
1080453335264829723,50,50
1080462560309052603,35,35
1080524247229234431,82,82
1080615169929014643,13,13
1080769743669960618,63,63
1081094943593999779,0,0
1081124181956231759,13,13
1081139459996244253,31,31
1086260209854681581,31,31
1086297495834546281,0,0
1086312344495922694,26,26
1086319559710656328,42,0
1081153334878873969,2,2
1081185973600372871,60,60
1081266736098131414,33,33
1081329204523525342,7,7
1081331112442286544,15,15
1081332555917799456,6,6
1081333701175123215,22,19
1081334909423823810,6,6
1081337617525702444,29,29
1086349465074257953,1,0
1086373655299407944,54,54
1086394938118286708,0,0
1086423366623328981,0,0
1086523201857001367,89,89
1086566160611105600,90,90
1086829767088724403,6,6
1081383290292932887,0,0
1081449253104266697,10,10
1081478068142690666,49,49
1081688074862046736,76,76
1087797016521732530,16,16
1087798431786089199,2,2
1087800217989122112,26,26
1087800916009051587,26,26
1087899933601287528,3,3
1087931058584862187,20,20
1088028431891766930,26,26
1088440249735666904,2,2
1086857934528282644,5,5
1086871715782143028,29,29
1086887827070400937,25,25
1086888066183067947,32,32
1086933204693439048,1,0
1086957723918342538,67,17
1087036286146060057,46,46
1088448586790398597,75,75
1088458482112063683,70,70
1088462354138947183,18,18
1088995864090222713,77,77
1089113738080022020,0,0
1089142602415929917,28,0
1089185458346740440,8,8
1089290609745517673,88,88
1089413171661165083,78,78
1089460318686076007,46,46
1089725892764328452,0,0
1087094198290625423,52,51
1087139137702855655,31,31
1087144595237396840,24,23
1087165768251308424,0,0
1087385956162294812,32,0
1087478093366283374,69,69
1087559244367558497,76,76
1087566793571484662,63,63
1087580640421984763,15,15
1089729246192794843,0,0
1089766702290849908,13,13
1089799002538865369,64,64
1089816470431705091,18,18
1089849330286362160,0,0
1089912037059935747,70,70
1089929370227826369,76,76
1089958253746827887,20,20
1090028270316624297,7,0
1090041604677130047,47,47
1090287138945435080,49,49
1087588544639499882,16,16
1087597996562719101,0,0
1087598300394910991,32,32
1087598584095581526,9,9
1087653566702487146,1,1
1087757731838889684,0,0
1094764389824490264,5,5
1094765911844541646,5,5
1094767436963006514,11,11
1094768575810425003,12,12
1094771527480877085,10,10
1094773469623443535,10,10
1094775082583002100,45,45
1094777151341930866,5,5
1090541400037539368,52,52
1090541906381461567,45,45
1090553830200685087,19,19
1090617582725521721,33,33
1090638611066390408,46,46
1090713696580310351,24,24
1090719722431358808,7,7
1090741182977771016,1,1
1090796650803365546,0,0
1090829533298182424,85,85
1091221131418995026,78,0
1094778509948613457,5,5
1094797239366835045,0,0
1094797804470209350,0,0
1094798050183949653,0,0
1094806998523731750,45,45
1094808192959006232,45,45
1094817105402046178,10,10
1094819456089419636,10,10
1094821863189646828,16,16
1094825145022408348,16,16
1094827760811111927,10,10
1094828974462390323,10,10
1094830279649231470,0,0
1094834246619155716,51,49
1094845169526286962,10,10
1094846910093881527,10,10
1094848592248598541,56,56
1094850740859468109,55,55
1094852250821907788,45,0
1094854129910468799,11,11
1094856719742290170,11,11
1094860088554764411,64,64
1094862441728384049,65,65
1094864191677112358,12,12
1094865520021826431,12,12
1094895605343224424,0,0
1094973250036740569,3,3
1095003644154224670,15,4
1095008099179477611,6,5
1095008385366874794,0,0
1095016556426393939,15,10
1095018491084238599,23,13
1095067625806122686,90,90
1095104848494207001,17,0
1095170294926054525,70,70
1095201205113554701,3,3
1095303457850517678,41,41
1095552825883381859,32,0
1095553040711152680,16,0
1095553256623190741,16,0
1095582600306510167,0,0
1095582745389771049,16,0
1095582942084666709,0,0
1095599632079330447,16,0
1095599916245109812,16,0
1095600062834174789,16,0
1095638672193561334,47,0
1095676542886687773,16,16
1095729147022090049,1,1
1095737290006810489,45,45
1095746267737750809,90,90
1095750796260734534,9,9
1095774395165850616,21,0
1095776782918899581,53,53
1095839144810126915,0,0
1096269283569822329,46,46
1096304392988080939,77,77
1096434482421931061,46,46
1096472331595557358,2,2
1096486041200031130,1,1
1096492708718540311,0,0
1096497378189892283,3,3
1096515047509672363,2,2
1096523837052030631,2,0
1096536087254342431,0,0
1096549532530211832,1,1
1096563621072621125,2,0
1096583187139156674,87,87
1096592978406112252,17,17
1096604925689700051,76,76
1096624749928777947,50,50
1096644441308147113,0,0
1096734913388777669,1,0
1091245575223347519,88,88
1091287898399382473,0,0
1091316461375523384,60,42
1091508386251494812,0,0
1091802018768802489,54,54
1091914240452213678,44,44
1091956529067117133,43,43
1091978336906268918,34,34
1091998427751796380,21,21
1092069890164873183,2,2
1092072336012573142,7,0
1097010415717725941,0,0
1097030119523190924,31,31
1097114648877714131,5,0
1097125455525075775,8,7
1097125456307217681,37,19
1097125624434587092,8,8
1097125628839778676,10,9
1097125751143859409,23,16
1097125758418099444,16,10
1097125870673466743,11,8
1097125873720455537,23,7
1097129270356869111,3,3
1092077852530007708,2,2
1092101241348661767,0,0
1092139254709553655,51,51
1092225727659758476,11,11
1092280833430415586,34,34
1092581244045250595,0,0
1092764040708555355,0,0
1092801249343488052,2,2
1092801822152327660,66,66
1092821257448313786,0,0
1092927557165898276,43,43
1097146191048191638,2,2
1097146402872824283,10,10
1097164181186372662,1,1
1097164750741381817,6,6
1097167349412197953,75,75
1097176520785786614,11,11
1097224211313304798,76,76
1097266893958266284,3,3
1092928294708580275,26,24
1092933798132160371,0,0
1092951641472377416,32,29
1092954036179575901,52,48
1092955444883191996,29,27
1093528784858965151,75,75
1093615036600977781,38,38
1093627832142540212,74,74
1093637322687475492,16,16
1093648989560593539,5,5
1093677108223598854,8,8
1097418298061181114,36,6
1097428200625674167,8,0
1097697203605630282,15,15
1097714446468754357,1,1
1097804268016705494,0,0
1097817640272268339,21,21
1097848686671487952,17,17
1097851403485558562,2,2
1097852292327166400,2,2
1097862263564063749,9,9
1097871770734072043,2,2
1097875069076935985,14,14
1097875731576744055,3,3
1097895081984963736,34,34
1093766110632416502,19,19
1093849935002945757,17,17
1094010528655760689,10,10
1094241915446241027,0,0
1094248768330564027,90,90
1094338015491551388,7,7
1094455766433039056,3,3
1094581406003955735,72,71
1094761010140633632,32,32
1094762151844093977,32,32
1101358995272409640,20,0
1101427105433497290,6,6
1097961844061495864,12,12
1097987350186137367,6,6
1097989140191924730,90,90
1097994319431722674,0,0
1098016572818291672,14,14
1098776821217582369,2,2
1099239174570024881,55,53
1099503586667266327,0,0
1101447050013942446,0,0
1101457790272318669,0,0
1101458158192555817,2,1
1101470215361697223,7,7
1101478490935324787,61,61
1101479604660196862,46,46
1101497440864202911,46,46
1101511721554653006,31,31
1101526705334833910,0,0
1101583066035983774,77,76
1101608849587480219,1,1
1101690357816734016,2,2
1099996333103547177,71,71
1100017091124262104,77,77
1100032472759143437,47,47
1100037283310543012,0,0
1100062427775801661,0,0
1102082151658183636,66,66
1102085119722333632,59,7
1102085119804815913,58,3
1102085410385698694,37,7
1102085427590592656,61,6
1102085601893492565,51,4
1102093121006002912,1,1
1102093930679454330,34,34
1102123641767898783,32,30
1102143591304442291,15,15
1102148127809451153,0,0
1102175636079034600,0,0
1100077166930373426,8,8
1100098194411375781,0,0
1100113573480833195,60,60
1100113731225813586,16,16
1100113903778815423,76,76
1100149550283531701,76,76
1100153716637050505,15,15
1100167767643925764,3,3
1102181933171990977,0,0
1102228728780529078,2,2
1102282997570124942,3,3
1102291576008942700,3,3
1102293210777929921,3,3
1102299689722653894,27,27
1102305145593756275,3,3
1102306332702071960,3,3
1102331692663829399,59,56
1102340868834494752,37,37
1102347209561419713,2,2
1100188470327687501,5,5
1100235787052622687,21,21
1100277641920135153,0,0
1100361598208118066,2,2
1100459702576739500,15,0
1100462013424457721,0,0
1100507609129527478,0,0
1100569193093536116,39,39
1100586816839903018,46,0
1100587149730621949,16,0
1100587404542771591,16,0
1100672405110943827,3,3
1100774628764058258,18,18
1100781973307336883,1,1
1100802109442151724,0,0
1102420689981539702,2,2
1102458160848756590,8,8
1102741832770949828,13,13
1102741833418482380,12,7
1102742061646879735,11,11
1102742061694148595,35,35
1102742192577399198,9,0
1102817947862586745,0,0
1102819583594705620,90,90
1102887888654922136,7,0
1102887888854380623,9,0
1102888082826227792,9,0
1102888432985586112,4,0
1102889136010576221,33,0
1102889178459937276,47,0
1100852958951120800,0,0
1100908287650949854,0,0
1100922370167379484,17,17
1100923152752810255,23,5
1100945393171794060,3,3
1100949416566069733,42,0
1102889669594920147,47,0
1102890080482160409,22,0
1102890114710623368,5,0
1102890221632577533,39,0
1102890388137871208,17,0
1102890388283725834,2,0
1102890542972776110,47,0
1102890543497243557,2,0
1102890693620178347,30,0
1102891070945951937,4,0
1102891100018405106,17,0
1102891295661523512,2,0
1102934542095541409,68,68
1102971605581262547,9,9
1103003763881354673,0,0
1103027953456511332,0,0
1100992020810585156,1,1
1100996446560351140,3,3
1101053548655027903,30,0
1103088524196656891,50,50
1103172794842065130,10,10
1103306738228403778,82,81
1103307088435677000,85,84
1103307431574111475,82,81
1103308047320169556,85,85
1103600863692203549,0,0
1103649215263954375,2,2
1103704219358078972,85,85
1103708930772127471,59,59
1103724274943024888,90,90
1101053809095530238,32,0
1101054288867445369,32,0
1101090051433885766,48,48
1101110523419007264,18,18
1101124537366565735,37,37
1101129819687240230,17,17
1101146791950591921,5,5
1101284191239320661,1,1
1101334105867355921,13,13
1107831092152405927,89,89
1107831428888443615,68,68
1107831742640480966,76,76
1107861712292911792,29,29
1108003180015135304,2,2
1108028455046004023,37,37
1108033877492468350,17,17
1103827004871780558,16,0
1103988756068919543,31,8
1104241321082408203,59,59
1104327697050358536,30,30
1104349873802426432,35,34
1104380954212935459,2,2
1104436283497085631,86,86
1104472941469620295,34,34
1104483313812454862,89,89
1104499946077899332,65,65
1104517580415154089,90,90
1108067764114973489,0,0
1108080483834199751,0,0
1108082653379426204,7,5
1108092335923668839,2,0
1108098398533782554,0,0
1108126065533032978,16,15
1108239778930840969,10,10
1108373380652108909,0,0
1104635195934537883,60,60
1104924200309768587,0,0
1104924591396866069,1,1
1105005305074754036,2,1
1105080641554033221,68,68
1105123568565389419,3,3
1105227850941853147,24,24
1105368514416669324,0,0
1105399026560708492,20,0
1105462821419503909,21,21
1108381670907814799,3,3
1108677880360370991,36,19
1108949459249844778,41,41
1109337668933371568,14,14
1109568672579690541,0,0
1105496514661879085,43,43
1105531878875307358,47,22
1105555935955713382,37,13
1105701818305172554,0,0
1105702301042334214,0,0
1105702699897725950,77,77
1105726516446842770,13,13
1105728403589641263,64,64
1105738757666189535,40,0
1105738757682966752,27,0
1105738845568823677,65,0
1109624768134912351,6,6
1109634888266503902,14,14
1109635962297154857,30,30
1109650004740223219,0,0
1109657423339018730,0,0
1109657592376517431,9,9
1109675460093255334,90,90
1109675724707718441,0,0
1109911011385843843,31,31
1110201796954441182,2,2
1110203057629816204,16,16
1110221481474866633,7,0
1110284715112501472,2,2
1105738951226242511,34,0
1105738951603141599,19,0
1105739143438842877,44,0
1105739323543886103,16,0
1105741556569949130,52,52
1105752953128317216,0,0
1105754207777841137,3,3
1105759211258934651,0,0
1105761506522150980,43,43
1105771415070916042,3,3
1105895433928720782,25,25
1105922720648344919,61,61
1110321873169952243,38,38
1110355451903707267,1,0
1110407714665965658,0,0
1110577872139209188,5,5
1110578563834555617,5,5
1110580750895991230,5,5
1110581639955603376,5,5
1110582578094302314,5,5
1110583877459517706,5,5
1110790405313313117,36,36
1110812985628441928,9,1
1110847898990560606,43,43
1110877446887619967,0,0
1105983045865143118,0,0
1105988778554598626,46,46
1106001456581509960,90,90
1106058239758942476,0,0
1106087218366979260,0,0
1106252332742883143,33,33
1106478978928072650,20,20
1106487658159396813,15,0
1106487658491603142,13,0
1106487805288775893,10,0
1106487812715986226,6,0
1106487941419066421,34,0
1106487953675465014,30,0
1110882202849300294,6,6
1110905168675081715,18,18
1110912045715122654,1,1
1110993438677864788,28,0
1110993915655239590,21,21
1111070044294135199,9,8
1111071226514488327,36,33
1111072216805246742,38,37
1111072720693755574,30,28
1111073455017860470,34,31
1111112319589903484,4,4
1111219828853444703,0,0
1111284497476106256,3,3
1106488077727435771,3,0
1106488079109849778,19,0
1106503342430113525,6,0
1106503385895164044,6,0
1106503385900347992,7,0
1106503386018127003,8,0
1106510847376444282,32,0
1106510847587344303,36,0
1106511007364775922,28,0
1106511008237916202,11,0
1106526556526531077,16,15
1106604621416368343,0,0
1106636387471645456,0,0
1111467358307767724,25,25
1111468336655364551,14,14
1111469166952399014,3,3
1111469726684605187,31,31
1111470252916396113,34,34
1111471727964938540,64,64
1111521365863732716,22,21
1111526223636937826,32,32
1111530244924783287,0,0
1111530652173676159,0,0
1111530958176880473,90,90
1111538705991605733,15,15
1106650651116205037,2,2
1106663744322707547,2,2
1106666179961470072,2,2
1106667595753321693,2,2
1106685280673792649,0,0
1106705590031182956,21,21
1106768502180203675,46,46
1106772501343820576,59,59
1106790475253895312,29,29
1106834189316101135,0,0
1107041388701440106,16,16
1111540336881417764,19,19
1111609937553723816,16,16
1111612207063541662,14,13
1111626653056183952,0,0
1111633515090973506,3,3
1111635958543496988,21,18
1111638766309267875,2,2
1111641652570366114,4,4
1111643313914269816,0,0
1111643482827141591,0,0
1111665858167390406,7,7
1107089414471605323,1,1
1107218753492391849,64,64
1107221502972673264,60,60
1107321382010216458,20,20
1107321490848928456,0,0
1107420594171076665,0,0
1107443561440572530,20,20
1107466007857998876,89,89
1107782473273538350,55,54
1111666150326773564,16,16
1111665965272421981,5,5
1111666023012679487,16,16
1116080980495306645,0,0
1111666189502797460,9,9
1111666358951926713,46,46
1111666461259507312,46,46
1111666496980873964,3,3
1111666644789734414,3,3
1111666722608069202,7,7
1111666846550197497,7,7
1111666912417635052,9,9
1111666966430724392,20,20
1111667095611564257,20,20
1111667518549873713,9,9
1111667865312639571,9,9
1116238248246467589,4,0
1111668017147687957,4,4
1111668235114554994,4,4
1111668741363949906,12,12
1111668821800905528,13,13
1111668952583464683,6,6
1111669815665797482,6,6
1111670028116667408,12,12
1111670409390647896,13,13
1111670644723270152,16,16
1111670875030380240,16,16
1111671141952920228,27,27
1111671446835633847,20,20
1116245822770307509,0,0
1116529065414290664,46,46
1116555539786039678,3,1
1116555653879118965,1,0
1111672014479078678,20,20
1111672508046014380,7,7
1111672634422819489,6,6
1111672853839920280,34,34
1111672893457907038,33,33
1111707325901125421,40,16
1111749756699029402,59,59
1111755170836154020,17,17
1111814726067302895,9,0
1111892693817795878,52,52
1116562418961095548,2,0
1116659029637157436,90,90
1116693554594421762,0,0
1116707411784455212,74,74
1116713538927097537,19,19
1116729772468124199,9,8
1116763616207150309,75,75
1116772957632397742,65,65
1116778465633615046,3,3
1116801109714418692,0,0
1116894896977374505,34,12
1116912932427140492,75,74
1112023546762857225,10,10
1112035529044283890,6,4
1112265207664696374,0,0
1112313952031734864,4,2
1112344756155061784,2,2
1112351229041577978,30,30
1112405332315125254,44,44
1112407338199543926,0,0
1112412330409417849,3,3
1112413663345413314,3,3
1112414919523045141,3,3
1116927219695127568,6,0
1116930231790877712,19,15
1116980599219165405,16,16
1116986059041927579,4,4
1117020499230853825,5,5
1112415747017722562,3,3
1112416918696367005,3,3
1112521342674312346,12,12
1112530043994749894,54,54
1112963555103628806,3,3
1112971090446110504,3,3
1112973120354392062,16,16
1113019757148804965,81,81
1113030110156474204,89,0
1113030168317078062,0,0
1113047751823435876,89,89
1117326207587983417,23,23
1117330803139603196,4,0
1117348562410002593,0,0
1117392950529887686,0,0
1117395358984269577,25,18
1117442475912948085,0,0
1117496740720620113,7,0
1117512108535863744,54,54
1117520708516978979,2,2
1117532744097489604,0,0
1113048051231581389,75,75
1113051250641981233,0,0
1113073401939237390,0,0
1113088052713757132,36,36
1113089113330335436,6,4
1113172571561700595,3,3
1113186084971222904,27,27
1113258559882130112,76,76
1113279088764300219,5,0
1113463250186485659,3,3
1113896863240020357,54,53
1117575469976164572,15,0
1117721798584451198,81,81
1117935917476687376,69,69
1118148174507368445,0,0
1118173970575255817,1,1
1118284154882166548,23,23
1118447284939729494,2,2
1113975653556242121,14,14
1114539686734458704,3,3
1114648940731264008,4,4
1115294849933964740,2,2
1115296316091602449,47,47
1115334437409198353,24,24
1115372362964057519,61,61
1115377466525054553,17,10
1115380808111478492,2,2
1115417017868114695,4,4
1115471563998250173,56,56
1118676440414345098,3,3
1118678033574629048,6,6
1119779223582471106,0,0
1119976704784916648,33,0
1119990552003968441,31,0
1120041642707724562,19,0
1120053803991744954,0,0
1120120917663313525,4,4
1115903542547996840,89,60
1115967878783497786,49,49
1115980846989416764,23,23
1116042385708833643,1,1
1122072466892127468,22,22
1122255607613165321,16,16
1122265328870455427,0,0
1122288365281690203,12,12
1122293005103628271,61,61
1122341264871250207,1,1
1122363436937093697,63,63
1120200726975912830,3,2
1120200764487842981,4,2
1120267212254262726,18,18
1120346290475424856,8,8
1120348428508594780,5,5
1122376994681674148,65,17
1122461403861166485,0,0
1122481791897280036,33,33
1122482629886469254,40,40
1122491867192041810,0,0
1122506270057088555,0,0
1122517963920692180,30,0
1122532916182362889,46,0
1122542601453748725,0,0
1122575256700615814,23,17
1122810910933359230,0,0
1120350431112519928,6,6
1120414324364217815,2,2
1120417006583335748,3,3
1120419289800030647,3,3
1120525515285577613,27,9
1120554725921380231,0,0
1120610712357771313,0,0
1120914951050400851,89,89
1120915309288874040,0,0
1120915640151289132,49,49
1120916113978892056,46,46
1120940575990331558,25,25
1120950645849135201,19,14
1123058674200272789,0,0
1123062790203605218,2,2
1123076422563764224,32,0
1123077365953960432,75,75
1123139068980316541,53,53
1123155327289521410,50,50
1123155681198830366,0,0
1123178688100365695,0,0
1123275389878502035,24,24
1123291802006525572,3,3
1123331749308769023,30,30
1120982175254555104,9,7
1120984964853213286,3,3
1120986161733678919,3,3
1121071083462663275,5,5
1121085081120589834,75,75
1121097388919060794,83,83
1121098794146870631,46,46
1121109933201164759,20,20
1123479976623636058,76,76
1123483563454872224,2,2
1123487480393660739,2,2
1123491615544702014,16,16
1123508465565975975,17,17
1123536669391233220,90,59
1123743459729686198,62,62
1123776431230095841,76,0
1123784306015693556,76,76
1123930551455333128,7,7
1121673693861808064,0,0
1121737266854385809,2,2
1121771929571655131,2,2
1121796571111988668,3,3
1121796716965999635,18,18
1121858306063246244,76,76
1121908053293137461,3,3
1121929936429281111,0,0
1121971116456621504,0,0
1121981426388504295,1,1
1122017433681635581,0,0
1124126281825724517,52,52
1124204389033268401,3,3
1124210759358253828,2,2
1124515503871939606,44,44
1124574711796175408,90,89
1124639976631699519,15,15
1124693282110848984,6,6
1124737195407142770,8,8
1124785781926662756,87,87
1124822815836751434,0,0
1124909486762704847,17,17
1122069073279197774,20,20
1126012753818137482,29,0
1126013019682421238,16,0
1126013022574742061,24,0
1126013216504009150,16,0
1126013216863691906,30,0
1126013406838784894,17,0
1126013407084765964,21,0
1126047181362612516,45,45
1126050815312115722,58,58
1126052924442652990,56,56
1126075657490554047,0,0
1126079789337906197,15,0
1124927353218071086,19,0
1124952055350894587,57,57
1124979327324611288,3,3
1125139098078786312,8,8
1125141139412549867,30,30
1125174066994983407,0,0
1125224478670531330,3,3
1125319724853414750,4,4
1125394067603414786,19,19
1125396587745754932,3,3
1125396693234888561,3,3
1125402679115844799,0,0
1126092277413709536,0,0
1126106648674787077,0,0
1126163691986174137,14,14
1126206544537300215,18,0
1126281402988856261,0,0
1126546713333778601,23,0
1125454204459203690,30,30
1125471529511161183,1,0
1125496033302845693,65,65
1125647449838700909,65,65
1125700027098239450,64,64
1125931126069578400,0,0
1125931541062857338,36,0
1125932164853722753,34,34
1128974197538669137,0,0
1129016441448820604,4,4
1126602892983015449,15,0
1126672026506678194,12,12
1126734893712907790,31,28
1126768898291189419,31,0
1126795233828622215,0,0
1126809626612191460,18,18
1126814011677133203,0,0
1126828940822383104,5,5
1126841815721111245,3,3
1129017549247571973,4,4
1129018472325857606,5,0
1129023585088317098,15,15
1129024928327680831,18,18
1129026160340567973,34,0
1129147480795431429,3,3
1129284665091805756,90,90
1129406858712912754,0,0
1129675421613511516,3,3
1126849697330062763,14,7
1126867035259816155,35,35
1126882011401649564,70,70
1126910409710723455,2,2
1126967841699237411,0,0
1127032923251167783,46,46
1127050892290534116,2,2
1127093495237855564,15,0
1127256032083822858,0,0
1127272702038488908,0,0
1127291535165894031,0,0
1127303045702685235,0,0
1127418309061390973,0,0
1127442941688125871,10,2
1129725561862377757,3,3
1129884166388336939,90,90
1130408086684008463,0,0
1130426604038596371,6,6
1130439831728803694,78,78
1130487141779723920,0,0
1130500597508501445,13,13
1130512636246238678,0,0
1130546708132687453,0,0
1130554947591177764,75,75
1130564683296642125,19,19
1127492187924840140,31,31
1127567482124798458,61,61
1127572102033971269,0,0
1127585604540738152,0,0
1127589031357915903,0,0
1127601441402295227,1,1
1130578873525622134,0,0
1130596201693517371,89,89
1130654944225680459,3,3
1130709970011553279,3,3
1130984920779090952,15,15
1130990210853399562,3,3
1130999315453942980,0,0
1131053323791104321,79,79
1131113740999058953,83,83
1131114026156037226,0,0
1127618972927429118,42,42
1127629210723794052,43,43
1127654951906502258,3,3
1127656056268893557,49,0
1127675205194230132,0,0
1127691066317540610,52,52
1127703691258991681,0,0
1127744374249883129,0,0
1127745978749029148,3,3
1127753693824936309,55,52
1127760258809080188,54,53
1127771435081987491,46,46
1131141130112102010,6,6
1131158979066369341,14,14
1131176424399150424,80,80
1131176984014963656,80,80
1131177509430293941,82,82
1131177975848526809,82,82
1131178947992015517,71,71
1131183235250331590,0,0
1131270139005803250,17,17
1131276351983166343,2,0
1131289860288054400,34,34
1127780809107587152,0,0
1127825761765238641,4,4
1127829160757909681,42,42
1127869544979696720,4,4
1128086130426522034,90,90
1128086147457445373,58,58
1128086155487117700,48,48
1128086190895642702,90,90
1128100770879732846,20,0
1128123045687998364,28,28
1128123539848789678,0,0
1128128092901401493,16,0
1128141852228986763,5,5
1128145408411182795,5,5
1128146427186237718,5,5
1128147919524464105,5,5
1128165567492926821,32,0
1131330940257565195,0,0
1131358257876663640,38,38
1131369779239801747,22,22
1131370425544071209,15,15
1131458412663503638,59,41
1131731418453124755,2,2
1131804461707241703,2,2
1131850403606204027,31,31
1131881270491233607,9,9
1131882333761849972,43,43
1128271703183585451,13,11
1128290579418865013,4,4
1128323155742982777,45,45
1128348809406074738,62,38
1128359432253229131,2,2
1131888181139772396,2,2
1131888962475292890,26,26
1131890281950917866,8,0
1131891242692263242,3,3
1131893557656442392,37,37
1131903840207473600,7,7
1131928128991752349,29,27
1132053250279638945,15,15
1132182913168109059,30,30
1132443321030696239,49,1
1128406823045262884,8,0
1128408755712383279,44,44
1128948603399756075,0,0
1128957058125592930,4,4
1132613876950604629,36,0
1132614003476052701,9,0
1132614016108595116,11,0
1132614128460594202,30,0
1132725585850150695,46,46
1132730275548268631,3,0
1132855442343281456,35,35
1132855911634500020,46,46
1132949981878599275,2,2
1132979024582640684,17,17
1133194385011113169,0,0
1133236247856205260,68,68
1133368838042195395,5,1
1133385001583250973,0,0
1133425427934157761,43,43
1133568343911847792,75,75
1133615168029545428,67,67
1132520611563029476,15,15
1132562970181176758,59,59
1132568650618412962,1,1
1132595439269798531,27,0
1132595439345316654,13,0
1132595626380122983,17,0
1132595629200162102,17,0
1132595760648458557,1,0
1132597476572513202,12,0
1132597476684066762,17,0
1132597606406166394,27,0
1132597607837256164,17,0
1132597716790457917,1,0
1132610235914173752,29,0
1132610236108715897,22,0
1133746783266050502,0,0
1134125795734508054,17,15
1134255534228157457,0,0
1134279829927555746,0,0
1134327831248326707,0,0
1134403248940849722,75,75
1134848362047275405,38,0
1134900809771751391,90,90
1132610360796274708,24,0
1132610361949955710,16,0
1132610482855374259,34,0
1132610485988991075,18,0
1132610598759163495,12,0
1132610612866401029,17,0
1132613753520630390,27,0
1132613753602087142,6,0
1138217628139484518,4,0
1138217814542454745,25,0
1138301742231954525,39,29
1138337785334485033,12,7
1138369146868364801,68,68
1138391892583319148,46,30
1134904030957348245,0,0
1135001473807903281,2,2
1135404412261240153,1,1
1135547842630964371,21,14
1135551312105589917,1,1
1135553540868223490,60,60
1135563305973038248,21,17
1135579518870410397,15,15
1135582748663487089,4,4
1135604236237112577,2,2
1135648739079725143,0,0
1135655434873218405,46,46
1135764584124579607,6,6
1138396495530104605,29,29
1138430546954452150,0,0
1138480504032443313,0,0
1138585505172289456,14,14
1138592729866407631,69,69
1138752144048383838,43,43
1139140865784011331,0,0
1139283315502522984,0,0
1139287892776789560,50,50
1135971694166443312,67,67
1136092230819613097,90,90
1136151512842150679,0,0
1136213102649672641,2,0
1136297072647779971,20,20
1136319298308384096,31,31
1136448443454522771,28,28
1136460388848342242,52,52
1136519007142850147,13,13
1139291661856432737,0,0
1139331688098032940,1,1
1139399302559935460,40,39
1139430167198224176,32,32
1139702111189288295,0,0
1139765739288761497,1,1
1139788843133115297,3,3
1139789223673640272,3,3
1139807825597315292,18,18
1139885746712973129,90,90
1139975290224842576,17,17
1136788372396039808,1,1
1136871772699182981,44,43
1136892237630933543,0,0
1139986631522158600,35,35
1140031690403235672,4,4
1140185348778567774,12,0
1140199199197701802,43,0
1140339957176282992,15,15
1140344954470239827,15,15
1140385401734533968,2,2
1140564304605952367,0,0
1140598072502860150,28,27
1140603185018434730,17,17
1136892237653017090,0,0
1136892426650312343,0,0
1136892444245466227,0,0
1136892475117800455,0,0
1136892475285317620,0,0
1136909641159288895,61,1
1140611805482271866,62,62
1140652168196606652,0,0
1140666055650207494,90,90
1140715017508589269,0,0
1140810318606716799,13,13
1141227954744031546,3,3
1141259813165182278,16,16
1141309872692483778,15,15
1141349080895281223,16,16
1141350378144023711,2,2
1141353184138318990,15,15
1136927824648876003,14,14
1136944024472836101,31,31
1136950633064920624,0,0
1136955898324243841,1,1
1137049282639602814,0,0
1137070510478429149,39,39
1137150102467159986,0,0
1141375785847953036,3,0
1141376911262231407,3,3
1141449395638467836,0,0
1141458748649715025,7,7
1141528742817186587,1,0
1141539180238206678,0,0
1141618421747635009,0,0
1141625470437648673,0,0
1141627415924262429,33,33
1141676816145625467,0,0
1137191685419246081,1,1
1137240281631695584,0,0
1137255018515797030,30,30
1137287868719423017,0,0
1137621358187674705,27,27
1141804759863805148,0,0
1141927569477964889,15,15
1141969613730032715,37,37
1142003088797954533,0,0
1142018733944392304,3,3
1142038285243709888,3,3
1142043133585228540,3,3
1142047894523674386,6,6
1142048721696770947,45,45
1142056912760688466,18,18
1137622612757446323,2,2
1137635524001417182,16,16
1137658465928047088,3,3
1137659690270773991,3,3
1137697617050771708,30,30
1137707637749446979,31,31
1142074768335738644,4,4
1142078382465058620,3,3
1142080924452624277,74,74
1142086480006759842,0,0
1142128782746403302,46,46
1142155781946405822,3,3
1142244830562885349,0,0
1142681820200998913,3,3
1142686260926610730,1,1
1142696894619785145,90,90
1142697438825138126,90,90
1137710710386620435,16,0
1137722591602709096,33,33
1137753306931860819,9,9
1137786264388228199,0,0
1137818063784225355,12,12
1137824054196052553,15,15
1137840200145948134,33,33
1138079767290926897,16,16
1138217312170457224,11,0
1138217480030587150,8,0
1138217481800713016,4,0
1150109731017852930,0,0
1150312880814279741,2,2
1150342805049279880,20,20
1150631181740682174,6,6
1142697816285277796,90,90
1142710890420273676,27,27
1142713791029870240,23,23
1142715650032375010,40,40
1142715929556950252,29,29
1142735795274193087,76,76
1142793852382997220,0,0
1142799747235447449,0,0
1142807822816275667,46,46
1142816313517817218,46,46
1142821407662262251,38,37
1150660741401064108,90,90
1150713257734529417,0,0
1150833779594577445,29,29
1151064702488048108,56,56
1142849705524030617,0,0
1142851385321964708,2,2
1142907745550508854,7,7
1143060418212431044,14,0
1143308111626740315,0,0
1143324733024967980,0,0
1143332975627271171,75,74
1143344291552560139,16,16
1143371378287742784,2,2
1143375543937423684,2,2
1143391752328531518,2,2
1143396722383822225,9,9
1151390937475548603,33,33
1151393023661030065,2,2
1151395464701081493,0,0
1151435308346713862,3,0
1151463058052789845,31,2
1151473664711556510,47,47
1151483057553491680,56,56
1151487119349918820,56,56
1151493810818855114,0,0
1151545684873519779,56,55
1151556536294453241,3,3
1151571133343534415,3,3
1151572387742547998,3,3
1143481472804642857,15,15
1143481906122866645,1,1
1143580118584880290,20,0
1143642080325430363,3,3
1143803861226784005,21,21
1144206955380638834,62,62
1144233699949589543,16,16
1144254996932939270,0,0
1144438489648240435,2,0
1144890996664366449,44,18
1145626712233091968,38,21
1151641178583790381,11,11
1151677783276124826,88,88
1151766748844368063,0,0
1152019836429548341,50,50
1145633827208714620,0,0
1145638408709879512,0,0
1145649837286129108,62,61
1145716883000400366,55,55
1145818787251204992,45,0
1146409808397284516,57,57
1146410005818308220,75,75
1146410282056282466,45,45
1146466286883568385,4,0
1146466850715512084,10,0
1146467316487424017,4,0
1146467609643584778,7,0
1152113190559817005,80,80
1152220111599220373,17,17
1152230381113264288,46,46
1152282136695232926,88,88
1146467904391913630,12,0
1146468529499413534,5,0
1146548371745388992,76,76
1146548462465101629,16,16
1146571352375076866,62,62
1146753108357926642,56,56
1146753963938449419,56,55
1146754863160664320,56,56
1146755569241845248,56,55
1146756223531642681,56,56
1146926015197516568,15,0
1146931063721507658,46,46
1152372080092135348,2,2
1152384221084514461,4,4
1152426772803704278,34,34
1152426994398176769,64,62
1152656109641800120,54,54
1152810027674066676,5,5
1152818845305564558,38,7
1152829134880423280,56,55
1152853092658576622,16,16
1147037716231719858,0,0
1147084611473924738,0,0
1147105878156327722,18,18
1147111206126339499,40,40
1147147744047523134,58,58
1147166519515928855,22,22
1147174224210375956,45,45
1147177261454074491,37,37
1147218769509078911,0,0
1147340630941716425,0,0
1147350900299584007,0,0
1152916387786747741,6,6
1152931193779853881,86,86
1152941731563673838,63,63
1152972711471489007,0,0
1153007572981814487,3,3
1153050874387520798,0,0
1153059315897802076,0,0
1153070499473371054,13,13
1153177258823904185,0,0
1153482204109450518,0,0
1147706571147821466,56,56
1147817758934173845,21,21
1147859866270196088,3,3
1147863063940754978,3,3
1147870497747276265,3,3
1147871459389748096,3,3
1147872470762119662,3,3
1147888202083815905,20,20
1148183574112155222,0,0
1148415583851225843,4,4
1148462183776298043,60,60
1153517334106910814,2,2
1153533053567933397,0,0
1153567629778120197,21,21
1153591604915958197,24,24
1153669070729054874,1,0
1153751973176624412,35,35
1153766722322961714,0,0
1153791643860208820,75,75
1153792941517217463,0,0
1153814539476222987,82,82
1153860659602699823,16,16
1153865613393705234,67,67
1154008541926835914,21,21
1154231511938168599,0,0
1148611065583492998,2,2
1148649278684878945,5,5
1148688437614934754,5,0
1148779217624178102,2,2
1149338835484550957,74,74
1149358945522481760,8,7
1149504167645700330,76,76
1149533863702762999,27,27
1149553821752634294,2,0
1149978601732480534,0,0
1150073620088684723,6,6
1150083229376322051,73,73
1154275281756359908,44,44
1154370465868314728,46,46
1154463762274873934,49,0
1154544392831607955,8,8
1154933141935231582,3,0
1155027614662331215,75,75
1155101211287750818,4,4
1155187021974547238,0,0
1156547137661347824,3,3
1156554847207826030,20,20
1156584272379624601,0,0
1156590041510204284,90,90
1156614671118327928,22,22
1156623030616375944,3,3
1156624883087167208,20,0
1156634111402023473,0,0
1156635783015189633,18,18
1156658607250716102,2,2
1156713518442743761,21,21
1156741059474885318,32,31
1155251099918856396,75,75
1155316551298844152,51,51
1155345060662921091,59,59
1155719449518235785,6,6
1155784674475160335,75,75
1155863337820219250,75,75
1155914477966679546,42,42
1155943556816365963,2,2
1155994208421380936,0,0
1156080303867289962,44,44
1156360934580010409,0,0
1156391923343194437,41,15
1156823160048267908,67,67
1156833200612630293,28,28
1156852367898738067,43,43
1156886612042523980,68,46
1157040148180663731,38,38
1157134572475976632,0,0
1157155043074005989,44,44
1157197533311665382,0,0
1157225606391311395,90,90
1157225718519495014,69,38
1156413929372688840,17,17
1156462085300017461,3,3
1161779657540201044,3,3
1161822622018802289,27,27
1161852019227175942,42,42
1161889907204990654,18,18
1162216364912070685,2,0
1157263921116889885,90,90
1157267753536374358,0,0
1157276044203998487,3,3
1157308171198779853,8,8
1157321297978459399,33,0
1157373408782735382,28,24
1157393518555887737,0,0
1157399898282114126,2,2
1157554658213927191,3,3
1157613893781912488,56,49
1162260743100509677,32,32
1162307621004092141,0,0
1162337451138273333,0,0
1162353501828814676,25,9
1162388170239022463,2,2
1162391790200266813,14,0
1162392324462030686,57,31
1162395989077494138,90,90
1162454771886304951,20,0
1162546037389644914,30,30
1162586615465344543,0,0
1157790822975192961,5,0
1157900296383464296,15,0
1157962645994268273,39,39
1157978341548890561,22,22
1157986393909875539,53,53
1157991547915157626,4,4
1158022700557265106,0,0
1158031589091051555,0,0
1158036284237494994,17,17
1158049395151674269,23,23
1158056628085190794,87,87
1162834133773285921,3,3
1162932792731478287,9,9
1162992033058456466,1,1
1163017253722968270,45,45
1163149524222187021,75,75
1163348496077881452,75,75
1163412772378611674,0,0
1163544610116673894,8,8
1163618939151862558,8,8
1163629234404720926,50,50
1163763415369886027,21,21
1158106320609887397,6,6
1158563900084850676,0,0
1158620843038330028,8,8
1158653190106321101,6,0
1158653190110852406,8,0
1158653388755170834,4,0
1158653538635036820,16,0
1158653540493638407,6,0
1158653696748073958,2,0
1158653698325596710,3,0
1158653848440419640,8,0
1158653986677506132,7,0
1158653996040798180,6,0
1158663044631946975,37,7
1158665608757661541,2,2
1158672341831924192,55,55
1163848611106950273,4,4
1163849852039919287,4,4
1163851951779803258,2,2
1163852990365613427,3,3
1163854338221462711,4,4
1158680903426144637,16,16
1158822239391648858,20,20
1158871960610358657,0,0
1158940967802757920,51,51
1159053260701230398,62,39
1159193211874959099,6,0
1159654184769414055,38,38
1160246264827815824,0,0
1160873118733792455,18,18
1160897447386830658,3,3
1163864921183799771,4,4
1163866051735058324,4,4
1163867106425109437,3,3
1163869754884823105,3,3
1163871326842309086,4,4
1163877488114193371,4,4
1160898704380271176,4,4
1160903898505246627,3,3
1160945133320469590,0,0
1160945133446642568,0,0
1160945133471556449,0,0
1160945133556787245,0,0
1160945133591728741,0,0
1160945133594591409,0,0
1160945133620051498,0,0
1161162511910235062,77,77
1163878553682176270,3,3
1163880842243234257,3,3
1163884331652036646,3,3
1163889878899595090,4,4
1163891539133256672,5,5
1163893965829369986,4,4
1163896297959089897,4,4
1163898717571709199,3,3
1163907366323294743,4,4
1163909514395111317,5,5
1163914271974601375,2,2
1163915012094708135,2,2
1163915727550134213,2,2
1164312536849580406,4,4
1164313888143890715,3,3
1164315498503909485,3,3
1161433805179288677,16,0
1161520987145992311,8,8
1161590328282171804,19,19
1161593459916217073,33,31
1161628175759927512,26,0
1161729885598198479,0,0
1161772077761598439,3,3
1164400419901369039,4,4
1164402494958427969,20,20
1164405964932982269,4,4
1164407117263572352,5,5
1164408917685437258,3,3
1164316660371174759,4,4
1164318023536072708,4,4
1164324248101922983,4,4
1164326424743724303,4,4
1164331265986209961,3,3
1164332359302492734,4,4
1164333561779529154,5,5
1164334861926688548,4,4
1164336464839749747,5,5
1164414839894193887,3,3
1164420087469524250,3,3
1164421634018072914,3,3
1164426282310884590,5,5
1164426977543444217,27,0
1164428803767910871,3,3
1164429919508290807,3,3
1164431051636283950,3,3
1164432160635370458,3,3
1164435243049311420,4,4
1164436377630805405,3,3
1164337682025224740,5,5
1164338948809180401,4,4
1164340790960822565,5,5
1164438770781164753,4,4
1164439829773373254,4,4
1164441595020945889,58,58
1164442394843814685,4,4
1164443892993949162,3,3
1164446078104777601,4,4
1164448591732716671,4,4
1164449999292004260,4,4
1164454452247459417,3,3
1164456848931444482,3,3
1164458499677345817,3,3
1164342105088851553,4,4
1164345854967472625,3,3
1164347072320353656,3,3
1164349305040610554,4,4
1164356214913931968,3,3
1164358724133820196,4,4
1164459563387039342,3,3
1164460846044231027,3,3
1164462357502102946,4,4
1164463658104314696,4,4
1164466950268464990,4,4
1164468044516579619,3,3
1164468732287877882,4,4
1164470878211338842,5,5
1164472047194496194,4,4
1164473709410069733,3,3
1164476491804114417,4,4
1164478436486761196,3,3
1164360283856578643,3,3
1164363487343155909,4,4
1164364891023907873,5,5
1164479582203629530,3,3
1164483293641158411,4,4
1164485647522117780,5,5
1164486843668737649,2,2
1164488054119583191,2,2
1164489212500246146,3,3
1164490127575723417,2,2
1164492502059126917,3,3
1164493728333417946,5,5
1164495582863458314,2,2
1164496132693263438,0,0
1164370981106639916,4,4
1164374500997372987,3,3
1164378806401918488,5,5
1164382457357632571,3,3
1164385251123133334,4,4
1164386880933154282,3,3
1164388234184134361,4,4
1164496693303184208,2,2
1164499581337342828,2,2
1164501164488348129,2,2
1164502437381406896,2,2
1164504163027712009,3,3
1164508379062773033,6,0
1164509693060171876,2,2
1164511609579463922,2,2
1164512721184646213,2,2
1164516777855303109,3,3
1164517927085105862,3,3
1164522261272081050,4,4
1164393970839309768,5,5
1164397765912921148,5,5
1164399011166310274,5,5
1164591122843061799,4,4
1164594968242077315,5,5
1164596839600776831,5,5
1164523553867005327,3,3
1164526551554310303,34,34
1164527054552478855,3,3
1164528276112339556,3,3
1164529533784253797,4,4
1164530617421203682,3,3
1164532995322272238,3,3
1164534747213002769,4,4
1164535892671633869,4,4
1164539918808781057,3,3
1164540924229901578,4,4
1164607809066730258,4,4
1164609333463855712,5,5
1164612423343111099,4,4
1164613621057835448,4,4
1164615074749935863,4,4
1164621166184890014,4,4
1164623923675508142,3,3
1164541980838486766,3,3
1164543066659989998,4,4
1164545933468216311,3,3
1164547839140975154,3,3
1164549583523150661,3,3
1164552086771109269,4,4
1164553675998388792,4,4
1164562487359649155,5,5
1164565030503502753,5,5
1164566211206487183,5,5
1164567391190735202,5,5
1164625573454277877,3,3
1164631311126145444,4,4
1164633949667681538,4,4
1164635362983056426,3,3
1164636954736202013,4,4
1164638164170221263,4,4
1164639045565578238,4,4
1164641596674247169,4,4
1164645610394278309,3,3
1164647752160153661,5,5
1164648836632978502,4,4
1164650096614641823,6,6
1164651651997291322,5,5
1164581850521308915,5,5
1167777222972400891,0,0
1167837313703493463,28,28
1167875540709032206,67,0
1167975742517801891,16,16
1167995766552835416,42,25
1168007906284515694,38,38
1168091987963126455,3,3
1168168558442207918,9,0
1168168558837722720,21,0
1168168738463898991,3,0
1168168742111738570,11,0
1168168869176627884,46,0
1168168869806739414,12,0
1164655978553547183,4,4
1164658730498689648,3,3
1164662573746157172,4,4
1164667077434327397,3,3
1164668933392585257,5,5
1164671102859042668,4,4
1164671590352488149,28,28
1164672747887834267,5,5
1164675356640434495,3,3
1164680484815098301,4,4
1164684360365826817,3,3
1164686900593500041,5,5
1164688982496495725,5,5
1164691637811695160,4,4
1164693843405529682,4,4
1164702375199891120,5,5
1164704093733848793,5,5
1164705795990206436,4,4
1164708161090667537,5,5
1164710740179782741,4,4
1164720768101407044,3,3
1164725978874743894,4,4
1168169359485094237,18,6
1168169423572347613,25,9
1168239688305286441,0,0
1168686341536062275,63,63
1168703023053244573,76,76
1168706691983071846,47,47
1168752743571994035,0,0
1168812476566201714,71,71
1168816359190170321,2,0
1168855992348242608,59,59
1168899697914029586,2,2
1168901498789615100,0,0
1168902661787805861,3,3
1165058914827056544,90,90
1165148742023905837,14,14
1165298965981857520,0,0
1165823906279511642,0,0
1165908700741086605,45,45
1165965036051271935,38,17
1165997330892698548,0,0
1166030843706237712,3,0
1166041689726365134,60,46
1166051715881989335,26,3
1166084149211199170,22,22
1169137558497211534,56,56
1169425666098994894,0,0
1169532841098522211,4,4
1169623880613455919,0,0
1169664704428291999,16,16
1169735081820698039,6,0
1169852638825824951,4,4
1170182963226148070,4,4
1170255004454854248,90,90
1170279640236034902,0,0
1170322411304044778,3,3
1166090512207969562,22,22
1166118086665626216,25,25
1170382047568453944,73,73
1170382232743463314,47,47
1170382464922375519,47,47
1170428810365985606,22,22
1170435457640013444,44,44
1170435534385420529,15,15
1170440093103733601,44,44
1170443689607051726,75,75
1170446381119755665,43,43
1170447796069675601,15,15
1170449637391846183,55,55
1170451381770726306,7,7
1166224724395561072,16,0
1166236579959792387,16,0
1166331208055704470,0,0
1170453307286952641,13,13
1170455226677183433,17,17
1170456838784966947,12,12
1170458830141183381,24,24
1170461052236041690,19,19
1170462643049849090,19,19
1170464440178951116,29,29
1170560542670562358,8,8
1170607520338340546,8,8
1170616948195206910,6,6
1170670494932737213,7,7
1170967759871837750,3,3
1166477260581870167,89,89
1166487900438773424,0,0
1166488176169276230,79,79
1166492436356509163,0,0
1170999743157906405,0,0
1170999941540624391,0,0
1170999941709799651,0,0
1171000066483916872,0,0
1171000069967048185,0,0
1171000196855839994,0,0
1171012769356179541,25,24
1171048735255126040,3,0
1171049090694334750,29,0
1171092946447246095,61,61
1171095609819278085,3,3
1166492712162142489,50,50
1166594130384064621,1,1
1166607755611997508,0,0
1166668321004872851,69,69
1166708562651517657,2,2
1166742135280652647,5,5
1166943454694759463,0,0
1166985304842363938,75,75
1167099182966298546,0,0
1167141886292193505,0,0
1167214519855150680,15,15
1167230963185461637,66,66
1167240334295469098,89,89
1167269819629271408,2,2
1167302392870990995,9,9
1167308666261923584,3,3
1171189068797057776,62,62
1171302136820753355,3,0
1171688712626235580,7,0
1171784193331667071,90,90
1171818396809847785,1,1
1171843641631129200,2,2
1171872299435239706,3,3
1171907062596212569,19,19
1171933170660463825,3,3
1172038457820533616,29,29
1172052370876056188,0,0
1167325491094087654,0,0
1167497202429395190,0,0
1167557595302835607,5,5
1167617970736141643,5,5
1177453509132101787,15,15
1172258953400590172,0,0
1172259302904879588,0,0
1172273243555039630,0,0
1172294590570526294,11,8
1172359677808550406,75,75
1172390447761210181,0,0
1172445787241483731,68,0
1172482872067209423,12,0
1172482872107801367,25,0
1177454816617609897,14,14
1177461605461458079,7,7
1177473168936527770,24,24
1172494675715402991,73,73
1172500363755547171,0,0
1172519997987945317,3,3
1172529886815492541,2,2
1172532404226920761,2,2
1172604671884928390,2,2
1172630145811618462,2,2
1172650352166849497,75,75
1172674114375162597,16,16
1172884916397719134,2,2
1177476704781804039,3,3
1177478027022642683,9,9
1177479778077102447,11,11
1177481454077077957,25,25
1177486331917684674,32,0
1177486926345069371,17,17
1177494948724690298,34,34
1177495468022051968,11,11
1177500655441331249,32,32
1177502740401038558,17,17
1177504045631878580,60,60
1177505327183162711,13,13
1177516630169566287,30,30
1177518149924973740,4,4
1172960017227697691,57,57
1173103794217373729,30,30
1173108387029964187,77,77
1173119599443925057,73,73
1173122088428581098,0,0
1173155686408356519,50,50
1173178020006389735,7,7
1173184225634950250,25,25
1173237288996322274,45,45
1173239609371845295,12,12
1173460101239720433,0,0
1173497139301669046,30,29
1177520082587526383,73,73
1177521100394928099,4,4
1177525113594178910,5,5
1177528855666992778,4,4
1177531789521067331,3,3
1177545792823749179,79,79
1177545900726840573,0,0
1177546147205287242,38,38
1177567784657027719,5,5
1177570343471580040,4,4
1177571866340049678,0,0
1177575235184236637,4,4
1177577518403761449,4,4
1177578101781081471,46,46
1173823529622100600,0,0
1173927882151572672,7,0
1174195807248067873,3,3
1174211243885753861,2,2
1174252633024473480,0,0
1174431677894263183,5,5
1174564154769071761,2,2
1174665140305981711,44,44
1174718247251405899,21,21
1174723353117494997,76,76
1174826843393810403,6,6
1177580233239222771,5,5
1177585263100246282,4,4
1177588064060087641,4,4
1177588192535733750,0,0
1177591637239485793,0,0
1177606089286884104,88,22
1177647700690140359,51,51
1178154547956921938,0,0
1178171946295620150,32,25
1174943992395900711,5,5
1175731800751703749,89,89
1175891485820742890,76,76
1175917377217904984,32,32
1176051675468510066,4,4
1176109588788492097,74,74
1176125517996489308,3,3
1176130241982516230,4,4
1176131434996346036,3,3
1176132135273775248,4,4
1178246090045344884,0,0
1178254959604207601,59,59
1178331702133034216,4,4
1178333093852927243,4,4
1178334038915821355,4,4
1178358905663976916,6,0
1176133169924674209,4,4
1176134702707994476,20,0
1176163500569034058,53,0
1176170832470740249,78,78
1176179381586469189,49,49
1176243945930185898,44,42
1176638362163293425,1,1
1176683033732747760,2,2
1176716745202611878,16,16
1176740268467522249,62,62
1178420176461935024,0,0
1178421569168776033,19,19
1178425983423625001,87,87
1178864967027719274,47,47
1178865375768074643,0,0
1178901341144672363,43,4
1178927151122557053,0,0
1178933042306831335,0,0
1178940573030278287,0,0
1178989990878285035,54,18
1178991539254741388,0,0
1179020591478413625,10,10
1179118942440580801,67,67
1179350840295406622,0,0
1176741119044320976,0,0
1176742148306400947,64,64
1176767328774849157,1,0
1176767328809600408,28,0
1176767469652344496,8,0
1176767474837148726,10,0
1176783478875254257,0,0
1176791392931671935,41,41
1176845338133841711,27,0
1176853764246777285,3,3
1176890826130811003,76,76
1176898163498109788,44,44
1176936179607448594,20,20
1179360993878541363,3,3
1179574566320269059,55,9
1179739442698641990,10,10
1179802084308327475,22,20
1180249397571221491,3,3
1180299545902646491,0,0
1180528944022099282,0,0
1180547207719481547,1,1
1180991665522250201,15,0
1180991667116377325,7,0
1180992163676898208,0,0
1180992166811994634,0,0
1180992438919861080,0,0
1180992443061554097,0,0
1180992717597662375,0,0
1181127097467285907,7,2
1176949977746491520,18,18
1177056016002829882,0,0
1177327595254297656,8,8
1177345913286082983,17,17
1177359119693006427,11,11
1177419977162681836,26,26
1177429576159372498,59,59
1177433226728660401,7,7
1177449988217037376,19,19
1177450613427045889,64,64
1181265124323821772,0,0
1181270784355831217,32,32
1181127097582334636,10,4
1181127191887492795,9,4
1181127204208572788,16,8
1181138848303115257,68,68
1181162507748278407,0,0
1181193436897014238,26,0
1181206568781962298,46,46
1181229422097746099,2,2
1185632698494973707,22,11
1186177119755365263,57,57
1186184887466565409,4,4
1181271508575452183,29,29
1181272879540445351,0,0
1181305119926100979,72,72
1181361798958547584,45,45
1181394579984036414,10,10
1181435459087247263,27,0
1181718274221782761,2,2
1181822862889162890,0,0
1181829235133550373,11,11
1181933203630652428,3,3
1181939406837292669,20,0
1186206258613223390,4,4
1186211307589561873,3,3
1186221745572681061,4,4
1186225358759444675,5,5
1186229473688871585,30,30
1181939407106867938,16,0
1181939492885685973,21,0
1181939496860744554,37,0
1181987846467897806,0,0
1182028248963470615,18,18
1182031191908637254,0,0
1182031921680617824,56,52
1182210505899484216,15,15
1182265707529841031,37,0
1182515210285703931,0,0
1182586492072132778,5,0
1186229966064384156,4,4
1186233886414085869,3,3
1186244059405953744,4,4
1186246679940530875,4,4
1186253206194178259,6,6
1186267082991370791,9,9
1186283652746445708,4,4
1182647495771890748,3,3
1182652033696961033,3,3
1182655880647889045,4,4
1182681537144438648,45,0
1182697122297144172,2,2
1182703112092638753,42,38
1182781852786296651,10,10
1182793483521637790,13,13
1182829365209597623,0,0
1182830975526020254,68,68
1186285429282188251,3,3
1186289505460428535,3,3
1186291510965460221,5,5
1186294785158223953,3,3
1186304102999419420,47,47
1186411363056506266,68,68
1186490519371878480,21,21
1182959878956973304,90,90
1183112253545124012,0,0
1183290796056119188,44,0
1183310711479885104,5,5
1183315589676371755,5,5
1183319735897163640,4,4
1183321390502234381,16,16
1183368684574476418,5,5
1183370733179749374,5,5
1183372612053771614,5,5
1183377231211268635,6,6
1186805962669590822,76,76
1186890014630731893,4,4
1186894907130370127,3,3
1186895527783667273,0,0
1183379533723856621,4,4
1183383003000927854,4,4
1183398239642738842,5,5
1183742215744317927,0,0
1183762663726036513,0,0
1183775642432615818,57,57
1183845092476337761,0,0
1183857113573988855,0,0
1183999126103314367,3,3
1184015420727050313,0,0
1184015830488997500,58,58
1186897872833466048,3,3
1186903416017684192,3,3
1186907711168319762,4,4
1186917190724228634,4,4
1184039275691644753,2,2
1184046565495262732,4,4
1184059411658290965,4,4
1184065583313071236,3,3
1184068565040974034,3,3
1184070598813464152,50,50
1184071698033957686,4,4
1184148860887704578,76,0
1184156894635177297,5,5
1184168892238970191,60,60
1184612752558618970,4,4
1184614275534021178,4,4
1186920458341667614,4,4
1186923187535506741,4,4
1186926990527101195,3,3
1186928155424479590,0,0
1186956319722004438,4,4
1186965891928429911,3,3
1186971337208734740,0,0
1186974941555002497,3,3
1184617429166668452,4,4
1184628514222287717,4,4
1184629864936417769,4,4
1184632004227393091,4,4
1184850726195119439,2,2
1184916440282229935,2,2
1184991550363914891,14,14
1185101406435194073,48,48
1185156531210050829,72,72
1185298315132795997,3,3
1185302319609046378,3,3
1186980205962754045,4,4
1186983929679899033,4,4
1186988763745622430,3,3
1186996024281690777,5,5
1187010760511968299,5,5
1187011379475488112,5,5
1187050756831464071,0,0
1187225034841477822,90,90
1187229111817119034,0,0
1185304139295085475,5,5
1185305951832532661,3,3
1185401055995420199,1,1
1185470040103298988,0,0
1185607961337001665,1,1
1185613771715320817,0,0
1189813049510553866,4,4
1189815988494380034,5,5
1189816749118227686,4,4
1189820404103982633,32,32
1189826259396155402,2,2
1189826674664169656,2,2
1189827119365775359,3,3
1189832856499476492,2,2
1189833293292607643,2,2
1189834379096940447,2,2
1189840575806259668,4,0
1189841883708093535,2,2
1189845545039028083,2,2
1189847458496192396,3,3
1189847911780845818,3,3
1189866576794192982,3,3
1189890756474213661,3,3
1187611508857108659,2,2
1187612697684877091,6,6
1187614420725323124,5,5
1187671575907468905,70,70
1187723295314942476,3,3
1187735121834143847,0,0
1189891638501593308,4,4
1189893799929838102,3,3
1189894271487681565,4,4
1189894711332118415,4,4
1189895166919687156,3,3
1189901839042752812,3,3
1189902329602432682,5,5
1189941244377806758,0,0
1190003667888457875,0,0
1190027079723501790,0,0
1190049216981114547,6,6
1187755743089598473,0,0
1190239794540320139,27,27
1190409231701709002,4,4
1190411185465042007,4,4
1190411624778066464,3,3
1190414718192430421,3,3
1190415199001853873,4,4
1190415652281018854,4,4
1190417717213226689,3,3
1190418190586588457,3,3
1190418735130553577,4,4
1190720365754919235,4,4
1187858972400209528,75,75
1187971553288041863,0,0
1188015017416675461,63,63
1188152660591876033,0,0
1188328691952819508,33,20
1188371603911979496,0,0
1188372056540438124,76,76
1188374111579094447,57,57
1188378599808665872,62,62
1188397662862585915,23,0
1190765411679424297,48,48
1190800486087529938,0,0
1190846125102630968,0,0
1191240975339905970,3,3
1191242249658906801,4,4
1191250949783508128,4,4
1191251742126662583,4,4
1191261637583240906,4,4
1191265993878404967,11,11
1191267735997569390,4,4
1191268838016424331,4,4
1191269855152658541,4,4
1188405272107891640,0,0
1188687698590570988,0,0
1188735689193002615,15,15
1188765896977220359,2,2
1189069319929009121,0,0
1189119030022037306,75,74
1189243425411300671,39,39
1189245776466739977,75,75
1189607875105675383,6,6
1189608306724069531,4,4
1189608984448418768,6,6
1189621467718975021,6,6
1189624020069286881,4,4
1191273268316679015,3,3
1191277459027740241,3,3
1191282094787106940,4,4
1191404739326003541,5,5
1191438920665329397,9,9
1191446029077844516,1,1
1191451705516917532,0,0
1191497840686809606,71,71
1191648380658978622,0,0
1192038715281934580,9,0
1192559545079943848,0,0
1192680944233810638,0,0
1189624444619088028,3,3
1189624960113136394,4,4
1189626679659488681,4,4
1189627566958098297,4,4
1189748843602025370,44,0
1189811230878500547,3,3
1189811724962540290,4,4
1189812606516620646,3,3
1194298359415348242,52,52
1194347621025057442,68,68
1194365050158760459,62,62
1194370084901650980,47,47
1194458269999890435,46,46
1192777768092030914,3,3
1192828515848213902,66,66
1192899750875253463,0,0
1192903501898923056,76,76
1192946306020922085,57,0
1193016130087171760,60,30
1193068036013405081,1,1
1193185407305022023,6,0
1193544361676194650,8,8
1193615199080005457,31,31
1194923183975939127,9,9
1194952629145660267,0,0
1195127532287767150,47,47
1195285672281327232,0,0
1195554348855678026,1,0
1195786673178332789,18,18
1195877462949588986,40,40
1195915665649727141,68,68
1195933198989558179,0,0
1193625058642108187,18,18
1193643218257629313,3,3
1193646665023875066,0,0
1193857334713467562,17,17
1193872319230632829,0,0
1193872375639043571,0,0
1193885377699966316,1,1
1193901064978829130,0,0
1193912807837558388,2,2
1193932979738344779,0,0
1193941057043056157,2,2
1196346309498202769,22,22
1196371809643493350,0,0
1196497724931928899,60,60
1196540282301205329,0,0
1196581295094457018,80,80
1196631230237452581,20,18
1196970749315364301,0,0
1193947075663108602,2,2
1203223866662961187,3,3
1203459644478058216,0,0
1203471124883382179,0,0
1203497228307206036,0,0
1203564246582112713,47,4
1203607162308243976,1,0
1203626121096834302,30,30
1203665176351727628,66,66
1203710607479353731,51,51
1196971045286992063,14,14
1196971303099836257,70,70
1196973839793088515,85,85
1196974278615670318,37,37
1197041310752427776,1,1
1197069668924931193,0,0
1197074985686013715,68,68
1197179275483826957,0,0
1197192193855074712,0,0
1197202407680659490,3,3
1197239116836336271,68,68
1197284752024889416,59,59
1197301200332876597,20,20
1197426546416934859,3,3
1203732540399861971,0,0
1203866180302079266,2,2
1203881551421764939,0,0
1203920929030589683,0,0
1203936636043065935,13,13
1204302723720539452,2,2
1204321560216273846,57,57
1204336780713356924,3,3
1204422788764652410,0,0
1204424191855903551,0,0
1204424467253452631,3,3
1204425369999207217,0,0
1204771167699076347,14,11
1197553209237863604,20,20
1197671862542343289,66,66
1197714063298372139,90,90
1197752800400457659,0,0
1197840122888670257,15,2
1197859177973871671,21,21
1198100494592953253,21,21
1205037267836955281,18,18
1205048660046515301,59,59
1205049196183731564,0,0
1205056344990896189,17,17
1205066411396278345,18,18
1205073442837466959,17,17
1205099853082488535,0,0
1205288196870955425,4,0
1205407005547534596,14,14
1205761267577581112,87,87
1205846917993439171,16,16
1198446589881571134,76,75
1198500125276158572,76,76
1198605237182538563,1,1
1198752324486006811,15,15
1199057519268952231,30,30
1199223583280378178,82,82
1199316153670600111,14,14
1199474355907371585,29,0
1199514138140820676,0,0
1205856768223692759,0,0
1205882392275820490,16,16
1205964796674918300,25,4
1206087775759046433,0,0
1206400888255924929,20,20
1206599900300233850,0,0
1206600264709144485,5,5
1206607880457066001,0,0
1206638234808543597,46,46
1206794730066104766,0,0
1207185174397173792,0,0
1207253678620673118,86,86
1199925122294872339,3,3
1200095554682154611,2,2
1200238572259388527,18,18
1200272569093940741,6,6
1200982419378873635,43,43
1207255735610396160,33,30
1207354160354048378,2,2
1207365498789893634,0,0
1207387145759617094,0,0
1207455129932342740,1,1
1207507693046187578,75,75
1207515697807688165,75,75
1207519278056487318,0,0
1207548217188818523,2,2
1207585830368402592,3,0
1207646965219587128,62,62
1200992643181522271,0,0
1201021216831769703,17,17
1201356664154626666,65,65
1201356959261424659,59,59
1201396044908809476,0,0
1201402452557052662,90,90
1201426089760148048,0,0
1201430587365403850,8,8
1201805249658735257,76,75
1207806421010100811,56,56
1207853186170107041,6,6
1207958356004096911,76,76
1207961923628995720,0,0
1207976838916835904,0,0
1207988633089227239,15,15
1208036120501815502,3,0
1208074634862528983,16,0
1208074934904626929,46,32
1208096226725190104,48,48
1208099973553742658,9,9
1201829528892562305,69,69
1202280416181729899,0,0
1202281404451653124,29,1
1202281439306897980,29,4
1202281541998087802,13,2
1202281551261078909,6,2
1202281667316144903,17,1
1202281667370725866,12,2
1202281797815985240,2,1
1202281798736335289,1,0
1202348834470237181,0,0
1202758098779011307,0,0
1202792274113175634,0,0
1202840148643068975,9,9
1202855728088668360,76,76
1202858312395834138,0,0
1202876770330689873,0,0
1202954717657524854,6,6
1208128367862084764,0,0
1208178944493199800,0,0
1208183506604880870,48,0
1208241249110457793,10,10
1208309708380416196,3,3
1208318723858094342,0,0
1208376265583829139,16,16
1208543720182634795,6,6
1208622670943587365,90,90
1208640642572493071,0,0
1208666089545224059,0,0
1208771172890765736,27,27
1203013581191133386,0,0
1203101908839088892,56,0
1210389969928838331,0,0
1210405344971565733,0,0
1210411941311186494,40,40
1210615469034170115,0,0
1210985381930563242,21,21
1208775987732062681,41,41
1208854716995723501,0,0
1208872799853585760,0,0
1208968104313361795,0,0
1208976031067032954,0,0
1209084126239624286,0,0
1209390906014800200,9,9
1209393633569416487,7,7
1209395778771475659,9,9
1209409816457893647,0,0
1209449712512819453,0,0
1211051853015973270,0,0
1211075863285668785,3,3
1211253830721220762,74,74
1211440603017197851,0,0
1211450180362619428,2,2
1211450411456895613,63,63
1211527213766088409,76,76
1211539828374899678,46,46
1211581099120946452,10,10
1211608172160011490,50,45
1211631558088960925,0,0
1211632114992944986,57,57
1211672157763868406,69,69
1211758820311009120,0,0
1211771041566767986,5,5
1211817562712075496,6,6
1212222644542167942,0,0
1209676112847837893,23,23
1209762126227348383,0,0
1210002564144340543,82,80
1210054863016150123,35,35
1210072001477754899,0,0
1210337064232565169,0,0
1210340064102917621,0,0
1210342922025144923,0,0
1210344755949601767,0,0
1216186927652289717,59,59
1216441085886573375,57,57
1216557850438762479,21,0
1212264314233147082,50,50
1212276901648969170,0,0
1212288924457892432,0,0
1212347883190844815,0,0
1212360154333639901,0,0
1212435254401889413,21,21
1212477898608171624,88,88
1212624750680299519,82,82
1216638378553440827,10,10
1216800334136638204,0,0
1216854624177570316,46,46
1216871952367896427,42,42
1216903455474154558,46,45
1217265622240705335,0,0
1217279784872684048,0,0
1217325913584495563,83,83
1217369903000424628,90,90
1217377258149578928,81,81
1217386314089542044,0,0
1212893880121060294,52,16
1213078962610312802,36,35
1213183078948607983,3,3
1213210056918462988,0,0
1213288727949202646,0,0
1213301762411378760,0,0
1213312688643568568,2,0
1213364464605802277,0,0
1213384935138284062,4,4
1213425687995363001,49,49
1213610526930326115,89,89
1213627489640171136,9,9
1213688904422343086,17,16
1217394271595088216,76,76
1217429430116095120,76,76
1217437532742323475,0,0
1217607135753821266,42,42
1217657027463550966,0,0
1217677941637752924,0,0
1217745573483593183,76,76
1217932701715838628,40,40
1217938964570924766,76,76
1218109174586796300,0,0
1218127598324156328,23,23
1213689725021251921,77,71
1213689867762090159,78,72
1213689943023433475,78,72
1213722628230527276,47,47
1213757375894958330,47,47
1213762639596599602,27,27
1213830900403046409,30,28
1213866285243857575,21,15
1213869313778119278,42,36
1213918539223846664,45,45
1218149139595159967,62,62
1218224753396813374,66,0
1218439205588842717,27,0
1218692786582615835,90,90
1218791045034994904,46,46
1218791392477263589,30,30
1218795036729289748,0,0
1218841378662582872,0,0
1218845399095529002,0,0
1218891471303123283,6,0
1213938382576828150,7,7
1213993998633059525,32,32
1214007448847086508,78,78
1214181323231993112,18,18
1214351541513386808,27,2
1214466941250847143,52,38
1214471070419041932,35,26
1214478155363843346,0,0
1214478558280402548,90,90
1214478928294155994,0,0
1214479406267736723,90,90
1214480664229985253,77,77
1214486311067293119,0,0
1214486987250117811,76,0
1214487278089765906,0,0
1214532369615046777,4,4
1214597720283848285,19,19
1214636499668232791,2,2
1214703376004678973,22,22
1214733721737055618,0,0
1215125404349939405,6,6
1215192926699068019,9,9
1215224488371019100,90,90
1215254451189283944,0,0
1215284534623966283,21,21
1215301178875232166,0,0
1218986470947678882,6,0
1219016339909757511,36,36
1219216760016753934,11,0
1219585714107198771,2,2
1219603028752164840,71,71
1219610547001943684,30,0
1219610634967902800,54,54
1219625120232103133,10,10
1219646524673933372,14,14
1219756010828425878,78,78
1219761487691460780,72,72
1219972839146493519,0,0
1215312162394729155,0,0
1215457493984728693,9,9
1215828458765595564,0,0
1215883954729701156,62,62
1215930899551057941,3,3
1216035212519458837,9,9
1224075612952225334,37,37
1224076540419059623,47,47
1224077366954401078,16,16
1224079069637556316,54,47
1224080184492952160,40,39
1224117475056038174,46,46
1224383436224814398,7,7
1220824017812826327,48,47
1221005306336413485,75,75
1221111591131392265,16,0
1221117399927746294,22,22
1221121511065735881,8,8
1221193276871968589,0,0
1221699855812557434,3,3
1221732669615197799,31,31
1221844217141658479,2,2
1221964478279754685,63,35
1222086729226668669,73,73
1224416899415264230,41,41
1224533388889998767,0,0
1224701359485705064,6,6
1224926078602284406,20,0
1224933353394487480,43,43
1225482382890787487,20,0
1225491538755543141,33,33
1225516025725899603,78,78
1225745926945677821,0,0
1226035407815319014,5,0
1222409533615093591,40,40
1222473226143955232,8,8
1222649687906738325,9,9
1222662611695705618,0,0
1223011626105182643,63,63
1223024152555864272,0,0
1223036077341645395,72,72
1223189346800417421,0,0
1223195720648219047,0,0
1223219340695988918,0,0
1223221380208595577,9,9
1226237301132622479,0,0
1226300509152734855,11,0
1226416679716855888,68,0
1226755115355469374,0,0
1226759364639190356,3,3
1226759499890819869,5,5
1226759636436736143,5,5
1226759753772948489,5,5
1226762740359020857,76,76
1226780451927503437,27,0
1226785506608965761,10,10
1226793157066719945,62,62
1223222988707279431,0,0
1223224171657956620,0,0
1223346598311208330,0,0
1223347524137350500,0,0
1223348108167163014,0,0
1223348110257827863,0,0
1223355274982359953,0,0
1223359571102589369,0,0
1223535327602999644,28,28
1223778708547663301,35,35
1226804576164978828,46,46
1226812479353670317,26,0
1226819691395177235,0,0
1226822606875887766,0,0
1226899584080273038,20,20
1226906785020333029,34,0
1226985080764794321,49,49
1227011006426506312,16,16
1227311058043740187,6,6
1223798370173976399,9,9
1223908931949225892,0,0
1224070827522419491,57,53
1224072616282673348,11,11
1224073554655958276,2,2
1224074648512628836,12,12
1231905038370055370,65,65
1231928660362309154,9,0
1231957944915161552,0,0
1232143141342015494,12,12
1232165228974075906,26,24
1232501562663810691,20,20
1227362166997664136,34,34
1227420009397765852,0,0
1227420009454632466,28,0
1227524153620436301,11,0
1227616751915023600,8,2
1227638698091115238,3,3
1232521814491370029,90,90
1232581865724727224,62,62
1232599503843799747,75,75
1232732872159054205,0,0
1232757407485386743,0,0
1232815754802641772,29,29
1232821948424238577,17,17
1232863059744383368,77,77
1232928001856258043,18,18
1232950687599154027,39,39
1227818000807916145,73,73
1228208636927429868,41,41
1228208733106915413,41,41
1228208840794867363,55,55
1228208873942226530,55,55
1228209041418823286,33,33
1228209227100908495,33,33
1228209499513589730,45,45
1228209537665417176,45,45
1228209656943203149,12,12
1228209782947268423,12,12
1228309171007142496,0,0
1228345176676845327,4,4
1228359645034743662,0,0
1228387905844655577,0,0
1228390239546247111,0,0
1228392048049556568,0,0
1233214287379071861,7,0
1233279651224739877,0,0
1233285444686045787,0,0
1233291236181154722,23,23
1233309290292582813,76,76
1233319156706823895,76,60
1233319874863533924,0,0
1233326596009922628,8,8
1233328623909953623,9,9
1233332599257101768,76,76
1233340604762036378,75,75
1233462337347072021,90,90
1228568404001669036,0,0
1228576821149395610,31,31
1228964974938045346,76,76
1228989876364419183,0,0
1229023902731509556,25,12
1229122606216414088,0,0
1233550549684575733,0,0
1233585573686363899,7,0
1233741840559332037,57,0
1234061754979115773,12,12
1234105027643190339,47,47
1234209733802234379,88,88
1234307947495685618,16,16
1234329085499860302,59,59
1234343699153118755,38,38
1234370192919720687,77,77
1229657495609120588,76,76
1229669742898309870,0,0
1229670048587573999,0,0
1229674257539127541,0,0
1229818318710358962,21,21
1229818908920654651,1,1
1229887426591375584,5,5
1230013531084210418,35,35
1230157735855856971,0,0
1234371026530565179,3,3
1234694640935764120,0,0
1234762276793313957,40,31
1234888929469835175,46,46
1235717649151249045,0,0
1235767219518030874,15,15
1235897091256136630,2,2
1236158450250691279,0,0
1236186462408809498,6,0
1236476356945693101,0,0
1236537387132575664,21,21
1236537551602845393,34,34
1230393548626498362,22,0
1230413477536936223,19,19
1230433383851013524,0,0
1230456467253112427,11,11
1230464737360638283,21,21
1230594086080778065,34,33
1230687238569474464,60,60
1231144645173836006,74,74
1231278871716422945,75,75
1231663809686352622,0,0
1239344245537554608,0,0
1239370492697136449,0,0
1239374670682339156,44,43
1236543137465968084,64,62
1236545710562306407,50,50
1236985699644497270,0,0
1237037613580430646,0,0
1237094641902152706,20,0
1237138206798698945,90,90
1237259153014799084,72,72
1237716908582199687,18,0
1237716908695660523,4,0
1237717005881741151,6,0
1237717011284041812,5,0
1237717109706768815,7,0
1237717109925539462,6,0
1237794099370330947,31,31
1239425515849164865,30,30
1240030221837718699,0,0
1240040994864113191,1,1
1240067700548682182,43,42
1240356331100402597,7,7
1240662626849425984,2,2
1240781192769856007,11,11
1237893377105897865,0,0
1237994099610950743,73,73
1238331353606952943,11,10
1238331693437400297,19,18
1238460317945560829,0,0
1238507870748166391,72,72
1238533278398374867,23,23
1238724380621296610,55,54
1238744170136593900,21,0
1238949399367464977,45,45
1238949487641826102,38,38
1238949505811904967,35,34
1240902102261861994,4,4
1240907389087561186,6,6
1241073818947566837,8,8
1241089095491325338,8,8
1241285636941190175,26,26
1241470878700755751,29,29
1238949579173891616,43,43
1238949593292603574,32,31
1239075154633998807,0,0
1239161290493617093,30,19
1239163475555358770,44,44
1239165143018334568,20,7
1239165783186837235,0,0
1239170788895555224,37,37
1247082873380050094,29,0
1247111384674319996,75,75
1241539695216902236,53,8
1241629765839746006,0,0
1247207074492505900,0,0
1247214693823909580,16,16
1247311417899103123,3,0
1247414956916920014,2,2
1247715348604700690,0,0
1247783381136542897,1,1
1247794900160665355,75,73
1247799629638270935,3,3
1247827401872114514,0,0
1247874544812501358,3,3
1241669919430658505,0,0
1241917958618743552,40,35
1241918143091745981,10,6
1241968742982202541,48,48
1242207256270289189,40,10
1247875422671960850,2,2
1247879235191137452,3,3
1247880100380638606,3,3
1247919738289121048,0,0
1247928234767699938,0,0
1247931213162783289,0,0
1247932278114122984,0,0
1247933073835931310,0,0
1247954361099430605,0,0
1248008952864566754,0,0
1242207711854330557,52,51
1242258674913144403,2,2
1242322845253173583,0,0
1242656828526993845,0,0
1242756633514883112,41,41
1242804070146614563,59,59
1242814148085548720,57,57
1242867963366537352,0,0
1242882784875044804,69,69
1242903460753382148,0,0
1248058698381297879,31,31
1248074994570962558,59,59
1248159401384477563,31,31
1248190326319487839,0,0
1248365350794545418,2,0
1248425634913103767,15,15
1248566167772196141,19,7
1248604991584264331,46,0
1248646776449745178,3,3
1248671291414510463,13,13
1242953196053247081,73,73
1248674042061607401,34,0
1248720851139420977,0,0
1249201891590319108,0,0
1249202254384207505,45,45
1249221352694050295,9,9
1249320025783707099,0,0
1249322572045047561,0,0
1249338724924728010,2,2
1249409662573500520,90,90
1249477930400947860,35,0
1242992636408069849,3,3
1243407948732318297,0,0
1243439250383188600,30,0
1243439296025850039,39,38
1243476091823121246,0,0
1243527377526506606,61,0
1243539702549842669,0,0
1243589400344031947,3,3
1243613478682097482,0,0
1243635476218013219,0,0
1243710155059615933,26,26
1249885048976163714,5,0
1249885103311069319,0,0
1249885166911603587,6,0
1249885175886103818,0,0
1249885477081983500,2,0
1249885513565135493,1,0
1249939338375173038,0,0
1249966230347873454,3,3
1249971905956990261,3,3
1249974916920533998,3,3
1249977185980752588,3,3
1250049815657627966,71,71
1243734903294281202,64,64
1244007458259952492,6,0
1244098550844777484,14,14
1244129048202280762,2,2
1244144325025062589,0,0
1244146202910757620,0,0
1244147773745269233,3,3
1244147868043244964,0,0
1244159815865781466,0,0
1244159884004281532,0,0
1244162205661898758,80,80
1244162477105434699,72,72
1244163083306831392,21,21
1244163261050221471,52,52
1244163327486284104,62,62
1244167203417941890,70,70
1244172360761770239,0,0
1250133397486432315,0,0
1250139580878125519,19,19
1250152795136898699,90,90
1250291976263903776,0,0
1250311553581512433,7,7
1250351804101372452,0,0
1250373698132875811,15,15
1250415588517175726,13,13
1250715534465316749,45,45
1250785543979843686,6,6
1244172937099805760,3,3
1244250404861933619,26,0
1244250558089359943,33,0
1244315762211523437,9,4
1244325659318422349,33,23
1244401509492552499,34,34
1244411990744785743,4,4
1244885664283966764,34,0
1244896024095954335,70,69
1244904829341716761,73,73
1244924585626295916,9,9
1244930737046076168,0,0
1250815585042492751,74,74
1250831859693051649,59,59
1250959938354495705,17,17
1251484612814010193,71,71
1251571606265058203,3,3
1252024900650856172,48,48
1252107172468902649,0,0
1252107560022918034,25,25
1252131792844223502,54,54
1252151005018387613,0,0
1252174863417428839,90,90
1244931205585338425,0,0
1244988330818654502,0,0
1245074983422827345,0,0
1245097254558133719,0,0
1245603696489176717,28,28
1245656021841386552,40,40
1252199797400381865,47,47
1252413066242522626,4,4
1252451165029445196,26,26
1252456264062692443,2,0
1252461149484283550,21,21
1252473971468254993,38,38
1252495926010594208,21,0
1252791714491907647,75,75
1252793398980156091,0,0
1252928881088321749,73,73
1253006232411378125,52,52
1245904390168923183,72,72
1246333806730901018,0,0
1246406452132437589,0,0
1246477580102196956,48,48
1246746701180152888,19,0
1258664088087992224,74,74
1258739292511720833,46,46
1258792412151502445,46,46
1258859657820234315,8,8
1258890081501266209,60,60
1258919640023695289,88,88
1253045441873124439,16,16
1253064537376878429,75,75
1253074284739739727,79,79
1253076398641184626,27,27
1253101652315725220,77,77
1253138154486113310,0,0
1253378851257541753,0,0
1253587843589977678,52,52
1253619776470486222,80,80
1253637197155495149,18,18
1258990448060451560,75,75
1258995260807014040,75,75
1259238929870324954,59,0
1259265744366657456,76,76
1259346787743465908,0,0
1259349297009465905,83,83
1259358644643820099,37,37
1259446139253642093,31,31
1253648416568413615,0,0
1253661560227470722,0,0
1253665075484578179,15,15
1253666603229513507,0,0
1253668739384037210,0,0
1253669986791564318,0,0
1253727555237366134,36,36
1253795479147635729,49,47
1253914461496904082,0,0
1254249393302749237,1,1
1254252187259766388,46,46
1259559725948985919,28,28
1259564174733473738,0,0
1259600739349138869,81,81
1259621317677057016,3,3
1259713131991061274,3,3
1259717237108392138,0,0
1259851855754285139,0,0
1260146803649599371,21,21
1260236683261653180,90,90
1260348460977553263,8,8
1260357463058911445,53,53
1254346667929650557,90,90
1254363600722938187,90,90
1254401172970301687,50,50
1254493991007166372,0,0
1254516556438125642,0,0
1254681143607226822,0,0
1254917685336216399,61,22
1255027777125791984,26,26
1255050913206140074,29,29
1255118246900436171,0,0
1255128131468529380,0,0
1260362557327702841,28,28
1260858320667905935,75,75
1260915037346535831,2,2
1261013353272775382,90,90
1255183631506767909,3,3
1255710872456259651,5,5
1255803889784021915,2,2
1255833962838353997,2,2
1255885186796158699,0,0
1256584718898593494,4,4
1256696774596202074,13,13
1256820994229299628,31,31
1256904874797003635,59,59
1257025240961774482,15,0
1257178258232634622,75,75
1261071280018778648,36,36
1261651974409238620,0,0
1261823101160881526,60,58
1257237404957183130,46,46
1257240094966294561,3,3
1257241136612819859,3,3
1257242176597657312,3,3
1257244380059919055,3,3
1257251953674571946,70,70
1257269011676256585,0,0
1257283103113705433,11,11
1257284372443566405,70,70
1257284449408618386,0,0
1261897966427843773,5,5
1261914911656674600,19,19
1262069500549467302,0,0
1262203902763910053,5,5
1262229944679607254,40,2
1262302936984245327,0,0
1262362961353389278,80,80
1262392606853447214,12,12
1262429443569707658,46,46
1262445412425588191,39,39
1262487468831421679,0,0
1257284538715339812,0,0
1257287972746351647,2,1
1257304036581998417,0,0
1257310008029974798,0,0
1257314695031419863,0,0
1257352297240273118,9,9
1257368325498450593,21,0
1257386613173444315,0,0
1257406350179524959,1,1
1257549776363369137,7,7
1262515913062269902,0,0
1262669558765649254,12,12
1262676232754957904,0,0
1262862334844299713,32,32
1262879523737843355,0,0
1263037188459959385,0,0
1263130277068338483,5,5
1263133103881221347,0,0
1257659081038880456,0,0
1257828763203524581,81,81
1257864039876614395,0,0
1257875127716268832,78,78
1257883200240879706,68,68
1257889081334810242,15,15
1257965787766429833,0,0
1257991437450284242,0,0
1257992680408068954,0,0
1257994489370208832,0,0
1257996235267745870,0,0
1263149353051460149,90,90
1263194938888022434,90,90
1263227181565675061,55,55
1263229055887420449,75,73
1263231449190626200,30,0
1263444991180968557,90,90
1263621622649556247,46,46
1263664664932631399,0,0
1263703137945370807,54,54
1263730288751841976,4,0
1263730288826126406,5,0
1263758349868059423,6,6
1258103879781081502,0,0
1258122909837293497,3,3
1258130810353429291,18,16
1258139686313458586,75,75
1258209939848337265,16,16
1258240058305695087,0,0
1258267990600001591,0,0
1258294347905673882,72,70
1258295273477036504,46,46
1258574977252189061,21,21
1258624899903340471,2,0
1263817435303552137,46,46
1263836565731458704,47,47
1263845056327420894,81,81
1266221816823918152,31,31
1266245822009648197,0,0
1266643445383332317,0,0
1266664600275277605,16,16
1266667267842633649,70,70
1266682491308851581,34,34
1266787305018735167,30,20
1266794251371041592,0,0
1266812732373818616,0,0
1266932951788985109,0,0
1263864982013283068,89,59
1263907024375050215,17,17
1263984426933497706,32,32
1264002589926448873,0,0
1264218955602311221,0,0
1264336109140021594,0,0
1264336522300213263,0,0
1264463097113457641,16,16
1266965813831199997,38,38
1267261047591892406,2,2
1267386030421794104,0,0
1267390765842861010,34,21
1267393506454063866,31,31
1267419739074836709,0,0
1267441997402319351,14,14
1267442159918193778,6,6
1267444961941371111,24,0
1267449405198185516,0,0
1267502386529187176,76,76
1264487349748909151,37,37
1264515289633071842,48,48
1264525343675868878,9,9
1264556878473593913,76,76
1264624602647804682,44,17
1265121669457252989,6,6
1267556868415501118,0,0
1267563615844456532,0,0
1267577346860140212,0,0
1267773974767348951,31,0
1268021034388489020,0,0
1268060771599136207,76,17
1268116616149913985,79,79
1268146645583849349,88,88
1268229579050977079,49,49
1268235814477942581,16,16
1265214142866615616,0,0
1266014815917634997,26,23
1266021655313886321,1,1
1266050526914264495,51,51
1266099614220985016,0,0
1273239150338408058,0,0
1268379012796078651,1,1
1268383579464213732,41,41
1268429745017861072,27,27
1268430318506004901,0,0
1268458604993664493,0,0
1268464235583305425,8,0
1268465861825875800,2,2
1268465957703624569,0,0
1268663742542578914,0,0
1268673634073031993,0,0
1268747298409857069,0,0
1268782012785428865,90,90
1273264444294675676,6,6
1273276578912529519,0,0
1273359886259634804,65,26
1273429017227572621,32,32
1273876665856413802,31,31
1273887750459953967,3,3
1273892061324035629,1,1
1273895402587027540,17,17
1273897940988961625,0,0
1273901684572144919,29,29
1273902018372064612,0,0
1273902320926333163,75,75
1273902714324988592,75,75
1273911756517735255,2,2
1273999441913457977,83,83
1268814871935282244,72,72
1268855545383944589,80,80
1268857796709953729,6,6
1268927362692556489,1,1
1268950356586183928,8,3
1268967871754513027,16,16
1268970552899584835,0,0
1268971029526152451,0,0
1269004912797968568,81,20
1269384646230679383,30,0
1269632299940546846,63,63
1274076570220792723,0,0
1274143776879009441,0,0
1274200907157913935,19,19
1274492556229322940,0,0
1274605231101485814,58,57
1274660031840113700,54,0
1274691077561855573,42,0
1274722590671904755,0,0
1274773188072371454,79,79
1274820999428562667,30,30
1274826163511555978,90,90
1274909412180886814,3,3
1270373232572829349,0,0
1270374216025896711,31,31
1270405869841506516,53,53
1270574959477241737,36,35
1270603216365109303,63,63
1270917903320485839,0,0
1271084693192776630,1,1
1271108885421186646,0,0
1271119734962673829,0,0
1271183066337962796,8,8
1271384104604188602,65,0
1274943629134607784,43,42
1275276318052624457,71,71
1275369932926785232,0,0
1275404590621392936,0,0
1275454671974610409,0,0
1275475475744269192,50,50
1275489843344572046,0,0
1275564905070237292,49,49
1275569928037006283,15,15
1271709679323290053,0,0
1271883024769596446,0,0
1272031813713037196,0,0
1272034614019315625,90,90
1272041384933906281,0,0
1272045884796246875,62,62
1272394631792431577,51,51
1272434694535964064,0,0
1272440362626897836,0,0
1272440364190175162,0,0
1276167665304314021,0,0
1276211315180548863,75,75
1276222246131959855,1,1
1276256657123457100,72,72
1276897674278796299,8,8
1277514540857908776,15,0
1277574482013322658,34,28
1277579374332627051,17,7
1277595699583112534,29,0
1277613014804999034,17,17
1277634170164164364,0,0
1277646948639349904,24,24
1277860842634805302,24,24
1277873605907772334,5,5
1278193226346803183,14,14
1278297719419174824,0,0
1278475838727257843,0,0
1272471144938598757,0,0
1272520998450886557,46,46
1272523137707415695,0,0
1272525324288177768,0,0
1272532389343933720,6,6
1272553847685302526,27,27
1272561496572653839,26,26
1272612020501066496,0,0
1273057132703639608,0,0
1273057459599805099,90,90
1273130357269006929,9,9
1278590472981134772,0,0
1278904415560190202,15,15
1278970081538305840,0,0
1278970092972845475,0,0
1278970132978023428,0,0
1278970143578030549,0,0
1279026320984012410,76,76
1279234564318920127,18,18
1279514114428942589,65,65
1279514923594862712,56,56
1279519143494010495,52,52
1279566973107195248,0,0
1279567318975314832,0,0
1279572005150250480,0,0
1279572331775151473,0,0
1279572603956432088,58,58
1280039155054913587,0,0
1280257243307498127,1,0
1280374394750477239,43,43
1280653458160564660,0,0
1280784833142464571,0,0
1281093134421029387,0,0
1281096465598617765,24,24
1281263542832791722,30,30
1281410200551469789,12,10
1281431427554747842,3,3
1281820673375045314,60,60
1279652376594658493,33,33
1279659842295891774,8,8
1279662145155502966,27,22
1279666081527148590,38,5
1279668704913671652,4,4
1279676140647985129,21,18
1279691717688251905,62,62
1279699245295400653,6,5
1282016228474687397,46,46
1282195238698316151,73,73
1282241919059204971,40,6
1282471756802376451,72,72
1282545954980077188,20,15
1282545955165350829,34,17
1282546479462535028,17,15
1282569577400814799,59,59
1282656672679723087,16,16
1282704567522101611,44,44
1279717291672022825,34,32
1279747786358341953,47,45
1279759802665836048,19,19
1279760233718399289,49,44
1279846130440111446,3,3
1279894814266093381,23,16
1280015420663996112,0,0
1288223732677733582,31,0
1282750052496655155,28,0
1282794995978969622,17,14
1282846683845296215,59,59
1283288496701391251,48,48
1283288978980733529,90,90
1283352602978328068,0,0
1283471496919072863,0,0
1283474297986632743,0,0
1283496810330563673,0,0
1288407043479912515,76,76
1288412762209251262,0,0
1288416366050416302,0,0
1288577662192155172,20,20
1288764333737353436,16,0
1289091754673176311,0,0
1283501553251837845,0,0
1283505503486436282,51,51
1283506218457392780,0,0
1283508781489380600,33,33
1283990392173732051,0,0
1284003032517870374,47,47
1284082088801058932,0,0
1284088122525984677,33,33
1284091919702963789,13,13
1284093467523634742,0,0
1289092106931616887,0,0
1289092454645037008,50,50
1289093096431602029,0,0
1289093627448198684,0,0
1289094324927322753,20,20
1289094659917078154,74,38
1289098804404621589,30,30
1289115633376306496,0,0
1289231744576245243,6,0
1289291705269129881,36,36
1289364238716530216,0,0
1289377257599144405,36,36
1289464795198464231,0,0
1289499175425676755,20,20
1289900598795323291,82,82
1289900853572333017,87,87
1289901188619086090,76,76
1289901494862642475,0,0
1289911415132474925,2,2
1289922974425687983,0,0
1284095106577481696,0,0
1284145570317315848,0,0
1284218136316352861,1,1
1284243113357022358,75,75
1284251494613331028,6,6
1284305290711173883,8,8
1284343037656878070,45,0
1284527126924891439,0,0
1284724376820989449,0,0
1284746007352463996,31,0
1284750620700927365,64,64
1284751162775341865,0,0
1289945114068321574,21,21
1289945228657778175,0,0
1284758582776262790,0,0
1284863603199231535,3,3
1284904964981044019,2,0
1284913460751502924,30,30
1285043507619395323,0,0
1285057395908288186,10,10
1285131670173788352,3,3
1285410521873706384,67,67
1285410920221186569,78,78
1285415065405371415,13,13
1289967817982388835,87,87
1290020957072695464,23,23
1290057302083185194,16,16
1290058989653954657,54,54
1290181244693303361,2,0
1290483407607835840,65,65
1290483805186562618,0,0
1290484171421571176,2,2
1290484977399958477,0,0
1290485761324301723,46,46
1290486157149814495,22,22
1290486543911857603,20,20
1290486953855587158,43,43
1290487391295933082,88,88
1290487837661408556,74,74
1290488256716908443,0,0
1285415424054691845,71,71
1285415763125619804,0,0
1285417546013881978,0,0
1285418221161460244,0,0
1285526805122933419,18,18
1285572863255304454,0,0
1285600385879569184,13,13
1285625643936118380,45,0
1285651940139079122,0,0
1285665525322635572,63,63
1285887172744396690,34,34
1290488631237451972,9,9
1290488993311067006,90,90
1290490963940818185,7,7
1290526529867690092,56,10
1290532803928703719,71,71
1290543288000956841,90,90
1290547153584774862,68,68
1290592430548307969,0,0
1290639000350942256,0,0
1290712572437787645,13,0
1290748192328149709,90,90
1290755893548044343,0,0
1290758282015059804,0,0
1286317209270568929,6,6
1286376625557078941,0,0
1286532155164209258,11,11
1286942890913481818,20,20
1287085243477928046,40,40
1287085775345275722,20,20
1287114426742259858,1,1
1287234932645522194,0,0
1287296794548498236,0,0
1287739461481439132,36,36
1287801525313977680,6,2
1290760416487867943,66,66
1290768376240023755,18,18
1290782983190685992,28,28
1290816484307146814,0,0
1290927439735613838,0,0
1291286303594023668,0,0
1291307990966527081,5,5
1291676391644596684,36,36
1291680070107054691,35,35
1291882163274642166,18,18
1292112304025287413,0,0
1292222260992487501,5,0
1287828599090091641,53,52
1287836731919078808,0,0
1292948257570336842,0,0
1292997798399147746,0,0
1293013694478076603,0,0
1293015118025187989,0,0
1293032378200701704,90,90
1293119775453249994,30,0
1293150378298907267,6,6
1293465649301168871,89,89
1293505943912454306,37,37
1293526602357369979,41,41
1292236884909540286,48,0
1292243575838036094,40,40
1292271677964805116,38,38
1292314114066531212,48,48
1292771601232690670,24,24
1292797757047068752,2,2
1292806829994884564,39,39
1292813072551431550,0,0
1292840951307082081,0,0
1292855173673167580,21,0
1292859461638994844,47,47
1292875175964979290,0,0
1292887062326268292,51,24
1292914943931257528,0,0
1293536330974359411,10,10
1293591775252383462,21,21
1293603263406451329,51,51
1293614797307497736,0,0
1293615937418692641,0,0
1293618881653216345,75,75
1293622383383726855,0,0
1293623674511945169,37,37
1293624395435033229,15,15
1293625371508952494,0,0
1293626162517601483,16,16
1297337240229428020,64,32
1297388751512103486,15,0
1297422699209994514,42,42
1297492109755858320,18,18
1297762041714646973,63,63
1297822453324252559,23,23
1297823716727648486,0,0
1297832286041209097,3,0
1293655930917589394,0,0
1293660931410399186,0,0
1293682501063425305,0,0
1293804915955170254,36,19
1293887002113007059,0,0
1294276473817755259,71,71
1294357209917236393,21,21
1294387352531114501,76,76
1294388669495954876,76,76
1294389252493707420,76,76
1294390363264990691,34,34
1297837822580522637,90,90
1297857397437720044,22,0
1297882854575565311,78,78
1297891655160958881,3,0
1297900361924171425,9,9
1297904562696647997,53,0
1297916611687858436,4,0
1298016667175046182,62,62
1298068015400019203,0,0
1298078346992867733,32,32
1294401352932112105,34,34
1294401898458773751,34,34
1294403149481742101,43,43
1294404569677291746,44,44
1294405057305124160,44,44
1294484908559399175,6,6
1294910428499824072,61,61
1294971440473634529,6,6
1294981504390916248,75,44
1294997733780901648,0,0
1295019599160645328,15,15
1295045557421449986,0,0
1298087756403015038,45,45
1298254618591900869,28,11
1298456467463343286,58,58
1298553614369114796,36,36
1298638325422963882,17,17
1298736958709030142,51,51
1299133904099985447,0,0
1299194338143932677,59,59
1299222792779005171,15,13
1299274159107059262,3,3
1295054021439479562,24,24
1295058207773420592,38,38
1295082372288955428,0,0
1295194110768365332,18,18
1295226372562442418,0,0
1295689847244408136,42,42
1295691703768509551,0,0
1295692047470088652,90,90
1295692552462033996,58,58
1295693412922616190,15,0
1295697218556420361,90,90
1295697579887184978,42,32
1295697993602464014,64,64
1295698421350347539,44,0
1295698600322874906,46,46
1295698918555148007,90,90
1295699403133151277,89,89
1295699768902276025,30,30
1295700430287482572,44,44
1299303649233998267,0,0
1299369433716816792,0,0
1299405124262455022,2,2
1299452778704619691,15,15
1299502297252861385,0,0
1299518184950343395,0,0
1299524131259285835,0,0
1300037681233437424,30,30
1300178500689802017,5,5
1295704285126526163,41,41
1295704636780424648,87,87
1295705038190222304,86,86
1295753453690983324,0,0
1295758338755859808,0,0
1295764760496006192,0,0
1295766997019581532,0,0
1295767781283506188,0,0
1295774180041434930,0,0
1295775243191978154,0,0
1300233055492155040,0,0
1300289378125008990,0,0
1300568410346446118,89,89
1300568695477078121,51,51
1300568967122505601,16,16
1300569382834238945,5,5
1300569640673653685,0,0
1300820745713362015,20,20
1300823553800804690,20,20
1295779783927209332,0,0
1295816599469836035,3,3
1295948259529518223,8,8
1296013089177077552,0,0
1296339138060192620,0,0
1296551910916884721,48,44
1296669420470600650,23,23
1296718362976813510,16,16
1297160329138804117,13,13
1297219249495562544,0,0
1300839454193926836,52,46
1300916255343463398,29,29
1301077968948130267,22,22
1301525839130690770,22,22
1301561636371005523,9,9
1301737585869376595,33,0
1302175472720520147,17,17
1302192490457281505,3,3
1302244340227836020,78,78
1302262977867223666,0,0
1302265517470649544,90,90
1297277611175594752,89,89
1303884604226371796,4,4
1303893043252717487,62,62
1303917519314967935,37,37
1304417138516106936,0,0
1304531452476802836,15,15
1304549420589033442,0,0
1304556482432498977,46,46
1304888327303334077,0,0
1304893383570136558,75,75
1305059574266469232,78,78
1305080302547425769,44,44
1302414061225602677,3,3
1305089956017145344,0,0
1305091192784256338,0,0
1305092541518230802,8,8
1305092969836556862,5,5
1305093690842228163,28,28
1305094445506176270,6,6
1305094594871339028,9,9
1305095106716193497,5,5
1305095293816213388,50,45
1302598479748572008,24,24
1302598873140366555,22,7
1302749513767113405,61,61
1302785704600506643,0,0
1302886734172326864,46,0
1303001580814715552,90,90
1305095466098421605,16,16
1305095686123663481,9,9
1305096322826956646,8,8
1305126466271364148,74,74
1305127271309695379,1,0
1305155395885790298,45,45
1305169539262043240,47,46
1305216263895459156,0,0
1305232994873379876,1,1
1303469491827689617,0,0
1303498152597541153,30,30
1303498441828462537,74,74
1303498705343457095,0,0
1303498949364272866,48,48
1303544801495324319,3,3
1303564120784875224,90,90
1303587397243545059,90,90
1303617700217918030,49,49
1303622154116534954,35,35
1303689041445035007,3,3
1305294589180823626,47,47
1305686584376475945,30,30
1305715886149338004,21,21
1305767390166197442,3,3
1305822010108188588,0,0
1305867536067284125,47,47
1305884735502447649,90,90
1305889068460883671,3,3
1305930003190096391,3,3
1305930848567796999,3,3
1303700865286201258,0,0
1303742851922211002,0,0
1303789015275349694,0,0
1303792006148808804,0,0
1303796688189367467,46,46
1303812144286246878,60,60
1303857126206577982,21,21
1303859613356603180,3,3
1303873258789253150,90,90
1308822069323762943,38,38
1305931686533722060,3,3
1305945251288603947,3,3
1305946029208223657,3,3
1305946832620258772,0,0
1305989386371667863,16,16
1306049433257191606,0,0
1306053246177173299,0,0
1306058110290127705,0,0
1306141019599223277,80,80
1306692611742410370,0,0
1306760524006496593,0,0
1308849720653431555,0,0
1308864666891601767,27,27
1308882717766558822,0,0
1308890102080452409,57,57
1308892090599082243,6,6
1309031254882729294,0,0
1309068453752045154,30,30
1309444805038800524,0,0
1306775272424746206,0,0
1306964850219973675,32,0
1307205644227867324,0,0
1307304412310622342,64,16
1307436337927204224,16,16
1307590389811951061,0,0
1307658363754176454,27,0
1307909604329980682,5,5
1307952985686504228,37,37
1307953338446219822,90,90
1307957788317994577,12,12
1307960993323551747,0,0
1309445836235423904,0,0
1309475690879705407,0,0
1309475998047965582,3,3
1309481208952816987,0,0
1309489498194420122,0,0
1309559029737321449,0,0
1309565575952934825,15,15
1309567017494523553,15,15
1309568019196574613,74,74
1309569185904747040,15,15
1309578837258277868,43,0
1309593707806609196,0,0
1309594972119033421,35,0
1309609267935235316,25,0
1307962735840020272,26,26
1307981424683991103,1,1
1308042821496837399,13,13
1308063256370633680,58,58
1308085978089541612,23,23
1308095757751672505,0,0
1308096457783964803,51,35
1308124757052620936,44,44
1308147004690094916,2,2
1308178606830498075,19,0
1308179300183428077,2,2
1309867493593515904,46,0
1310132633661457888,0,0
1310132992387121679,7,7
1310265281936741203,0,0
1310292474876772556,6,6
1310294415855846472,0,0
1310323314934911276,16,16
1310326015124781555,0,0
1308192155111492189,0,0
1308220180752781128,0,0
1308226925638300623,2,2
1308233196381765490,2,2
1308239764134525481,2,2
1308288440807651905,0,0
1308526950566373172,70,70
1308716552365145886,69,69
1308780466970105207,0,0
1308791070578812470,43,42
1308810839695104610,14,0
1310333463529048431,5,5
1310835542545485931,0,0
1310929424856847275,39,39
1311034051037122798,10,0
1311039185852600517,0,0
1311689357740272190,57,57
1311717767585635809,0,0
1311728623519883227,0,0
1311851965025083755,60,60
1311988990788249100,31,31
1308813592917247558,10,10
1315236981168867835,51,51
1315244571825005083,79,79
1315244848480392300,25,25
1315245097183941787,59,28
1315245332784117997,41,41
1315270555120549266,27,0
1315319482276829241,3,3
1315334356691344405,33,0
1315351635891305804,67,67
1312535942906053898,0,0
1312549916498073457,10,10
1312570839471078787,73,73
1313067928708737367,73,73
1313072232879548694,0,0
1313101880836038196,0,0
1313109942824449282,0,0
1313122595316445483,18,18
1313156485419305970,0,0
1313238298445872544,12,12
1315425085449413508,0,0
1315551894496105899,0,0
1315565699104563323,6,0
1315690915082664101,22,21
1315700102429260102,0,0
1315872192558040243,17,17
1315878769422056009,0,0
1315924666207563599,23,4
1316013662675056464,40,40
1316046799962075466,33,31
1316175756064754999,0,0
1316197866022645206,6,6
1313275491604130149,0,0
1313351484190596189,32,32
1313386233223217471,47,47
1313430859428844249,13,13
1313441654489724881,28,28
1313850412764315637,2,2
1313866429333234266,25,25
1316636724309429374,2,2
1316947194693127310,0,0
1317051361316531367,0,0
1317760474411072079,0,0
1317771642704910011,3,3
1317948795646948301,27,27
1318038474472328677,0,0
1318038812671845933,76,42
1318039155988820844,0,0
1318039459541133153,75,75
1313873315894374951,47,47
1313887370337947013,0,0
1313887772691942309,0,0
1318083316561908934,0,0
1318084007658572242,18,18
1318084422389954390,46,0
1318085057218198055,0,0
1318086509109743082,74,74
1318087264077513131,90,90
1318087753741207788,86,86
1318088100467570673,89,89
1318088510555607795,73,73
1313888345227624637,0,0
1313898436335092936,15,15
1313899289905245368,69,69
1313900599124342508,16,16
1313902189955845819,15,15
1318088861115875944,0,0
1318091951273982727,89,89
1318093169712065363,55,55
1318093833438898841,63,63
1318096895366517194,19,19
1318097490457644770,67,67
1318099975855322117,39,39
1318100925635184764,46,0
1318101305923925752,0,0
1313904957732342981,15,15
1313907558763090173,42,42
1313921774622511568,0,0
1313950450887133162,44,44
1318106415889167101,0,0
1318106721458004400,84,84
1318107072746303605,76,76
1318107673123469865,72,72
1318109181447365540,90,0
1318110489094937046,48,48
1318111269155148362,1,1
1318115225260395846,0,0
1318117178298039673,15,15
1313969661924278639,0,0
1314055810287235223,10,10
1314470186073443843,0,0
1314491803706317325,75,75
1318117481722272074,61,61
1318117888252870752,0,0
1318119411467040940,0,0
1318120061606018916,31,31
1318120409178071251,0,0
1318129134684263970,89,89
1318130342610189013,75,75
1318131064354157312,85,85
1318131416468553829,0,0
1314525533392492537,46,46
1314549753852039035,0,0
1318131986416906805,14,14
1318132325655998843,0,0
1318132899137688941,31,11
1318133256424118608,36,0
1318133857550833832,0,0
1318137984301005217,87,87
1318141259223585335,59,59
1318141689438456280,65,65
1318142035569427741,90,90
1314555089480853682,1,1
1314692063415977536,51,51
1314710618035612256,18,18
1318142355174664627,19,19
1318143441326854551,30,30
1318151355085965447,88,88
1318152356698681465,77,77
1318152907851247147,0,0
1318153219480794085,0,0
1318153719271042825,0,0
1318154849264484447,75,0
1318155354044027164,74,74
1314782090718692471,16,16
1314854424760333152,17,17
1315204278316211714,44,44
1315219656673389852,78,78
1315221049813683553,19,19
1325366618594728191,28,28
1325464123444306272,0,0
1318156361701266818,75,75
1318161813618832387,0,0
1318162128051438728,0,0
1318162464219930517,0,0
1318163619939239852,87,87
1318181335064766565,56,56
1318216788716566719,0,0
1318221497806611058,0,0
1318226413266429616,0,0
1325470886479884542,18,18
1325476876947943412,16,16
1325494263481156396,18,8
1325496308210338295,50,50
1325502316895442115,47,27
1325507655204716982,6,4
1325520876512896030,18,18
1325534647595336112,79,79
1325585910512256569,32,6
1325889190039002012,0,0
1325944266592414313,3,3
1326074013593091071,15,15
1326122680700710452,26,21
1326150306392602315,20,0
1326189425588302720,54,54
1318255884380883537,0,0
1318261047321763717,51,51
1318283326521482243,74,74
1318351786056351879,59,57
1318357973196619223,32,32
1318388972341998863,3,0
1318403022180578826,0,0
1318470838945354894,0,0
1318499036655551155,90,90
1318504528934874801,2,2
1318507325705180008,48,48
1318507688692376955,56,56
1326207757766476296,0,0
1326210409527940327,0,0
1326213346708472911,21,21
1326259467984487030,0,0
1326392273055050211,33,33
1318510556447792875,48,47
1318513028126369027,0,0
1318740134406799498,0,0
1318792959958270378,60,60
1318815629191165652,58,58
1318838623230135645,0,0
1318929014473982264,38,38
1319015681380669440,78,78
1319022674512111823,15,15
1319022775863233271,17,17
1319022934984304366,18,18
1326475527169045510,36,36
1326843545245474119,20,20
1327003285295293971,46,0
1327032534577082984,58,58
1327621291124719094,2,2
1327763233817018863,0,0
1327828832276571223,69,69
1328246830727616836,0,0
1328271779943513548,59,59
1328321742869363570,0,0
1328389210503109223,61,61
1328413334684157438,25,24
1328461012212996407,0,0
1319226590000865581,0,0
1319555922665686891,45,45
1319569215899340385,2,2
1319778362655246788,0,0
1319788327603239069,16,16
1320243299566592061,46,46
1320409769902055935,14,14
1320454379365635491,0,0
1320461794883900975,2,2
1320653622217671428,68,68
1320688645215804521,50,50
1328496455575839443,0,0
1328577071611024033,2,2
1328983561641406156,0,0
1329001004522943117,90,90
1329009668074338482,15,0
1329023907116663459,0,0
1320992709168452286,11,11
1321015801090338930,7,7
1321019127499188568,0,0
1321022159595114491,0,0
1321027425909199552,0,0
1321031882763745432,0,0
1321033089166529324,25,25
1321034759638630061,0,0
1321036825050428184,46,46
1321125245354264233,29,29
1329043156366012625,1,1
1329061753266993212,90,90
1329124004821686834,90,90
1329156079736899373,82,82
1329178530114311554,27,27
1329186738028734888,39,39
1329200046793147212,27,27
1329218591028593875,76,76
1329232928495416847,47,47
1329241880126834139,76,76
1321226209678557133,56,54
1321230492222322380,74,74
1321270001244228841,44,44
1321323479504031454,5,5
1321577662261907481,9,2
1321905772930261846,0,0
1321928959723172319,61,45
1322095518979598586,0,0
1322107357390477806,0,0
1322523395081457963,0,0
1322755844445839206,0,0
1329252176809883795,60,60
1329253560147076704,0,0
1329304633049326913,0,0
1329687517158343349,0,0
1329702366325398094,75,75
1329877868112213230,90,90
1329975630750423883,47,47
1330018504919571860,14,14
1330023315471418462,0,0
1330374307964956563,0,0
1330374643473867541,0,0
1330439807102814879,48,48
1330474289385922747,25,25
1330583343676769038,0,0
1322958148096585993,34,32
1323298101934243952,0,0
1323487726495059444,3,0
1323511791181550996,6,0
1323596565152388814,12,12
1323911715476200591,78,78
1324168727591009762,21,21
1324196587232498954,51,51
1325202188867231613,4,0
1325202402737710245,26,0
1325202410820621081,9,0
1325202729992411766,5,0
1325202739410758684,5,0
1325202896471482238,2,0
1325202903597028213,12,0
1330589952035728187,90,90
1330595056676666001,0,0
1330595893375490126,0,0
1330603515395441176,10,10
1330758594334795245,14,14
1330765447522522271,0,0
1331320482064468735,46,46
1331320903607674080,47,46
1331328148835085189,18,18
1331330864008414654,1,1
1325203054691440439,18,0
1325203080654550137,3,0
1325240428914007338,71,71
1325247998988527336,61,61
1325353666814301695,70,70
1332957374316797643,0,0
1333268675438835113,11,1
1333374102964325638,5,5
1333400345191601375,74,74
1333465565598309761,6,0
1333489028091156183,0,0
1331358422902709603,30,30
1331361997739781609,34,34
1331537410605212824,0,0
1332026372827145488,0,0
1332222157727774290,76,76
1332666494586594007,0,0
1332823506718236066,76,75
1332889831349518084,52,52
1332922746745732220,16,16
1339126910812146601,73,73
1339134978867456774,76,76
1339181854607087478,74,74
1339185326253628655,27,26
1333504568352496141,70,70
1333516717751510224,5,5
1333611945537439513,18,18
1333639292890602417,0,0
1333998132911610062,56,56
1334028366017922070,0,0
1334051009779815699,0,0
1334161280405951778,9,3
1334172218623913013,2,0
1334177923436503198,0,0
1339279732333583515,75,75
1339280976412256516,76,76
1339361521089358191,67,67
1339388017355922047,0,0
1339413545125795810,0,0
1339850833161398086,29,0
1339886978816047568,31,31
1339887221342573686,0,0
1334272524656681070,20,20
1334438520110389982,90,90
1334738521202874757,31,31
1334813549873509911,90,90
1334901607131248881,9,0
1334902490349166858,19,19
1334903983704374309,72,72
1334950027382895297,17,17
1334984207204809917,35,35
1335127122355312589,46,46
1335169829952500226,3,3
1339887463541396540,46,46
1339957476623457262,14,14
1340005327486324249,2,2
1340084737762861337,89,89
1340527907861815192,16,0
1340542116785072593,23,23
1340563513768715346,33,33
1340570452479397539,0,0
1335177071117596151,90,90
1335394864754734509,78,78
1335395315572244948,75,75
1335395636701000268,90,90
1335540873258109647,69,69
1335553886970388842,81,81
1335828433526249786,0,0
1335845679434265276,78,78
1335899894735686654,0,0
1336189890565158122,2,0
1336189897341389326,1,0
1336190112768300551,1,0
1340579755776615161,26,26
1340587092410021104,1,1
1340603206714628842,21,21
1340798393251262720,0,0
1340814926754562843,2,2
1341097308620700553,0,0
1341223289646160168,0,0
1341223662177177332,0,0
1341255875787745348,70,70
1341260785239474422,45,0
1341279233251988984,30,30
1336190206764499980,1,0
1336235867528596008,2,0
1336246243002150846,38,38
1336290366745826871,0,0
1336330981255348475,14,14
1336377070400008896,2,0
1336443272374665733,90,90
1336566527001618635,3,3
1337124921636781845,0,0
1337197055935583451,20,20
1337246407385058493,75,75
1341295357201666739,0,0
1341301615407586697,1,1
1341301643010579266,0,0
1341314952291149898,66,0
1341318668048407355,10,10
1341326116264924625,10,10
1341364663234980493,16,16
1341398588435786022,10,0
1341443100146766187,19,0
1341462465018023697,32,32
1341463794009348943,36,36
1341465215761938628,78,78
1341539816207467739,14,14
1341757425548759443,0,0
1342038349846774449,23,23
1337354616633306955,20,20
1337831051170920612,0,0
1337925489341478152,28,28
1337958517015737331,0,0
1338005708777283899,4,4
1338031888435462608,23,23
1338382630141950202,6,0
1338396814205818201,27,27
1338417690677307990,0,0
1338440230265486280,16,0
1338441705488554044,20,20
1338487824678631501,75,75
1342211832405992785,76,76
1342305609381019351,0,0
1342396891155481118,8,0
1342396892405949084,37,0
1342397122472746474,18,0
1342397129207892343,4,0
1342799236180718527,0,0
1343056791455833489,0,0
1338518507725155317,46,46
1338521302250840685,46,46
1338586308479876540,0,0
1338587637097370147,3,3
1338610081150040797,90,89
1338629253127116048,29,29
1338629571020857843,0,0
1338637650946652201,9,9
1338671620888917668,2,1
1338695942839140941,48,48
1338771274289572470,0,0
1343244748884303826,76,76
1343389572792382905,59,59
1343440696309404963,12,12
1343443837649280448,14,14
1343456689221296345,9,9
1343474517046541392,11,11
1343485681332345875,9,9
1338817811660902249,0,0
1338826115810664687,6,6
1339054666142371200,0,0
1339124426559283621,47,47
1339124758886043833,71,71
1339125250781962662,63,63
1339125523437573832,84,84
1339125769594193092,76,22
1339126026625822138,0,0
1339126262928640570,89,89
1343491166873752909,15,15
1343500906267662988,59,59
1343501820475130457,5,0
1343507148823852914,13,13
1343570730829767302,3,3
1343599722099114905,0,0
1343602946696486909,0,0
1343606046587728518,0,0
1343607019418098043,16,16
1343608312965019888,0,0
1343669710961050876,12,12
1343785166555917967,90,90
1343814926716851544,35,30
1343837237931159198,0,0
1344203989320440460,43,42
1339126582321205692,8,8
1344394599127509754,0,0
1344400761759460358,0,0
1344414959095536135,32,0
1344417181599759022,75,75
1344431439949805642,3,3
1344497316152802547,47,47
1344630370175255397,28,28
1344774292228895201,0,0
1344931327471470834,78,78
1344284384553691603,18,18
1344298115530569589,44,44
1344351298913563427,0,0
1344968633461946766,74,48
1344968680734473664,14,14
1344968685322374710,14,14
1344968686689962102,15,15
1344968692922548205,15,15
1344968693282494811,15,15
1344981876615846434,77,77
1345010567008637518,61,61
1345025914203476108,0,0
1345029823295183765,3,3
1345035575943032167,3,3
1345088504050736859,78,78
1344360318928343193,0,0
1344362348522220378,0,0
1344367805653815916,0,0
1344369942388225733,0,0
1353635401690234419,32,32
1353654934070085693,45,44
1353670955336848857,62,62
1353674407409118734,40,40
1353681079212299738,34,34
1353697223094683161,42,42
1345177749999651867,70,70
1345204432643290045,32,0
1345263700154615833,0,0
1345304875035113821,2,0
1345546683941355083,42,32
1345718873103632317,15,12
1345816298596924435,0,0
1346005903520278812,5,5
1346011385245688663,69,69
1346093486392263908,0,0
1353789074090447586,60,60
1353791249372472245,0,0
1353876118169704511,70,70
1353876642508740905,70,70
1353965318849191034,19,19
1354325709592013912,10,6
1354421028439882911,11,10
1354459722468381011,47,47
1346441957873360588,48,45
1346473578110968030,75,0
1346484805983684464,0,0
1346515075445367491,0,0
1346566257328706603,0,0
1346637664674556870,10,10
1346642125820135121,3,3
1347313595763737845,89,89
1347341466573107865,75,0
1347459750225269059,4,4
1348030715937595605,75,75
1354471123491571182,0,0
1354508177765511001,76,76
1354630808943477780,0,0
1354692062527041556,0,0
1354771911555593980,4,4
1354828008260823713,0,0
1355054420874722372,88,88
1355088227897569976,77,77
1355118252249386243,3,3
1355123322106678108,3,3
1355159469349277096,24,24
1355203524839114272,0,0
1355261001625996655,33,33
1355275624338698523,32,32
1355380433778984135,23,23
1355382147091544142,22,22
1355956034867228723,57,57
1348034170655441468,66,66
1348081441771732943,42,42
1348208433398235466,57,57
1348466013264464125,15,15
1348495477413501628,88,88
1348555125455647219,73,73
1348631831446193789,0,0
1348676338398201826,0,0
1349242898872401844,0,0
1349267275641840817,0,0
1349331844930696753,60,0
1355987291088179418,0,0
1356004880222321444,90,90
1356134138182270292,60,60
1356177255367743201,80,78
1356508902094520427,62,62
1356554949789186453,50,50
1356733246795293875,1,1
1356803194264189950,5,5
1349360291949375915,31,31
1349381027991559621,59,3
1349398782237083487,0,0
1349418582039848920,0,0
1349424256412668294,0,0
1349656149856482244,76,76
1349846206207541692,17,17
1349926489915799892,46,46
1349980168310018196,15,15
1350018223190033305,68,0
1350130887670690892,9,9
1356813873885764919,5,5
1356862958825673292,76,76
1357574158630690509,33,33
1357645979721577487,15,15
1357876518167506533,0,0
1357898220049717025,0,0
1358610356621521309,0,0
1358646034863812894,60,60
1358755155344142573,32,32
1358787346750661375,0,0
1358822659920606401,4,4
1350275130989708598,42,42
1350437319146780555,4,4
1350809715431400958,16,16
1350876509153819535,75,75
1351111877115893142,3,0
1351535101914002515,0,0
1351811073308177544,12,12
1351936018887035026,0,0
1352105642639674623,90,90
1352270154860885172,90,90
1352516479821230164,32,0
1358860953954040909,27,27
1358868236718681756,0,0
1358970352440983542,0,0
1359380594439776345,28,28
1352575777428498061,47,47
1352586725505349408,27,27
1352595673565168695,52,52
1353010796851174112,0,0
1353011991982303521,84,84
1353045546764573027,0,0
1353112820561322179,24,24
1353621477624410931,89,89
1353635043469682853,73,73
1361949390903717514,23,23
1359453363299750578,2,2
1359463438376807007,86,86
1359468969360356098,90,90
1359573531079785641,0,0
1359574531044475441,5,5
1359702695327440866,74,74
1359754329005822690,0,0
1360176432500757236,0,0
1360235579219453843,76,76
1362337688179925950,0,0
1362352331028746090,1,1
1363291600870532702,19,19
1363607256237218807,76,76
1363842394013079490,15,15
1363845678835069492,14,1
1363867605979600681,5,5
1363933816694155745,0,0
1363951249924731136,0,0
1364300267159465548,16,16
1364308392617365525,90,90
1360290629684082554,3,3
1360319360695014884,32,32
1360331904018938196,0,0
1360331985161439887,0,0
1360351997323478695,0,0
1360837752237598231,60,60
1360899930891140524,16,16
1360911494336023398,26,26
1360971413061937239,6,6
1361005144321464086,16,16
1361027634910646395,3,0
1361384974139754443,0,0
1361507820657379765,0,0
1361525361649443069,2,2
1364398160830776225,24,24
1364400062198635495,0,0
1364477714461684157,90,90
1364504149036333173,18,18
1364528353378823343,0,0
1364579260115677851,5,5
1364612125967512979,0,0
1364623514493774353,33,33
1364636942795169332,16,1
1364636943029370237,15,1
1364637043134719145,20,1
1364637052530507780,33,1
1364637126350215959,20,1
1361604419465241908,33,31
1361620830392381568,0,0
1361671546562262247,23,23
1361685559100329744,10,10
1361690479377077763,13,13
1364677586091366497,30,30
1364693913508832145,0,0
1364711109806104013,13,13
1364727166951214012,29,29
1364758899132261272,3,3
1364973167063797281,0,0
1365162749633372256,51,51
1365172094002666934,49,47
1365238750548547365,1,1
1365244570965156217,1,1
1361862407226900290,34,34
1361887973862900916,0,0
1361905547999995993,5,0
1368887712871369659,2,2
1368894200869268296,31,7
1368905787355018650,58,58
1368920455584279109,0,0
1365247115922412960,1,1
1365247962337214463,1,1
1365248840982084227,1,1
1365257869016994006,90,90
1365261658279089447,2,2
1365286197411150859,0,0
1365330309802344714,21,21
1365344330886604881,46,46
1365463493135710677,0,0
1365681782045610391,0,0
1365687240140522861,0,0
1368923775246115950,12,12
1368977753174601526,10,10
1368986848892872639,17,17
1369021300032994386,0,0
1369042345779854943,0,0
1365812777839378933,64,64
1365865620836752897,36,36
1366077611350307856,3,3
1366127994738318666,0,0
1366167320996859461,0,0
1366228575653775138,22,22
1366232581216853556,18,1
1366233980118334373,19,19
1366237322410703508,44,44
1366259830382103771,1,1
1366263359400557457,24,24
1369048163674427142,28,28
1369060646548986850,82,82
1369090722619887785,14,14
1369568008405797995,2,2
1369568062726145113,4,3
1369595286467474557,59,59
1369595979806011636,61,61
1369642717614249425,0,0
1369655961730991232,28,0
1366276159114868718,16,16
1366302485518054103,0,0
1366717321390111215,15,15
1366723228243064949,16,16
1366734405389052473,0,0
1366767632362362078,15,15
1366771750105846963,15,15
1366773325407097923,17,17
1366805166069187288,0,0
1366845814698104281,7,7
1366877389778382388,3,3
1369742279571424258,6,0
1369769635705184273,73,72
1369785408674164792,1,0
1369814877549642606,0,0
1369837713297421704,62,61
1369859393663894669,15,0
1369866278883844800,90,90
1369886648197583420,41,41
1367057653226544457,0,0
1367108920636455305,15,15
1367432150326817265,79,79
1367462049381054491,18,18
1367689958367205070,54,53
1367857441119979429,0,0
1367914315221458647,90,89
1368156839815655880,0,0
1368178263674983791,49,49
1368187202354161871,0,0
1368228005392361729,0,0
1369973529654581593,3,3
1370123780710455407,0,0
1370284242245913572,62,62
1370386139229229692,30,30
1370393246742120853,34,34
1370441008641451005,44,44
1370466873470664010,49,49
1370691503753357469,0,0
1370730273333274750,0,0
1370871099371616705,90,90
1368237958440706207,82,82
1368252790464589595,42,42
1368353871643330518,75,75
1368818646079848151,0,0
1368851488509805321,0,0
1368874120781251340,31,0
1374481047965990962,0,0
1374613820532506373,0,0
1374675600656825492,1,1
1374676284797329058,75,75
1370878692754728548,86,86
1371000598861060389,90,90
1371041060074320433,17,17
1371075828385762863,0,0
1371096228043481841,0,0
1374708474823666244,44,44
1374736459718231415,0,0
1374746700747913127,1,1
1374768230895323257,22,22
1374791674458116386,22,11
1374795412714788950,68,68
1374941408311043421,0,0
1374963160332393694,15,15
1374973142514304307,0,0
1374976585138618561,24,22
1371096878304750435,0,0
1371175682318312651,0,0
1371189526169716955,0,0
1371355486158884812,0,0
1371364136584676765,2,2
1374984530275033278,0,0
1375022985881927979,21,21
1375227323372047387,75,75
1375227606704486775,46,46
1375229607726910400,0,0
1375242489352013628,90,90
1375326797774208795,85,0
1375362734541224557,43,43
1375400156779100414,0,0
1375400394602606376,56,56
1371367703183215180,0,0
1371405170880782768,35,17
1371415226202480510,70,70
1371423144774527204,0,0
1371656326604063782,14,14
1371656818218435623,87,87
1371663916455668543,77,71
1371759780031174612,34,34
1375446150341884876,56,56
1375464955169291170,56,56
1375464958259115553,56,56
1375469714865321274,0,0
1375485738550452375,0,0
1375512372398474714,16,16
1375527112025404672,77,61
1375582947374609042,48,48
1375642628836146738,33,0
1375678570648414210,31,0
1375717257527199206,0,0
1375749859082876415,0,0
1376092367556203882,21,0
1371761685903322763,0,0
1371763695401788309,0,0
1371765218084153998,0,0
1371766688510448601,0,0
1371774982323452476,15,15
1371783656600000598,76,76
1371908866418850764,0,0
1371989801009270017,63,63
1372031282786262256,0,0
1376110634846093635,34,28
1376111215350573223,74,74
1376174476409149008,3,3
1376318062530624030,47,47
1376423427747099487,0,0
1376423530201006279,38,38
1376805646033289322,17,17
1376820800769868423,15,15
1376822240139778379,15,15
1376850774808132934,0,0
1372525930485302467,6,6
1372683732699692972,0,0
1373145571940301799,46,31
1373163570586965164,45,45
1373213066810647184,58,0
1373361506605159672,0,0
1373379455162054646,14,14
1376917259004110015,75,75
1376980086610636030,58,58
1376993979734596466,33,33
1376994538601116515,47,47
1377011837783467650,47,47
1377055711330157216,31,31
1377484978247030229,0,0
1377707879914321682,34,34
1377720533037739950,0,0
1377793371157919970,85,85
1373446254679495224,0,0
1373509154468025422,0,0
1373554202370777519,0,0
1373586461225233164,46,45
1373885383064613750,17,17
1373949100091793636,1,1
1374031415107500498,16,16
1374104514889436099,12,0
1374209075339266256,5,5
1374283707399641186,0,0
1374301623184810747,75,75
1374334597370469108,42,42
1374345040938811086,76,76
1374479871874238121,72,72
1374480394835058879,90,90
1374480766027457295,81,81
1379443714373215070,23,23
1379649607286298309,49,49
1379704735524368111,0,0
1377815350077890020,0,0
1377915343833615386,5,5
1377989954454959708,0,0
1378431226553514614,88,87
1378472864099631569,0,0
1378493827603279198,17,17
1378507643589697419,9,0
1378576466841182145,12,12
1378675751263256760,26,6
1378783232101481908,0,0
1378783766266007876,0,0
1379734984027853124,18,18
1379739540131062101,0,0
1379779496772655706,0,0
1379800426031701673,38,36
1379829566329135189,42,42
1379903553066338950,1,1
1378784237601748771,75,75
1378813332833227468,90,90
1378918894777874321,56,56
1378920538642365271,56,56
1378928897052702490,42,42
1378936791559311669,56,56
1378939865342642735,56,56
1378949186738389090,56,56
1378953459013460231,56,56
1378959488428962171,90,90
1379002298430265206,71,71
1379053076918669843,30,21
1379936565506019214,31,31
1380134373284027763,13,13
1380346126199999423,89,89
1380346790453097837,76,76
1380347155180244360,48,48
1380391619884917659,0,0
1380500020198682131,16,16
1380528903332684625,51,0
1379060175065986207,18,13
1379159191159797388,61,61
1379221002850243108,0,0
1379385196647368597,0,0
1385558186787032150,2,2
1385590840397601333,0,0
1385615504192377510,60,60
1385662629263667327,76,76
1385697279280910368,90,90
1385823767997913545,15,15
1385830313554361105,0,0
1385932425735867189,56,56
1380607219171174532,0,0
1380653801422991291,42,42
1380735200968894531,13,13
1386025309506564066,0,0
1386204626332168161,86,86
1386214857891421392,60,60
1386229455581339207,10,10
1386250234666523517,56,56
1386250239885164075,56,56
1386250240664526413,56,56
1386264308699480110,56,56
1386264326524570030,90,90
1386264479344931911,56,56
1386267481697650046,10,9
1386311821293444010,38,38
1380995388436970286,0,0
1380995738174634110,67,67
1381198021001134111,0,0
1381242302714578236,6,6
1381277618530812112,1,1
1386352553261710529,0,0
1386394541026436780,0,0
1386403585884411860,89,89
1386611894099973399,59,37
1386614537821171297,0,0
1386655014004819753,37,0
1386767555234534394,71,71
1386900280991527884,31,31
1386917830029301970,11,11
1381344344644979753,11,0
1381355123515773949,31,0
1381365665412338687,11,0
1381381755949362023,0,0
1381395726843740891,0,0
1381480841834366295,9,9
1381535044368210037,0,0
1381864366813649001,31,31
1387026405578198268,6,6
1387082244578584132,36,36
1387267428698423971,27,27
1387539411036304965,16,0
1387782293168469775,14,14
1387850620111521177,12,12
1387888210437869694,28,28
1387936339316777318,13,13
1388011608342177183,28,28
1388546965256552586,0,0
1388603312620111466,29,29
1381874709122175026,0,0
1381879517669567730,0,0
1381931528540894785,3,3
1381947591909041167,21,0
1381978832638553183,13,13
1382036343568021841,6,6
1382043071975532169,17,17
1382095868829399648,0,0
1388975401767294314,61,61
1389058785509264930,0,0
1389172110324895351,15,15
1389363234697307636,0,0
1389506579613728900,6,6
1389889452853572869,34,34
1389897639100068918,33,33
1389910716908432327,33,33
1389915525702839305,60,60
1382108832564066230,90,90
1382157077105632258,0,0
1382225684686943820,14,14
1382587549030560836,0,0
1390020778009268609,37,37
1390021223458084367,33,31
1390024971763183469,46,45
1390025788460378550,36,36
1390027299904871283,34,34
1390028031299059274,44,44
1390028203564224923,34,30
1390029551544738361,37,36
1390030378967977843,34,34
1382743022513095415,35,35
1382776509321183715,4,4
1383008491621356707,32,32
1383086307784090712,16,16
1383387483404410870,10,10
1383409431728201596,40,0
1383424718781146835,46,46
1383500754075812832,0,0
1390031049651106785,31,28
1390032969997338788,35,35
1390033029332861737,24,24
1390033630090694567,36,36
1390142398814111039,0,0
1390510799685853823,4,0
1390530664831519618,46,0
1390661654095930441,0,0
1390698618455874778,2,2
1390712931865006242,48,48
1383518034646076892,1,1
1383609281427907143,6,6
1383648026356907942,6,6
1383680335751197668,20,20
1383864204552826919,46,46
1383864516183036650,66,66
1384026572935250915,0,0
1384064717721387795,19,19
1384120843589486169,23,23
1384153171785504020,19,19
1390713300487260587,52,52
1390713683175273077,34,34
1390948483301264232,6,0
1391255423931779507,0,0
1391281318239639761,10,10
1391288286031076909,0,0
1391357685128743617,58,57
1391399583836820034,0,0
1391421685864382595,33,33
1391564301139999394,47,47
1391671489475913167,45,0
1384207415200635749,28,12
1384225703887403930,74,74
1384248659352056848,82,82
1384405970834006442,74,74
1384723191545667319,0,0
1384733959726184048,20,20
1384734227803017103,0,0
1384771028564802344,37,37
1384869017069410771,34,34
1384899193460350763,2,2
1391730726889892591,8,8
1391808961768828055,8,8
1391945630514939684,68,68
1392035960459396387,90,90
1392042979298990657,2,2
1392076345462819538,62,62
1392103481394120670,60,60
1392103810269471386,16,16
1392109196390862322,65,65
1392113348076889939,0,0
1392129733928301316,0,0
1392152393534552770,74,74
1384907803449419078,2,2
1384908805318576070,1,1
1384909886644381502,8,8
1384940420657738595,0,0
1384945909185490353,66,66
1384965112952491193,15,15
1385374197698497419,60,60
1385374613541024547,90,90
1385375035322948508,58,58
1385375381462678801,0,0
1385375729827645420,37,37
1385473646009886106,59,59
1398031416693869352,19,19
1398244115549213658,3,3
1392159292596330482,0,0
1392257694876540165,0,0
1392264748495274961,30,30
1392424232471479995,76,76
1392666709871409150,9,9
1392845043647898576,47,47
1392878558886016784,39,37
1392912634487755545,34,34
1392930669609295969,36,36
1393008319956737999,6,6
1393167413300959617,21,21
1398545045117922540,48,3
1398593852112480680,0,0
1398725200837031199,0,0
1398844826888400588,69,69
1398887756935096598,3,3
1399144925253859707,27,27
1399145197566145963,42,42
1399145481838294504,76,0
1393425886056213561,0,0
1393507830722439218,9,9
1393521548090507109,0,0
1393634990204861623,31,31
1393638323006456012,0,0
1393641160995984453,0,0
1394131889802185117,90,90
1394132258143651348,79,79
1394139494436728729,37,18
1394220268881392821,76,76
1394234603510215650,4,0
1399320007818137140,29,29
1399443018137829677,2,2
1399585901077219028,21,21
1399612044638683748,17,17
1399642157284304925,62,62
1399937646099727624,0,0
1399937929434038252,61,61
1399983854571253039,20,18
1399992352512629681,0,0
1394234603627644190,22,0
1394234701245422022,1,0
1394234701461568839,1,0
1394234790998388843,21,0
1394234792421673852,27,0
1394234880855464626,7,0
1394253032686597749,5,5
1394254786972964139,8,8
1394285227105190293,74,74
1394304165364878157,76,76
1394326597655126142,55,55
1394355497668006926,3,3
1400010147600308406,0,0
1400012793380682513,33,21
1400062838301412219,30,30
1400164027411450785,46,46
1400241893855312181,45,45
1400440808097558846,2,2
1400481251778990633,0,0
1400481538300908997,62,62
1400720139998689453,34,34
1400755241597998363,0,0
1400763726471604483,0,0
1394383556196482220,0,0
1394452576613117862,90,90
1394459322489249881,0,0
1394537255026457553,0,0
1394585085227274479,26,26
1394771455100377414,3,3
1394954836129805804,54,54
1394954840207621526,56,56
1394962093504014175,57,57
1394977539353506309,54,54
1394977545898242754,57,57
1394982481693718492,0,0
1400771531608811494,0,0
1400792556812663024,23,22
1400943192510497731,37,32
1401402307879769647,30,30
1401404614377401532,3,3
1401450836992453244,0,0
1401491588327355621,18,18
1394983599007262193,0,0
1395011351171333377,0,0
1395044055556779808,47,47
1395097644125970656,3,3
1395141520490113100,28,17
1395536168036821924,88,88
1395536531365429658,45,45
1395591432094780986,0,0
1395783863301689052,75,75
1395994167766871995,0,0
1401531334093003878,0,0
1401984329632848182,47,47
1402114351617393809,0,0
1402152279369382835,30,0
1402152279503933995,9,0
1402302802842413691,0,0
1402372595809315458,0,0
1395999273213634871,0,0
1396003014361477920,15,15
1396007831058522886,0,0
1396361747076283369,50,50
1396376677596066967,6,6
1396377041844022823,11,11
1396426673097623926,0,0
1396533455963750152,60,60
1396546346217762712,0,0
1396564733924805597,34,27
1402376409459667263,0,0
1402378487729353498,35,35
1402385889184039779,48,47
1402404334568782410,3,0
1402454491765742255,4,4
1402460436203780985,0,0
1402571190017567577,46,46
1403073945699702413,0,0
1403115358595551887,90,90
1403518962343368348,4,4
1403532520989551918,78,78
1396642041564802377,52,52
1396754828240361420,0,0
1397117070875485367,0,0
1397153262072526738,49,49
1397161143372697032,2,2
1397161849978136360,34,34
1397257045445947247,56,56
1397258918315237366,17,17
1397356639000624272,1,0
1397748622235788901,28,28
1403602719247875050,46,46
1403627737472440780,76,76
1403725219627650992,0,0
1404177177884210788,60,45
1404232538875846507,6,6
1397883292523267479,55,55
1397926412962437535,0,0
1405262670825785935,3,3
1405263872003546309,3,3
1405264029295765997,2,2
1405264326081758314,2,2
1405264466515369749,2,2
1405264776135868625,2,2
1405264928595444737,2,2
1404441807636924465,56,56
1405265070749181524,2,2
1405265242343803194,2,2
1405278518105834738,1,0
1405281923179358064,1,0
1405317620045965983,48,32
1405615068847844706,59,59
1405615345725382315,74,74
1405652813580358603,0,0
1405789936424534669,29,29
1404474074983697358,10,10
1404481277482151096,0,0
1404509946918350206,0,0
1404524118266437529,33,33
1405790365133708554,72,72
1405790799382135670,49,49
1405859861441804816,0,0
1405984346544652908,1,1
1405984462843908510,1,1
1405986152800141529,2,2
1405988597445013157,2,2
1405988748754318086,2,2
1404644214677850922,17,5
1404713769265776125,0,0
1404718544393186796,0,0
1404723314311882245,0,0
1404935814898561635,88,57
1404936354180707399,52,4
1404938560908728633,37,15
1404941838076962664,24,24
1404943634051002267,0,0
1404944689000252282,22,22
1404948249588353094,26,26
1404951014625260423,17,17
1404952705824480866,28,28
1405988929402877476,3,3
1406028785737107413,20,20
1406079361312129786,5,5
1406354850942539014,72,71
1406385137935101339,90,90
1406456984207634500,11,0
1406487943962941790,90,90
1406542038447010881,6,0
1406610300082102076,27,23
1406610379414671869,17,16
1404958685972713930,0,0
1405037755406349260,57,57
1405097724684955572,23,23
1406610534243729388,15,15
1406612232355694858,12,0
1406612293491326809,4,4
1406612522657492879,8,7
1406614110974511587,7,7
1406615900211251667,0,0
1406618214056431887,0,0
1406619438342467010,0,0
1406619557326270969,0,0
1406656633887523986,0,0
1405111456169613423,12,12
1405155283902197443,5,5
1405219060285604775,79,79
1405262362709193706,2,2
1409397478625779056,69,69
1409397865059641938,0,0
1409436664065007055,82,82
1409493205004408123,0,0
1409619822569350840,81,81
1409730844154251382,3,3
1410119594184084003,46,46
1410167047871626752,41,41
1410350093850439911,1,1
1410364930842856289,46,46
1406657765905666238,18,18
1406727512633488474,0,0
1407117331384348468,31,31
1407167075778037624,89,89
1407177541971455960,28,28
1407272144533764645,0,0
1407284631678356486,1,0
1407285024482912961,46,0
1407336432341758567,35,35
1407344736645729737,26,26
1410379783544286698,20,20
1410380492178761699,0,0
1410807469171551922,0,0
1410870383568679934,47,45
1410921234576653418,0,0
1410966626932042671,65,65
1411033153249444038,29,29
1411058190665747681,6,6
1411064964590338361,0,0
1407355610403883432,3,3
1407592692117636824,9,9
1407870334012915728,0,0
1407983274439997188,0,0
1408040838585865557,5,0
1408069541422186353,10,10
1408074970456656813,16,16
1408084029739769497,6,6
1408098407810133584,14,14
1408148278858857464,46,0
1408175312974441791,0,0
1411070519354793048,0,0
1411088697409656983,33,3
1411151968610664657,1,1
1411155037718236584,0,0
1411255085948212441,0,0
1411408170827198557,3,0
1408232195858594987,1,1
1408244672761541888,40,40
1408245929640946231,25,25
1408257751539868547,20,13
1408269924176237336,47,47
1408347942553875262,4,4
1408356433561683015,0,0
1408376543963376938,4,4
1408420307656981734,84,84
1408671160408480932,13,13
1408809471766955072,0,0
1411710022651331685,0,0
1411787366732782274,0,0
1412256731194317574,0,0
1412278653987143077,10,0
1412314546066625310,32,32
1412317061071708091,78,78
1412329953154635491,2,2
1412405909508325835,0,0
1412479725816458382,0,0
1408906439071223586,44,15
1408907919924302007,0,0
1408960767779566132,0,0
1409046896671491603,12,12
1409114154948499896,46,46
1409141630332131061,47,47
1409149728097203011,4,4
1409371231852546103,81,81
1415904760240240190,47,26
1415905358553324477,72,72
1412485194731040394,16,16
1412601012008844945,74,74
1412675630588119627,0,0
1412726161985916200,0,0
1412763936912469932,0,0
1412768585517639641,0,0
1413005836445680061,15,15
1413200931627367563,53,53
1415905673966653216,0,0
1415905948026022244,0,0
1415910275289852791,0,0
1415916235132452837,33,16
1415923607439958412,47,26
1415923612343980107,29,8
1415923615360309112,33,16
1415933043250789397,0,0
1415937583915633838,12,9
1415979120155764343,28,0
1416001779988777115,0,0
1413253788430978399,35,35
1413279094449796444,6,0
1413794859388231683,21,21
1413901507290549159,28,28
1413970989997673803,16,16
1413983462642505812,76,76
1413988103739313753,59,59
1414042709212720304,76,76
1414423594276530392,17,0
1414495536582211013,0,0
1414529830091401826,0,0
1414531422580693924,21,21
1414543786393031565,3,3
1414555404890107318,6,6
1414576493646394521,39,39
1416001993407159908,90,90
1416121621615079941,25,25
1416136788796629482,41,41
1416257356077724053,21,21
1416344416736576270,6,0
1416596235954454666,15,0
1416631365909681154,18,18
1416793735216873673,0,0
1416818438430099965,15,15
1416823516875641518,0,0
1416880481467497335,2,0
1414586348616601743,87,87
1414653702439870992,51,51
1414658652888343958,53,53
1414669385030049123,27,0
1414669816774596890,7,7
1414693507551491558,0,0
1414708189764762328,0,0
1417017185022040886,0,0
1417220611321319407,3,0
1417338553384609170,41,41
1417368175464016485,0,0
1417401696484076640,0,0
1417520607944056376,0,0
1417756981063811647,0,0
1417765395344505609,0,0
1417770753093459230,90,90
1417775410674605566,0,0
1417964869017061042,21,21
1414708748865373858,62,62
1414720290070174790,0,0
1414728327286682158,2,2
1414743486231070797,0,0
1414822619795836935,0,0
1414827947273761768,0,0
1414943888165776871,27,27
1415130317428720096,46,46
1415249355515993446,12,12
1415423645697592865,46,46
1418262020426368596,24,24
1418721904096280588,2,2
1418893618465652471,13,13
1419022889362264708,0,0
1419031693613652984,61,61
1419095260171517015,90,90
1419106542385101014,28,28
1419155745724482091,0,0
1419214023028939489,46,46
1419551553934180284,14,14
1419574559033964462,89,89
1415436524758093481,20,0
1419574996514877536,37,37
1419586655791302357,59,59
1419650368848607106,5,5
1419650800065575808,6,6
1419650836872348255,6,6
1419651121324994272,6,6
1419877609066569818,49,49
1419990170441618361,47,0
1420215754495738771,75,75
1415474922219784746,4,4
1415475527184800970,85,85
1415588629032970938,0,0
1415594423422775209,0,0
1415779244135051689,52,52
1415779809419580048,58,58
1415780237379498912,75,75
1415811422144309130,0,0
1415895074079900073,27,27
1421319936176755794,17,17
1420233891072102405,71,0
1420234305136459826,90,90
1420234999816571227,64,64
1420235641962701531,90,90
1420300037090927029,0,0
1420318753924235279,63,63
1420350323531877238,10,8
1420377488054055012,60,29
1420425551819900067,61,61
1420433559851017545,0,0
1420457822942669126,0,0
1421425909867458285,14,0
1421612371280313789,54,54
1421704962798987090,40,16
1421788212039102691,60,60
1421986405426070528,0,0
1422247151746154245,0,0
1422262236196104349,62,62
1422403311266378333,2,2
1420508322867807093,0,0
1420509987236287985,0,0
1420540000332585666,0,0
1420554005508755835,0,0
1420696679210864003,2,2
1420933494447653081,88,88
1420951213772466842,24,24
1421023942076787397,37,37
1421025686956049371,21,0
1421038288584738900,16,16
1421041755268961448,59,59
1422434902878796282,50,50
1422440004935226987,51,0
1422480041804355241,15,15
1422485295788852595,32,0
1422491438681865470,0,0
1422499860112245950,0,0
1422505443654058640,0,0
1422513520678440759,0,0
1422562186708740803,0,0
1422636772563273220,71,69
1422717719761882800,2,2
1422807425840937513,48,48
1422840204549357342,0,0
1421061104645531307,40,40
1421129714433480588,16,16
1421158230128985385,16,16
1421202603811225026,3,3
1421238686103819773,3,3
1421265735946785410,19,19
1421272619278456560,0,0
1428296699177996019,47,0
1428319198816668262,36,0
1428553548345210975,30,30
1428563936017811568,0,0
1423353811721659061,36,36
1423376348165102006,0,0
1423948737346750544,0,0
1423955331503469071,7,7
1424062028463397802,0,0
1424078359462675981,0,0
1424229101514294633,0,0
1424254064992043081,2,2
1424259380600077446,3,3
1424264835456263564,3,3
1428935061496120605,3,3
1428971047389327310,15,15
1429045756827119601,54,54
1429136537853140867,2,0
1429150932363030784,47,0
1429245505513532304,6,6
1429444642169000049,51,51
1429455310388772010,0,0
1429480999073478797,26,26
1429555316706703943,17,17
1424485625198090530,0,0
1424525761116182720,31,0
1424631952833700982,22,22
1424690366948941552,0,0
1424739176892969571,16,16
1424813134870968037,0,0
1429794057463858871,44,0
1430407400138248992,27,25
1430414049285271369,17,17
1430429710727477685,0,0
1430548108982598861,76,75
1430649802499748708,59,59
1430651455009104595,9,9
1430651631489862110,0,0
1430810758028525018,24,24
1431064727614894765,0,0
1424874669466105912,12,12
1424901698456564724,21,21
1424911720073207014,0,0
1424913183044344039,0,0
1431107300502079181,0,0
1431163615429546746,7,0
1431223852948407524,27,22
1431245835188814538,33,33
1431256849340245955,0,0
1431263909763313181,12,12
1431321532725027261,0,0
1431381033481170872,0,0
1431390178510886787,15,15
1431407794447217629,22,22
1425120628977954533,88,88
1425126358890866621,67,67
1425244271735843975,17,0
1425284571008149323,75,75
1425327383294053517,0,0
1425374318552689168,50,50
1431409034032225474,6,6
1431409789277682529,1,1
1431410042440993685,0,0
1431410167015934991,0,0
1431439443073662226,0,0
1431669224919785623,45,45
1431881409407245702,76,76
1431953925573665081,63,63
1432042744827987785,0,0
1432046342387613539,0,0
1425422257530079509,0,0
1425557853203940583,16,16
1425699990263106370,0,0
1425706431109504346,0,0
1425740401166786221,49,49
1425758680629487814,14,14
1425805836675233190,0,0
1426037107696047804,46,46
1426074861168181876,66,66
1426204135843683796,16,16
1426261225401002238,46,46
1426724139084179435,87,87
1432060627418167478,47,0
1432095733458937667,9,9
1432138273611665220,3,3
1432270354011613672,0,0
1432656382358388589,76,76
1432706895727131275,90,90
1432840986558202493,0,0
1432844643387731608,3,3
1432845203156908598,0,0
1432857326527544970,0,0
1432861493605780173,0,0
1432869347938212222,0,0
1426785971842889237,63,0
1426794425091635475,40,40
1426804179655706455,0,0
1426931115135644892,11,11
1426982518475248912,59,59
1427034735283242720,46,46
1427057125890638188,33,33
1427090173212721470,2,2
1427129521685720936,15,15
1427134184726804062,63,63
1432873030445768894,15,15
1432873795936250809,65,0
1433340516262371729,0,0
1433381529653166754,5,5
1433605916811085516,16,0
1433616171462961216,23,23
1434025796037819596,61,52
1434046577211118948,16,16
1434058157431098290,46,46
1434164275078267528,3,3
1434243803742674754,19,19
1434454881983005436,29,29
1427137061497449444,0,0
1427140399104622977,0,0
1427194711802665560,3,2
1427250395645819110,30,30
1427256800807230936,0,0
1427264988936896333,16,16
1427269998019841548,15,15
1427328942094304339,47,47
1427343346361507360,0,0
1427580409970449613,36,0
1427614660860167615,90,89
1427975774187560848,53,53
1428165801502658446,0,0
1428175656282007168,0,0
1428281184578719792,1,1
1436810619316989905,0,0
1436871209405010723,72,67
1436902658002801448,0,0
1437013848712699591,0,0
1434754289628895027,30,30
1434768388830037734,19,19
1434772215499391316,67,66
1434869845260920596,2,2
1434966292707075869,0,0
1435247385203779116,14,13
1435598547683604464,21,21
1435661450353533827,4,4
1435681603093437937,4,4
1435997620643461305,0,0
1436161321141092377,65,65
1437050379697065080,44,44
1437068541007638306,53,0
1437120503930375226,47,47
1437126108125854884,82,82
1437128339037327105,76,74
1437206925742621136,14,14
1436225401093395258,18,18
1436288449664200287,64,64
1436292347053608902,58,58
1436458655312654893,7,7
1436560721702881026,79,79
1436565349978905169,0,0
1445096330163449724,0,0
1445107911709381570,0,0
1445119955251889050,0,0
1437250523981799636,18,16
1437489193231265423,84,84
1437558502175065750,60,60
1437717590842865352,75,75
1438209130000876047,0,0
1438362729012267483,17,16
1445169185870831358,45,45
1445246561735100625,90,90
1445577431042940780,59,59
1445603505529681162,9,9
1445610341270434275,30,0
1445612393342741087,3,3
1445612408017952547,3,3
1445612470358206846,29,21
1445612474570459567,29,21
1445638989300001135,46,46
1445645330726269806,31,9
1438405052694410158,55,55
1438487856179594703,20,20
1445649617929460280,18,18
1445657735989441446,9,9
1445657738356846166,9,9
1445657756574873724,7,7
1445657776864655659,15,15
1445657778202805163,16,16
1445657883269221895,8,8
1445661625541515478,18,10
1445696399294548212,4,3
1445696404107613174,4,3
1445696405031341358,5,5
1445696410573867233,8,8
1445696411392807849,6,5
1445696411752658886,5,5
1445696415216918411,8,8
1445696426174864260,6,5
1445696430547920817,10,9
1445696434553126741,10,9
1445696449072619996,7,1
1445696452279972520,7,1
1445696452324669276,9,9
1445696473007645335,9,9
1445696483060035158,9,9
1445696744543625051,9,9
1438522075887790357,65,65
1438544871997763718,79,79
1438727517868389529,25,24
1438751951893747692,11,11
1439058228202377016,90,88
1439247877724095941,0,0
1445740822406503935,14,14
1445743064849389716,0,0
1445745174936428035,34,34
1445754863489244460,65,65
1445759297956899711,49,49
1445763656580631954,51,51
1445784602037551465,14,14
1445820297155648726,0,0
1445866387454442796,5,5
1445985283711846562,36,36
1446300263382659429,21,21
1439452141371350715,8,8
1439456776087046917,59,59
1439514129643342776,4,1
1440002138987291708,0,0
1440088337072041819,48,0
1440119652072649004,5,1
1440222887722062172,0,0
1446336096840075708,42,42
1446357637788722077,47,47
1446375985486599608,65,65
1446425676832802565,52,52
1446495472541409010,0,0
1446500799922513977,31,22
1446551165037535755,0,0
1446579678076398464,0,0
1446715050116238110,0,0
1447015985365726752,0,0
1447078348629341837,14,14
1447078353895776973,29,27
1440467235057811943,1,1
1440470238104217566,2,2
1440521680781915136,32,32
1447078355884471868,36,34
1447078356354544226,15,14
1447078356690177195,17,17
1447078378673763634,33,33
1447078478544563993,11,11
1447078593478755926,18,17
1447081103948386983,3,3
1447081105468671269,3,3
1447081733479401218,46,46
1447098281203632939,0,0
1447101185790224115,69,67
1440615357073699858,54,51
1440626318113722701,2,2
1440628003355346767,17,16
1440712701095216198,87,87
1440758853271206077,33,33
1440877043471445816,31,31
1440909372083557549,3,3
1440961528416261728,37,0
1441248396744148515,27,27
1441271495991094885,5,5
1441334475324848109,67,67
1441517953810398186,75,75
1441816047328435734,0,0
1442050461122064245,15,0
1447107855334931253,62,62
1447110997294333061,39,39
1447132958876305057,90,90
1447141612746247085,0,0
1447182968408810905,31,31
1447188771728758296,0,0
1447202394293809620,51,0
1447278008487207663,15,15
1447362811980340416,87,87
1447458406547219826,5,5
1447798050123921620,0,0
1447813828739018482,22,22
1442195528784426308,36,36
1442199871061591011,40,40
1442231821208107146,14,14
1442236527051451237,0,0
1442237655047880641,0,0
1442238191907446878,5,0
1442244932392719267,9,0
1442245078847803261,0,0
1442312528301830810,6,6
1442361499431939040,90,90
1442363750374620775,44,44
1442426923161929673,0,0
1442428955417081560,20,20
1442489878101548221,16,16
1442563512213514020,0,0
1442787434535976701,76,0
1442792041278332779,0,0
1442811990926226522,59,59
1447821450162703710,10,0
1447907304876109074,0,0
1447913409568418846,7,7
1447950645762636274,1,1
1447997024134727166,1,1
1448019938081482522,2,2
1448145402867725892,0,0
1448474059105364274,90,90
1448503000945996065,0,0
1448803828967260090,0,0
1448827922799521886,0,0
1442865633331970420,1,1
1442915323206687126,0,0
1442928783390163380,72,72
1443013424940483793,0,0
1443535980440746763,17,17
1443610229513434014,32,0
1443610444839997665,90,90
1443650033948551393,28,1
1443651635015825150,3,3
1443702761828456737,39,39
1443726687163433447,55,55
1444361816139266163,30,30
1444367137899199563,0,0
1444424752854213072,90,90
1449190521158423360,0,0
1449225396000301153,4,4
1449257944447172680,0,0
1449346311248738053,47,47
1449346742798245320,0,0
1449385752204915086,81,81
1449509241789218359,7,7
1449549472019299338,6,6
1449611807097479998,32,32
1449634303572344943,14,14
1449637728349339157,90,90
1444441550733458073,21,21
1444497972042807274,64,64
1444916331249989136,0,0
1444985182209112718,6,0
1445074653639473752,0,0
1451043261281119156,0,0
1451366515522429758,43,43
1451393223247713643,46,46
1449864438073897249,10,5
1449975496192495469,49,49
1449998682555345045,7,7
1450006604219944441,53,53
1450012931561653723,3,3
1450019360907025753,15,0
1450044654911841582,0,0
1450060075895926877,0,0
1450076451342608041,3,3
1450080414626099128,10,10
1450082763200215704,0,0
1451393381226394142,4,0
1451404276020688348,0,0
1451454351624631206,3,3
1451567821129914762,0,0
1451611826946710562,22,22
1450244628556340783,75,75
1450252955278365163,0,0
1450253205493580372,0,0
1450274494567079887,20,0
1450292649916982889,0,0
1450293539938847606,0,0
1450293823296599855,0,0
1450386196675930348,0,0
1450395238926058568,0,0
1451621495499665639,1,1
1451628265724932893,0,0
1451709999535090574,0,0
1450413562703787872,0,0
1450422644083174498,0,0
1450425869212313315,0,0
1450478390068587297,0,0
1450528540493718647,68,68
1450529109341486602,0,0
1450529506326311471,60,60
1450529956161739568,83,83
1450530329888238378,57,57
1451823324055476098,10,10
1452061094118794928,90,90
1452091297708469956,67,67
1452225185789323589,11,10
1452246451340328915,0,0
1450530756602769265,41,41
1450531092496953718,86,86
1450531415928096245,72,72
1450532101218602117,0,0
1450536079428434302,0,0
1450536554869230162,79,79
1450594287205813628,1,1
1450649287919225766,35,35
1450712284086557952,0,0
1450753208388615461,0,0
1452257667998318330,0,0
1452262537641570483,0,0
1452268203534205333,57,57
1452288237154452181,15,15
1452329397400400751,12,12
1450793588521092472,0,0
1450815755934215052,35,35
1450849639842604845,5,0
1450861899050801088,42,0
1450862009572573155,7,0
1450862015713763959,35,0
1450862121400501324,46,35
1450862264571889884,37,28
1450862286757895195,46,35
1450862389017111948,30,0
1450862535956936247,27,0
1450862564789069925,31,0
1450862669308335601,5,0
1450862677011796837,25,0
1450862789827041443,38,0
1450862807491682476,35,0
1450862905400595640,35,0
1452502762499808132,0,0
1452747599644192583,30,30
1452755680072402235,78,78
1452758631796791170,76,76
1452776261114472838,0,0
1452877747153310527,4,0
1452898103985635476,87,6
1452909969350952812,0,0
1453066826493838112,21,20
1453066978477917309,13,12
1453067132019105940,13,12
1453207381032875434,17,15
1450894706072020592,16,16
1450919791704510238,3,3
1450928629089036998,90,79
1450995196068591769,12,8
1450995364921845783,7,7
1450995550281527896,19,19
1457413810728813844,2,2
1457509165299304746,0,0
1457528851445873895,0,0
1457606862657950632,0,0
1457933601934044936,22,3
1453238939941520779,51,51
1453247285066432906,0,0
1458192583013440104,1,1
1458192746801011305,12,6
1458193187298642650,27,10
1458194087175317540,31,0
1458194196318037862,12,0
1458195098493201471,25,9
1458195186708208039,34,9
1458844224387502398,0,0
1458992797293069985,2,2
1459064886027647576,47,47
1459437163224056620,81,81
1453665655942303853,46,46
1453736138798207455,51,50
1459691291641299280,2,2
1459731219467657440,41,0
1459736420521516117,9,0
1459736426850340280,41,0
1459820882227442596,37,35
1459962390514163426,0,0
1460130820906385487,0,0
1460134894710934004,82,82
1460214754300816228,63,63
1460253186498336837,88,88
1453872964849948043,15,15
1453924232294688678,44,44
1453998364014298462,0,0
1454443724080436375,66,65
1454573117719837269,0,0
1454624131452875365,40,40
1454641416961417494,21,21
1454733698257270575,89,89
1460289718116866561,0,0
1460306815136672807,90,90
1460312446850204821,14,14
1460329264032555042,81,81
1460427330425712662,0,0
1460435203283288456,72,72
1460528448879307839,0,0
1460821404104368628,0,0
1460834694914109272,49,49
1460843882329555325,27,27
1460846593738814714,90,90
1454907136075792818,0,0
1455076426091993048,44,44
1455268957087918685,66,66
1455270489326786765,21,21
1455297121466163887,60,60
1455409194505226463,0,0
1455647225862958807,89,89
1455831189297432870,0,0
1455873675431794148,2,2
1455895017528332499,0,0
1460870826538604739,0,0
1460880304014029084,50,0
1460927949164847926,45,45
1460945080968240215,75,0
1460976147120565231,15,15
1461008416355617734,1,1
1461067077990181057,59,59
1461111216776927347,13,13
1461117321359172533,0,0
1461151405939659800,48,48
1461272851282170915,0,0
1455915578248948134,7,7
1455919443377963410,10,10
1455919687642309037,0,0
1456067485372769297,0,0
1456090325531075927,1,0
1456123613007629015,8,8
1461498891813538242,2,2
1461582019124282870,18,0
1461625844439298349,90,32
1461631970691867009,0,0
1461669502115264895,0,0
1461682529836124788,74,74
1461705029500906699,40,24
1461713206128531217,0,0
1461764858593025473,33,32
1461774007041848514,0,0
1461792492536480785,0,0
1456167679532750343,90,90
1456182444281746392,90,90
1456494393759965272,12,12
1461949276584237270,1,1
1461985188927268092,42,36
1462177779117822774,47,47
1462178374090647135,0,0
1462178693831546448,43,43
1462179358294243542,82,82
1462179731190091383,88,88
1462180350836402667,47,47
1462305529151125926,1,1
1462307937058793818,2,2
1456494508404356616,20,20
1456494714364258641,0,0
1456525947654218170,18,18
1456592704448454124,36,36
1456596268460170611,49,49
1456612906732267242,2,2
1456689768926537362,16,16
1462430329989692029,0,0
1462479020161247707,0,0
1462490878355470072,35,35
1462503564564863126,0,0
1462522271726223739,0,0
1462943416584238661,25,25
1463041277691146419,62,62
1463077897889234973,78,78
1463078492882185808,60,60
1463357800788767231,0,0
1456707483080931931,4,4
1456746280750115143,57,57
1456751349113098345,0,0
1456804978072959528,0,0
1456835210172739888,0,0
1456870490721517208,6,0
1457268151967138303,0,0
1457287453040197952,0,0
1457288377241666703,0,0
1457309538735949953,0,0
1457358906179710386,0,0
1457374022279864696,62,62
1457374101922150816,22,22
1457406139947835759,75,75
1464743119576179252,39,39
1464829840570483648,0,0
1464858066098516175,12,12
1464880231410828550,0,0
1464936280528850009,59,44
1463819381328319078,0,0
1464003269528884440,43,43
1464067728209801953,28,28
1464105449413686952,0,0
1464161204368731593,2,2
1464574683357613328,0,0
1471083616524480062,0,0
1471098845826422239,26,26
1471099289382321503,77,77
1471188252898995512,81,81
1471208944163397305,89,89
1465106777680442137,78,78
1465129716645905850,15,15
1465137262375764958,87,87
1465171285990073793,29,29
1465182571430159659,65,65
1465197675773804698,0,0
1465238708572161008,0,0
1465255048717956652,15,15
1465352113317336427,15,15
1465384565430227951,20,13
1465399862221901558,2,2
1471271747478067789,4,4
1471347197383014173,0,0
1471352274108522711,13,13
1471377536738388329,23,16
1471477705764577829,38,38
1471483725986495874,50,50
1471562145767998782,0,0
1471607612503922525,3,3
1471616778091683368,75,75
1471698275708228872,33,30
1471705559706220663,39,39
1471755036830708469,20,20
1471758750363343838,64,64
1471758751730677678,56,56
1471758755057586289,56,56
1471758756893887831,64,64
1471758757240543381,64,64
1471758757695388688,67,67
1471758757955224482,41,0
1471758759443142664,67,67
1471758760821332079,41,0
1471758766486744659,55,55
1471758767593535407,60,60
1465401877279284626,30,30
1465530149135820656,0,0
1465559559056489600,3,3
1465668126800639153,0,0
1465885102535291433,90,90
1465916863422114099,50,50
1471758945331673388,73,72
1471758946627556781,60,60
1471758946743340697,55,55
1471761687767165042,59,59
1471874314079198745,35,35
1471902405095818372,3,0
1471966732115431380,31,31
1471985963180795323,11,0
1472000639882547156,6,6
1472043864917536046,19,19
1472054037097462222,0,0
1472054274261494059,50,0
1465952628316245829,58,58
1465987106195846694,46,46
1466021902135995349,16,16
1466033561228042196,33,33
1466034929936873876,8,8
1466035587969264338,49,49
1466039043253442666,31,31
1466041124238767699,35,35
1466043233188993365,55,55
1466076086148228005,75,74
1472084225323504722,46,45
1472114216275132181,39,39
1472182718549889245,26,26
1472424639505048877,4,4
1472446762214437404,90,90
1472467428223472830,52,52
1472509474939407963,1,0
1472514160943557990,85,85
1472519500599165039,0,0
1472522594283037342,17,17
1466093451528329359,48,48
1466098850423429094,23,23
1466099923279398175,0,0
1466119783791584023,1,1
1466120116565304862,3,3
1466143736858204138,75,75
1466160741269511147,11,11
1472527021789473585,0,0
1472527441577256831,0,0
1472602144208385837,0,0
1472642617669836324,47,47
1472913881659881243,0,0
1473034303354272431,6,6
1473233942773409871,40,40
1473235942654279112,16,16
1473259288099793786,90,90
1473261197074662299,1,1
1466295649542988526,0,0
1466605661276792321,30,0
1466753504041060782,77,77
1466834723985233504,0,0
1467001019306608799,3,3
1467313578753594529,57,57
1467341832719426605,46,46
1467346257811861471,72,72
1467382321760838215,48,48
1467539689846544825,0,0
1467604402580900858,8,8
1473271667847814576,42,22
1473340391954836900,3,3
1473350473349847172,0,0
1473383288266702258,0,0
1473434835123275467,9,0
1473509683950635551,3,3
1473804129592991592,58,58
1473947586206761359,21,21
1474006771522377765,56,39
1474123174393455182,16,16
1474157231230171380,20,20
1467667757466795464,0,0
1467777081650749186,9,9
1468061215570422828,72,72
1468191882631270565,0,0
1468263747530243553,76,76
1468323963520281770,57,57
1468364878144401848,0,0
1468805256133643700,0,0
1474275263527075479,0,0
1474371251628820197,20,0
1474594062638845188,90,90
1475012866231739994,0,0
1475186610266336306,59,59
1475312997581653447,0,0
1475374757183299451,81,81
1475377671531893409,90,90
1475427771212003264,0,0
1475428810294784105,0,0
1475433518042188590,0,0
1468894756222797866,64,64
1468900517595552749,21,21
1469058067189140948,10,10
1469066720647085051,66,66
1469092428018770964,62,62
1469552968924471137,60,60
1469613754819133906,0,0
1469675789745143127,50,50
1469907595708646318,0,0
1475476874695635701,0,0
1475491748724484878,12,12
1475519287456610834,0,0
1475520305585202942,76,76
1475525938127622259,44,44
1475546938618753182,1,1
1475553119227213284,89,89
1475561479697444007,28,28
1475565885681773382,16,16
1475590557248377835,15,15
1475597040078439802,42,42
1470263541990375759,60,60
1470270602272744796,27,25
1470289973448604527,0,0
1470296776098945186,1,1
1470366791388920655,58,58
1470368404246827457,44,44
1470431703348097108,0,0
1470452250082272992,75,75
1475605146759577178,15,15
1476014348509742182,0,0
1476014428596267034,0,0
1476044426881851562,29,29
1476054250112585149,57,57
1476054683712975213,15,0
1476055027897066008,76,76
1476099820352034465,0,0
1476133562512174736,13,13
1476151998649025816,31,31
1470456649214140485,0,0
1470651316887492163,18,0
1470656449270268726,3,3
1470724024508189662,33,33
1470951975377645250,3,3
1470970363595307965,5,5
1470971039069664429,8,7
1471024937175352887,75,75
1476155326573619622,48,48
1476160898751556999,36,20
1476172666658924677,15,15
1476205445091093177,16,0
1476254628647319917,0,0
1476291192570265312,0,0
1476316052047297611,0,0
1476425366364916388,61,0
1476461947010965722,6,0
1476466388994555188,0,0
1476496307039545240,76,76
1471029817335529794,17,17
1471040086437565911,21,21
1481282857475684563,15,15
1481375661257391186,0,0
1476680880007335770,79,79
1476722259545380531,45,45
1476729835638691929,16,16
1476733614513748057,0,0
1476742325049764396,5,5
1476817181656019657,10,10
1476882258782042032,0,0
1476896611722339147,61,61
1476941971441847969,0,0
1476946731802126261,26,26
1476958106781265635,0,0
1481511759136162584,0,0
1481817856016590137,12,11
1481829822336255699,90,90
1481830093625506112,37,37
1481901750674382129,57,57
1481902285273637020,9,9
1481906756858160332,33,33
1476970614270310151,4,4
1476975390475568516,50,50
1477036294584099594,0,0
1477050028021873103,65,65
1477160915409283050,6,6
1477479823867275762,15,15
1477509628788078917,15,15
1477523539110195606,15,15
1477537151965574310,15,0
1477549443189122162,76,76
1477577159825120952,0,0
1481939761357392770,62,62
1481942717596931242,0,0
1482166726925838258,76,76
1482234006695857711,38,38
1482261934766104249,9,9
1482272972769432639,0,0
1482554551305444318,0,0
1482642977684512274,18,18
1482658169940373265,48,48
1482740654694785372,0,0
1482766975352249397,20,20
1482977174663447617,0,0
1482990546602048561,76,76
1483218921769348422,89,89
1483272449746950261,0,0
1477579321816059355,17,17
1477582652534168958,0,0
1477602041511942498,15,15
1477638736750797835,75,75
1477745941712844713,76,76
1477781644622609461,75,75
1477859419309658237,2,0
1478311565538514824,15,15
1478378588037067520,9,9
1478402008321231675,16,16
1483353287367525193,46,46
1483362971105667753,51,51
1483376230804940936,76,76
1483483272414177206,15,15
1483508921133814872,9,9
1483555095769326423,35,35
1478428115658381281,9,9
1478428633803894865,6,6
1478482699027116182,0,0
1478578681244063696,62,62
1479070477757936901,0,0
1479144656430771713,1,1
1479352286704008586,2,2
1479552594208651789,44,0
1479788480360032576,0,0
1479839749272938614,0,0
1483599885962814325,0,0
1483656227560478741,0,0
1484000041667570193,3,3
1484051472844308531,31,31
1484139243061749069,9,9
1484773521855911702,70,70
1484974061809807086,47,47
1485147794279598083,0,0
1485180077669937647,75,75
1485394550398847251,0,0
1485527073851361718,0,0
1479850383777213449,71,71
1479878325897550176,0,0
1479992572749865355,26,26
1480480048164486842,56,56
1480544808861558185,59,59
1480560719685121021,56,0
1480572386769633248,49,49
1480585862441816405,0,0
1480586909742260916,0,0
1480612826420062802,0,0
1480644761280022037,69,69
1485619082770718395,36,0
1485619082774018172,12,0
1485619228894770600,10,0
1485619252372164041,7,0
1485699844448081807,5,0
1480716125280630446,3,3
1480776449161666718,34,34
1480844956464901314,21,21
1481112537085351381,90,90
1481243767651354227,0,0
1489143147570800910,63,63
1489439655923811327,63,63
1489474985102021433,46,46
1489496300577273561,0,0
1489509932480680941,87,87
1489525490622230147,90,90
1485814182871899506,28,28
1486133121474129829,32,32
1486201074088293299,69,69
1486216874625940502,2,2
1486278811014790832,45,45
1486369528416649740,0,0
1486904675186519943,46,46
1486919692120639080,1,1
1486933404724199982,76,76
1487060178691837544,52,52
1489538678739195568,0,0
1489688335407358102,75,75
1489823015910813817,16,16
1489833421390323467,17,17
1489850067154882857,29,29
1489880712230523808,9,9
1490039733275518596,76,76
1490049932638534819,59,59
1490096276021388369,0,0
1490113545272731206,32,32
1490120313717376547,26,26
1490163880710487715,0,0
1487071010445520883,12,12
1487080174323995277,0,0
1487144206146548354,0,0
1487183430841780760,13,13
1487186560158495320,45,45
1487188203184316793,3,3
1487194674134658913,13,13
1487285278979806905,62,62
1487294261181652272,28,28
1487339469364148850,15,15
1490421381077275032,46,46
1490428923912474963,76,76
1490439858520324295,0,0
1490455717837721919,2,0
1490462491314942719,47,47
1490530132576201009,0,0
1490567096429645346,58,58
1490583954404918330,4,4
1490591778799914515,17,17
1490600439933503014,12,12
1490659830186800186,50,50
1490719249852715686,0,0
1490739034620788089,41,41
1487537373275542202,0,0
1487544913023927558,0,0
1487732490321825636,48,48
1487830600213111267,0,0
1488021966541583187,0,0
1488363819177920116,76,76
1488416280925739704,30,21
1488416281637706670,2,1
1490754687993494777,44,44
1490786728159885960,0,0
1490826665021043645,18,18
1490828505151108109,0,0
1490920067578743480,27,27
1491004177456457005,0,0
1491075962221939769,67,67
1491078436851853011,19,19
1491161265819167140,0,0
1491248678573157155,75,75
1491267285132323247,90,90
1488416387712523329,17,8
1488416388004310116,9,5
1488416489756723302,36,17
1488416490936374982,21,7
1488416598366547024,82,49
1488416598626005413,77,44
1488416707979084497,75,42
1488482064058136237,82,82
1488513572352207986,49,49
1488575827340649861,53,53
1491955077861306177,55,55
1492051020588870430,42,25
1492123940048876357,76,76
1492242575648883360,20,0
1492268310985403458,2,2
1492300540709444421,3,3
1492470096242407702,15,15
1491275407992820916,0,0
1491292998536920386,1,1
1491293613798487374,41,41
1491324701388439718,1,0
1491324701840057798,8,0
1491324807753563528,7,5
1491324902048715507,7,6
1491324902947147091,4,4
1491325006637431252,28,24
1491325008610683401,22,16
1491325118696989239,3,3
1491334917014906464,15,15
1491470087760734750,23,23
1491504393671542540,3,3
1492475906968089925,15,15
1492488319517051720,15,15
1492493242976868858,0,0
1492775520094147771,0,0
1492779979876424585,15,15
1492884251435080208,15,15
1492895417542709385,15,15
1492907169183532305,15,15
1492923833369159558,45,45
1492985201987596542,0,0
1492994041478040775,61,61
1492997509108306331,0,0
1491506438693244105,2,2
1491518674403753170,27,27
1491552104123006326,7,7
1491599429337448478,0,0
1491611725842468210,0,0
1491654867389942039,51,51
1491676757112721907,60,60
1491682622345147092,90,90
1491683883429997117,0,0
1491684649429486970,15,15
1491691377983830997,3,3
1491705001618241268,0,0
1495735540890723398,26,26
1493069195283272286,8,0
1493075459761367723,0,0
1493350783991537744,24,24
1493399689194935343,0,0
1493419675650998229,0,0
1493433754197704283,0,0
1493434861345120894,0,0
1493492016916818106,15,15
1493553349033236214,62,55
1493598342742793241,41,41
1493652332558760807,0,0
1493738547915116739,22,22
1493741924645001834,0,0
1493752983784462097,0,0
1493758885634047487,30,30
1495770536520607259,34,34
1495912970301324366,52,52
1495920185030297993,75,75
1496020459606912277,5,5
1496088164134073826,0,0
1496385514734277301,15,15
1496393759256830432,15,15
1496408055911407193,15,15
1496411304246565973,15,15
1496415848413599972,15,15
1496420525465537495,15,15
1496434200562488027,45,45
1493803025901650925,1,1
1493807963887560836,2,2
1493940660314810159,15,15
1493946206899198240,15,15
1494177358098972795,57,57
1494216535655677979,59,59
1494244822879868999,15,15
1494260543994443898,0,0
1494284823949071825,47,47
1494288210872764679,15,15
1494309513097312666,15,15
1494342408890987334,59,59
1494465434847384407,45,45
1496451450934154916,15,15
1496472413662721325,15,15
1496483770603985128,0,0
1496515624408089311,3,3
1496599838070053855,0,0
1496689851308733915,63,63
1496743025259819326,23,23
1496765919708128538,1,1
1497012662036002622,75,75
1497046397052398970,19,19
1497053079901092495,2,2
1494469163956112463,9,9
1494495006395645848,52,52
1494658486232081726,15,15
1494688165074884955,15,15
1494740520581659069,15,15
1494743919441629413,15,15
1494744352162066739,15,15
1494747362847320885,15,15
1494749992467960643,15,15
1494762957867709491,0,0
1494770203775911022,15,15
1494771156575425389,15,15
1494774756958962492,15,15
1494778650431097973,15,15
1494779986962246029,15,15
1494783511201371252,90,90
1494787722539664786,15,15
1494805797210877954,15,15
1494937049729130718,15,15
1494957633995974955,15,15
1494970753582275586,90,90
1497095874850398577,15,15
1497107101478742259,76,76
1497118536036366365,15,15
1497179079411932242,30,30
1497206150079484676,90,90
1497220815198019126,0,0
1497271055795164944,47,47
1497272688475642387,0,0
1497336855095149128,24,24
1497403343008853061,0,0
1497416789945818022,90,90
1497437145592400706,70,70
1497438372378092984,15,15
1495028183923068455,55,55
1495053728062751588,8,8
1495101986957333581,2,2
1495122739722625462,0,0
1495154257501627819,6,6
1495272259768863909,6,6
1495389580091515148,32,32
1495397730841206653,15,15
1497466925494011137,22,22
1497494644441808925,0,0
1497545051721766625,15,15
1497550521846329542,15,15
1497555311384951913,15,15
1497560670898862146,15,15
1497564600814038724,15,15
1497570021322299914,15,15
1497574880565259121,78,78
1497808809576303033,0,0
1497964001995507823,75,75
1497965206876147248,75,75
1495402739671421766,15,15
1495409094102153938,15,15
1495439758643486276,45,45
1497965321840430164,75,75
1497992391406122112,70,70
1498013936759190286,2,2
1498013942182445820,13,13
1498013943044964114,2,2
1498013953315467060,14,14
1498013953607812401,10,10
1498013957834107916,16,16
1498013959699503776,8,8
1498013960232095872,8,8
1498013964485077966,10,10
1495444172589570528,15,15
1495491603434571664,15,15
1495501992377418893,76,76
1495502404759537741,74,74
1495630735698064383,7,7
1499348268670584935,0,0
1499396766253099628,0,0
1499410065937172310,34,34
1498013964968147045,9,9
1498013966575264178,9,9
1498013972665539359,16,16
1498013976288036467,13,13
1498013977784317324,24,24
1498013989135902374,13,13
1498013990732657868,24,24
1498035775081901181,13,13
1498046003133858304,15,15
1498087547710347905,46,46
1498142845986780338,0,0
1498162945865816685,15,15
1499425403406544943,21,21
1499431859847777224,40,40
1499570198669222311,77,75
1499613018100320760,42,42
1499629759900043021,0,0
1498165591187236056,43,43
1498174931303431236,15,15
1498179514311529205,47,47
1498473893363099675,13,13
1498493954152428429,0,0
1498500786539263767,15,15
1498519787965653172,16,16
1498688658072806526,49,49
1499125246902807566,15,15
1499133795892117407,15,15
1499313639232256748,18,18
1499719494093367309,66,66
1499742629144556529,0,0
1499920877828504061,27,18
1499935518626331458,15,15
1499965342367614716,15,15
1499973090054462397,15,15
1499973395630941045,15,15
1499981016161673569,31,31
1499987767675940429,15,15
1499993046967807902,11,0
1499993277483485927,15,15
1499995910874314249,15,15
1500003349663430030,15,15
1500007938270817968,15,15
1500030675297613857,21,21
1500033767417958573,15,15
1500052097617685452,15,15
1500097005163620057,55,55
1500140145488044610,54,54
1500158981582910456,27,18
1500162562723746600,24,24
1500401837637096763,18,0
1503747257603390108,4,4
1503765491433823084,0,0
1503912279108949953,20,20
1503927370879182606,0,0
1504484474328198479,69,69
1504590201925669117,20,20
1504591908640241935,89,89
1504611220592528351,60,60
1505063400519036946,90,90
1505113624204855692,0,0
1505181786944995332,45,33
1505223938398029348,19,19
1500439413542292062,15,15
1500442329930821801,15,15
1500447156481793849,15,15
1500452154923088422,15,15
1500662454975263506,39,9
1500721292900677812,0,0
1500822241407117207,0,0
1500860567733636949,76,76
1500869000044461748,66,65
1500893508485478664,4,4
1501116734477066057,1,1
1501117433038370380,90,90
1501225430167681750,16,16
1501239624154808226,17,17
1501468082076634981,17,17
1505721223553195006,16,16
1505838935184834226,32,32
1505921856959240187,75,75
1505964560444414462,34,34
1506004739316630884,15,15
1506016860832949172,90,90
1506034106397441902,77,77
1506035585095567472,36,36
1506077270737205759,29,29
1506077656609461911,0,0
1506215229648573584,76,76
1501483693818813405,0,0
1501524600232616681,2,2
1501606382529212642,90,90
1501710876007052885,6,6
1506215322393510561,73,73
1506394138974148431,13,13
1506500582947822418,46,46
1506514494771990276,0,0
1506600351282311868,15,4
1506644180791096026,64,64
1506650803995304938,43,43
1506661576471950561,0,0
1506678200585983251,21,21
1506725599729951777,59,59
1501736008588300286,5,5
1501809584121951812,0,0
1502047999664968305,49,49
1502072597056713315,13,13
1502225649866947663,0,0
1502231097939640514,17,17
1502237400281000621,90,90
1506940167036401350,15,15
1507109173153866198,31,31
1507230826163986248,31,31
1507241170930926918,16,16
1507248929906157217,15,15
1507250951327581826,0,0
1507310998805665347,15,15
1507314436431415440,15,15
1507320902210050203,90,90
1507561103321794897,55,55
1507576390160620903,75,75
1507586379707065809,2,2
1502251784687709889,0,0
1502284636326731083,15,15
1502297594615891221,15,15
1502304858643034497,15,15
1502334783834800138,88,88
1502399046321288704,75,75
1502538937037462606,13,13
1502571480276855109,44,44
1502586293052419926,0,0
1502672769598337749,15,15
1502825629135765416,13,13
1502836058860004077,13,13
1507600874631074536,0,0
1507611108856382952,0,0
1507722791870785364,40,40
1507763190297668871,90,90
1507809902337782357,0,0
1507819809438566972,2,2
1507836716760168975,7,0
1507837295010288432,3,0
1507954031663092822,49,49
1508048397052367425,12,12
1508048532215968646,7,7
1508048540769510168,2,2
1508048784700339821,5,5
1502855317067473524,16,16
1502901153458649940,84,84
1502993466102636498,70,70
1503022478401810182,32,32
1503082550946469628,71,71
1503098271235835340,68,68
1503173104256265715,22,22
1503229684954703932,66,0
1503243061864104142,32,2
1503248473696837555,43,15
1508141833098344284,79,79
1508211362432766236,1,1
1508222361958294919,75,75
1508268994953091794,16,16
1508271910101720771,32,32
1508728074847893873,1,1
1508851094360591998,43,43
1508862444110058459,83,83
1508871134786523464,0,0
1508922452014896346,47,47
1509357723161147717,75,75
1509413590397071184,0,0
1503280097499984847,30,30
1503283231077208272,75,75
1503323338337467118,23,23
1503512715631629909,15,15
1503712766916142792,74,74
1503732633886736086,0,0
1511424808096318956,45,45
1511561563002603131,0,0
1511587768657420161,58,58
1511624482631209830,75,75
1509466891238109416,47,47
1509484080082265693,83,83
1509942076286946453,77,77
1509961736811578274,65,65
1510115522081214952,39,39
1510122969814216137,0,0
1510127107221522731,33,33
1510152479172974151,48,48
1510261684631116772,17,17
1510310224353584308,90,90
1510790688468946113,80,80
1511645751514360203,90,90
1511650724254300460,0,0
1511660499480279192,31,31
1511663947669411714,35,35
1511723609825637777,0,0
1511742305705109041,12,0
1510917353078119330,90,89
1510933415195507919,0,0
1511053571899453796,5,5
1511272103318410321,88,88
1517404482581858896,39,39
1517411633902979015,55,55
1517411991425855210,60,60
1517412356930547548,30,30
1517412719372440487,30,30
1517413221073007231,54,54
1511790116755528450,3,0
1511861560985663642,75,75
1517426735594168549,17,15
1517491236242369826,0,0
1517494360924507100,6,0
1517521507461964693,0,0
1517555075974185062,0,0
1517562010347002839,21,21
1517566301851660503,22,0
1517566302321029004,8,0
1517566512607802958,9,0
1517566647747766838,5,0
1517566695261885786,14,0
1517703060103038929,89,89
1511934060011406871,6,6
1512187318230506212,58,58
1512466468355789228,77,72
1512472141564897272,0,0
1512476129959916239,48,48
1512506951343823488,16,16
1512550756679372172,16,16
1512579860668358654,0,0
1512620826158860729,0,0
1512642779640220949,0,0
1517710826703352414,6,6
1517728044004049829,62,62
1517788083577620436,34,34
1517953364769362751,90,90
1518015614681274396,57,57
1518103931677643407,16,16
1518106211764330989,46,46
1518145740023617475,59,59
1518194647322488321,90,90
1518232643177537314,90,90
1512715294981380182,0,0
1512985938232949609,59,59
1513055442596977277,52,52
1513105895566243569,70,70
1513114697250176591,39,39
1513153145432181941,36,36
1513171030592954156,90,90
1513236196271557027,34,33
1513248924720359067,2,2
1513250066676885558,62,62
1513256240221345163,0,0
1513257553669158217,6,6
1513258797138374702,69,69
1513376615171579689,73,73
1513490066099546121,90,90
1513712259162160991,40,40
1513795164161511916,46,46
1513810828286124460,71,71
1513833052864604282,65,65
1513839361558493444,90,90
1513840602549181706,31,0
1518345023898568625,15,15
1518352509290380578,16,16
1518422444763435106,3,3
1518427333465583788,4,4
1518440736587886457,0,0
1518834041994397788,7,7
1518841661197301965,5,5
1518873220982601935,57,57
1518887176820928954,39,39
1518888124429817203,89,89
1518888879660600883,59,59
1518890068137401134,12,12
1518893855398060763,15,15
1518909741653058408,76,76
1514138307010003162,6,6
1514212965896890031,0,0
1514441706846518930,60,60
1514562054561375716,6,6
1514644023113299430,47,47
1514759418307184584,15,15
1514851460322649875,47,47
1515318676642532804,0,0
1515354229932641330,8,0
1515370744772432218,47,47
1515421629070318028,39,0
1515447082772342719,4,2
1515511026092835789,23,0
1515521838647920579,23,23
1515582981814972231,29,29
1515839137692006900,14,0
1518913473031405970,75,48
1518915992351080055,31,31
1518948266694170753,0,0
1518975266283110881,58,58
1518977941633677526,76,76
1519045856360508874,25,25
1519183710370250930,6,6
1519746805848306315,5,0
1519904036926125987,16,16
1519926651691404119,0,0
1520412480094796137,0,0
1515865784624758141,0,0
1515922404027092897,0,0
1516003878001801506,55,55
1516008981926592429,14,14
1516051496994524089,41,41
1516146845492612450,15,15
1520472004876670446,4,4
1520533428817140921,18,3
1520646116462002346,2,2
1520735231137742487,76,76
1520824120098138513,35,35
1520972068416481281,59,59
1520994819015956834,0,0
1520998536874803360,3,3
1521123108461667324,66,66
1521157150636327746,1,1
1521205566844373177,2,2
1516153501298325288,0,0
1516170502910491506,44,44
1516315935290905997,5,5
1516505666671183039,90,90
1516558507714264116,58,58
1521274508682171456,0,0
1521283909306902565,0,0
1521310964035046998,10,10
1521433991882012648,76,76
1521616849551765073,59,59
1521617109138096825,90,90
1521821280114893261,15,15
1521821524347376022,2,2
1521841640868213735,73,73
1521845093166881816,76,76
1521846726137559092,64,64
1516573613977949896,41,41
1516645607936376374,57,57
1516646142556473611,85,85
1516710184083346237,16,16
1516726498073464812,0,0
1521848367963498302,65,65
1521862935961259342,30,30
1521874757010617923,81,81
1521900334878114633,47,47
1521902811635943582,28,28
1521905819275516912,30,30
1521914399463517283,25,25
1521956044679151721,0,0
1522149695451999687,3,3
1516758787283856252,48,47
1516830297844700858,15,0
1516830775974434631,89,89
1516837851724896219,0,0
1516838432464909025,49,0
1516838890844261080,79,79
1516839389098733031,90,90
1517085784775464796,26,26
1522174424159521577,90,90
1522281223554189884,0,0
1522318972045331660,54,0
1522341621568800144,58,58
1522452046002204358,37,35
1522452150378526697,1,0
1522468183043324066,48,48
1522503727016343960,0,0
1522517030737496324,64,64
1522525098873387238,0,0
1517379294907980634,2,2
1517404087132926703,45,0
1526177620317871971,13,13
1526211873627723127,15,15
1526241945964357394,5,5
1526242679914920251,45,45
1526253628570354787,75,75
1526278815485673713,75,75
1526281372188428056,44,44
1526293978954423091,0,0
1526295053080795071,37,37
1526396069867942132,0,0
1522567881907057745,52,52
1522633918481634955,0,0
1522675213796890772,0,0
1522708614887352457,12,12
1523141889503113937,0,0
1523148022710543475,66,66
1523152238287585609,53,53
1523221340951344530,23,23
1523244498154285580,0,0
1523266531284286589,43,43
1523307712707920429,14,14
1526408115377551250,31,31
1526501861336512414,2,2
1526743122900980568,90,90
1526793684073590229,75,75
1526794100790840072,27,27
1526826179275117051,46,46
1526826683275297457,31,31
1523332157990878628,75,75
1523383485759857649,27,27
1523420533386390564,20,20
1523436700732863137,0,0
1523441220537840572,2,2
1523443105843245629,0,0
1523444380089530823,0,0
1523445267369000126,0,0
1523446173228110535,0,0
1523446890630929375,45,45
1523448489853804569,0,0
1526827188379974002,63,31
1526852267480669712,90,90
1526901670300547466,45,45
1526916652407247576,0,0
1526925427231120029,3,2
1527033549721520768,16,16
1527034067205415406,15,15
1527036515704818724,15,15
1523452097435455495,0,0
1523458267324767070,0,0
1523458365956507533,0,0
1523459956632449203,0,0
1523461616400069846,0,0
1523825526552956109,0,0
1523911966921003302,62,62
1523915056123375823,32,0
1523925770382947888,36,5
1524006585401756341,60,60
1524006926532092926,47,47
1524009071593426399,2,2
1527094922852601977,15,15
1527113995985355351,0,0
1527115224080387094,45,45
1527148434686891943,20,20
1527158822281183564,0,0
1527520734338587419,33,33
1527563288418057875,55,55
1524015758931421951,3,3
1524046452379388581,15,15
1524164700929701895,60,60
1524193290055644735,39,39
1524205188824076055,75,0
1524212681897525684,74,74
1524216807465890745,62,62
1524221155607873995,60,60
1524225442089587218,49,49
1527579762383383565,16,0
1527579874838308007,3,0
1527579905669310799,19,15
1524230085054816025,67,67
1524234915164732271,0,0
1524238435767535401,53,53
1524241352867414677,65,65
1524246857841179711,43,43
1524633356004244203,34,34
1525382626288024837,1,1
1525464535853155778,15,0
1525578434378059330,17,17
1525583947091186690,30,30
1527579977703026950,4,0
1527580008326601505,3,0
1527580084382030460,2,0
1527580127011729016,8,8
1527580202910335049,6,2
1527580235970547131,14,14
1527580315558454695,2,2
1527580358156865252,4,2
1527580433449059637,2,2
1527580676701695194,9,0
1527653627426361123,0,0
1527717189805911119,12,12
1527732205145511918,0,0
1525640813898753041,70,70
1525677531123989989,35,35
1525725656433922494,37,37
1525729518766207947,79,79
1525732242824469414,36,36
1525732477507234950,25,25
1525734613280784300,65,65
1525754100255323325,16,16
1526078797673744570,6,6
1526116898397713000,76,76
1526128468216503754,76,76
1526134919503477548,27,27
1526136202445833601,76,76
1526139245891091932,9,9
1526139249393717191,10,10
1526139254132699314,7,7
1526139297538997460,9,9
1526139302568995407,6,6
1526139323276936775,6,6
1526139684637114133,58,58
1526155119812458603,75,75
1527768915218280690,0,0
1527824333935080894,45,45
1527858156057360553,76,76
1528124730777377601,0,0
1528275721065793721,48,48
1528384235212398711,0,0
1526174402813763683,46,46
1531153666024624351,57,57
1531163490114578032,20,13
1531202173433932146,0,0
1531332218027102349,4,3
1531332218364260545,8,5
1531332429799526368,3,2
1531332430675263057,4,3
1531360634318161408,0,0
1531363829746021422,58,58
1531638617353700697,13,13
1531930622073457216,31,31
1528413996276956722,0,0
1528423233830611089,7,4
1528478036443042989,11,11
1528479737967914971,2,2
1528495456503802130,59,59
1528590520587138754,29,29
1528857384592392079,70,19
1531932699311231127,0,0
1531973451292378459,4,3
1531991104985898942,56,56
1532035007944142811,15,15
1532046458014939636,15,15
1532064451299750797,36,36
1532068768734247899,0,0
1532083337680184547,7,7
1532257869684605623,0,0
1532566137420753353,45,45
1532609077690353173,0,0
1528958949653585824,0,0
1528998957406950922,69,69
1529082893232742431,30,30
1529187561287951625,8,8
1529205884756779183,15,15
1529274495793220672,0,0
1529315588810415716,0,0
1529325615029692593,84,84
1529368233105550708,8,8
1529773579817541199,4,4
1529848797926738046,19,19
1529862229950417023,29,29
1529897385927301326,41,41
1532643125243039825,3,1
1532643310410226592,2,1
1532643314995604775,8,6
1532643474922732228,3,3
1532659699922936847,0,0
1532716809726506012,40,40
1532718513427497970,70,70
1532754392237645472,0,0
1532766122707302739,0,0
1532823137285576474,0,0
1532833103503827977,21,21
1532858662728187165,0,0
1533023242651192483,0,0
1533049199020774562,2,2
1529903281532932694,16,16
1530169971257858047,0,0
1530181413904225065,0,0
1530428553678742149,0,0
1530439174211624040,49,49
1530464837725633340,68,68
1530467951796398588,17,17
1530553805896431235,11,0
1530582848138410224,57,57
1530638118393571261,9,9
1530645881335000694,18,18
1533315212542247867,0,0
1533321128054191989,30,30
1533377985850678157,4,4
1533439946534069444,21,19
1533446701401180275,1,0
1533446701454272728,1,0
1533446941335275608,8,0
1533446992378503713,1,1
1533447108623709484,9,0
1533447169029827776,1,0
1533447282107276905,1,0
1533447336264492200,2,0
1533447454688039590,26,0
1533448598948159299,0,0
1533490226387348676,50,50
1530771359770574553,10,10
1536832430277709991,41,40
1536832592286896296,44,40
1536833611221565419,8,8
1536915698053725021,0,0
1536944593744034423,64,64
1537032708578710193,35,35
1537036611335961638,30,30
1537063534563239018,0,0
1537070546691831404,0,0
1533508860292696541,0,0
1533522780408251990,46,46
1533540954411045753,0,0
1533825922163093172,19,1
1533924563996360806,20,0
1533925659322261294,46,46
1534096257671828138,85,85
1534103284747302168,0,0
1534156022499607559,11,11
1534268272124651937,0,0
1537232848789148717,57,57
1537265533360791019,13,13
1537309326547009534,32,32
1537531713628766687,0,0
1537590023694920162,15,15
1537600635632513997,26,26
1537604085952379271,4,1
1537670627085750870,40,40
1534966182090413735,76,76
1535090795108682784,1,1
1535213031671396675,13,13
1535225190499382623,77,77
1535229254383186109,17,17
1535233314748728519,13,13
1535665788672003241,46,46
1536092119009746298,13,13
1536233779774703175,0,0
1536252834534517960,25,25
1536294381058359697,0,0
1537735001945689549,16,16
1537763443946497651,28,28
1537879568681018360,4,4
1537882562865403160,0,0
1537928416449893983,40,40
1538027825681734911,0,0
1538102648938215354,45,45
1538144153494677616,82,82
1538233845142724475,41,41
1538234218418480883,74,74
1538250467214735999,70,70
1538250797588204468,60,60
1538279146921446106,47,47
1538362180554281455,0,0
1538369736523254116,43,43
1538370218769286406,7,7
1538370478531430521,36,36
1538375117550321563,52,52
1538416652043904370,33,33
1538442322705561033,9,9
1536308921752348965,24,24
1536316564740891576,5,3
1536378121404585169,45,45
1536422041315008528,0,0
1536451490092872578,57,41
1536537887867749649,90,90
1536572835778909759,15,15
1536614104725700878,3,3
1536756318366461565,16,0
1536832094626154430,40,40
1536832095193482598,40,40
1536832424053231575,41,40
1541510112827671252,80,80
1541514259909071916,1,1
1538489467775026623,18,18
1538497583422787902,23,8
1538500531915622434,35,35
1538519598445305897,4,4
1538527041242643799,0,0
1538529455967624334,0,0
1538567474001290969,63,63
1538619935141522737,75,75
1538651114089426102,42,42
1541514441453706536,0,0
1541529649051630449,0,0
1541627343825168427,0,0
1542031109068978145,0,0
1542061977122097463,31,31
1542089161036624417,21,21
1542100051331099683,90,90
1542114861635439999,26,10
1542115439204695052,41,18
1542115664943971502,0,0
1542136130893202937,6,6
1539039131231446418,30,30
1539222691824270785,0,0
1539258002471617662,76,76
1542157719473362537,70,70
1542161771943625141,58,58
1542176879684916130,68,68
1542176889136610466,68,68
1542262191503465637,2,2
1542275351989177343,16,16
1542413774388504895,41,41
1542501147208305929,21,21
1542679795571631886,46,46
1542712522226003194,2,2
1542713047335807124,1,1
1542742764643345661,4,4
1539277154890285764,31,31
1542742764891211372,10,10
1542743064242035044,2,2
1542743069241505378,3,3
1542743359626510019,11,11
1542743365902195247,15,13
1542743646453727669,3,3
1542771093257321872,55,55
1542825555455249612,16,16
1542900724907610798,45,45
1542914681472270680,81,81
1542922226320714444,55,55
1542922765949970608,58,58
1539281031729729583,31,31
1539284976295675831,61,61
1539325751223787689,75,75
1539328549406212902,67,67
1539347308694972879,11,11
1539354588044168434,0,0
1539377115363649225,0,0
1539377352836665964,1,1
1539377358930619563,10,3
1539377615822499851,0,0
1542922826428284989,48,48
1542927507813007041,2,2
1542927507814617677,1,1
1542927720911526692,46,46
1542935917643002027,65,65
1542937107773074408,23,23
1542957237137176131,0,0
1542972679232212270,16,16
1542995546796878784,81,81
1543009955698357698,0,0
1543048263687798894,77,77
1543096915586047395,90,90
1539471364389924032,0,0
1539484578804352136,0,0
1539525180339425847,7,7
1539874749951418787,73,73
1539882758547423917,50,50
1539939761488409687,20,20
1539959242799565655,16,16
1540025141403132783,75,75
1540090828200782106,53,53
1540274436496761723,36,36
1543141113944553347,63,63
1543142525748435769,1,1
1543260649756016516,6,6
1543427903931770950,10,10
1543578822934402698,0,0
1543644045580112031,0,0
1543683559947083167,24,24
1543683560819957270,13,13
1543684184891283635,1,1
1543687586408078816,4,4
1543687586411639179,1,1
1543688219621855051,1,1
1543688591446359628,17,12
1543688604125967873,11,11
1540718533008059552,0,0
1540721926851507536,0,0
1540750517669723493,4,4
1540785364063809110,21,21
1540876024394296694,18,18
1540916945233924762,0,0
1540962172944987623,0,0
1541155808497014313,15,0
1541240270684803824,0,0
1541333706859567281,46,46
1541342997802191207,44,44
1541343372398055695,74,74
1543688964336497008,9,7
1543689010278910419,23,23
1543689364309590267,2,1
1543744094706443963,28,28
1544100012438732407,45,0
1544135640617195950,4,4
1544151575800302195,15,15
1544170020939068582,63,63
1544170454871417820,63,63
1544170820427600272,63,63
1544240785813581850,3,0
1544241185621144254,1,0
1544241374054445986,1,0
1544241381610476008,1,0
1544241809504772108,4,0
1541343677500117264,63,63
1541346320963078719,0,0
1541410077411951700,0,0
1541457387168082346,0,0
1547711457503281230,17,17
1544242021202874561,0,0
1544242029077853689,2,0
1544242225370095997,0,0
1544242229855240027,5,0
1544242426389458434,1,0
1544246660066706068,0,0
1544253294841494056,1,0
1544287366277719121,64,64
1544296778775722076,50,50
1544302188750950080,6,6
1544302497233997437,21,21
1544312392844615828,8,8
1544312393138421942,4,4
1544314693898439806,53,53
1544318139674199213,63,63
1544320578489476359,59,59
1544329261243147663,73,73
1544330321680826617,58,58
1544333060541274279,90,90
1544334884319178791,75,75
1544335224642772389,58,58
1544336672797639560,76,76
1544343129576847775,61,0
1544343246701785951,59,0
1547907091747149674,0,0
1547907317597346097,16,16
1547979262049463861,16,16
1548017766962195763,0,0
1548082688441539042,3,2
1548154737464321515,16,16
1548158511807464663,10,10
1548160369642660562,32,32
1548257348093915576,0,0
1548437196923026477,46,46
1548464578034889962,59,59
1548582234130113661,15,15
1548582682059900183,67,67
1548585857772138870,46,46
1548613940791842145,58,58
1548617361039791702,43,43
1544344580897432844,66,66
1544345427438680051,90,90
1544361898114269373,0,0
1544379239683760154,4,4
1544385234815642440,0,0
1544385235823543368,47,47
1544385584082129185,47,47
1544385777073297081,47,47
1544395411912206812,3,2
1544429595910354460,25,25
1544461035933787341,0,0
1544502573097733093,2,2
1544981539576257356,8,8
1544996535899512257,48,48
1548619573767056993,37,37
1548626543848713320,18,18
1548628635884054972,16,16
1548643123673006940,34,34
1548648542875675623,75,75
1548652303553897854,12,11
1548654323000279382,53,53
1548686250503237194,47,47
1548699950758050907,5,5
1545071328547703266,76,76
1545138058110124108,17,17
1545174651053005674,6,6
1545206525340057412,0,0
1545260697565895931,0,0
1545337542258081099,0,0
1545676567053552291,16,16
1545774289764060701,71,71
1545780467549214924,37,37
1545866479354012235,0,0
1545890771889891829,11,2
1545949027466661165,19,19
1548708532058154426,15,15
1548718706469816892,5,5
1548726481769964846,75,75
1548771896279428214,0,0
1548787872678510476,21,21
1548826712397497943,0,0
1548841457881029567,12,12
1548856421414026463,59,40
1546047545724260983,1,1
1546364443745784762,0,0
1546457738552992724,0,0
1546599239028221949,31,31
1546604695103174989,30,30
1546611977937165622,0,0
1546619360842406341,0,0
1546652767347356824,0,0
1546700763958573398,36,36
1546737616968267485,3,3
1546760559527725642,34,34
1548962760363443813,75,75
1548968135277862672,0,0
1548968918051044274,0,0
1548970698195831276,45,45
1548972803082934326,20,20
1549197870087454336,47,47
1549209710159716010,1,1
1549209710354301765,4,4
1549209829227704938,0,0
1549209832350590353,0,0
1549209927432725414,8,6
1549209939951877021,4,4
1549210026068823834,1,1
1549210036074605963,6,2
1549210124468748772,11,11
1549301638530171038,50,50
1549310207010039454,59,59
1549332336371157315,0,0
1549417557863674792,60,60
1549512951478132818,75,75
1549556716467187223,13,13
1549601224627187404,43,43
1546777564794410972,0,0
1547148998709200936,11,11
1547169875639298443,0,0
1547215021265439020,45,45
1547218210806844524,0,0
1547244637797171545,0,0
1547262972901712382,1,1
1547281047380034646,14,9
1547283836326493183,16,1
1547297573520791257,0,0
1547307143172112980,0,0
1547316215468994704,9,9
1549601849960117812,62,62
1549650915214129099,16,16
1549671505963697025,0,0
1549759065773015594,0,0
1549923981992633554,9,9
1549977304385333820,76,76
1550213654908932795,47,47
1550709062490687430,74,74
1547316215522461103,10,10
1547316511547629858,17,17
1547316534926680355,13,11
1547316538857388549,9,6
1547316788940423499,13,9
1547316804478693999,3,3
1547317192123938636,13,9
1547317440261926495,19,18
1547317454941181661,9,7
1547348379241774659,0,0
1547375005561176407,15,15
1547432175620128514,7,7
1547445676658066880,15,15
1547456634048932537,4,4
1550830739273844337,45,45
1550851762245017814,17,17
1550859334763103347,75,75
1550900224438823258,8,0
1550908719117769467,8,0
1550930782952515894,35,35
1550946666692523165,75,75
1551005071189661328,11,11
1547548237848940670,0,0
1547548381331851309,32,1
1547562893487093559,0,0
1552190873634026622,16,16
1552205465911161379,60,60
1552291647101193548,15,15
1552326629198584638,44,44
1552359922078490445,0,0
1552360836670897131,75,75
1552392662058302532,75,75
1551125000414208305,12,12
1551346502888454090,3,3
1551349076369236318,10,10
1551443092346904128,17,17
1551563635989774972,0,0
1551853481574029307,0,0
1551857707771007608,20,20
1551875314363104965,9,9
1551882790551643706,20,20
1552420698746980520,2,2
1552494581255387510,0,0
1552599148812525490,0,0
1552804867012512767,21,21
1552819953665397720,44,44
1552845166182774048,0,0
1552845166209453911,0,0
1552845166213948120,2,2
1552845314838563078,0,0
1552845315305803493,0,0
1552845316072724813,0,0
1552892229025376121,0,0
1552915226551925738,3,3
1551891234387394807,23,23
1552145657319859284,21,21
1552154804491704543,8,8
1552169332862381599,46,46
1552186071068934410,43,43
1556700437386994824,54,38
1556708235748721632,4,4
1556718735514702035,13,13
1556759037662938391,15,0
1556786330382798597,0,0
1552987510254761772,0,0
1553033923063988870,4,4
1553056932389093721,18,18
1553057235819103784,59,59
1553107436299291975,16,16
1553121452578694889,12,12
1553146530482617639,33,33
1553199028670055083,63,63
1553233571971176048,75,75
1553286335750677317,0,0
1553296255496691450,46,46
1556801696729399628,22,22
1556920195266658620,21,21
1556991488994950773,0,0
1557156597727297395,18,18
1557156597794656400,32,32
1557271003832796794,0,0
1557327153623194905,0,0
1557392973568502325,53,38
1557403398390269415,0,0
1557455934411100648,0,0
1553329183787806361,70,70
1553461684768949787,46,46
1553469231893427603,71,71
1553668822510925129,13,13
1553695029413205727,4,4
1553715362537748606,0,0
1553717212072175937,15,15
1553735129972904954,0,0
1553777318117163169,0,0
1553784009833120616,75,75
1553812797987492075,6,4
1553815962109218036,0,0
1553856406683934443,59,59
1557485061404872145,63,35
1557486894858379024,0,0
1557654445904365740,0,0
1557661528084050922,4,4
1557882816308068484,0,0
1558003773819817997,6,6
1553923536220418076,15,0
1553953793974341497,0,0
1553989712630495399,44,44
1554024974546084405,46,46
1554348423049832678,16,16
1554390926018437557,25,25
1554458399897910990,0,0
1554465743593536845,9,9
1554500686354159055,30,30
1554533289653203811,46,46
1554537848584428745,27,15
1558011253935690302,19,19
1558025130592300346,0,0
1554539444813031981,75,75
1554598055633314522,52,52
1554686850910150642,0,0
1554927373819743828,0,0
1555091010394374218,0,0
1555110264052910943,17,1
1555136748904513786,30,30
1555172199681228015,29,29
1555215189912657430,0,0
1555275261897174824,0,0
1555281033230706258,49,27
1555336871983081049,0,0
1558027792630387110,0,0
1558054380239664732,75,75
1558086898882802968,0,0
1558089474332854223,75,75
1558092957684423192,0,0
1558102404603345845,2,2
1558103550058560975,1,1
1558108679158919587,16,16
1558115138243221958,0,0
1555339765345916816,20,13
1555341404328639481,48,48
1555449604201921400,17,17
1555796946136303001,45,45
1555956286251418211,75,75
1556021584224405409,16,16
1556028636551331192,8,8
1556080621695527489,7,7
1556081799134659340,41,41
1556083061294964203,0,0
1556211252139003019,0,0
1558123674478320116,26,26
1558123677030976572,44,44
1558123678183808059,24,24
1558124171152211673,30,30
1558124188262469379,43,43
1558124215722302540,46,46
1558129390236147077,19,15
1558157926734571516,12,12
1558177908284592346,47,47
1558190364528468117,0,0
1558206343163720892,0,0
1558220232579717048,0,0
1558223842534304778,0,0
1558234563328316064,0,0
1556267609453020508,15,15
1556609719359538789,15,15
1556615026821314709,12,12
1556615188386029587,11,11
1556627230486822294,60,60
1556647685283215904,35,35
1560960131007537532,15,15
1561087822011480482,9,9
1561119275380522397,0,0
1561122195583836613,0,0
1561129961188599308,49,49
1561131575048308673,60,60
1558261490663020361,0,0
1558320526232396030,17,17
1558325214135094390,15,15
1558384549766151917,0,0
1558601995494411581,0,0
1558729166129886253,0,0
1558731413961227661,75,75
1558736687044762523,72,72
1558743185191779956,0,0
1558833809460105518,16,16
1558838880221633384,0,0
1558869312319596056,0,0
1561132297930835547,0,0
1561133080526575659,0,0
1561133979147354528,0,0
1561257326062660056,3,3
1561548789671128878,3,3
1561557150354732849,0,0
1561655981339596896,46,46
1561677587890805459,29,29
1561735589349062677,0,0
1561772140317217085,20,20
1561795579774224518,0,0
1561844975513933637,0,0
1558904663996053505,0,0
1558907340302983675,32,32
1558909213340747471,0,0
1559029440388003079,52,52
1559040389503833932,16,16
1559043786942635700,0,0
1559327166507380223,1,0
1559522031706181475,10,7
1561882880853875515,45,45
1562107155552461069,62,34
1562272321826139440,68,68
1562442699513197375,0,0
1562478472023775687,0,0
1562490670450259624,6,6
1562544686249923732,75,75
1562544717640477645,59,59
1562629281193414317,0,0
1562645000344832358,46,46
1559522031758779577,14,10
1559522395930572140,5,3
1559537173737609177,76,76
1559586423314871964,0,0
1559709678652585481,9,9
1559712587455032137,9,9
1559852452716604788,0,0
1560121215007819591,5,5
1560186623194813121,0,0
1560203699044488858,16,16
1560336604734263537,0,0
1560363989836451115,0,0
1560375647356392980,0,0
1562658363361646249,2,2
1562742581122658785,0,0
1562790590370844448,0,0
1562929061767332957,76,76
1563024614329632914,0,0
1563036026900980571,1,1
1563164341056383427,49,49
1563183965972913813,0,0
1563212612324447441,75,75
1563265171197079480,30,0
1563313079873499657,0,0
1560378376282089530,0,0
1560594029442561972,0,0
1560921657141306595,16,16
1560947497840551982,0,0
1563393059663331602,20,13
1563424889436901375,1,1
1563559157493687543,30,15
1563774634635010098,59,59
1563829104820175623,39,39
1564028503371497848,46,46
1564029433377413828,0,0
1564040250620534017,0,0
1564044532717110410,0,0
1564047315609296215,33,33
1560950883818177239,5,3
1567052420085147337,0,0
1567174534291910085,1,0
1567276191737580061,6,6
1567384833670878017,5,5
1567403299676323885,12,12
1567443344632413536,59,59
1567445948159672900,17,17
1567445949142407383,19,19
1567463073250285720,22,22
1567476238209958855,38,38
1567484321426759679,1,1
1567485620392454906,0,0
1567501830638089131,39,39
1567520637183151369,3,3
1567521654477665464,0,0
1567534873809597361,1,1
1567541053349616716,1,1
1567553049641675440,0,0
1567559384622357584,0,0
1564050543079013847,0,0
1564076202615260088,0,0
1564306094888079019,16,16
1564604956910659502,0,0
1564681219878558430,76,76
1564717075992005156,0,0
1565204941174149984,0,0
1565307843915447423,58,58
1565354640832912046,14,14
1565413176589455042,59,59
1565416284333163860,0,0
1565426347406863088,0,0
1567573053838024138,0,0
1567578543596544449,0,0
1567612442993458086,46,46
1567669873018655292,31,31
1567671023251792344,17,17
1567689185189201522,0,0
1567716861030050832,46,46
1567882928176901290,46,46
1568154642889387009,0,0
1568228421575148975,5,5
1568232205441847717,29,29
1568241307410705621,6,6
1568258902639690412,0,0
1568304835300194306,15,15
1568332236419902587,0,0
1568340107725244785,3,3
1568354324041503055,15,15
1568485999018525132,2,2
1568510503102346201,16,16
1568517928751417380,26,26
1568882934739404786,0,0
1565543767300372947,3,3
1565604505672147634,0,0
1565670889570608409,45,45
1566061372964270438,0,0
1566165439151243859,32,32
1566217447746972261,2,2
1566308847369075067,67,67
1566354117656349944,29,29
1566393095759256379,0,0
1566406967424376466,0,0
1566671783626158881,31,31
1566692555402975946,61,61
1568922754841232493,0,0
1568939422232770187,0,0
1566754297572107739,5,5
1566774139511914715,15,15
1566782201493592732,0,0
1566835459516861377,55,55
1566840584462982749,0,0
1566841619721714791,29,29
1566847820413806809,0,0
1566863869993855426,0,0
1566879313920099481,67,67
1566886166061404480,16,16
1568941078044520274,0,0
1568942443952602813,15,15
1568943883517764769,4,4
1568977239627271391,0,0
1568984205147456283,1,1
1568987713899472904,0,0
1569006694223609231,0,0
1569099670413378602,0,0
1569104566036400015,2,2
1569392368168494287,15,15
1569567044332152612,0,0
1569626969914494894,31,31
1569641681994305774,15,15
1569662369105956665,6,6
1566996074462617006,16,16
1571532723362057845,16,16
1571781623498610787,0,0
1571785811097229831,2,2
1571855803216035886,0,0
1571891773035046188,21,21
1571899322612509064,15,15
1571904082398493324,0,0
1572181705092544759,0,0
1572485627776640361,6,6
1569662369107386313,16,16
1569662369169538620,21,21
1569662369371128731,18,18
1569662411496526237,7,7
1572499359720800909,0,0
1572553355608384130,1,1
1572692803952887666,0,0
1572703099979656308,0,0
1572722961353697417,31,31
1572725798261842193,46,46
1572728222695356521,0,0
1572730709136223119,0,0
1572737468115022187,10,10
1572745612904091754,0,0
1572747737335836560,0,0
1572750722061291600,0,0
1572773775579039231,9,9
1569662414563570240,28,28
1569662415228289928,37,37
1569733309083251662,20,20
1569749333731024856,46,46
1569754037719492187,16,16
1569795727439277865,0,0
1569823192667764730,32,32
1572779391857184852,0,0
1572788705415188130,0,0
1572794157567898486,16,16
1572963742731796936,30,30
1572975772996142512,26,26
1573195078191994752,16,16
1573198334381252853,0,0
1573245332669750766,0,0
1573255621102805248,0,0
1573397348574605756,12,12
1573397349030771664,15,15
1573397349402450690,13,13
1573397376448036138,21,21
1569855766636571396,0,0
1569868560377873852,0,0
1570460795039059958,0,0
1570478281209410306,0,0
1570574457722555711,0,0
1570659971245217257,0,0
1570661193340489401,0,0
1570662494121913367,0,0
1570672213773569155,0,0
1570700697533775099,9,9
1570720645335607083,14,14
1570990039673200546,0,0
1573435874221525081,0,0
1573456360441569966,0,0
1573456827051706459,0,0
1573461454500648706,1,1
1573479797980726052,0,0
1573787311673187443,0,0
1573995472748787910,6,6
1574081683158197304,16,16
1574170896266849410,0,0
1574178535321794941,0,0
1574234499522077598,2,2
1574728895283823451,0,0
1571031336670600477,47,47
1571221502652562986,0,0
1571322732154092381,0,0
1571388695497541359,19,19
1571416738228904456,30,30
1571430004730168347,0,0
1576852225574132224,16,16
1576852241249302075,33,33
1576852298951137827,0,0
1576852300916237920,1,1
1576852444673663269,0,0
1576852696095645240,0,0
1574742942227066677,0,0
1574773302789339780,46,46
1574796605484004861,0,0
1574819125272783700,30,30
1574830695197102682,0,0
1574842828663118260,0,0
1574847106679239093,23,23
1574858410159076110,0,0
1574865469227499261,0,0
1574893629207112000,46,46
1575025594726008180,0,0
1575060299441209767,0,0
1576852929953090866,0,0
1576852946190188553,0,0
1576856396219290547,0,0
1576870457962777892,0,0
1576885480527008244,40,40
1576885488244301626,2,2
1576885500665709103,0,0
1576885508978452820,0,0
1576885518515514443,15,15
1576889858153058120,0,0
1576889864226568271,0,0
1576890363626016901,12,12
1576890405199351625,6,6
1576890408007492708,0,0
1576890431657812857,5,5
1576890439332976833,5,5
1576890484245285545,2,2
1576890641703843263,3,3
1576890700696051782,15,15
1576890717195165045,19,19
1576890831313585607,18,18
1576890895612085453,0,0
1576890914987591924,18,18
1575342578709871873,2,2
1575526941904850148,0,0
1575590340829951775,0,0
1575740974872547201,22,22
1575799792149509945,1,1
1576120180056475509,16,16
1576235707750259138,0,0
1576304996290083559,0,0
1576337321116750857,45,45
1576403877402248052,5,5
1576502353483983473,0,0
1576890919544777174,16,16
1576891051809586547,29,29
1576891103053001961,0,0
1576891254539501411,19,19
1576891354182041540,16,16
1576902667059912599,0,0
1576908290764590799,1,1
1576850184359329626,3,3
1576851305889468524,34,34
1576851354693331341,0,0
1576851361832128102,15,15
1576851386990396803,0,0
1576851449078566193,0,0
1576851569025347257,0,0
1576851594188200993,0,0
1576851633068061700,0,0
1576851680292816303,0,0
1576851932449306434,2,2
1576918745247282372,24,24
1576919102635551243,23,23
1576940408855947305,42,42
1576950878147800309,0,0
1576957236476222383,0,0
1576968611366831078,2,2
1576984351331404828,28,28
1577009347078166216,46,46
1576851934790572116,0,0
1576852001745253978,32,32
1576852030526516571,46,46
1576852203582254734,0,0
1579319854437401141,0,0
1579718804211988561,0,0
1579733690006342696,0,0
1579749343413913762,0,0
1579817726557063029,31,31
1579841930892141305,31,31
1579844994862364528,5,5
1577064759058716251,0,0
1577088382522571545,0,0
1577121988921836137,43,43
1577189652963917161,15,15
1577202893079812723,15,15
1579867403211285072,16,16
1579879212092668344,2,2
1579889792080449302,16,16
1579919650429759040,31,31
1579929345569927724,15,15
1579936266631243643,16,16
1579943779624339477,30,30
1579945166623345861,0,0
1577234140654091194,0,0
1577530257470028030,16,16
1577568817121629797,1,1
1577589139608936874,2,2
1577599511527911846,0,0
1577642353609351784,20,20
1577679904889225377,15,15
1579974964317507641,0,0
1580131272270482571,46,46
1580139079639980881,0,0
1580144705905352010,7,7
1580448102831157136,46,46
1580483152176071540,2,2
1580504258407772737,31,31
1580565682840774509,26,26
1580570728310676402,0,0
1580613828962106433,43,43
1577684946351723584,0,0
1577700421438191684,18,18
1577725761780223248,16,16
1577772933530482202,16,16
1577789989577862933,16,16
1577790572551726381,27,27
1577798547617322847,15,15
1577799257586793950,16,16
1578172907520591491,5,5
1580613864117894834,15,15
1580613896647270503,0,0
1580686794263926715,0,0
1580702797017133442,0,0
1580766820746967395,0,0
1580773924810083253,0,0
1580813744128702821,0,0
1580824703620725445,5,5
1581042878750863649,0,0
1581377408383870643,0,0
1581568111246622206,0,0
1578340752922654754,41,41
1578343107820701467,23,23
1578343107974720492,21,21
1578343111034223908,22,22
1578343127178117483,10,10
1578343137920887184,10,10
1578478724235633859,6,6
1578479603620807061,14,14
1578567624992859705,0,0
1579010861184848169,0,0
1581683321701880107,46,46
1581689483127866030,0,0
1581838752114428642,0,0
1582072855492300866,30,30
1582080572395479097,0,0
1582096893046456782,0,0
1582114187289948586,30,30
1582121465468098130,0,0
1582138258538717521,0,0
1582172882501399104,0,0
1582176908861295336,0,0
1579011682163981100,0,0
1579020182410415766,0,0
1579029800822600916,47,47
1582178090328829187,0,0
1582178832134595489,0,0
1582179838340561552,0,0
1582180681645469270,0,0
1582182888564856738,0,0
1582184092483481724,0,0
1582185366930604292,0,0
1582187041337721148,0,0
1582187991516761116,0,0
1582196418948986844,0,0
1582243820137178334,0,0
1579072699223722971,5,5
1579075097088489788,1,1
1579101009931556911,3,3
1579193248298692441,36,36
1579202993546558288,0,0
1579313481245799079,0,0
1586556669053513320,0,0
1586557602534511057,0,0
1586558675296579479,0,0
1586577114469045990,0,0
1582461728041347449,6,6
1582588608342379819,23,23
1582691054573824370,0,0
1582721077700731776,0,0
1582721845731169825,47,47
1582932225075790228,0,0
1583128944926777781,4,4
1583531683420864033,0,0
1583542359342195689,38,38
1583667352372968288,0,0
1583699472501229252,45,45
1586578142454120566,0,0
1586578907385665292,0,0
1587094512082230036,0,0
1587337554261159538,0,0
1587395829167533062,40,40
1587579596584291735,2,2
1587734606598079465,0,0
1587831337607240432,0,0
1587865546696310527,15,15
1587888410969782122,0,0
1588243368094322629,46,46
1588335100578484918,1,1
1588361798225206326,36,36
1588428491956015297,23,23
1588543224099820122,15,15
1588548231436747320,14,14
1589242782860326378,6,6
1589287471061501645,15,15
1589386018816041459,0,0
1584148833887313141,0,0
1584277664205318340,0,0
1584300736499188657,0,0
1584794418514730909,0,0
1585455717544457594,12,12
1585561133984612264,0,0
1585611893209512539,0,0
1585625173406640160,31,31
1585706765766294827,0,0
1585817460873924528,8,8
1585898613346042712,0,0
1589397448462753557,13,13
1589521735740576702,0,0
1589602064656856790,4,4
1589926886498713972,21,21
1589952340128017982,10,10
1586246836799305112,32,32
1586405857175357808,17,17
1586527000363286411,35,35
1586555424869058964,0,0
1594279298218056300,17,17
1594279727950812264,0,0
1594280064489234135,45,45
1594283751894285853,25,25
1594284101659293196,1,1
1594284540921261183,1,1
1590012392262884691,46,46
1590095384104126464,0,0
1590116747872749860,8,8
1590251481538205336,14,14
1594287523626858426,27,27
1594288001996367904,0,0
1594296609613592937,0,0
1594297491439077924,0,0
1594300720506265412,24,24
1594301118338945406,46,46
1594301248733520343,0,0
1594304655120650468,0,0
1594305078127428933,5,5
1590732641482700875,32,32
1590795172942414590,4,4
1594305192087079681,0,0
1594310396531511220,0,0
1594310753460742509,12,0
1594310758051474923,0,0
1594311351961772741,15,15
1594311619314431497,18,18
1594318710004051130,38,38
1594319181430614282,0,0
1594319761784509226,30,30
1590944603755403618,2,2
1594324589700159328,41,41
1594325084788867137,17,17
1594325586751508770,47,47
1594326057555946091,47,47
1594326583305313728,0,0
1594335082280433383,46,46
1594335740401079524,15,15
1594336165020652657,32,32
1594336868783597712,0,0
1591334260164772581,15,15
1594342455659256705,14,14
1594342778064560016,39,39
1594343383527896524,0,0
1594343843580142717,0,0
1594344382189814250,46,46
1594344876816169018,29,29
1594345269705435464,0,0
1594345713638365296,16,16
1594345840983975656,0,0
1591424499154005429,29,29
1591507239749280856,8,0
1591530486467509490,3,3
1591552746689814560,0,0
1591584873780420132,14,14
1591622583865268747,2,2
1592054383133894889,0,0
1592149762201000630,0,0
1592189533157655053,0,0
1592267048703128213,46,46
1592287890564035576,46,46
1592294507924752350,46,46
1592358300681314310,16,16
1592483854348303954,0,0
1592709642381812634,0,0
1592719533189665690,0,0
1592728776455098546,0,0
1592736835863953848,0,0
1594356484806588552,10,10
1594374953619936435,16,16
1594395339966776647,3,3
1594435116509332421,46,46
1594440789418358242,26,26
1594460866426374222,0,0
1595125988843968654,31,31
1595179464395553859,0,0
1595403838658366644,0,0
1595639453505895457,16,16
1595720039598967468,16,16
1595773979911633721,16,16
1592754381600613185,0,0
1592832522747660492,2,2
1592858998597551563,1,1
1592881884101476601,0,0
1592886948900605496,0,0
1592897911890428616,0,0
1592942541691443902,15,15
1593087390315983611,0,0
1595967284240937170,1,1
1596011108352132204,15,15
1596083603409994879,30,30
1596389245659212707,0,0
1596687710685270003,39,39
1596809070756290916,0,0
1596901488972494263,7,7
1597094178129666749,0,0
1597141475345675110,31,31
1597215003157652216,32,32
1597223551394912060,0,0
1593132296630003541,21,21
1593138624712831718,0,0
1593554723452043381,15,15
1593574273592471035,2,2
1597234445440278527,0,0
1597262815632999917,36,36
1597311629107953211,28,28
1597504343723968006,0,0
1597517787515773489,16,16
1597771145777821006,44,44
1597802903891744009,13,13
1597827255375211990,46,46
1597888026162752342,0,0
1597908709059188478,16,16
1598053263456623201,6,6
1598053375997640258,46,36
1598064605962592531,26,26
1598075774916013755,28,28
1598101900926040172,18,18
1598134939144730986,41,41
1593620040509897896,0,0
1593631504979051823,3,3
1593666736513591020,15,15
1593767281652670681,0,0
1593852632369330571,6,6
1593860888073493453,16,16
1593880349582982168,0,0
1593891424600194515,0,0
1593953080995142123,33,33
1594213732173741032,0,0
1594257703451439558,0,0
1594259054511969139,16,16
1594264719281695401,0,0
1594270904466178974,29,29
1594273089090950207,0,0
1594274953353034381,31,31
1594275844349639467,0,0
1594276253150615029,9,9
