PropertyID,NumReserveDays2016Q3
795,0.08620885
2515,63.136707
2595,3.0548193
5099,42.8206
5107,28.656204
5110,0.2694057
5136,7.093793
5178,68.6104
5270,76.20431
5441,38.37929
5552,22.358654
5754,0.049454354
5803,58.15614
5857,35.626446
5945,2.277671
6111,1.4147915
6365,69.19507
6476,1.4726763
6848,39.230026
7097,50.1938
7258,2.8630147
8024,18.870068
8025,9.32297
8258,23.069025
8293,73.02382
8343,4.4681005
8371,0.75333685
8477,0.57852197
8490,5.2866645
9518,55.94104
9668,80.62898
9704,57.860252
9782,79.750694
9896,1.6624992
9972,0.1640952
10423,80.5653
10767,0.067799956
10962,55.629223
10994,4.9472494
11174,33.253864
11900,48.48343
11931,0.17574288
12048,84.38959
12192,73.117096
12303,3.8498166
12382,58.122192
12543,11.143499
12579,2.138043
12596,6.3795753
12622,0.52401716
13050,48.665966
13076,1.2459732
13414,12.990004
13488,70.25318
13910,0.24047008
13974,30.325619
14287,3.3341918
14374,80.04195
14377,47.026455
14434,8.40697
14435,0.88688785
14694,0.15702479
14699,0.9510107
14983,0.0974562
14991,0.34031266
15049,2.2564812
15220,60.2313
15338,14.501375
15341,0.16750664
15396,17.81666
15491,1.8029286
15880,2.0693557
15940,52.59672
15962,38.53336
16008,20.629543
16284,4.1339417
16421,71.93007
16422,0.95972604
16486,0.50265217
16580,65.19629
16583,1.1869891
16595,16.308727
16701,10.075802
16794,46.806557
16949,28.32262
16971,16.466923
16974,79.48525
17037,49.717422
17135,27.518085
17226,1.5400665
17535,49.521423
17669,1.4318099
18195,0.5303999
19043,9.763776
19169,66.095505
19319,21.632719
19601,8.366474
19812,16.68742
20300,0.111473665
20311,4.2370048
20611,78.59624
20661,0.048595794
20734,52.988503
20755,1.2629325
20913,78.34349
21293,42.657368
21677,3.6789126
21794,24.101002
22562,0.119815886
22673,0.92804146
23269,47.009514
23481,61.06585
23501,6.8516784
23586,6.3748994
23606,0.060696226
23628,0.062366903
23844,3.2900224
24189,38.654457
24215,50.09041
24261,21.37599
24281,54.989296
24285,60.831676
24686,1.4366661
25192,0.092243515
25235,79.83937
25406,20.512033
25805,49.20162
26012,33.104378
26238,65.98688
26362,73.727745
26520,5.5496798
26590,5.228368
26933,0.47017837
26954,2.311315
27024,83.97371
27159,74.18419
27403,0.94138575
27531,87.05772
27644,54.202587
27659,5.014834
27759,2.3227086
27883,0.14942966
28055,10.179736
28062,1.6061633
28083,2.2683961
28224,42.27226
28342,0.57135004
29012,16.347025
29013,36.17159
29414,42.157124
29455,75.35866
29594,5.019389
29628,76.674
29683,56.88222
30031,73.40224
30222,76.1803
30255,8.029742
31332,0.91456574
31425,37.02523
31555,3.645956
31998,0.13628586
32023,34.009228
32037,48.04203
32244,35.18498
32291,4.1501884
32331,27.966578
32411,0.16716334
32965,65.54323
33009,63.293285
33156,16.382057
33223,77.9124
33263,53.20214
33656,0.09075772
34824,0.05875095
35548,0.580921
36133,62.487164
36703,0.66873765
36934,6.38532
37042,0.07672955
37106,7.3602653
37197,35.306763
37214,0.112321176
38663,21.480343
38771,26.855246
38788,1.0462067
38833,78.75
39267,83.26304
39282,65.57049
39567,31.15449
39586,76.325424
39755,2.8367286
40039,1.7220863
40453,0.64943755
40966,0.07236225
40989,51.817394
41348,60.6192
41679,0.27891293
41959,70.176094
42530,12.376835
42580,85.25293
42882,71.7709
43533,1.1628168
43656,8.658176
43711,0.19386669
44096,46.111687
44145,3.9487538
44161,60.392525
44288,54.005096
44461,2.8251312
44619,59.266777
44973,51.87486
45282,30.629288
45556,65.24424
45637,1.1298867
45689,66.95162
45703,50.023323
45936,7.85215
46544,35.301083
47199,67.819336
47370,0.108602904
47868,0.10528074
48620,20.075718
48719,11.514908
49048,2.1716273
49715,67.843956
50541,3.0358615
50623,0.14191888
50726,8.536466
51485,73.00161
52123,17.381004
52251,0.19404736
52757,1.7352931
53212,61.490406
53359,0.84491843
53758,2.7857165
53843,37.55855
54040,1.0912894
54158,83.56688
54213,0.18983695
54453,0.19254209
54486,70.644936
54544,6.215523
54626,38.2088
54712,0.15624437
54846,14.2912245
55371,0.1447671
55467,57.364643
55505,14.759989
55587,14.237027
55668,41.38494
55737,70.18921
55902,42.740425
55959,57.07428
56467,74.08284
56525,1.6324472
56612,0.10518106
56859,82.69732
57161,39.161087
57166,2.2883723
57468,67.295746
57874,76.63169
57901,2.135358
58062,0.63589674
58101,67.33356
58286,0.70055497
58294,0.11156376
58364,1.9329122
58467,1.9627548
58471,0.07926713
58729,5.2069807
59293,0.11205248
59628,0.079211906
59832,1.8898627
60037,9.00064
60084,1.9967207
60308,6.9959655
60611,79.69004
60666,68.869965
60680,29.858206
61406,0.047451407
61470,7.212322
61492,65.58227
61694,0.32415637
61747,32.758995
61832,1.9723082
61869,1.8855051
61887,0.045742236
62038,0.06437831
62264,6.1632905
62427,16.142628
62430,60.73534
62461,82.405075
62787,89.494835
62891,61.8834
62903,3.927417
62925,63.890373
63154,0.6125396
63260,0.055049967
63360,74.01523
63462,45.869617
63565,0.05549754
63573,3.0462766
63588,0.39136195
63610,28.043777
63815,19.611382
64000,0.3097116
64277,34.157387
64334,63.31379
64361,24.977007
64627,37.434013
65018,0.118765615
65019,32.532364
65131,5.6491766
65255,29.683111
65556,0.059104066
65660,54.462166
65813,0.065591894
65933,15.322304
66008,44.01853
66222,41.09007
66251,4.290358
66275,4.5991073
66718,82.10649
66974,14.931471
67145,8.188029
67208,80.72608
67272,24.262209
67445,0.068760924
68099,29.710743
68305,39.168003
68444,26.15784
68716,0.11969044
68735,38.042225
68774,0.12627608
69137,6.574651
69266,0.16699354
69460,0.39733356
69755,69.11571
70226,65.76287
70279,17.294529
70595,73.49304
70609,29.655817
71483,1.4109495
71507,46.484596
71534,75.53861
71970,0.037378795
71999,0.023671325
73413,0.060947098
73586,57.47251
74073,0.1870076
74240,24.247269
74333,0.32472488
74680,78.14873
75167,4.0225954
75193,0.13426486
75612,0.2495194
75727,2.3465228
76761,80.96277
77455,14.236406
77799,2.993835
79635,70.551956
79749,0.08139461
80700,1.6163127
80834,21.742535
80924,40.71398
81526,11.582647
81739,0.61750466
81771,9.694361
82132,8.951544
82525,47.2246
82928,54.510414
83243,84.23145
83474,0.3871954
83656,20.579971
84010,0.16941334
84480,1.1981994
84659,82.139565
85213,0.17081505
85252,64.20442
86215,35.42688
87279,15.783038
87566,0.61674684
87853,77.170525
87987,4.2357874
89205,1.9110674
89621,84.30186
93313,24.590397
93540,3.6979084
94005,5.661191
94477,86.67403
94783,57.55636
95706,0.16263625
95883,1.0798832
96804,1.6485548
97587,2.5719428
98259,4.7804527
99913,0.099646166
100023,22.321009
100368,28.21169
100433,19.34905
101633,29.32777
102995,31.114162
103311,0.2960577
103555,1.4916538
103806,62.76483
104970,0.19878511
105416,0.7832662
105469,0.026231993
106363,90.72357
106647,32.856747
107415,7.679625
107690,12.063127
107799,0.459556
108175,8.116879
109891,62.54319
110576,0.075530216
110739,62.78415
110762,0.08787463
110784,2.6701686
111308,0.08762088
112648,0.0848592
113265,90.17112
114353,3.3421874
114388,0.060949307
114940,8.09567
114969,20.236109
115959,12.9204235
116940,80.14348
118061,30.631931
118231,2.2834477
118266,0.05501035
118267,0.422682
118430,15.591799
118541,0.13099983
119008,19.048166
121473,23.282011
121687,0.21128881
121861,12.379507
123784,30.510431
124777,0.3857513
125053,17.82932
125163,17.822498
125265,0.9938238
126067,6.908839
126443,66.705986
126982,79.39736
128205,1.1616019
130632,0.11615996
130731,5.005451
131747,6.242798
131757,77.890526
131892,10.314011
131918,0.091054596
132024,0.9780197
133025,64.753296
134387,80.43576
135320,5.2815847
135393,69.631325
135465,57.4002
135706,0.30289608
136398,48.913784
136493,9.807615
136923,37.802834
137303,0.97483426
137558,17.427433
137635,48.577515
138968,0.14025304
139207,0.12716728
139624,22.519526
140053,0.92879087
140133,43.66928
140195,71.386894
140223,38.7648
140237,63.045696
141154,75.79371
141177,0.23190907
141335,28.162598
141500,36.94694
142069,0.1305352
144148,0.051141333
145064,1.9693457
145988,0.06291363
146808,0.10087951
147004,0.22709703
147586,56.89498
148182,0.2588361
148187,11.183136
148259,38.236103
148568,0.19474661
148825,81.91498
149287,0.16340949
150444,0.28327465
150804,2.230411
151916,0.04632743
152259,66.09452
152263,64.45587
152453,0.8398598
152520,0.15741144
152783,5.11502
152819,41.408073
152883,83.38474
153309,5.0056305
153388,0.13008901
154934,1.8286145
155296,20.332289
155958,0.7682247
156385,0.13875803
157673,3.8975952
158061,10.199684
158290,2.7836328
158901,17.64882
158913,0.01720259
159019,38.192867
159815,1.1147271
159913,0.15843326
160824,4.942439
160952,0.7060091
161394,0.113232315
161996,61.916954
162429,1.2570105
162565,1.3155253
163627,77.874374
163809,3.3813977
165653,0.5945832
165824,0.07125636
165960,68.23165
166006,78.98552
166172,18.766407
166279,3.9121037
166809,53.43697
167030,6.5224295
168042,2.6984856
168084,13.1078205
168775,14.37914
168810,0.14156193
169063,2.308667
169152,67.85885
169479,0.3378695
169480,61.310463
169532,11.301394
170215,0.122210905
170286,55.12191
170441,0.5954388
170847,9.20651
171256,5.444618
171562,12.140596
172445,8.153012
172675,67.46838
172870,44.293114
173072,9.04114
173742,28.305237
174966,32.615498
175069,53.196857
175720,25.635319
175902,2.8049855
176129,37.028393
176653,1.1268346
177606,3.334306
177709,7.3756256
178491,0.09625603
178651,0.06444214
178744,0.6183639
179234,10.512216
179925,2.8816028
180053,0.33336693
180201,0.14586377
180524,0.12890807
180653,22.495968
180822,78.69485
181972,68.801575
182062,52.88215
182069,60.161842
182095,15.699344
182225,0.11151527
182649,74.9909
182727,2.0993595
183344,0.27780357
183691,0.8795255
184189,0.13193044
184638,10.827365
185266,2.5547783
185478,59.531013
186305,20.585379
186730,5.703511
186871,0.1396155
187167,0.6888713
187956,20.133638
187979,61.28408
187986,0.6054253
188087,59.832695
188146,0.59855056
188622,0.08835922
188803,2.4885726
189135,20.270058
189181,0.5944873
189732,71.90615
190105,33.2596
190542,1.1029774
190968,26.294418
191075,12.487332
192263,1.9805505
193105,31.528616
193240,7.782028
193333,7.0675087
193853,14.17778
194034,1.6962248
194154,12.734155
194691,0.23605137
195027,0.658635
195123,43.163017
195240,17.886288
195971,60.323864
195989,75.13635
196100,10.94808
196983,21.774042
197155,44.611225
197253,0.46284175
197389,0.2797142
197390,0.849728
197753,85.78946
197931,38.46805
197942,71.34345
198028,11.491774
198478,40.61153
199195,32.542183
199425,0.09597776
200059,0.11178027
200625,0.08316858
201173,5.197045
203907,34.12801
204065,48.217873
204833,2.1682575
204894,7.547377
204959,53.065605
205735,47.5862
205968,6.567547
206316,2.092135
206957,64.830025
207049,6.0935636
207249,2.1511636
208095,30.09076
208191,52.72782
208499,71.05968
209087,0.21505514
209232,0.26347813
209287,0.95449984
209378,72.15584
210531,0.06673144
211078,65.86689
211152,2.7588103
211974,5.1555657
212109,0.37277555
212848,85.77446
213330,23.565477
213447,55.602997
214227,47.77511
214325,60.376717
214474,10.828308
215746,1.4946971
216015,81.11179
216563,13.61882
218224,4.340731
218358,2.6915717
218508,58.327637
218793,0.45395654
219066,14.898325
219245,0.14452866
220413,62.860455
220946,67.6903
221097,62.834827
221823,30.310373
222054,6.839385
222304,1.8026171
222340,61.22816
222913,75.94548
223926,39.597466
223930,5.0731673
224510,13.684921
224699,0.15544045
225306,68.479126
225354,0.24353436
225887,59.86864
225926,29.264587
226700,12.30868
227715,80.06671
227735,2.6640372
228132,1.3849317
228517,6.952777
228888,75.82301
229212,43.285458
229367,77.326225
229728,0.109661795
229874,0.095355585
230194,63.73404
230321,1.382715
230449,2.4953816
230854,81.87574
230956,5.493516
231145,69.908066
232084,0.76427686
232331,3.9092546
232564,0.33637363
232618,54.488983
232706,0.049696866
232866,0.14796475
232894,5.02873
233189,46.67453
233963,63.293297
233979,6.717602
234034,24.767498
234184,25.178236
234730,0.8177765
234909,71.03216
234990,37.999203
235552,30.165472
235595,1.3075343
235666,12.609137
235951,14.761816
235960,42.156654
236671,51.572212
236788,41.251823
236806,0.1214967
236811,18.301365
237734,0.9633959
238208,53.1203
238746,0.40328822
238814,64.45144
239410,0.37551147
239733,0.97543764
239934,43.35622
240314,73.44425
240709,3.857037
241021,1.2004303
241140,2.4612877
241862,0.22446153
241969,0.22445028
242479,21.053402
242532,25.50543
242585,16.289211
242643,27.363205
242768,68.79198
242789,77.59099
243229,2.360885
243352,54.527367
243700,0.3713568
243714,2.1583505
245175,26.088482
245430,5.8122835
245504,78.97682
245544,34.444862
245607,5.489929
246134,3.9232273
246434,0.19868039
246896,2.3372872
246938,87.06511
247756,0.13179065
247890,9.872302
248029,23.384998
248713,3.415645
248865,0.48943192
248871,56.55422
248966,1.7158492
249582,0.07404153
249626,0.18240538
249867,1.7077396
250369,3.087444
250420,0.04838524
250536,0.6269623
250619,51.259754
250973,54.618763
251056,0.5243141
251262,71.36809
251277,28.017874
252076,72.504944
252607,0.1631445
253332,6.3903604
253466,3.8043118
253471,2.1291685
253537,67.28108
253612,2.2172947
253623,2.0517163
253800,6.3712587
253803,0.8392681
253811,4.603441
253839,1.1863734
253846,0.10934349
253956,16.167345
254168,0.24005517
255487,11.94251
255601,81.652245
255650,0.119355716
255672,5.205982
255957,1.4196175
256153,76.47618
256467,0.13793156
257568,7.439851
257802,0.14078149
258284,69.358795
258397,32.431313
258412,69.31862
258774,29.82871
258865,21.683136
259887,10.956332
260004,39.913918
260407,45.33263
260618,64.85035
260672,2.20145
260732,0.095727146
260755,0.104401074
261259,0.20407979
261366,0.06561692
261491,27.69466
261781,2.0898705
261869,54.98783
262343,11.393539
262583,66.44607
263360,52.98517
263502,0.371844
263776,16.197674
264083,21.866642
264323,59.019817
265145,0.10593331
265626,9.57139
265831,0.9580239
266492,0.13336414
267294,11.018103
267376,0.19290593
267425,61.33781
267490,0.15726744
267553,0.10826917
267652,1.647226
267663,8.721665
268281,16.804401
268392,11.913859
268449,0.097868696
268481,0.21670322
268549,52.40096
268868,36.13928
269134,1.0021434
269208,10.451434
269215,3.604425
269283,23.22045
269327,0.8937314
269337,12.203511
269404,0.11930416
270165,4.2575502
270226,0.86973226
270681,0.27291235
270776,0.018419815
270929,16.808231
271083,75.14359
271130,22.434391
271279,33.890327
271510,0.09059324
271694,0.20803651
271954,47.969612
272026,15.143564
272146,0.07848932
272473,0.07948217
272738,8.604672
273895,0.13034461
274085,40.049946
274127,0.228584
274270,18.337084
274376,0.5565406
274743,0.17101443
274946,0.048178714
275271,72.85487
275443,0.11774258
276014,5.657026
276120,73.120346
276491,3.0911846
276734,0.07826301
277128,3.7941601
277133,0.96883965
277313,0.56891537
277372,10.198733
277883,2.7450092
278151,58.094994
278631,0.07917884
279102,0.1031176
279857,33.992466
280393,2.0004432
280419,0.18930791
280477,6.464328
280480,1.2779014
280688,34.99148
281067,68.15482
281097,0.094003506
281143,0.95740396
281192,3.71959
281220,46.09552
281238,7.954816
281521,0.13665073
281690,0.08411328
281703,0.4286848
281851,15.644086
282443,32.402042
282856,3.1161911
282863,28.195225
283194,13.814772
283272,12.581743
283550,1.03424
284095,0.17886126
284096,69.838165
284866,66.467354
284973,0.10843296
285344,11.579791
285442,0.08976474
285469,2.5769935
285492,4.837855
285853,12.994489
286134,0.36914626
286662,71.34804
286747,0.049022064
286838,0.098934986
287272,37.273434
287338,0.071554124
287481,26.494907
287523,0.14761141
287814,55.252716
287845,15.937601
287908,0.9192354
288043,19.28452
288077,15.625644
288224,0.29584458
288726,15.700981
288930,0.13369991
289020,6.65293
289288,62.922997
289576,0.10986875
289665,75.88131
289995,30.753101
290193,1.647248
291017,0.07795848
291051,0.08172275
291468,75.28172
291622,0.11199087
291673,0.19065085
291682,0.082955815
291714,15.42352
291825,64.681984
292047,53.65644
292266,0.49231976
292281,0.09094358
292314,16.661041
292585,6.572145
292800,48.50636
292973,56.108543
293328,2.613998
293724,0.0591775
293973,0.12848859
294239,7.0005264
294250,31.502039
294280,4.158855
294490,7.2159147
295279,0.7957258
295366,6.741685
295485,0.08401175
295998,18.603012
296345,60.70506
296361,48.81472
296717,3.0936148
296854,0.05509001
298202,28.881165
298782,56.939575
298788,31.31519
298854,0.11572721
298920,80.91527
299078,67.847694
299778,24.600407
300062,37.407757
300140,77.973
300162,1.3234909
300668,0.07564366
300976,0.11495874
302057,58.670937
302758,0.1142083
303462,0.09680171
303725,17.99572
303851,28.273575
304634,46.56388
305211,76.163475
305554,54.649372
305670,11.434035
306190,53.847076
306576,67.21453
306798,50.92729
307264,0.2337069
307344,44.638233
307729,1.2952368
308241,14.943501
308823,0.0842817
309354,0.093290016
310152,0.11165589
310272,26.961811
310338,8.0441885
310420,2.313076
311142,0.40768522
311356,51.583233
311965,83.04307
312104,13.374704
312429,24.323807
312664,36.89115
313093,1.4506503
314407,0.12541239
314442,0.08790635
314456,2.3767476
315421,0.12629971
315711,5.080077
316079,44.12655
316925,0.10544486
317131,5.070356
317192,7.8259254
317662,28.763508
317838,15.503344
317938,23.089468
318187,5.0466647
319790,5.2990255
319844,5.148916
320524,0.013565061
320876,66.842705
321014,0.7454942
322923,19.20429
322974,62.02165
322982,22.837637
323059,46.49676
323512,12.777172
323706,40.342632
323994,0.0901819
324000,6.356697
324517,52.935066
326908,77.35701
326946,35.997807
326956,18.577745
327778,0.04671713
328040,0.26351014
328693,50.41564
328744,2.6824622
328798,34.819214
329385,4.0526075
329933,0.14519781
330347,0.06372459
331986,13.251944
332525,0.12630287
332740,34.267548
334714,9.029631
334724,60.225056
335778,11.347891
335797,47.638477
335820,54.008656
336085,2.8250778
336449,0.29361895
336756,37.51344
337468,1.2695286
337922,0.45397195
338706,0.97859716
339386,0.9103028
339451,1.5564445
340082,0.11381705
340365,0.07025248
341314,0.109669365
341982,3.371802
342027,1.5007782
342995,17.672033
343119,57.437244
343273,0.07962404
343971,54.48681
344068,0.13864207
344092,52.885216
346527,3.0140965
346805,3.1298442
347360,0.74007285
348753,41.723152
348862,46.638897
350435,0.3107337
350525,40.65781
351859,6.489151
352651,12.346725
352938,22.027817
352990,2.5613792
353801,10.724396
354514,76.60421
355224,66.030846
355563,1.1720068
356712,0.13127582
357224,0.065435626
357509,23.397732
358565,80.0557
361811,11.198561
362813,0.035438903
364043,81.73633
364275,16.303442
365227,58.576782
365439,0.080374986
366519,19.7832
367516,0.21132442
367810,1.9118265
369411,79.521095
369626,17.357086
369671,17.253529
370288,0.34089798
371138,0.135148
371594,0.57298785
371835,0.38222367
372843,46.59995
373783,0.15942347
375076,0.3227802
375136,80.01457
375249,0.5321242
378846,0.40813932
379002,0.11271777
379326,70.70284
380416,16.32616
380730,19.061821
380923,0.4414875
382524,0.27874058
384379,0.07992106
385326,64.98442
385632,0.15213153
385657,0.2612564
385824,38.034325
386507,0.79211926
386744,71.44659
386799,11.899176
387377,26.52425
387410,0.2847131
387898,1.0757265
389050,48.48772
389482,22.696964
391948,7.184232
392549,12.046173
392794,57.08915
394076,15.829811
394111,23.093838
394292,10.295571
394395,7.594845
394474,81.31132
394529,0.49643698
395613,12.071581
396780,0.047275867
397034,0.060976077
397420,19.104475
398682,56.93886
399640,1.2243431
399946,49.89324
400039,53.798267
400546,79.20398
401022,0.12917092
401039,72.54596
401553,0.6046914
402201,80.3005
402273,53.808025
403068,50.47555
404923,74.54574
405408,65.66571
406926,51.976135
406992,1.0980701
408133,46.31535
408143,0.013073144
408491,0.092431016
408983,22.901632
409293,49.495647
409734,29.94516
410249,0.523578
410694,27.296457
410704,2.2153242
411336,70.795975
411525,18.488934
411918,75.29925
412061,59.618244
412092,22.796118
412180,1.4416854
413528,0.10940094
413605,40.823982
413709,71.35125
413721,0.8448087
413775,0.10806718
413815,4.6285315
414553,1.4742146
414801,54.241924
416108,0.099442445
416426,2.4863935
416557,11.503328
417064,32.1664
417710,20.466253
419678,0.0820367
420001,4.9150114
420010,0.10781889
421554,49.479523
422877,21.49529
423015,28.70288
423818,35.864727
424192,5.406283
424298,28.79184
424744,67.05156
424870,37.85672
426008,13.670749
426044,67.617004
426491,0.17368741
428180,79.389084
429504,0.010230878
430615,0.054759275
430920,0.12388454
431330,19.373396
431344,0.30332223
432090,58.033478
432858,2.4498935
432870,0.9310856
432897,30.615997
432950,46.822273
433060,72.42334
433267,45.476086
433914,55.677277
434792,40.842567
435579,21.783716
435946,54.389336
436510,2.987739
436780,11.808237
436912,17.144619
437906,0.24856167
438513,44.865532
438773,0.25661927
439750,4.204558
439955,0.05861771
440171,11.767102
444430,23.367168
445377,46.26022
445437,20.911524
446367,16.106304
447766,0.08674916
447875,0.12744689
448048,30.31372
448049,67.506775
448603,5.360841
449034,65.51726
450009,61.182323
450011,2.6487222
450492,6.8500695
450530,4.140153
450699,0.1237693
450769,0.2110753
450905,0.09234138
451381,0.067943
451626,0.56170547
452068,0.26757234
452728,29.344074
452824,0.17588761
453099,1.7084736
453161,4.190938
453255,0.791546
453449,0.27243033
453922,74.393616
454188,0.12101197
454763,6.9126024
454961,0.41686687
455743,45.84876
455947,55.61598
456190,75.98213
456280,71.72563
456457,1.996011
457829,75.15267
458134,39.69309
459319,0.1813062
459810,0.25343573
461338,33.544323
461480,1.5108703
462385,4.1395245
462986,44.04787
463833,2.016004
465267,1.6889995
465407,4.0136857
465803,0.11575796
466395,22.998903
466402,0.17008999
466457,59.490913
467302,47.522972
467634,84.49749
467866,43.41745
468613,0.0022269564
469806,0.2852896
470061,39.23774
470370,17.590294
470591,19.923887
471562,81.30531
471712,71.8849
471758,0.28368813
471845,0.1562857
472376,1.1230297
472673,0.23553959
473035,3.760062
473592,42.763783
474090,8.693013
474261,48.272453
474694,71.639084
475456,0.07141051
475472,56.99964
476260,3.5692039
476841,36.289864
476851,0.14734289
476899,1.232788
476983,88.27208
478242,12.182818
478385,66.034164
478464,3.94974
478604,1.1240377
478949,0.12869552
479263,3.53482
479285,19.067436
481022,82.071014
482365,5.038808
482802,0.04764049
482969,2.4682348
483485,73.53685
483505,4.9058967
484312,20.3558
484722,7.393673
485200,55.23225
486902,9.18439
486915,79.70831
487816,40.061043
488211,29.3357
488309,0.5323626
488327,51.500507
489086,42.221733
489276,71.15599
489708,36.944122
489962,39.692444
490989,3.5896888
491123,50.31116
491496,17.706356
491891,0.45110908
491977,0.12017524
492785,11.560591
492931,10.882476
492933,11.452489
492977,0.26213673
494191,6.992284
495611,0.050476275
496095,0.1320918
498038,29.55123
498052,20.016504
498120,0.02888084
498693,59.425354
498794,1.0976452
499274,0.20158553
499683,24.750408
500845,61.940876
501082,24.469498
501541,3.0615497
502108,0.11169074
502309,52.41029
502429,44.02451
503460,6.5211563
503529,1.6967509
503722,6.0692024
503791,4.09484
504322,1.6138843
504362,30.780619
504405,2.2835536
504507,39.5263
505029,8.221705
505315,49.38427
505716,2.5250485
506121,83.965805
506280,0.04428047
506403,0.10311605
506409,1.3597943
506443,0.23117974
506527,0.111166194
506571,11.219836
506629,42.459084
507393,58.325176
508080,68.11113
508117,17.711529
508391,15.767996
508583,21.30614
509537,5.6025147
509933,0.110856555
509989,43.750694
510264,1.7906479
510447,25.81142
510543,0.4624733
510624,6.4052153
511385,4.252912
511638,46.25852
511733,0.10320647
511911,11.762626
511960,1.1275337
512144,16.954948
512209,29.163925
513327,0.17522958
513688,59.35354
514451,0.25111508
515392,25.061354
515456,0.2605055
515552,11.704226
516461,3.6200612
516508,0.09386184
516643,0.14315246
516936,1.8016386
517600,74.48357
518566,0.053447884
518576,19.163412
518960,82.92195
519310,71.06081
519615,0.15234888
519805,83.663536
519983,0.07841955
521672,58.313545
521820,0.07727227
522081,46.70226
522160,10.225047
522240,5.1490293
522349,1.0112196
522837,23.202925
524111,59.57926
524114,35.209244
524182,1.7795086
524919,82.121376
525120,31.192566
525293,68.827385
525725,0.12887791
526532,0.8696515
526887,47.25547
526923,2.0148847
527318,0.8048167
527422,72.4833
528251,3.8367043
528464,2.2616682
528485,0.2685936
529046,0.21760425
529340,5.9646235
530135,57.237038
530576,36.5102
531208,0.08344988
531258,2.3867633
531363,1.9706714
531486,1.9452293
531769,0.19087458
532288,63.736614
532323,0.5884934
532398,0.048366956
532641,17.138988
532749,55.861115
533444,11.312006
533731,15.467916
533927,63.030956
534897,11.847141
535095,0.16219403
535119,0.076547
535129,0.17908157
535352,13.848346
535457,0.09203299
535631,80.439415
535834,7.490187
536578,1.8803629
536799,28.726355
536859,0.24226072
537324,68.51444
537337,13.41908
538012,2.7159464
538905,0.0533543
539110,0.038394146
540191,9.71501
541653,1.847215
541725,30.965826
541993,58.534508
542017,0.10792251
543733,0.08054276
543776,1.0261998
543792,77.28667
544039,0.11758433
544256,0.2649406
544324,33.20025
544331,2.0202732
544956,0.10179631
545252,21.104214
545257,53.695656
545296,0.13881478
545597,0.15445858
546383,80.991425
546442,0.18463552
546504,0.18602082
548056,76.01201
550288,0.24946496
550809,15.228108
551074,0.14562252
552141,45.9278
552502,4.518298
552519,78.411476
553516,39.72931
553565,6.4931593
554165,5.3129916
554669,0.07912479
555206,11.29645
556874,1.9821848
557098,0.13113447
557356,0.14156985
557865,2.0211768
557902,65.58296
557927,2.482758
558029,2.6408992
559118,0.14513825
559505,0.12542175
559811,0.053163182
559863,0.06523526
560097,0.16725832
560231,1.8857772
560287,0.2732605
560867,49.498436
561179,0.6720269
562098,50.42205
562302,15.8176365
562449,0.13441189
562479,0.06987502
562524,7.3135123
564447,68.115906
564540,0.04982044
564614,13.089528
565531,22.127678
565907,0.10876296
565942,0.122587666
566835,71.88435
566911,0.16269945
567281,78.60716
568392,0.88792753
568743,63.226418
568846,7.3341165
568933,27.096354
568966,2.0130675
569255,24.73403
569651,0.06705842
570363,10.03573
570458,5.335944
570549,1.1823083
571564,83.36395
573671,9.082668
573801,0.09879842
573815,19.988844
575873,1.320549
576020,66.614334
576142,0.09312174
576426,3.5699592
577824,0.06761808
578239,4.491051
578274,0.084980965
579604,63.129982
579716,75.37063
579817,15.867775
580144,0.35793513
580153,57.213818
580943,30.481197
581180,27.539036
582669,0.31919038
582764,2.170315
583102,2.6117713
583159,0.6973763
583224,0.21222377
583337,8.8425
584386,40.80021
584428,31.748148
584523,0.14267625
585260,9.390276
585300,4.619205
585937,47.17739
586640,0.10064928
586983,1.174369
587077,54.539265
587519,0.6738011
587554,2.5622401
587698,13.912422
588631,43.622585
588677,0.7180463
588919,0.79383725
589708,79.16668
590903,0.07981005
591025,17.944181
591046,13.736264
591112,20.566303
591135,9.815052
591602,0.02812313
592282,2.0286167
592342,16.239222
592376,1.7006317
592785,17.54404
592831,1.587521
592853,5.7258277
593292,87.27087
593350,7.2364173
593642,16.046083
593900,55.85738
593923,39.80494
594020,64.40279
594036,0.18006724
594311,0.025576789
594521,0.036983963
594524,8.088239
594611,0.95677537
594639,4.839099
595321,0.13499665
596346,0.21861005
596373,90.458755
597584,1.555815
597624,4.9893737
597668,4.769684
599847,0.68622065
600129,0.66905344
600434,0.045714717
600626,0.6988883
600877,0.15629913
600891,39.771515
601479,72.27244
602142,1.3200407
602453,8.7326
602603,0.19611655
602729,3.4123902
602783,1.8338764
602966,0.05335643
605670,3.8466878
606386,3.9365287
606623,0.16116378
607525,10.361425
607735,46.396126
607891,54.881462
609126,0.6575017
609198,1.3953223
609213,0.07911476
609429,0.11226791
609559,35.563587
610118,0.08327974
610596,31.33964
611791,0.045941245
613776,64.624054
616290,53.8292
618477,8.321268
618557,11.183264
618836,0.11354911
618916,7.790496
620473,66.94944
620540,10.934518
621220,0.058200646
621269,0.18028599
622082,0.68721
622541,0.034153864
623852,0.12187742
623962,7.727557
624222,4.09463
627432,28.585419
627505,70.701355
627835,58.006554
628064,0.30170855
628100,0.19095014
628198,2.7815795
629000,1.3937532
629105,0.5093343
629624,0.19677408
629793,2.3246331
629855,0.778258
629949,44.88511
630620,22.874634
631134,2.2221284
631561,66.95679
632347,86.32683
632692,60.298687
633162,70.64833
633276,52.158123
633969,0.108485594
634328,29.138325
635282,65.94514
635842,41.165302
636391,1.5337809
636915,0.10478014
638822,41.38566
638894,0.09511925
639199,45.271233
639267,22.463924
640255,41.417145
640910,0.18672054
640990,52.41535
641012,0.93482053
641027,1.4354031
641439,17.084293
641817,20.788275
642070,65.19298
643328,72.509964
643529,0.2044987
643591,1.9816583
643814,0.12228483
643877,4.085944
643910,49.21954
643948,87.70878
643951,3.003139
644001,0.2674191
644559,0.07383064
644575,40.328804
644841,0.24397555
645693,69.5243
645942,5.870866
646298,10.244336
646325,21.755184
646378,11.258047
646453,1.0261054
647656,0.094028786
648246,3.0386515
648263,3.254811
650867,0.30279833
651375,24.988361
651438,8.217386
651475,77.44759
651544,16.372686
651761,2.9928715
654005,16.624027
654232,2.0330417
655705,40.6596
656913,7.66877
656975,13.549278
657161,16.277603
657217,78.57367
657243,0.9680222
657727,58.091522
657734,0.102457166
657885,0.15087965
658008,63.71463
658257,68.91542
658294,58.81408
658932,0.0286762
658963,25.100094
659875,1.2075545
659888,55.088978
659952,17.273855
660016,71.6679
660036,22.508348
660542,53.821636
660812,71.1254
661839,0.25141063
661847,64.011505
662298,52.156685
663668,1.1964991
666443,5.701957
667375,7.4074965
667432,10.012625
667502,69.46215
668121,41.57692
668382,13.859808
669774,0.19873022
669939,12.326228
670064,73.43925
670212,0.07210262
671022,4.0181127
671303,1.0568092
671402,11.425698
671544,0.098721
671593,30.557316
671633,37.174904
671765,73.3077
672616,0.24835324
673061,2.0132747
673107,0.2104336
673152,2.3983293
673760,69.63391
674231,0.7515162
674620,0.27427194
675793,0.03568364
675817,0.08440138
675824,23.176764
676752,78.361206
677162,40.107746
678001,0.07174281
678068,9.634684
679756,2.689011
680104,1.9734299
681361,70.10695
681582,12.518057
681599,32.50152
681805,71.48024
681989,28.484274
682027,0.6773736
682032,22.199406
682706,5.6950655
682996,71.5418
683106,11.291707
683183,0.15002033
683821,9.976397
684941,0.08682285
685364,48.959435
685381,1.284581
685435,0.93369615
686153,78.52092
686384,28.235962
686696,72.37152
687679,0.16039154
687794,6.321349
687845,0.7511658
687964,11.383577
688663,2.3167458
689900,13.355563
690643,12.545355
690675,0.3788236
690680,0.22586814
690960,87.04185
690972,15.739166
691049,21.22874
692657,0.85657054
692736,0.06464149
693479,0.104185894
694374,6.019596
695216,45.79432
695261,0.08474384
695568,0.033704124
696464,34.181988
696593,0.13120487
697765,6.13382
697923,53.487038
698298,2.2494574
698327,0.38728645
698894,1.5590446
699645,59.128014
700317,0.09664713
700916,49.389553
701363,76.421585
701397,4.2799926
702213,17.962627
703125,0.06736164
703971,1.932223
704047,0.16354083
704669,21.10759
704746,0.07282341
704838,48.91117
705783,21.171421
706347,0.8839921
707302,0.11243334
707358,0.16433689
707387,0.39387858
707443,60.107216
707695,0.10823341
707736,9.784223
708358,50.39696
708374,79.79779
709271,0.036289234
710283,0.51086694
710290,10.788408
711393,0.4928152
711462,1.4024032
711635,40.813377
711881,0.059314065
712127,26.146683
712136,37.65707
712200,8.649527
712260,26.760447
713616,4.7144375
713857,32.000145
714028,4.343693
714939,0.6929568
715073,9.015897
715544,10.553249
715615,76.70217
716350,0.5249566
716433,0.19111821
716780,0.0976157
716949,72.48999
717725,0.19664207
718761,17.374935
718796,44.38218
719393,0.07428713
719621,22.15308
720221,0.08742931
720242,2.668304
720274,0.09404851
721719,23.927097
722399,0.08013078
723362,7.712555
723457,11.447377
723468,0.063072555
723507,16.037426
723560,51.771935
723786,39.84444
724806,4.0690713
725509,80.30255
726692,4.216432
727414,71.010544
727512,18.466578
727835,49.42512
727964,0.21680076
728409,60.57206
728493,39.092003
728498,24.749374
728573,0.1216622
728837,0.12779658
728857,0.75578904
729386,0.06617509
729678,26.270767
729684,53.115185
729714,30.526892
729740,0.12808207
729811,12.381548
730634,1.7855307
732397,0.21101093
732700,4.8113375
732818,0.36660555
733207,0.078586064
734514,60.58642
736061,38.22312
736187,61.048424
736743,0.19664587
737100,0.18457948
737126,65.53566
737330,1.9114653
737356,2.9702096
737500,0.55042565
738008,13.68027
738263,0.10170847
738283,8.518606
738588,8.146436
739458,54.769493
739738,0.04008774
739815,60.175713
739890,11.49617
741154,1.3353789
741345,0.11244204
741354,2.405634
741456,84.790665
741509,0.035196133
741740,0.057289016
741783,77.021706
741797,1.8745973
741806,9.931104
741862,3.7892785
742779,4.2081466
742795,39.569054
743429,3.6360042
743468,1.107179
743549,46.373993
744078,43.15737
744096,3.522131
744227,2.6390738
744418,1.5401299
744638,12.275343
744913,1.4393251
745037,37.170593
746088,74.50738
746346,76.977165
746362,55.86132
746393,15.697876
747159,59.933678
747316,6.9425673
747401,0.11375944
747636,0.14147554
748118,58.512196
748277,11.365753
749362,26.96842
749455,80.27489
749534,11.591434
749738,26.729641
750946,0.1322252
750984,0.1070625
751818,59.31901
751851,0.17906414
752150,41.4627
752455,0.9473988
752811,67.08554
753399,5.2078094
753687,57.07183
753718,20.844381
753983,17.439226
753991,81.94472
754190,29.835903
754353,0.8970021
755032,2.9126945
755312,0.70543885
755392,1.0837313
755525,0.44922447
756611,69.70224
756767,62.0885
756861,0.17915377
756892,0.27141556
756924,71.04259
756928,5.7479587
756941,0.09534567
757187,14.0347805
758782,0.3600742
759181,23.645672
759901,78.32926
760088,2.8667488
760556,1.5294716
761835,18.721493
761848,0.60462415
762015,9.74513
762088,4.778449
763546,56.871746
763809,16.306244
763824,77.19389
763833,64.609184
763878,39.31109
763932,26.518118
763962,60.964386
764753,70.56966
765288,0.1569217
765315,39.87128
765335,7.9424524
765542,0.111369684
765569,15.86729
766228,2.155677
766814,0.021869635
766915,0.07528304
766948,2.9891763
766964,0.032573856
766973,19.395844
767286,2.0291615
767571,68.509796
767771,0.115809664
767797,0.07892329
767969,38.51699
767983,1.2818824
768106,77.41449
768162,35.562176
768797,15.430801
769279,1.5443935
769448,83.12206
769740,1.0052317
769899,0.25774315
771396,0.06514253
771430,6.085837
771464,0.06326092
771625,7.458995
771647,3.7058842
772667,0.5486494
772679,5.338618
773041,68.4395
773259,1.739365
773813,1.407613
773993,73.40645
774791,33.53518
774899,0.11726235
774948,1.2257862
775016,0.15948729
775233,0.13818881
775280,58.65854
775311,0.06858741
775447,82.60351
776381,4.7872725
776500,23.640865
776820,0.08982967
776845,0.20884314
777097,1.2851398
777327,18.654007
778291,0.13312073
778381,4.1706495
778390,79.13492
778615,0.2165679
778968,2.352208
779001,67.651184
779217,66.16715
779607,15.174444
780205,7.434947
780238,0.11241424
780322,33.405464
781486,71.868256
782063,0.4571012
782681,0.1676246
783307,71.52472
783341,39.57399
783397,0.14156426
783705,77.67987
783818,0.44686633
783964,22.4107
784024,42.702805
784169,71.03252
785003,0.15514748
785097,2.149805
785366,0.14611283
785508,60.72777
785953,1.7653182
786105,1.2026756
786481,0.1791719
786696,0.27637514
786843,67.23086
786955,49.502914
786967,7.6286
787567,0.06324316
787593,0.09790029
787941,39.799168
787968,1.1089519
787992,0.37387657
788683,78.50116
789302,20.114042
789593,14.464811
789596,4.7601414
789686,0.12132565
790018,1.3012829
790032,47.499718
790059,75.18361
790074,41.16724
791049,3.4878964
791087,0.12169613
791135,14.733561
791191,58.720787
791223,0.47415477
791541,0.12648126
792061,0.14478302
792187,9.155322
792251,0.023750708
792418,3.140573
792457,9.71063
792609,4.902913
792748,7.501012
792808,2.9602408
793493,35.57478
793951,12.923437
793986,2.329457
794020,0.38820127
794156,34.544556
794318,8.367103
794362,4.886583
794413,0.105193116
794427,25.349487
794457,26.08768
794496,70.974464
794535,0.14510235
794567,38.443493
795198,11.0452175
795752,60.72536
795775,0.109156534
798100,8.793119
798108,0.06556415
798128,0.19161786
798429,75.73518
799319,65.26109
799467,29.517487
799829,67.76787
799836,72.684044
799900,7.2068853
800408,5.2180643
801058,0.24967465
801370,47.496502
801626,7.9205246
802651,8.670026
802677,1.178095
802983,2.6213305
803071,1.3521835
803237,3.1131911
803257,6.9612722
803267,31.306671
803835,69.31409
804040,0.11639063
804494,8.619215
804815,15.530667
805218,25.038746
805271,0.06540178
805405,0.50336915
805411,26.640223
805973,1.0405967
806038,65.929825
806205,2.6470225
806314,72.35668
808680,0.024812352
808774,0.38345236
808836,10.017126
808851,68.59861
809567,41.361885
809929,6.351308
810346,2.9298172
810431,0.09398846
810681,0.0910209
810830,15.988497
810867,37.304527
811117,0.061124407
811198,4.792342
811457,0.11809689
811801,0.05825907
811950,1.7180035
812462,12.939499
812467,7.9853377
812532,4.0169053
812695,78.37281
812925,10.102865
812938,22.374668
813155,1.0698636
813459,0.27001834
813470,1.148422
813554,26.26738
813645,1.5623047
813736,67.29535
814556,0.543201
814890,0.2859354
815045,13.985788
815386,4.033386
815450,0.12825763
815465,76.090256
815637,0.08976553
816503,76.56356
816875,1.1641092
816907,12.036878
817007,21.756584
817188,9.209661
817355,9.020685
817412,3.7819023
818030,31.219105
818084,20.34132
818252,3.6053996
818253,11.992537
818259,0.26144463
819228,11.959276
819419,59.61565
819504,0.10096185
819956,17.654871
819984,2.911695
820070,9.598317
820146,45.10805
820225,0.14361182
820801,0.12393074
821135,37.20114
821252,30.523594
821266,20.93871
821506,9.700094
821584,0.22390464
821585,0.1794635
822119,2.110276
822164,31.052454
822172,0.33543876
822263,27.264282
822266,0.6021202
822297,0.137175
822298,27.26975
823245,0.47288433
823631,22.08767
824163,7.063426
824421,0.094168596
824515,4.4340854
825129,38.004898
825486,67.0685
825545,28.771687
825550,0.11483016
825664,0.17316267
826236,0.09650028
826603,11.689332
826642,0.23437372
826990,0.55311877
827796,19.722668
827802,7.8608375
828130,24.730427
828218,1.3591704
828553,3.8669324
828685,35.151115
828915,6.9386597
829215,0.6996813
829935,5.0049233
830370,2.397289
830482,65.295425
830949,51.00698
832005,6.616651
832096,67.40959
832157,0.06785901
832281,0.15047383
832810,14.996704
832855,45.659676
832947,66.553955
833860,44.672165
833927,75.17564
834559,0.096432
834600,2.6785488
834962,0.09940875
834982,0.9210795
835138,1.6669743
835231,56.993774
836411,0.2741874
836513,0.1902544
836519,7.102936
836947,0.2969413
837134,0.09970556
837164,2.6851144
837284,0.3988994
837430,0.10145871
837471,37.33644
837503,74.36487
838489,77.58981
838586,0.78414404
838669,73.94534
838974,0.5096177
839058,1.9122899
839336,77.02446
840118,11.988109
840371,10.330702
840516,64.10693
840616,51.359497
840731,32.11315
840794,2.2512813
840914,0.07402757
841192,0.23421879
841211,0.12790883
841292,0.81716824
841463,0.24512959
841484,33.793762
841978,0.25310886
842167,12.93096
842176,53.52471
842279,43.875042
842484,11.28378
842740,3.976333
842973,1.5023421
843003,0.13239665
843033,0.48104042
843472,0.07724814
843491,36.056763
843499,0.100632764
844023,0.046088345
844025,0.07595451
844278,14.287641
845074,0.037824042
845362,0.17862186
845417,17.476667
845495,1.3371265
845514,81.396835
845669,0.0440592
845999,0.1272051
846101,0.18173212
846224,0.12446942
846272,0.015449919
846275,70.73328
846407,0.18175822
846431,3.4241424
846508,0.025663178
846671,12.308995
846698,25.54541
846854,43.692238
846857,8.61864
846948,3.4264112
847591,0.12639646
848071,22.081049
848174,0.17168273
848220,75.61126
848699,73.63347
848707,21.774822
848722,46.600372
849567,13.883893
849574,2.2062323
849703,71.83695
849927,16.295023
850093,30.315943
850097,62.358532
850260,0.6571307
850324,65.54573
850338,71.224915
850359,0.085144386
850388,0.143451
850943,1.6355851
851366,1.6531181
851952,0.10176446
852483,5.0978928
852709,60.689037
852949,0.0840875
853263,0.13162617
854095,6.297458
854396,1.010156
854736,14.27651
855150,73.468735
855300,0.1076535
855386,37.508392
855412,12.074381
855462,0.06926725
855542,0.1926042
855549,62.490276
855894,0.0450069
855919,19.845943
855959,0.32931155
856386,0.09709047
856396,2.8865724
856428,2.4358084
856440,6.4579644
856976,0.094999224
857941,4.5725203
859045,59.95385
859521,19.900534
859596,7.0063033
860401,71.74673
860827,80.29805
860837,68.586754
861561,8.706389
861689,10.082869
861759,2.4175
862890,0.102353856
863199,53.49018
863209,34.084587
864031,1.163653
864271,0.5139046
864981,47.366257
865033,71.358475
865992,4.6483016
866890,41.302055
867020,34.479046
867694,0.04936873
867717,0.2708227
867721,64.237045
867749,2.0026584
867803,14.369402
868966,0.09940917
871030,7.757891
871079,6.478779
871835,0.1230037
872008,60.830406
872069,11.03804
872897,81.90483
872981,0.069679245
873024,38.11134
873373,2.8190784
873602,29.94048
873610,0.1262594
873701,80.28154
874577,0.11179926
874615,31.405735
874683,5.38029
874706,57.673737
875460,17.168558
875543,0.06879745
876488,49.050087
876792,10.633268
876916,1.1035347
877067,20.70587
877394,2.1802602
877412,1.6072924
877431,0.25170642
878525,10.053681
878844,0.5787217
879111,30.953842
879238,0.11634199
879244,0.3121571
880424,66.41012
880452,47.17505
880811,0.20677462
880870,1.2572525
881159,8.639442
882523,0.2600226
882590,14.514832
883517,10.240368
883919,73.72946
886808,40.11579
886821,4.988992
887129,62.56423
887292,76.66475
887526,38.094196
888127,0.12096616
888554,0.6979426
888583,5.9304285
889247,2.7746437
889376,70.30367
890605,8.3956785
890855,0.12548593
892080,14.127794
892210,0.5994742
893556,17.216501
894093,42.555305
894988,14.053708
895253,10.142334
895429,0.16713904
895431,0.76264685
895447,0.43981442
896443,30.386566
898263,0.05368053
898264,0.04782792
898669,22.349436
898839,1.0578853
898861,24.679993
899948,0.12271211
902528,0.55739135
902709,72.11785
904060,3.8344502
904371,46.708454
905314,26.157248
905425,58.77651
905694,4.544759
906058,50.52345
906829,0.0252891
907966,3.924755
908015,30.25758
908275,6.63256
908346,0.5068951
908469,8.182289
910366,25.083256
910976,35.0235
911964,0.79254586
913177,0.37091744
913816,3.4429276
914245,81.38049
914325,12.074134
914355,8.020329
914594,0.099424064
916105,0.48360547
916836,1.4946768
916837,34.30877
917699,0.10591282
918239,10.485221
918398,5.049712
918610,41.18943
919212,23.048498
919269,0.042172223
919491,58.508064
919581,2.84023
919830,46.262024
919955,3.7469013
919978,84.53203
919990,0.10668598
920930,0.13256769
920951,3.2905707
921034,7.5341187
921203,4.0644765
921585,32.519325
921695,0.8863371
922695,3.4438317
922764,62.559998
923053,4.771142
923741,3.803418
924600,3.2361405
925010,0.7596062
925458,1.0420319
926337,1.240272
927075,67.61672
927408,40.800465
927597,24.236866
927987,2.9843554
928004,65.30534
929790,12.6346035
929833,12.962393
929891,63.06599
930701,28.59383
930809,65.287704
931780,54.300037
932241,0.13547684
932277,1.9676403
934224,5.576426
935695,1.0364044
937396,0.036036722
937448,1.5631421
937840,0.20420852
937876,0.021467961
939035,76.22862
939260,0.11326285
939411,68.18201
939657,83.11753
939724,60.453377
940046,74.08642
940856,28.403183
941077,0.062473588
941563,1.2134275
941642,77.48907
943891,59.957726
943929,0.13146414
944040,3.6361332
944755,58.345234
944840,2.384777
945297,78.13026
945820,1.221686
949194,0.077445045
950038,0.19781831
950777,0.17360908
951944,10.884333
953275,43.46505
953284,0.09611957
953437,0.65470666
953821,1.7143581
953960,49.55598
954105,53.32079
955354,12.9521
955489,63.459267
955542,2.440065
956412,73.43001
956554,75.12504
956573,16.875355
956887,0.14154795
956943,62.3675
957289,2.3303692
957592,0.4650835
958222,3.7266746
958353,3.0603995
959349,2.9179814
959779,1.3306856
959788,38.845535
959791,3.921872
959871,0.13164657
959948,1.4252007
960495,0.17347738
961477,73.46141
961830,3.2881866
961877,76.43573
962056,1.2785962
962620,0.41348705
964118,48.86405
964514,28.341
966104,35.51701
966167,1.1896307
966663,0.09752668
968848,1.2238264
968921,61.125225
969115,0.03975644
969463,0.4120613
970659,53.67121
970715,14.081233
970949,66.19823
971247,63.79112
971253,60.281807
972366,0.964991
972426,2.8976915
973128,32.646614
973371,70.60743
973535,85.42441
973791,4.399284
975229,34.13993
975250,12.09759
975359,0.17866643
975369,2.6360664
975636,6.614811
975656,61.047333
975897,1.3098752
977152,1.8421733
977267,0.31202024
977290,61.88273
978615,74.73127
979560,6.560508
979656,40.731842
979851,4.8953986
980018,0.25376818
980098,7.0073624
981494,0.1064104
983220,1.4214418
983625,72.4658
984380,0.83694804
985273,57.335716
985642,1.1792389
986540,10.701423
986727,92.0
986936,11.177202
986939,0.060326643
987329,35.58914
988991,13.925859
989241,19.159006
989423,0.12905289
989488,57.625824
989925,0.10805726
989976,47.40604
990171,79.545715
990703,12.134837
991396,0.23516575
992186,18.66021
992508,8.757219
992598,66.22213
993011,23.21139
993040,91.48326
993785,0.13940409
995169,0.06193201
995187,63.141193
995341,0.0559511
995367,3.2479134
997028,0.2811787
998023,0.7738337
998896,0.09336676
999984,49.174446
1000264,74.1068
1000871,0.87548923
1001367,49.161385
1001405,52.571533
1001447,43.713524
1002469,0.16381565
1005558,34.161697
1005763,0.13340458
1006292,70.66484
1006493,0.084163174
1006697,34.27346
1006699,17.166151
1007266,0.094528385
1007724,11.506056
1009018,1.519641
1010683,0.04706597
1011326,6.837301
1011449,6.2125325
1012203,10.492601
1012321,35.19545
1012337,2.5681014
1013235,29.968445
1013363,0.5114458
1013647,60.263306
1013779,0.06695013
1014305,1.0888976
1016004,59.08661
1018769,79.57903
1018858,0.1681656
1019111,1.0896496
1021122,12.16793
1021414,21.847706
1021668,8.059898
1022180,1.2763554
1023117,0.6479019
1023754,1.7286472
1023833,2.5492225
1024113,0.3536319
1024135,2.1956124
1024342,0.66062737
1024364,25.247929
1024932,0.22842154
1024949,2.5152915
1025847,1.562028
1026385,0.023649396
1026592,56.332325
1026683,0.42537087
1027022,0.031863254
1027162,0.21053138
1027808,46.00079
1027934,0.50342584
1028139,0.033671238
1028158,0.180149
1028222,4.966961
1028263,13.751104
1029845,77.25687
1030254,5.4726877
1030780,25.59752
1032127,0.14004095
1034106,21.261654
1034911,0.082285166
1035717,0.018094184
1036734,65.29663
1037017,1.6638553
1039045,1.5423596
1039215,74.75554
1039931,53.23951
1039983,12.238978
1039984,41.33844
1040018,1.142498
1040182,68.28906
1041218,1.4078152
1041334,29.715267
1041512,27.651714
1041574,0.07035898
1041746,0.1939387
1041974,0.051576775
1042416,68.4069
1043046,28.535877
1044502,57.50166
1044917,31.653982
1045155,0.033264358
1045491,71.93466
1045633,17.33183
1045897,72.974266
1046454,0.04854656
1046615,10.95764
1048382,0.16464326
1049153,73.11597
1049207,0.18361631
1049224,42.522453
1050389,51.91259
1050955,77.97325
1051859,8.027488
1052960,0.9656631
1053375,0.093215175
1053504,41.577095
1054201,65.93291
1055135,0.08039165
1055674,2.3933733
1055863,0.06873624
1056119,62.58529
1056597,36.887596
1056657,73.19123
1056754,76.5058
1056804,45.070637
1058361,0.15192743
1058791,68.74577
1058872,0.0850111
1059025,81.62317
1059889,0.05077637
1060019,61.686577
1060080,0.07813312
1060553,72.09322
1062796,0.07030359
1063020,84.77878
1063060,52.065968
1063678,16.13712
1066079,0.12482449
1066660,0.0634521
1066769,88.07278
1067022,27.835184
1068924,2.6092343
1069287,0.09303317
1069429,0.18150885
1071138,68.4688
1071394,0.058822185
1071743,12.898389
1071760,0.07132137
1072481,73.82381
1073635,80.06722
1073780,2.6583734
1074360,3.1145203
1074564,60.889168
1075314,0.055585336
1076873,25.942108
1077179,0.62064207
1078889,6.928697
1079675,2.1767297
1080543,12.006297
1080674,0.16028926
1080797,7.5964
1080839,4.676265
1081932,2.7301707
1082406,37.82349
1082849,62.000023
1083888,7.8922224
1084294,19.454435
1085529,2.2864394
1085566,5.132641
1085916,56.54429
1086322,7.959638
1086468,0.3463681
1086598,6.262391
1086819,0.15238196
1086958,56.832527
1087354,2.257909
1089143,1.7269385
1089619,1.3233342
1089766,7.109866
1089994,25.814804
1090380,0.31375137
1090567,36.013325
1090732,0.92718685
1091534,79.32769
1091582,19.404629
1093570,82.08809
1093977,1.2376744
1094623,0.046442635
1095278,0.09962247
1095472,59.867542
1096511,73.266975
1097464,86.67504
1098967,4.7234316
1099387,1.575143
1099680,0.28208366
1100421,55.325317
1101035,70.83219
1101097,18.913752
1101224,9.554022
1101525,5.667714
1102853,2.2225623
1104208,0.04164198
1104567,29.431484
1104762,6.7473717
1106282,5.151306
1107092,10.732265
1109092,7.91839
1109388,55.968822
1109582,9.387587
1109624,0.64285535
1109826,0.106475934
1110193,26.784801
1110533,0.12806627
1111854,37.942406
1111882,76.188515
1111981,57.46466
1112070,24.842602
1112407,22.618908
1112484,3.6297202
1112504,0.063240215
1113258,4.966022
1114788,17.156956
1114858,0.14361016
1115349,14.512019
1115381,0.106128216
1115438,12.310384
1115576,29.671896
1117181,0.14735383
1117632,0.2098947
1117958,25.663382
1118062,0.81691724
1118213,0.056359462
1118479,0.4019425
1118547,0.3149683
1120033,0.078505956
1120210,0.024590585
1120392,63.262596
1121448,8.316396
1121502,8.052726
1122462,6.2094126
1123077,0.06596668
1123237,0.16605954
1123879,2.2887304
1124394,0.1109645
1126656,2.9200375
1126669,55.062523
1128681,6.0380564
1130240,0.11813468
1130680,80.119446
1131422,58.858295
1132242,0.07115735
1132907,11.481832
1133211,0.2950119
1133254,0.3915382
1133341,4.5552883
1133460,0.09916217
1134369,54.528267
1134553,53.00011
1134635,0.19659439
1134988,49.89953
1135315,0.14703673
1137768,0.067296684
1138727,32.901634
1140461,0.08610161
1140837,0.90689117
1140912,0.25155926
1141071,58.049854
1141076,0.17319605
1141120,22.268946
1141150,5.795474
1141632,69.6726
1141759,2.5077407
1142034,28.732716
1144171,0.09136324
1144809,2.8105035
1145134,67.91704
1145488,0.058568556
1147507,1.5031853
1147754,0.080734596
1147884,1.9767952
1148380,0.3933906
1148451,0.04001879
1148759,0.095935665
1149845,67.783295
1150382,4.798832
1150398,29.09132
1150400,1.2334759
1150514,0.11632271
1150914,0.2701111
1151388,51.39439
1151980,50.456223
1154609,0.06259193
1155475,9.929019
1155885,69.62734
1156423,0.08863131
1156634,36.90677
1156733,3.1589818
1156977,2.2107997
1159142,5.763304
1160028,0.17349768
1161838,13.360231
1163484,68.98802
1163969,3.8548286
1164046,2.8423543
1164370,12.033712
1166538,29.389084
1167009,1.0076616
1167219,20.378178
1167314,4.3362794
1167395,0.17030457
1167444,47.136097
1167658,62.66681
1169928,1.6960096
1170261,72.73965
1170401,0.14962569
1170656,0.066989414
1170887,3.2300994
1171342,68.53872
1171581,0.025857862
1171674,63.496803
1171955,3.4583328
1174479,0.06068682
1174619,0.08176603
1174944,21.603056
1175304,52.50769
1175394,0.13495088
1175536,3.3501484
1177156,3.937521
1177395,0.067092806
1177725,44.736164
1177986,0.073672645
1178231,35.738686
1178389,0.10399711
1179080,80.087875
1179938,0.14881612
1180159,0.04974299
1180296,4.1687346
1180473,0.109760426
1180618,0.09809117
1182186,5.0905104
1182668,9.885683
1183172,72.29219
1183517,0.21780112
1183567,21.409489
1183628,4.355339
1183632,36.661278
1184848,9.514284
1185525,12.052275
1186153,7.4613276
1186569,62.307484
1186653,15.565259
1186746,76.049866
1186761,54.319965
1187220,0.042965695
1187411,2.6113727
1187588,74.39077
1189738,60.55825
1191082,0.08348694
1191144,15.112668
1191606,36.170055
1192845,87.14076
1193072,0.09765521
1193793,14.671514
1194525,2.7789657
1195177,0.873387
1197135,3.6108735
1197645,1.4271781
1198231,0.013819245
1198681,0.09142908
1198874,40.218575
1199878,3.3143897
1200033,0.10673843
1200359,9.407712
1200456,8.198477
1200707,50.309376
1201426,0.26697496
1202883,16.30929
1203737,69.40089
1203799,0.09342844
1205103,75.761894
1206407,0.085171215
1206525,8.231844
1206643,0.8299014
1206859,0.10752754
1207489,0.04892777
1208461,0.05890293
1208742,69.44757
1209350,3.3447595
1209492,0.6855587
1209684,39.705162
1209921,37.964874
1211777,0.52437407
1212319,3.562881
1213991,14.157415
1214133,87.390755
1215951,1.7331085
1216084,10.904955
1216905,66.99504
1217046,59.72716
1217670,21.594378
1217823,0.14036927
1217875,0.08889183
1219919,18.895481
1220962,3.5471363
1221172,3.7936356
1221503,12.615963
1221511,10.280046
1221576,33.049126
1223230,2.9167044
1223755,77.29972
1223980,61.597374
1224056,7.2622824
1225060,4.031976
1225604,45.564648
1226176,0.037817217
1226480,77.54237
1228698,32.604053
1229086,15.42879
1229289,70.5564
1229463,0.98585737
1229536,0.28837287
1229566,2.0232143
1230956,0.10278525
1231104,0.13905072
1231273,9.122651
1232212,1.4699032
1232433,57.618664
1232491,1.0084553
1233186,0.57576597
1235205,0.59611434
1236489,42.50479
1236705,49.65313
1236788,11.544113
1236914,0.039353747
1237275,6.15125
1238624,0.09555488
1239265,0.11158948
1239293,0.30640572
1239421,10.776899
1239563,65.51324
1239842,0.09720765
1240213,0.1908257
1240698,33.36528
1240885,0.048475564
1241905,5.86491
1243308,0.1025482
1245343,2.0900862
1245624,3.571122
1245714,12.652018
1245855,56.20503
1246123,0.5348476
1246287,0.03316229
1246670,4.422448
1248477,1.596854
1248527,0.10189837
1249419,3.9373314
1251294,0.17646602
1251889,0.2673594
1252565,14.365683
1252680,0.1234708
1252770,39.12136
1253039,0.7069878
1255964,0.16930845
1256152,0.1301414
1256275,0.030116986
1256290,0.10366492
1256707,2.9492042
1256768,36.36034
1257416,2.5472252
1257994,3.5537865
1260619,1.1642772
1263964,80.93058
1264663,0.0824276
1264695,43.117447
1264701,0.10452107
1264732,51.124
1264887,45.041317
1264920,0.0650616
1267945,48.190243
1267954,63.72412
1268083,0.8398751
1268126,54.911827
1268154,31.520267
1268175,16.057972
1268218,0.8109741
1268226,63.198345
1270420,0.05221243
1271297,21.820246
1271312,0.12480874
1272282,2.475848
1274530,0.45309132
1274738,0.052153427
1275942,40.31407
1276054,26.584723
1276554,0.103106044
1277955,1.8714895
1278469,4.017647
1278506,1.403775
1278784,61.09194
1279185,0.22129846
1279189,2.74432
1279234,0.06218221
1279449,16.673918
1279855,0.08818639
1280188,19.175632
1280427,0.044530284
1280533,10.76309
1280916,10.721083
1281023,3.050826
1282638,76.3797
1282763,0.06717353
1283523,48.431244
1283701,0.14118579
1283928,2.7449424
1284189,1.8087628
1284990,38.382347
1285927,29.578674
1286024,22.120146
1286933,28.104105
1286972,67.25464
1290336,27.169605
1291490,4.956531
1291558,3.7861474
1291561,4.9395876
1291913,71.960106
1292184,62.723488
1292585,83.31885
1294267,24.810293
1294417,74.647255
1294438,68.84233
1294721,0.10812654
1297663,8.336499
1300191,0.20236452
1301227,0.16055414
1301259,0.049094662
1301262,0.22976077
1301321,0.17640671
1301507,24.805079
1301986,69.41494
1302596,2.1891904
1302684,2.2833982
1304459,25.38219
1304604,2.190742
1305590,11.748108
1306749,7.4524665
1307405,1.9300468
1307723,0.34386593
1308355,1.1254514
1308877,0.097436026
1309707,20.300943
1310672,32.125072
1311399,0.8984596
1312178,1.8551385
1312228,1.2425008
1313020,0.08984657
1313141,9.071421
1313258,64.34353
1313768,1.1775358
1313885,48.500854
1315676,2.9027321
1315753,2.3780825
1316175,0.074135736
1316416,0.16663508
1316538,0.1265404
1316691,62.077858
1316747,0.12763998
1317648,0.10519414
1319855,1.4739976
1321174,5.801162
1322432,2.4422698
1322917,75.60574
1323485,0.10821716
1323528,61.182625
1323789,1.3371792
1324295,0.0967149
1325432,38.68218
1325472,2.3964376
1325473,1.8335083
1325759,3.2011535
1326566,1.7696962
1327940,21.6536
1328032,0.06689582
1328080,77.60039
1330056,37.537205
1330753,5.8450365
1330775,36.910587
1331231,0.2265654
1332345,1.8276396
1332570,2.9575124
1332663,2.9834883
1333269,0.713554
1335550,24.066248
1335634,78.40731
1336390,0.057517458
1336435,3.383278
1337124,7.3419557
1337193,3.2978187
1337609,1.4749693
1338900,0.09838104
1339672,18.265007
1340568,21.003803
1340982,3.0868213
1342296,14.103045
1342928,6.8826475
1344128,25.22127
1344262,4.9497023
1344474,0.033784278
1344551,74.127785
1345712,11.923419
1346389,0.042511057
1346822,0.037423175
1346989,0.046840303
1347103,30.291962
1347175,0.44029674
1347204,34.586174
1348306,23.064425
1348655,20.522106
1348885,0.18173203
1349187,0.28671163
1349237,77.12359
1349503,2.0691404
1349834,75.09465
1351217,53.168816
1351364,3.5195644
1351404,20.829319
1351427,2.3495033
1351683,0.25605923
1351889,6.580004
1351915,1.0390065
1352657,2.6605885
1352916,1.6749184
1354042,13.806526
1354415,82.70387
1354775,1.3573557
1355859,1.9192092
1356513,0.097033456
1356545,4.562308
1356889,8.4505825
1356895,0.19314209
1358179,0.020363696
1359411,18.97397
1360781,0.82337475
1360820,0.06318014
1360873,1.7750248
1360926,20.105188
1360932,0.053624816
1361428,3.1654835
1362512,35.53073
1362925,25.87511
1364584,2.60996
1364921,19.637379
1365505,0.06985284
1367775,0.09624366
1368568,0.06679405
1368674,63.635334
1369559,2.31418
1369670,0.12564051
1369799,0.07011146
1370064,3.0570488
1370154,2.604628
1370405,80.98461
1370600,0.45783132
1371114,10.880697
1373456,7.18014
1373541,0.17408863
1373655,69.52496
1374144,0.068350896
1376820,0.17835093
1377134,17.44131
1377478,21.47893
1377622,0.078047395
1378088,0.040917445
1378111,0.07551409
1379616,58.77343
1380326,1.1863513
1381569,0.07873841
1382245,2.4769127
1382256,0.9153282
1382607,0.38470563
1384858,0.044047028
1385985,0.073003985
1386742,69.28835
1387166,3.2111354
1387361,0.14435205
1387839,2.9491708
1388569,3.7452
1391999,14.265398
1392144,20.170074
1392330,69.06812
1392390,8.797227
1392398,0.14281848
1393169,0.039854772
1393419,33.45733
1393994,0.03581662
1397839,0.10875535
1399187,3.0613616
1399273,0.67808276
1399352,56.11134
1401578,0.12619673
1401826,5.8709607
1402731,39.784485
1403323,0.084776655
1403827,55.80967
1404586,1.3248475
1404629,0.11037018
1407364,40.336006
1410197,19.928904
1411349,14.486117
1411811,46.203655
1411979,0.051662154
1412531,12.377452
1413795,12.154757
1414196,0.98788106
1414747,0.16670458
1415738,49.921703
1417215,10.398791
1420335,0.91436654
1420559,0.11449631
1421077,24.982141
1421933,2.8375607
1422237,0.043978035
1423063,7.1766405
1423112,8.955113
1423957,0.021078963
1426302,5.497781
1426436,0.11588074
1426643,0.13957547
1426738,0.15832557
1427401,60.00486
1428371,0.11962769
1430650,57.438457
1431246,19.095173
1431373,55.629356
1432694,0.13325492
1433326,53.424713
1433337,25.889288
1433849,1.16785
1436810,8.362616
1437044,2.0653622
1437163,0.69098514
1437903,0.066927336
1438369,75.375916
1439295,20.494257
1440363,79.34845
1440512,0.11720152
1441260,0.9370642
1441931,0.10371933
1442450,0.13516122
1442799,86.968376
1443077,24.210436
1444924,0.13592736
1445250,18.340412
1445813,0.046416294
1445842,0.9527931
1445876,0.095743015
1445957,1.8371227
1445977,2.2041795
1447952,0.1935054
1448691,15.506247
1449546,40.985893
1450568,15.116801
1450685,51.387707
1453049,4.69781
1453998,9.04458
1454920,23.373474
1455061,22.44871
1455407,4.6363764
1456142,2.8422723
1456352,74.80666
1456430,15.677727
1456565,0.15012027
1457003,0.75574106
1457042,2.962997
1458645,4.1930976
1458995,4.0426717
1459724,0.117226616
1459862,54.719124
1461721,44.37541
1461822,0.27383703
1461965,60.977283
1462270,0.14518905
1462341,3.6514602
1466053,0.08166263
1466081,44.796997
1466534,34.059715
1466592,0.13854185
1466688,0.10898031
1467025,35.2439
1467030,83.04293
1467618,3.1013632
1469244,17.867176
1469955,1.5697539
1470117,0.1622614
1470698,19.792553
1470969,0.9254588
1471201,0.05693326
1471244,0.9940218
1471265,5.245996
1471952,10.976071
1472166,0.04578984
1472842,0.121947564
1474887,3.5723577
1475661,1.9109671
1476085,1.1500075
1476244,13.838705
1478084,0.124390125
1478270,0.91102755
1478468,3.582592
1479113,1.6671581
1481753,0.18658575
1483688,50.7712
1484077,34.861767
1484207,13.675688
1486963,40.26001
1487222,1.3416213
1490223,1.0999233
1491731,1.5127337
1491991,8.994257
1492810,0.1041068
1492856,59.3579
1494527,88.1418
1494817,0.071964696
1494934,0.20911054
1496319,0.18572423
1499572,2.1286755
1499650,2.80766
1503296,0.78837043
1506284,79.2134
1507437,1.3654143
1507929,0.06955977
1507974,8.348366
1508461,37.26586
1510830,0.58670026
1511048,0.3864075
1511216,44.013153
1511303,64.27246
1511933,25.266235
1512006,73.292915
1515026,3.5847192
1515135,0.9301925
1515522,10.91577
1515611,3.660075
1515979,47.420086
1516048,0.52156794
1518302,58.525642
1519621,0.43304983
1519799,34.98259
1520136,0.11885774
1520651,5.2115974
1520813,49.117775
1521091,2.2112288
1521256,0.84280956
1521536,0.031937774
1521862,0.83289015
1523865,0.07297219
1523892,0.21416965
1524562,65.971695
1524610,16.31843
1524948,3.7510877
1525121,0.15107693
1525143,2.0111046
1525580,0.038161658
1525602,68.22105
1526129,0.16860172
1526274,0.53870976
1526416,0.053385176
1526741,50.04916
1528339,0.15283613
1530561,71.07218
1533652,42.246
1533807,11.902974
1534078,2.900923
1534109,0.55886793
1538944,0.08525033
1539361,0.045992706
1539462,4.967433
1540562,6.7457747
1541353,1.7427288
1541832,10.57482
1542279,14.242595
1543023,0.024265092
1545525,3.718388
1545924,13.174234
1546380,22.105986
1546748,5.6489573
1549413,58.241478
1551044,42.20747
1551078,20.540674
1551916,0.88109684
1552576,72.63648
1555500,0.018185139
1555853,2.2299223
1555919,1.311972
1557326,60.239464
1557548,0.09190716
1557778,15.579188
1557803,0.45556068
1559912,1.8551642
1560573,10.041096
1560606,0.10768211
1560957,2.5617535
1561735,0.12391795
1564553,66.409744
1565808,0.23127893
1566714,82.13379
1567003,16.519526
1568777,1.0449941
1569396,57.742493
1569444,2.1124215
1569842,0.48816818
1569906,0.123560585
1570096,38.687412
1571050,17.073841
1573068,1.122255
1573753,0.8146321
1574097,20.604008
1576724,3.3382187
1576883,0.0679058
1577575,36.647778
1577913,24.309887
1578996,49.78285
1581223,0.09096186
1581466,60.960632
1582263,1.0639915
1582540,0.7270921
1582875,46.929764
1582940,1.3293393
1583111,17.28477
1583128,28.474834
1583258,0.088061415
1583673,0.096611306
1583971,0.48142347
1583985,31.556622
1584167,12.149468
1586304,1.2368499
1586454,0.7916481
1586489,28.16336
1586608,9.107313
1586773,56.683968
1588221,0.98946494
1588903,4.337798
1589715,2.8227448
1590214,67.08696
1591811,81.363144
1592879,0.07442252
1593444,0.115211844
1594395,0.15893158
1596169,2.1204352
1596314,0.11205789
1596603,16.299437
1596669,0.1525754
1597002,0.15648805
1598518,0.2128149
1598722,8.359809
1598863,0.13901077
1598950,14.224169
1601704,0.19385089
1601776,0.09167935
1601955,70.14595
1602731,27.827017
1602793,24.902475
1604324,19.614573
1604488,54.386864
1606115,1.171965
1607335,0.7926761
1608567,0.07094027
1609799,0.08633142
1611089,0.048145056
1611398,0.069963776
1612489,0.8629154
1613419,8.818529
1613539,0.11913921
1613859,0.44960594
1614925,0.119549654
1615083,71.1089
1616807,0.9923643
1617264,0.10357765
1617443,32.0887
1617488,1.2185299
1618034,0.28109372
1618877,0.07738711
1619312,1.8421233
1619538,0.8248433
1619695,67.38198
1619756,62.770985
1619841,1.8284352
1621986,0.17766222
1623013,53.89724
1624451,0.78047043
1627297,45.32508
1627696,56.763012
1627949,6.1267753
1628003,13.468088
1628138,0.14664988
1628156,63.24781
1628564,14.3419695
1628643,62.570747
1628878,69.81831
1629248,3.1163487
1631938,9.499761
1632416,18.68078
1632592,56.801575
1632833,0.18202715
1633331,20.093395
1633453,0.048840735
1633924,75.873634
1633941,17.712908
1634856,2.2016249
1635672,5.1457353
1636349,32.71546
1637178,6.8563676
1637346,3.3185208
1639145,2.2431855
1639762,45.860157
1640521,0.09000695
1640610,12.198189
1640992,2.0218892
1640995,3.4885135
1641022,0.14448395
1641291,31.762634
1641665,3.2470474
1644133,2.4036415
1644146,77.74967
1644357,0.07411902
1645086,19.359198
1645105,1.6569961
1645181,55.984863
1645667,79.565636
1646541,45.223015
1646607,3.4501781
1646910,0.15729499
1646949,33.024395
1649844,0.7864229
1649994,0.11801426
1650470,0.20247456
1652380,0.08595966
1652426,52.988903
1653872,0.3352515
1654170,0.10281859
1654282,0.5996169
1654444,5.749987
1654551,2.5827742
1655027,76.38051
1655291,76.7706
1655390,37.504852
1655713,10.061958
1656621,66.65914
1656884,0.045080144
1658703,17.358074
1658988,19.336096
1660838,11.287734
1661749,0.09818375
1664716,0.11979133
1665017,8.582632
1665300,71.559654
1665498,1.7086251
1665686,0.34351084
1665792,30.061031
1668176,48.25483
1668328,76.17309
1669664,22.873028
1670623,12.77418
1672433,1.7122263
1672938,0.17065088
1673849,1.4264551
1675694,0.06433998
1677887,12.472963
1678467,0.16500556
1678889,6.3981657
1679211,75.4941
1681814,0.06220559
1682282,62.56316
1683227,0.09538819
1683415,0.09604262
1683897,0.12575851
1686941,0.110503174
1687184,9.744095
1687592,0.22044644
1688650,64.183334
1688724,0.055925988
1691188,6.2926846
1691681,0.1562745
1691702,0.13702522
1692166,0.12683576
1693524,2.6417682
1695731,0.08547519
1696332,0.111193135
1697047,53.65675
1699132,5.1939287
1699934,36.7414
1702032,0.08869685
1702413,1.9028562
1702581,85.06433
1702694,0.04916908
1702695,0.18206486
1702916,15.467476
1703222,0.090007685
1703303,12.35336
1703798,2.1665726
1703844,0.058084242
1704798,60.189415
1706103,38.370342
1706997,20.907389
1707422,0.031338144
1707850,14.28174
1708262,70.3647
1708541,0.6696565
1708757,0.039820723
1709042,50.868423
1709089,11.298845
1710430,4.931947
1710729,0.08450837
1711248,3.5202174
1711379,1.0237185
1712077,0.065996416
1712660,66.57686
1713896,5.466766
1716395,28.208527
1716640,0.119338945
1716857,0.047772434
1716923,0.09815439
1717058,16.236565
1717149,0.1197205
1717215,0.06295802
1717226,6.9650383
1717499,35.986996
1717579,2.4501443
1717793,0.14053972
1717870,4.2240653
1718001,0.12456055
1718287,54.98869
1718791,2.7796037
1718989,1.520926
1720971,0.08195238
1721103,0.09850373
1721415,0.043814667
1721695,0.10222541
1722358,3.2946625
1722622,86.83148
1725295,65.394035
1725297,0.10057922
1725858,2.0546966
1727536,53.94691
1728256,46.588173
1728437,20.517334
1728625,14.149282
1729145,71.13872
1729247,4.432714
1729679,0.02715984
1730855,0.043971337
1730937,6.8249307
1731046,2.0247943
1731097,0.75769556
1731245,67.694405
1731351,0.018868418
1731969,2.80483
1732322,62.42284
1732471,0.054804407
1732542,15.13519
1732612,2.495846
1732866,36.858116
1732893,62.595936
1732939,4.947655
1733157,82.64335
1733447,54.437958
1734167,0.21577656
1735545,59.67704
1736064,0.3631981
1736456,63.0877
1737891,15.482653
1741622,3.7423759
1742471,18.914522
1742601,0.10598387
1742654,32.232677
1743221,12.576197
1744216,48.573803
1744921,38.0088
1745172,0.08089845
1746582,1.1284773
1746726,45.372833
1747440,39.05083
1747833,27.147007
1749563,74.63377
1750443,2.4553947
1750679,56.725624
1750701,61.70326
1751967,17.230577
1752112,11.122475
1752206,18.655684
1753671,2.130848
1753699,0.104182854
1753974,0.4320387
1754527,37.967575
1755831,0.16962743
1756076,0.16391943
1756174,0.07291749
1757909,0.1516668
1757982,0.1606379
1758391,72.46571
1759154,43.008747
1759292,9.43564
1760411,0.08973564
1761101,0.09704693
1762997,0.06517111
1763008,0.1886268
1763209,58.09187
1763367,5.728736
1763520,3.5723934
1763615,1.6417536
1763863,0.3249534
1763977,0.19824299
1764106,0.057472967
1766890,25.672363
1767037,80.54403
1768235,0.022392716
1769124,42.62544
1771965,71.82639
1771989,53.48878
1772650,0.22064161
1772824,15.872999
1776732,29.489742
1777869,15.5055485
1778294,4.328444
1778588,0.6539521
1778700,3.4869099
1778792,0.14881149
1781052,0.12885725
1781687,18.335989
1781697,4.7283173
1782056,7.9619627
1782079,18.49427
1782437,32.58985
1783069,2.1403062
1783102,1.4667975
1784987,0.0652954
1785141,2.1920705
1787728,0.12993915
1788026,0.13469136
1788210,0.19146308
1788754,24.650871
1789715,2.1278026
1791502,1.0066726
1792520,0.07160239
1793091,80.5442
1793411,4.4308395
1793606,8.560171
1797001,0.0320991
1797025,40.268867
1797476,29.926937
1797523,0.028783062
1797661,7.4037275
1798256,0.51620024
1798308,11.871462
1798324,10.980722
1801036,0.11128555
1803130,45.37185
1803475,0.9717434
1804505,78.17225
1805150,0.34988397
1806378,38.059464
1806994,4.6099634
1807106,66.43083
1807515,3.0128632
1807757,1.7898407
1808497,11.233266
1808550,62.83982
1809547,3.7010665
1809719,8.088346
1810457,62.718456
1810653,0.18730049
1810781,0.87351596
1811012,10.495999
1811051,40.81266
1813348,32.29322
1813409,10.327162
1813452,0.06752997
1813681,0.11377938
1814010,10.042429
1814279,87.70621
1814366,3.6842723
1814757,22.753233
1815099,0.60316074
1815211,51.79851
1815423,11.960054
1815512,84.68824
1815523,7.818679
1815526,0.1387443
1817647,47.67413
1818411,60.908813
1818430,50.345516
1820307,14.080629
1820516,0.16498633
1820858,16.315512
1820992,5.040943
1821168,0.13901263
1821541,6.792081
1821787,16.235867
1821973,2.987844
1822436,0.09757247
1822872,1.1999727
1824808,25.597517
1826188,0.24800071
1827525,0.0710385
1827962,22.861366
1828063,24.005705
1830154,0.13252607
1830244,2.1127133
1830335,0.17491987
1830949,0.10796686
1831050,76.98363
1831337,0.5144348
1832210,26.419043
1832223,0.8174305
1832286,8.905798
1832617,49.38261
1832659,0.26221436
1832680,0.18745962
1832755,0.16664197
1835122,1.8554971
1835149,10.032208
1835396,43.21975
1835865,0.12441124
1836322,0.25381392
1836859,40.219727
1837384,0.08494488
1838904,16.853674
1839818,3.2485092
1839878,54.24467
1840303,0.1693977
1840649,0.09183447
1840820,63.37027
1841356,3.5335267
1841399,0.07708536
1842739,30.15676
1842931,48.970375
1843674,78.19469
1843772,0.18596698
1844088,6.078603
1844094,59.547638
1844254,0.07170351
1844489,10.161845
1844915,0.95150864
1844973,13.280416
1845249,2.6119146
1846100,21.733458
1846580,70.07628
1846722,7.746363
1847261,3.429792
1847379,30.967648
1847434,74.79661
1847620,0.25915793
1850705,10.550517
1851559,11.278706
1853656,5.1573496
1854757,2.2467926
1855848,0.11227636
1856027,29.06987
1856219,80.49922
1856261,0.12827425
1856418,56.44538
1856803,6.5538635
1857078,62.420204
1857351,0.24396703
1858492,23.87254
1859322,0.04090061
1859901,24.60132
1860313,0.06829473
1861281,0.009415304
1861493,39.757076
1861773,0.11139115
1861873,0.74820065
1862436,1.0016323
1864660,0.4760993
1864691,0.0826144
1864757,32.916584
1866051,0.0587157
1866128,71.83864
1867237,0.097932614
1867843,71.245
1868169,0.6291132
1868817,1.2165307
1869202,6.8780723
1869432,1.6976032
1869497,3.7093167
1870021,64.78543
1870853,0.94998395
1871261,0.07477507
1871545,22.994287
1872028,1.3596944
1872169,0.07081072
1872829,1.2338725
1873304,71.01533
1873333,55.859642
1873453,0.1496073
1873582,8.907022
1875082,66.94619
1875850,0.13671917
1876083,4.2784505
1876168,0.77461326
1877244,70.14519
1877255,73.938126
1878868,0.19191077
1879762,0.10625806
1880345,0.20002553
1880539,28.776836
1881103,0.3076836
1881801,4.3114533
1882252,0.07040181
1884398,0.043042704
1884489,0.065572135
1884921,0.13289793
1885682,11.158652
1885714,45.76976
1886240,0.10782002
1886820,0.6642364
1886978,47.285744
1887003,51.969738
1887239,18.315067
1887291,36.897243
1889685,0.2794554
1890125,0.120618306
1890143,56.653797
1890467,0.08093326
1891017,0.32643908
1891118,2.9965816
1891670,8.618208
1891816,0.040919684
1892319,23.137613
1892680,12.701731
1893225,15.578833
1894120,12.163501
1895196,70.47586
1895516,0.2300868
1895544,0.12541907
1897092,0.11350361
1897447,74.423996
1897623,4.1866837
1899076,78.639206
1900616,12.378339
1900780,42.0827
1902092,0.086981356
1902962,0.09907641
1903322,43.035942
1905865,3.4982498
1905918,16.034836
1906763,0.0550972
1906804,80.66203
1906993,0.39302278
1908290,17.544184
1908767,0.108749844
1909128,7.8283997
1909648,1.0658815
1910105,1.6630598
1910210,0.19330844
1910306,18.509539
1912425,0.8400033
1912468,0.76181966
1913282,0.13088483
1913317,1.0806097
1913722,0.29544097
1913803,67.125786
1913835,0.41237298
1914185,0.13619986
1914320,9.806932
1914544,16.130342
1914590,70.61595
1914630,2.615098
1914787,50.939754
1915154,70.2932
1916456,0.021383945
1917226,1.055918
1917286,8.3168335
1917872,21.232553
1918693,76.15165
1918903,80.575424
1919490,0.09273946
1919647,9.025784
1919766,76.35448
1920085,3.4746819
1920310,0.087239936
1920568,0.07425771
1922967,0.07653383
1924317,49.581444
1925247,0.35542715
1925406,50.468376
1925703,75.958694
1925709,0.09296635
1928005,0.07593978
1928556,0.1120943
1928973,4.3461847
1929041,0.8306085
1929614,0.36921197
1930283,0.24624383
1930469,44.859726
1931136,1.2692388
1931855,54.577522
1932110,8.116613
1933687,64.863785
1933904,3.9989686
1934382,0.5921402
1934444,0.1475081
1934447,0.018523995
1934512,0.6221634
1934746,0.15784058
1935109,67.80656
1935826,0.4927035
1936089,25.85871
1936772,59.44099
1938391,63.815083
1939106,7.916654
1939283,8.111267
1939417,0.16928938
1939757,0.0987694
1939857,11.665151
1940956,61.28166
1941048,3.6463947
1941439,2.2577932
1941495,27.960974
1943012,5.700748
1944087,32.159386
1944211,17.162277
1944641,47.892986
1944686,0.07458994
1944805,32.10272
1945393,0.033146188
1945437,8.92203
1947400,0.076102756
1948333,0.08846464
1948494,72.66207
1948745,8.279014
1949334,0.08379643
1950157,40.500282
1950276,0.05748465
1950311,12.19433
1950342,1.1651502
1953461,22.604588
1954003,4.80587
1954146,0.084979646
1954310,0.18555912
1954404,0.9955808
1954495,0.13458861
1955003,0.7933918
1956677,27.21785
1956726,17.1944
1958765,40.213013
1960031,1.1041777
1960556,59.078022
1960562,76.416275
1960821,0.03682881
1961157,0.11269736
1961288,40.624226
1961361,0.09873308
1961533,6.67223
1961937,3.8382633
1964864,26.231394
1965103,7.665437
1965712,0.1114552
1966173,0.00074090465
1966349,55.461906
1966407,0.10980384
1966903,0.030868243
1967045,5.666652
1969100,6.8786125
1969854,39.157917
1970017,1.4903147
1970177,29.339243
1970466,0.059007477
1970574,14.098856
1970587,2.8402867
1970697,0.13394058
1971200,71.114876
1971528,0.17292225
1971983,1.4301163
1972126,39.721596
1972163,3.429929
1972330,0.052411806
1973889,75.01762
1973934,11.30762
1974398,1.1687233
1974455,0.053991646
1974700,4.123871
1974901,49.17355
1975069,1.0480161
1975168,2.7052104
1975236,0.13366464
1975519,0.027167674
1976094,0.04645007
1977800,3.6968346
1978394,7.7592063
1978445,0.46600252
1979113,0.10030408
1979127,57.49134
1979160,0.1460858
1979502,30.610367
1979848,0.08094261
1981410,17.025324
1981669,12.933725
1981921,2.4453044
1981977,5.886489
1982013,2.373933
1982408,0.17679623
1982909,6.012396
1983188,0.14189816
1983466,85.18225
1983677,2.1033053
1983976,0.15412173
1984378,0.042703845
1984486,28.091253
1984871,14.438115
1986737,2.8957322
1986831,19.049753
1987504,1.0687262
1987546,1.9457855
1987939,0.12576796
1987949,0.19200917
1988392,19.137365
1989731,0.104098424
1990045,0.07128318
1992421,0.08348121
1992676,1.3331096
1992751,0.068806216
1993323,0.17908552
1993623,2.12139
1993835,60.71067
1994398,15.182841
1994574,31.823212
1994679,0.033659436
1995090,0.07445516
1995454,0.346031
1995509,74.773125
1995605,6.9584975
1995717,0.045575064
1998829,57.17959
2000611,6.2086053
2001022,56.195984
2004909,0.04584536
2006452,1.451877
2006671,0.13367939
2006699,0.04805022
2007323,0.084300384
2007357,1.7817751
2007504,67.8273
2008217,6.1700287
2008227,74.63417
2008441,42.71511
2008809,0.51981765
2008898,0.09820785
2010429,0.10122861
2010787,0.14422746
2010839,6.050165
2010943,4.0246744
2011212,5.3562098
2011504,39.34765
2011521,34.27835
2012029,23.692745
2012360,0.08102752
2012368,80.00107
2012750,0.11048291
2013807,80.418884
2013882,46.581264
2014701,3.007037
2015094,50.847023
2015168,78.830315
2015586,0.08660482
2015996,0.038909465
2016502,0.18710487
2016834,11.676684
2017012,0.027727187
2017316,0.14176953
2017397,35.48409
2017517,13.05289
2018602,0.08161604
2018951,1.1156251
2020576,46.542416
2021064,0.16411397
2021284,2.1321514
2021634,18.988422
2022126,0.071554855
2022520,0.022510165
2022728,3.6006253
2022729,77.40304
2022938,5.2089953
2023081,28.086548
2023454,80.93282
2026088,3.3313804
2026434,0.14287521
2026697,0.16461365
2027350,0.12182854
2027406,25.382177
2028056,0.085509844
2028268,0.11200993
2028272,1.2195555
2028432,15.3693695
2028625,0.09881829
2028787,0.88025296
2028925,47.60576
2030001,36.218956
2030357,0.71323085
2030899,0.1559006
2031495,3.1549366
2031673,0.14397486
2032345,0.1070738
2032727,3.409861
2032879,0.117987156
2033605,0.72072035
2033730,51.972065
2033924,0.13084011
2034359,35.631927
2036105,49.815525
2036424,20.812792
2036690,0.072583474
2037130,0.10339689
2037582,2.3992321
2037951,0.10451339
2038017,48.74488
2038314,0.9167207
2038381,3.443468
2038471,0.08223505
2039945,71.03659
2041041,53.2152
2041837,0.16129203
2042764,23.846825
2043060,4.7877445
2043289,70.95982
2044392,0.16114047
2044873,32.466423
2044889,17.168303
2045488,0.0655918
2045556,55.102924
2045727,73.7275
2045847,4.537474
2045929,4.610015
2046173,19.73048
2046584,3.0410507
2046789,46.285805
2048479,0.048652522
2048796,0.46275458
2049363,18.036581
2050039,0.19402301
2050060,0.074918345
2050368,11.827452
2053822,1.8949451
2053926,12.064424
2054032,0.068613194
2055303,64.03395
2055614,3.3760502
2055671,0.35181385
2056307,0.44041085
2056330,0.11228339
2056789,3.0214722
2057295,6.9223037
2057315,5.273662
2057326,9.83333
2057358,0.07735862
2057534,0.059063982
2057553,1.2657155
2057944,25.367199
2060612,47.298336
2061563,16.236034
2061811,1.1158038
2061814,24.277187
2061897,25.309525
2063239,0.14439046
2063922,3.107492
2065391,36.29782
2065985,0.0930131
2066046,77.911766
2066165,34.269825
2066451,1.1353567
2066623,0.016922088
2066846,1.4922988
2067115,0.11074116
2067359,3.7038093
2067365,0.09895522
2067773,29.796658
2067928,27.578808
2069027,0.011907643
2069709,1.3700119
2069779,0.09374551
2069864,17.838795
2070083,0.7844751
2070542,0.12657656
2070612,52.480083
2071021,0.053221863
2071265,0.11250844
2071420,77.27557
2071446,60.07831
2072126,1.6702754
2072321,0.1073914
2074833,9.137848
2074912,2.7756314
2074985,1.4664105
2075568,40.83558
2075619,27.383295
2075758,0.080658086
2076018,4.3954887
2077748,0.075113304
2077763,0.13591418
2078075,1.0609437
2078687,0.06864744
2078886,0.0902618
2079671,2.5611584
2079686,6.655515
2079789,51.351818
2080861,79.664986
2081177,1.9852726
2081394,0.6259873
2081408,0.06256503
2081438,0.1093604
2082694,0.08858232
2083547,33.613285
2083671,12.1529255
2083749,33.84523
2083940,2.5534282
2084109,32.434475
2086828,10.963338
2086868,0.016983185
2087020,0.23777513
2087343,10.694067
2087898,0.6353522
2088095,0.42188174
2088158,0.07398044
2088272,0.07191026
2088316,0.25421655
2088389,0.10907569
2088444,75.72432
2088725,30.142582
2088969,0.20176423
2089173,5.6597004
2089273,0.14789626
2089492,13.637611
2089581,0.9294996
2089745,24.315754
2089773,0.06655924
2091204,0.062432714
2091483,0.12955275
2092422,59.07345
2092611,5.7570972
2092976,0.44040433
2093477,5.339794
2093858,1.4612336
2094213,0.2921188
2094262,0.36700132
2094265,44.65027
2094411,0.19024071
2095829,2.4852242
2096581,7.499293
2096641,73.57359
2096968,64.358215
2097205,0.08935902
2097607,0.045360904
2097795,5.2838807
2097912,0.026102176
2098030,0.2843152
2098664,0.07231125
2098850,0.101454735
2100174,12.554094
2101112,6.8166246
2101167,57.571053
2101200,14.089743
2101323,21.111948
2101884,19.716055
2102492,32.58768
2102493,1.2327354
2103480,0.02091742
2103544,0.04470795
2104119,49.678543
2104472,26.876492
2104539,0.14186773
2104622,0.1267879
2104626,1.6636482
2104910,61.23536
2105618,44.0022
2107372,0.08397554
2107939,69.75135
2108424,1.9276673
2108481,4.396737
2108635,0.0809478
2108784,3.4560924
2108851,36.337936
2110493,0.3028795
2110938,74.921844
2111172,36.588623
2111463,3.9771945
2112808,8.731295
2113934,2.923286
2114989,1.1637515
2115424,9.128405
2115662,38.552822
2115773,0.29934204
2115809,0.55441296
2116940,2.9394662
2118063,29.945978
2119582,0.12794645
2120677,56.279552
2120808,18.242947
2122613,0.10324248
2123079,19.686192
2123284,3.731839
2124414,5.821184
2124473,0.070382014
2124536,25.617971
2124808,5.7991843
2124906,0.058727533
2124910,66.57329
2126194,0.10419755
2126830,0.12350206
2126987,0.02260283
2127377,0.8540572
2127767,40.559566
2128464,0.04889542
2128761,8.973482
2129515,2.81155
2130312,1.1873128
2130315,49.851665
2130742,4.6081786
2131089,0.12368977
2131349,2.729074
2131472,10.174773
2131515,29.26358
2132248,0.12166741
2133714,0.07372015
2135434,11.161906
2135489,37.427677
2136200,0.18908164
2137111,0.4024415
2137165,0.2364996
2137823,43.0945
2138787,0.5777213
2138900,0.67997146
2139532,0.96972835
2139828,12.2506485
2140284,80.858215
2140434,0.0951728
2140544,0.53519106
2141411,61.65685
2141549,84.04027
2141612,67.036026
2141667,79.13896
2142130,0.27776337
2145209,0.14403279
2145620,58.948082
2145759,69.12903
2146145,0.074858524
2148025,81.64517
2148625,3.5014312
2149184,0.011870634
2150596,3.281692
2150727,0.07749011
2150750,0.3833402
2151235,9.988704
2151558,6.399067
2152948,18.041834
2153173,19.091516
2153435,65.97276
2154313,7.5835543
2155583,34.35325
2156111,22.789978
2158022,0.58164704
2160591,23.043335
2160982,19.975685
2162874,0.09725436
2162974,0.11180581
2163313,15.709323
2164135,48.327538
2164707,54.83183
2164992,0.20802732
2165107,1.8794597
2165549,0.1616116
2165679,1.2115457
2165795,2.4468875
2168443,0.01614804
2168753,0.09947644
2168932,29.857594
2169722,9.815686
2170025,14.567325
2170383,23.663708
2170618,0.08313715
2170644,0.2842186
2171340,0.07664774
2171701,38.50649
2171712,55.399864
2171809,0.113339365
2171886,3.1242032
2172544,12.104079
2172601,0.057960354
2175577,0.13400374
2175879,71.536606
2176017,47.29477
2177753,0.14225881
2177876,0.14515564
2177930,0.14925516
2178042,0.032908645
2178408,1.1946468
2181941,6.4942956
2182077,21.730076
2182804,44.43746
2182810,1.2846754
2183423,84.26268
2183826,2.2957704
2186138,0.005193933
2186452,0.0038874901
2187682,11.603819
2188869,40.346626
2189115,0.095738836
2189129,0.11887406
2189742,48.41042
2191591,0.72969687
2191612,0.23126133
2192845,39.20209
2193537,1.344195
2193896,63.39785
2194263,1.0048382
2196666,0.2427535
2197283,68.47127
2197725,0.127314
2198112,19.018421
2200247,1.4801487
2200962,0.12612043
2201581,1.5858381
2202422,0.12596285
2202858,0.32072335
2203154,0.08212291
2204022,0.023525959
2204313,38.01167
2204397,2.2875943
2204672,0.026393687
2206900,0.084047854
2206957,0.20619309
2207015,1.4396147
2207684,0.05855479
2209445,0.042805247
2209653,9.711169
2209722,2.4457824
2210281,3.7588024
2210421,0.63543034
2210675,24.445251
2210906,5.995279
2213715,33.80973
2214256,48.679512
2214323,57.58847
2214534,0.14645913
2214689,0.9320046
2215631,0.11926179
2216470,0.043227024
2217686,19.224812
2219962,0.23904803
2220415,0.23675807
2220431,3.0531716
2220830,0.06761624
2221988,12.927561
2222889,3.0484147
2223289,0.044798557
2223399,0.15832715
2223628,3.4390354
2225865,0.1264874
2226217,2.8374085
2226305,41.698967
2227377,0.04447761
2227913,2.2300282
2228824,80.960205
2231564,2.182399
2231814,0.049009718
2232600,2.7303135
2232697,11.248952
2236318,0.42884117
2236458,0.10267367
2237063,0.14654152
2237495,8.156506
2237851,0.12213542
2238030,0.2377831
2238389,8.812235
2238435,0.08150941
2240038,6.4753504
2240196,0.048704196
2241434,0.13316783
2241816,32.003513
2242066,2.076241
2242525,6.028111
2243081,7.443606
2243180,3.4524124
2243184,9.798038
2243266,2.14051
2243275,0.08478981
2243321,49.275597
2243540,0.0044732005
2243984,0.01745478
2244009,0.46889654
2247803,71.35441
2247822,0.49404654
2248204,0.065212555
2248215,4.4699936
2249059,2.9323096
2249872,28.005291
2249928,0.0526978
2250790,0.60204613
2252844,0.02143025
2253397,0.04126101
2254269,0.11400028
2254428,1.5497477
2254469,0.057678483
2254505,0.09518202
2254654,26.255823
2255005,0.112646125
2255501,1.3490691
2255578,6.046481
2256415,69.428154
2256979,0.0218848
2257190,2.1019573
2259344,0.0037107375
2259483,6.37959
2260342,0.04893505
2260572,1.2364784
2260659,0.012468074
2261018,0.07818822
2261215,0.02695774
2261269,0.054125704
2261693,0.02303943
2262805,42.992085
2262865,0.074265376
2262934,14.235085
2263248,0.11767133
2265778,0.011803463
2268084,0.77247053
2268632,0.08123651
2268888,0.1636357
2268947,0.07546149
2271504,0.09485383
2271792,34.80842
2272080,0.11794895
2272242,0.025741613
2272500,0.05735637
2272739,0.116506025
2273473,0.009506532
2273613,0.8952013
2273733,0.119826056
2273936,55.297565
2274334,38.96923
2274651,0.9337717
2274687,17.894886
2276666,25.754864
2277287,10.563906
2277707,0.8703133
2277785,0.076941445
2278677,0.27327985
2279335,0.09765609
2279433,0.10015474
2279517,3.631916
2280843,0.23238155
2281041,0.17041522
2281142,0.049817685
2281829,0.46995515
2281866,0.1014508
2282122,3.2852433
2282819,0.8718131
2282962,0.10535985
2283001,46.01188
2283101,5.2192407
2283304,3.102304
2283499,0.070595816
2284013,0.11561859
2284027,85.3976
2284454,0.02356348
2284809,0.23090944
2284894,1.1472143
2285132,0.5557436
2285167,7.3314514
2285201,1.0348786
2285351,0.10361928
2285355,0.011904953
2287415,10.859885
2287894,0.13595831
2289119,0.124632396
2289612,77.55596
2290017,46.174664
2290620,0.07946126
2290645,76.68654
2290915,0.0727169
2291291,1.4510528
2291536,0.09771835
2292275,1.826073
2295816,19.382212
2295924,0.00199307
2296024,0.3535017
2296312,0.033656605
2297058,27.475262
2297259,0.023725862
2297549,14.424574
2297963,0.22964644
2298711,0.006608677
2298731,23.906017
2299633,0.04264418
2302589,0.18336985
2302803,0.15136129
2303039,1.2775894
2303583,0.09106535
2303955,19.147366
2304663,0.36599487
2304963,2.1966758
2305025,0.40738755
2305890,1.421941
2307448,0.23894241
2307885,0.5694735
2309289,6.9687133
2309559,0.11845209
2310275,28.989483
2310791,31.055267
2312939,10.547106
2314398,18.714153
2314406,17.90717
2314930,0.026355315
2315543,19.62429
2316244,0.08342097
2318157,71.54021
2318184,33.187904
2318229,18.795986
2319613,0.054190923
2320028,83.1559
2320581,39.71292
2322972,14.284094
2323502,28.525723
2323714,78.501755
2324453,0.08783548
2324519,0.19996916
2326595,1.9963297
2328686,67.334816
2328749,0.6053859
2330911,0.097240336
2331148,0.1273781
2331154,11.537018
2331499,18.89489
2332006,4.9256606
2332284,19.531254
2332880,1.3149292
2332990,0.014825314
2334411,55.483604
2336995,34.665363
2338082,20.482317
2339411,0.10759274
2339446,16.584705
2341778,1.3064946
2342930,9.559072
2342957,0.1199892
2343208,74.61055
2343665,43.111824
2344751,2.8674848
2344783,0.044159405
2344953,0.15722698
2346089,0.09192838
2346243,0.01817292
2346296,4.318552
2346416,87.77026
2346671,2.9906118
2350664,13.05916
2352953,0.2040452
2356684,2.5500247
2356850,0.095606506
2356989,2.6937275
2357070,24.773218
2360565,26.924353
2361050,7.332438
2362207,12.045554
2362306,0.43138322
2362357,45.183746
2365645,0.08409588
2366509,23.260227
2366524,0.06326671
2367243,0.27295908
2367254,10.850729
2367767,0.11329548
2370610,3.9357972
2371377,0.12368755
2371632,65.08429
2372540,58.88009
2372591,58.931435
2372629,0.07986005
2372740,22.946371
2373339,22.677977
2373363,0.1969143
2373948,49.735405
2374700,0.0469067
2374963,0.7628959
2375015,1.1334698
2377695,33.192894
2378593,10.53349
2379786,0.076853275
2385251,0.048821874
2385779,61.543324
2386897,0.20411186
2387035,0.13991451
2387693,0.30794722
2389329,3.4228559
2390214,0.118843034
2392301,29.297398
2392861,9.934674
2395670,0.1188411
2396249,1.6903114
2398423,6.301155
2398691,61.275776
2399434,27.1542
2399671,32.0958
2400073,8.090747
2400215,56.256645
2404708,55.123676
2405613,0.173002
2407196,54.53169
2410200,50.496525
2411866,0.42111722
2412294,0.05493651
2412940,10.693827
2413507,18.342804
2414063,0.12619968
2416016,37.097527
2416104,11.567671
2416191,0.11712134
2417509,0.17380977
2417616,2.9534163
2419242,0.804777
2419890,11.072629
2419950,4.159237
2420026,82.39533
2420589,0.11616125
2424646,15.134662
2425222,0.28278485
2425318,0.47974205
2425980,0.09888037
2426057,0.06089913
2426507,0.14457104
2429575,0.017197762
2431607,18.793467
2431784,0.10009949
2432032,9.056775
2432545,66.42863
2432622,1.3699838
2433604,57.77883
2435576,4.047281
2435838,37.426872
2437594,27.210169
2437965,83.97582
2442330,0.18047616
2443113,0.062105812
2445093,14.806061
2445715,71.78355
2445856,2.0636017
2445905,2.984288
2446430,53.550957
2446543,0.08016166
2446954,0.14553675
2447138,0.18858522
2447171,0.18688388
2447467,55.884132
2447634,0.580835
2447847,84.80111
2452769,52.880054
2453608,0.20802577
2453739,0.15914059
2453855,0.13632716
2454667,3.013837
2455215,0.09978506
2457182,0.19808146
2457754,0.11827673
2457755,6.5801573
2458095,0.034334246
2458512,36.896076
2460303,0.09531538
2460578,31.88913
2460683,0.22102234
2461562,3.0046253
2461673,84.48247
2461829,0.11637622
2462248,0.15239415
2462451,0.1163618
2464673,6.979375
2464679,0.6890891
2464886,49.895233
2465460,1.166926
2465962,0.09215576
2466627,1.9377289
2467546,1.9268554
2467882,0.053274404
2467963,4.8143806
2468167,0.14452644
2468171,0.2986247
2468186,7.948171
2472215,0.39911664
2472461,0.11490007
2472636,17.615606
2473110,12.138849
2473861,59.90968
2477444,0.08453697
2477543,3.0185812
2477717,0.48893747
2478415,61.450592
2478441,79.95531
2478825,14.361685
2479144,77.7909
2479193,3.4052615
2480788,0.5734753
2482319,0.055708993
2483196,2.8166308
2483497,0.06435083
2484057,1.9418005
2487569,0.09988654
2487728,22.725307
2488022,0.043285333
2489313,3.5057292
2489407,71.82222
2489615,6.219548
2493176,1.5032729
2493201,1.9764818
2493601,0.47525582
2495596,0.08704464
2495691,0.55295116
2495824,74.813065
2495893,14.992117
2496331,59.410786
2500087,0.10198997
2500390,1.3114784
2501519,0.12057853
2501809,0.3275017
2505219,0.055091836
2505890,0.12647167
2506158,65.97689
2508024,1.2214569
2508175,0.051874746
2509822,66.82302
2510394,35.497284
2511914,0.37357286
2512871,0.08815031
2513351,0.07729481
2513706,0.0523596
2513864,0.07667201
2514272,1.1660734
2514760,9.47627
2514831,52.48243
2515147,0.12372526
2515634,0.070987456
2515876,0.071526304
2516206,4.70683
2516430,0.17816643
2517989,6.190319
2518372,0.0714507
2518907,0.11863364
2519112,44.894047
2519255,0.09749536
2521691,0.06999431
2523629,7.489554
2524034,75.69917
2524523,21.810772
2526386,0.17190194
2526437,0.30751178
2526673,1.9949563
2528636,46.31198
2529170,8.137628
2530004,0.6069109
2530057,0.099112906
2530145,2.4644196
2530757,0.27832696
2531212,0.09401142
2531815,0.08931671
2532144,0.20822024
2532197,5.876
2532443,0.053104352
2532731,0.10964122
2534869,38.587696
2536263,0.07657963
2537390,10.472578
2537745,67.78227
2538248,66.80318
2539413,0.10286739
2539759,0.08127067
2539811,0.09465668
2540173,7.593618
2540393,0.17466177
2543303,8.741362
2544154,24.497396
2547198,66.447525
2547570,0.70275897
2547619,1.3492908
2550012,0.8052902
2550075,2.096756
2552636,18.396435
2553097,52.924366
2553391,51.362904
2554110,6.199476
2558392,1.9490557
2560334,3.6549087
2560546,50.81315
2561229,86.88038
2562621,7.512094
2563135,9.593359
2563967,20.323963
2565071,2.7372363
2565611,0.25825435
2566451,0.034571826
2568543,0.44781938
2568874,60.065258
2569108,0.044762574
2569323,1.1188806
2570488,47.274475
2571133,55.89618
2571217,25.452112
2571283,1.0574969
2575762,0.13734385
2576206,0.0746877
2578731,0.16130185
2586199,0.061090123
2586328,0.08115667
2586484,13.0143585
2586788,1.8829591
2592080,46.41937
2592259,1.9417651
2594067,5.728418
2594162,0.0770817
2594380,9.611976
2598145,0.40919417
2598767,0.11455083
2600692,0.25521195
2601449,78.218666
2603870,44.61124
2604156,0.069475695
2605015,66.06673
2605966,5.7550135
2606145,0.16650529
2606370,0.6871465
2606383,0.11544442
2607517,0.101282105
2607575,0.22932446
2608391,3.575274
2608483,7.3349967
2608680,0.30122024
2608700,0.118210986
2610922,0.58298486
2611765,0.107250854
2612011,0.12304922
2612572,68.48494
2613681,7.109439
2613864,0.07762922
2617515,2.7845101
2618627,0.320875
2620661,28.222794
2620837,8.049921
2625214,0.31782356
2625559,56.90995
2625766,11.917154
2626256,0.09175168
2627425,1.5600321
2628191,1.1008558
2629613,66.02223
2632699,55.101128
2633717,0.03242923
2634235,79.193954
2634554,77.686966
2634573,2.37257
2634576,6.6805573
2635078,0.68155426
2635711,43.77818
2636396,1.3519449
2636643,0.09916209
2636744,0.18490493
2636762,84.97182
2636987,75.60255
2640467,45.016113
2643039,0.117948815
2644542,2.1831102
2645448,0.5827984
2645558,11.616937
2645561,1.0350778
2648761,0.12186043
2648957,12.318499
2651107,0.16055875
2651125,12.980438
2651650,11.029398
2652871,0.1204829
2653186,1.4544446
2653411,0.09834468
2653544,2.8196247
2653644,23.74301
2656101,2.739911
2656619,16.805851
2657213,36.124187
2657689,0.094026044
2657791,74.634995
2658113,30.104939
2659165,1.0312066
2659448,65.30264
2659732,3.325465
2661098,5.653511
2664975,9.466401
2665579,76.87708
2668311,29.25982
2668770,17.28342
2672220,0.12931679
2673792,56.61718
2674784,68.75017
2674884,19.53273
2676453,46.855663
2676692,2.8800464
2677617,0.052618735
2677643,0.5526579
2677706,0.4453556
2679171,47.907993
2682471,7.879154
2682974,0.07380996
2683387,9.018469
2683438,13.860959
2684480,0.2195038
2685701,2.0563061
2685819,72.65024
2685940,23.221392
2686412,77.90169
2686639,45.742214
2687332,5.4506054
2687464,0.054759193
2687567,26.190495
2690557,47.332546
2693580,16.37599
2694111,8.542706
2694288,16.515722
2695042,68.67105
2695367,23.029934
2698206,3.3935864
2698645,71.10246
2699454,42.95986
2700296,4.1714125
2701047,0.28046927
2701572,4.849576
2701910,0.0428468
2701991,81.641464
2702053,75.39078
2707344,0.0899144
2707450,72.645935
2707819,4.7232237
2708262,0.37363166
2709923,3.822886
2709979,17.0004
2710417,0.15421076
2710543,0.665808
2712028,0.012968987
2713695,0.7498175
2716762,0.1294966
2716889,1.2949939
2717461,5.1112127
2721778,84.62462
2721883,0.1432535
2722391,0.0992019
2722983,25.739605
2723019,0.23124352
2723303,17.106693
2724993,9.973948
2725385,74.494774
2727166,13.396463
2727766,1.5832456
2728126,69.459915
2729395,2.806005
2729913,62.57381
2730497,44.204937
2730652,9.61119
2736264,3.7911835
2737955,0.10959156
2738161,0.040606514
2738377,8.365195
2738669,68.59697
2739112,61.02729
2739832,0.08056629
2740125,17.221134
2740253,0.4520608
2740389,77.34725
2743443,0.09741904
2743624,1.5540526
2747058,1.0673006
2747712,0.19543023
2747978,20.346062
2748016,0.14086863
2748239,0.08855315
2748493,4.301996
2752482,34.40759
2754006,74.300415
2754728,0.054072857
2755951,0.16191883
2756525,80.47562
2756829,0.99963844
2756847,0.6965386
2757036,13.926145
2759978,0.09783693
2760590,19.515404
2760968,83.05708
2761390,0.10577726
2761766,2.9608462
2763303,0.12599137
2763675,3.2798607
2764392,8.969017
2764516,7.053651
2768188,0.057515997
2769505,0.98725337
2769623,0.5392487
2770230,3.2772796
2770914,1.1567122
2771141,3.5207267
2771668,78.55207
2773698,3.1423025
2773754,9.089788
2774189,81.27382
2774381,3.5941167
2774934,76.221825
2777719,0.2021039
2781747,15.882181
2783786,20.692158
2784311,0.1260668
2786015,67.84986
2789724,10.330313
2790742,0.047795825
2791400,0.031721596
2791848,14.356428
2793630,0.18811862
2794880,34.996864
2798608,17.433744
2800150,0.62040013
2800327,0.19059168
2801603,59.09135
2803462,1.1351619
2803507,1.6705902
2803785,3.4485803
2804065,13.798264
2804103,0.08400979
2806791,85.13326
2808257,1.8536549
2808477,0.20289198
2808880,0.17932752
2809027,0.1653197
2809975,11.534891
2811585,0.1803733
2811703,79.11672
2814076,1.1986787
2815748,57.74242
2815750,0.36214384
2816854,0.13554093
2818471,66.67765
2818530,14.194629
2819086,0.08624747
2821079,0.100658074
2823012,69.93689
2824253,70.11711
2824484,24.12195
2824553,65.91861
2825322,1.5705516
2825336,0.112640284
2825539,6.5842104
2827615,22.560898
2829821,52.829967
2829832,0.06657957
2831378,0.1608868
2831639,0.040016156
2833834,4.482842
2833998,0.22533783
2834328,0.06336016
2834421,24.247608
2835159,0.091369465
2835738,42.790474
2836345,56.099403
2838319,1.7842224
2842830,53.642326
2843185,0.5785798
2848235,81.42167
2848276,4.78308
2848532,47.31621
2849477,2.124514
2851945,0.10724256
2853085,6.077818
2853557,80.50929
2854979,71.10526
2855220,35.720436
2856036,0.87413615
2858010,59.043793
2858120,0.11401993
2858430,0.07322339
2862466,58.68086
2862900,2.0184772
2864385,0.062354334
2864480,0.5837611
2864637,0.075683415
2865370,0.8152143
2866217,33.47442
2867463,8.327661
2872666,0.55297315
2874602,0.062108964
2874695,0.33588535
2874932,6.716277
2875203,3.2664452
2875509,14.378619
2875653,0.041913863
2876055,33.189873
2879157,0.41649517
2880895,14.938608
2881692,0.238049
2886357,0.06405006
2887581,0.081821516
2887761,20.978388
2888261,0.0673797
2888818,22.03999
2888877,0.13072185
2889781,12.585938
2892280,2.5693545
2892709,64.94569
2892830,64.95656
2894055,0.10604268
2894146,2.670108
2895820,70.22752
2897100,68.35396
2897471,55.608837
2897985,0.93892556
2898338,0.11042909
2899082,0.15390313
2899116,0.13178632
2904571,0.12819204
2904661,19.411701
2905572,67.229256
2906940,19.11115
2908258,0.87894124
2908420,0.13283572
2909690,0.5181067
2912886,0.08547748
2913960,55.480274
2913978,0.06674944
2914445,49.183777
2917698,19.597097
2918225,32.96919
2918704,0.05658292
2918764,0.05017112
2919081,12.846472
2919287,0.24678461
2919377,1.5823164
2919875,0.07334007
2925138,0.06713696
2925888,0.26686317
2926508,0.09771795
2927005,8.233722
2927487,43.061764
2931544,0.9491588
2931859,18.759706
2932027,58.652264
2933406,7.595019
2935329,0.06618489
2935897,20.287493
2936054,32.026318
2936192,66.15214
2939514,6.806587
2939670,26.27008
2939958,0.16210032
2940007,0.08331037
2940762,0.43713075
2941688,6.8018274
2942129,54.35204
2942211,11.742552
2943334,3.6129003
2943641,36.7846
2943724,2.0744941
2946155,2.818001
2947668,0.07644762
2949128,45.390343
2949790,0.07045213
2950178,0.03432024
2950627,28.009186
2952861,0.5819454
2953058,0.41441447
2954989,3.3677135
2957425,22.453665
2958344,1.0336933
2959168,56.32733
2959682,0.07128131
2960080,3.1482544
2964260,0.18680938
2965557,5.9438667
2967375,46.7875
2967792,3.5382
2968070,85.67902
2968964,15.264299
2969663,0.278019
2969722,0.16092736
2969803,68.90253
2969919,26.900488
2973962,0.2791272
2975389,0.16123398
2975604,4.6665015
2976875,0.04782073
2977232,79.68488
2977482,0.09112796
2977643,0.5841516
2978053,0.34781545
2978697,0.6059235
2978825,2.1996176
2979650,10.848864
2979775,0.67713034
2979871,9.525386
2980355,66.41831
2983952,5.55115
2984662,0.09780172
2985279,0.9327717
2985678,75.19937
2986847,35.01307
2987015,0.056391947
2988045,2.7736707
2989428,7.74034
2989596,11.974539
2993952,20.270655
2994536,1.9258449
2994541,35.83683
2994648,0.33717158
2994659,26.262323
2995368,48.307823
2996823,0.53159726
2997377,2.3152266
2997824,0.42903548
2998230,0.099089995
2998911,0.3375648
2999527,1.049407
3002478,6.0081162
3002746,0.06598727
3003127,2.642853
3003386,57.52063
3004348,83.86261
3004969,1.8168175
3005261,21.303226
3005990,1.2762504
3005994,8.442057
3006318,72.486374
3010571,3.508494
3010978,1.1325176
3011058,18.733866
3011417,1.0322537
3011497,0.054719068
3013136,53.8516
3013158,0.10166095
3013383,0.2497096
3013404,8.154422
3013668,1.3204114
3015711,13.778208
3016563,76.4177
3018278,0.041665327
3018422,0.08202841
3019264,0.15196209
3021617,0.1141186
3022063,61.76885
3022247,3.6371112
3022777,39.337204
3025885,48.33785
3026737,4.9698133
3027445,0.2344147
3028186,9.2525835
3029723,0.018824361
3031514,10.258536
3031660,0.06857764
3032110,55.5938
3032355,0.08675616
3033723,0.41267142
3035054,49.578003
3035621,36.16484
3036132,0.1746907
3037002,0.14311469
3037740,12.168608
3038732,0.0067781024
3038781,0.75898
3039186,58.628273
3039888,2.303505
3040654,19.235775
3040917,0.101026
3041889,7.779728
3042547,17.86829
3042553,49.742393
3042980,68.750755
3043127,2.49857
3043416,0.09187682
3043425,16.145
3043548,18.803356
3047340,0.096488245
3047757,65.56134
3047903,0.045150243
3048226,74.67596
3048321,0.5370511
3051679,0.17542922
3052214,4.591739
3052285,0.4730176
3052726,33.081352
3057844,0.10974355
3058995,0.87151164
3059025,78.882
3059383,51.947594
3060745,2.476883
3060766,6.9153366
3061093,0.13102055
3061221,59.47068
3063513,0.121129274
3064153,68.88113
3065612,32.220703
3065812,0.07426721
3065911,49.517982
3066652,7.2439623
3066976,30.698116
3067062,1.6796986
3067277,0.060371596
3068047,0.12176494
3070876,32.68348
3072242,3.2178478
3072757,1.4516296
3073195,0.11823181
3075343,0.6159228
3075657,0.05302421
3076051,0.086597286
3079237,16.892262
3079567,70.74425
3081281,6.5516334
3081335,0.13356073
3081454,0.031444173
3081756,65.23864
3082406,36.135204
3082988,0.051788975
3083026,68.588005
3083249,56.93177
3083966,44.290535
3085185,0.1317684
3089264,4.712266
3089577,5.19615
3090315,0.31215435
3090922,11.907884
3092322,2.2115474
3093240,66.395584
3093762,0.8015994
3095016,1.120825
3095023,79.63558
3095119,20.893927
3095348,2.2067363
3095550,45.778496
3095682,0.035741605
3098703,49.822315
3099573,0.071297884
3100440,0.07746619
3100555,0.103289865
3100927,16.709135
3101746,0.12121348
3103596,0.138225
3103784,2.1738563
3104253,39.393562
3104543,0.04960952
3105086,3.6235085
3105137,2.1004949
3105572,0.5295783
3105712,61.36731
3105849,0.073091604
3106051,0.17465656
3110281,0.096751586
3111195,60.250225
3112608,49.95683
3112872,0.107458904
3112953,3.4072754
3112966,2.7539775
3115710,6.0977187
3116166,0.042576276
3116327,0.17844228
3116519,0.10016817
3120723,0.074321076
3121011,64.04514
3122230,0.061924018
3124456,0.22119734
3125426,57.906807
3129731,2.4363756
3129888,2.1597404
3131794,0.121230625
3131982,1.1958914
3133055,42.597282
3133621,0.034967154
3133754,2.163694
3136014,0.08065876
3136318,2.7410443
3136535,2.1914012
3137069,0.061591685
3137906,27.259537
3137920,0.039826155
3138699,0.109121345
3138937,0.05786813
3139073,25.191069
3139181,0.07332708
3139489,37.561653
3139623,1.4242556
3140375,1.1889416
3142216,0.2544476
3143311,0.35331398
3144094,0.07256968
3152039,0.07897167
3152701,57.99696
3152724,0.31626162
3152841,0.07237133
3154590,0.63493097
3156460,57.203472
3156969,76.73223
3157330,0.08285941
3157420,0.113330305
3157747,8.095288
3164639,0.17298059
3165063,11.064792
3165190,3.9266696
3166540,10.486788
3166564,10.327803
3166797,0.13804984
3167520,0.6225731
3168163,0.062348686
3172778,0.1591246
3173148,17.734564
3173685,43.248684
3174292,48.58185
3174902,0.039007287
3174948,0.10985808
3175023,81.523
3175204,78.522934
3175209,8.361441
3176553,0.07332784
3176781,9.237891
3176874,78.959656
3180308,4.493792
3181376,0.10261343
3182176,0.8982279
3183018,4.5242434
3183201,1.74277
3183339,6.650491
3185037,52.53427
3185529,5.688961
3185712,0.12679076
3185718,0.32811427
3185829,41.293724
3185840,0.057151597
3185977,0.35969937
3186147,18.793337
3191358,0.29541266
3191450,2.7091126
3191779,0.06177292
3191925,19.180176
3192969,0.1187794
3194049,41.463985
3194510,0.10052942
3194552,0.0877862
3196836,0.1579411
3198114,0.05120474
3199022,42.498096
3199633,19.366844
3199891,52.01991
3200713,35.041504
3200785,44.945076
3201161,0.060325883
3208196,69.50133
3208864,51.267586
3208895,0.045086235
3208908,0.12585676
3208922,21.020243
3209319,0.03536023
3209685,0.07913323
3209866,0.06437918
3209980,71.187485
3210405,56.082306
3212922,3.106023
3213127,17.135227
3213712,0.06521886
3215660,77.3656
3215722,0.13405707
3216134,25.877865
3216238,4.7167044
3216247,0.15993005
3217153,0.1820858
3217196,0.2261652
3217684,73.82359
3217808,2.4623141
3218526,65.587296
3218787,66.208725
3219401,0.07825802
3219928,0.113738775
3220028,1.1175295
3220178,39.257427
3220820,70.8657
3222262,64.80397
3222510,1.0235399
3224913,32.31029
3225390,65.39885
3225440,4.305949
3225975,21.708838
3226454,0.08157554
3226489,79.211395
3228049,4.280594
3229157,2.5110614
3231562,19.615517
3235070,12.379269
3236301,12.388442
3236919,7.8738112
3237048,4.476947
3237052,1.2309908
3237069,6.038598
3237524,1.2255881
3237602,0.21986826
3238109,0.04699475
3238431,7.4209175
3238517,6.120691
3240903,2.453249
3241074,1.0369246
3241287,8.921171
3241486,42.803257
3241882,38.046158
3242138,0.099782616
3242167,0.14838679
3244360,0.05735085
3246086,0.06875432
3247463,78.09343
3248306,5.362815
3250448,71.47949
3250977,2.7155476
3251113,1.3998673
3251148,47.186268
3251638,0.12556401
3251901,0.086068906
3254762,0.009063346
3261569,36.634842
3261740,0.7946074
3262760,5.313727
3262855,0.06869952
3262961,18.964132
3263039,0.14137676
3263260,48.191734
3263561,0.09792514
3263650,0.045934096
3263680,0.06513746
3264261,2.745503
3264348,0.11860478
3265410,20.08898
3267114,0.06585012
3268008,23.1256
3269126,0.04696787
3270428,1.7587417
3270809,0.70701885
3271549,1.8135542
3271767,0.036747824
3271893,8.181346
3272159,0.15927258
3272161,6.878039
3272201,6.666003
3272466,0.089019336
3272610,0.17899302
3272721,0.11057435
3272778,0.25100574
3273170,59.48336
3273182,0.08439764
3276963,0.40682238
3277079,0.7016713
3277684,2.2027504
3278158,65.63316
3278436,0.5322468
3278631,0.067461155
3278758,35.310837
3279446,0.11859982
3280787,0.16696508
3282274,26.773922
3282726,66.73901
3283019,0.5597289
3283284,0.49155968
3283405,3.4913478
3283729,1.0989493
3283741,0.04644675
3283782,46.701458
3283867,0.49308577
3284019,17.577467
3284085,5.7228208
3284230,13.703954
3288710,9.653917
3289376,4.5815954
3290309,33.695168
3291524,5.008479
3292042,54.486664
3292224,6.6081324
3293357,2.4081187
3293488,0.15486065
3293528,86.50981
3293577,0.019170145
3293918,74.292725
3294131,6.0097632
3297016,33.933372
3297255,0.112881325
3299862,32.381462
3301118,0.8314449
3302259,27.868011
3302463,10.256747
3302921,55.04353
3303165,68.97168
3303211,0.17182957
3303273,0.110027805
3303335,2.9929335
3303382,71.19781
3303873,15.6838455
3304163,0.31933355
3304307,52.700035
3304505,80.88362
3304670,29.220499
3304732,0.07196903
3307936,0.13943973
3308942,0.10529554
3309377,0.034629084
3309572,53.801582
3309761,0.074470535
3309982,51.52543
3310662,6.002647
3311235,1.6436688
3311412,87.42192
3311821,30.384373
3311830,73.2968
3311834,79.567665
3312276,48.857048
3312417,34.79246
3315355,47.54897
3316191,3.4724536
3317039,0.26488534
3318524,0.089902
3319685,12.993263
3320635,0.12703462
3321432,2.992052
3324203,68.669685
3324250,3.0570138
3325297,3.5504346
3325310,13.32861
3325584,2.9563303
3325617,78.12112
3326000,3.4867568
3329145,0.06284664
3334360,0.10958068
3334616,0.17314082
3334756,0.14964339
3337585,1.0818851
3337808,0.35083538
3338062,1.70346
3338552,0.11618575
3339205,0.09684061
3340276,0.9423143
3340780,50.82733
3341682,0.7526874
3341986,4.2901163
3342681,0.1405575
3343299,0.19529879
3343671,0.33417714
3344168,1.6233594
3344400,2.241421
3351165,6.8448105
3351364,5.0820355
3353282,0.89418066
3353422,0.15652354
3354484,9.4910145
3354795,4.995893
3354829,0.02465484
3355024,2.6514666
3357882,10.436399
3359768,76.285355
3360896,26.147598
3361203,40.60961
3361370,1.2656474
3361783,0.10983697
3362302,0.059600078
3362363,0.10808158
3363182,2.2867079
3363845,0.05386411
3363926,0.055844218
3364021,0.03754193
3364669,0.058252286
3368441,11.815058
3368609,36.978596
3368741,28.66182
3369100,49.129753
3370103,30.632568
3370151,11.297044
3370435,0.052057873
3371089,3.2812743
3371155,0.040936075
3371770,24.97179
3372573,0.5637351
3372925,0.085717365
3373030,27.660297
3375448,85.52774
3376567,12.885928
3377193,1.916246
3377697,0.062014986
3378268,48.81378
3378289,1.9551569
3378627,68.438
3380197,55.034863
3380546,1.9261882
3382507,42.020542
3383066,1.2537593
3383382,9.295875
3383516,1.1584599
3383816,0.11091168
3384323,0.12341033
3384875,34.590725
3385332,0.13315451
3385338,56.817497
3386226,48.92295
3386269,0.1374042
3386587,11.006765
3386696,69.15393
3386746,0.1497327
3390242,20.819527
3391220,1.9143547
3391548,0.087949686
3392418,1.4976342
3393705,5.6867523
3393798,4.998664
3394798,68.11848
3395099,3.3253186
3395681,8.915594
3398697,0.2659244
3400645,1.6049099
3400739,61.30253
3400929,0.035635322
3401175,0.7082761
3401937,55.48817
3402068,0.70628643
3402415,0.8383652
3402562,12.88609
3404247,0.15190354
3404313,46.455753
3404472,85.56462
3404668,66.973145
3404892,0.39901048
3408897,11.447266
3409820,72.39731
3409926,23.138325
3410470,36.74438
3410557,2.5568652
3410850,1.3046186
3411006,64.30463
3411086,78.217606
3411380,10.660802
3411815,2.5873332
3411912,0.08104849
3412893,0.88665867
3413783,0.06094578
3413981,0.035966735
3414084,16.693241
3414182,0.14906338
3414653,39.407494
3414843,0.113450095
3414885,12.685732
3415582,4.544204
3415829,0.097619876
3416118,30.299637
3420223,3.6561139
3420526,52.868645
3420546,69.73897
3420707,10.692547
3421020,33.3625
3421589,5.073859
3421605,61.15993
3421607,0.0876315
3424943,81.88686
3425054,5.7790804
3426149,61.615623
3429765,31.775196
3430107,0.2325135
3430453,75.29057
3430612,0.16003883
3431377,10.010702
3431378,63.45997
3431674,0.2181048
3434075,0.56060654
3434284,61.082558
3434454,14.939423
3434471,0.13434389
3439131,62.13314
3439207,0.843208
3439298,0.08476425
3439664,36.200996
3439687,0.29070505
3439781,0.13506553
3440226,0.12786639
3440523,0.095016144
3440741,1.0239844
3441127,0.3391303
3441221,1.2915915
3441604,0.14805083
3441729,1.7769846
3441930,76.95949
3442067,4.7949934
3442140,0.12270776
3445138,10.113516
3446036,29.948627
3447361,56.97973
3447448,0.16810447
3447964,0.08277722
3448303,2.0066466
3448563,4.0889115
3448776,0.21950626
3449575,52.710358
3450210,0.22570303
3451983,18.528574
3452009,20.052092
3452623,6.058682
3452809,30.150288
3453624,38.240955
3453750,0.10167296
3454212,1.483206
3454343,48.033424
3454662,0.23352611
3454893,0.4670473
3456576,81.702194
3457338,0.04702916
3457802,0.075550094
3457822,71.52627
3457987,0.08190581
3458525,29.37769
3459384,26.336615
3460129,5.5652
3461872,0.081378385
3462475,0.06085322
3462561,65.623795
3462626,0.09639321
3462871,0.084226266
3462975,0.10756099
3463475,71.90973
3464645,40.606117
3464706,0.2285964
3465310,45.56125
3465329,0.27681231
3465351,4.793707
3465407,2.5145488
3465604,3.3851814
3465607,0.45128307
3465651,45.685272
3465972,4.4221215
3466675,2.8768706
3466842,0.2955583
3466991,0.028468853
3467257,11.302385
3467267,5.093861
3467587,0.48210207
3467959,13.83259
3468044,65.26964
3468092,4.4130173
3468914,0.10850128
3468919,4.218381
3469115,8.369272
3469771,70.79037
3473305,25.972178
3473778,10.380767
3474011,2.1112082
3474320,68.33218
3475693,0.15695918
3476105,13.584381
3476131,0.122283205
3476195,0.08160113
3478624,1.3831929
3478813,0.06973485
3479461,11.463317
3479614,57.32362
3479639,56.50127
3479881,5.666964
3482707,8.954254
3483278,0.06549908
3483699,0.17307024
3485146,0.09349147
3485641,10.099975
3486029,40.882767
3487236,61.853626
3487445,0.11040063
3487886,4.562534
3488283,0.063130215
3488332,0.09920959
3489004,0.07154386
3489242,0.9453496
3489450,55.28321
3489484,72.22705
3489608,7.6832337
3490209,6.10579
3490317,84.83075
3490322,0.097958885
3492910,12.221379
3494876,1.6593698
3496438,0.14367665
3496976,0.09911279
3497198,1.9630051
3497765,70.129715
3498602,38.62558
3498763,11.187353
3498895,1.0006874
3499016,0.15994886
3499174,15.235219
3502581,8.946449
3503249,0.08565904
3503403,2.5961978
3505276,9.980104
3507112,20.54498
3508355,0.09896979
3510705,22.964218
3510790,1.0404179
3511778,10.812848
3511898,2.7457504
3512428,44.63567
3513138,78.646736
3513270,7.4389434
3513303,64.498276
3513651,3.7758815
3513960,39.80874
3516700,69.9545
3518114,9.991182
3518682,52.50878
3519172,12.603348
3519923,58.85565
3520094,16.566303
3520756,20.897196
3521124,12.271362
3521318,54.376484
3522329,0.3446003
3522472,0.11134255
3522513,3.5095096
3528438,20.860613
3528709,0.26089242
3529442,2.6485114
3529888,3.8344712
3529893,0.88831294
3530395,0.6395308
3530517,49.941345
3531018,73.74153
3531190,0.047776513
3531681,69.056076
3531850,0.0671578
3532067,21.22614
3532338,14.493202
3533180,23.297424
3533208,2.0424979
3533549,0.08771108
3533669,7.385007
3533777,49.095947
3534012,74.25225
3534137,1.2794273
3534256,0.090739764
3534379,41.18676
3534443,49.23471
3538463,77.6071
3538727,0.15257779
3539882,0.18968599
3539952,0.088313505
3540722,55.552727
3541464,0.11272631
3542044,32.193745
3542523,61.92497
3543227,36.538937
3543534,2.212842
3544113,1.6346403
3544719,4.439835
3544796,0.07007784
3544899,32.987328
3545066,4.097289
3545591,0.052832074
3548133,29.952936
3548393,1.5500749
3548691,0.4267614
3549126,37.69941
3549478,43.61904
3549798,68.147385
3549819,0.060091365
3551598,88.92467
3552405,0.79590786
3553361,3.3166327
3553398,0.095424965
3553679,23.045107
3553713,18.59801
3554230,1.4553316
3554287,0.08708639
3556241,0.07611326
3556615,20.848127
3557570,12.281774
3557831,15.585051
3558578,0.05763339
3559005,0.06695027
3559450,0.3756879
3559515,1.2641833
3559871,0.09057725
3561338,66.520065
3561417,0.06342314
3562245,2.270839
3562445,1.7506826
3563035,0.7059971
3563047,38.04713
3563251,1.0372772
3563271,66.42586
3569229,0.14554349
3569570,5.7515993
3570201,9.270685
3570470,43.633053
3570528,0.0077621774
3570985,0.6892649
3571021,2.2997642
3571154,10.960987
3574063,0.4295937
3575238,0.23775363
3575453,0.37036458
3575487,0.065414146
3575859,1.3389728
3575918,0.04695428
3576390,0.09339942
3577101,51.651268
3577693,19.554333
3578028,0.29920974
3581652,13.297381
3582007,0.019661272
3582449,0.6023919
3584455,36.75054
3584703,0.11922868
3585049,5.9192004
3585334,2.7715716
3585754,0.114387
3586203,0.0778567
3590337,38.00167
3590483,0.044586938
3592179,2.7434442
3593311,0.08320348
3593385,2.7619843
3593491,1.5881757
3593824,3.872649
3594671,2.0098825
3595484,0.5331439
3595503,0.005918625
3595554,53.153015
3595987,0.040935356
3596230,0.062030554
3598245,3.3953178
3600457,77.18091
3600961,1.8370607
3601086,1.7928444
3601377,0.31817493
3601447,0.4123044
3601900,2.231264
3602534,10.009053
3603287,0.08660048
3603366,0.87840605
3603426,7.463362
3603979,5.256504
3604199,21.655157
3604551,1.514175
3605076,0.16719353
3605287,0.06113221
3605524,32.37205
3605626,2.8702965
3605896,4.596158
3606459,0.06860226
3610854,16.683899
3613067,14.527354
3613161,25.102936
3613612,0.61738116
3613761,3.506017
3613854,1.0164776
3614079,42.069656
3614621,4.197543
3615796,52.876537
3616001,0.11517078
3616769,43.04479
3617350,0.16346541
3617430,5.186197
3617494,27.289331
3619399,0.088185266
3619705,15.662893
3622012,0.22211853
3622797,77.86983
3623201,2.9510083
3623673,2.1691961
3623946,29.535776
3624380,1.2794802
3624387,4.0572324
3624653,6.393933
3625075,3.7910857
3625713,0.094763435
3626302,77.767624
3626408,0.07132849
3626719,0.12234495
3627326,0.25769383
3627468,3.052562
3628190,3.521033
3628228,0.45764202
3628267,34.59115
3628961,0.15827522
3629141,52.516502
3629217,60.08735
3629381,0.08398161
3631473,58.827698
3633634,2.1539254
3634361,2.842008
3635322,17.84924
3635348,64.47168
3635420,0.10041626
3635624,0.6190712
3635919,0.099223
3637029,0.43611842
3638053,0.010262271
3638235,1.0332038
3638852,1.9888191
3641687,0.09151854
3642033,0.074708894
3642278,1.9656401
3642325,15.081235
3643392,64.15605
3643801,0.19634861
3644017,4.9712377
3644037,0.12119796
3645072,2.1981883
3645866,0.50318444
3645996,0.051195264
3646059,33.02487
3646212,0.36505705
3646638,14.3661375
3650207,0.069148384
3650528,8.9272
3652230,20.260386
3653037,30.994196
3654420,32.68216
3654510,4.254996
3655367,49.903572
3655688,0.19993484
3661644,33.052208
3661864,0.10114936
3662198,0.1835464
3662795,39.674683
3663178,77.754265
3663423,0.13784873
3663798,45.226368
3664094,3.0329628
3664473,0.35543102
3664481,0.10495658
3664892,0.081842795
3665721,7.583299
3666015,0.38309976
3666146,16.147669
3666617,12.254103
3666653,65.72896
3666884,0.5038667
3667653,0.098006085
3667692,0.055314384
3667717,0.23349805
3667895,0.3958818
3667915,18.580204
3671653,43.431828
3672455,0.08858388
3673772,74.484116
3673774,40.54925
3674594,12.643407
3674757,64.79301
3674937,0.08234004
3675270,0.0805544
3675568,20.72136
3676461,18.065685
3676625,4.0839324
3677309,45.90113
3677436,7.5633287
3677466,0.0731505
3677638,4.621611
3677737,0.41762957
3677995,5.144044
3678064,1.0452731
3678357,61.583057
3678829,7.8264084
3679179,10.264833
3682839,60.056965
3683236,0.3121728
3684302,8.231735
3685591,1.0235953
3686256,0.10873548
3687840,3.6324127
3688197,4.7069483
3688368,2.2749295
3688940,0.2972799
3689140,70.22889
3693008,1.856979
3693222,3.5751464
3693262,8.305644
3694030,32.506355
3694268,2.8294702
3694441,5.472631
3694643,0.09992546
3695178,53.450188
3695375,45.23284
3695463,13.334551
3696043,19.407734
3696224,8.928245
3696746,8.673813
3696946,5.834523
3697432,36.36999
3698241,14.217894
3701381,12.63011
3701890,7.7058396
3703129,51.907005
3704081,0.08826438
3704297,76.03744
3704729,0.32060862
3704891,0.059456892
3705030,0.10282717
3705088,0.23329544
3705368,12.122061
3705495,29.15364
3705534,0.04203107
3705673,1.2190013
3708542,11.886258
3709294,80.46147
3709567,49.637512
3710434,0.029165078
3710483,0.07275291
3710661,57.209553
3711096,2.1423466
3711208,0.07689481
3712133,5.3176947
3712330,75.965744
3712846,0.6523756
3713028,0.07924578
3713031,53.175396
3716193,72.48552
3718713,0.09336791
3719330,11.210683
3719701,13.201648
3721036,0.09505584
3721826,0.04065289
3721904,42.292786
3725902,10.477171
3726665,61.440693
3727206,19.699026
3727861,0.07691324
3728240,1.4526918
3728953,0.03877037
3729469,9.477094
3730645,50.670967
3731388,6.6544595
3731534,0.3759307
3731689,0.029279629
3731871,0.09742642
3732008,36.202442
3732059,0.11171216
3735175,6.719194
3735483,3.7097042
3737180,0.09877275
3740402,15.173696
3740809,1.0361686
3741457,62.812206
3741504,0.1396594
3742373,0.124349594
3742413,0.9072717
3742519,0.10754492
3742785,0.068679824
3744465,3.0025887
3746945,7.5939217
3747392,2.019834
3747505,2.3494499
3747567,41.8873
3747855,0.13213871
3748401,0.08578779
3748684,38.22007
3748804,11.334599
3749338,14.192233
3749528,0.06449457
3749971,9.184031
3750568,59.85683
3750917,0.09028711
3751570,69.78798
3751737,32.64649
3751894,81.26633
3751919,1.7561924
3751932,49.287838
3752352,0.082426324
3752605,0.32950148
3752872,7.3152847
3755001,4.2884994
3755474,2.7335198
3755748,2.0400128
3756098,3.1338325
3756488,3.0718148
3757178,9.718313
3757461,43.678055
3757859,40.18226
3758296,37.791912
3758495,15.236005
3758686,62.276764
3760029,53.843273
3760158,6.769075
3760740,6.2320547
3760824,0.8057022
3764301,0.75676405
3765411,2.7393398
3765646,0.6683533
3767079,62.518196
3767267,12.331848
3767674,2.351503
3767801,15.293884
3768796,56.98223
3769052,32.789486
3771687,28.789478
3772617,0.061167102
3773787,0.7325131
3774556,0.089058205
3775379,0.56271124
3775659,28.727936
3775857,0.06653322
3779523,0.12654082
3780206,0.0820256
3780715,41.039845
3782016,69.25844
3782082,0.030816117
3782283,0.118319854
3782441,0.116659
3782457,0.09052315
3782579,25.260036
3782925,56.89671
3783173,6.884603
3783231,0.1130769
3784298,0.085625835
3787893,0.72008616
3788637,22.494188
3789400,0.7653034
3789685,0.1389876
3790048,9.993218
3791176,1.862643
3791464,0.10254625
3792227,0.20507412
3792507,0.076056324
3792523,19.573542
3792732,0.07668445
3792910,60.681427
3793002,2.5853407
3797867,76.10289
3798941,79.915184
3799541,22.60352
3799598,79.10961
3799995,2.5811818
3800187,1.2215744
3800332,0.2011232
3800789,0.12881032
3801007,16.23463
3801368,84.19258
3801701,30.669312
3801950,2.1132607
3801977,0.74876654
3802218,91.33418
3802538,68.546776
3802582,0.01775353
3802908,14.753856
3803154,1.4558054
3803194,1.0061553
3803201,7.900369
3803622,6.188721
3806630,0.12612212
3807983,8.344339
3808405,0.53068113
3808709,1.2743318
3809988,0.49424863
3810334,69.91728
3810864,0.057747133
3811171,75.01844
3811578,0.08559789
3811639,73.98189
3816424,0.096025534
3816450,57.772484
3818259,55.501514
3818298,24.10113
3818999,0.32946494
3819304,16.53761
3819656,0.11583252
3819946,67.27207
3820498,0.33295494
3821364,0.116035976
3822296,53.659565
3824057,0.69366926
3825362,1.8975884
3825437,0.07453113
3825743,15.689715
3826908,17.94399
3827231,4.7054415
3827442,9.424182
3828097,13.16913
3828098,1.4965091
3829387,0.025272012
3832444,2.5495818
3832863,3.5178044
3833644,11.833731
3834786,33.559696
3835052,13.709796
3835132,3.5912907
3835244,13.572363
3835334,0.16436738
3835345,0.21626349
3835611,0.06662288
3835681,73.04117
3835740,26.824009
3835948,30.539246
3836180,3.3375747
3836199,68.03322
3839258,3.4760494
3839365,54.43067
3839717,0.21084389
3840200,8.498402
3840286,6.6810656
3840719,6.5135612
3841033,0.09546526
3842694,32.00508
3843916,1.9656938
3847681,0.06693053
3848431,1.9929228
3848810,0.12413734
3848877,21.44544
3850182,1.6799126
3850237,0.2690761
3850254,6.2460356
3850967,3.6908894
3851183,4.5088515
3851498,12.610917
3851571,9.167631
3851719,14.979846
3851770,0.5965559
3852141,0.13236216
3852261,53.898125
3852538,45.562775
3852580,0.11063719
3852660,0.03448684
3852988,3.0600915
3853079,17.772135
3856570,25.996761
3856583,52.059685
3857180,6.252099
3857462,4.642791
3857687,26.624853
3857863,63.81029
3858386,4.937739
3858785,0.029283017
3858822,2.1091883
3860590,71.64943
3860762,1.7286301
3861299,9.503566
3861301,0.19469495
3861569,0.4752871
3861713,0.9130869
3861885,2.0306904
3862154,0.102452956
3862328,79.16296
3864528,0.09119372
3865141,82.820595
3866389,10.015146
3866536,1.2510381
3866540,24.460773
3866888,0.20209154
3867293,0.14851406
3867351,78.28025
3867525,0.089153536
3867632,0.18034002
3867739,2.1637616
3868052,6.469813
3868344,45.99411
3868719,0.033452433
3868981,43.374016
3869282,0.09793182
3869335,42.33943
3869436,5.8679256
3869967,2.958385
3870158,9.02844
3870187,10.554155
3870317,9.672572
3870502,0.31383616
3870793,0.81393445
3870797,13.860568
3873453,0.04958528
3874023,19.274551
3874702,29.7028
3875294,0.9936577
3876269,0.10098352
3876850,0.5831863
3877193,23.38565
3877362,32.34145
3878067,6.2593484
3878579,0.14477365
3878621,75.13542
3880863,6.4460816
3880985,0.103437446
3881808,11.859373
3883020,4.4656672
3884052,1.3555275
3888470,1.8229854
3888689,59.974266
3888752,84.88927
3889773,0.023584021
3890018,40.04844
3890947,0.14507009
3892700,83.82844
3894446,1.2212803
3894449,0.32303452
3894674,26.886929
3895455,1.3520188
3895930,22.311848
3896579,0.89125043
3896588,0.067926265
3896778,22.906202
3897387,26.163788
3897667,1.9797348
3898329,0.14972912
3898625,1.2391515
3898736,3.2758632
3901806,17.724775
3903173,4.3996563
3903747,0.20098114
3906483,42.992077
3906942,4.177096
3907279,25.6427
3907413,67.588646
3907603,62.558453
3907848,79.806015
3907852,3.3852634
3908008,6.408934
3908094,0.52791166
3908191,0.26221806
3908257,42.68559
3908361,3.6545682
3911393,6.8090477
3911451,7.5729895
3911536,0.21903908
3911632,52.602947
3911804,23.953661
3911826,45.712605
3912794,38.350395
3912900,1.4695531
3913674,0.1098415
3913873,9.459523
3914910,0.21515891
3915799,0.085422754
3915933,4.0635633
3916062,0.14540496
3916312,1.8452289
3916525,47.03017
3916572,0.48726922
3916775,11.449469
3916962,0.22700676
3917007,0.103135824
3917163,6.4589934
3917367,29.09205
3920357,0.09428733
3920562,71.473495
3921600,3.3314967
3921900,0.1322569
3922214,20.921951
3922314,0.14348404
3922967,1.4393079
3924325,32.072193
3924619,12.092863
3924820,63.538048
3925359,0.116444014
3925418,0.7683036
3928833,0.185554
3929317,30.16627
3929669,2.1612039
3930410,0.07170249
3930878,0.9798428
3930967,4.330194
3931242,6.175606
3932374,0.13277858
3932970,0.17048287
3933552,76.72743
3933571,75.96309
3936759,3.1128695
3936970,61.736584
3937103,0.09078131
3937482,0.26151365
3937630,0.09377138
3938401,1.7995304
3938956,27.568985
3939086,17.542494
3939128,0.21359
3939929,0.18299639
3939974,2.536871
3940234,0.06750514
3942409,0.5348171
3943594,0.03826321
3943630,0.11887423
3943738,0.3551081
3944200,22.971985
3944233,64.36448
3944625,68.63811
3945449,2.8974328
3945636,8.380833
3945680,3.0444052
3945836,7.4715567
3946018,40.39856
3946024,0.18109342
3946201,17.588655
3946245,0.10282259
3949890,9.663172
3950991,0.511171
3951043,0.050508857
3951363,0.08093883
3952264,11.394502
3952328,10.614298
3952502,0.009994952
3952676,0.11257039
3952793,0.92734593
3953585,3.9882445
3953602,65.08669
3954544,6.8993134
3959177,0.12584636
3959369,0.15557848
3962389,6.417388
3963168,3.6116536
3965787,2.9372234
3967123,4.1812553
3967467,0.15775271
3967613,0.08078749
3967945,86.17823
3968371,44.22381
3968434,17.214174
3968501,1.0020554
3968742,0.079208896
3969366,0.5814887
3969705,3.256796
3970224,1.9857826
3970345,3.3674138
3970626,48.68202
3971498,0.098262265
3971534,1.3628601
3971775,1.2460673
3971852,1.2363911
3971900,1.0875976
3971948,0.064744756
3972408,0.08992878
3972453,76.57566
3972524,25.288513
3974464,0.049845625
3976928,80.54733
3976991,32.783363
3978092,47.902702
3978364,0.5468912
3978543,35.323906
3978632,6.085875
3978680,1.7857704
3979504,0.039062135
3979522,0.07381979
3979611,0.20303456
3979815,67.19777
3980324,0.06393569
3980611,76.42714
3984077,8.840157
3984207,0.12479087
3984681,49.849922
3985088,6.2950716
3985458,6.3902893
3985673,1.5774109
3986953,39.74493
3987097,3.8591065
3987571,86.596115
3987599,3.6414387
3987655,80.89763
3989564,81.332245
3992814,4.083678
3993388,69.06987
3993392,6.6682596
3993553,0.07557245
3994287,37.86599
3994638,70.69005
3998498,42.60981
3999079,42.275948
3999735,15.745775
4000133,0.07479924
4000309,0.19712855
4000530,0.028481323
4000561,0.12572657
4003179,0.12191018
4003220,80.0555
4003231,33.130486
4003515,36.459385
4004700,29.767767
4004883,3.3203092
4006068,12.277334
4007689,0.028225023
4007784,63.226738
4008362,0.121655606
4011323,6.575387
4012280,0.05010251
4012558,37.534065
4013339,44.148495
4013685,0.09963005
4013920,6.708711
4014004,18.170567
4015354,73.92456
4015422,0.523224
4015442,0.1307426
4016109,2.26312
4016121,0.100030705
4016142,11.487284
4016791,0.6480035
4020957,0.09519068
4021884,1.0108268
4021957,79.079636
4023232,10.05641
4023565,1.1460954
4023713,8.677286
4024413,0.08112575
4024936,39.385193
4025313,0.079461075
4025325,37.51415
4025355,14.580585
4025913,72.59228
4026150,64.77772
4031463,30.086588
4031668,16.167574
4033422,58.77462
4033521,65.69276
4033709,0.47297865
4037008,1.4994501
4037379,0.09134288
4037426,18.700193
4037522,12.658329
4038816,0.96911603
4039450,1.0445435
4040395,1.7434101
4040489,0.075538754
4040900,14.235682
4041351,0.14971574
4041583,0.06558475
4043470,2.1092775
4043830,10.938248
4044625,0.08047819
4047638,40.16746
4047751,0.11097692
4047785,0.09393874
4047795,8.61783
4047979,1.0658299
4047989,64.96675
4048013,7.7623773
4048043,63.354706
4050765,19.617702
4052514,48.952965
4052771,28.478186
4052940,0.029438894
4053152,0.20495395
4053470,0.07752597
4053558,0.098597124
4053564,11.844295
4053804,0.9588544
4053987,7.557803
4054332,59.95476
4056741,2.6352224
4057099,10.226066
4057361,3.1630895
4058316,13.421509
4058515,0.10359293
4058615,1.6671174
4058949,34.611153
4059037,0.16320904
4059214,40.98214
4059826,1.2022989
4060149,0.124130204
4060400,0.1057858
4060446,6.2882986
4060526,13.84704
4060993,1.6410278
4060994,0.06367729
4061171,25.025425
4063357,61.019753
4065300,11.793955
4066179,0.34011227
4066224,21.460371
4067136,2.9812121
4067200,55.902477
4068216,81.250534
4068273,1.0317786
4068760,64.128044
4069211,67.77761
4069228,36.572296
4069341,0.3365681
4069363,45.69032
4069584,57.728718
4070027,1.4736845
4070133,56.61277
4070140,0.058330774
4070169,60.087196
4073641,3.771875
4073957,0.12275858
4074011,0.08953671
4074344,60.127594
4075252,0.036198203
4075963,0.35972634
4076000,0.035906978
4081707,0.9181326
4081926,59.986713
4082635,2.26392
4083049,20.39484
4083306,61.825783
4083380,0.06997328
4083790,0.08987292
4084541,0.09230796
4084603,0.6830961
4085413,0.07485289
4085570,65.8857
4085939,14.531366
4086156,0.024623103
4088506,15.93737
4088979,3.6478813
4089417,0.04367162
4090358,66.1089
4090748,8.7500305
4092010,5.5630655
4092724,0.52815574
4092751,0.333717
4092796,6.763111
4093053,0.044309348
4093403,40.768852
4093591,0.23128024
4093885,1.0761114
4095945,2.2802665
4096193,0.091062464
4097284,49.02189
4098052,0.15223631
4098497,0.3931046
4098642,64.28382
4098656,52.532917
4098814,58.345894
4099088,2.0751154
4099553,48.2248
4099710,0.1506447
4102936,73.30598
4103007,11.388939
4103146,0.30084416
4103165,3.1496332
4103323,1.4588299
4103528,44.31007
4103623,3.1017416
4103974,0.2918734
4104160,1.242737
4104264,0.051624745
4104740,0.08221431
4104884,0.07181514
4104980,19.911594
4105037,3.2678928
4106001,85.751976
4106051,2.771576
4108143,1.2041034
4108658,2.6362805
4108799,3.7444546
4108838,75.04241
4108987,2.8080697
4109104,0.051527955
4109846,0.45048755
4110242,0.118928686
4111353,0.12827745
4111722,22.831463
4112236,0.10692759
4112322,0.06996807
4112924,0.74687093
4113219,0.095389895
4113459,33.90969
4115327,51.52236
4116557,0.18160048
4117128,0.047167253
4117817,1.3020228
4118244,11.22356
4119422,0.19787566
4119780,7.331468
4120232,0.10472135
4120245,56.02251
4121234,0.31742924
4121879,84.10622
4122050,78.11566
4122052,81.04413
4122066,0.06512057
4122105,18.944632
4125486,2.6205926
4125559,3.4938035
4125884,0.0198634
4126073,0.08538389
4126245,0.7520498
4126437,58.61784
4126452,1.8890703
4126676,39.7194
4126690,0.09726187
4126816,4.0803347
4127402,2.4777122
4127524,0.04839096
4128314,15.005252
4128337,80.49428
4129195,48.51369
4129212,1.560331
4129365,11.444221
4129487,47.93743
4129491,0.024517374
4129664,1.6234715
4129992,8.0697775
4130225,0.24465099
4130266,3.668586
4130536,5.468041
4131851,0.095412865
4132116,37.302376
4133713,44.5474
4134035,21.992039
4135645,76.93742
4135674,0.17070985
4135876,40.18221
4136032,1.0098586
4136596,38.010433
4136832,0.8207742
4137306,18.156784
4137414,0.075010814
4137415,49.758087
4137524,4.8712807
4137526,29.657465
4137681,65.39584
4137979,73.49067
4141567,0.16891669
4141987,3.0809598
4142125,0.08577939
4144162,47.92153
4144849,0.06404655
4145018,3.5582473
4145301,1.6265659
4145491,1.9122547
4145494,19.34357
4146226,7.062169
4149673,0.101856366
4150060,48.806953
4151641,0.046260335
4151722,1.1176183
4151780,1.2883021
4152366,72.681595
4152752,80.320045
4153555,0.045289792
4154042,5.779785
4155012,0.2615682
4155643,0.12351109
4155661,0.12546252
4156015,10.102092
4156239,3.2234073
4156921,69.61599
4157064,0.11769025
4157226,1.0926678
4157228,0.37599966
4157294,0.47955006
4157451,17.565401
4157602,0.1027921
4158078,0.054282315
4161013,83.91566
4162119,12.49974
4162219,66.223465
4162519,24.406012
4162562,0.06252937
4162957,35.11843
4162997,85.91889
4163020,0.080305144
4163168,79.82849
4163710,0.9045719
4163728,20.107681
4163781,5.432645
4163804,0.081076756
4164931,73.79555
4165037,65.447685
4165038,2.945544
4165158,0.1300894
4166474,7.8626757
4166480,2.9993474
4169840,0.036129385
4170372,0.07584523
4170460,56.06975
4171272,0.111272834
4171692,66.83003
4172551,0.15586685
4173038,15.951175
4173107,41.47094
4173396,17.981499
4173622,0.02200437
4173751,11.28624
4173764,1.4996942
4173969,0.09633036
4174286,0.56404763
4174387,0.77513254
4174444,35.319614
4174475,0.1375848
4174716,70.886375
4177768,3.9884675
4178830,1.4641999
4180818,44.91616
4181449,0.035850838
4181828,42.027832
4181887,0.10829433
4182262,17.135962
4182771,52.97246
4182844,7.308099
4183095,0.015020767
4183328,1.4326324
4183801,58.40972
4184577,35.575188
4187860,0.032971617
4187918,4.9577646
4188766,5.0988054
4188807,80.011055
4188848,0.07653324
4189428,0.16381685
4189696,2.7421124
4189795,0.0715194
4190002,0.09069638
4190240,2.8430343
4190259,0.077313006
4190301,0.06062887
4190463,17.56354
4191038,0.4154374
4191802,0.2172366
4191968,0.042175315
4194010,0.13017419
4194302,25.466566
4195677,37.65449
4195902,21.095636
4196266,21.610765
4196308,0.066113636
4197235,2.875071
4197396,50.718678
4197645,1.0154091
4197760,67.46696
4198153,27.837824
4198575,11.163218
4198667,5.273294
4199123,1.2915633
4199156,49.68479
4199411,0.10567167
4199782,65.36989
4201905,0.14476618
4202213,30.996365
4203424,2.3755212
4203428,1.2953601
4203517,41.94275
4203524,62.70998
4203606,0.04696899
4203686,0.06200243
4204024,0.13900758
4204083,80.95918
4204496,72.62236
4205224,0.20568927
4205289,69.0757
4205784,0.09866707
4205815,81.19616
4205816,2.7161236
4206034,47.24715
4206087,0.08538531
4208547,23.001049
4208639,37.35049
4209182,0.00039424663
4209503,4.3735833
4210004,0.5914942
4210232,37.8815
4211276,0.22281218
4211459,16.910326
4212249,58.073914
4212389,67.88951
4214733,71.7097
4214852,0.116683975
4215595,50.35515
4216183,0.11894882
4216435,0.57601726
4216813,59.486183
4216900,15.340591
4217642,1.5460643
4217793,3.1575172
4218067,11.159552
4218098,0.1168197
4218196,6.979823
4218499,0.04818821
4218929,1.0616707
4219851,23.318542
4221999,28.555157
4222400,4.087137
4223782,2.3676057
4224091,56.31834
4224391,0.09081961
4224659,0.06623668
4224751,0.07335732
4225050,0.5560603
4225738,15.542066
4226098,69.92974
4226521,28.290018
4226535,2.1074774
4226549,0.028261563
4226864,0.17111596
4227161,54.363686
4227351,0.10566304
4227554,70.363846
4227998,72.21892
4228365,0.028113425
4231348,41.101875
4232530,9.501888
4232559,34.549152
4233025,37.093822
4234072,68.954254
4234332,3.5099277
4234338,80.09322
4235150,1.60912
4235620,13.380697
4235843,0.5868899
4236359,2.3926702
4236725,0.24778521
4240861,76.43411
4240947,0.012779972
4241028,74.75757
4241195,0.20361304
4241278,0.12876987
4241430,0.6182193
4241561,12.654459
4243522,2.6629002
4244086,54.050896
4244134,5.205551
4244235,25.815811
4244476,0.086297646
4244685,68.276596
4245175,6.171544
4248788,0.22323588
4249131,60.308662
4250093,71.429306
4250905,0.041778192
4250908,1.2824993
4251839,0.09863438
4251862,67.77727
4251883,72.96009
4252015,0.12076165
4252172,0.12164207
4252443,0.1207901
4252539,27.218029
4255703,77.669754
4256091,45.231243
4256114,1.1738771
4257078,5.8643427
4257081,0.036607306
4257249,81.55127
4257306,0.107187115
4257321,0.1098605
4257343,8.233359
4257354,84.24378
4257392,10.094358
4257627,49.19314
4257892,72.000046
4258054,0.10710931
4258075,2.6748004
4258186,0.5871593
4258603,28.227945
4258867,0.07044513
4261029,30.593912
4261691,8.082779
4261693,86.353806
4261951,0.11400994
4262135,64.324295
4262248,0.04771057
4262738,0.49706754
4262976,8.679371
4262990,0.51650995
4263072,2.0021858
4263330,1.6161894
4263482,0.06726219
4263624,12.692614
4263802,20.80232
4263880,17.772013
4263944,52.39518
4264188,0.9611478
4265871,0.11905875
4267133,0.0759792
4270409,1.6628854
4270462,0.10671984
4270683,0.122237876
4270689,0.14694765
4271059,0.15626124
4271119,63.567993
4273931,52.088737
4274443,1.1824033
4274462,56.66889
4274589,8.883436
4274595,75.10321
4274999,0.4863245
4276762,31.6406
4277980,0.08612044
4278389,1.4196107
4278717,31.618494
4278801,0.05391798
4279049,0.7010774
4279260,60.06764
4279323,0.05136643
4279440,33.140537
4279820,15.669522
4280015,2.2479465
4280105,0.026459148
4281898,68.71202
4282178,58.81861
4283264,4.467592
4283462,0.11936116
4284031,27.50653
4284848,0.17841575
4285465,0.12786925
4285571,30.541698
4285924,14.629198
4286196,0.8161222
4286584,2.8503451
4286662,0.13923845
4287043,0.03667117
4287079,0.043693416
4287104,0.04834335
4287221,62.81347
4287605,14.610544
4288276,4.207095
4288330,61.212364
4291015,0.50904286
4292165,20.924427
4293935,18.676544
4294546,9.834848
4294617,6.3600416
4294640,0.095761165
4295004,7.758851
4295108,0.78684694
4295542,47.607956
4296291,57.32495
4296391,39.701263
4296565,0.042955317
4296588,0.015231783
4296687,1.7154385
4296724,0.06751843
4296897,0.093980946
4299536,26.202932
4301625,2.9203963
4301678,0.08564888
4302109,6.4040422
4302562,4.2688556
4302685,1.800874
4302952,49.17272
4302970,56.88285
4303730,31.900385
4303825,3.5636125
4304369,1.0470426
4304822,61.525005
4305044,0.0034765105
4305200,14.462906
4307289,74.92111
4308612,73.94408
4308779,6.063291
4308798,64.773476
4309079,6.016098
4309384,2.6331806
4310169,2.4586513
4311233,74.874016
4311532,0.12334707
4311917,0.9060971
4311922,0.7999711
4312298,4.333148
4315579,1.6956009
4316648,58.21911
4316987,24.399761
4317815,10.738033
4318362,57.84914
4322054,0.06317144
4322146,11.088849
4324007,0.59334075
4324129,7.051103
4324166,2.1452117
4324222,0.02437227
4324388,77.38605
4324468,0.07201938
4325124,26.685614
4325134,2.2847888
4325220,1.8866371
4325244,38.04721
4325480,29.45962
4325538,0.10949936
4325724,0.06284638
4329822,0.115352355
4330061,7.458596
4330251,22.942213
4331582,5.488769
4332102,0.6383948
4332249,0.1468345
4333204,6.9852715
4333628,3.1845572
4333942,2.4557233
4334013,66.98504
4334267,0.06014798
4334446,60.88665
4334513,0.0978876
4334735,28.000614
4335752,0.30909905
4338548,1.1482308
4339188,76.04683
4339690,44.935577
4339924,71.61003
4340161,81.0688
4341158,22.165737
4341477,9.209588
4341664,56.13967
4341998,0.07963006
4342304,4.7578225
4342491,0.07389589
4343285,0.019829873
4343401,65.681656
4343474,4.5760894
4343597,0.07151707
4344220,0.12535301
4345691,53.957386
4346933,0.12149402
4347285,0.12255329
4347410,1.1815641
4347648,54.790016
4348062,1.7918568
4348161,2.712316
4348826,5.182427
4349358,66.99236
4349666,0.10827184
4350391,3.0927873
4350574,0.074045025
4351166,19.745985
4351262,2.4087803
4351563,0.07475899
4352537,0.93824005
4354764,38.01105
4355876,7.645204
4356329,1.2850454
4356687,3.1216924
4357014,0.049632344
4357134,0.09198691
4357298,0.07029431
4357464,0.16034614
4357892,27.180792
4358526,9.268583
4358619,0.1287577
4359109,84.95314
4359219,12.446559
4359453,10.5972805
4359930,0.17705767
4362345,1.8202741
4362570,54.61079
4362837,54.87789
4362992,0.61431545
4363116,1.7121408
4363693,0.13527554
4364573,2.9921155
4364591,31.167542
4364789,0.09221237
4365018,0.018979166
4365179,23.160673
4365328,2.2410913
4365545,0.025248343
4365833,1.251569
4366792,8.38437
4367233,0.038966723
4368547,40.016563
4369737,0.2140656
4371673,0.103342935
4371855,39.91285
4371878,40.22436
4371917,1.2057958
4372055,16.63499
4372068,22.65395
4372125,5.9576945
4372158,6.9000635
4374913,73.52453
4375146,0.09069286
4375375,0.091480196
4376144,0.22357306
4377593,0.14942896
4377929,78.175705
4377999,0.15401362
4378016,3.7145088
4378437,0.104249455
4379181,60.771698
4383457,0.7824174
4383838,4.384659
4384035,81.41876
4384442,7.34044
4384643,0.17076614
4385990,2.371941
4386187,1.4841797
4386598,77.28882
4387007,9.546223
4387048,0.15175083
4387234,0.1251348
4387303,7.9509034
4387491,0.067790516
4387507,0.23654416
4387684,22.843258
4388617,0.10005417
4391869,72.84067
4392250,1.2291121
4392402,0.09026943
4393057,3.6000695
4393126,0.60975057
4393502,16.62288
4393519,0.101730905
4393628,42.160015
4394977,52.447197
4395118,4.4340935
4395303,10.917864
4395490,0.4483966
4395749,0.052751146
4395770,0.053860284
4395814,0.60238636
4396106,25.536009
4396142,32.225555
4396143,2.5180821
4396299,18.740635
4399625,0.26894984
4400795,0.08567929
4401013,79.42256
4401396,1.7598264
4401441,0.084665574
4401674,70.28941
4402064,0.3377902
4402117,49.74144
4402422,22.164677
4403159,0.04194891
4403831,0.059551626
4404750,0.1742274
4405946,34.283974
4408381,47.91286
4409074,1.4678355
4409328,0.3254734
4410369,0.03968685
4411927,0.017802987
4412012,16.795147
4412247,0.034542788
4412332,1.5832264
4412479,70.741295
4415123,0.14684513
4415259,23.712378
4416190,45.347023
4416761,0.117924854
4417302,9.5077915
4417482,65.09138
4418326,1.9438181
4418714,3.3787987
4418966,30.98505
4421355,5.5376368
4421679,5.8062487
4421826,0.07384236
4421991,0.26873782
4422017,0.0896326
4422375,0.11700879
4422494,0.06735435
4422602,0.12818636
4422686,80.91235
4422975,0.07149181
4423052,58.61626
4423566,9.507154
4423782,0.5923405
4423814,0.116266
4424103,0.86660653
4424261,17.951777
4424511,75.749214
4426877,6.997674
4428140,3.9640517
4428477,39.244114
4428906,3.8110442
4429136,11.150886
4429685,0.14560528
4429816,2.9184966
4430179,0.06707059
4430452,18.689089
4430645,0.15230905
4430747,0.79496217
4430769,0.16098669
4430808,80.647835
4430937,1.3841591
4431202,1.124413
4431247,36.822193
4431609,0.097446516
4434943,51.80066
4435213,0.8134098
4435766,0.10806086
4436686,0.03397737
4436957,0.1391792
4437053,54.439674
4437362,0.8081215
4438243,54.77946
4438470,31.925863
4438931,0.20621574
4438996,18.703564
4439528,0.44707665
4439774,0.036505826
4440000,0.07748376
4440176,0.11024363
4440181,0.09278588
4440432,8.1031475
4440611,1.7350671
4440773,0.17335123
4443012,0.03134655
4444051,16.652945
4444204,3.323611
4445185,5.4168587
4445613,0.104298614
4445954,1.1897027
4446024,1.4837762
4446636,0.07649359
4446802,53.50237
4447203,16.871233
4447524,0.23375449
4447545,0.13482648
4447611,0.06513362
4447845,0.07275138
4447904,4.0132494
4447910,15.426723
4448149,0.17132156
4448668,18.93153
4449058,0.1383013
4449144,2.2940612
4449377,75.358406
4449611,0.18299086
4452723,42.80016
4453150,2.5260339
4453263,0.060421765
4453406,2.7143261
4453929,0.042494696
4453969,11.09514
4454031,51.053043
4454841,3.7816658
4456004,1.4272611
4456094,25.53701
4456555,3.214789
4456880,36.526066
4457015,0.104406714
4460061,3.6787505
4460160,3.1481724
4461909,5.062133
4462365,0.017513081
4462491,0.110685125
4464402,8.706833
4464616,0.3211045
4465319,0.12952816
4465420,6.828576
4466644,82.079994
4466780,27.280497
4468043,0.12042709
4468513,12.087341
4469264,73.020226
4469455,76.17479
4469650,42.506855
4469679,0.11887665
4470166,50.231453
4470810,0.09830742
4471358,58.394764
4471485,62.134907
4471513,64.05937
4472904,6.432109
4472978,21.02814
4473156,75.40522
4473239,34.498203
4473489,62.936146
4473722,0.12470049
4474258,64.745865
4474558,4.641461
4474958,80.3008
4475003,1.4467193
4475739,2.190802
4475778,35.817837
4475786,22.717747
4476119,64.668106
4476620,0.47699493
4476745,17.14501
4476945,5.0940924
4476998,1.1770918
4477053,0.13259658
4479418,52.363983
4479556,0.09718363
4479700,63.096516
4480308,9.348462
4481295,80.7163
4482166,66.05686
4483117,6.773323
4483361,0.1114578
4483835,2.3454936
4483867,45.65666
4484212,0.85956895
4484310,57.65171
4484324,30.486195
4484526,4.896314
4484620,10.812299
4484663,65.89574
4484899,0.074957825
4485031,38.94104
4485286,0.10253403
4489510,0.09099142
4490107,0.15617321
4490268,74.55178
4491143,69.45868
4491343,71.216446
4492244,6.349382
4492345,0.07973623
4493385,0.3501387
4493658,0.13083382
4493937,3.3688939
4494178,0.17703186
4494258,8.051717
4494364,38.83205
4494581,53.1789
4494582,54.669975
4494588,0.07627495
4494688,3.4033036
4494795,0.09722962
4494805,54.397938
4495026,0.040359206
4497294,0.06298502
4497963,0.0905108
4498288,0.11220684
4498688,5.988001
4498927,50.092724
4499340,13.812047
4499498,30.340881
4499976,19.71167
4500530,6.353566
4500615,0.15718268
4500806,0.064690076
4501410,3.992894
4501541,41.535408
4501901,0.08544685
4502002,5.342889
4502545,12.352138
4502596,73.89287
4503432,26.161682
4503742,75.512535
4504302,60.68174
4504353,0.098476164
4508587,0.056383573
4509100,3.3440704
4509357,13.603513
4509694,0.19078258
4510263,1.7760475
4510305,21.392584
4511607,0.0703208
4511780,1.6542212
4511852,53.03591
4512045,1.9951603
4512109,0.060102273
4512329,0.82623166
4513190,0.10270951
4514042,0.30464917
4514186,2.4314702
4516766,69.483536
4516791,0.07216976
4517117,42.720898
4517177,42.627342
4517456,0.1319426
4517673,0.28849593
4517853,1.7924236
4518173,0.10425305
4518242,0.10180644
4518420,6.3630347
4519633,0.2680138
4519764,0.11261793
4520113,58.545776
4520240,18.760197
4520941,43.01458
4522869,0.07517062
4524163,0.23897938
4524952,2.876776
4525011,1.0308115
4525438,0.13367593
4526825,45.67268
4529692,0.22927499
4530101,16.310953
4530154,1.6158597
4530160,3.6300912
4531110,71.5562
4531156,4.0831747
4531311,60.869274
4531455,55.326538
4531484,53.234863
4531990,0.07826097
4532202,22.42853
4532435,2.9573107
4533010,62.420494
4533140,1.7243528
4533347,0.08990579
4536637,17.36822
4536674,0.16405967
4536960,16.432198
4537198,3.4971833
4537389,0.071459755
4537679,0.3640588
4538140,1.0439031
4538238,13.559792
4538274,0.056657247
4538345,0.20124777
4538365,0.38919738
4538739,3.0568833
4538901,0.098131455
4539040,27.80758
4539393,5.007855
4539483,1.6120446
4540225,0.17185019
4540408,5.744628
4540478,0.031438004
4540661,1.494251
4540667,5.469029
4541027,61.384052
4541080,0.045036796
4541089,2.3997695
4545430,63.74154
4545585,14.001078
4545620,0.009040466
4545881,75.09446
4546034,3.1257336
4546074,19.972649
4546146,3.1202235
4546153,0.19738908
4546490,13.941721
4546609,0.13656697
4546723,0.07038936
4546909,0.2435089
4547143,0.058571547
4548296,0.47838455
4548313,0.31114215
4549155,1.9985893
4549248,0.110137
4549552,5.385871
4549555,7.382735
4549930,27.698236
4550097,8.270128
4550272,0.09620055
4550557,88.7917
4550602,61.911522
4550747,23.755177
4553528,76.34718
4553554,35.259037
4553721,54.1388
4554213,19.108189
4554219,0.004426948
4554220,0.21068788
4554252,53.604668
4554708,2.1972103
4555149,0.086998194
4555241,0.118829146
4555351,71.89104
4555470,26.975964
4556285,0.081881
4556313,9.777002
4556508,0.04547907
4556564,0.098135576
4557370,2.4512057
4557907,0.6558206
4558483,74.26012
4558597,0.75165886
4559096,75.20434
4559134,11.75741
4559138,0.077124886
4559208,5.7314005
4559338,9.994427
4559341,0.14596891
4559421,3.9889534
4559590,0.090706974
4559867,0.14059766
4563365,0.026426341
4564292,73.76587
4564840,46.28473
4565032,0.20529063
4565076,0.09676482
4565734,0.08843527
4565976,7.8018064
4565981,0.4821333
4566240,6.4673324
4566340,0.14143841
4566546,0.14934638
4567024,0.35983568
4567433,60.98351
4567541,0.63733065
4567765,61.080273
4567769,0.18835942
4568184,0.0751112
4568225,1.1909082
4568228,16.12928
4568238,37.551838
4568601,42.302094
4570993,4.632884
4571445,11.778219
4571518,37.52215
4572443,0.090350404
4572520,0.043211196
4572920,39.00562
4573354,0.6258546
4573411,0.723262
4573484,0.12954697
4573508,26.045689
4573555,3.5189788
4573564,0.80442685
4573728,62.193836
4573897,64.95579
4574029,4.4865017
4574189,0.07821904
4574551,77.1934
4575364,65.821335
4575369,0.9647791
4575689,1.0444175
4575968,0.80856436
4576231,39.93268
4578471,0.10152872
4579151,0.3703142
4579314,1.3640617
4579642,0.28358632
4579780,0.0974483
4579872,0.436102
4580594,43.985744
4580643,3.1143878
4580689,43.85736
4581368,27.099503
4581528,0.2443529
4581556,87.1002
4581788,0.0937324
4581942,0.06834212
4582781,10.381144
4584944,21.048145
4585979,0.49820375
4587050,0.10287253
4587321,0.16463771
4587349,0.054488473
4587361,0.117254935
4587898,0.11014032
4588575,0.10998782
4588610,1.4382746
4588689,0.09196254
4588978,4.766762
4588980,55.421295
4589062,0.048157256
4589150,0.10133879
4589390,44.33454
4589576,11.526242
4592475,0.12241213
4592900,0.06832841
4594389,0.12486043
4594620,0.09286405
4594970,3.6284955
4595090,33.08184
4595344,0.15443636
4595519,0.1837643
4595609,0.48430744
4596631,23.43793
4597107,3.369474
4597637,31.306326
4597780,0.32586774
4597879,48.576134
4598236,0.05163644
4598265,85.575676
4599226,4.8164487
4601325,0.116392694
4601637,59.966896
4602003,0.0914266
4602440,0.14616844
4602978,0.15419026
4603012,1.8049335
4603551,18.583172
4603817,0.30340177
4604151,0.047292143
4604522,36.36306
4604699,0.14497946
4604851,10.172981
4604991,50.748165
4605071,0.12286333
4605747,0.08306734
4606204,58.808037
4606368,46.215645
4606385,0.10403327
4607272,0.13625908
4607403,0.14127368
4607462,0.07808468
4607486,50.575294
4607923,19.92714
4608139,69.998856
4609521,0.11344419
4610675,0.1716207
4611203,0.5397853
4611256,0.10842979
4611295,0.10513918
4612341,0.08317439
4612401,0.06397642
4613084,1.1049331
4613372,0.420187
4613681,1.7042698
4614192,0.04102828
4614435,0.11241786
4614525,2.6918828
4614674,0.14713533
4614838,1.6810662
4614905,7.791973
4615631,50.1041
4615637,11.909108
4615713,3.880323
4615887,0.13590813
4615991,4.3551764
4616131,38.476902
4616254,8.901049
4616285,8.183576
4616372,0.07755236
4616452,1.9035002
4616721,55.69577
4616759,0.11202373
4616923,0.50474894
4619964,14.58018
4620260,0.046544485
4620262,7.8599253
4621618,62.89675
4621823,0.15721281
4621923,4.65438
4622005,2.2576613
4623696,0.10053289
4623771,58.28784
4623867,4.9170218
4624141,54.219227
4624521,9.59539
4624657,2.5739841
4625126,16.345896
4627590,0.11793103
4628291,0.047904424
4628507,0.12671702
4628511,0.09460954
4628804,2.630735
4628885,0.13843963
4629050,0.13686046
4629138,10.11599
4629595,3.6782386
4629685,72.32251
4629726,0.08588711
4629753,2.57725
4629864,1.180934
4629981,21.280666
4630065,49.129566
4630265,2.1938636
4630486,0.024401696
4630906,0.11667593
4631131,0.18051335
4631365,0.04917387
4632284,0.19965379
4632644,0.12826511
4632661,0.15465882
4632705,0.1270673
4632787,0.052921556
4632795,2.0578637
4633258,0.5880834
4636107,0.031476602
4636323,0.75845295
4636874,0.91374683
4637146,85.89296
4637470,2.5643935
4637858,4.6171584
4638086,36.70234
4638668,0.093625665
4638838,31.889582
4638967,3.3158734
4639185,0.55081636
4639866,0.08924526
4641291,0.6270911
4641406,0.14900768
4641610,0.069554724
4641843,0.16656776
4642269,7.7988214
4642354,0.24360304
4642539,9.095167
4642913,5.156269
4643163,0.15834594
4643192,0.088096514
4643252,1.1598985
4643420,21.942978
4643977,1.2151071
4644674,3.3813195
4644828,9.12133
4645170,57.935524
4645285,4.375701
4645824,0.089564584
4645969,67.33135
4649003,59.683083
4649331,2.5256119
4649415,0.1410845
4649468,11.643086
4649799,0.14671144
4649871,53.510387
4650662,0.043021616
4651447,8.283144
4652625,0.11066983
4652629,0.04640665
4652729,0.0758075
4652793,6.393566
4653025,0.085959665
4653187,0.099770054
4653196,0.09241725
4654547,3.3536885
4654712,51.37229
4655098,16.495409
4656361,1.392504
4656633,9.11684
4656835,0.25727504
4658293,0.13703594
4658793,0.11077921
4659046,29.735636
4659661,4.4536443
4660386,0.06592252
4661464,70.19268
4661662,70.807495
4662109,28.818455
4662158,0.13622256
4662174,5.962661
4662215,0.040604062
4662638,0.13595955
4662679,6.930316
4662840,0.070027776
4663310,14.9932785
4663664,13.4291
4663974,0.0643569
4664672,49.02655
4665192,1.1610339
4666794,0.09191152
4666928,1.8703642
4667148,0.072883084
4667362,0.033852942
4667707,0.19175994
4668178,6.3066206
4668298,48.857365
4668620,3.8125637
4669962,4.269869
4671475,71.08172
4671552,0.13530198
4671824,14.93938
4672059,0.2380363
4672445,47.90347
4672452,24.784203
4676650,0.057239473
4676969,11.648088
4677002,0.1926008
4677056,0.7449894
4677469,0.11192914
4677544,0.11244031
4678487,0.18810317
4678641,0.21079536
4678795,0.089524
4679325,0.12814733
4679492,1.5023533
4679967,1.0398341
4680238,1.5241554
4680566,1.6444652
4680752,29.511902
4683432,3.2173152
4683780,0.95486706
4685580,0.19017039
4686657,0.026223961
4687730,0.06714824
4688091,0.07939373
4688639,16.773525
4689766,0.05900017
4690677,0.11577816
4692471,9.645099
4693217,2.6549025
4693855,8.874506
4694224,1.9261849
4694228,89.70305
4694480,75.08885
4694519,0.035938345
4694538,58.79648
4694622,21.468973
4694625,7.3518906
4694639,0.48839426
4694688,0.100752115
4695243,0.5961821
4695408,0.11526956
4695428,79.64819
4698079,3.3447335
4698314,0.07528733
4698334,1.514565
4698451,0.046103902
4698567,0.15862682
4698664,67.85352
4699609,0.49776712
4699710,0.40264615
4700082,1.5173695
4700265,0.10059841
4700565,1.6834751
4701370,8.945422
4701414,0.06969279
4701425,2.2508407
4701892,0.07980554
4702264,0.5039275
4704513,1.0060561
4704939,0.11081767
4705195,73.23633
4705670,15.75416
4706241,48.88314
4706375,0.1837034
4706641,0.051258158
4706957,0.04376497
4707077,0.0865096
4707159,0.06264671
4707247,0.6396973
4707262,0.09356649
4707285,59.639698
4707667,72.69253
4708279,15.579801
4708314,4.91249
4708609,4.86234
4708737,49.449295
4708843,3.868232
4709274,0.34083802
4709477,0.11567791
4709543,0.13654637
4710102,76.55062
4710190,9.88619
4710393,0.05863946
4710488,0.10819767
4710572,62.824066
4710817,27.772839
4710819,4.2320385
4711148,30.032434
4714600,0.09870952
4714662,0.1918331
4714745,0.076361805
4715621,0.10473196
4715692,34.57401
4715693,0.0749897
4715731,0.20440805
4716086,0.031304456
4716349,0.09450086
4716376,4.6679373
4716574,0.07771064
4717237,0.07742636
4717239,0.071156725
4717267,2.4617448
4717440,25.381016
4718234,0.12392636
4718452,17.202137
4718747,58.474464
4718978,23.512554
4719231,0.12619872
4719825,0.101282
4719918,3.4998107
4719931,0.11429497
4720086,67.06185
4720101,0.08763295
4720231,0.06796466
4720274,0.043613434
4720326,0.12316908
4720349,0.9935585
4720414,73.336685
4720506,0.09376152
4720652,4.1568527
4720725,0.5090068
4720783,2.7056155
4720789,0.0929774
4720889,80.23506
4721069,0.84550667
4721439,4.9315863
4724661,1.7242706
4724857,0.07691075
4724867,0.17594196
4724943,0.07962005
4725034,0.092716806
4725251,5.929722
4725438,34.954197
4725525,0.2096159
4725949,6.6037116
4725950,0.10355306
4726448,75.66825
4726477,2.3938015
4726737,0.82927877
4726893,8.795011
4726930,0.037429035
4727222,19.53137
4728060,10.2743845
4728092,5.2329383
4728648,11.738443
4728812,24.721516
4728949,0.11583223
4728981,0.7069891
4729008,0.13780084
4729477,0.07889314
4729579,0.10414398
4729714,0.081895396
4729796,0.65639085
4729854,46.095985
4729927,9.163816
4730021,0.044576436
4730857,0.12615243
4731947,34.127678
4733608,0.042097725
4734343,4.209853
4734488,5.390607
4734544,69.94393
4734691,0.059723288
4735483,0.37813613
4735506,0.07895125
4735688,76.09439
4735847,61.552387
4736087,0.11361323
4736126,0.1741402
4736255,25.915253
4736480,0.092774555
4736912,0.10901056
4737133,3.3996315
4737392,33.314808
4737830,0.070616394
4737930,1.6438243
4738075,0.3482031
4738229,47.396812
4738250,0.077373825
4738271,0.27331847
4738391,0.3142138
4738406,1.1062247
4738440,8.179076
4738464,0.537761
4738489,0.41998586
4738590,7.5833015
4738646,0.12288879
4738814,51.712456
4739015,0.10931064
4739557,2.7344472
4739703,0.41403285
4742068,27.221212
4742102,14.808359
4742384,2.081483
4742579,0.05194456
4743172,0.0335135
4743338,2.1336536
4743840,22.706718
4744192,58.143322
4744496,7.37007
4745212,0.122182325
4745419,0.09584983
4746336,13.399078
4746363,73.16235
4746995,0.11566881
4747001,0.2521841
4747011,0.07897355
4747059,1.3634028
4749192,0.0687833
4750486,77.124626
4750578,0.04937289
4751787,3.9217293
4751861,0.81693774
4752519,76.221634
4752749,2.2632189
4752870,77.91158
4753280,0.075800754
4753400,0.10672788
4753434,0.1346596
4753571,3.145258
4753639,4.200022
4753918,0.2528348
4754132,2.9802957
4754406,0.098599955
4754646,0.102693126
4755815,42.393543
4756551,81.20177
4756578,0.16962406
4757176,0.18462387
4757219,0.11039917
4757501,0.08359685
4757662,0.17135027
4757941,19.819407
4757984,0.013079572
4757988,3.8652205
4758028,0.13856615
4758063,0.7170025
4758405,2.8586943
4758877,0.0778382
4759145,0.1403763
4759499,2.8512387
4759680,0.0582696
4759687,0.11121671
4760053,0.07176097
4760085,48.48684
4760207,1.2288097
4760504,0.0933301
4762718,0.12623693
4763342,0.053142
4764120,0.7700228
4764643,0.11001084
4764646,0.42596465
4764877,2.023663
4764999,2.807832
4766198,0.061439652
4766218,15.261133
4766262,16.311932
4766468,0.08109387
4766516,0.0873285
4766699,0.11128409
4766819,0.1187634
4766903,0.039622527
4767139,2.500691
4767213,53.5997
4767328,17.371033
4767537,45.914234
4767549,1.841993
4767942,4.146714
4768029,2.462851
4768030,0.08241979
4768321,0.04425373
4768574,5.9199524
4768982,0.09831788
4771229,0.17455447
4771580,0.15374652
4771642,5.3295794
4772123,0.14882466
4772358,1.763896
4773463,0.111742355
4773677,0.11706583
4773998,5.5742974
4774041,51.654877
4774056,1.0110296
4774190,34.059048
4774283,2.506751
4774338,1.4826634
4774629,0.06904623
4774924,16.750332
4775547,57.39074
4775584,1.4277076
4775614,31.329794
4775995,50.08891
4776045,2.02236
4776101,0.094022155
4776437,54.332233
4776645,5.7992363
4776753,8.912811
4777236,15.179184
4777269,7.572955
4778077,0.14416862
4778260,5.122121
4778312,0.75159043
4778638,1.5666434
4782243,0.66517884
4782252,0.094965026
4782569,47.053783
4783057,35.087437
4783614,0.4591179
4783674,0.06687167
4783738,0.10183749
4783756,9.363048
4784037,1.238073
4784114,0.090920836
4784211,3.02505
4784224,0.114964105
4784432,80.23671
4784699,4.0360136
4785149,3.0632281
4785755,5.9977875
4785856,0.08051205
4786030,0.09228045
4786440,0.08048906
4786442,13.729749
4786818,1.5591614
4787040,0.49295196
4788812,0.09302284
4791542,0.054552685
4791964,0.086483404
4792342,10.764967
4792705,26.242533
4792748,52.693066
4792908,0.35860807
4792991,1.6585681
4793075,3.094454
4793240,53.122276
4793637,47.445305
4793763,11.107518
4794039,2.4275746
4794247,1.352392
4794353,66.58754
4794806,19.44213
4795029,0.10318673
4795485,0.10657965
4795500,0.10470246
4795523,64.61814
4795922,0.33601233
4796070,44.785835
4796220,13.322241
4796255,0.069806136
4796297,13.752106
4798794,0.089143656
4799245,0.09319299
4799751,4.0497003
4799850,2.7908435
4799897,0.08013517
4800195,0.066212244
4800262,2.2674344
4800397,4.127793
4800551,0.09921904
4800866,0.0917209
4800925,5.6778946
4801638,9.937855
4801661,2.7525115
4802374,7.7136
4802405,1.3405764
4802574,0.115478024
4802855,0.10232234
4803048,36.62712
4803118,14.0197115
4803133,0.1270465
4803137,0.08500348
4803623,0.08684964
4803687,0.003959558
4803696,4.2521744
4803790,53.874165
4804228,2.9910476
4804242,1.9134117
4807244,63.759796
4807362,0.4564076
4807492,6.253608
4807546,14.248114
4807937,0.9842144
4808340,0.72612435
4808457,58.66445
4808505,18.931143
4808540,0.07438885
4809056,0.06380578
4809347,3.2142613
4810148,0.09984881
4810267,0.15527305
4810308,0.08094212
4810916,0.16150412
4812106,0.12637267
4812432,14.737454
4812462,0.109562896
4812531,66.80851
4812551,81.77693
4812995,4.18036
4813236,0.13545267
4813503,49.54244
4813712,2.9676101
4813778,0.22936627
4814018,0.37278846
4814075,0.08738151
4814392,0.081574164
4815126,0.13455467
4815177,5.488072
4815464,0.1128369
4815495,3.0765636
4815848,1.7647102
4815953,12.745829
4816055,0.030794691
4816236,22.58927
4816830,0.5485618
4816883,0.13363598
4818422,2.2195141
4819238,0.049398743
4819542,0.048812017
4820119,2.0704072
4821218,0.2792633
4821373,0.339654
4821715,9.397535
4821786,0.0525048
4822057,4.7228208
4822548,8.854891
4822557,0.071408644
4822668,0.11703446
4822888,13.242905
4822982,0.33819965
4823025,0.94629556
4823031,0.21457791
4823069,0.63808894
4823264,0.11850937
4823529,65.799965
4823682,1.3134143
4823722,0.7174629
4823901,49.104088
4824052,3.1329274
4824146,0.10759175
4824310,10.0299225
4824521,68.15046
4824808,0.086203106
4825097,0.111337185
4825135,6.819632
4828258,0.07949436
4828320,0.46006837
4829029,69.99231
4829281,0.104713395
4829571,4.1966314
4830203,9.999997
4830213,0.072807044
4830328,1.3964345
4830487,7.269802
4830727,0.091022655
4830902,0.09876524
4831093,0.014418507
4831130,6.979644
4831222,45.830544
4831470,7.811792
4831603,0.09397071
4831656,4.8804
4831876,7.934633
4832448,43.468647
4833001,35.127434
4833056,64.35869
4833294,0.115930304
4833295,1.6404291
4833414,3.5357177
4836517,38.575043
4836824,74.20648
4837158,9.343275
4837813,0.09368871
4837935,0.13159755
4838124,3.5271885
4838260,0.26032084
4838309,1.0108933
4838523,0.09549995
4838536,0.086786374
4838757,1.2784213
4839240,0.06917936
4839805,0.08715373
4839932,6.985162
4840772,0.65329266
4840841,0.14873569
4840977,0.111812375
4841187,5.2566147
4841248,1.3244692
4841843,1.6759481
4842054,23.256104
4844012,7.0845613
4845032,0.062245227
4845083,17.810278
4845155,17.648441
4845702,0.43122783
4846095,0.08774903
4846122,14.032567
4846138,0.11967647
4846198,0.3213349
4846411,1.024748
4846684,3.6331725
4847616,0.07704272
4847624,0.08302673
4847648,15.27474
4848798,12.902559
4848854,4.640013
4849173,0.07355219
4849266,0.06517221
4849390,53.763695
4849603,2.004965
4849641,30.60044
4849885,0.048682075
4850106,3.246669
4851057,3.7683322
4852773,8.549176
4853096,0.12474754
4853287,0.098346986
4853437,0.37981838
4853563,6.306758
4853870,0.11839287
4854224,0.12429798
4854227,0.052250646
4854417,4.42574
4854732,0.04617933
4855303,0.12697956
4855570,0.3588975
4855682,3.6943173
4855986,32.066936
4856083,9.344045
4856293,7.0784388
4856339,10.512805
4856373,74.908356
4856465,0.10521175
4856693,0.09752331
4857027,72.64967
4857614,16.594475
4858305,0.11957155
4860430,17.553532
4860876,20.959194
4861046,0.0714978
4861533,22.571646
4862061,58.344948
4862320,2.8970983
4862702,12.077333
4863176,3.8888345
4864105,0.09372644
4864856,0.077573955
4866285,1.19575
4866426,63.78597
4866620,28.449366
4866875,0.08157903
4867016,1.0776954
4867042,28.706295
4867504,0.047459602
4867749,0.08048954
4867790,2.428041
4867907,0.025340527
4868023,0.079794146
4868150,5.2069807
4868220,0.0814757
4868434,0.57022965
4868498,0.47623616
4868692,0.12395303
4869370,0.79632103
4869988,32.18615
4870239,2.6086607
4870944,0.036229406
4871477,0.058618575
4871590,3.0846086
4871659,0.02414722
4871966,15.311136
4872295,14.730164
4872499,0.084183104
4873223,0.2972684
4873699,0.0753454
4873774,1.5169572
4874176,48.401367
4874206,0.11490939
4874334,0.06585013
4874363,69.30044
4874401,0.116078995
4874990,0.118890546
4876404,0.15043849
4878481,14.4735365
4878501,49.741302
4878737,3.787539
4879114,0.09470645
4879165,12.250072
4879332,0.114776194
4879530,0.09968641
4879728,1.1475935
4880277,54.451622
4880365,0.06912558
4880542,0.68280375
4880811,71.7051
4881131,5.0637636
4881551,0.3871755
4881989,61.597076
4884465,9.441481
4884601,0.08384226
4884661,15.115315
4885240,0.14414461
4885673,18.361776
4885832,4.507545
4885966,0.105801344
4886334,0.09791584
4887246,13.394826
4887255,25.462618
4887417,19.795624
4887473,13.807704
4887727,0.12290734
4887774,0.089444086
4887835,74.00713
4888040,0.13014135
4888112,21.847532
4889948,15.579541
4891378,0.29009527
4893309,0.11529585
4894009,2.0023792
4895881,0.32493362
4896619,0.13779335
4899352,0.09064932
4900630,0.17384891
4901363,0.08526774
4902912,69.61742
4902967,65.14525
4903029,4.667501
4904582,2.0095358
4907206,0.11092441
4908032,0.053408455
4908223,49.3762
4908335,0.038755115
4908418,22.386211
4908634,28.251455
4908717,0.1754383
4908922,0.09978292
4909388,2.4624777
4909427,0.10189096
4909949,0.120239854
4912146,1.8153111
4912206,0.10679607
4913277,2.630073
4914221,7.7581596
4914545,27.319012
4914789,1.6611894
4915217,0.05072739
4915953,12.580417
4915963,69.9549
4916223,65.43828
4916287,17.913893
4916323,2.4088826
4917151,5.684138
4917519,77.99396
4918092,8.84609
4918117,2.4296193
4918466,1.9423777
4920912,0.09740678
4921514,0.7511277
4922217,16.508858
4922476,64.74509
4922578,11.437967
4924286,23.813673
4924590,0.10012034
4924816,0.033246614
4925277,0.099582925
4925278,0.015399148
4925368,3.3797665
4925545,0.23541608
4926024,12.182775
4929108,0.8174914
4929275,0.14923492
4929917,2.8569198
4930306,0.0801145
4930613,0.36691463
4930683,23.933662
4930993,0.09964798
4931132,0.1805357
4931276,48.502087
4931807,0.11359576
4931962,0.4804551
4932075,0.4412261
4932157,31.279453
4932714,3.5002613
4933043,1.0656149
4933387,3.3382556
4935058,31.418247
4935544,80.481735
4935653,29.394415
4935717,0.09418148
4936091,0.52715075
4936239,0.04291488
4937401,0.08413944
4940073,7.996161
4942985,0.07341409
4943027,13.255201
4943086,0.4350167
4943244,0.055622984
4946510,3.1842418
4946907,6.148518
4947210,43.250416
4947323,0.056274664
4947515,18.724447
4948325,1.8798215
4948345,0.073005915
4948376,0.057796717
4949866,0.03384312
4951029,81.578354
4951293,23.343145
4951402,80.52653
4955638,14.840836
4956258,0.12693587
4956451,0.135034
4957037,0.8862802
4957395,3.5566056
4958134,43.906914
4958223,80.429756
4958625,0.08883411
4958697,2.451836
4959569,0.5328342
4961949,10.318962
4962537,3.2420743
4963349,29.166748
4963511,1.2191527
4963900,0.09867255
4965152,2.1876569
4965865,32.54638
4966041,47.457428
4966559,0.18812308
4966924,2.828034
4967004,3.6510758
4967272,25.104721
4967289,65.95026
4967738,1.6498253
4967976,0.300348
4968633,4.331955
4970846,21.51353
4971196,0.113371685
4971951,8.093718
4972979,68.34418
4974298,42.76247
4974583,0.03494095
4974744,0.39538762
4974843,90.79802
4976184,0.079299904
4976218,46.81068
4976450,1.4155555
4976558,0.16490781
4976848,12.365176
4977140,0.089407384
4977384,19.115196
4977449,0.06882714
4977716,49.85862
4977744,0.09104901
4977906,2.394806
4978021,0.15063986
4978214,6.7129045
4978363,0.08045388
4978630,0.039164394
4978798,0.10234237
4978905,62.39805
4979790,0.42720342
4981192,37.92272
4981857,34.596535
4982969,0.06754632
4983691,0.06982453
4983830,0.19633272
4984907,6.1712456
4984951,9.714213
4984976,9.648664
4985504,0.022157025
4985662,78.40845
4985759,2.6618617
4986926,0.11078105
4987197,0.036602534
4987238,14.928694
4987950,18.891798
4988633,64.2581
4989054,19.795
4993488,31.468884
4993692,0.057839233
4994058,3.8741088
4994318,13.323484
4995721,0.09554416
4995993,81.049774
4996027,0.09076798
4996333,0.74718964
4996481,0.20131166
4996712,6.9170365
4996877,0.6101979
4997688,31.43768
4998103,20.28719
4998386,0.75911427
5000964,58.217438
5005539,0.08408684
5005766,48.85119
5006113,1.4419647
5006545,14.0246
5006927,0.09949403
5009206,2.3875413
5009768,51.376324
5010729,79.05022
5010895,4.9453363
5010923,2.2701728
5011234,3.7080045
5011499,1.4935714
5011693,3.0097413
5011893,0.08373822
5012940,0.75627804
5013258,5.048665
5013302,15.241028
5013403,0.13282955
5013556,29.908539
5013797,0.23129264
5014388,0.580984
5015281,0.010638813
5018013,36.58153
5018864,3.958301
5019183,0.100000046
5019531,0.2908015
5021376,50.326424
5021777,33.068653
5021811,55.95675
5021925,1.0637146
5021955,0.10631855
5025333,0.10397705
5025771,1.1142297
5026525,0.37098357
5026612,0.113323525
5027162,0.0932326
5027640,0.5469512
5027790,0.03330781
5027894,46.00461
5028478,46.762928
5029204,73.56444
5029559,0.08163328
5029703,31.708197
5029887,0.4099141
5029952,73.019165
5030339,58.66897
5030783,0.16773452
5030922,0.0595747
5031539,0.102005504
5031569,28.436085
5032074,3.0955172
5032779,0.059416782
5035609,34.65757
5036008,0.16039503
5036261,26.65191
5036776,0.1546354
5040443,9.1401615
5040653,2.6793492
5041165,0.123513125
5041296,0.03718019
5041729,0.088265054
5041891,26.525314
5045734,2.8104346
5046189,12.666734
5046894,1.1320775
5046906,0.071271405
5047608,0.064623795
5048481,0.16136745
5048487,11.186736
5049113,0.49226332
5049575,0.8832165
5049853,0.15872946
5050156,3.9581254
5050586,38.29107
5050587,0.59298396
5050664,58.386242
5050936,0.029375607
5051065,43.74905
5051236,4.343221
5051551,73.19423
5051691,0.04395791
5052112,0.7749645
5054858,0.112515494
5056895,0.08141585
5057533,1.4705426
5058058,0.14857696
5058359,0.8026317
5059370,0.05166047
5059402,0.08714636
5059819,2.1464207
5060481,0.08950035
5060771,0.044637702
5061165,82.76225
5061178,62.249146
5061309,49.819885
5061575,0.13758269
5064648,38.040657
5064921,0.5384638
5065627,0.27002516
5066883,0.112317264
5066963,0.10758933
5067529,2.896545
5068125,0.72039753
5068640,0.655432
5068702,50.525806
5069131,1.9738591
5069145,0.07426179
5070378,0.15530655
5070914,55.730183
5073851,3.8233566
5074322,0.05551653
5075441,0.08435751
5075530,0.14014061
5075659,74.309
5075670,1.2073848
5075810,0.22071025
5078232,4.860126
5078724,73.20204
5078828,2.8625698
5079124,34.35126
5082892,0.09944934
5083417,7.5885572
5085935,46.50526
5086034,0.19139154
5090974,0.06972586
5091056,20.58174
5093174,0.09098478
5093690,0.10740665
5093803,0.37302798
5094957,80.88411
5095468,83.257706
5099475,0.62215084
5099709,0.13768077
5101758,28.179272
5101761,75.40795
5102052,0.12819925
5102132,0.111283585
5102389,70.23057
5102954,7.540662
5104489,0.15064132
5104668,0.07529159
5104964,0.30771083
5105164,0.081291966
5105632,0.0648426
5105768,48.964703
5106041,46.76893
5106214,7.753282
5106252,58.853455
5106749,11.382297
5112097,6.273544
5112311,71.13878
5112534,0.4764289
5113756,0.12597181
5114347,21.282822
5114716,0.2221798
5115736,0.1436326
5115952,0.70678884
5116234,1.1650529
5116726,7.288678
5116982,0.07317449
5117177,44.331966
5117339,12.14654
5121847,0.051563155
5122059,0.12895235
5122518,0.09140038
5124475,77.42306
5124825,0.033352308
5125207,65.24867
5125217,0.051846575
5125575,11.147732
5126391,53.2741
5127625,0.10187614
5131879,0.10297725
5132555,0.061659236
5132986,0.091413654
5133155,0.25401464
5134401,3.5282493
5135131,0.09979688
5141783,51.104576
5142888,65.5062
5143406,3.086369
5143762,6.5640144
5144478,0.031188488
5144782,0.0622105
5144917,7.920592
5144979,18.130535
5145439,0.07009616
5145759,0.115364
5146173,16.938608
5148859,0.061446566
5149368,0.08088149
5149930,32.620754
5150489,0.6423886
5150756,33.974903
5152064,53.07551
5152230,14.857778
5152375,3.1015172
5152875,0.10232619
5152924,6.6812744
5153294,0.08947448
5153500,29.835672
5153725,0.08361842
5156902,69.19649
5159722,2.3340402
5159853,12.243629
5159990,1.1183332
5160363,0.9512784
5160871,17.387508
5162470,35.140434
5163198,17.068682
5163428,0.09280843
5166769,0.16355577
5173154,0.000639547
5175054,75.99989
5178868,0.95532095
5179493,0.06717926
5179986,14.626074
5180656,0.019873742
5181488,0.13102244
5182519,0.08757772
5182846,0.11639498
5183778,3.968082
5183931,16.286625
5184145,15.47125
5184230,23.824987
5184441,1.1915658
5184571,4.8900633
5184738,15.454115
5184986,0.08563457
5185539,19.998302
5189640,0.12974419
5190411,0.14106375
5192219,75.52854
5192459,0.10863771
5192765,14.943665
5193020,0.74487853
5193421,35.929604
5193748,0.19750167
5194346,10.483459
5194812,71.98491
5195831,0.09032465
5195885,0.106172524
5200018,1.1807208
5200203,8.062483
5200433,0.12506098
5201371,0.63389146
5204141,0.06440132
5204719,45.734665
5205123,11.8078575
5205454,6.9835906
5208009,3.845321
5208784,0.23865256
5210757,4.8243427
5211090,0.032971196
5211479,45.72231
5211902,62.04544
5212051,1.8047302
5212133,0.11950006
5213086,0.28438836
5213963,0.0710716
5214511,0.07486259
5216799,18.09924
5217359,0.6279577
5217507,0.44366136
5218189,0.3176145
5218535,0.1349331
5218768,11.124917
5218839,0.8319753
5221073,56.326283
5221389,33.182907
5223919,75.37064
5224210,5.8322678
5225088,13.54612
5225343,43.589405
5226844,0.14019224
5228061,9.326283
5228220,0.1120312
5230031,5.9378595
5230712,52.90078
5230764,2.515593
5231014,0.03806173
5235742,0.9683366
5235795,77.17977
5238378,14.673002
5239459,56.8156
5239658,4.2676215
5240837,0.2090414
5241294,0.087069705
5241757,17.432234
5241854,0.27790618
5241870,0.14679867
5242017,50.5621
5242070,0.031274594
5242131,0.2579351
5242535,1.5525329
5243259,0.15062675
5248636,11.160199
5249202,1.6071739
5251340,47.63128
5251624,0.083170444
5251686,0.038036127
5252225,0.029549208
5252559,68.46605
5252792,0.1117126
5253423,21.307858
5256714,0.16921192
5257237,0.037231963
5259062,0.020634808
5259131,9.295762
5259767,0.09682598
5260322,0.08575295
5260386,0.2978003
5261014,0.085782364
5261209,23.406916
5261865,7.5881944
5261913,84.82271
5262509,7.0120063
5265475,82.66676
5265614,13.3153105
5266524,70.98981
5267506,0.093558446
5267509,57.319145
5267542,41.59149
5267544,28.856424
5267773,0.5929968
5268030,49.64787
5268045,1.1701666
5268818,1.1053114
5268960,17.459112
5269143,0.117458604
5269784,18.11194
5269840,45.474342
5270589,0.08075184
5271192,0.10738131
5271500,8.267783
5272504,78.86974
5274268,36.246483
5276050,1.1109645
5276396,38.928505
5277242,0.5423914
5277547,0.05667616
5278765,0.111886844
5278810,6.4757295
5279720,8.477424
5279758,0.08804567
5279812,2.3477266
5279925,5.8879957
5280429,24.485409
5280615,0.13614234
5284048,0.36341637
5285240,12.414233
5285358,73.64341
5285553,17.537487
5285674,0.08414124
5285867,0.095361836
5286096,4.164966
5286711,6.392034
5286986,0.09523271
5287414,3.166944
5287485,0.19238463
5287559,2.3260818
5287643,0.03868397
5287819,72.05533
5291784,0.15861085
5292764,17.607431
5294260,0.69874936
5296254,15.585838
5297389,1.176941
5297660,0.068115585
5298139,2.9746914
5298299,0.10570612
5298356,5.6149645
5298458,0.052606165
5298896,8.143216
5298970,0.33758026
5301003,52.1781
5302719,0.07449611
5303927,0.06795714
5305288,0.17199154
5305524,0.09082076
5308047,0.8961209
5308117,26.725668
5308466,0.09941995
5308506,0.1103396
5308539,0.2960727
5309621,0.17669788
5309634,10.195103
5309959,7.995885
5310464,34.22226
5310859,41.577457
5314883,0.05529934
5315798,0.091188796
5315955,64.90636
5316266,0.095201075
5316660,0.075084664
5316741,0.6300629
5318322,35.208412
5318845,0.044567235
5319319,15.160129
5319408,4.8441405
5319637,0.37551188
5319785,0.8556129
5320267,6.351655
5320325,64.53167
5320983,76.72058
5321256,0.10480957
5326138,0.30419496
5326835,51.618065
5326989,0.06737318
5327035,0.08209013
5328185,0.16093531
5329077,1.0503767
5329548,1.2656958
5333452,0.057746947
5333804,36.166054
5336245,0.035554
5337757,7.997857
5338293,27.430868
5338885,35.123444
5339915,68.45966
5340020,74.44479
5340262,71.114815
5341379,0.029214358
5343122,0.3410437
5343821,8.902626
5344281,0.18896212
5344850,3.688535
5345498,4.8651514
5345731,0.07933038
5346665,0.14298062
5347051,0.91226053
5347479,68.13936
5347776,50.84838
5351702,55.005688
5352301,9.913778
5352802,0.12724562
5353431,0.1285625
5353509,10.222334
5353612,32.389393
5354632,9.742343
5354796,68.10585
5354979,0.38094693
5359974,0.15196332
5362279,23.814692
5362461,1.9694141
5363078,0.0656416
5363210,0.16612254
5364134,29.935247
5364175,0.42473894
5364228,0.046158742
5364956,45.530525
5365319,0.100491405
5366126,0.095185004
5370580,40.753944
5370956,25.953241
5371052,0.07210119
5371463,39.381866
5372082,0.09531834
5372712,0.06314528
5372777,9.644697
5373645,70.27129
5373674,0.19929023
5374226,8.234764
5374901,71.61999
5378919,10.868462
5380048,0.04322838
5381203,0.081280455
5381209,4.1924043
5381230,6.015442
5382755,0.24744289
5383235,0.11308043
5383336,0.18228696
5383841,2.5170403
5384337,73.79591
5384971,18.242563
5385793,68.32298
5386100,6.3593063
5386242,8.008235
5386846,3.062508
5386890,29.62503
5386990,45.590042
5387217,0.07080929
5389907,0.5784663
5390483,0.08515255
5390738,27.781284
5391140,0.096767806
5392517,0.13039729
5392891,60.45415
5393359,4.943579
5393564,0.69000465
5395295,71.6486
5395679,71.244965
5396516,0.24471402
5396671,0.21584377
5397133,10.521116
5397292,0.056711268
5400549,0.09762325
5402583,47.87626
5403109,3.1961505
5404627,2.2088568
5406041,17.084202
5406067,44.16723
5406143,1.3601475
5406187,56.81845
5406389,0.07849462
5406556,0.12296866
5406581,63.515755
5409372,0.080966294
5409427,74.98513
5409725,1.7857926
5410067,58.458244
5410258,0.08855478
5410899,0.18369755
5412350,1.679867
5412567,0.08134553
5414178,0.067794025
5414344,3.2758427
5414458,0.9813194
5414503,0.93572676
5414508,3.3187664
5414911,49.70391
5415365,4.1164365
5418807,53.926006
5419405,0.0675418
5420966,0.39645404
5422535,71.77201
5422832,0.094552316
5423117,9.496351
5423159,3.181165
5424042,64.1238
5424346,9.226787
5424359,0.082621634
5428573,1.2442905
5429769,0.11534705
5430658,0.31884736
5431845,14.028134
5432178,1.2294874
5432659,15.390661
5432930,0.10441333
5432938,0.052609332
5433238,3.276863
5433746,73.34465
5433766,2.8211107
5433967,75.80018
5434197,41.517
5434655,0.14260586
5434678,0.14728504
5434688,0.23726475
5434754,1.5190947
5442313,3.9910152
5442386,0.083985575
5442426,0.0446041
5442977,0.8345982
5445314,39.706375
5446675,0.4891816
5448644,0.11476668
5454346,0.12909979
5455353,30.18761
5457400,0.5864654
5457860,66.2395
5459693,0.23371677
5459747,22.274681
5465079,77.52285
5467075,41.685432
5469274,4.010188
5470125,1.9022872
5470186,0.13463435
5470215,17.472313
5470350,4.5351286
5470363,0.07633099
5470531,5.6125464
5472109,0.09335393
5476046,21.24566
5476474,3.9101894
5477034,0.08753091
5477378,21.453625
5478741,33.41921
5479460,26.341885
5479614,2.2751641
5480100,42.546497
5481032,10.944742
5481351,0.15107775
5481475,0.12997936
5481762,80.7419
5481978,0.11591933
5482031,0.11480291
5482154,66.73234
5488307,32.839954
5488788,2.6734183
5491063,0.10720763
5491317,0.061851166
5492717,70.06618
5492776,0.101800576
5496999,55.91355
5497654,2.9656575
5498089,46.377064
5498131,0.0930887
5500426,1.4099858
5500740,31.760391
5502264,0.061942577
5505535,0.69043607
5505592,0.017561233
5506083,9.847976
5506438,0.07516004
5507784,0.8957626
5509001,0.071347594
5509665,8.664122
5509771,67.4078
5510725,2.7350802
5511067,1.3350677
5511588,29.73466
5512068,0.09326334
5512118,0.0316644
5512274,0.1862386
5518116,0.02093359
5520695,38.083626
5520934,2.347095
5521689,0.13101454
5522518,0.1812915
5522519,0.009613009
5522642,36.77253
5523876,0.9605303
5524115,0.6523338
5524262,0.023759332
5524465,0.049011715
5524488,50.92992
5524942,64.9345
5525186,0.13401437
5525510,14.245717
5525612,0.23605518
5530878,6.8653574
5531170,14.215093
5531407,0.14357792
5531649,23.66008
5532582,16.55948
5534747,65.39664
5534795,80.92909
5535142,4.323937
5536390,0.12829852
5536508,54.506287
5536560,0.74045163
5536998,37.384453
5537069,12.238055
5538353,0.15743047
5538410,0.12422657
5538720,39.579494
5543210,2.6793942
5543996,0.06525998
5545470,81.26114
5545629,0.068684325
5545876,0.46186996
5546217,62.2065
5546748,0.08216049
5547367,34.030327
5547802,50.699875
5548710,0.30469567
5548943,0.13063473
5549688,4.327506
5550236,5.5425086
5550377,0.23771831
5550492,7.3628187
5555405,3.8006577
5555926,0.041683424
5555971,0.07840926
5557091,0.09847679
5557097,80.670135
5557133,73.87351
5557135,6.0002127
5557381,78.252975
5557684,5.697185
5557903,0.098460756
5558079,0.30730712
5558179,0.20182309
5558242,6.7852507
5558596,20.500015
5558747,0.05764375
5558981,4.613973
5559015,9.820532
5559332,64.25114
5559349,0.123342
5559559,3.780377
5559758,63.243053
5560024,68.928856
5560028,0.074325725
5560165,0.576383
5560227,0.102414645
5560235,3.6306815
5560675,0.013116106
5561046,2.4747167
5561355,0.59316814
5561693,0.124281526
5562394,0.05482923
5562412,0.060798038
5562420,71.436905
5562477,33.83361
5562710,71.23331
5562775,12.494815
5562799,0.050087143
5564891,20.042675
5565638,29.895626
5565799,0.6470481
5566792,3.1818192
5567220,20.137264
5567278,57.562263
5567361,83.17714
5568524,0.15300488
5568574,0.12130083
5568799,3.018413
5569464,0.11713709
5570633,5.7410398
5570843,0.7484139
5570957,0.070667386
5571716,2.120111
5571951,0.33825648
5572393,0.35727745
5574012,1.1590965
5576670,0.10198959
5577006,22.971289
5577856,0.078658305
5578475,0.17498522
5579123,0.13201037
5579147,0.11008879
5580236,0.18198726
5580648,0.1041071
5581442,0.38116986
5581522,0.12537548
5586571,20.2623
5586877,0.03637521
5587063,0.09723303
5587534,2.890894
5589159,67.3892
5589222,0.9880711
5590348,0.4901465
5590400,0.08366833
5591026,38.900646
5591612,22.415268
5592012,29.312405
5592034,3.881823
5592647,1.1732758
5592693,26.990824
5593057,0.061626315
5593975,3.5027652
5598429,15.221255
5598741,0.07512607
5598992,44.942486
5599109,0.09976379
5600614,0.093116656
5601059,0.27176818
5601147,0.07916492
5602027,0.055211734
5602097,0.043025263
5602369,5.2393227
5602494,0.09207229
5602515,3.2339218
5605209,74.57735
5605822,59.401978
5607094,24.952091
5607244,1.2745228
5611993,0.058323078
5612231,50.430748
5612772,51.066998
5613334,0.06491263
5613443,7.6034164
5613572,0.6730544
5614816,8.3840885
5615531,0.083062604
5615949,0.43087345
5616298,28.250687
5617565,0.13385457
5617698,0.38082463
5618280,6.1602607
5618865,3.2692666
5619141,10.466781
5619412,3.6017203
5619696,0.020884186
5624179,0.08573272
5624616,4.5060406
5626957,0.11135665
5627418,73.953804
5627898,0.37732205
5628013,8.97307
5628539,5.4739833
5629696,43.992336
5632187,0.12861647
5632195,15.355649
5632551,0.6807368
5633469,78.28013
5636282,5.1868215
5639029,0.09945723
5640839,32.575752
5641644,34.123188
5641857,84.70244
5642537,0.42394853
5642609,3.5354447
5643121,0.12919013
5647101,1.4860725
5647213,0.047401983
5648836,0.49171644
5648853,0.22949883
5649058,0.044142928
5649741,0.109561965
5650386,2.4384189
5650479,31.198761
5651344,0.07034655
5651523,44.63333
5651944,61.7693
5652542,47.21911
5652654,4.686166
5655080,1.0945581
5655462,9.064039
5656524,0.10645878
5656740,71.94366
5659626,0.097053066
5659630,14.680354
5660349,0.059920926
5660972,0.104561046
5661080,0.14207539
5663222,3.18538
5663909,20.074694
5665661,20.084856
5665717,36.58259
5666127,0.7251819
5666270,0.032681126
5668481,0.28223747
5669670,3.1988442
5669995,74.82552
5671406,5.053942
5671549,30.035595
5671922,1.9001328
5672471,0.06714885
5672879,0.104727075
5677210,74.11619
5678143,64.62688
5679209,0.1875401
5679693,61.279133
5679837,0.07731608
5680505,38.036865
5680714,4.816617
5681742,1.3314197
5681778,58.170727
5681914,53.346455
5682277,0.05240903
5682787,46.299694
5682992,0.023540888
5683160,50.278477
5683212,56.201305
5683505,15.010553
5683737,24.675793
5684147,0.08014585
5685306,74.18655
5685334,5.6266193
5685801,0.20946851
5686255,69.923935
5690718,0.06525844
5691265,27.090109
5691347,0.1588467
5691755,41.34462
5692212,0.27314502
5692492,19.547003
5692899,25.481766
5693879,15.764357
5694134,2.1419766
5695509,0.069143236
5695523,32.78588
5696062,0.24429354
5696100,0.8682659
5696723,6.079674
5696950,4.5410233
5697729,6.4504013
5697857,0.35414582
5702463,3.7754257
5702479,0.4421154
5702904,0.07558113
5703259,0.15338127
5704852,1.2381437
5706045,24.453796
5706259,7.0593596
5706340,0.05438465
5707249,11.007957
5707653,5.5511346
5707711,79.81974
5709309,0.26447982
5712004,0.08157616
5712663,9.501305
5713218,0.71656525
5713601,0.3402967
5714478,0.14896293
5714811,10.831692
5715079,0.6887204
5716410,0.026426762
5716982,1.1888025
5717346,7.9682207
5718454,69.50572
5718603,0.6998502
5719058,0.12612364
5720066,0.035430573
5720133,0.55192345
5720569,4.1650796
5725154,0.109482646
5725475,51.225513
5725566,58.52956
5725698,0.16132112
5725963,1.3621442
5726103,14.850443
5726139,0.07861898
5727850,2.0006838
5728014,0.43440357
5728171,16.449781
5728500,58.809467
5728502,19.703632
5729118,37.28416
5729143,76.60396
5729145,3.1141198
5729530,0.06671795
5729989,2.2625084
5734275,0.076219
5734556,23.799883
5735314,85.46717
5735447,0.06712443
5736925,80.16467
5737178,82.8926
5737903,6.0282187
5738880,36.918526
5739187,5.281091
5739264,1.3667166
5739567,0.07370867
5740147,2.4224644
5741241,67.46399
5743959,0.5391697
5744764,0.07580771
5745591,0.17020659
5745907,3.384058
5746544,30.350353
5746781,22.501179
5747481,1.5920107
5747492,0.09836635
5747984,13.347895
5748301,63.94978
5748695,0.091307044
5749477,14.343302
5749514,0.055446178
5749569,62.99289
5749651,66.02323
5750006,0.12472174
5750144,15.449939
5750426,41.428
5750871,32.55287
5751070,11.666182
5755338,2.0590997
5755559,0.93439615
5757333,0.33117196
5757952,0.13743012
5758632,0.035242807
5758695,43.405403
5758972,0.078319974
5759126,3.1721356
5760036,11.845755
5760776,3.8350716
5761032,10.367367
5761908,5.3324223
5762947,60.298607
5767004,2.1119313
5769180,1.6638
5769548,0.29427177
5770283,0.110165454
5770320,0.27214113
5771211,0.75725424
5773199,8.390657
5773455,0.079801
5774245,0.11052684
5774402,6.976245
5774454,61.93206
5774521,61.75487
5774742,0.09780023
5775122,14.331716
5775205,0.052500688
5779752,1.9963516
5780966,33.597282
5781049,0.35015333
5781782,0.1656444
5782542,0.080443524
5782720,24.526775
5783517,78.328926
5783925,77.07595
5784146,2.7912314
5784179,0.1099087
5785402,25.57144
5785674,3.6578536
5786464,0.06969108
5790611,34.47472
5791394,11.873236
5791844,0.061299562
5792709,0.17528804
5793388,0.109185
5793740,0.13903949
5793821,0.06386365
5795549,11.708824
5796164,0.51640046
5796405,1.6495765
5796517,0.06287631
5796803,56.149567
5797398,0.08681473
5797696,25.967875
5802174,0.15622158
5803068,38.539158
5803141,0.30554765
5803875,7.8053026
5804189,0.12517348
5804451,30.688854
5805232,0.095385835
5805561,0.1182486
5806377,48.180534
5806687,0.07881966
5806817,67.57235
5809453,5.788202
5810581,63.695557
5810700,62.554146
5811254,3.3443742
5812921,0.018317826
5813588,1.8801003
5813687,0.17918952
5814016,0.10138033
5814530,0.11612787
5814583,0.030931417
5815437,1.4655123
5815618,8.926201
5816112,3.6811042
5816130,32.98401
5816151,24.595764
5816154,11.475052
5818551,0.45464534
5818641,0.06308221
5820426,0.02372005
5821386,0.52641547
5821886,0.105265535
5822847,9.768527
5823579,15.944223
5823661,0.061351486
5824688,0.24807572
5825260,0.3315262
5825600,0.084016696
5825696,29.938763
5825911,9.3522
5825986,51.07656
5826013,66.29012
5826129,20.006361
5826468,0.17335059
5826475,74.82172
5826716,81.09911
5829214,10.931448
5830829,24.981497
5833122,4.738431
5833530,0.038304262
5834002,1.335625
5834075,75.81966
5835673,0.1422
5835889,1.4390911
5836186,72.180885
5836274,2.8272357
5838302,3.03092
5838377,0.21496435
5838638,1.8162439
5839758,2.6628566
5839954,11.1521225
5840106,0.03904326
5842970,0.110922895
5844153,5.117466
5844420,4.2745676
5844501,13.60594
5846595,0.07243711
5846654,0.08492326
5846745,59.78298
5848277,72.62227
5849776,0.11211862
5850148,28.835346
5850712,0.509374
5851013,0.096321486
5851054,2.3594215
5851071,0.38170725
5851295,0.099782065
5851500,46.202045
5851649,77.65473
5856557,68.54799
5857212,0.10729504
5857280,0.15589622
5857515,0.6902197
5858087,1.9827101
5858313,0.25053173
5858413,8.512245
5858496,0.04753744
5858505,20.90545
5858516,1.3463156
5858572,42.396294
5858893,29.789679
5859848,0.88414705
5860837,75.856255
5861236,28.4057
5861766,42.444344
5861890,1.2592127
5862128,3.9577854
5862200,0.68261224
5862395,4.346962
5863088,14.668367
5863458,53.899414
5863609,16.584946
5864956,84.28422
5866656,0.18709992
5868578,0.5314748
5869058,0.12137649
5869693,0.019483527
5870127,68.40892
5872177,0.20694299
5872722,3.4839542
5873218,41.32078
5873343,19.032995
5873714,15.140875
5874013,0.100540444
5874520,28.795984
5874941,3.6380334
5875176,0.10729341
5875665,6.6695223
5879269,0.10417185
5879480,0.06562944
5879750,0.06001336
5880064,8.148449
5881122,0.1862543
5882216,16.621384
5882725,23.899143
5883069,64.70091
5883655,0.09139075
5884025,67.204315
5884398,0.025374124
5885201,54.58888
5885673,1.74081
5888002,7.51812
5888294,0.8818647
5888962,0.11769223
5889937,0.026288282
5889968,0.10721898
5891358,2.0258038
5891574,2.6361773
5892693,85.29538
5892794,2.4595776
5893277,1.5146344
5893462,0.055334944
5893581,2.2151291
5893612,0.8149662
5894720,13.898237
5895016,7.278486
5895056,64.40719
5895082,59.229668
5899299,0.7586224
5901993,1.6894348
5902026,19.90742
5903240,7.6878786
5903889,0.1569787
5904490,0.11058494
5904817,5.49379
5905128,47.854115
5905130,0.082192056
5905501,75.50356
5908365,1.9374374
5910246,0.12621713
5911805,0.09526666
5911997,41.00263
5912017,0.044582427
5912186,2.7302814
5912394,0.14848134
5912431,1.4913849
5912437,0.081913136
5913117,21.450567
5913433,0.1442015
5913880,0.07393174
5916607,0.105170645
5916702,0.16096269
5916926,3.4592507
5916967,11.903624
5917190,0.48925567
5917574,5.307266
5917689,0.027233243
5917981,13.951128
5918002,0.050236404
5918053,35.333305
5918653,55.514214
5919348,2.0933244
5919646,1.9985498
5919967,32.887737
5920088,0.060359728
5920109,18.584972
5924806,1.2265918
5926506,0.08311899
5926953,53.303772
5927568,6.254461
5927667,2.5914512
5928954,0.35846978
5929064,8.37072
5929637,9.422382
5929875,4.254118
5929910,1.7556101
5929986,0.7938031
5932068,78.95957
5932092,7.8764277
5933801,4.1291304
5934051,3.0607657
5934255,49.028084
5936796,0.10788635
5940868,0.65168047
5941556,0.5815762
5941782,48.557148
5941888,0.13289276
5942682,2.2814765
5942843,4.335306
5942962,22.315979
5943265,4.26501
5943508,0.1318475
5944801,62.62851
5945116,27.932734
5945548,0.069578215
5945685,51.00071
5946137,0.09465553
5946845,36.738373
5947031,0.8703128
5947159,35.873844
5948498,0.154046
5954479,0.021873508
5954758,7.6788583
5955722,0.368223
5956344,0.1626672
5956573,0.1455228
5956695,0.29888695
5958299,26.624805
5958772,37.156586
5959211,0.123572305
5959576,0.69652635
5964902,2.343773
5965198,22.505583
5965489,20.6443
5966669,0.2632403
5967489,14.740811
5967741,0.14448364
5967998,40.56014
5968683,0.65196216
5969152,11.896652
5969257,0.1734097
5970229,2.7889392
5970505,0.14487591
5970552,11.090353
5970736,0.0756778
5975179,69.493744
5977861,26.466211
5978202,9.249367
5978558,46.793007
5978999,77.04011
5979675,13.789076
5980191,63.461143
5980214,0.1029004
5980403,9.477308
5983591,26.665257
5986107,7.5342727
5988468,0.45527405
5989087,74.94781
5989289,1.1614635
5989511,0.060442507
5989927,72.752884
5990467,52.228565
5991227,4.784905
5991436,0.11787832
5991511,0.11697414
5991522,0.08452923
5991675,8.650015
5992154,14.7641325
5993541,57.14033
5998942,2.2115135
5998978,0.05628091
5999400,0.10668492
5999780,0.25403386
5999786,22.2281
6000785,58.991295
6000898,41.356426
6001031,0.15119912
6001852,8.500505
6002382,0.07380299
6002432,46.052044
6002889,9.244051
6003650,0.23418741
6004012,38.651497
6004200,0.07145597
6004659,2.1071217
6004786,0.2604159
6005078,0.07225064
6005868,39.9224
6005919,2.1544347
6006270,0.114896856
6006711,0.07900515
6006837,0.09750608
6006934,0.6096579
6007063,10.5618105
6011933,60.221436
6012187,37.842022
6013897,48.01001
6014718,40.888577
6015754,0.10672023
6016357,13.952579
6016379,45.237083
6016943,0.70147645
6017036,0.96460307
6017043,0.110942066
6017408,0.15597364
6017870,0.5107249
6018151,0.21616276
6018773,15.443028
6018947,1.4352608
6019594,1.4972887
6019950,6.4526114
6020055,0.13429122
6020382,0.08842448
6023683,54.527702
6026166,0.07136408
6026762,10.925184
6026840,0.16923085
6027412,0.104645155
6027434,35.099815
6028165,40.247917
6028920,0.07230249
6029117,67.970566
6029277,0.16487564
6029549,3.2658417
6029987,40.743885
6030210,11.245308
6031001,0.0992528
6031045,0.20868704
6031431,1.9663786
6031615,0.06336655
6032077,48.43476
6032730,3.598864
6033169,36.16062
6034467,57.57723
6034581,71.3277
6035510,54.752472
6035520,70.934395
6035534,59.048298
6037422,14.124308
6037761,88.48799
6038158,38.761616
6038392,50.552376
6038534,0.116661236
6038545,7.524595
6038586,65.7918
6039238,30.883448
6040119,0.1835345
6040704,0.13798425
6041377,13.258034
6041914,0.5060483
6042059,13.899707
6042151,8.964577
6042555,65.5259
6043315,89.51783
6043436,0.2684307
6044648,25.950607
6045049,0.09698965
6045055,55.822807
6045552,71.17579
6047095,0.07493018
6048412,0.111458585
6048467,0.6353642
6050825,0.29936075
6051856,1.7440798
6053457,0.9496986
6054194,0.06299938
6054335,11.756951
6054605,0.18927856
6054656,0.7233869
6054864,2.2237928
6056835,0.8305767
6059556,1.0718762
6062060,35.143394
6062168,17.857244
6062593,0.14618506
6063050,35.462517
6063060,0.04115172
6063063,53.252113
6063782,0.105115615
6064471,62.893322
6065370,1.1499746
6065647,1.274664
6065786,0.45841616
6067536,73.75864
6069703,35.081112
6070550,5.7626367
6071153,0.13038643
6071347,4.5856485
6072842,2.1079774
6073953,8.411518
6074091,0.3193317
6074676,2.2152252
6074746,0.089076
6074791,0.094430074
6074975,45.4056
6075330,0.068335265
6076131,0.079376854
6077282,1.685775
6077361,0.07706363
6078066,74.84513
6078300,0.08653627
6078694,0.66765964
6078788,0.9905855
6078807,1.6311934
6078896,0.8067684
6078897,1.7473326
6079079,59.91233
6079378,0.08241474
6082939,1.944175
6082991,0.6759685
6084475,67.72484
6085932,0.08146259
6086137,0.2623875
6086460,6.309255
6088813,0.081559256
6088910,0.07489507
6089007,11.1294
6090216,0.115259394
6090396,0.08444889
6090979,0.6649815
6091224,1.9150196
6091425,0.84326136
6091493,32.730495
6091850,74.2198
6092004,3.5319047
6092130,0.18866721
6092369,4.244985
6092625,29.114508
6092743,22.589123
6092992,3.3832603
6093217,0.87694657
6093459,1.6186554
6093625,69.16862
6094597,36.44535
6098755,1.111736
6098975,0.87887144
6100031,17.671038
6100514,3.5902572
6101104,10.693455
6102693,3.0792346
6102844,8.777585
6103146,0.11455649
6103273,61.079918
6103761,10.836971
6103774,64.79496
6104557,41.160904
6104637,75.29176
6105142,42.116516
6105342,0.060445976
6105581,40.712883
6106273,3.2517498
6106445,4.08249
6106676,2.692196
6107289,8.077047
6107592,43.568565
6107614,48.971302
6108703,7.3011336
6114300,0.21112533
6114908,1.5403664
6115275,0.093854025
6115294,72.12266
6117378,0.089384854
6119473,19.100973
6120276,1.2653835
6120501,0.02341725
6120617,0.13758144
6121052,29.440165
6121231,0.49103412
6122120,2.2090821
6128347,0.050229073
6128992,2.745577
6129137,62.493176
6129825,0.09720928
6130045,35.57942
6130145,64.469604
6130929,2.0251586
6131266,0.0710809
6131606,49.107994
6131748,0.05980696
6132230,6.4704437
6134199,52.865143
6134448,0.08183439
6134600,0.07259022
6134906,66.37386
6138423,4.048388
6138632,7.374326
6139914,0.059787847
6140465,3.445969
6140503,25.289333
6141299,8.602152
6141401,60.460777
6141815,0.18235855
6142363,10.075785
6142603,1.5146654
6142976,0.07439144
6143307,0.35582095
6145011,0.087424636
6145107,4.067885
6145124,0.0775598
6145263,0.076259874
6145636,0.16667548
6145657,69.94462
6146238,0.108925305
6146643,0.12028395
6150778,0.106533006
6151241,0.12106609
6151450,0.19523391
6152478,2.3540082
6152725,66.812096
6153194,0.09592576
6154291,0.7968552
6155492,3.2337277
6155626,48.005527
6155904,2.9354558
6156278,0.023962408
6156319,0.12423284
6159257,0.12882367
6161282,65.09019
6163297,16.439098
6163758,1.7821373
6164338,0.11143068
6164719,10.102756
6165032,0.09764197
6165832,0.23766705
6167141,0.54553676
6167683,6.5567665
6168027,0.1103311
6168663,0.56223416
6168880,23.88129
6169065,65.085976
6169335,0.18665226
6169377,0.102245234
6169412,2.683998
6169981,3.119021
6170203,33.091923
6170239,51.340424
6170486,45.34631
6170705,17.13246
6170772,0.88730335
6170933,0.1684388
6170979,79.7167
6171026,0.21792813
6171318,3.0770056
6171382,41.80796
6176419,9.524005
6178287,1.4796398
6179073,77.57088
6179139,0.4401495
6179176,13.5295105
6180121,65.170334
6180208,0.058230676
6180244,2.2697592
6181272,0.057295162
6181309,48.325848
6181957,0.095881
6182796,4.7732077
6183925,1.0498464
6184149,0.11230703
6184285,13.045306
6185426,6.937069
6185452,0.18296948
6185599,66.64208
6186089,0.077308826
6186325,0.13689516
6186628,22.792953
6187204,5.734644
6188014,0.16965845
6188022,0.82950175
6192898,0.9893465
6192999,27.891949
6193057,3.0821693
6194377,89.48269
6194718,0.094498955
6195710,0.33627743
6196354,72.29329
6196481,0.057056934
6196860,0.08870113
6197119,39.04703
6197134,59.967827
6197170,0.029659491
6197760,8.797403
6198343,20.920547
6199549,0.015068084
6199555,0.10556097
6200390,38.729782
6200457,61.87394
6200613,0.07404451
6200619,0.021059508
6201714,0.08153914
6201730,0.110681176
6201900,64.54132
6206462,86.157715
6207839,0.13952482
6208796,2.1395068
6209084,6.4701524
6209147,52.33318
6209200,0.18743685
6209309,1.2957047
6209427,0.31626695
6209619,0.14771008
6210155,0.49455824
6211055,2.9270353
6211624,0.10487304
6212962,0.46310496
6214452,0.4143518
6214748,0.092857316
6215083,11.287632
6215984,38.54975
6216166,4.90433
6216318,0.107937574
6218730,20.435131
6220085,13.634898
6220514,11.375173
6220699,0.20345382
6222149,0.3002042
6222376,1.2905258
6223413,31.023993
6224396,0.42023802
6225153,0.16995841
6225501,70.385635
6225968,9.715158
6225974,48.031727
6227059,0.14466844
6227345,75.58604
6227944,0.98094666
6228019,55.935913
6228461,64.05342
6232150,0.5919631
6232203,3.2439837
6232720,75.12681
6232987,0.095598266
6233889,0.08865104
6234096,64.62774
6234725,15.785998
6236899,39.1443
6237065,0.601753
6237175,45.602802
6237403,0.05853545
6237974,65.24605
6238281,0.06385439
6238314,0.11142118
6238495,0.15919635
6239016,0.083977304
6239106,0.11541909
6239508,57.82345
6239658,1.3704832
6239848,13.042302
6241464,0.11324239
6242355,4.162601
6244089,11.064788
6244309,0.10099175
6245792,70.71513
6246559,0.15803206
6246562,4.8044534
6246681,3.3981185
6246825,3.6624386
6247046,66.9598
6248335,17.231674
6249465,0.12524337
6249946,0.052212495
6252815,7.5932264
6255597,28.896667
6256019,0.17079705
6256149,85.963104
6256470,16.579334
6258065,0.6890491
6260442,56.299725
6261128,15.383815
6261610,36.69457
6261696,82.31963
6261940,0.18635346
6262339,0.2235591
6262496,0.070459396
6262562,0.08297527
6262631,3.5519638
6262812,0.71926796
6267938,0.13912395
6269027,0.1088205
6269610,24.901817
6269646,80.88234
6269968,75.55074
6269975,6.1697087
6270767,13.891673
6271152,0.131268
6271429,0.7578761
6271491,0.04550547
6271692,0.5219249
6271802,1.5396421
6272125,0.054391205
6272423,65.801094
6272646,0.10914133
6272810,3.2734597
6273469,0.11062281
6274316,0.17346549
6274418,2.6525605
6274981,0.35534996
6276183,35.031994
6276574,4.459244
6276737,2.6876996
6277072,5.2095823
6277217,5.0330687
6277387,34.70406
6277470,79.94549
6278161,53.86387
6279160,0.112835206
6282629,44.0778
6283028,8.856224
6283933,1.7269127
6284161,0.03719417
6284318,0.5855395
6284582,15.071231
6284657,72.89188
6285824,0.06618424
6285844,70.221176
6286112,0.06269453
6286307,4.0954638
6287438,4.044218
6287919,21.642214
6287961,2.6607726
6288004,69.93579
6288635,0.2090934
6289701,0.41322947
6289837,2.621677
6290301,29.404922
6291227,0.41220027
6291371,21.69187
6291454,0.12155501
6291877,0.32613713
6292069,3.7631125
6292515,10.9419155
6292833,42.64624
6292850,3.0418305
6292866,70.08675
6296553,7.0314646
6297613,0.32235044
6298154,1.9319222
6298807,0.05020849
6299550,21.244476
6299693,21.850887
6300000,0.17489156
6300191,7.571847
6300353,10.77424
6300424,0.10556655
6300653,0.01798411
6300876,0.63322246
6301851,0.0773171
6302159,0.08947279
6302346,6.9676347
6303109,13.635068
6303611,0.19334593
6303845,2.263198
6303923,30.302118
6303950,0.078945935
6304126,2.9897373
6304362,4.9336147
6304848,1.5197675
6304948,0.5332323
6305097,3.4595242
6310895,19.594168
6311007,0.095097326
6311555,0.27194977
6311716,0.10441222
6311978,3.1820064
6312512,0.07265375
6313203,0.094603136
6313673,0.09234922
6313782,13.600555
6313994,1.964742
6314214,0.10019903
6314380,2.8299127
6314389,12.732134
6314561,0.070495084
6314794,0.07290169
6314972,2.3737845
6315659,2.512758
6316005,65.15427
6316666,0.016552402
6317673,19.407276
6317763,0.087605074
6318545,0.2749164
6321475,23.916235
6322079,0.08750322
6322362,35.865395
6323324,62.630333
6323824,0.20734844
6324190,0.094977066
6324222,10.400787
6326345,4.3947783
6326477,69.80854
6326865,4.2123604
6327529,0.08639901
6327543,0.5376316
6327601,16.521519
6329973,74.3286
6331598,1.6786095
6333659,0.085397795
6334614,14.622485
6334824,63.093254
6334836,0.07564856
6335429,0.06571941
6335490,2.4715285
6335541,0.09288195
6336312,2.662035
6336391,14.377286
6336701,0.07061447
6337001,68.7506
6337031,34.588913
6337200,0.10402075
6337739,2.4662077
6338068,16.438257
6341337,1.1983268
6342493,0.70812434
6342741,7.759276
6343522,0.14989443
6343837,0.0776127
6344052,0.09596698
6344759,70.19494
6344926,13.877528
6344936,0.9108946
6345234,0.09680058
6345545,0.063434765
6345728,12.96937
6346275,0.056386136
6346456,0.11600773
6346496,1.9987007
6347729,4.8284874
6347828,0.12516543
6347853,0.78469896
6348490,22.430584
6348548,0.08519532
6348625,0.08941333
6348659,52.592052
6348998,2.574015
6349151,63.87443
6349304,9.737928
6354789,4.702694
6355471,73.82992
6355972,0.10633346
6356102,8.162815
6356197,0.022848753
6356366,0.2569042
6356569,58.245445
6357416,0.10245697
6358080,0.08100778
6358641,17.05396
6359111,39.551388
6359526,4.346113
6359643,21.690546
6359812,1.304713
6360200,74.96311
6360224,0.0518354
6360527,0.052859575
6361102,52.04084
6361204,0.16067842
6361313,1.4115952
6362051,5.70827
6362684,1.1816622
6363293,2.9989574
6363796,25.742426
6364117,0.07815839
6364150,0.88313496
6364522,19.246866
6364762,3.133751
6367973,70.85454
6368139,60.09781
6368482,13.563161
6369389,0.85595834
6369795,0.28432205
6370032,3.2336965
6370396,3.5105674
6370695,0.08151489
6370702,61.358234
6370755,0.094145074
6371117,38.248055
6371191,0.08386707
6371241,0.099092916
6371373,29.693256
6371588,0.7793018
6371593,0.3106361
6371890,0.110803805
6371982,24.906397
6372728,0.22823682
6373149,0.13312033
6373238,18.685312
6373582,45.03208
6373770,13.07435
6373790,1.213632
6374332,0.07315527
6374412,34.979362
6374545,0.07834005
6374694,5.641925
6375331,1.2658488
6375998,0.04284021
6376008,0.13803598
6376519,0.15708485
6376606,0.2895806
6376790,73.002914
6377019,0.30419692
6377384,11.802021
6377527,6.2576714
6377624,7.0744195
6377669,1.4964753
6378279,0.104915634
6378804,0.46135098
6381574,9.123835
6382031,10.117897
6383035,0.16069272
6383296,0.258907
6383557,57.030426
6384003,0.26068443
6384378,0.08512448
6384544,11.79275
6384560,0.047266394
6384622,5.744339
6384741,0.10027856
6385039,7.2647157
6385199,1.9433758
6385364,0.08867895
6385528,0.11473646
6386141,30.124607
6386992,6.130674
6387424,0.10765686
6387831,3.30551
6388047,0.08428989
6388137,0.06319369
6388154,0.30741888
6388744,3.0363336
6389473,42.08448
6389685,0.07180199
6389979,33.3248
6390282,0.12829274
6390777,5.5595636
6391252,0.08442491
6391438,79.66362
6395425,27.523016
6395433,52.8962
6396519,0.08858852
6397899,18.668087
6397963,0.07130255
6398393,0.070490055
6399285,2.500938
6399305,18.142084
6399885,62.376972
6400170,43.762318
6400255,0.1638914
6400482,0.19645259
6400705,43.05771
6400812,17.140196
6401158,0.118696764
6402661,0.3840639
6402712,0.10927256
6402807,0.09890619
6402808,3.1320534
6403342,6.0049906
6403741,0.064909935
6403745,0.35514733
6403755,0.056241672
6404432,2.3748229
6404584,3.7925758
6405859,0.34202012
6409060,0.11515842
6409436,0.13708131
6409834,3.4856484
6410814,29.565205
6410862,12.270172
6412116,0.104882136
6412146,1.3637419
6412693,47.268696
6413009,0.16175848
6413242,0.9860153
6414410,8.037361
6414925,56.189156
6415974,0.23879078
6416262,0.082251206
6419491,0.067971855
6420148,1.072006
6420850,0.06711437
6421257,0.22894943
6421335,0.24139825
6421429,16.765179
6421799,20.44926
6421823,0.031673443
6421977,0.08029721
6422186,4.2448936
6422190,16.612633
6422360,0.07940437
6422646,0.041202664
6422762,0.06403555
6422875,85.42992
6423130,1.069772
6423589,10.347345
6423870,7.8602996
6424203,0.044684462
6424836,0.051067196
6424952,81.55276
6425071,0.40040344
6425175,43.844635
6425215,0.13181105
6425221,0.05806316
6425751,22.693504
6426250,0.644848
6427200,69.79706
6428482,44.992992
6428854,14.393062
6428913,13.149692
6428942,0.096231535
6429418,76.02704
6429856,0.093730986
6429866,5.698896
6429905,35.61411
6431878,16.277134
6433445,1.5648915
6433811,0.1589814
6434126,0.08317423
6434646,2.6157496
6434902,0.31355995
6436057,6.014678
6436433,0.09106992
6436828,0.08249648
6436917,0.08104601
6437069,75.469986
6437194,0.06995259
6437347,0.08767621
6437367,0.20382603
6437710,6.555073
6438254,0.11406068
6438456,70.50581
6438465,0.19060576
6438520,9.462355
6438856,83.65717
6443330,0.06402048
6443513,0.16317227
6444497,0.07785575
6445173,71.64665
6445656,0.08467052
6447136,14.819028
6447332,80.60551
6448687,1.7665911
6448899,46.44995
6449002,0.115109816
6449609,0.07084389
6449703,10.597139
6449718,20.789463
6450018,26.94215
6450118,62.472576
6450230,2.8798172
6450240,0.09341015
6450408,40.185257
6450479,1.0604846
6450749,10.295693
6450846,0.10687514
6450884,0.83765507
6451722,1.3597054
6451855,4.7231627
6451892,0.061978497
6452188,45.980167
6452225,3.088439
6452251,0.10983151
6452279,0.10140324
6452402,69.10469
6452448,5.4809227
6452519,0.08944761
6452534,67.93707
6452618,26.81185
6452764,0.077381216
6452788,1.081122
6452940,22.14045
6456733,20.342222
6456851,13.26463
6457073,0.054187614
6457367,75.19142
6458689,0.4521091
6458749,0.048958402
6460349,44.31948
6460353,36.383984
6460588,56.734016
6460909,4.3541656
6461723,0.2578729
6461789,60.038124
6462046,0.0876307
6462078,0.07663481
6462192,53.74048
6462362,0.22732648
6462452,0.17964943
6462513,70.77321
6463008,10.024582
6463009,0.49618903
6463288,0.23214349
6464014,18.208567
6464032,0.1091449
6464070,3.7546782
6464254,25.26817
6465986,0.05399386
6466315,0.5093064
6466590,3.080808
6466613,0.53549147
6466805,0.07027271
6466821,0.064150564
6466923,0.06784606
6467167,0.04512061
6467264,0.053749315
6467319,31.708273
6467509,0.6167587
6467815,0.09610518
6467956,82.88432
6472718,0.13337898
6472721,18.679817
6473307,20.915194
6474867,1.5743412
6475263,0.09834958
6475709,53.81681
6476234,0.061309498
6476426,1.1689768
6476702,0.066840455
6476769,16.248669
6477137,0.10848508
6478141,0.12772599
6478214,22.128948
6478459,19.19532
6478503,18.88269
6478519,1.4651363
6478995,86.88643
6479193,0.06749532
6479356,35.850056
6479372,0.57546216
6479956,0.054587424
6480042,77.960976
6480467,0.11120011
6480631,16.49526
6480764,0.8141125
6481286,0.37143105
6481743,0.31107947
6486137,0.09499886
6486475,2.4835987
6486682,20.873726
6487678,19.152409
6487933,19.364258
6488411,0.10397524
6488940,2.49182
6490196,0.094880305
6490295,26.506287
6490689,0.76665133
6491190,0.05426807
6491257,3.635186
6491619,12.933647
6491692,18.011183
6492144,0.31990469
6492190,20.133873
6492449,4.4944634
6492663,34.808483
6492778,55.47296
6492790,49.611034
6493500,70.64337
6493693,8.822458
6493727,2.1584575
6493737,0.107981876
6493740,5.922086
6493864,0.9138619
6493985,0.014619807
6494312,39.09327
6494374,76.87755
6494798,43.111877
6499591,0.7896952
6499870,0.9208954
6500587,2.636538
6500674,0.2839448
6501082,6.19646
6501308,0.91212624
6501865,0.16583678
6501996,26.455639
6502018,71.15519
6503647,8.9970045
6504176,0.17751405
6504196,0.09736756
6504620,3.7339675
6504972,3.952275
6505238,0.18758273
6505424,0.088916555
6505490,0.10584362
6506191,0.35199818
6506404,1.9760243
6506449,0.060250215
6507084,0.11520634
6508781,58.48089
6509750,0.15903914
6510123,0.35849842
6510646,2.4119956
6511675,0.08027734
6511720,0.108541384
6511760,20.712067
6512107,76.24138
6512248,3.861569
6512429,9.901174
6512627,0.04030929
6512774,0.70922405
6514160,42.20468
6514596,59.514393
6514861,0.085792415
6514902,0.043175183
6514992,2.8926234
6515263,63.032593
6515318,31.020294
6515475,0.08328791
6515562,0.56160796
6516045,8.899279
6519873,25.902994
6520005,3.4259841
6520350,44.257854
6521734,0.029411525
6522426,2.2638755
6522629,0.28765884
6522643,0.13041644
6522849,13.718457
6524331,68.80971
6524590,48.711826
6526579,8.044897
6527142,16.719967
6527387,0.08337271
6528869,14.109433
6529564,0.0925326
6534409,0.16242898
6536047,0.10295359
6536702,1.2704766
6536719,1.4340799
6537985,39.695976
6538963,65.43477
6539114,0.11668716
6539778,59.75962
6540533,0.78723305
6541532,70.73138
6542929,29.176098
6543312,5.4199786
6543609,0.19070964
6543687,2.73434
6543852,8.393748
6544243,90.41357
6544315,4.6697683
6544347,1.5918266
6544586,0.15761092
6544638,10.290098
6544686,0.35681373
6544718,0.31448036
6545392,72.79491
6545427,0.05520498
6546187,43.601727
6546196,0.46647128
6546210,68.98632
6549918,0.0969568
6550380,0.06536098
6550702,3.892223
6551650,1.0417769
6552694,1.2446842
6552799,15.201464
6553257,78.69968
6553559,69.53648
6553655,0.04882771
6553874,8.684266
6553881,5.7122793
6553895,1.1483401
6554200,23.229792
6554479,3.0455813
6554506,0.037395153
6554731,13.79631
6554910,0.070170864
6555289,12.143968
6555427,13.777979
6555527,8.399615
6555586,1.453949
6555712,0.04776151
6555997,1.0758116
6556105,0.1313991
6556843,0.25053322
6557022,0.08529399
6557095,56.269554
6557211,0.06837277
6557289,0.009508162
6558650,0.05564304
6559193,0.8932562
6559232,14.551697
6559538,0.9683801
6559631,10.06416
6559662,3.1765397
6559926,34.48232
6560165,7.1933336
6560257,11.018816
6560394,84.11378
6560717,0.14561269
6561192,0.036089208
6561301,33.6715
6561328,0.105485514
6561509,1.8224709
6567114,42.230885
6567188,1.978569
6567462,23.271927
6567481,0.22634654
6567966,52.466045
6568008,1.066157
6568093,1.3130385
6568302,0.56388843
6568335,0.77394706
6568363,0.5973971
6568625,5.968034
6569403,0.10843334
6569412,7.2513924
6570350,0.03344554
6571441,0.10302831
6571456,1.4332993
6571682,2.1327767
6571767,0.36283556
6571860,0.28441674
6571890,57.600914
6571943,0.08984682
6572382,0.11635896
6572527,0.991639
6572570,55.650707
6573229,0.2517283
6573732,0.16402848
6574353,0.06838973
6574595,0.21420865
6575083,2.0624678
6575789,73.88723
6575873,15.104898
6575907,1.1082162
6576027,3.692058
6576336,64.75868
6576463,55.91883
6576557,0.5896074
6576628,0.1612763
6576633,0.060640372
6576768,0.06007428
6576933,8.830239
6577178,1.0950633
6577187,0.01273557
6582117,25.525082
6584626,0.10951705
6585028,79.83031
6585334,2.080336
6585424,2.4676547
6585852,0.1174324
6586028,68.4578
6586181,54.979298
6586663,60.66223
6587414,1.7783753
6587687,2.8799005
6588935,0.5884555
6588947,0.5264391
6589338,62.5208
6589520,0.9843338
6589561,30.321018
6589884,0.62424076
6590549,4.1839323
6590570,62.439095
6590612,2.5317197
6591796,0.12724641
6592944,67.192825
6594136,16.16286
6596268,4.496965
6596562,64.827065
6598720,0.13187112
6599689,0.092966504
6599950,0.010018697
6599973,0.32974494
6600078,0.65738285
6600755,0.1567837
6600878,65.3289
6600953,0.14935
6601409,0.08334851
6602762,0.10210894
6603170,0.1386569
6603534,51.91612
6603602,14.290964
6603756,23.526272
6603830,69.14268
6606910,13.926404
6607086,19.6078
6608246,15.476501
6609871,27.711664
6610629,0.24366903
6611314,22.837633
6611380,22.44319
6611505,0.08871211
6611547,79.7997
6611557,29.140741
6611857,21.387949
6612664,43.062122
6612744,4.8216414
6612751,60.11195
6612902,0.10912521
6612996,3.127259
6613154,0.05984816
6614034,0.44566575
6614078,4.3608117
6614105,0.09229988
6614486,2.8568084
6614604,7.6105933
6619187,0.102668025
6619518,7.2324905
6619768,39.13285
6619984,32.270832
6620407,0.06449063
6620897,0.0820191
6620912,0.09114508
6621344,68.53147
6622389,0.077464305
6622401,57.6838
6622792,0.8149249
6623330,31.673183
6623399,0.06771562
6623425,0.91642535
6624045,0.07698994
6624467,0.17174824
6625406,8.368716
6626027,0.11826936
6626066,7.9343452
6626121,0.09272672
6626652,0.033069335
6626894,0.18218012
6626896,0.03314469
6627254,0.57022613
6627472,0.07595931
6627553,47.167496
6627668,0.112802885
6628092,24.545315
6628117,0.04888831
6628489,0.08238826
6628599,55.912605
6628731,2.576612
6629478,0.10411705
6630037,10.675092
6635179,69.597176
6636401,3.2000306
6636906,1.5791128
6636993,0.51903915
6637311,4.1308312
6637692,59.612965
6637806,39.262127
6637985,27.77415
6638042,20.255207
6638170,2.32376
6638446,1.0137484
6638953,2.4075818
6639114,1.8401363
6639120,72.65227
6639226,16.234684
6640227,0.14441416
6640469,0.12865147
6640642,78.24921
6640703,51.714844
6641053,4.737802
6641564,0.04197649
6642469,56.746197
6642884,39.778553
6643754,0.047508985
6644283,68.232475
6644355,0.4571866
6644580,3.9065323
6644582,0.074877344
6644669,2.2946782
6645108,3.8994293
6645263,2.0795517
6645306,1.21674
6645387,64.27038
6645634,26.695438
6645963,51.434864
6646365,0.7029129
6647744,0.21727748
6649555,3.2606404
6650886,0.11379504
6651107,7.742134
6651156,16.598839
6651857,0.010213804
6651949,62.28768
6652170,0.31459117
6653903,0.20005962
6653986,0.4024138
6654081,0.097758695
6654202,8.445099
6654863,11.115034
6655895,3.1588483
6656441,0.070324406
6656880,3.7814612
6657134,3.0169752
6657708,0.06449206
6658537,82.64421
6659165,40.37268
6659371,0.15149744
6659963,0.06796342
6660330,12.751617
6660373,0.5189642
6660511,12.366448
6660835,52.12494
6661170,0.29794633
6661700,1.2518139
6662208,0.0781341
6662234,0.19863062
6662257,0.026016846
6662418,0.084131196
6662487,61.047108
6662495,14.197345
6668981,11.826729
6669183,1.3059574
6669199,0.15329084
6669443,0.46725148
6669637,3.9289222
6669950,0.10859908
6670064,6.06591
6670272,0.08462458
6671179,0.25483805
6671315,0.1652668
6671557,23.951647
6671805,0.06600432
6672257,46.07353
6673174,0.16157146
6673638,0.08704421
6673748,19.574087
6673773,17.098566
6674155,13.768478
6674342,0.086035475
6674482,0.123895526
6674505,1.9619545
6674686,59.43761
6675194,57.40052
6676066,10.905581
6676250,9.463953
6676383,0.8371399
6676721,0.010828031
6677108,0.5717824
6677109,0.13042745
6677204,0.089209065
6677292,0.47349867
6677647,0.06674074
6678163,0.85125047
6678262,2.8678443
6678304,0.10933956
6679063,0.72149956
6684189,18.724758
6684355,1.8170668
6684697,10.252267
6685156,7.70439
6685697,49.43241
6685818,0.75941414
6685873,0.096900694
6686140,16.832842
6686332,0.14298517
6686629,13.105768
6687404,0.91752005
6687816,6.0167007
6687855,0.23346293
6687933,1.0865667
6687976,0.23880228
6688119,0.056169122
6688207,0.06477441
6689092,0.7367588
6691005,0.058384605
6691723,2.5236568
6692191,0.39331374
6692571,55.83735
6692586,0.8695852
6692633,14.680208
6692735,1.5308826
6692743,0.9460309
6692786,3.2336764
6692975,0.07115491
6693788,0.08317528
6693942,1.0471659
6697715,0.020127114
6698963,1.0738653
6699103,1.2865076
6699291,0.48379508
6699826,0.056845717
6699837,24.768295
6699912,0.07192005
6700345,0.09931158
6700461,0.057565946
6700541,81.873436
6701002,5.0023117
6701223,0.07041622
6701543,0.053840786
6701577,59.76821
6701818,0.2376363
6701970,3.5975373
6702293,0.06660197
6702379,7.894809
6702648,0.08483428
6702816,1.808761
6702912,0.087927334
6703091,0.07912136
6703106,0.070054695
6703191,0.09825967
6704000,0.09441494
6704247,5.2552423
6704291,16.27059
6705413,0.110198036
6705606,0.967842
6705784,0.04620722
6705858,0.09442429
6705984,65.73599
6706132,0.42207536
6706263,4.8028235
6706280,5.3329325
6706345,0.2648976
6706703,0.112363115
6706708,0.45190603
6710367,0.116623916
6710420,13.316714
6711306,0.086955264
6711524,0.07267319
6711671,0.13321939
6712618,0.091776915
6713005,0.1211289
6713114,2.7633495
6713436,0.070427194
6714006,0.06781638
6714685,5.0546546
6715369,0.42620516
6715399,0.4304002
6716034,0.12517183
6716147,0.6314534
6716199,0.11132853
6716218,0.13114372
6716326,0.06691189
6716340,18.596815
6716400,0.08968081
6716695,61.741364
6717076,0.85121727
6718257,0.35147196
6719207,0.1542503
6721253,0.059801687
6722338,0.1250583
6723035,21.892853
6723207,0.08879024
6723500,3.87341
6724266,20.417828
6725463,0.4850389
6725469,0.13775128
6725819,0.41797185
6726274,4.5055313
6726308,0.18253458
6726337,2.0358727
6726702,0.08402099
6726748,18.751041
6729250,4.911599
6729383,5.1549497
6729778,0.17826016
6730582,16.99348
6730680,0.09241941
6731170,0.106718086
6731445,6.4414663
6731463,4.943183
6731830,2.772406
6732446,1.7666485
6733842,38.85264
6734340,3.041217
6737827,79.55862
6738639,63.075966
6739145,35.592022
6739520,56.317497
6739776,0.13565965
6740143,0.13534299
6740465,0.34090057
6740606,0.63983715
6740840,16.418058
6741023,1.2083449
6741094,0.10725502
6741111,6.898384
6741922,0.08554394
6742121,0.023407742
6742244,0.119416215
6742250,1.664835
6742680,18.4232
6742993,0.49961844
6743210,23.12732
6743346,0.8703151
6743386,1.3643026
6743813,0.07828216
6746003,60.893074
6746143,0.48444334
6747106,42.601856
6747109,63.86427
6747193,54.299934
6747308,14.18603
6747552,46.251816
6747708,15.915367
6747958,3.4958622
6748710,0.045600586
6748848,0.107945606
6748873,0.14403163
6748886,12.733381
6748952,0.082792625
6748973,1.0890371
6749285,79.58739
6749427,56.924908
6749485,5.804613
6749612,53.0472
6750178,0.10302086
6750191,5.4737434
6750251,0.16422744
6750443,30.164402
6753832,0.12144889
6753970,1.0707715
6756970,1.6128992
6757769,3.6625857
6757821,0.12456696
6757929,0.05152871
6758221,0.08061434
6758402,4.996497
6758550,0.19930682
6758832,1.7767556
6758846,0.115212
6758857,54.16366
6759052,0.07062384
6759088,38.434093
6759264,0.2196652
6759527,0.06934015
6759722,23.568502
6760370,25.683151
6760510,0.7461685
6760893,10.77975
6761084,0.7379774
6761135,0.098740794
6761248,60.429962
6761867,14.524839
6763899,0.08974551
6764999,2.5191417
6765002,0.78453815
6765042,0.3866293
6765065,1.641608
6765105,35.494816
6765570,51.0157
6765702,0.08032353
6766259,2.0797179
6766662,2.0569835
6766806,3.7019722
6766908,0.07543082
6767252,0.05103027
6767503,46.20672
6767603,0.092904955
6767811,0.15614405
6770160,1.6584107
6771374,0.7247978
6773703,0.07523033
6774866,20.981085
6776165,0.12970552
6776299,0.08293693
6776698,71.09684
6776711,0.7030393
6777026,0.120211914
6777408,4.5821657
6777603,30.871185
6778238,47.59162
6778322,3.9942422
6778619,10.826036
6778747,68.716255
6778776,0.07211309
6779326,0.0957848
6779905,0.011001565
6779930,0.10012363
6780207,0.05495725
6780323,55.938103
6780509,63.32411
6781464,0.20494409
6781685,0.12429694
6781859,2.7073467
6782211,28.486744
6782212,3.8752937
6782331,0.034575827
6782407,0.07346939
6782600,0.14477757
6782841,11.592444
6783518,0.09984593
6783942,0.062366642
6784171,0.46156558
6784207,34.910957
6784345,0.7005938
6784378,15.354032
6784453,31.212488
6784669,0.092687264
6784807,6.813588
6785290,3.55749
6788274,0.20081341
6790870,34.01796
6791173,0.08819422
6791554,49.60042
6791694,17.385141
6791914,0.112320304
6792722,1.4465548
6792778,0.20802549
6793249,0.09554871
6793382,7.097453
6793654,32.792915
6794912,0.075847335
6794977,10.685617
6795252,0.07861381
6795356,0.84930384
6795568,72.69716
6795657,21.02963
6795918,0.1190664
6796014,0.0847968
6796031,0.057870694
6796058,1.2632477
6796235,4.7812376
6796379,3.2127094
6796409,60.944954
6796474,59.438324
6796994,52.83706
6797129,0.12940568
6798855,59.50127
6798874,3.7503467
6799517,0.3007814
6799539,1.626257
6799542,0.21215561
6799814,54.990227
6799864,2.127353
6799944,23.662067
6799999,59.722984
6800274,1.4898974
6800336,0.16877735
6800548,57.112267
6800799,79.26615
6804744,0.07549961
6805513,0.07595567
6805817,0.09269054
6807079,3.560655
6807281,0.10651846
6807297,0.067860454
6807358,8.598394
6807871,1.3646259
6808818,12.63867
6808869,12.786484
6810316,2.9353504
6810789,6.358054
6811252,0.25406614
6811364,0.17033634
6811543,0.16396984
6811817,1.1760328
6812409,37.727043
6812444,29.407526
6812539,66.772545
6812888,0.47618875
6812924,84.53845
6813041,0.08275927
6813682,0.11942379
6817489,22.619793
6817511,0.095215544
6818783,0.13005376
6818919,8.141769
6819732,4.995658
6819990,20.201435
6820129,0.59394866
6820431,12.771111
6820773,25.175632
6821618,0.13130228
6821916,61.945503
6821978,0.07107437
6822398,5.4625072
6822430,44.54828
6822443,42.03669
6822471,50.782677
6822519,1.1618369
6822535,7.38396
6823578,0.04569595
6824005,0.117251195
6824090,0.35381776
6828417,0.23319861
6828889,0.08420171
6829632,0.09907086
6829681,2.0966144
6829746,0.11459474
6829990,7.6327987
6832599,0.08454108
6832606,25.16801
6833000,1.5662267
6833049,3.4787698
6833263,0.28534722
6834701,0.14178549
6834972,0.13272704
6835487,0.18160167
6835688,0.5157836
6836304,21.541643
6836362,0.07325383
6836485,67.905464
6836879,0.13146041
6837002,44.568268
6837038,5.0561886
6837529,0.10384935
6837807,17.75181
6839938,53.079872
6842082,0.30976114
6842636,0.6315546
6842885,0.19958334
6842919,0.12720141
6843884,1.8933218
6844637,0.1611498
6845913,0.5263619
6846105,0.12143594
6846464,3.042874
6846536,0.04726725
6846956,51.663258
6847053,0.094702885
6847612,0.22830066
6848064,3.901731
6848451,0.23083739
6848862,14.07976
6849332,0.10602249
6849470,0.066494346
6849879,0.14397992
6850373,0.5199524
6850801,0.20383927
6851685,3.8908634
6851748,0.19505785
6852513,0.19964306
6852626,2.8622546
6852664,0.12798168
6853271,22.614307
6853472,45.866207
6853532,0.08277629
6853661,0.10809244
6853689,0.10117159
6853752,1.2314775
6853761,75.52876
6854013,0.26753452
6854104,0.13383847
6854304,10.180607
6854372,0.0746904
6854662,40.247707
6854803,37.472504
6855034,78.79041
6860656,5.0582514
6860929,0.16464782
6862191,0.09405829
6862388,0.09596236
6862600,0.09350795
6863057,0.062761866
6863540,3.392604
6863691,6.9395933
6863948,0.0881989
6863968,6.1652727
6864276,22.821608
6865053,12.61915
6865222,45.74212
6865662,11.468969
6866061,0.066829965
6866290,0.08404187
6866419,0.07997867
6866594,0.30082592
6867094,0.7173726
6867321,43.7196
6867325,35.130257
6867897,29.779902
6869099,13.872296
6869369,27.687359
6869459,0.17183514
6869991,29.32436
6870280,0.07762467
6870543,0.08238009
6870647,22.568575
6871028,20.81832
6871600,7.4558134
6871627,0.033889517
6875917,1.0763007
6878020,34.7365
6878864,0.117149234
6879039,4.840911
6879485,0.08667323
6880182,0.11074545
6880311,0.11234846
6880873,1.4020694
6881043,5.4503965
6881101,0.05615493
6881827,0.10015295
6881867,5.132054
6882661,0.065222904
6883015,0.39466
6883096,27.153894
6883231,0.053762563
6883404,2.639633
6883406,14.963507
6883801,0.27127746
6883897,41.107674
6884130,0.13151383
6884254,0.0592644
6884663,0.1250554
6885205,61.111855
6885767,0.06798418
6885805,0.09732971
6885838,6.2797766
6886003,6.071059
6886339,0.111614086
6886455,55.91163
6886575,50.48166
6886662,2.7887506
6886846,10.882893
6887127,13.090868
6887166,0.88224393
6887308,68.137665
6887595,9.497272
6887755,50.689007
6892425,0.9825779
6893767,48.747025
6893829,0.42341623
6894501,2.2571301
6894965,0.12101898
6895270,0.54662925
6895727,54.863342
6895837,0.8226943
6896737,0.0070080124
6897597,0.08050112
6897603,0.2702064
6897911,64.6559
6898500,32.739216
6898938,80.461494
6899160,0.07927482
6899456,0.08649919
6899995,10.680414
6900168,69.81207
6900378,0.62717104
6900518,0.13536076
6901350,0.112499915
6901541,1.3854673
6901827,0.6211197
6901892,0.1351099
6902147,0.08143838
6902589,0.09661748
6902729,23.236038
6902828,35.555992
6904576,29.820734
6907341,56.4818
6907623,0.07945567
6908140,1.8663282
6908545,0.0848724
6908603,3.025639
6908835,0.16968068
6908837,50.421814
6909128,43.790424
6909460,71.62151
6910034,0.09921925
6910614,47.262306
6910706,13.708679
6912077,0.117578164
6912675,0.100772955
6912998,0.048153527
6913503,0.21991634
6913773,0.9664667
6913903,0.2584351
6913963,10.345166
6913969,0.9799207
6914332,54.511158
6914516,0.10496344
6915467,0.06941269
6919797,18.174353
6920568,4.648312
6921004,2.5507534
6921249,0.10121322
6921404,0.07803573
6921473,1.0389585
6921921,14.622297
6922107,0.24817857
6922269,2.044763
6922505,5.181778
6923000,0.98899823
6923485,26.832722
6924109,51.466194
6924695,86.09737
6924793,9.719992
6924876,0.6294484
6924942,0.09858813
6925270,0.11514034
6926006,1.3452961
6926366,81.47379
6926449,7.3069124
6926528,12.898546
6926727,21.287086
6926838,0.5492897
6927013,0.9637222
6927027,6.4806085
6930780,77.9551
6931057,66.22371
6932760,10.57362
6932898,0.102969185
6932921,12.187242
6933290,5.521641
6933582,0.08706115
6933878,0.35518974
6934015,0.45219153
6934770,0.065711595
6935184,17.116314
6935582,0.08861129
6936157,78.41685
6936316,43.29282
6936620,1.6086925
6936794,12.114046
6936837,43.24175
6937027,0.08538464
6937200,0.27040595
6937262,0.03633052
6937375,0.020313445
6937480,0.07975121
6937591,0.071478054
6937897,0.16096304
6938259,1.3891509
6938484,0.3187936
6938560,0.16789323
6938678,0.3671624
6938827,3.05754
6939024,0.11597562
6939054,0.12499201
6939235,3.0228
6939260,0.117284656
6939638,0.5945102
6939660,0.11875367
6939668,0.1292759
6939719,4.958709
6939758,2.096027
6939859,0.0563739
6940034,24.745075
6940108,63.73181
6940115,4.966071
6940419,27.57037
6941601,0.094846584
6941644,4.841998
6942211,3.260133
6944665,0.11666115
6947017,0.11966276
6947196,0.05419576
6947396,0.08867676
6947477,0.12164637
6947601,0.12524518
6947730,8.264885
6948441,1.9502785
6948970,0.15171343
6949104,0.09875528
6949421,0.22911103
6949526,15.689633
6949554,0.9682183
6949828,1.0788386
6950065,8.515851
6950365,1.1574316
6950477,0.06363889
6950736,0.06358552
6951735,34.407116
6951995,0.11480947
6952235,0.19636247
6952592,20.91635
6952639,0.3391739
6952888,2.5740159
6953066,0.41122794
6953132,0.072742894
6953449,0.04130016
6953483,0.1338673
6954483,4.1591034
6955973,4.4132133
6956630,42.226418
6956813,0.1302372
6957008,0.09354397
6957059,0.14700723
6957272,7.543729
6957328,6.66341
6957385,26.285542
6958924,21.606762
6959359,0.13711444
6960073,54.368244
6964112,67.03889
6965019,73.58518
6965153,62.041443
6965655,12.381933
6965689,0.32814068
6966329,0.086029306
6966519,0.28972936
6966635,48.99698
6966985,31.440525
6967011,20.151924
6967119,0.07866955
6967235,30.346516
6967708,21.460375
6967723,65.04992
6967980,0.11180335
6968050,56.705128
6968410,0.059471272
6968488,0.07814549
6968737,0.85097
6969425,4.069766
6969473,1.3145111
6970158,0.09554698
6970429,0.016085645
6970866,0.9646128
6970925,0.167454
6970965,4.152351
6971056,0.3019295
6971955,35.0325
6972046,0.076831944
6972177,0.24240461
6972238,0.14785789
6972244,0.14770553
6972473,0.16920397
6972534,0.44162259
6972554,0.10399921
6972659,6.881358
6973159,0.07516698
6973286,2.8893838
6973292,41.39692
6973473,42.391376
6973544,0.052803647
6974136,0.10874937
6974206,41.25226
6974728,11.6957
6975129,0.06214573
6975897,0.12807855
6977444,0.12838319
6978254,12.245357
6980091,76.22979
6980669,82.89477
6982174,0.061308466
6982563,0.07524158
6984612,2.111664
6985716,0.13002181
6985895,0.02587763
6986426,0.05264474
6986600,4.5499654
6987465,0.028031062
6987560,0.053587895
6988265,0.12725995
6988710,0.24826801
6988794,0.099024646
6989117,8.431204
6989258,0.11366614
6989436,66.129555
6989515,34.134224
6990436,0.16351831
6990524,0.13587527
6991324,55.362537
6991421,0.11059497
6991797,0.14558767
6991902,0.4930418
6991910,7.2273493
6992300,1.8881947
6992310,0.12261744
6992770,85.30998
6992831,73.51903
6992939,0.10316695
6992973,0.117765106
6993265,0.14893214
6993502,61.582825
6993520,0.07006697
6993538,0.080505684
6993862,38.801414
6994004,42.937565
6994032,79.05938
6994038,57.052666
6994259,0.32618946
6995408,0.32009834
6999056,0.07869508
7000630,0.11039915
7001049,10.157468
7001580,0.11342996
7001872,24.304745
7002250,0.6747688
7002269,0.09115313
7002406,0.13106968
7002635,0.11374211
7002943,0.10805197
7003992,0.17336679
7004770,2.215055
7006151,0.0731772
7006695,41.309216
7007199,0.11309787
7007597,0.39125207
7007729,4.5802813
7007972,9.225702
7008819,26.021383
7009122,8.595881
7009152,72.196945
7009209,0.71850324
7009949,0.17492744
7010001,4.343958
7010003,2.3515449
7010013,0.081495605
7010135,0.1238232
7010406,4.6371336
7011808,28.74087
7011887,0.044788003
7015094,65.84163
7015213,0.113392815
7016626,0.10086466
7018581,0.2673174
7019534,1.9933115
7021332,0.11164886
7021346,0.06304242
7021350,0.08718921
7021851,75.80656
7021938,0.2942666
7021948,0.3446756
7022570,0.65654814
7023177,6.3193445
7023667,0.10329316
7024138,9.294999
7024303,0.07785315
7024474,11.796773
7024538,0.089106336
7024618,1.0595677
7024774,1.6154454
7024778,44.995964
7025113,1.6269896
7025134,13.554741
7025563,27.38265
7025760,0.0857134
7026048,14.545166
7026258,0.099575646
7032396,0.12680976
7032448,0.41679507
7032474,3.1860268
7032855,11.360986
7032930,9.269125
7033871,20.690832
7034574,0.091528736
7034787,0.15605421
7034879,19.525812
7034909,0.04700432
7034947,1.7720293
7035094,0.0907101
7035239,0.086635865
7035304,0.54110616
7035403,29.09516
7035441,27.515732
7035513,48.42713
7036021,2.6031227
7036079,9.957643
7036277,0.1704032
7036285,0.073115684
7036787,58.44332
7037516,0.33640033
7037537,14.622
7037585,0.056662194
7037740,0.09080088
7037791,63.993458
7037918,59.85841
7037999,0.8381241
7038049,1.2177348
7038563,0.116016015
7038604,60.605133
7038875,73.851524
7039103,35.25724
7043746,63.050606
7044822,0.14501289
7044853,2.8207486
7045422,55.67386
7047076,17.816647
7047329,20.114141
7047808,10.308169
7048418,0.10022213
7048508,2.8167067
7050316,0.1268087
7050346,57.54132
7050590,2.2108269
7050595,64.41887
7050731,0.07378951
7050959,1.2071154
7051619,0.080020085
7051777,0.31768116
7051938,0.05848406
7052026,0.032105606
7052234,0.10801289
7052476,0.089508414
7052546,0.29122555
7052658,1.7939756
7053044,0.10182407
7053098,0.11153819
7053336,0.093583316
7053353,2.385548
7053737,10.282708
7054048,0.10253396
7054405,0.061073594
7062144,0.10106313
7062446,0.07891335
7062469,29.580393
7062987,0.09475346
7063158,14.896939
7063407,0.1613541
7065121,1.0044116
7065419,7.8403993
7065653,0.14289297
7065748,0.07594599
7065858,0.036154993
7066122,3.2023513
7066281,36.25075
7066401,12.596517
7066983,0.10762123
7067220,0.102364756
7067267,0.29846597
7067406,46.13927
7067504,46.69102
7068150,40.404377
7068659,0.09255769
7069207,17.436865
7069250,10.858146
7069551,0.21575594
7069789,0.9750841
7070028,0.16445537
7070404,21.500343
7070461,0.16780797
7070734,10.886884
7070947,1.0909168
7071504,1.2128962
7071657,0.12753442
7071804,0.07210127
7071858,0.11915734
7071867,54.39334
7072614,37.816406
7072679,0.016300302
7072777,0.07356244
7072975,0.06984903
7073291,0.046656735
7073896,2.1448286
7074062,0.63949585
7074118,3.3685277
7074169,0.5528976
7074232,0.08657622
7074366,0.13955761
7074920,0.12920049
7075449,0.09959544
7081004,0.13160071
7082752,16.111881
7082816,0.15488355
7083264,61.415596
7084130,0.114400364
7084621,6.8457565
7085741,0.16563264
7085903,47.675247
7086101,0.3381423
7086411,0.5346009
7087124,0.06791419
7087549,0.103584155
7087752,0.080902465
7087777,1.7413563
7088033,9.947159
7089310,20.910969
7089639,0.04253508
7090512,62.76864
7090821,41.56514
7090958,0.071611
7091014,1.4824337
7091056,75.09793
7091125,68.475975
7091660,8.490942
7092135,0.3241805
7092618,16.69625
7092626,20.407635
7093122,0.0737144
7093646,0.4866961
7093674,29.037975
7093920,64.82783
7093970,0.066545285
7094807,1.6642897
7094866,0.11431742
7095125,65.692024
7095331,0.4512899
7095570,0.95822716
7095708,20.14936
7095888,42.46647
7096111,2.218343
7099737,1.294246
7101296,22.571203
7101822,0.18354361
7104378,0.2885871
7105913,0.112652615
7107053,0.07606004
7108462,0.04081644
7108852,0.94535005
7108992,0.133077
7110032,39.237812
7110061,0.06759403
7110176,0.22202936
7110657,0.11486833
7110954,0.39782417
7111050,63.238914
7111775,0.04060448
7111838,3.1555555
7111940,0.11078705
7112684,3.9767106
7113258,0.071534425
7113826,0.04634831
7114141,0.09434905
7114231,0.098024525
7114665,0.07926737
7114790,8.198432
7115746,1.6257589
7116273,54.405663
7116566,76.08609
7116654,0.058462262
7116670,0.094377026
7116786,0.63565385
7120477,2.3867795
7122791,1.2673197
7123455,2.0499291
7124396,5.04733
7124527,0.15963297
7124850,32.27346
7125294,2.3120282
7125385,28.071926
7125792,0.12181701
7126159,53.11385
7126996,0.12544343
7127458,31.763876
7127844,0.09098815
7127988,0.09399883
7130505,81.428505
7130506,1.1977074
7130845,0.113163866
7131007,4.4585767
7132096,85.201645
7132341,16.861078
7132520,0.07504797
7132891,8.125877
7133005,0.07360027
7134127,2.2954898
7134362,0.5943531
7134550,0.08000396
7134595,12.911942
7135297,0.18889964
7140665,35.76497
7141549,1.5373576
7142361,0.09257169
7142734,39.834854
7143142,47.514503
7143146,0.13231817
7143974,0.6970718
7144102,0.18121994
7144145,70.39201
7144807,8.771447
7145333,0.7492014
7147955,0.28955275
7148121,15.470769
7148487,29.223566
7148567,0.10826218
7148680,0.30419192
7148691,0.034600846
7148721,71.476555
7148730,0.34120902
7148789,13.001343
7148791,81.69372
7149042,0.42038974
7149408,0.08478741
7149691,0.27550498
7149710,0.104555085
7149836,0.12229451
7155068,0.61430466
7156481,0.10467075
7156537,25.723078
7158236,0.03105333
7158408,87.68834
7158916,4.7051024
7159258,3.9231696
7159259,0.051229388
7160363,82.678116
7160545,0.12509339
7161112,0.08495817
7161416,38.618965
7162419,13.1050415
7162435,0.07030701
7162441,0.2423517
7163131,0.04114161
7163349,1.8764172
7163434,0.14585823
7163999,0.22666469
7168652,7.195253
7170149,1.5836557
7172107,0.16862586
7173501,0.69155276
7173574,0.09173106
7173841,0.073101655
7174361,4.9754815
7174695,0.12722118
7178232,0.13619487
7178361,0.51755166
7178556,0.072756544
7178827,17.469929
7178887,0.11767974
7179078,0.37150145
7179131,31.059992
7179291,0.20372085
7179339,0.26673335
7180015,0.08549436
7180568,0.06567986
7181242,46.22158
7181422,0.097427025
7181644,0.05618173
7182105,12.654153
7182243,21.820831
7182523,0.21097402
7189370,0.094672255
7191373,0.08985291
7191781,0.13246712
7192484,0.09188952
7192809,21.758188
7193370,0.025623346
7194042,8.688158
7194843,0.2061162
7195227,0.12226959
7195473,9.851476
7195888,0.13001953
7196194,0.07920415
7196427,0.12416892
7197409,52.75949
7197423,1.873346
7197860,0.06839055
7198644,0.07937715
7198878,0.09352427
7198959,0.06376753
7199049,11.305094
7199258,73.09669
7199464,0.0981033
7201169,0.07719199
7201615,0.16576806
7202368,71.55568
7202409,16.557877
7202612,68.00255
7203655,19.853153
7203672,23.550863
7203867,0.11815379
7203943,0.08421632
7203949,4.494676
7204171,32.083664
7204409,42.225586
7204443,70.53835
7204547,0.11531836
7204890,65.70109
7205083,0.09600215
7205241,11.973714
7205533,5.15101
7205903,6.2731485
7205945,25.276264
7206140,0.11142498
7206489,80.17737
7206796,65.6157
7207910,46.345573
7214055,0.07563538
7215518,33.45643
7215836,0.05472348
7216079,12.74015
7216784,36.38665
7217157,0.08891782
7217957,8.5972
7218076,0.088914365
7218272,0.074039385
7218368,8.62895
7219051,47.176125
7220651,3.843717
7221003,0.46708375
7221712,0.1253341
7223743,0.2896869
7224086,3.1922429
7224609,10.452391
7224899,76.81639
7225585,0.16430774
7225593,8.284257
7225598,0.13445362
7225732,9.182747
7225919,24.608896
7226069,15.990384
7226543,2.8151858
7226624,0.095583946
7226840,17.402533
7227152,0.17626436
7227418,3.2445645
7227555,0.118251786
7227760,0.091745116
7227988,68.665215
7228397,0.06891167
7228424,0.112573184
7229757,0.08019446
7233505,0.027106136
7234538,0.06759848
7235787,0.17001706
7236337,42.74416
7236487,0.7944342
7236638,0.24888472
7237484,0.07131329
7237763,9.875527
7237848,2.1713881
7238041,13.015722
7238540,3.4103637
7238562,0.12402885
7239039,0.09816273
7239527,0.04908866
7240056,1.6992737
7240464,0.11854193
7240997,2.888699
7242683,0.029971426
7243067,3.624981
7243708,0.330465
7244171,18.964706
7244699,82.743065
7244823,1.3085396
7245239,19.512455
7245295,57.55773
7245660,0.09468594
7245793,4.059039
7245876,1.5048834
7246159,0.08954745
7246373,0.9415722
7246515,0.07948016
7246533,0.0892343
7246609,14.83858
7246783,0.09122784
7246903,34.356606
7247357,61.892265
7248189,1.5372794
7252936,0.11119817
7253330,75.75924
7254436,7.094475
7254969,0.055648454
7255372,0.06426574
7255568,1.2383256
7255653,62.85958
7256000,1.6461623
7256216,62.027863
7256732,21.979603
7256796,0.104773745
7257163,37.057453
7257303,11.189178
7257465,1.11639
7257922,0.09126975
7258087,0.057686668
7258864,62.877296
7259369,0.61709285
7259638,2.0096145
7259804,3.2408245
7261121,0.059366126
7262042,49.832806
7262304,1.7097696
7262312,56.023956
7262410,40.347645
7262451,0.111806594
7263510,1.1814649
7263899,0.11871569
7264287,0.093777604
7264379,1.146757
7264496,0.10990368
7264571,0.109673634
7265079,64.118126
7265118,1.3461912
7265271,6.032117
7265331,1.7170597
7265407,20.887188
7265495,71.19546
7265571,11.100196
7265918,20.433292
7269771,65.93047
7272453,0.1154599
7273249,0.47673756
7273562,0.14296062
7273752,8.994923
7274100,16.95116
7274216,0.061038874
7274672,0.1485732
7275169,3.223723
7275569,0.31276777
7275726,0.13729255
7275822,0.3718601
7276603,0.075794294
7276620,9.130844
7276862,0.0927749
7277102,3.282273
7277143,0.07846087
7277180,0.08104475
7277230,68.40392
7277600,0.07306961
7277878,0.6192234
7278293,33.589863
7278383,0.068918616
7278762,72.209114
7279081,86.145226
7279392,0.05365295
7279583,42.06912
7279612,0.111210264
7279657,0.10553088
7280322,0.081540145
7280643,1.6725864
7280861,61.13141
7281309,66.67679
7281340,0.12782067
7285712,2.6890671
7286166,2.4636421
7286324,58.909985
7287390,4.0543485
7288168,36.839764
7288752,0.7572559
7288823,0.9646503
7289134,0.082263455
7289414,0.11015204
7289496,1.2409058
7289727,0.071527824
7290379,0.8079424
7291229,50.21914
7291438,34.41626
7292011,61.398693
7292020,3.7650776
7293098,0.031716444
7293292,1.0632479
7293915,0.02059327
7294013,0.40070724
7294129,65.22136
7294234,1.8418434
7295210,34.09046
7301460,1.252356
7302070,3.0807137
7303995,3.6894093
7304034,26.830938
7304094,16.488073
7304695,4.183853
7305139,0.23063716
7305967,0.13875107
7306108,85.848145
7307027,0.7298032
7307682,12.639705
7308118,0.061524022
7309633,0.10200922
7309708,8.059121
7310097,1.1750046
7310140,0.08552925
7310144,0.10079254
7310752,3.6847901
7310835,6.4817414
7310948,45.56136
7311209,0.098541096
7316104,0.094977416
7317062,50.238483
7317063,15.924472
7318106,5.431584
7318332,12.10273
7319169,0.067850694
7319582,0.057186205
7321054,0.08407314
7321292,0.100302085
7321314,0.16720974
7321343,24.182087
7321443,0.053179085
7322088,0.0701077
7322656,0.079632685
7324457,49.996178
7324746,49.409367
7324952,0.006999562
7325889,51.137535
7326082,4.460315
7326201,3.151606
7327841,4.310145
7328260,7.226837
7328712,0.09624819
7328754,7.8976364
7328775,0.07365045
7328783,85.07646
7328852,2.16222
7328890,0.28166404
7329091,63.22921
7329161,0.06554212
7329694,0.0920954
7329699,1.8974473
7329781,8.008414
7330216,70.882454
7330257,71.96586
7330270,0.12474649
7330879,1.8325427
7331083,0.12034486
7331201,0.6636239
7331850,0.108563244
7332130,0.08623616
7332552,0.39545768
7333311,5.150894
7334459,0.058951102
7336658,32.02941
7339012,2.596509
7339716,13.780566
7339994,1.422139
7340280,1.1457256
7340318,4.8720646
7340771,0.22193146
7341077,0.101276144
7341406,46.99279
7341424,5.286636
7341500,0.080194615
7341541,17.513107
7341705,1.0084741
7341912,0.13896069
7341983,59.882343
7343477,3.2043412
7343512,1.926759
7344720,73.170265
7344761,1.7237759
7345333,0.0831248
7345443,4.4376364
7345708,0.52567875
7345789,57.381207
7345807,0.031633716
7345868,76.84085
7346270,0.42926067
7346434,0.08323516
7347106,0.1321483
7347486,0.044747956
7348509,0.09419809
7348714,16.020208
7348959,60.259216
7349064,0.1099926
7349372,1.1613312
7349421,0.67273855
7349556,3.3040462
7349633,0.078005925
7349830,6.8071494
7350888,0.10373925
7351078,0.9767066
7356030,56.65216
7356831,0.97903156
7356890,0.08147538
7358093,0.09848436
7359313,0.0685133
7360214,0.07088585
7360402,5.726752
7363109,11.083752
7363175,0.10656278
7363608,0.40833187
7363690,14.878271
7364850,12.09794
7365160,2.4787304
7365481,3.2759717
7366831,0.072516285
7366839,5.64307
7366982,0.04144914
7367009,0.041074745
7367029,0.5217089
7367039,1.3798473
7367913,0.11150847
7368173,0.29187188
7368274,0.73962605
7368444,0.19223659
7368683,49.0226
7368887,0.080538064
7369097,27.270954
7369427,21.478575
7369806,0.15574104
7376652,6.3716903
7378058,0.033635937
7379353,0.07562755
7380251,0.028086796
7380485,0.07771917
7380663,0.19014685
7381236,0.35735884
7381816,58.93814
7381893,7.385484
7381928,0.032498017
7382200,0.09284429
7382245,0.48414153
7382396,23.002785
7382573,0.11480155
7382982,0.1586369
7383173,3.5104187
7383380,5.7834034
7383722,0.10002927
7384002,0.074674256
7384040,0.049614854
7384393,0.76562935
7384633,39.84397
7385589,1.0110772
7385688,5.190053
7386119,0.9209021
7386158,0.96498585
7387040,6.1783333
7387093,47.106213
7387604,42.90382
7388240,54.097603
7388254,1.0476933
7388452,30.724491
7388612,46.942696
7389044,0.077856734
7389278,0.0709367
7389481,50.847862
7389639,0.10525243
7389683,6.4122705
7391230,32.84394
7393127,49.511353
7394136,0.07484634
7395202,0.08443518
7396215,0.105010055
7396507,0.13591132
7396662,32.04998
7396853,0.22871375
7397226,0.084870845
7397237,0.11312555
7397649,0.086782
7397699,1.2075433
7398008,3.5212986
7399178,0.05042393
7399717,0.11915469
7399754,4.212814
7400940,0.085606396
7401048,0.07022208
7401503,2.2251925
7401512,15.859329
7401514,28.266317
7401573,9.722912
7402299,1.3049462
7402888,0.15623447
7403009,0.30582362
7403108,0.10253924
7403320,0.15152991
7403721,0.08138822
7403758,0.06375571
7410392,31.57459
7412399,0.10302105
7413605,0.22079635
7413866,18.22006
7415905,66.203735
7417520,14.960981
7418759,71.38135
7418874,2.0887141
7419238,5.242646
7419253,0.12696551
7419334,0.11648768
7420849,0.14336215
7421191,12.880468
7421751,10.09606
7421930,0.08045666
7423596,0.15515897
7426597,87.35334
7427528,12.923872
7428365,0.50787055
7428891,4.2512283
7429161,20.72337
7430660,0.08398824
7430873,20.022057
7430991,66.151024
7431316,0.082094625
7431452,4.3172674
7431609,0.9539193
7432279,0.06458913
7434061,0.06802779
7434316,0.7197398
7434350,0.82603425
7434480,0.12104561
7434615,0.09968752
7435200,2.535477
7435223,70.94261
7435430,9.675718
7435466,0.07977482
7435577,0.22299986
7435882,0.13071334
7435904,0.08190881
7436186,16.038258
7438240,0.10900022
7438896,44.470997
7438925,1.2852801
7439092,0.17617908
7439516,0.15309837
7439751,2.824506
7440548,0.11060785
7449531,0.04420241
7450216,57.125103
7451040,73.31108
7451145,4.2600393
7451599,0.06989339
7451805,0.07028767
7451911,3.1211543
7452230,66.85879
7452390,6.4021006
7452454,0.124286756
7452896,0.14096908
7452987,2.0494971
7453537,54.54433
7453831,56.678814
7454031,0.1222618
7454171,0.07993076
7454326,0.07686015
7454378,13.539267
7454446,5.053899
7454739,0.07324736
7454853,0.07126055
7455059,1.482024
7455785,0.12749162
7456166,30.959467
7456692,0.061906844
7456879,0.09197478
7457099,65.16018
7457101,0.104835525
7457698,2.3234236
7458382,0.76239383
7459320,26.777538
7459809,2.5143638
7459879,0.65133166
7459928,52.894463
7460009,2.9379547
7460265,1.5742886
7460574,0.04067445
7460748,0.7050682
7460933,40.63102
7461502,0.1092963
7461785,1.3347148
7462057,0.4719817
7462785,64.68068
7464214,0.050599527
7468695,0.35679382
7469908,70.19747
7470123,0.12732504
7470253,0.08619063
7471116,0.51588863
7471510,0.051723838
7471599,1.671839
7471917,0.2805614
7471933,46.707165
7472384,0.13235047
7472465,0.10250044
7472513,4.8066454
7472710,49.75924
7472870,1.2034559
7473642,0.12543999
7473685,0.2760897
7473909,5.834405
7474172,0.12569012
7474311,0.15956603
7474816,47.05282
7475552,21.845968
7475708,0.10195947
7476506,0.11964909
7476713,0.13264842
7478570,1.0647572
7478950,0.100514054
7479939,48.6868
7480189,3.9340472
7480229,17.650284
7480309,0.09942965
7480729,39.88513
7480853,33.7013
7480890,56.644005
7481844,2.3574252
7482524,1.6395077
7482767,0.08558805
7482792,22.915577
7482821,16.163101
7482867,1.5294662
7483113,0.83931005
7483186,0.097697
7483940,1.2190827
7484548,15.230904
7490151,59.638927
7490286,2.5110283
7491108,0.7103383
7491590,1.0966814
7491713,0.11522701
7492292,3.7781596
7492539,0.06980033
7493359,28.441015
7494744,73.29354
7495368,0.6272474
7495477,24.639507
7495768,0.1531767
7496044,61.72593
7496274,2.5141025
7497287,1.8171438
7497599,4.9443636
7497652,0.051710762
7498271,34.604237
7499708,63.554466
7499919,0.042316325
7500139,0.6590968
7500228,51.20873
7500641,0.13425624
7500745,0.0967022
7500903,0.059250902
7500966,41.35561
7501292,11.27539
7501556,4.696858
7501694,44.070427
7501717,28.096783
7501794,0.11152579
7501806,3.4183261
7502141,80.35103
7502146,21.662235
7502549,0.15476592
7503672,5.248845
7508560,64.64357
7508588,15.404869
7509362,0.18899557
7510924,0.22648974
7510976,0.24974947
7511452,76.51779
7511919,0.091553584
7512056,0.07110945
7512116,0.097350955
7512240,11.131845
7512767,1.7797382
7512811,0.09221027
7513650,0.10422715
7514135,0.058530264
7514466,1.691786
7514849,0.04783403
7514964,0.1593265
7515499,0.22311786
7515787,40.4756
7515971,0.08284721
7515987,4.056929
7516218,15.407895
7516219,67.117035
7516249,14.606392
7516992,0.06422134
7517207,2.6185658
7517482,1.1616704
7517578,0.07821902
7518146,4.5450563
7518301,0.049970187
7518450,0.05818976
7518501,0.044404116
7518559,0.045543708
7518967,2.673082
7519317,0.10964717
7519448,82.49388
7519959,55.631035
7524934,0.078435734
7525255,0.099292316
7525375,6.1323147
7525874,0.118237495
7525905,0.057855416
7526088,0.11224647
7526377,17.483408
7526900,8.451558
7526944,8.366041
7527469,0.6291653
7527607,0.34443438
7529231,0.05002895
7529906,8.141356
7529908,2.7311463
7529943,0.02544573
7530563,0.17801586
7531309,0.10555627
7531604,0.31552833
7533321,0.12893985
7533626,23.243862
7533864,0.07510438
7534169,0.081366986
7534463,0.10471173
7534543,42.06505
7534579,17.171673
7534996,6.7904406
7535272,38.83473
7535303,0.18612908
7535450,40.644012
7535868,39.87335
7535873,23.845913
7540025,0.48719096
7540104,75.86909
7540256,0.11861672
7541249,55.203167
7541444,2.7332053
7542840,20.814167
7543133,1.4955345
7543232,0.07242888
7543381,7.742442
7544036,0.4690517
7544344,0.39647704
7544831,0.104803964
7545043,0.05883647
7545351,0.076691054
7545729,0.16938111
7545751,0.08162274
7546039,0.07661203
7546171,0.08947363
7546944,55.287437
7547454,42.81899
7547481,9.376429
7547536,70.31187
7548106,0.19948258
7548503,0.10543783
7548659,0.54982173
7549019,0.15204494
7550058,0.7886066
7554458,2.495444
7554629,3.2031875
7554634,35.662964
7554902,58.147755
7555676,0.83776474
7556003,0.6073737
7556587,0.09066574
7556715,0.18502805
7557546,50.03371
7557547,1.2583236
7558578,1.2831298
7558596,80.057175
7559593,7.063446
7559955,64.26211
7560016,15.210508
7560291,0.10961664
7560658,0.079616085
7561584,46.29556
7561688,1.2330835
7562042,57.612938
7562061,0.18601605
7562534,7.478044
7562837,0.558027
7563041,1.6223612
7563426,0.011446881
7563717,0.073980615
7564276,0.19449751
7564577,0.08197343
7565120,9.77721
7565221,0.07705372
7570475,0.07549998
7572534,14.171076
7572637,1.6292671
7573103,0.108405575
7573321,0.16420005
7573681,0.11956742
7573932,0.04149847
7574438,0.09305681
7575352,0.34576616
7575668,2.4079099
7575934,1.7710521
7576350,0.119779065
7576897,51.915077
7576910,5.684008
7579241,28.509373
7579396,10.254865
7579619,0.5621807
7579681,0.20669095
7580481,30.010366
7581316,0.027033497
7581334,0.069287375
7581456,0.09217889
7581679,0.26799577
7581727,0.10131612
7582163,9.799431
7582168,7.413208
7582705,0.12509045
7582706,0.08760574
7583507,0.047592305
7583981,0.12293661
7584224,0.06965959
7584471,0.63250744
7584660,51.845238
7587270,3.2550666
7588165,1.1120558
7590712,63.992615
7591467,0.72609526
7591512,0.6516894
7591595,0.70638496
7592976,0.05245044
7593263,78.50958
7593556,25.818539
7594093,4.1547003
7594911,47.900234
7596004,56.762146
7596078,0.103021696
7596341,0.11815663
7596536,2.6125627
7596687,0.082403295
7596739,0.67179024
7596751,47.389343
7596900,61.470165
7597951,0.12216826
7598279,0.08558203
7598986,0.031410456
7599311,0.13128704
7599569,10.293108
7599621,0.099086866
7599873,0.0931054
7600983,13.083801
7601046,1.7169857
7601559,3.6662972
7601632,0.08195728
7601723,35.516052
7601924,34.94993
7601979,17.18653
7602261,0.18711632
7602442,0.06057192
7602528,0.08286341
7602563,2.5935178
7602785,45.359184
7602826,0.19309215
7603070,0.098107375
7603125,3.1921296
7603341,4.4373236
7603430,0.10278269
7603440,5.8529243
7603693,9.039755
7604543,13.096347
7606677,0.62473077
7607537,8.927414
7608700,63.393658
7609843,40.92772
7609957,0.17148535
7610704,21.426144
7613124,9.772562
7613146,56.762337
7613150,19.96619
7613846,56.09275
7615088,4.5259385
7615496,71.59297
7615503,0.41846615
7615626,0.15228264
7615693,3.7943254
7615935,0.086611286
7616025,6.4543343
7617383,0.054187257
7617589,19.689417
7617694,19.455547
7617812,0.089186005
7617911,1.5325136
7618476,0.6009766
7618790,4.6877103
7618847,0.036645077
7619668,52.75831
7619996,0.03918018
7620029,0.11289507
7620257,2.1665993
7620592,2.140173
7620785,28.35603
7621032,0.1382295
7621131,58.01011
7621381,1.3541001
7621415,0.18434796
7621629,0.072982065
7621748,16.191475
7621847,63.532696
7622042,0.05164938
7622051,70.661575
7622697,0.08794601
7625298,4.60729
7628442,0.12929577
7628791,52.72425
7629108,2.4791808
7629339,6.886504
7629563,0.08976559
7629815,0.26946646
7629972,0.6177087
7630082,79.94052
7630302,56.00187
7630502,0.047372863
7631203,66.23943
7631233,0.07313195
7632731,0.3113455
7633057,12.685045
7633239,2.225536
7633247,23.393581
7633609,0.29952884
7634327,11.190505
7634805,0.09062858
7635764,84.89174
7636280,3.1485062
7636284,0.10271462
7636455,0.16810653
7636890,21.9399
7636954,0.27009732
7637001,0.41738695
7637047,0.09722645
7637112,0.07422595
7637197,0.38538808
7637472,0.093134366
7637896,8.2339525
7638216,69.60998
7638848,40.478504
7643399,5.6608095
7643428,19.713104
7644203,3.820795
7644505,0.08758885
7644813,1.2915618
7644838,3.173934
7645359,2.530629
7646522,5.5015616
7646602,66.54202
7646751,59.189514
7646825,4.8553667
7647268,12.045606
7647719,0.027231868
7648634,3.6724257
7649526,6.7165236
7649846,85.450966
7649902,57.369354
7650597,9.449755
7651280,0.07009962
7651474,81.12598
7651698,20.156948
7651715,0.09038328
7651885,42.658985
7652100,0.059298825
7652181,2.6720462
7652345,0.16485909
7652500,4.709451
7652508,0.028973613
7654931,79.632614
7655858,0.11936562
7656412,4.827179
7656808,0.14388907
7658409,18.926403
7659042,0.07053981
7660099,76.692215
7660226,9.486488
7660468,12.098579
7661395,0.100116
7661915,51.58132
7662069,0.08060941
7662742,6.054095
7662874,16.99296
7662981,0.0914753
7663500,0.071420416
7663617,0.06092478
7663756,51.684593
7664066,24.450857
7664144,54.187572
7664262,4.9139547
7664465,8.201891
7664855,45.26921
7664863,23.877766
7664959,0.16818208
7664965,1.8338811
7664991,42.333263
7665230,0.0858871
7666157,0.044545405
7667953,0.07459477
7669241,71.03867
7670668,0.15276101
7671984,20.267773
7672306,66.24096
7672361,11.392431
7672571,0.06736128
7672817,73.161896
7673779,0.116706625
7674659,24.639608
7674796,0.10884602
7675647,4.9284806
7675781,91.74626
7675962,11.025737
7676145,70.659645
7676301,0.030642519
7676306,30.104635
7676721,25.281895
7677505,3.0376499
7677597,3.4022565
7678084,5.7164598
7678187,0.09179558
7678351,0.42356214
7678386,0.18735413
7678450,7.128073
7678730,0.11790409
7678743,39.77972
7679047,7.34111
7679086,0.7627903
7679094,2.8788538
7679120,20.06842
7679142,1.3964083
7679541,6.2753677
7679714,43.68534
7679818,0.09125674
7679943,0.43949562
7680278,6.466113
7680709,78.15247
7680940,27.13351
7681478,12.722351
7682344,1.15468
7682866,0.08766006
7686178,9.638699
7688130,76.753395
7689495,1.2641693
7689651,0.15821698
7690729,18.692978
7691006,0.14014548
7691059,0.6812495
7691790,65.36902
7691908,0.07285884
7692326,12.2997
7692701,0.19791357
7692866,0.09940843
7693037,0.11102674
7693040,0.1028023
7693124,2.1750445
7693320,0.15715763
7694064,18.447552
7694654,44.06337
7694852,0.22030461
7695043,59.11814
7695220,2.8221557
7695909,0.2730812
7696314,0.06578817
7696645,63.813538
7696843,0.09943267
7697025,0.52184093
7697055,0.05247148
7697082,0.10459671
7697100,39.767197
7697425,0.10002631
7697603,3.635032
7697792,0.1264652
7697857,0.1100862
7698190,11.195426
7698521,23.251705
7698530,0.06723179
7698642,15.452147
7698722,52.8919
7698923,23.763401
7699037,3.030793
7699156,0.09989063
7699220,0.116903946
7699335,4.4283442
7699366,0.29026783
7699407,0.123339176
7699703,0.07680961
7699962,17.531721
7700054,55.50183
7700741,3.2407546
7701295,2.5829592
7704198,0.071420334
7706406,0.085067734
7706455,4.5791016
7706471,0.1705775
7706593,12.5627985
7707191,0.060258936
7707274,7.5070863
7707725,4.242563
7707789,81.0428
7708148,9.226236
7708671,0.059823863
7708860,66.76854
7708861,68.27824
7708956,78.32433
7709304,0.09549637
7710159,0.6419522
7710442,0.060046565
7711407,14.363031
7711451,0.1544979
7711804,25.253687
7712639,4.0300636
7712849,0.08273337
7713421,5.7499127
7713437,1.2748419
7713509,0.07384932
7714152,84.12901
7715192,1.8787407
7715342,7.688334
7715624,0.22464886
7716148,4.3427362
7716489,0.09897403
7716776,0.085059404
7716812,82.910385
7717071,0.6271471
7717284,0.12225051
7717594,0.26302144
7718042,0.076773934
7718894,0.14205882
7718995,80.710754
7722946,0.5462059
7723494,8.369652
7724031,0.09237391
7724752,0.25030723
7725030,0.1310101
7725075,0.101578236
7725197,0.39531785
7725496,52.805805
7725573,0.08395521
7725825,27.917847
7726274,11.4416895
7726982,18.861324
7727061,85.75778
7727796,0.1169579
7728018,0.12821335
7728262,0.073966496
7728265,0.24398169
7728510,54.225197
7728674,50.12652
7728831,32.156128
7729043,16.930653
7729215,11.097084
7730160,0.08085762
7730527,0.08462397
7730852,60.388386
7731013,2.0501533
7731385,1.0744326
7731765,2.2763877
7732060,1.689642
7733241,3.1934586
7733651,10.052706
7733862,15.487146
7733896,29.205929
7734034,1.470319
7734116,67.42529
7734164,4.0028563
7734173,1.6187757
7734176,4.2237515
7734226,4.3817987
7734240,12.67661
7734355,19.204
7734819,50.189865
7734957,73.23303
7734995,44.165268
7735348,58.83795
7736787,0.12466045
7741297,67.09635
7742054,0.08264695
7742753,34.288338
7743042,0.075556695
7743202,0.65915614
7743233,0.08521669
7743323,17.386307
7743340,7.0005403
7743601,0.08972013
7743778,50.930824
7744236,1.6343682
7744591,25.369465
7744907,0.07066653
7745417,5.9434757
7746019,0.07871418
7746286,23.393703
7746303,0.2957367
7746903,0.07274009
7747016,8.059867
7747017,0.096589305
7747237,2.184423
7748035,65.51476
7748044,0.06835468
7748135,1.2154245
7748170,27.795353
7748678,1.5680387
7748836,14.2300415
7749069,14.427231
7749367,0.09723891
7750044,36.83397
7750282,0.08926755
7750695,52.240894
7750936,1.0147393
7754697,57.92105
7754916,0.102525994
7754994,0.12780088
7756015,0.2673381
7756302,0.119132735
7756711,0.07826228
7756817,0.04809793
7757619,1.3808212
7757818,17.027538
7758257,5.384606
7758673,0.20679513
7759275,0.058003597
7759511,2.8130078
7759637,35.59441
7759823,1.2030995
7759906,0.09953655
7760158,3.1185708
7760204,1.0096661
7760566,3.3059323
7761083,1.022057
7761161,26.041315
7761191,0.09069954
7762173,65.36039
7762201,0.095875114
7762343,0.14734039
7762394,0.06350374
7762437,48.726696
7762574,0.35808668
7762866,27.910938
7762930,0.82220125
7763728,3.608565
7763869,63.854237
7763918,0.041506503
7764285,11.5197735
7764314,0.23789266
7768278,7.0706367
7768655,0.090160534
7768661,16.53941
7768999,50.421658
7769660,0.3517091
7770529,0.08638857
7770747,0.0704451
7771170,0.40254086
7771351,75.46658
7771362,2.7517815
7771661,0.2621922
7772281,7.573401
7772377,0.08426904
7772462,0.044682566
7772479,9.752471
7772724,0.13070865
7773365,0.11232182
7773386,14.926657
7773645,0.31515914
7773669,41.604572
7773967,14.188971
7774373,66.14505
7774422,5.253981
7774655,68.53491
7774722,35.483086
7775427,0.16949756
7775431,9.787094
7775455,0.14777306
7775627,7.314219
7775711,0.0700735
7775924,0.09978399
7776105,79.00192
7779419,7.9070563
7780850,10.8834915
7781123,0.11282154
7781490,13.290416
7781847,60.78354
7782176,12.826578
7782340,15.66676
7784894,4.2979593
7785052,0.91765755
7785451,19.487442
7785582,0.16651754
7785655,76.35988
7785745,0.20254311
7786504,1.4591335
7786536,0.98425037
7786683,0.07593226
7787223,0.08209146
7787799,1.7888817
7787962,81.95806
7787983,52.48396
7788438,0.28257203
7788504,1.2260174
7788688,0.6328097
7789346,0.7139394
7789408,1.6175072
7789685,39.654644
7789692,0.49727106
7789848,0.88952434
7789850,39.54189
7790161,7.148993
7790581,5.044627
7790627,11.275378
7790850,10.062807
7797213,3.8111477
7797490,0.07896565
7797733,0.11516641
7798327,0.0881779
7798559,28.542446
7798633,3.9842331
7798694,0.1464635
7799096,0.26836115
7799357,0.54012233
7799410,7.1883707
7799577,0.12973781
7799787,3.237779
7799893,0.2743086
7800824,0.06377946
7801023,0.017953757
7801483,0.21608682
7803063,7.857358
7803319,0.016422324
7803399,0.18765329
7803475,25.613934
7803545,0.41559106
7803683,0.32142025
7803828,8.052813
7804414,17.041063
7804434,0.08476392
7805051,35.064354
7805159,0.1526723
7805295,23.126713
7806103,0.11556264
7806246,35.45422
7806322,77.97783
7806890,4.3571644
7807175,0.22315785
7807454,0.06637885
7807792,0.6489272
7808057,0.12442143
7808182,36.101845
7808346,4.030841
7808374,0.06387431
7808452,35.447247
7808484,0.6519205
7808799,3.1137354
7809295,0.08202782
7809328,41.663044
7809408,50.201923
7809481,1.7233007
7809535,34.29436
7809629,4.867948
7809746,0.06216662
7809878,1.8176072
7810109,0.07478578
7810500,0.04518678
7811933,30.799957
7812655,2.1190877
7814575,4.832185
7815865,0.4858709
7816930,0.7426155
7817350,0.071461335
7818601,0.07659705
7818734,0.1549564
7819272,0.3198647
7819465,0.13877453
7819706,0.095072314
7819909,21.331842
7820556,0.24024057
7820664,2.1017876
7820861,60.433758
7820916,4.116993
7820969,7.311067
7823396,0.06547935
7823474,18.471
7823495,28.012135
7824374,37.322777
7825487,0.08903435
7825593,1.56283
7825663,11.874999
7825743,0.089765325
7826016,38.51352
7826413,3.067875
7826478,8.827779
7826517,30.634333
7826573,0.15831415
7826846,0.13246344
7827525,18.017944
7827531,6.4291215
7827616,1.3564365
7827817,66.28175
7828204,0.05285918
7828740,37.742065
7831556,0.14083245
7832138,44.7902
7832737,6.7327623
7834112,0.10981981
7834712,0.08545088
7834769,4.0009
7835198,0.12890607
7835733,28.767447
7835778,0.11145137
7836258,6.5891914
7836589,0.12462153
7837347,0.11679314
7837575,27.43014
7837583,0.10256986
7837632,3.923573
7837670,0.09345269
7837685,1.811298
7837852,4.392358
7837859,0.077456094
7837963,7.1983767
7838393,21.801
7839087,25.623966
7839545,41.427223
7839930,72.51911
7839972,0.100374185
7840544,0.15140793
7840798,1.5387437
7841038,8.327497
7841410,0.08385908
7841464,0.08769174
7841521,39.65053
7841576,0.30116224
7841904,1.6342293
7842276,7.9564323
7842597,1.5504959
7842650,2.6997294
7842939,20.556171
7843582,4.4538016
7843604,78.96294
7843781,44.119602
7843902,5.7032876
7844206,0.15219684
7844263,0.5571605
7844947,0.059606154
7846162,15.134
7849404,0.07622338
7849755,12.073477
7850400,37.192635
7851371,0.083883956
7851753,0.029942578
7852297,0.09070163
7852370,3.5574214
7853110,0.05379037
7853584,0.12818602
7853587,13.626195
7854287,3.7770753
7854307,75.388565
7854426,2.4327314
7854730,67.38128
7854999,6.7636003
7855021,7.8172216
7855244,0.028766435
7855499,0.06612667
7856015,7.30113
7856187,0.14313996
7856476,38.53229
7856830,0.11969787
7857050,3.0266697
7857465,0.08755772
7857504,26.61763
7857685,0.4058414
7857897,1.5231205
7858338,44.11344
7858468,90.00719
7858629,7.927243
7858644,0.114894725
7858673,75.715164
7858709,0.13442059
7858731,0.03775565
7858791,0.19051392
7858824,15.434685
7859293,2.0568852
7859840,0.2684854
7859932,0.044804413
7859978,0.24601421
7862762,18.886145
7865678,3.0525353
7866845,0.23971727
7867205,0.28239816
7867264,0.09887435
7867321,0.08028155
7867388,0.22128014
7867494,10.026128
7867623,0.08705881
7867800,2.9613786
7868427,8.155993
7868971,0.11321709
7869449,0.057882715
7870403,53.956337
7870442,0.0598315
7871441,3.8138657
7871699,0.43317074
7871818,59.972767
7872172,2.4007282
7872617,1.6408142
7872983,1.4306482
7873215,0.09737489
7873433,0.098155126
7873524,0.096710846
7873543,0.6646023
7873940,1.6953561
7874697,14.652109
7874958,0.14405088
7875071,1.0915108
7876954,23.981457
7877599,10.829898
7878795,52.69798
7879486,58.76599
7880066,54.26173
7880799,72.20078
7881023,4.5003104
7881195,0.1331437
7881469,0.072181925
7881522,0.0496814
7881928,2.5532556
7881985,0.10653593
7882127,0.09808939
7882517,0.070795625
7883220,0.5511373
7883623,71.51049
7883692,0.13149326
7883798,0.110130414
7884708,13.502823
7885309,15.394094
7885338,67.77093
7885810,62.936573
7886069,0.07781818
7886635,68.227684
7886670,2.0256107
7886869,20.685669
7887206,13.617754
7892279,64.05538
7893768,73.95509
7894007,54.157032
7894907,56.79176
7894983,6.8795233
7895157,0.06394677
7895935,0.10071629
7896396,30.737814
7896536,37.549538
7897114,6.309991
7897229,1.1983999
7897307,55.44854
7897312,62.013805
7898106,7.248605
7898302,0.06284747
7899605,11.239311
7899881,0.10675659
7900119,0.08509916
7900129,10.161917
7900437,0.093494624
7900478,9.691286
7900575,4.748496
7900722,7.1194105
7900908,60.486767
7901592,18.547266
7901635,71.459206
7901720,0.22353604
7901766,0.08178322
7901928,0.059348546
7902074,0.10288403
7902129,34.077354
7902291,0.060186207
7902409,11.276901
7902445,68.58816
7902617,2.6265957
7903060,0.1301074
7903374,16.995075
7903627,60.618145
7903721,0.46264464
7908712,0.079848744
7910635,17.838593
7910702,0.04549762
7911249,3.0807755
7911571,8.292501
7912217,0.063635245
7912652,10.549774
7913704,12.524091
7914369,64.67727
7914519,9.807986
7915083,3.0024447
7915327,4.581349
7915525,6.4979935
7915596,76.526634
7915844,0.1834728
7915894,0.093850315
7916103,1.9317448
7916684,0.054883324
7917604,0.30095088
7917755,0.083724804
7917925,32.909454
7918597,0.2355502
7918660,58.508095
7919214,62.471138
7919303,0.112245895
7919372,3.344275
7919636,0.08888802
7919761,34.565834
7919803,16.456213
7920394,29.938675
7920508,1.3846165
7920963,58.398743
7920993,6.2501903
7921643,0.05788039
7921666,67.69847
7927838,47.812767
7928493,0.10654197
7928712,1.7533449
7928756,0.106325105
7928917,0.0717777
7928979,0.094992794
7929441,68.58969
7929718,7.925439
7930492,1.1858311
7930857,0.102589324
7931003,0.38212904
7931180,0.08000575
7932428,0.10395126
7932907,0.85239714
7933140,25.175982
7933775,13.959361
7933777,0.14272651
7933896,0.10533736
7933959,32.91507
7934557,0.82014304
7934867,16.28541
7935386,67.25519
7935508,0.048032217
7935915,19.650162
7935958,12.042776
7936161,6.1581907
7936965,0.0825634
7936980,1.974452
7937553,7.1571984
7938095,3.990609
7938375,0.104325995
7938434,4.1051607
7938565,0.13602868
7938719,4.1114874
7938793,17.066801
7939074,0.0115621835
7939346,0.15273851
7939575,2.5398164
7939785,0.105877146
7939788,1.2539884
7945940,39.297417
7946605,0.13526782
7946876,0.29717842
7948163,27.136246
7948395,2.2875736
7948463,0.09196736
7948903,0.069948494
7949119,17.08862
7949419,3.73997
7949480,37.984383
7949799,12.9067
7949889,55.782646
7950817,5.3938656
7951971,0.032660164
7952315,11.813822
7952963,49.832066
7953220,0.09823974
7953571,0.1158912
7953690,0.7938694
7954453,0.61688834
7954838,0.4106916
7954940,0.10085951
7955150,0.058445416
7955181,0.01571634
7955427,2.568555
7955906,0.5330744
7955965,0.13677593
7956241,0.02481347
7956290,0.064239666
7956643,1.2672129
7956955,67.04299
7956997,5.5792913
7957182,0.13139029
7957339,0.076375216
7958154,0.07073816
7958390,29.441385
7962950,41.506477
7963278,27.629858
7963444,0.18020819
7963518,18.948683
7964792,8.097059
7964931,53.608875
7965146,0.07619033
7965264,4.201112
7965953,9.148054
7966943,11.465841
7967112,0.2971812
7967489,0.090526745
7967875,0.11830711
7967942,5.2689824
7968138,0.04227481
7968283,0.093111835
7968404,2.2269034
7968783,31.663101
7968983,9.668847
7969111,89.707245
7969270,0.059427492
7970450,0.10585217
7970479,38.321045
7970533,19.76088
7970578,13.011255
7970631,0.0966186
7970699,0.06468247
7970842,35.553978
7971035,1.445585
7971379,0.06522389
7971602,49.42759
7972046,57.163136
7972259,0.45089173
7972332,0.4249691
7972388,0.24957776
7972462,3.9831855
7973384,0.1354901
7973491,6.3425465
7973550,1.0136133
7973730,0.098337784
7973928,57.805733
7973933,0.8292605
7974899,0.624375
7979433,0.09505102
7980488,61.06706
7981341,0.0680148
7982126,0.051240575
7982976,4.2151217
7983099,0.15287566
7983495,6.3725176
7983565,75.264015
7984128,13.124563
7984245,3.5407512
7984388,0.0816826
7984555,0.8103081
7984904,0.047255673
7986033,0.46508813
7986074,0.08513379
7986862,1.958121
7987167,22.271235
7987209,48.820213
7987288,0.42517692
7987306,0.068130255
7987971,76.232574
7988012,22.006458
7988084,12.371267
7988156,88.42813
7988259,1.5562509
7988381,7.1016617
7988477,4.611359
7988867,1.2958412
7989884,33.210888
7994086,42.60245
7995293,0.04263491
7996391,0.10128286
7996748,15.049306
7996995,0.09210093
7997358,1.9736929
7997723,70.772675
7998020,0.22988382
7998338,0.070790425
7998377,0.07275455
7998385,10.692461
7998624,4.912444
7998921,0.086471006
7999190,0.10318367
7999290,7.80527
7999574,19.243069
8000657,10.312888
8000716,19.876064
8000972,8.850058
8001051,54.88091
8001287,8.443781
8001339,13.459793
8001390,0.12775823
8002080,55.56304
8003337,3.9942708
8005645,8.071633
8006746,0.113328196
8007908,24.866083
8008601,0.72748655
8009058,0.07567641
8009332,39.4114
8009566,0.1229309
8009605,4.016032
8010585,35.715805
8011048,72.38275
8011289,1.8977306
8011605,0.14715378
8011722,0.116138615
8012041,0.110581495
8012334,1.5312104
8012793,0.111495435
8013017,2.7418206
8013609,17.974554
8013731,5.8118305
8013762,0.033165596
8013780,0.109650515
8013947,5.278943
8013954,0.5665902
8014173,3.7122588
8014312,1.6322024
8014315,0.07546689
8014654,0.108208396
8014737,0.13390143
8014811,0.2513052
8015001,1.824928
8015256,1.3561523
8015894,27.306732
8015895,0.004349099
8015959,16.408749
8016148,0.11811409
8016260,31.408863
8016420,75.06836
8016435,1.4828746
8016681,0.3407553
8016725,1.1750135
8016728,12.231392
8016763,0.29984152
8016769,0.08993493
8016946,30.536127
8017041,4.8257723
8017078,0.4199025
8017399,7.1880608
8017587,0.11090241
8018074,0.096863195
8021647,46.489773
8021726,36.035805
8021914,75.1264
8022623,28.909307
8024051,1.5830996
8024687,5.5308065
8024915,25.233547
8025808,18.01731
8026859,0.08775066
8027690,0.3051565
8028382,2.0473876
8029217,0.087207355
8029331,0.6911513
8029379,62.009422
8029461,1.6128566
8029907,15.311856
8030123,0.13243952
8030872,0.20925987
8030918,0.16736114
8031617,4.082851
8031703,53.93163
8031823,58.89745
8032151,0.115845345
8032173,0.125788
8032689,0.0756578
8033015,33.65561
8033041,40.747032
8033303,17.335543
8033487,1.9675506
8033491,1.4543903
8033609,73.06742
8033860,0.086659886
8034433,0.03571058
8034444,24.748276
8034599,0.08132611
8034664,0.08922978
8035046,68.418274
8035143,17.493433
8035370,3.9596493
8035373,24.902094
8035441,48.696033
8035557,36.494507
8035731,2.3229682
8035733,3.3405883
8036193,15.231527
8036326,0.36984974
8036500,80.56169
8036524,0.07813023
8037006,1.5657843
8037537,7.1131835
8040050,59.364998
8041585,0.28546298
8042732,0.40845284
8043896,10.482114
8044115,10.770957
8044434,1.5141051
8044779,1.3158782
8044795,2.6854775
8044856,54.559437
8045117,1.7693613
8045996,0.13917871
8046173,0.12724459
8047048,0.018756852
8047775,4.199651
8047942,7.479739
8048022,0.115075156
8048480,0.1292613
8049303,0.028235907
8049708,37.08307
8049964,48.800396
8049994,0.134442
8050265,1.4588821
8050544,0.35540503
8050747,0.18497452
8051076,5.5759554
8051094,45.03704
8052243,0.1129154
8052398,0.07036951
8052679,59.310204
8052841,27.232538
8052900,0.11058165
8053474,0.11243658
8053664,0.09159444
8053697,0.20720327
8054051,0.2417641
8054295,48.528984
8054396,71.96518
8054493,11.337976
8054676,4.562888
8055508,64.71151
8055859,14.57292
8058693,31.4725
8062149,1.4619963
8062793,0.06171137
8062956,0.12674929
8063109,68.073135
8063277,8.603287
8063845,52.477917
8065068,0.3596495
8065272,0.057377983
8065751,0.27768722
8065861,0.112672485
8066253,24.454397
8066924,26.236423
8066925,0.9239133
8067449,0.06608458
8067466,25.642895
8068089,4.301635
8068304,0.17992961
8068363,26.418121
8068609,44.728657
8069765,0.1163526
8069858,55.472942
8069938,27.755428
8070145,1.7842796
8070334,0.14500085
8071250,0.5388631
8071607,0.09236182
8071961,1.2506503
8072069,9.264471
8072579,0.12672852
8072744,0.056176323
8072802,81.32942
8077721,1.9854791
8079894,78.2333
8079900,0.065409176
8080954,8.60211
8081177,2.7674553
8082331,0.692121
8082554,0.50989884
8082651,10.886871
8083931,0.06866259
8084527,5.2508116
8084550,0.6194103
8084731,4.677225
8084878,0.10060793
8085542,0.10253932
8085549,16.185425
8085692,0.05585935
8085930,0.041608997
8086465,0.7861845
8087274,0.40345687
8087330,19.846815
8087780,3.288295
8088779,38.108345
8089062,40.64048
8089722,0.11236527
8089927,0.4345643
8090023,0.08681774
8090426,75.371475
8090529,0.054806042
8090698,3.0077014
8091080,0.10334811
8091243,3.473456
8091463,39.06797
8092877,0.83754474
8097123,15.7638
8098481,10.133258
8098736,65.35269
8098828,0.11910766
8099205,0.7128601
8099249,0.3531692
8099478,0.44860703
8100787,0.049733896
8101258,3.4539864
8101374,0.30317754
8101581,18.437464
8101762,0.09641961
8101848,0.07350058
8102012,30.469723
8102057,0.7252556
8102637,0.062080614
8103140,2.9182765
8103342,72.67784
8104879,0.09575111
8105749,0.08702973
8105752,0.35130236
8106228,8.04403
8106428,0.39661485
8106445,4.0691295
8106449,0.12516913
8106619,44.35297
8106774,54.227776
8106830,0.94743764
8106902,0.09633664
8107212,4.6024733
8109092,0.36475042
8111686,1.1621008
8112228,28.277328
8112556,0.42827368
8113145,1.5850513
8113407,0.04673252
8115116,60.533184
8115321,53.81535
8116276,0.12319136
8117019,0.39917284
8117161,0.55564696
8117163,37.17506
8117213,43.723785
8117310,0.13392086
8117482,0.16076316
8117731,0.32332772
8118605,1.2635441
8119610,34.699978
8121643,72.34522
8125640,5.695103
8126091,3.2349117
8126104,21.122772
8126777,2.4516213
8126980,0.8327631
8127123,0.64971364
8127186,0.14359948
8127517,0.07996098
8127628,0.121277526
8128539,0.1004983
8129018,13.404749
8129389,0.06442298
8129669,0.06507759
8130153,13.978386
8130277,2.1327715
8130291,0.13548687
8130551,0.07409147
8131356,0.53161013
8131765,0.052103966
8131995,22.361662
8132046,4.8678017
8132122,0.09064754
8132430,0.113672175
8132629,74.90234
8132699,0.12370022
8132897,2.1382747
8133275,68.13127
8133345,14.815115
8133932,0.15911533
8135403,53.915627
8135887,0.10418669
8141318,3.1639028
8141967,0.07032879
8143119,0.028363356
8143588,0.16930215
8143851,0.061767895
8144339,8.575719
8144631,0.12557936
8144709,42.11604
8144798,0.118024565
8145150,13.860849
8145645,0.096965104
8145653,1.8235737
8145675,0.07315027
8146444,7.283081
8146518,12.866203
8147083,17.075836
8147106,49.8068
8147212,3.6765487
8147633,0.05057361
8147928,8.070581
8148182,2.671708
8148668,0.01570349
8149309,14.7226925
8149789,0.28667793
8149849,12.008535
8151268,3.83583
8151645,4.777262
8151925,82.610756
8152470,1.2781595
8152513,0.19280979
8152565,0.114097215
8152675,59.947285
8152697,0.12707897
8153005,0.0874094
8153044,4.9199743
8153128,16.891184
8153235,1.3475348
8153240,0.15809985
8153639,0.088548936
8154203,0.06293752
8159329,0.2823287
8160542,0.13254522
8162214,4.9153376
8162587,1.8155582
8162607,88.429405
8162622,0.08591765
8163275,13.32101
8163625,2.3833652
8165315,18.733398
8165707,2.0514407
8166218,4.109204
8166617,4.0133996
8166737,0.83990306
8166752,0.95207703
8167057,24.51801
8167145,0.04334246
8167783,0.4145294
8168670,7.660235
8169030,0.14807889
8169615,57.341686
8169667,53.43114
8170005,33.35124
8170917,1.4949119
8171241,8.062628
8171295,0.1687344
8171299,0.5696231
8171873,0.094934955
8172062,7.8448076
8172572,0.016084382
8172653,0.089604124
8172864,0.08627869
8173170,0.105951354
8173232,0.11282803
8174249,3.8033748
8174397,0.09816985
8174840,14.854616
8181170,0.07124801
8181864,0.12232274
8182759,7.170419
8182829,2.461063
8183217,1.7566316
8184624,0.107576564
8184754,0.20600519
8185374,16.261005
8185497,2.5061812
8185787,69.2961
8186234,0.11783947
8186924,1.2409174
8186991,0.08711346
8187334,0.061882816
8187634,0.053442188
8188176,0.16051047
8188644,27.423939
8189390,0.99614745
8190035,0.14407232
8190071,0.28930846
8190147,1.1395693
8190190,55.87095
8190747,0.183687
8190848,0.101781845
8191540,18.132208
8191699,8.819349
8192079,0.07709493
8192443,68.30418
8192532,0.17923126
8192768,44.22457
8192808,0.08170779
8192936,0.39627597
8193000,32.326366
8193127,0.10102351
8193135,26.64569
8193595,0.09117107
8193625,28.853674
8193768,14.499388
8194194,0.030125806
8194225,0.94747955
8194283,8.341037
8194369,5.0675364
8194401,28.158514
8194650,52.55794
8194812,62.783653
8195034,0.09829663
8195094,52.293293
8195117,0.24310043
8195151,0.3080582
8195335,0.09409766
8195353,0.57135355
8195521,0.121260025
8195719,3.7745316
8195840,0.16336986
8200729,43.829994
8201629,0.679456
8202455,0.6827978
8203294,0.03812266
8204392,0.07209827
8205064,0.9268858
8205342,0.057047434
8205555,0.33842996
8205701,59.92945
8206060,1.6792777
8206718,10.232345
8207350,6.7184496
8207701,0.14593007
8207764,51.50421
8208090,25.620228
8208110,0.22354226
8208824,0.10823305
8208997,0.004621014
8209242,5.7977343
8209307,0.063407265
8209412,0.06000056
8209746,0.1399465
8210384,4.5514603
8210423,25.956827
8210543,14.421842
8210728,9.210146
8210734,36.754433
8211314,0.079914495
8211513,0.77434
8211709,0.47850242
8211852,0.120549336
8212058,5.483698
8212215,0.66311944
8212592,0.34064355
8212733,8.095256
8213019,0.04335478
8213145,0.2117494
8213362,2.4439025
8213444,60.20653
8213800,0.13927361
8214005,0.052064992
8216392,0.91173875
8217350,25.32732
8217454,1.5330762
8218942,5.2368336
8219313,0.05194818
8219404,7.7937403
8219648,86.66021
8220331,0.13702036
8220472,0.26559493
8221965,7.382212
8222540,0.34204328
8222831,45.554047
8222857,0.10559344
8223756,0.13591845
8224233,0.11338232
8225210,0.09828714
8225997,0.07748212
8226137,0.091354325
8226967,0.17425027
8227361,22.629858
8228217,13.178787
8233117,0.015799262
8233484,24.997902
8234295,0.105523184
8234456,0.10932914
8235667,0.3368233
8235820,0.058690332
8236539,0.102496825
8236660,9.179237
8236773,0.11400299
8237477,51.56167
8237586,0.11342452
8238028,7.9654946
8238581,0.108476736
8238754,60.266846
8238926,72.377
8239111,0.083861485
8239159,0.2542289
8239333,1.0244862
8239352,48.483307
8239394,5.505225
8239534,1.969828
8240016,74.58208
8240819,2.3285608
8241237,0.2655889
8241545,47.432533
8241894,0.065353565
8241975,72.983444
8245639,27.68125
8246555,0.17953654
8246675,79.46466
8250194,0.06899353
8250576,0.07882468
8250729,33.69451
8250925,73.46757
8251209,0.5833994
8252398,0.13126118
8253057,64.16408
8253376,1.5643126
8254028,19.038107
8254419,2.6620266
8254640,0.12396087
8255082,0.061205406
8255329,0.08971593
8255964,62.593445
8256091,0.10222236
8256749,67.82331
8256789,0.14338255
8256806,0.084401496
8256930,14.864334
8257222,16.589563
8257590,0.23919801
8257896,0.93711567
8257999,2.4088273
8258394,0.048996527
8265482,0.6661532
8266485,21.660233
8266871,0.08886792
8266933,17.757921
8266969,0.0627775
8267425,1.7824078
8268219,0.07952769
8268702,2.1014285
8268876,9.015711
8268976,0.09368283
8269241,68.0989
8269318,54.63086
8269852,29.357899
8269950,0.7846838
8271628,71.220146
8271658,74.45034
8271934,78.948326
8272122,0.7515098
8272216,0.11123292
8272327,20.849628
8272532,65.70675
8272749,19.759567
8273700,0.13273457
8273730,0.16303453
8274488,86.1571
8274516,69.94958
8274685,0.15847275
8274723,68.610176
8274917,0.05092864
8275295,1.3820537
8275421,15.354448
8275455,1.8112472
8275474,0.042862814
8275676,50.89881
8275940,0.048345953
8276646,0.302656
8278733,0.9511321
8283594,34.85649
8284223,58.683647
8285198,2.809483
8285367,2.1185946
8285693,0.116656795
8285992,1.3941989
8286034,81.010704
8286139,0.08594052
8286167,0.13852791
8286476,0.06653611
8286494,5.791681
8287001,13.114362
8287943,0.23022012
8288098,81.420555
8288774,2.4501624
8290042,45.27135
8290210,0.10808188
8290278,73.98787
8290587,9.207444
8290724,16.174263
8292078,62.572735
8292095,15.651335
8292129,66.33159
8292343,3.675068
8292595,9.866
8292848,0.5289123
8292864,0.06857519
8292919,0.087942205
8293087,0.21659097
8293222,12.080254
8294144,25.146603
8294502,35.057247
8297694,0.3897772
8299030,35.304924
8299218,0.99666005
8301159,36.25885
8301768,47.84606
8301850,25.213253
8302619,0.03453706
8302890,0.089026466
8303074,1.5281172
8304116,0.15208104
8304243,0.1531802
8304809,31.197107
8305898,0.25226086
8306292,32.88317
8306427,0.12923636
8307946,15.763516
8308128,0.2493079
8308176,0.03412483
8308683,58.45788
8308797,44.115475
8308937,0.20003445
8309384,56.72226
8309474,8.436804
8309502,4.818005
8309731,40.053425
8309746,0.14500527
8309886,0.105795324
8311468,0.09881415
8311723,5.2415786
8311762,58.667126
8311783,47.74518
8311933,0.12349496
8311970,32.034836
8311974,12.57897
8312148,7.459237
8313370,9.58127
8313551,62.10673
8316290,38.500816
8316959,0.9549409
8317595,0.16785012
8319351,1.6226635
8319588,0.06722836
8320198,3.2830834
8320972,1.0330918
8321354,0.09113314
8321517,0.91118956
8321524,0.09124283
8322138,0.09809305
8322881,13.286319
8323944,47.046963
8324080,2.1247513
8324481,8.902119
8324941,0.08369752
8325667,0.044053204
8326026,0.12592748
8326337,26.677576
8326389,0.104448415
8326753,0.7616104
8326835,0.67872787
8327302,33.69361
8327562,7.5793686
8327596,0.054090403
8327773,79.059044
8327930,62.310432
8328213,24.591612
8328670,0.62318933
8328706,5.847762
8328837,0.09514073
8329796,0.08065269
8331648,13.22713
8334273,0.07361101
8334574,9.948354
8335000,17.328299
8335100,2.182572
8335481,2.0113502
8335913,6.68432
8336175,65.20605
8336554,0.47892332
8337535,0.050612725
8337536,22.63943
8337597,0.08553256
8337827,0.05357151
8338312,4.9944963
8339036,71.84053
8340304,1.7157013
8340307,17.872145
8340381,1.0988224
8340400,2.8618724
8340553,0.26422378
8341556,69.29271
8341669,0.090886876
8341734,59.18988
8342009,16.404766
8342200,0.10941075
8342763,12.407305
8342998,0.55001134
8343210,62.576557
8348413,54.449574
8349397,61.3893
8349835,18.49439
8350557,0.05762312
8350891,0.050676458
8350952,0.34072033
8351796,0.0898186
8353898,0.17665154
8354383,0.63964516
8354816,0.11168019
8354926,1.1860535
8354988,19.285494
8355319,0.08737587
8355713,0.059788216
8355776,0.18936737
8355794,0.2599663
8356465,0.24839854
8356720,0.04005879
8356743,8.732356
8359098,0.16684996
8362098,19.656223
8362248,0.09464963
8362676,8.903856
8363084,0.172079
8364525,0.31875038
8365172,83.72195
8366172,0.29188886
8366891,59.071674
8367125,0.92524034
8367486,85.66341
8367611,17.131096
8367871,0.59394413
8368708,0.5422911
8368723,31.515234
8368794,2.905406
8369857,21.851137
8369895,9.910719
8370140,1.7502651
8370236,88.8848
8371527,31.667425
8371541,55.47641
8372652,0.031040847
8372912,1.163393
8378428,4.626979
8379136,4.1667557
8380868,1.4561172
8381173,14.166643
8381388,0.38694254
8381514,1.0516069
8381974,0.22137114
8382055,22.090237
8382592,0.10172081
8382602,0.2345998
8383187,0.06272717
8383276,7.3914323
8383633,0.07851589
8385014,0.2736004
8385064,0.07384345
8386528,31.228521
8386694,0.08869696
8386829,0.06153189
8386889,0.114778146
8387338,0.09973683
8387361,5.6796002
8388235,2.669596
8388303,0.17856677
8388309,0.06460681
8388864,0.101496354
8389302,0.09271831
8389905,64.706894
8390100,0.049685158
8390444,0.103496745
8390605,0.16344033
8390739,2.6442413
8390906,0.5824951
8391035,0.095159665
8391105,0.5907301
8391111,0.096815966
8391132,65.416306
8391160,4.82558
8391534,0.08975192
8391648,17.526249
8392636,1.448948
8392760,80.98899
8393139,1.5134815
8395504,0.07255811
8397623,71.337975
8398120,0.67082137
8398176,0.018523082
8398566,0.08336179
8398742,1.5006635
8398955,82.81315
8400121,2.2203498
8400723,3.0862508
8401620,1.6424179
8402207,63.24057
8402380,2.63963
8402882,0.06813495
8403071,12.53566
8403316,52.817566
8403327,14.353088
8403710,6.860125
8404181,0.08132596
8404787,4.6547813
8405280,0.69655406
8405664,1.3460698
8405978,9.413429
8406520,0.98115885
8406689,5.4244375
8407577,2.2648647
8407677,14.118762
8407862,44.006775
8408530,1.6522957
8408534,0.07085152
8408674,9.644777
8408695,0.06965573
8408768,0.079211354
8408853,0.096594855
8409178,34.653828
8409300,3.2886353
8409401,26.416302
8409459,35.161423
8409542,0.20561369
8409573,0.19309828
8409575,8.830931
8409839,33.986824
8410004,0.24681339
8410450,60.92568
8411164,3.435635
8411300,0.27560782
8411390,1.1825064
8411428,3.86198
8412352,0.084519014
8416015,74.451454
8416681,2.076772
8417134,43.698887
8417805,2.7968028
8417899,0.05144577
8418154,2.9145954
8418984,21.966316
8419475,0.09066783
8420343,41.517555
8420572,0.55037284
8420940,0.5106425
8420972,14.209447
8421416,0.023535747
8421564,0.3383266
8422085,34.667034
8423554,0.09706675
8423636,26.923758
8423666,27.758652
8424350,47.454975
8424572,2.2815146
8424577,0.1685759
8424694,0.35951844
8425058,4.2181573
8425177,0.13084653
8426309,0.092776254
8426521,0.093472645
8426584,57.46131
8426753,0.54129535
8426874,0.07293461
8427013,12.80876
8427400,51.328857
8427638,26.5062
8427707,0.0328002
8427735,0.12638268
8427772,0.08321167
8427997,0.5752353
8428220,35.164967
8428252,28.779444
8428577,0.19582656
8428777,0.09796476
8429515,0.073182896
8434813,0.056078184
8436188,4.6548204
8436762,0.09861897
8436843,0.25185716
8437111,0.015137273
8437115,21.035831
8437316,20.742918
8438760,9.608622
8438775,77.72245
8438801,3.6890788
8439595,4.6291246
8439758,35.082047
8440295,77.85797
8440352,58.2414
8440837,1.2157139
8440866,79.064674
8441574,10.944937
8441969,0.40641317
8442352,0.40796867
8442672,5.1224394
8442997,0.43761152
8443516,0.10602777
8443684,63.856934
8444040,3.9924595
8444115,39.32694
8444227,28.501871
8444555,56.583107
8444619,17.528606
8444730,1.5770304
8444863,0.23534754
8444940,36.72959
8445382,0.07705458
8445681,0.072250575
8445883,0.081954636
8446914,51.80428
8449994,0.13656192
8450523,44.03745
8453518,0.18086879
8454110,54.844444
8454754,48.635567
8455225,0.084910035
8455625,55.29601
8456014,0.09176107
8456220,0.1873171
8456805,62.728638
8456825,51.185192
8456902,0.13340199
8457294,22.339321
8458055,0.4485634
8458068,60.7629
8458125,0.13525942
8458505,14.376829
8458852,58.128162
8458966,35.290108
8459000,0.93672943
8459563,0.72968876
8459574,0.88845646
8459599,0.32634875
8459660,0.23422404
8459696,70.267685
8461476,31.311255
8463779,1.3275522
8466120,0.14360526
8467862,0.106581256
8468318,0.13163364
8468586,0.18123344
8468662,1.9577582
8468699,0.5413992
8468745,0.1557034
8468835,0.072114445
8469889,0.058846194
8470130,0.09017575
8470281,0.64323294
8470491,56.35736
8470559,0.36346477
8470974,8.624807
8471007,14.903272
8471061,0.08908685
8471063,2.4012275
8471233,0.14670882
8471906,0.1321415
8471927,5.665329
8472562,0.3713791
8472673,0.86739284
8472940,0.024673684
8472997,0.11622709
8473327,90.74475
8473353,0.03369108
8473374,14.808087
8473480,72.25978
8473484,0.7011452
8473571,89.42684
8473623,0.11140182
8473833,0.09990871
8474015,3.8189037
8474260,0.109276675
8474472,5.8731127
8474514,0.19947888
8474702,0.109461226
8475392,26.668137
8481680,0.075721495
8482165,0.056615055
8483296,1.8968493
8483688,0.079206705
8483768,60.592113
8484152,0.07132517
8485053,2.6767056
8485057,21.841288
8485529,0.20864043
8485554,76.06256
8485571,0.092173606
8485651,2.7654212
8485671,0.08075932
8486482,2.3948376
8486828,2.4154358
8486894,53.684486
8486946,0.11773851
8487176,1.8507869
8487297,0.08331021
8487664,47.019302
8487674,0.12278434
8487757,0.10333029
8487784,8.517749
8487822,23.246357
8488082,12.697081
8488097,0.086112544
8488273,23.229498
8488308,5.0984187
8488322,59.303986
8488834,1.7119706
8489022,0.21336356
8489308,0.1408541
8494012,0.29054642
8494234,23.391823
8496436,8.21454
8496467,0.106655404
8496632,60.515778
8497248,0.053219616
8497600,38.33528
8497869,2.0913453
8498379,1.059404
8498885,0.12708269
8498969,0.15392894
8499562,4.404457
8499719,52.075794
8500102,1.1501892
8500649,0.36322707
8500740,0.3442791
8500983,0.142484
8501279,0.065338515
8501323,48.528923
8501622,0.08709403
8501697,0.227016
8501750,1.6194308
8502567,0.085867636
8502915,0.13130018
8503064,0.06400988
8503360,0.06652959
8503830,10.881536
8504121,0.8119648
8504231,0.08989395
8504263,24.43434
8504271,0.11544788
8504708,34.2013
8504788,0.20446973
8504811,0.16144127
8504995,0.3564728
8505031,0.084157124
8505151,0.4401649
8505175,3.4347425
8505591,4.097154
8505785,1.3510355
8506013,0.38726726
8506035,5.5449796
8506125,42.356
8506167,0.084307835
8506284,18.449804
8506755,0.09615358
8506833,0.038293783
8506835,30.844305
8506855,0.08787739
8506867,0.15737271
8507768,13.153035
8508269,0.05863315
8511404,0.12429067
8513953,0.7228982
8514177,0.11362834
8514448,0.12443014
8514620,0.18874688
8515213,1.5484426
8515432,55.054302
8515886,2.0532346
8517554,3.7123253
8517887,0.097659945
8518186,0.29173166
8518214,2.2293231
8518280,4.9856234
8518359,0.18392625
8518364,0.03688147
8518657,51.312794
8518878,0.093541
8520094,78.697334
8520667,1.7848352
8520693,49.22425
8520836,0.17229556
8521188,2.2345624
8521666,54.494774
8521692,26.037268
8521720,41.452995
8521884,36.781197
8522062,50.18324
8522326,39.5467
8522395,41.757526
8522756,0.08091606
8522876,0.12147969
8522878,0.06294103
8522933,69.08952
8523014,0.18227442
8523027,41.537315
8523046,64.971664
8523065,12.911122
8523066,0.08971312
8524648,0.16372868
8526633,30.023108
8529957,3.4748204
8530825,2.0593772
8530858,0.23870382
8531691,4.45359
8531772,4.502817
8531976,0.08230578
8532354,0.76912963
8532520,0.18072948
8532599,4.2337103
8532763,67.92601
8532825,0.14413226
8532876,0.095917486
8532970,0.05726555
8533035,0.092251435
8534230,10.761541
8534400,0.30146986
8534893,54.84278
8535041,0.32482806
8535125,40.74306
8535332,0.118180834
8535338,0.07068388
8535694,0.13104317
8536589,4.4666915
8536676,4.6722746
8536829,0.14386342
8536911,3.5665975
8536955,0.108689785
8537400,0.07301973
8537628,33.671047
8539057,0.104418755
8539544,0.07087241
8539699,0.12703565
8540113,0.04524996
8540941,0.12104897
8541182,2.7596412
8547442,0.066968426
8547627,2.9864736
8548307,0.12564024
8548407,0.28590745
8548971,49.865383
8549106,49.82493
8550184,65.53407
8550380,0.15648632
8550516,10.876303
8550604,0.8432587
8550784,1.1141047
8550799,7.832315
8551446,67.3002
8552070,3.088456
8552516,0.5697273
8552616,0.019871753
8552838,22.75939
8553166,2.5901299
8553197,0.087962285
8553204,26.862543
8554567,54.22035
8555036,0.109757505
8555142,47.27765
8555231,79.09558
8555577,9.445566
8555721,25.952805
8555964,0.04878114
8556774,1.9693985
8556792,29.667416
8556794,13.001912
8557123,50.849136
8558283,2.8528266
8563290,0.02416123
8563603,0.098511584
8564412,0.025318224
8564500,0.0936013
8564804,0.15393806
8564983,0.23563056
8565339,6.7178574
8565340,0.08644952
8565548,25.599012
8566525,67.4537
8566780,10.091292
8567173,5.5691085
8567307,0.122706495
8567525,0.15178964
8567664,1.4657352
8567855,1.8938973
8568137,69.2292
8568363,0.06744854
8568624,0.06506045
8568841,2.966268
8569079,57.11605
8569212,0.09831494
8569951,66.1718
8572460,0.029472386
8574047,7.983594
8574120,26.271229
8574289,0.044805296
8576371,36.08737
8576948,16.469393
8577270,0.083843745
8578817,0.14071189
8579012,34.786537
8579476,0.060489513
8580273,0.094451174
8580467,32.879642
8580704,33.588715
8580746,70.569565
8580947,5.0300965
8581068,0.1308084
8581091,39.221912
8581264,0.24002874
8581716,18.664127
8581784,12.439676
8582163,65.46413
8582643,10.777313
8582756,0.19214603
8582762,0.096991494
8582786,50.060184
8582976,0.10667255
8583175,2.2122312
8584215,0.10782657
8588016,5.512725
8588141,0.12527683
8588357,7.027082
8589668,0.17467736
8589729,61.810814
8590198,7.2222366
8590275,0.04893266
8590822,1.1677649
8590851,0.071820244
8591707,0.07518433
8592122,1.571861
8592390,52.763866
8592411,24.25939
8592525,1.0937482
8592757,6.9189577
8593656,73.599724
8595036,46.221558
8595191,0.05100597
8595346,6.0288835
8595359,0.13134229
8595415,0.06616665
8595446,0.81657106
8595450,8.606487
8596015,2.7886004
8596666,1.7049938
8597003,0.6326908
8597141,32.815216
8597265,0.06572367
8597976,1.7433021
8600189,22.683172
8601145,56.44912
8603891,0.047473244
8604250,0.09108952
8605214,3.7513378
8607283,12.135777
8608243,17.721817
8608793,26.276585
8609467,0.11638651
8609750,0.18733898
8609779,85.413795
8610382,26.206121
8610516,0.12635325
8610571,0.11058904
8612715,7.925429
8612724,0.08730302
8612906,0.8428345
8613122,8.014453
8613175,64.51134
8613226,0.106626235
8613389,28.071201
8613920,0.073879026
8614204,0.34441453
8614388,57.77138
8614461,5.0569453
8614498,1.5920311
8614751,59.072094
8614884,0.13425262
8615187,0.7616328
8615333,0.14504421
8615647,0.23760839
8615671,6.3437014
8615821,22.29511
8615830,0.27164274
8616102,0.039014064
8616221,1.8038725
8616551,23.395964
8616888,28.057873
8618231,0.09274292
8619067,3.0561113
8619510,1.8782419
8620134,62.235435
8622301,69.40431
8622957,67.39417
8623370,51.84594
8623758,32.247177
8624118,0.1149354
8624833,31.66244
8625398,0.13890493
8625732,0.065545805
8625895,0.51752126
8627060,15.085146
8627394,0.19057888
8627432,0.17716758
8628042,0.18975064
8628425,27.64793
8629187,0.41994047
8630001,0.28579694
8630023,0.08264944
8630560,12.683105
8630599,76.61703
8631355,2.2862988
8631389,0.0630024
8631819,6.319951
8633243,31.980585
8634024,0.073006906
8634152,0.05509715
8634169,55.066414
8634189,64.35375
8634383,62.603455
8635191,13.907397
8635289,42.207527
8635291,3.9057095
8635320,0.15878537
8636057,36.07248
8636089,0.20561156
8636274,0.31145886
8636411,0.15312308
8636520,0.5125292
8642133,0.44859895
8642982,72.21816
8643939,0.09762712
8644070,7.5550866
8644087,0.057783674
8644654,4.7861857
8645664,0.06090153
8645816,15.275767
8647106,2.3477957
8647400,0.0581022
8648051,17.424465
8648134,0.1165606
8648254,0.23879671
8648479,0.60372376
8648668,0.11539376
8649087,1.520459
8649144,9.072113
8650177,11.0362835
8651132,0.36107004
8651260,0.07253937
8651580,0.10807955
8651786,1.8723816
8652372,0.119384564
8652556,73.21908
8652866,76.66462
8653072,40.251083
8653444,14.351198
8654577,0.062174372
8661533,0.15192088
8662610,0.09881817
8662997,58.31358
8663660,60.863667
8665047,4.050147
8665125,0.1402439
8665778,0.33450875
8666528,36.044167
8666705,0.096817866
8666925,0.05680778
8668115,3.8422341
8668241,0.04025052
8668928,0.15027656
8670025,0.051245384
8670231,0.13213111
8670765,1.7757223
8670966,0.14917055
8671752,0.6633226
8672280,10.139341
8673141,0.110610925
8674025,0.44769335
8674223,73.247894
8676240,0.090396054
8678768,19.625002
8680223,0.1110696
8680473,6.0512466
8680487,0.11855726
8680642,0.4176422
8680648,71.968765
8680649,0.08252636
8680891,1.0720894
8681076,1.5153395
8681616,0.812703
8682738,0.12057092
8683033,0.08193745
8683137,0.052949823
8683432,48.05817
8683482,0.11015384
8683783,2.4684567
8684042,5.192345
8684082,64.72429
8684124,0.62287223
8684292,0.07822992
8684600,0.6771278
8685857,0.055335574
8686167,2.192645
8686361,2.0623791
8686886,0.1142272
8687305,8.980708
8688095,0.3465957
8690394,0.25466448
8690657,4.5731525
8690821,0.0334361
8695381,25.974646
8696758,43.341732
8696961,2.325433
8697198,2.0047941
8697491,0.08356195
8697741,0.14847374
8697809,4.519544
8697936,7.175555
8698459,8.697515
8698673,0.06832173
8698963,0.2814711
8699229,0.2135705
8700748,52.518913
8700870,59.91986
8701055,60.23935
8701169,0.74850917
8701228,63.0193
8702075,53.537586
8702895,0.085519806
8702930,0.09633009
8703437,27.97459
8703671,1.832606
8704112,1.501382
8704235,0.085915685
8704348,44.060047
8704432,0.10171552
8704606,48.315773
8704666,48.807026
8704821,73.666336
8705505,0.6391033
8709326,0.052573483
8712309,19.897808
8712745,0.14467905
8714408,50.118534
8714485,68.77159
8714605,2.2380471
8714613,5.4025335
8715038,24.235739
8715361,0.14041403
8715508,16.05777
8716341,1.2746443
8716577,14.797262
8717373,0.1458698
8717698,0.098625764
8718032,13.732175
8718423,4.0550556
8718572,18.599184
8718819,4.5140142
8718970,64.46256
8719013,0.06120173
8719349,0.14050631
8719788,0.13843954
8719818,0.04860368
8719948,25.21813
8719984,0.29641047
8720234,43.79438
8720488,3.6204567
8720693,28.458979
8720865,2.0462866
8720930,0.044954687
8722224,0.06653307
8722376,0.044022635
8722731,11.269068
8722860,0.4334082
8723462,0.18805696
8727973,0.107749954
8728639,0.012128072
8729819,1.6829376
8729945,0.70778775
8729960,4.1647706
8730848,0.14663427
8731075,0.06548379
8731224,19.904045
8731653,0.1799272
8731667,4.835117
8731752,0.0835252
8732244,0.08368205
8734174,62.0919
8734846,0.039891616
8735320,0.047463603
8735399,12.247577
8735633,0.12449405
8736296,9.211705
8736788,0.4848054
8736827,0.34949034
8736934,0.08357194
8737487,1.4000895
8738451,44.910778
8738535,4.5507135
8738713,1.616675
8739034,16.302395
8739228,0.05586169
8739326,2.1431997
8739642,5.9905767
8739683,56.349842
8739868,0.0860502
8740079,0.12080105
8740154,50.783405
8740192,0.094027795
8740241,37.49992
8740344,0.4432028
8740576,1.0391232
8741049,0.070903584
8741124,25.51118
8741289,0.14511137
8741297,0.09815488
8741574,0.1972169
8741685,0.37383118
8741896,6.7489576
8742374,1.186267
8742520,60.05531
8742625,0.11247015
8743269,0.18119726
8743749,61.677937
8744299,0.010948542
8745126,45.064857
8749948,42.026115
8750161,23.940649
8750772,75.50301
8751747,0.67631245
8752471,27.78539
8753832,64.81226
8754186,0.393799
8754339,0.17079145
8754465,0.1461051
8754560,53.081837
8755259,28.154367
8755583,26.208105
8755870,0.04886914
8756017,0.13997374
8756139,2.97403
8756619,0.1292649
8756685,0.116968945
8757726,26.133429
8758146,5.025995
8758534,5.671064
8758954,7.079451
8760046,2.6042113
8760284,0.9398392
8760442,69.70778
8760489,0.12211832
8760775,0.058057588
8760844,44.48798
8761031,0.1515763
8761546,1.5906367
8761854,49.842876
8762004,0.15863831
8762135,3.209301
8763547,13.624743
8764232,0.037236363
8764617,1.5567732
8768800,0.14464931
8770660,1.6714319
8772268,0.2704079
8772365,54.756264
8772654,57.968697
8773391,4.4644256
8774175,19.168888
8775344,0.076310165
8775871,0.07664998
8776280,0.20106992
8776479,0.15955845
8777022,0.17357735
8777263,0.027342046
8777890,0.020150326
8778159,10.264214
8778487,7.129527
8779268,0.1422235
8779868,0.1348555
8780061,2.8355136
8780251,2.5967748
8780425,0.087648295
8781445,3.1246605
8781592,50.230965
8781736,1.595351
8781958,60.388744
8782030,0.09338026
8782407,0.11809323
8782437,0.11447662
8782605,0.07937882
8782697,3.8906531
8782984,1.4043312
8783094,0.12006152
8783194,0.025654545
8783445,0.9374712
8784461,37.32002
8784649,60.83777
8785114,0.09238119
8789273,0.1267336
8789310,0.050505064
8789372,41.888683
8790941,3.1580174
8791055,0.111099266
8791898,46.786884
8792086,0.97263145
8793503,56.40788
8793642,18.478153
8793683,0.03986879
8794495,0.12047502
8794911,54.56663
8794998,0.064141765
8795849,0.12609687
8795858,64.98564
8796283,74.98427
8796655,2.581057
8796876,1.6326501
8797080,0.42308444
8797385,0.082949124
8797770,0.40220985
8798227,5.955763
8798404,11.703455
8798499,3.013844
8798516,78.43084
8798556,0.2224559
8799166,6.7994065
8799384,66.1205
8799529,8.076921
8800203,17.218073
8800628,1.0374544
8800632,0.1370949
8801016,2.1556683
8801196,82.72245
8801963,12.146974
8802151,0.026261669
8807611,8.668756
8807842,0.075812325
8808301,29.482244
8808863,0.09690519
8808943,18.539066
8809054,0.1442021
8809420,0.4895293
8809578,0.1296393
8809716,0.13842711
8810710,0.10030856
8810937,56.017097
8811687,12.834514
8812030,0.052975625
8812167,0.043562077
8812730,55.620556
8813118,0.16113253
8813271,0.12066822
8813547,48.193172
8813968,0.30302185
8814304,0.06829493
8814574,9.607802
8814798,0.16640311
8815050,19.10275
8815099,12.522131
8815120,1.8669964
8815447,77.21375
8815477,0.12981269
8816030,2.8276448
8816070,40.67899
8816151,0.11333114
8816420,1.0839479
8816637,46.61535
8816672,0.09600122
8823897,13.811296
8823924,0.24397595
8824016,0.41027504
8824532,17.298853
8824747,0.08698851
8824809,1.3000958
8825458,44.199577
8826124,16.639174
8826129,0.08698665
8826658,2.6031523
8826833,14.08246
8827221,48.000694
8827402,66.84475
8828000,0.123561464
8828448,0.34081358
8828577,3.1744182
8828613,0.28348696
8829443,0.12907551
8829753,0.09463886
8830110,0.14712122
8830119,1.0882698
8830129,1.3221266
8830246,7.169567
8830394,29.85907
8830505,0.13086681
8830529,0.2109909
8830586,80.99794
8830690,0.033506267
8830952,1.4474701
8831553,15.831179
8831758,0.25225216
8831792,0.9912941
8831923,64.2934
8831935,0.038188547
8835781,3.1688771
8836180,55.457397
8837242,51.76998
8838513,0.090350956
8838861,0.12549864
8838932,66.93503
8839746,0.05610142
8839938,0.08112737
8840625,57.527454
8840745,59.263176
8840959,0.94855344
8841528,0.2732565
8842080,20.663534
8842185,0.07541109
8842667,0.09595843
8842793,0.12009903
8842889,35.338215
8843110,0.05115025
8844402,39.88728
8844652,0.06343728
8844825,38.964767
8845441,62.860695
8845851,0.054186422
8845951,1.9847257
8845982,1.5494349
8846634,0.07973309
8846781,2.442862
8847484,0.16922383
8847542,78.83172
8847577,2.3129325
8847665,11.943403
8847787,53.719402
8847885,0.24633744
8848090,32.93794
8848125,0.21071093
8848162,0.07653568
8848547,1.38315
8848794,0.76221573
8849386,0.48925528
8850025,0.056672644
8853511,0.18819393
8854748,0.15711802
8855166,10.594767
8855457,11.909334
8856687,0.07108097
8856741,46.50138
8857528,0.40651622
8857546,59.63977
8858698,0.8561697
8859006,5.5266104
8859710,0.08679642
8859802,1.2777859
8860277,8.303389
8860350,46.086296
8860450,70.877914
8860745,16.658627
8861464,0.018574731
8861568,0.78519285
8861719,0.07248436
8861981,0.04491631
8862793,0.086478695
8862995,9.113047
8863005,0.07833958
8863026,0.20411532
8863296,26.275467
8864003,1.5228528
8864229,6.281821
8864262,30.046413
8864404,0.101428926
8865338,0.07270737
8866066,0.679117
8866335,4.2667384
8866381,47.640697
8866826,31.03638
8867112,0.22002105
8867253,0.17114457
8867531,0.05825119
8867650,0.061798535
8867911,0.1872715
8868006,0.048447873
8868157,0.10573435
8868258,12.287357
8868429,0.0634377
8868525,63.71446
8868762,0.068491615
8869507,36.298023
8869660,0.07101749
8869702,0.6400631
8869871,4.463429
8870276,0.079769775
8870310,68.36976
8870422,3.9469419
8870472,3.7950032
8870789,0.07719155
8873479,57.256847
8877042,7.4117494
8878181,59.349804
8878282,0.072693326
8878544,19.136946
8878750,41.65444
8878976,0.25704184
8879282,77.22337
8879767,45.176773
8879913,0.15676576
8879975,1.0318543
8880173,69.43605
8880194,0.08959737
8880524,1.0789093
8881253,3.1551156
8881451,0.75942516
8881955,0.057611346
8882811,43.135197
8883032,0.06337921
8883074,0.09162701
8883269,57.47162
8884228,80.32689
8885968,60.26582
8886036,2.2012951
8886421,0.10839727
8886624,0.12447846
8886732,11.423851
8886850,61.771446
8886910,0.090368494
8887525,1.3653578
8887660,10.540682
8887748,2.82791
8887908,44.982765
8888082,0.25665024
8888084,0.07992788
8888093,8.906254
8888481,0.111058556
8889858,1.3207018
8892174,0.08428285
8894114,1.9249856
8894773,77.46048
8895019,8.865207
8896759,3.5277467
8897607,0.0443759
8897775,0.07083096
8898050,1.1218307
8898742,1.1619028
8899476,90.77249
8899565,41.844757
8900062,63.22998
8900093,0.18734436
8900200,0.07792456
8900997,1.5396094
8901469,65.904686
8901538,17.5126
8901901,0.13711053
8902042,0.05450983
8902110,21.16891
8902172,0.09134495
8902181,0.052854132
8902347,1.8966844
8902420,0.6503149
8902804,15.12587
8903056,0.07778476
8903395,0.15668586
8903721,1.1859922
8903837,2.2576032
8903855,0.1086452
8903943,0.30650577
8903952,6.192647
8904076,2.1154008
8904160,6.933895
8904224,0.07870779
8904488,3.5093822
8904563,0.38078204
8904662,0.08845921
8905011,48.82325
8905176,0.014909588
8905345,3.5734763
8905609,0.10915391
8905651,17.816257
8906054,42.306633
8906176,6.3285394
8906260,26.390558
8906379,44.084393
8906489,0.040390167
8906532,1.5720055
8906620,0.24730973
8906712,0.07973044
8906797,64.59637
8907184,86.95509
8907362,0.5456499
8907476,23.470482
8907580,5.4188395
8907592,19.53205
8907598,0.16575357
8907756,1.5931746
8907844,2.1085744
8907901,61.976707
8908518,3.2877305
8908636,13.199283
8908653,58.154503
8913478,0.21270554
8913672,5.788036
8914876,0.11712366
8915071,18.744555
8915191,14.177435
8915295,0.31445155
8915836,0.06304218
8916000,1.512572
8916480,0.15792212
8916960,30.583477
8917603,0.08577958
8918151,24.98106
8918177,28.026165
8919326,0.007818431
8920490,6.206441
8920714,0.0626799
8920794,3.4174473
8920977,0.06709545
8920988,0.058492057
8921687,6.604598
8922585,2.440757
8923020,53.092255
8923833,0.037660062
8924504,67.868996
8924552,0.1278952
8924606,33.44824
8924638,25.334545
8924919,0.008620755
8924966,40.055405
8925006,30.601078
8925082,0.14950237
8925214,0.28610548
8925581,0.21999848
8925628,0.21802743
8925866,17.27614
8931189,10.118091
8931436,1.2388034
8931562,0.04747393
8931828,0.06946027
8931888,2.0169039
8933153,21.215847
8933384,0.055216752
8933398,0.5367674
8933503,4.8526244
8933629,10.040598
8933743,0.045449033
8935053,0.0049930857
8935067,0.08340982
8935326,4.4577494
8935527,1.4642454
8935622,0.30105686
8935628,14.280996
8936266,5.79716
8936511,18.289555
8937186,0.14461054
8938501,17.902569
8938831,0.053732775
8939341,14.3797
8939409,58.624878
8940683,17.967085
8940709,67.98416
8941082,7.3513803
8941366,53.96223
8941980,0.26190168
8942272,0.10959189
8942467,69.43819
8942502,0.18184137
8942536,0.42915282
8942654,57.519005
8947588,7.3216033
8947796,41.313507
8949503,0.07803509
8949622,0.008966023
8949763,29.905905
8950419,28.747686
8950507,19.979116
8950589,0.058582984
8951081,0.2756382
8951258,0.04022317
8951319,0.18118072
8951480,0.17957509
8951763,23.210278
8952044,2.9094453
8952956,0.99158514
8953066,0.17984399
8953104,63.62039
8953404,54.53294
8953570,0.07497735
8954037,66.18004
8954990,0.33294794
8955133,0.103928186
8955194,0.08704435
8955543,4.7994957
8955558,5.2765265
8955695,7.6041474
8955750,67.82196
8955886,60.316124
8956039,0.89952815
8956253,29.854395
8956471,0.1818415
8956759,6.6887345
8957008,0.20354545
8957012,72.79009
8957139,0.056283325
8957189,0.08178475
8957301,63.70536
8963270,3.0981407
8963331,0.15157065
8963532,0.08878951
8963690,34.29932
8963758,0.12497163
8964008,6.035945
8964740,0.074441396
8965178,3.0488703
8965303,0.36560956
8966074,0.19183788
8966080,19.335148
8966368,4.125292
8966499,0.031762555
8966576,0.052809287
8966869,21.731628
8967170,1.1128247
8967396,1.4297512
8968741,39.53358
8968789,46.670723
8968898,17.866665
8969047,1.2515907
8969658,0.11111064
8969760,0.98616
8969877,0.21198897
8970248,23.68107
8970652,1.080417
8971606,47.135906
8971670,0.023793228
8972196,15.142062
8972219,6.606056
8972290,0.14389864
8972353,47.71291
8972382,0.11680138
8972426,64.62174
8972453,0.101350024
8972540,0.4167642
8972908,26.204899
8972977,0.056196325
8972994,0.06502606
8973075,39.291824
8973092,22.512947
8973106,0.06705282
8973131,0.09274643
8973138,18.411507
8973222,0.11264604
8973682,0.17514151
8974365,0.124582805
8975201,66.85602
8975583,0.116081
8979762,46.12636
8979852,27.134161
8980708,2.4341238
8981725,0.07526836
8981866,0.37093252
8982166,70.74797
8983353,52.372326
8983609,13.205336
8983870,25.435102
8984777,21.637375
8984863,0.107653156
8985316,11.854884
8985856,0.94460535
8986308,0.059229672
8986585,73.93404
8986634,0.06419296
8986821,0.063876644
8987250,11.804155
8987419,0.28016284
8987462,30.91658
8987930,0.05141784
8988451,31.178173
8988495,0.3180384
8988707,0.03867451
8989205,77.521805
8989235,0.022509877
8989320,78.647484
8989333,50.69934
8989380,22.794933
8989544,0.28088552
8990063,0.14054514
8990100,0.095935434
8990368,0.13788058
8990630,0.21366969
8991157,0.10751413
8991521,0.13933195
8991767,83.004616
8992224,0.08476578
8992423,0.080564596
8992859,81.03506
8992881,1.237012
8992894,12.415941
8992905,77.33247
8993290,0.20319983
8993313,3.470359
8993757,0.08609116
8993871,52.39464
8993887,65.772354
8993901,1.4012303
8994025,6.431835
8994197,0.08719622
8994220,2.4548602
8994363,29.379822
8994480,0.04555727
8994529,20.764553
8994904,0.072979346
8994917,19.599401
8994928,9.163487
8995119,9.370237
8995120,0.14935043
8995279,0.98441666
8996181,0.012685426
8996204,0.06689635
8999205,64.88576
9001999,0.086914234
9002096,0.0732726
9002524,45.92931
9002703,0.11416237
9004652,0.15503219
9004661,4.6917267
9004664,39.6633
9004813,0.39315742
9004948,34.22512
9005771,0.092409395
9006032,0.07858606
9006090,0.23622207
9006204,0.05755521
9006249,0.13449012
9006557,1.4435118
9006703,0.11468439
9006818,0.21528736
9006873,0.22262104
9006942,29.678705
9007043,0.07330168
9007095,11.19988
9007249,0.12910779
9010023,0.078562275
9010371,55.429443
9010379,0.050048254
9010431,7.114773
9011614,0.12178429
9012130,0.2198848
9012169,0.034865387
9012173,7.7519326
9012470,39.211933
9012540,0.06637799
9012814,0.055511255
9012913,4.382831
9013350,0.885677
9013904,0.9956938
9014166,0.15335436
9014320,0.3619147
9014352,2.889463
9016178,1.8881725
9016650,84.386154
9018851,0.153902
9019702,0.03972967
9019941,0.47053042
9020184,55.731697
9021572,59.671104
9021755,0.054730028
9021829,13.388003
9022047,0.07868341
9022118,5.4758615
9022318,1.4660705
9022797,0.25980526
9022864,60.950256
9023240,0.5919951
9023423,3.700055
9024500,0.1253558
9025101,0.03732068
9025154,0.12056973
9025218,1.2171392
9025310,15.791414
9025379,1.6908051
9025887,0.05224322
9026157,0.10541971
9026203,48.483013
9026860,0.57361007
9027109,6.5714965
9027283,14.666328
9028105,0.17569482
9028493,22.048954
9028599,0.22346517
9028856,52.83451
9028916,4.212893
9029138,0.3883284
9029289,28.087454
9029345,0.08317625
9029469,0.08501037
9029740,27.059483
9030345,15.106128
9030678,0.077132314
9030684,0.15901065
9030997,63.16317
9031081,61.10597
9031172,21.573019
9031189,5.860932
9031216,0.2639329
9031272,33.744377
9031411,0.019538838
9031847,3.689977
9032243,0.123970285
9033218,2.5312934
9033229,42.808037
9034645,61.935387
9035181,0.15918575
9039236,0.06554785
9039548,1.906749
9039772,0.068271026
9040796,0.089831814
9041068,78.5717
9041410,0.1531186
9042110,0.07746972
9042177,21.948648
9042594,0.16478601
9043628,57.83019
9044466,22.92135
9044642,2.241548
9045358,6.4481673
9045655,42.575817
9045818,73.47127
9045876,54.239788
9046203,68.31114
9046274,0.13151906
9046808,0.08360744
9048374,16.82864
9048434,11.512852
9048630,7.936948
9048729,0.056536756
9048963,0.05932207
9049013,0.038102172
9049505,0.08107758
9049607,0.12975109
9049656,0.14277357
9049810,0.15654887
9050105,66.89235
9050144,0.05971129
9050373,39.134754
9050388,2.0701666
9050443,0.06904231
9050672,0.104669094
9051248,18.970499
9051314,0.25034913
9051442,75.67978
9054109,4.3546476
9056113,0.10465287
9056282,0.51315075
9056804,0.04613702
9056858,3.916144
9057395,0.11834303
9057937,0.27779633
9058111,54.655876
9058258,0.06815453
9058854,8.958303
9059314,5.054057
9059418,19.649656
9059783,52.41609
9059854,22.77089
9059931,26.310822
9060062,1.1019334
9060448,63.241405
9060925,5.349997
9061117,0.0976348
9061145,6.0489106
9061331,24.928339
9061821,0.22628541
9061899,5.4593015
9062929,45.586372
9063028,0.0776406
9063266,3.7857308
9063304,0.12330081
9063376,0.10952745
9063523,4.002084
9063972,0.16002172
9064211,0.18158673
9064394,37.983727
9064723,49.90499
9064820,4.745102
9065219,5.018522
9065474,0.1011401
9065665,1.660256
9066198,5.562604
9066654,0.08848043
9066788,0.32002395
9071813,0.106621504
9072538,0.27635142
9072759,0.096193776
9073438,45.50026
9073600,0.13875625
9073987,1.8177742
9074530,6.7780433
9074702,6.5800376
9074963,0.10698249
9075249,0.17303385
9075398,0.064201936
9076464,0.20955925
9077315,0.40380388
9077548,0.057284385
9077610,0.417976
9077858,2.957568
9078183,3.5451303
9078187,83.99487
9078339,0.2484779
9078340,20.630993
9078357,0.62163174
9078632,79.46281
9078739,61.771355
9079330,0.09261312
9079807,0.049930334
9079871,68.15768
9080467,0.09780406
9080886,0.12463914
9081009,0.45436493
9081032,3.3329437
9083471,0.07053976
9085154,20.155552
9085598,0.19653127
9086629,0.10073988
9087160,1.0143374
9087285,0.14392793
9087566,4.3281465
9087923,0.099225484
9088278,34.54235
9088331,0.059449904
9088444,0.57420665
9088480,0.09404252
9089397,0.1112685
9089732,6.1933646
9090606,0.061232515
9091714,40.09883
9092024,0.110253945
9092331,0.5426084
9092845,25.070744
9093032,0.057002854
9093168,0.27456862
9093261,0.09898015
9093446,0.05715371
9094134,0.13644657
9094496,0.7098879
9094789,0.02780942
9095053,0.20928364
9095086,4.239949
9095319,31.090656
9095433,0.12926188
9095482,11.742884
9096327,0.055410504
9096381,47.052113
9096383,1.9386728
9096535,0.6314362
9096938,1.0233775
9097056,13.121091
9098234,6.886828
9098690,0.09221329
9103692,0.3796677
9104108,0.12820762
9104954,0.23887351
9105518,4.234984
9105853,0.06648429
9106568,33.60018
9106735,3.2092862
9106751,0.011471225
9107046,0.06451158
9107062,0.43986407
9107118,0.071495436
9107261,20.501905
9107450,0.11014829
9107681,0.109695174
9107772,16.810404
9107788,1.3328555
9108110,0.08317504
9108196,53.876514
9108295,0.13741708
9108419,23.670734
9109215,0.10015454
9109385,34.84637
9109675,0.06363073
9110135,52.061512
9110810,0.1360799
9110811,20.777912
9111254,1.8146772
9111266,0.34152195
9111561,0.06120848
9112024,0.066882096
9112676,26.176764
9112776,0.09332728
9113032,72.2794
9113404,1.2673662
9113414,38.93223
9113702,0.08147294
9114234,0.1108616
9114309,17.89349
9114773,0.37993878
9115627,21.132418
9115635,0.19089982
9116203,77.0919
9116479,0.10451436
9116850,0.1281573
9116868,25.13332
9116914,0.13779682
9118355,26.578238
9118545,31.317493
9118958,4.4047346
9119254,0.50888
9120050,0.08345949
9121555,13.887459
9121896,10.298167
9124500,3.7597497
9125631,0.15892985
9125862,0.10739615
9125932,9.254791
9127698,0.119507656
9127871,0.122975886
9128491,1.094923
9128606,0.102718726
9128798,0.058327675
9128987,0.096116155
9129016,34.362988
9129357,73.22021
9129381,0.7144393
9129491,0.10898652
9129846,44.585903
9130235,0.5362808
9130275,74.66958
9130519,7.3757844
9130634,76.6626
9130824,30.80373
9131682,3.424038
9131802,4.448425
9132442,0.12226516
9132449,7.264468
9132614,2.2246022
9132648,2.7310598
9132731,1.1938202
9132956,0.1211215
9133116,0.11581938
9133129,30.421234
9133818,54.218506
9134939,1.0619276
9135080,52.237694
9135633,0.13451846
9135888,0.053288806
9135895,3.010166
9136206,0.14044416
9136814,4.85029
9137140,1.7822889
9137149,0.13511524
9137365,86.92509
9137480,4.1582584
9137533,15.0260105
9137941,0.08210848
9138246,88.82567
9138319,0.15949383
9138452,10.014151
9138932,9.514658
9139174,62.895454
9139495,0.085422516
9143104,0.06479992
9144999,0.032071877
9145070,78.402565
9146583,4.2368383
9146709,0.087069124
9147250,0.04248985
9147288,0.15150845
9147335,1.5443352
9147431,45.174656
9147463,0.055783283
9147557,0.11896642
9148123,1.1507512
9148471,0.28237304
9148647,1.2367487
9149182,0.11251308
9149435,0.09157574
9149797,2.9636228
9150194,23.011316
9150647,1.0208534
9150710,0.06657981
9151490,0.12925304
9151677,0.10238608
9152795,68.4023
9152840,0.06706092
9152932,0.08061723
9152965,0.16250029
9153075,0.08266954
9153235,0.62151283
9153695,0.079532966
9154045,18.775318
9154773,0.22284532
9155119,6.6152267
9155206,22.50144
9155212,6.3951607
9155404,0.30815005
9155496,0.10705198
9155704,81.71694
9156011,54.223804
9156095,1.723677
9156108,0.24659586
9156331,0.1338115
9156577,58.697365
9156650,0.18811986
9156676,56.91278
9156678,4.800487
9157402,0.28546792
9157483,0.08915942
9157504,0.14164202
9157604,14.512651
9162161,0.24429551
9163561,4.5918674
9164247,0.97727525
9164770,0.073017664
9165191,2.0478232
9165244,58.778587
9165670,0.14075804
9166211,0.12825643
9166769,19.627851
9167308,0.14953318
9167798,0.7666574
9167936,54.894054
9168009,0.9476048
9168813,2.8838463
9168954,0.6173682
9169181,0.07853754
9170129,59.252857
9170584,8.5756855
9171140,0.09203918
9171302,0.5968763
9172067,0.9794952
9172192,76.6512
9172277,0.13745472
9172421,0.23862453
9172470,0.018357508
9172493,0.42770877
9172576,0.16026708
9173096,29.855108
9173352,0.29359657
9173925,47.208717
9174180,0.117832854
9174208,28.998707
9176859,61.429848
9177858,18.302809
9179751,0.10638132
9180626,0.07643483
9180770,0.068313256
9181301,0.25009593
9181506,0.269862
9182008,21.602797
9182754,28.960093
9183045,0.18448661
9183276,10.618574
9184124,57.56891
9184855,29.644934
9185291,0.051038694
9185416,0.06187722
9185696,22.111109
9185806,0.10278888
9186341,0.81446934
9186662,0.13865957
9186862,36.23085
9187622,3.0508406
9187924,0.034259204
9189339,2.15683
9189459,0.074867986
9189521,0.6018773
9189745,1.6873925
9191908,0.09404796
9193390,0.095408306
9193975,0.19022258
9194620,2.646772
9195534,0.07445524
9195601,0.07771972
9195901,3.1481063
9196017,3.3435988
9196297,59.77247
9196408,1.0526674
9196539,34.41848
9196915,0.68019813
9197311,0.13614175
9197433,1.5803721
9197573,22.492727
9197704,15.1493025
9199020,13.745236
9199104,0.10388923
9199185,61.528473
9200387,7.557292
9200880,5.276328
9201458,0.119437635
9201989,0.10636196
9202257,4.5162725
9206211,0.07458869
9207023,0.08197727
9207049,41.582684
9208071,40.566784
9208531,0.10217321
9209464,0.05068498
9210071,0.04021715
9211534,0.09129028
9211585,0.019894699
9211719,0.095507145
9212890,0.0446954
9212994,0.04423542
9213448,37.764954
9213504,65.83418
9214901,0.1292679
9215155,3.8681622
9215400,6.459901
9215423,0.029275278
9215618,2.2308388
9216366,0.12463613
9216519,1.5062429
9216815,7.7880363
9216865,70.43097
9217460,4.289054
9217571,0.14418556
9217688,0.02971374
9217770,0.077225775
9217797,12.451268
9217837,4.582407
9218051,0.0809737
9218655,14.653819
9218728,0.082605496
9218745,0.10962431
9219049,36.524944
9219127,0.08027357
9219472,68.101524
9219569,37.229755
9219616,0.5374025
9224907,2.554552
9225536,0.11179195
9226737,0.15700719
9228310,4.0823708
9229199,77.379715
9229730,0.036130656
9229896,34.136387
9230690,0.12774798
9230698,1.3653779
9230864,73.13434
9231083,6.4326262
9231455,0.06968357
9231618,0.1884252
9231653,6.9579964
9232087,0.209035
9232242,0.09723748
9232501,6.994455
9232724,0.20802625
9233130,16.12064
9233613,0.25442678
9233636,53.79471
9234256,1.0937425
9234415,3.5888703
9234429,0.8340424
9235166,1.4105316
9235946,20.139023
9235960,0.039725278
9236078,50.884132
9236305,17.493906
9236394,62.672535
9236852,0.056180757
9237147,5.740775
9237709,0.03874468
9237725,0.10523856
9237857,1.2302006
9238046,3.5087237
9238061,0.25724462
9238295,0.1488724
9238507,4.217946
9238560,35.535843
9239068,7.7289476
9239250,31.33604
9239252,0.0862994
9239268,0.18664794
9239436,0.17047136
9239583,23.093962
9239637,9.802271
9239679,8.874198
9239738,0.13374114
9240025,11.52269
9240138,0.8304616
9240499,0.09967324
9240615,23.859379
9240659,3.4286187
9240784,14.375964
9240833,0.08196558
9240869,0.20198035
9241147,63.862396
9242243,0.11029061
9247750,21.365498
9248049,64.87412
9248163,0.04419111
9248222,0.01768514
9248558,0.7498237
9248934,0.35655648
9249597,4.110114
9249776,0.09154557
9250212,3.7296538
9250241,0.17718773
9250340,0.089601085
9250348,0.029755961
9250374,2.4928467
9250470,55.85329
9250644,0.07861022
9250731,7.413977
9250895,62.405895
9251298,4.111176
9252156,0.38998002
9252257,0.014225054
9252443,2.547015
9252484,0.13867196
9252835,52.597878
9253282,6.666851
9253505,0.0837995
9253638,10.591499
9254332,35.424347
9254533,75.64668
9255115,0.24437805
9255297,0.08065056
9255470,0.12113981
9256323,10.38232
9257315,0.20706029
9257904,60.475445
9258236,33.931023
9259254,0.10753689
9260328,0.06739955
9260587,26.78623
9260911,71.00863
9261392,66.43038
9261610,44.979847
9263535,1.0781996
9265785,0.6850507
9267641,1.0573461
9268702,0.115092896
9269126,13.37206
9269191,61.111908
9270006,0.26185134
9270122,1.1582358
9270176,0.04811543
9271322,23.30226
9271567,7.912678
9271742,68.7974
9272841,0.12533262
9273010,10.118517
9273345,26.029346
9273903,31.159649
9274832,0.096855424
9274960,0.07017682
9275691,23.749344
9275885,2.4263177
9275941,0.8183104
9276535,0.075451955
9276587,0.9902285
9276877,0.093764916
9277581,2.1670456
9277635,30.26054
9278568,0.0987871
9278723,25.492535
9278786,0.102524444
9279054,0.18337497
9279146,0.24549103
9279308,31.183832
9279343,50.380524
9280117,0.13153917
9280184,8.318621
9280474,0.05658456
9280667,0.11968353
9280872,63.19239
9281146,0.16510159
9281201,35.19532
9281881,0.17159486
9281947,56.538628
9281978,3.2814877
9282008,0.08681476
9282368,1.3047202
9282437,0.089638636
9282443,4.5019884
9282692,33.322857
9282872,11.316529
9283228,0.018724106
9283561,0.15721759
9288358,5.8715725
9288652,1.5170197
9288977,0.44873852
9289352,0.29592353
9289871,0.11274314
9291285,0.14634056
9291537,0.049845103
9291870,0.09421191
9291998,13.832136
9292183,0.10693226
9292449,11.850768
9293319,0.05812002
9293571,11.889457
9294074,1.4516481
9294257,0.07575746
9294446,0.18000546
9294872,0.113252625
9295261,0.05670755
9295345,1.2458862
9295725,15.7323475
9295846,0.97133017
9296089,0.11135666
9296132,86.93468
9296598,0.068014964
9296742,0.060828477
9296744,14.765757
9297237,0.10478507
9297603,0.07623998
9298319,61.544994
9298426,4.704252
9298746,0.15210785
9298802,0.052127063
9298825,3.2778237
9298992,0.33408138
9299035,0.15158191
9299042,0.06172357
9299164,1.9229367
9299210,3.2928977
9299256,0.114002205
9299672,54.084526
9299921,0.13887428
9300033,0.13807568
9300478,0.19034082
9300634,0.080937214
9300701,4.401368
9300714,40.497715
9301402,0.14930716
9301562,0.091185555
9301647,0.24478512
9301755,0.081868924
9301784,0.080868736
9302048,0.10249207
9302654,0.09301188
9302921,52.655968
9303376,0.037364244
9307115,0.81672096
9308016,0.22286236
9308944,0.24502547
9309301,33.537933
9309328,0.7774692
9310119,3.383484
9310252,41.712837
9310518,29.167715
9310777,32.939716
9310896,0.41877383
9310923,5.000142
9310939,11.83903
9310972,0.006642057
9311032,0.057222962
9311348,0.73403394
9312164,0.050070863
9313792,12.1263485
9314004,0.7563256
9314036,1.3945961
9314474,86.10038
9314873,0.10103766
9315152,1.0240407
9315478,0.3364807
9315559,70.88765
9315567,28.148962
9316006,0.07369039
9316033,0.06651804
9316060,0.119442604
9316086,0.08395637
9316143,0.17998621
9316287,0.109084986
9316305,56.76247
9316815,0.24839444
9317303,0.8358917
9317573,0.13923368
9317622,56.288128
9317907,0.10834168
9318239,0.6105274
9319328,0.53805345
9319569,40.186012
9319688,0.5271104
9320053,0.064543866
9322463,1.9348627
9322949,1.8402786
9323310,0.34070134
9324448,22.254286
9324521,43.892563
9325853,0.08788352
9325887,0.027100682
9326851,10.019284
9326969,0.10323592
9327507,33.92327
9328355,53.4204
9328396,76.78613
9328481,0.8776501
9328578,33.286537
9328896,60.558186
9329170,11.813299
9329425,2.2941604
9329658,0.052734155
9330231,0.08694156
9330321,34.620186
9330440,2.5703275
9330813,0.26401892
9330884,0.58389974
9331214,1.8259233
9331257,38.383373
9331413,3.1141264
9331444,0.090228334
9331520,76.55125
9331558,0.44641876
9332396,0.12117882
9332872,59.230694
9333039,10.201712
9333310,0.4283832
9333364,28.922901
9333433,0.034404084
9333460,15.525966
9333533,5.3183355
9333739,0.2334651
9333862,1.405526
9334192,0.09081651
9334228,2.2002945
9334365,0.11074929
9334427,7.6204805
9339092,9.087524
9339253,2.439623
9339308,34.045322
9339334,16.323732
9339373,20.95481
9340975,3.3699405
9341196,0.12650762
9341252,8.50346
9342019,52.143097
9342263,26.871426
9343759,0.16998813
9343896,0.08857052
9344000,25.70906
9344016,0.13628581
9344626,0.12595601
9345523,0.09598707
9346357,0.029705634
9346456,0.10193171
9346752,64.88211
9346899,0.08281572
9347278,1.1610172
9347368,1.194356
9347422,0.1764965
9347752,0.37096602
9347803,0.19419202
9347830,0.033689085
9348249,0.12032666
9348389,24.236576
9348923,41.654064
9349116,0.13345599
9349221,32.804386
9349483,0.10759729
9349542,0.019450556
9349755,72.469734
9349866,0.07096308
9349949,4.4260693
9349950,34.177788
9350060,61.214733
9350103,0.058185864
9350125,0.91960937
9350164,3.7637043
9350295,24.1236
9350729,6.004921
9350889,0.094415605
9351006,54.13039
9351013,6.6778817
9351036,25.374308
9351769,0.040065758
9352684,0.045644514
9352791,9.462438
9358718,0.076907724
9359064,14.9481535
9359438,37.520344
9359827,0.18109381
9359933,0.45967942
9360072,0.092327714
9360968,58.691322
9361107,67.36323
9362100,0.4132
9362269,35.849243
9362280,64.89191
9362315,0.119539484
9362344,64.75235
9362388,41.00843
9362527,0.09952138
9362648,0.12649114
9363046,0.09616305
9363340,0.07470094
9363344,0.09072413
9363417,9.476793
9363741,0.0717434
9363749,4.2406096
9363823,1.0748736
9363970,0.3509577
9364043,0.13078068
9364096,4.5726104
9364257,0.16671836
9364352,0.0672238
9365025,0.019819003
9365259,0.07829361
9365581,83.44554
9365929,0.06648111
9366483,0.12144532
9366680,1.6294043
9367054,8.172715
9367337,51.697838
9367472,1.8799334
9367562,0.26319298
9367571,10.910227
9367923,0.20402089
9368365,0.1363549
9368377,2.6038158
9368845,0.029927012
9368969,0.38661987
9369032,0.14205554
9369087,0.14498794
9369116,74.88283
9369127,6.774648
9369514,3.1973133
9369699,0.07029387
9369705,0.2089931
9370059,0.19930556
9370370,72.39462
9370382,35.630295
9370403,1.4659401
9370501,0.31501082
9370513,18.078663
9370896,18.621162
9371009,4.117045
9371045,0.0839646
9371138,0.05251602
9371163,67.023796
9371171,54.64616
9371173,0.09001305
9371349,0.17816761
9371362,1.9439119
9371645,0.060303897
9372147,0.65521413
9372158,0.12770417
9372527,1.5929135
9372859,5.6995497
9372941,7.663643
9373011,0.4974411
9373100,16.85202
9373167,3.3118522
9373919,0.10959758
9374060,2.6478715
9374169,0.065313205
9378184,63.161224
9378785,0.16920325
9380291,9.974952
9380429,0.107771076
9380912,0.5774344
9381224,10.502858
9381259,48.22267
9381315,0.10532428
9381697,3.5136986
9381790,0.08761399
9382195,12.260435
9382321,0.029773384
9382719,57.525444
9383044,0.124763295
9383071,0.68965536
9383634,18.30963
9384231,0.07057652
9385566,0.08752066
9385743,0.16617781
9385790,3.3943458
9386602,0.084667906
9386675,0.074326105
9386678,24.94261
9387165,0.098275624
9387349,0.062081624
9387437,43.41201
9387631,0.15606508
9387676,53.723927
9387913,26.485546
9387914,1.2188284
9388254,69.72533
9388397,0.07431513
9389037,2.5657613
9389575,22.201252
9389620,18.138546
9389656,0.31969205
9389827,45.404823
9389977,0.14547764
9390033,0.6983547
9390061,27.654491
9390084,0.08665168
9390885,0.121783294
9390925,0.17128602
9391149,25.892643
9391333,67.5411
9391509,67.25738
9391567,0.13737373
9391829,0.9336978
9392048,17.925673
9392095,60.526386
9392315,10.533902
9392466,53.62139
9393005,0.1372138
9393322,71.23487
9393343,0.85150707
9393417,0.0628132
9393674,77.28319
9393783,1.3861576
9393873,6.0433435
9393884,1.5024972
9393966,6.497752
9394477,5.7200136
9394510,0.071432546
9394565,0.038402423
9394635,15.257111
9395060,0.068133794
9396442,32.645645
9398776,8.138388
9400975,3.446362
9401166,1.3493154
9401453,0.5018488
9401896,51.504047
9401974,16.573484
9402649,0.119873844
9402760,70.24425
9402952,50.257885
9403351,0.08433996
9403419,0.1433045
9403626,78.8949
9403766,0.27031654
9403872,1.0916327
9404123,88.88945
9404455,49.142017
9404707,28.21376
9404709,30.356754
9404985,69.589035
9405150,0.070694365
9405162,0.95997083
9405488,57.10549
9406234,0.113445
9406699,79.22829
9407912,34.794853
9408107,0.15950885
9408178,0.07642206
9408218,76.16142
9408391,0.094080105
9408494,4.939124
9409245,1.9009593
9409367,71.86189
9409457,64.269394
9409873,0.6667167
9410042,3.4244618
9410510,57.87577
9410527,0.27011248
9410846,69.077675
9411126,62.85017
9411379,1.5793773
9411743,29.194391
9411914,0.07578651
9412082,0.078961
9412351,0.49697176
9412375,4.059686
9412522,20.518429
9412617,5.650501
9412652,0.2674158
9412891,0.23456371
9412913,0.14085785
9413287,0.08690596
9413386,0.20731263
9413501,0.15327711
9413603,57.980278
9413642,0.034313433
9413779,18.8194
9413794,66.83623
9413809,10.279658
9413861,2.5057101
9414019,26.125347
9414036,0.041321885
9414237,0.08941265
9414521,0.11076617
9414929,1.4419787
9415125,0.2027696
9415426,12.6516905
9415450,3.2971184
9415577,32.62371
9415661,0.08849174
9415828,8.117247
9416000,1.6278555
9416039,0.14623024
9416084,0.7251554
9416198,79.66108
9416560,2.5767505
9416852,0.083056375
9421542,0.09104719
9422196,0.546486
9422273,0.7699209
9422331,0.07953872
9422915,63.17334
9423397,55.898937
9424118,65.24454
9424217,0.12628356
9424314,30.016851
9425074,5.103976
9425835,3.2526722
9425847,64.939926
9426095,3.1072578
9426345,5.049618
9426418,0.13634267
9426526,2.523283
9426612,57.81709
9426786,10.881166
9427101,0.17963885
9427341,20.96716
9427418,0.072218
9428609,19.056705
9428684,2.3814292
9428696,5.911145
9429015,45.338173
9429038,81.51366
9429451,0.15896861
9429554,0.8419382
9429658,0.21928672
9429855,3.551537
9430133,0.17034605
9430326,0.040762477
9430623,0.032807026
9430740,3.238707
9431085,76.34747
9431369,71.5376
9431865,0.16678588
9431992,32.70174
9432750,5.080649
9433234,34.480938
9433334,3.3430462
9433824,0.7361969
9434105,70.51206
9434213,67.5764
9434495,49.75878
9434513,51.97776
9434781,0.13540658
9434801,38.66396
9435148,1.2356541
9435234,3.0222096
9435462,1.6115315
9435568,57.82445
9436038,1.5965974
9436315,0.3590878
9436559,0.24010563
9436650,0.104960404
9436968,0.06017854
9437085,0.095426664
9441186,65.80011
9443463,2.8087287
9443647,0.08081226
9443733,0.4081017
9444300,2.0608642
9444819,0.105200805
9444997,23.85763
9445501,2.8395112
9445652,38.364002
9445687,2.203612
9445757,76.934326
9445766,84.481995
9445789,1.6780239
9446298,0.81465787
9447019,12.774385
9447137,0.20386226
9447198,0.11358956
9447274,0.2138836
9447707,0.19593471
9447954,2.256876
9448029,2.2971153
9448135,78.85397
9448279,0.19337782
9448558,0.22118402
9448978,20.149263
9449002,0.5356381
9449323,11.191266
9449361,0.07770033
9449603,61.572685
9449713,23.460506
9449718,61.158333
9449888,45.41611
9450671,5.48219
9450738,2.4266918
9451025,0.1268475
9451126,73.301254
9451165,11.841271
9451184,10.143132
9451250,58.638622
9451334,0.0581491
9451597,79.23386
9451768,0.09453881
9451784,2.9111226
9451805,4.9265695
9452037,0.10645945
9452061,0.06962163
9452113,4.9720955
9452124,87.00289
9452127,34.746418
9452354,0.32011083
9452399,0.08126597
9452425,0.0999913
9452454,32.309235
9452728,62.043175
9453126,62.460064
9453245,0.061851956
9453249,0.08964852
9453266,0.36276808
9453302,50.44914
9453356,4.1093473
9455269,74.760735
9455454,0.87476206
9457202,0.118450895
9457285,65.524376
9458150,3.1837525
9458247,1.1328846
9458372,5.7655168
9458393,0.096854135
9458811,29.363888
9459910,6.391553
9460093,0.114749536
9460513,0.1812971
9460661,11.632196
9461085,2.2402425
9461086,0.17307147
9461187,0.10042213
9461214,43.200752
9461238,86.763535
9461634,12.416078
9461660,0.08359263
9461747,0.14852798
9461779,0.35289425
9461801,0.08859528
9461836,0.07693441
9461963,0.71830595
9462015,15.794253
9462070,0.5942033
9462208,12.569551
9462694,0.11363294
9462850,0.16255593
9462884,1.0510489
9463039,0.15985405
9463130,0.109076396
9463628,28.088537
9463681,1.4120464
9463692,56.27896
9463790,0.0075983955
9463804,14.210347
9463830,0.16116552
9464046,0.06838679
9464098,1.7154748
9464195,0.20582822
9464235,0.039913546
9464267,0.087408595
9464507,0.037808098
9464528,0.2011106
9464560,0.035921976
9464605,0.444451
9464672,1.1315262
9464780,0.05271238
9464876,34.15826
9464900,0.04040011
9465382,1.1984493
9465717,0.038359188
9465778,0.18141317
9466759,52.28835
9468563,81.47351
9469014,0.67867726
9469655,2.1903834
9469827,0.1012393
9470048,0.026787588
9470121,0.040329393
9470148,2.435187
9470554,0.07233913
9470677,69.94112
9471498,0.21504882
9471715,59.624153
9471807,0.055323757
9471997,0.1130925
9472829,35.34628
9472966,0.07802272
9473014,26.604391
9473393,0.1611669
9473484,64.10791
9473646,38.422337
9473663,0.063060656
9473798,6.7023544
9473828,0.12952703
9473837,0.062253676
9473852,0.09349415
9473889,15.850543
9474161,5.1076684
9474495,1.0961707
9474607,4.4268293
9475494,0.104263544
9475501,0.1435304
9475631,0.091073714
9475703,4.9117866
9475894,4.8890977
9476212,0.09220079
9476243,2.86828
9476293,0.10666212
9476353,76.70022
9476397,0.08121881
9476551,41.071587
9476759,85.73672
9476831,0.07299849
9476850,68.55852
9476857,0.064701885
9476882,2.8004208
9476900,0.11098335
9477000,0.07365113
9477010,15.750852
9477096,0.102208436
9477211,27.513052
9477349,6.570628
9477653,0.092761934
9477830,0.15002711
9477888,0.44375744
9478169,0.13807276
9478196,24.505732
9478446,60.014698
9478506,0.16281044
9478577,72.583916
9479348,13.06457
9479421,1.2958298
9479513,10.66533
9479608,0.10413551
9479647,0.08593473
9479656,0.68592966
9484148,0.15365951
9484158,0.4315107
9484208,0.78175
9484892,0.07550192
9485047,52.906364
9485301,14.284101
9485606,74.169655
9485989,0.05859664
9486300,16.448786
9486332,0.095534466
9486575,0.07173095
9486678,10.998306
9486698,0.21802588
9486784,0.26844707
9486786,2.511551
9487251,62.860912
9487327,2.185149
9487684,1.8160063
9487692,2.0928555
9487838,0.10506556
9488408,25.12972
9488860,0.13669187
9489421,3.5296502
9490080,0.08802889
9490137,74.676796
9490199,0.093442574
9490272,83.46597
9490415,1.0002147
9490541,10.741457
9490600,0.10364865
9490639,0.20115232
9490889,6.097109
9490926,0.09390161
9490959,40.11074
9491126,0.05123099
9491872,0.10077894
9491922,0.06828104
9491947,4.617243
9492011,70.91423
9492024,2.2921004
9492069,0.15468192
9492165,0.10899152
9492398,83.09388
9492640,68.98369
9492750,28.379238
9492860,0.04036454
9493086,14.062073
9493269,0.013693079
9493306,59.508717
9493360,0.69737995
9493403,0.48998475
9493699,0.2556458
9493786,0.016816277
9494534,0.12039838
9494701,0.038268447
9494786,1.1945374
9494826,75.09803
9494900,0.2768393
9494965,0.07774539
9495007,29.443909
9495140,0.09140525
9495424,1.5163219
9495502,0.20602503
9495982,0.096092425
9496026,0.5605738
9496094,0.49181908
9496206,54.49394
9496371,0.051739346
9496372,0.09578039
9496398,0.1206071
9496502,42.731018
9496845,43.107616
9497062,3.7671058
9497080,48.88337
9497513,0.44953498
9498138,0.065792575
9498940,0.22737706
9502016,20.999594
9502150,17.520102
9502712,14.007128
9502981,22.165277
9503704,5.3110266
9504072,49.383587
9504882,36.633995
9504968,46.70826
9505047,0.15819035
9505105,55.14635
9505111,45.524864
9505158,0.32082808
9505268,0.10814462
9505512,66.68301
9505563,0.01833523
9505602,0.08734444
9505686,6.6441946
9505762,76.61034
9505990,2.0128264
9505991,6.0496345
9506306,55.857746
9506526,1.7236027
9506861,63.955982
9506882,2.3946621
9506945,3.5175757
9507042,0.67139316
9507132,0.16756722
9507244,1.1588376
9507596,0.11861513
9507794,0.047265805
9507915,0.1174839
9508057,0.10686767
9508105,0.11612368
9508137,74.51334
9508162,8.726438
9508288,18.872883
9508497,0.08864777
9508668,0.6795888
9508780,0.105650686
9508962,1.1056504
9509148,26.452795
9509369,2.8244598
9509529,0.12787002
9509672,36.53839
9509686,0.12708047
9509691,26.290829
9509922,42.091946
9510151,0.03728422
9510158,34.707542
9510370,0.098343626
9510385,2.3064175
9511073,1.5524217
9511112,5.1742973
9511119,0.033607006
9511370,0.11035876
9511559,0.09239279
9511851,0.11570226
9511865,4.1195846
9512164,0.21455947
9512347,0.8894266
9512419,16.042027
9512472,0.10017711
9512594,57.72643
9512612,0.18923414
9512773,12.772418
9512844,46.103203
9512888,0.09907206
9512941,0.1272689
9513248,0.044313066
9513261,0.5641264
9513312,0.17732698
9513357,8.707057
9513408,55.656708
9513511,3.2942405
9513743,29.466497
9514368,0.13484439
9514432,11.915328
9514549,0.114468575
9514670,0.23901017
9514721,70.000725
9514730,0.11269711
9514772,0.087177455
9514832,0.10018414
9514839,0.07467954
9514935,0.088723496
9514937,4.658368
9515409,0.15593167
9515597,0.11337443
9516142,49.05552
9517488,0.39630252
9517507,60.049244
9519514,1.8353002
9521009,0.12007703
9522516,35.482048
9522986,0.10920602
9523023,8.822588
9523125,0.21229832
9523156,60.26239
9523627,1.1556182
9523761,0.87064534
9523762,0.12679955
9524047,6.3200393
9524129,3.6986325
9524141,0.34855658
9524433,0.69167674
9525001,0.10696213
9525096,15.266266
9525173,0.1430627
9525241,6.5598845
9525335,0.06858082
9525377,0.10335083
9525490,0.15654682
9525531,6.4107614
9525925,62.042824
9526313,0.059326272
9526314,24.5721
9526794,37.969334
9526879,0.061598867
9527244,0.60022956
9527407,46.681583
9528568,0.018460901
9528648,55.92408
9528987,0.26722616
9529306,0.10212165
9529332,62.43468
9529431,0.19218373
9529493,27.117624
9529607,0.121797144
9529662,67.7758
9530079,0.74720734
9530083,14.2680235
9530287,0.08571243
9530381,86.175644
9530714,64.654236
9530797,71.74256
9531565,0.17514239
9531676,0.07719259
9532024,0.26912862
9532048,0.092138186
9532435,75.343895
9532913,0.19926561
9532973,0.25779343
9533089,0.5700882
9533144,0.16784166
9533222,0.23147258
9533818,0.013772078
9533889,9.793981
9534209,0.10163207
9536965,19.657185
9539111,0.14658342
9539212,0.20894167
9539397,0.07752154
9540005,68.63603
9540147,22.072693
9540193,47.549164
9540974,0.07319437
9541017,0.07805992
9541094,0.19096622
9541320,2.232574
9541514,0.13046348
9541921,0.90612346
9542140,20.691359
9542572,15.292453
9542827,0.079097345
9542872,0.099106476
9542984,1.1190479
9543637,2.5855472
9543640,1.7241062
9543678,13.10153
9543824,1.3037847
9544410,48.086952
9544597,1.8360319
9544653,0.27868295
9545059,0.07709633
9545164,30.246912
9546184,0.063923456
9546215,1.212498
9546267,0.08353502
9546587,21.759258
9546711,30.954311
9546808,0.218418
9546888,0.10528871
9546943,14.254695
9546944,0.0006726913
9547019,18.178022
9547160,3.2639744
9548120,2.6519375
9548191,61.2365
9548427,10.7265835
9548693,9.249746
9548728,0.21335486
9548756,0.08582933
9548788,0.086044766
9548866,2.9003391
9549076,1.5825026
9549078,0.47736716
9549118,0.13356015
9549223,0.043960758
9549572,0.07687257
9549790,11.979085
9549937,0.12836269
9549987,23.169367
9550142,3.3118484
9550147,67.28067
9550276,0.25917256
9550306,0.9050748
9550392,0.21318738
9550423,4.146348
9550501,0.4849596
9550620,53.129322
9550750,3.48838
9551158,53.508278
9551417,29.784124
9551672,0.091646805
9552317,1.6612561
9555580,0.08853159
9555648,55.380474
9555679,0.10239854
9556966,12.080631
9557136,0.02846368
9557226,65.24707
9557775,52.1463
9557776,0.80669975
9557816,0.5535933
9558085,5.6014557
9558152,0.24547091
9558396,1.1841578
9558500,0.40223485
9558860,0.09839256
9559115,0.16086134
9559548,0.09711501
9560057,0.07784212
9560089,2.4054275
9560141,0.93441343
9560526,0.10564226
9560832,0.083557084
9560834,2.2680047
9560902,0.024523307
9561222,44.23181
9561332,0.33796757
9561448,0.13430527
9561631,0.7468198
9561664,0.09101867
9562515,15.219597
9563063,0.10720348
9563210,0.13735428
9563266,62.713867
9563436,26.901554
9563766,0.23013751
9563868,72.69728
9563873,30.47146
9564057,0.08406259
9564140,0.15395272
9564260,3.1441956
9565788,58.905975
9565831,57.954346
9565934,1.1865399
9566067,0.15796493
9567875,0.07995725
9569572,1.3652885
9570366,0.106955074
9570519,0.09999194
9570939,8.102248
9571263,0.17769133
9571369,7.52769
9571516,0.05300781
9571623,3.6614845
9572219,55.560352
9572653,0.6511304
9572779,0.048973948
9572909,2.1221566
9573394,0.062413264
9573507,36.75061
9573564,0.3699877
9573606,0.33625987
9573876,0.090753146
9573898,3.5819156
9574455,3.1693122
9574877,0.05665188
9574933,7.1545615
9574936,47.08322
9574953,2.8493683
9575049,38.632076
9575089,14.566919
9575138,2.424929
9575226,3.7813926
9575236,0.11243322
9575285,0.0973436
9575298,0.15489762
9575320,0.10494435
9575455,3.1567907
9575562,6.9443526
9575682,2.1751518
9575809,0.0595249
9575930,0.5980618
9576155,72.73432
9576274,67.53087
9576329,0.055232782
9576342,0.07047272
9576344,0.028077468
9576478,64.547104
9576906,0.05416411
9577543,0.13666204
9577556,0.074166164
9577644,3.7046669
9577660,0.06453483
9577748,0.07722889
9577777,54.886086
9578255,4.8048754
9578438,64.899216
9578639,0.4203132
9578683,64.79808
9578848,0.18865795
9578857,0.7919026
9578960,0.3145166
9579067,1.0027673
9579770,0.20354493
9579927,89.38655
9580372,0.06682833
9584779,0.13081327
9585027,0.9457873
9585055,10.419546
9585339,0.07638327
9585440,1.8490711
9586086,0.6217752
9586258,0.08406038
9586691,0.09254219
9586958,0.6441027
9587066,0.18890183
9587846,0.06771464
9588053,0.108692445
9588164,0.12805687
9588196,0.087240234
9588888,0.69713444
9589030,2.689184
9589676,0.24960983
9589722,0.046267863
9589764,1.5331658
9589879,12.621202
9590048,0.10299071
9590519,3.3824725
9590861,58.230396
9590866,0.13010255
9591135,0.6676253
9591645,0.10306716
9591966,0.17975803
9592032,0.09292275
9592159,0.74821204
9592562,19.085436
9592585,66.59589
9592655,0.10032789
9592725,22.031437
9592975,0.12777366
9593065,2.844174
9593075,0.30235505
9593737,0.11282394
9593794,22.227625
9594046,0.04700803
9594188,0.17071514
9594568,78.42724
9594885,0.8656107
9594936,19.35557
9594976,29.459972
9594995,87.974495
9595063,0.064751014
9595099,30.103342
9595779,0.033199973
9595836,48.141098
9596042,0.1151946
9596089,0.20545939
9596207,0.0885845
9596299,11.459101
9596561,0.14251068
9597325,40.52503
9597422,24.139954
9597627,43.53684
9597676,40.19444
9597931,12.585111
9603395,3.1761012
9603611,1.1119411
9603991,0.09056846
9604011,2.4089863
9604045,1.0551083
9604498,1.3119476
9604629,0.07726143
9604772,3.6529248
9605039,12.482294
9605192,31.732845
9605259,0.18375686
9605451,0.08620249
9606229,20.126673
9606360,42.13311
9606504,0.019733768
9606578,65.60407
9606642,4.2620163
9606704,0.09454547
9606773,0.42275628
9606832,0.12941016
9607275,0.42839438
9607482,0.10741049
9607920,64.303764
9607952,32.973385
9608639,68.39458
9608753,5.530835
9608814,26.585367
9609140,81.121864
9609246,0.10872704
9609356,11.834594
9609588,0.09042321
9609800,3.6193478
9610258,34.40198
9610982,0.08081687
9611059,61.086937
9611216,0.07162933
9611372,2.6391597
9611469,0.047029696
9611593,0.30292723
9611656,0.14816509
9611659,37.640347
9611741,0.1429837
9611968,4.3018465
9612260,18.086264
9612294,25.66717
9612676,0.13198224
9612732,6.6195555
9612758,27.910156
9612946,0.12214808
9613420,0.22207236
9613465,39.30545
9613532,75.209724
9613541,0.1330276
9613565,0.040233172
9613574,9.204802
9613781,57.189735
9613813,0.11057229
9613850,0.095037505
9614123,0.78530973
9614672,0.04665956
9614688,9.133646
9614785,67.321594
9614889,0.06623548
9615209,1.6271998
9615352,0.108001426
9615422,0.12646817
9615504,1.0531734
9615576,6.950831
9615644,0.0891595
9615976,0.07211358
9616080,0.05753837
9616400,0.53898734
9616453,0.0708557
9616534,17.98073
9616635,2.9830155
9616729,0.042860888
9616842,35.548317
9617219,57.621906
9617349,0.35273728
9619848,1.6664585
9621849,29.592413
9624177,0.11921705
9624220,0.15094261
9624796,14.954519
9625125,0.032819144
9625266,0.4154181
9625344,0.097744346
9625346,44.378174
9625731,55.0906
9625790,6.7213883
9625889,38.672
9625926,0.1407219
9625955,0.4464768
9626145,0.07501692
9626150,0.2592076
9626243,1.3875682
9626477,0.3024183
9626509,0.13394101
9626675,13.968989
9626760,5.543943
9627012,32.15676
9627442,0.18537717
9627513,24.300673
9628198,45.819893
9629171,0.7765151
9629178,0.15300669
9629194,0.07874494
9629345,0.160121
9629551,29.69698
9629581,26.395657
9629672,18.473557
9629811,1.881181
9630011,1.5699122
9630336,0.06283731
9630730,0.2076662
9630970,45.950314
9631175,0.07215204
9631444,0.17554072
9631808,42.13695
9631903,4.515143
9631959,0.10462831
9632372,10.448888
9632692,0.17745556
9633323,23.820585
9633579,7.318869
9633608,16.294432
9633740,10.947257
9633920,0.08172156
9634829,2.1030383
9634880,38.633926
9634995,0.05771514
9635160,1.6900631
9635555,0.08484875
9635607,25.11346
9635880,11.84376
9635981,16.443308
9636009,0.18441114
9636293,0.3431836
9636675,0.06437632
9637133,0.089817226
9642518,80.14926
9642915,0.09213839
9644037,4.8754945
9644386,57.837147
9644430,0.04196508
9644444,41.17834
9644961,0.15932636
9645272,82.25057
9645338,1.9190023
9645422,5.802811
9645934,1.8316247
9646181,0.09429068
9646272,0.32136935
9646357,8.484256
9646412,39.042107
9646678,0.058484405
9646745,11.6647415
9646918,0.51357234
9646958,0.17780161
9646972,1.0578763
9647025,0.09215306
9647396,42.28364
9647450,1.3789653
9647486,2.4523547
9647790,13.492319
9648225,5.5709505
9648874,5.5129075
9649261,0.01882055
9649376,0.103159405
9649623,0.11576668
9650667,79.960144
9650946,3.0029607
9651083,0.028907025
9651616,0.07551027
9651926,47.532524
9652348,0.8025857
9652413,0.112871684
9652591,45.688282
9652624,8.173824
9652665,0.09555514
9652787,16.179794
9653005,0.14893177
9653297,0.11296283
9653305,0.33372405
9653314,0.20069198
9653433,0.1415241
9653464,0.12779938
9653481,0.084216096
9653592,2.9957547
9653738,22.713987
9654509,0.07216064
9654775,0.03743819
9655327,0.4666617
9656161,53.166664
9656326,0.27057123
9659670,8.380319
9659869,0.9125473
9660636,0.02039735
9660912,13.825684
9661762,23.082386
9662136,58.568512
9662298,0.15202743
9662571,42.427082
9662622,0.06806481
9662691,11.171436
9663306,10.840537
9663776,0.94045335
9663956,27.313864
9664369,0.071995005
9664378,0.11811954
9664414,19.288742
9664497,5.9034796
9664537,36.207092
9664630,0.14888352
9664861,0.23712032
9665117,0.075869836
9665125,14.468829
9665170,79.584915
9665364,0.7260361
9665579,0.96304
9667527,0.05947541
9667733,0.031017113
9667868,1.4361478
9667996,56.265858
9668363,0.8853687
9668485,74.76921
9669172,2.4269905
9669578,0.21932256
9669703,36.496624
9670233,54.00251
9670576,3.169069
9672054,51.157616
9674509,2.3304648
9675806,0.06808325
9676890,0.07883175
9677343,0.11174444
9677640,0.057231467
9677912,57.612293
9678146,0.6696237
9678389,13.490219
9678870,0.09266023
9679058,18.317463
9679278,0.63791686
9679310,0.09104093
9679337,4.5539036
9679369,0.071207486
9679670,0.61976594
9679720,41.457996
9679900,1.3940097
9680804,0.024467815
9680940,51.7021
9681391,0.119865164
9681693,0.07161687
9682135,0.07362326
9682617,50.618004
9682862,0.1385963
9683022,43.214176
9683079,26.77204
9683147,0.7897466
9683421,3.0875587
9683429,10.958329
9683691,0.11733737
9683828,0.069868155
9684188,26.954498
9684223,1.1964626
9684309,0.11038001
9684366,0.11125368
9684732,0.117791556
9684923,0.14670718
9685075,0.15273325
9685213,0.07287853
9685336,0.077362224
9685465,0.042034857
9685669,0.10698394
9686090,3.2541509
9686167,4.2029805
9688802,7.996118
9689276,59.506886
9689707,0.1436779
9690915,0.08728836
9691204,0.16377366
9691391,31.939795
9691588,0.059085388
9691842,0.12200828
9691957,0.4217771
9692016,3.6726098
9692205,0.10521902
9692365,0.15655124
9692740,0.08235935
9692905,0.43549186
9692978,0.08005495
9693107,0.11259904
9693262,27.253775
9693279,0.20333764
9693816,0.1637572
9693821,0.13653018
9693948,2.1326203
9694001,0.09645651
9694633,0.32204375
9694758,0.21216166
9694950,0.10324627
9695450,0.6007527
9695491,2.1127791
9695714,3.108734
9695932,0.09123535
9696264,27.076227
9696560,0.06966231
9696622,6.907196
9696720,0.076793656
9697064,2.045238
9697111,0.065409325
9697193,0.075718604
9697622,14.58947
9697664,5.8454666
9697726,11.700996
9697969,0.09388344
9698101,21.488483
9698250,0.083835624
9698613,0.06958834
9698691,0.08170737
9698992,24.69273
9699493,21.281149
9699559,0.13354193
9702796,0.1972357
9705782,58.66912
9705958,0.054098904
9706212,0.15268174
9706511,0.11658506
9706724,2.2670736
9706977,5.8309274
9707426,0.23805651
9707531,5.961861
9707579,0.03393971
9707684,0.102325216
9707807,0.052428566
9709067,0.14450064
9709178,7.051047
9709801,0.10168123
9709989,2.7257712
9710117,0.096594915
9710538,0.08578974
9710620,0.11661388
9710712,0.09271702
9710927,0.098604195
9710967,0.026001712
9711488,0.10760256
9712020,0.42429867
9712682,63.298584
9712796,0.092248954
9713048,1.3764551
9713493,75.47432
9713594,16.926304
9713736,0.058742493
9713840,0.6126744
9714004,38.57769
9714250,24.95719
9714531,5.712389
9714629,0.32644016
9714734,3.2626622
9714880,0.15022546
9714995,0.07219813
9715017,1.671554
9715092,0.095846064
9715183,1.197225
9715287,1.6770086
9715404,0.07700153
9715592,0.10108441
9715641,0.1292904
9715684,0.08685901
9715759,0.075606346
9715956,3.3978531
9715973,0.15510824
9716123,48.121937
9716204,0.10662874
9716223,5.1296325
9716233,0.09325602
9716234,56.18686
9716424,10.6851015
9716437,16.730976
9716737,1.8164173
9717662,0.09448224
9717727,0.70734704
9717781,1.0395143
9718529,17.973053
9719091,0.11283306
9720191,0.18142971
9720713,0.43433627
9720809,0.5435585
9723296,20.40745
9723899,0.066412106
9724452,0.08175397
9725232,74.93536
9726784,0.08768286
9726939,35.143944
9727373,2.3816645
9727404,0.15348001
9727821,0.10792661
9728188,0.13206202
9728203,1.4041017
9728525,37.850365
9728739,0.13213834
9728852,0.14871092
9729872,0.535985
9730110,0.05860824
9730111,1.4153767
9730306,0.074521884
9730397,0.35042682
9730432,53.04118
9730645,0.28367415
9730654,48.511208
9731008,55.27644
9731041,0.1590741
9731134,44.30495
9731178,2.619035
9731237,50.709618
9731566,0.24403863
9731879,0.13917635
9731957,0.06614897
9732828,0.08464871
9732845,0.40246224
9733138,0.11041604
9733250,31.553675
9733280,1.5274223
9733470,0.07334813
9733730,7.04556
9733741,74.74565
9733788,0.103171825
9733795,0.079765275
9733862,8.851539
9734232,1.3724289
9734448,0.39412814
9734618,3.3828495
9734667,17.614355
9734718,1.6948938
9734844,0.059616823
9735085,0.07403102
9735392,1.9572347
9735503,22.076687
9735931,15.692383
9735957,4.530893
9737065,7.4205766
9737132,0.06568485
9737171,62.937294
9737254,0.14174291
9737293,0.11125988
9737348,0.10650711
9737352,1.004169
9737362,25.826305
9737479,0.040634852
9737516,0.12583368
9737659,0.053129744
9737665,0.08094861
9737691,0.052820094
9737710,0.08928548
9737719,0.04235562
9737794,10.354994
9737805,0.5052175
9737840,76.33316
9738044,0.09078465
9738048,0.046000827
9738094,1.0078259
9738193,6.1026626
9738355,5.668891
9738438,71.95816
9738605,0.07108839
9738632,25.46485
9738756,1.2934501
9738805,0.08596447
9739586,0.42978638
9739888,0.07782755
9740264,11.441753
9740581,0.14190309
9745378,0.09094606
9745385,22.672901
9745484,29.622202
9746837,0.050399743
9746864,0.5420439
9747044,3.533441
9747117,0.014768678
9747186,47.737488
9747497,0.057361208
9747647,0.70255756
9747777,41.82077
9748230,0.085598685
9748759,43.99681
9748800,0.10689968
9748877,0.1469555
9749046,0.21784453
9749285,76.583084
9749320,0.07730533
9749603,0.08716277
9749853,0.46110672
9750209,0.0975256
9750308,20.200443
9750406,0.12378049
9751394,27.641048
9751696,0.15003385
9751729,0.29113248
9751732,0.075743325
9752166,6.831959
9752548,34.88717
9752573,0.66020805
9752655,5.2571516
9753456,0.29506525
9754392,2.6258767
9754466,0.12042709
9754624,0.075462654
9754626,0.2514763
9754747,0.64832544
9754751,0.4742813
9754968,7.8970056
9755064,42.955822
9755074,30.187002
9755270,0.17563538
9755301,1.6657585
9755382,0.121892646
9755479,0.07183453
9755543,43.58385
9755679,0.09323058
9755736,39.347477
9755785,0.0761801
9755907,0.7553875
9755951,0.38431805
9756054,0.57753503
9756141,19.554628
9756236,0.086089015
9756699,3.1715703
9756729,0.09900829
9756886,0.06378375
9756891,0.27510446
9757018,0.06539963
9757581,6.337267
9757785,44.73381
9757801,0.064906195
9757913,0.033011116
9757966,11.775877
9758040,0.034573384
9758291,2.8248494
9758406,2.8329246
9758512,0.05331149
9758755,0.117411554
9758923,36.37185
9758953,0.08091195
9758964,22.23022
9759204,0.14076266
9759331,2.283575
9759704,0.07623436
9759865,0.09281783
9759957,1.0070995
9760148,0.15563467
9760401,0.106561676
9760675,0.08367236
9761238,0.056568056
9761918,0.9315696
9764969,15.088626
9765117,0.107520804
9765553,0.11034705
9765726,0.048129547
9765900,0.11889963
9765944,0.33895868
9766404,0.04653681
9766498,0.08863016
9766922,0.077708304
9766959,0.031616583
9767098,0.08896782
9767864,86.58128
9767929,0.07388969
9768199,2.38907
9768333,0.1406621
9768492,0.068779804
9768768,0.18228666
9769423,61.19818
9769814,0.16765967
9769910,39.23045
9770016,43.923046
9770249,69.94597
9770294,26.496283
9770447,0.19955042
9770459,4.815239
9770880,0.16497551
9771013,0.06893917
9771370,0.40600842
9771535,0.15335318
9771811,37.198845
9771836,0.4351017
9771896,0.036570285
9771983,0.042522334
9772152,47.791603
9772379,69.37748
9772730,0.133437
9772819,0.13712177
9773158,1.1469631
9773244,24.393545
9773544,6.436717
9773852,76.08266
9773902,0.09741193
9774346,0.08560623
9774477,2.5053248
9775055,0.08363563
9775167,0.067740224
9775237,33.83732
9775397,0.006046812
9775801,0.17177282
9775847,2.842479
9776054,85.657326
9776245,69.787
9776318,0.07708608
9776832,0.11699685
9777174,0.4581937
9777422,0.09084618
9777511,0.071654595
9777530,73.45585
9777601,0.12905832
9777652,2.8196063
9777883,0.060508143
9778050,0.12451927
9778372,60.983654
9778505,39.90397
9778583,0.078291915
9778655,3.5829632
9778734,0.07776103
9778748,0.16665998
9778960,0.10643705
9778978,7.2323737
9779357,0.17990318
9780023,73.61138
9784125,0.064411
9784272,0.14261942
9785063,0.06285047
9785349,0.1829849
9786021,0.04962131
9786182,67.886856
9786470,0.07730402
9786543,22.265564
9787323,15.640796
9787400,0.19613442
9787590,0.16406402
9787634,2.4972618
9788114,70.13075
9788134,0.12600686
9788345,42.672157
9788375,28.683054
9788396,7.883165
9788521,48.619873
9788564,0.09082154
9789045,44.797527
9789339,0.14054956
9789350,17.455301
9789392,21.890345
9789792,0.3997694
9789885,55.29295
9789937,0.16759312
9790098,0.07110625
9790328,0.08638896
9790354,0.07680878
9790462,2.351532
9790807,0.083822295
9790840,0.09863549
9790949,70.973434
9791282,0.073177114
9791355,0.3485271
9791753,0.116247095
9792286,68.884995
9792440,0.12341994
9792485,0.27459878
9792631,0.88074845
9792720,0.10165118
9792836,0.19661625
9792911,0.08687317
9793041,0.20912302
9793213,0.092454895
9793250,15.2048855
9793413,0.22127154
9793440,0.11271572
9793465,22.813517
9793665,0.17066312
9793668,69.81732
9793722,0.103267685
9793983,54.18612
9794058,0.100463964
9794077,0.0952055
9794083,52.833424
9794364,64.58215
9794958,0.18238539
9795124,4.6850896
9795850,0.04953273
9795890,0.7906012
9795958,0.082087144
9796114,42.732662
9796155,0.058272652
9796198,0.069100656
9796283,3.0476778
9796314,0.3991031
9796386,0.12806752
9796419,3.4658985
9796442,1.6837966
9796491,0.9871564
9796501,63.364433
9796548,0.3617025
9796856,0.14655626
9797293,0.17852938
9797333,0.044889417
9797997,19.350628
9799789,0.14233486
9800346,0.10530911
9800489,0.06506364
9801016,0.59552896
9802333,0.10677745
9802368,40.872307
9802654,0.07749342
9802971,0.049893375
9803574,31.269527
9803686,0.5670991
9804299,0.08765663
9804368,58.150524
9804673,0.030150387
9804849,0.3280588
9805128,1.9231297
9805346,0.084539905
9805563,0.16602506
9805748,0.06437214
9806434,0.07669582
9806444,1.9882534
9806606,0.9579159
9806634,3.2374852
9806752,0.37072825
9806996,0.14233577
9807059,0.09084752
9807494,7.383574
9807758,0.15915744
9807848,69.8524
9808055,0.09151885
9808248,0.112303115
9808637,1.896973
9808640,0.062802985
9809229,24.17213
9809716,1.1118746
9809911,1.6141142
9810009,2.7772622
9810125,0.17317829
9810187,0.016511725
9810235,0.09364027
9810427,0.11000675
9810530,0.13661619
9810696,68.44914
9810854,0.08230902
9811273,0.0053893737
9811274,0.10603519
9811434,0.14369085
9811614,1.219423
9811717,0.118156
9811958,12.881577
9811997,0.08399119
9812150,1.5051401
9812606,4.6198215
9812759,9.445023
9812787,0.06951122
9812826,0.25060144
9813359,0.57968557
9813364,0.08602111
9813567,9.956977
9813570,0.06604247
9813585,6.0005527
9814018,0.18559498
9814108,6.733695
9816578,7.84369
9818465,0.5036639
9818469,0.14029285
9818669,0.42691913
9818825,60.812664
9819018,9.721413
9819038,25.38654
9819437,0.23049636
9819589,0.09701056
9819772,0.40879926
9820035,0.04829744
9820068,0.24123196
9820408,1.0704666
9820483,0.09439494
9820533,24.187489
9820724,0.8377296
9820829,0.0686508
9821024,0.061420817
9821183,0.025536686
9821208,0.60221803
9821303,0.0922142
9821370,35.51036
9821911,64.83568
9822032,0.23317507
9822101,31.662823
9822153,0.6139866
9822507,8.450313
9822635,6.101457
9822738,0.10453826
9822823,71.96554
9822983,0.04517788
9823143,67.839874
9823182,80.71169
9823320,74.12895
9823444,0.1017908
9823880,4.964671
9824042,4.214017
9824112,0.08341006
9824247,1.0477718
9824287,0.14448051
9824547,77.24382
9824613,2.4903083
9824682,0.10262109
9824982,0.3112034
9825066,0.10071336
9825180,0.13499902
9825197,0.10401179
9825420,0.11628646
9825939,0.08156202
9826062,22.849121
9826081,2.2705703
9826160,0.96912223
9826267,0.086471945
9826493,25.250126
9826628,66.05089
9826678,0.0745175
9826940,1.1702095
9827236,0.07307893
9827799,23.809803
9827800,0.1273599
9827988,10.981333
9831813,59.279167
9832641,74.102295
9832730,27.690445
9832882,0.115579404
9833212,0.3876106
9833340,0.25399747
9833558,0.096744016
9833742,0.06266001
9833962,46.15765
9834074,0.030179795
9834456,0.15727511
9834706,0.18016517
9834943,0.052179836
9835017,0.10027273
9835140,0.5153171
9835315,1.7659762
9835350,68.38841
9835402,0.05949972
9835880,0.17438316
9836020,0.15563689
9836127,7.7930894
9836212,0.015863355
9836505,0.24032764
9836642,0.10779013
9836966,0.112558246
9836970,0.054803174
9838145,0.2252012
9838297,22.288881
9838443,0.18390274
9838543,56.666725
9838832,2.3566773
9838920,0.09168856
9839223,0.08519055
9839263,0.071518764
9839300,0.18366879
9839341,0.030002099
9839346,15.642514
9839378,2.0159926
9839800,59.67887
9839812,0.078123435
9839956,0.070942536
9840192,25.47412
9840261,0.06332391
9840280,40.93407
9841139,0.05884106
9841168,20.001423
9841215,7.4448967
9841548,16.944016
9841671,0.12188214
9841695,4.9345894
9841890,0.34271422
9841907,0.2945686
9841949,0.07751385
9842117,53.075916
9842239,0.11054416
9842323,0.1391524
9842363,0.1297026
9842420,0.12249589
9842447,0.34419647
9842492,56.163795
9842493,0.0562932
9842765,0.1557654
9843052,0.17543735
9843468,0.8657405
9843531,4.7156763
9843634,3.2448413
9843643,0.17711477
9843646,0.65508616
9843826,0.24619886
9843851,0.119512364
9843884,64.93197
9843892,2.7114787
9843914,0.23517415
9843951,0.5037011
9843956,14.155619
9844407,0.065849066
9844408,0.059186537
9844439,1.3397977
9844482,20.65317
9844489,69.8233
9844509,0.09498353
9844593,55.631428
9844603,1.8896013
9844805,1.2791586
9844884,64.47633
9844892,0.090592265
9845314,2.3221958
9845341,4.557232
9845454,45.029938
9845558,0.117907725
9845652,5.3064384
9846015,0.23304777
9846120,0.06417608
9846222,2.034788
9846468,0.1300604
9846591,0.06926677
9846660,26.493551
9847867,1.0206068
9847917,0.06986221
9851704,2.080946
9853063,0.077209316
9853382,26.799122
9853884,0.08676076
9854141,0.083236516
9854477,5.6095314
9854746,1.6124315
9854778,0.10480235
9854899,1.9196885
9855153,0.21251655
9855415,0.20284185
9855458,4.5826025
9855772,5.773354
9855793,0.1567439
9855979,34.37168
9856135,3.3954177
9856151,0.10053078
9856683,18.128162
9856730,27.713085
9856757,1.3607839
9856995,60.664196
9857438,0.100704715
9857914,0.05281455
9857967,5.9491997
9858029,4.2038655
9858093,0.0858901
9858112,1.3361648
9858221,0.23358734
9858527,0.13512838
9858642,12.396531
9858645,0.12525102
9858687,21.16957
9858696,35.726437
9858717,38.84333
9859081,62.550476
9859181,13.508591
9859195,7.712279
9859602,38.486607
9859856,0.10628533
9859861,65.8864
9860303,0.96657
9860416,0.049875077
9860455,0.12405825
9860631,3.20163
9860720,3.793555
9860752,0.08999364
9860758,0.44538498
9860774,48.77238
9860989,13.977278
9861118,0.1322484
9861124,1.1639591
9861135,0.09811287
9861136,0.102340505
9861196,0.10010491
9861553,0.1153034
9861625,75.29998
9861747,0.620736
9862049,0.05493313
9862199,0.09821765
9862364,0.10455672
9862883,0.068891525
9862913,0.044549316
9862945,0.19087033
9863035,0.031045735
9863091,0.04542208
9863626,0.051947795
9863678,0.4669826
9863860,1.4381557
9864121,0.15697727
9864137,4.8183885
9864230,0.6982722
9864324,0.07859077
9864427,4.3479905
9864749,0.08559637
9864796,0.19238612
9864820,7.167506
9864900,0.094489455
9865226,0.04356746
9865262,0.1397849
9865344,3.5137825
9865363,0.17444046
9865374,0.10423672
9865398,1.6374285
9865506,13.164537
9865659,0.13199191
9865939,0.10444738
9866287,4.8253617
9866617,0.056327082
9866971,0.22806303
9867264,0.09393603
9867398,4.551322
9867454,0.30160624
9867521,52.725914
9867629,34.35567
9867803,0.06775147
9868032,0.13163218
9868799,1.6408651
9869156,1.3210326
9872904,0.05290488
9873079,0.037719063
9874042,7.893837
9874289,0.1507927
9874454,0.059873037
9874794,0.11543153
9875002,4.9762254
9875109,0.051977415
9875134,0.0769648
9875450,1.378742
9875822,0.10769738
9875883,68.18007
9876042,0.12399073
9876335,12.042741
9876447,17.93764
9876474,16.15192
9876492,0.10583104
9876902,0.08392128
9876930,0.7118781
9876971,28.025055
9877196,0.09682288
9877436,0.09260692
9877684,0.13807702
9877776,0.82999575
9877933,0.058987398
9878121,0.22594683
9878361,0.1100297
9878593,0.987553
9878659,0.26674452
9878851,0.12311337
9878922,36.619347
9878929,75.20624
9879216,0.11044506
9879235,30.4826
9879796,0.49209204
9880140,2.3580394
9880294,0.06573441
9880664,5.6218786
9881037,68.00502
9881146,29.068554
9881195,0.109362885
9881516,0.081583634
9881685,0.16543509
9881769,1.0014446
9882134,0.08065674
9882187,0.02748828
9882254,79.15581
9882537,0.101241566
9882838,0.82212895
9883145,4.926482
9883197,0.11768715
9883391,0.25965524
9883768,0.037840493
9884430,28.616543
9884516,0.09559977
9884667,79.47593
9884870,0.14004308
9884880,63.567585
9885264,0.31365377
9885280,15.835367
9885430,0.10966823
9885501,73.88404
9885720,0.09237601
9885817,1.9963427
9885941,0.10809151
9886015,0.084155746
9886034,0.056428563
9886073,0.7340471
9886220,0.29668432
9886514,0.3991329
9886516,43.80452
9886606,0.22285327
9886735,0.06453805
9886867,0.04488174
9886912,0.19885361
9887276,0.11904099
9887396,8.0167885
9887654,71.646935
9887698,0.07021808
9887763,11.343935
9888076,38.86777
9888533,8.170018
9889720,0.05406961
9890574,31.588434
9894255,0.045700204
9894297,44.356915
9894526,21.8955
9894565,6.326575
9894707,8.021457
9894820,0.097225524
9895802,0.060807616
9896292,9.879184
9896546,0.08620717
9896594,0.12608483
9896627,0.04939564
9896824,50.830395
9896889,0.44724458
9897073,0.095213726
9897378,0.12679642
9897418,0.088052586
9897611,0.11910264
9897820,0.19581997
9897854,0.101289466
9898112,14.406787
9898150,4.3748603
9898344,62.132988
9898485,70.25217
9898619,1.3013312
9899132,69.715866
9899499,0.108862124
9900048,0.008687733
9900120,0.05952991
9900484,0.023131657
9900560,76.34532
9900572,0.06841206
9900885,0.10255303
9901202,2.4160433
9901329,0.09986632
9901468,0.061094325
9901613,0.11928538
9901986,0.04939653
9902057,0.0508051
9902123,53.895947
9902314,1.5807021
9902395,0.0841828
9902590,3.9417424
9902711,0.13263375
9902915,0.09027264
9903132,3.9392495
9903150,1.0194862
9904259,0.17812245
9904320,0.13296771
9904460,79.45644
9904613,0.23153076
9904929,61.43174
9905076,41.8376
9905682,0.23604608
9905894,30.335423
9905905,0.9538247
9906178,0.09138719
9906359,0.027860317
9906425,0.21885201
9906631,21.623207
9906918,0.21597946
9907167,52.89628
9907257,2.6986954
9907307,70.837296
9907690,0.1845474
9908424,0.05034101
9908719,77.81039
9908732,3.9326642
9910619,0.004148188
9911083,0.09639197
9911887,13.663211
9914098,0.11033559
9915643,6.6818037
9915819,6.931835
9916357,0.05761974
9916475,22.41935
9916767,61.697334
9917384,0.102482006
9917669,0.53199315
9917797,5.2656474
9918126,36.516113
9918567,0.10370153
9918817,0.22577564
9919042,0.095526434
9919053,0.10908009
9919127,28.759542
9919143,0.10749483
9919450,0.14348172
9919518,0.06162011
9919641,0.03736577
9919727,9.5384865
9919959,0.056268997
9920117,1.6694704
9920313,2.9390302
9920383,0.10132219
9920406,77.80653
9920458,0.17124291
9920459,0.11836288
9920607,0.19106254
9920752,0.12196697
9920941,2.0011544
9921109,0.1017257
9921366,0.11556999
9921389,19.556278
9921774,0.06987109
9922192,0.12453507
9923382,0.013029238
9923402,0.10066052
9923452,2.081896
9923478,0.025327638
9923485,0.14240922
9923887,4.043362
9924665,0.9522711
9924723,17.244114
9925140,0.2578439
9925349,0.0686721
9925507,56.83744
9925518,0.6345007
9926044,71.63993
9926058,0.0771035
9926171,1.7361109
9926599,0.08686106
9926781,2.9759462
9926792,1.3979847
9927252,0.0361448
9927314,0.039264712
9927385,0.09669073
9927397,5.3780537
9927400,0.06472315
9927495,0.11165061
9927666,34.480762
9928281,0.016193878
9928794,0.6865681
9928937,3.6252513
9933792,34.227016
9934510,0.06989473
9934593,23.878138
9935340,0.1751213
9935354,46.732624
9935613,13.721037
9935833,0.43848068
9935894,0.11735988
9935949,0.0595949
9936139,0.084823444
9936259,0.4199974
9936805,0.07714293
9937145,1.792023
9937220,6.698774
9937307,0.069542095
9937434,3.8149734
9937667,0.1277554
9938208,0.10594332
9938299,53.405743
9938471,22.512873
9938520,0.09265614
9939023,0.25406468
9939177,0.14321718
9939202,13.372441
9939843,29.350504
9939962,8.083167
9940253,3.0253932
9940300,71.686295
9940443,0.09289295
9941282,26.027939
9941890,63.04719
9942157,55.105766
9943207,62.49477
9943258,0.09759941
9943345,0.44823176
9943382,0.18574636
9943801,0.19963619
9944013,0.07710028
9944331,0.07303141
9944426,20.73394
9944788,37.87687
9944808,2.4357028
9945127,2.188476
9945206,25.789291
9945481,31.636023
9945496,19.460346
9945515,60.93703
9945730,37.66347
9945750,0.15976407
9947155,67.80692
9947824,71.86402
9949396,12.813126
9950923,0.08479421
9951506,4.9287558
9951705,0.032612916
9951750,0.08864319
9952191,0.11544168
9952400,2.3383594
9952429,0.22613887
9953121,18.3173
9953601,74.67446
9954123,1.7835886
9954145,58.1657
9954426,0.38174993
9954573,0.14220667
9954585,0.13080004
9954688,3.8144066
9954700,0.12310009
9955490,42.705284
9955493,20.925535
9955545,0.15232496
9955736,68.98238
9955765,1.2819914
9956082,0.102676295
9956388,15.477163
9956781,0.15420191
9956834,45.484642
9957384,77.24206
9957436,0.15932815
9957646,12.0229435
9958312,0.058979176
9958387,0.17286262
9958442,0.15301903
9958456,43.076424
9958472,0.10518523
9959006,0.057436496
9959084,0.7162697
9959100,69.3752
9959169,68.54558
9959175,6.7364297
9959180,83.475845
9959187,53.276604
9959190,74.777756
9959194,80.01808
9959246,0.109580815
9959521,53.52549
9959562,0.083109334
9959975,1.2412856
9960876,0.04599568
9960970,0.095741585
9961313,0.59039783
9963988,57.003162
9965305,0.058372002
9966717,0.058817945
9967046,74.53866
9967141,40.53894
9967218,0.9694312
9967314,26.813334
9968094,0.79324895
9968223,66.17867
9969073,0.17192629
9969761,21.319586
9969773,0.1360271
9969781,0.060928036
9969936,4.9123755
9970118,0.47999352
9970637,0.069358125
9970995,0.08626283
9971319,0.23411608
9971730,9.698694
9971794,17.643127
9972046,2.3212636
9972062,0.14015925
9972403,0.068640806
9972742,0.2702872
9973003,11.218035
9973134,0.121890485
9973190,35.938835
9973654,0.5142003
9973680,0.13960513
9974135,12.990376
9974153,78.73911
9974484,0.0797745
9974646,2.0063322
9975089,0.18231376
9975344,2.4475198
9975382,0.054842345
9975425,56.663147
9975839,18.959736
9975846,7.1713457
9975872,0.094670676
9976190,0.13494001
9976222,0.027730275
9976264,30.779724
9976626,1.611316
9976644,0.7974161
9976784,0.13299851
9976820,2.4268327
9976827,31.264683
9976839,11.87027
9977283,0.21082385
9977470,0.8720747
9977595,0.03618578
9977982,0.07617147
9978348,0.11389127
9978426,1.2936835
9978536,0.1268865
9978589,5.686212
9978633,1.2337582
9978664,0.23547892
9978722,0.38089275
9978768,52.739784
9979548,0.016980365
9979608,0.95800877
9979707,6.907921
9984143,0.12280575
9985812,2.0307431
9986609,0.16613209
9986770,1.7446665
9986969,1.9528363
9987222,0.7748135
9987456,0.06011147
9987543,0.5256151
9987549,8.288516
9987907,0.03721644
9987983,0.47532725
9988353,9.928396
9988556,34.11164
9988907,1.2031223
9989028,0.038696103
9989842,0.12482743
9990026,0.11119356
9990117,0.054671753
9990403,0.09399201
9990560,63.682484
9990571,0.27758595
9990611,0.3142889
9990959,27.98891
9991143,1.9284723
9991265,10.034162
9991374,0.15725367
9991391,0.20544954
9991577,9.947917
9991919,0.26246318
9991949,2.048956
9992236,4.229154
9992479,0.059480704
9992858,16.61391
9992903,17.72078
9992945,26.842905
9993137,0.092498876
9993138,0.32457635
9993183,0.61796063
9993463,0.15255515
9993516,0.07019699
9994062,1.6634763
9994185,0.27152628
9994744,11.9385195
9994973,0.076994374
9995163,58.307976
9995322,4.775055
9995513,0.09658991
9995634,1.0240669
9995669,0.08763627
9996144,19.142866
9996402,23.590885
9996535,0.01651491
9996642,68.04097
9996793,0.22215407
9997006,0.04022909
9997045,0.5139345
9997702,1.7083699
9997980,18.110674
9998091,1.4091904
9998152,0.0512892
9998154,0.10078359
9998362,0.07380426
9998688,0.47749853
9998898,0.11971126
9998930,5.884783
9999117,0.26877826
9999220,0.0832698
9999351,3.1621888
9999372,0.36407351
9999398,0.5185403
9999513,0.34628248
9999646,0.11708082
9999878,1.2029116
9999919,6.575193
10000070,19.644045
10000137,0.10846005
10000254,0.034595784
10000470,28.788998
10000717,0.05973062
10000834,0.07763116
10000943,34.627758
10000975,26.168512
10001011,0.15189345
10001022,0.0751872
10002317,0.18240127
10006913,0.2373873
10007761,12.371068
10007793,0.0910896
10008109,0.02563556
10008874,0.10342584
10009390,0.10099161
10009531,0.1198385
10009737,0.14320855
10009762,0.09020956
10010119,7.3122473
10010250,0.06471831
10010321,0.10086779
10010345,74.821335
10010434,0.8481747
10010507,0.49051362
10010717,0.17112772
10010845,46.695118
10010914,5.3326063
10011009,0.09764731
10011168,31.045822
10011509,2.9101193
10011677,0.07035659
10011763,33.959187
10011850,0.11293934
10012011,2.9439342
10012292,0.13238752
10012551,0.0968713
10013027,60.285046
10013355,0.07752259
10013379,36.615654
10013582,0.053772807
10013750,4.86083
10014261,0.16706543
10014269,1.1974834
10014417,6.8152223
10014499,0.6950719
10014849,1.4895418
10014975,3.660342
10015336,0.024150448
10015642,22.227882
10016124,0.13046779
10016343,0.12533121
10016412,0.059316583
10016601,0.10361502
10016602,0.61796165
10016803,6.2095823
10016832,0.10865368
10017050,0.6577385
10017265,0.093354
10017345,0.15277568
10017692,58.248077
10017822,0.37705773
10018379,0.7862998
10018549,61.233818
10018895,0.04965881
10018963,56.570976
10019018,0.28985435
10019159,3.9516435
10019335,0.076530494
10019420,17.993465
10019504,0.0937085
10019508,40.094036
10020060,0.07462005
10020104,0.116297744
10020125,8.389672
10020217,0.46183896
10020815,0.0820241
10021252,0.026504984
10021301,49.03367
10021499,0.089555
10021680,38.11104
10021699,0.31808445
10021700,0.12318502
10021707,0.11837397
10021820,0.24108574
10021869,0.0492122
10021915,2.5897021
10022348,42.35327
10022414,0.15583315
10022503,0.122503534
10022610,0.13673747
10022730,0.58954334
10023252,78.35338
10023498,34.727806
10023618,0.21498437
10024702,57.205727
10030073,0.0493431
10030753,0.14527476
10030874,0.08112952
10030997,8.452848
10031014,2.9137206
10031436,0.06977849
10031574,14.307993
10031678,0.33861837
10031965,57.309265
10032285,0.3160526
10032406,66.07701
10032560,23.018885
10032842,0.34863317
10033005,0.2764907
10033096,0.07161994
10033238,22.319387
10033336,0.38547522
10033734,0.56381303
10034083,0.0869007
10034090,0.089547254
10034493,0.09068398
10034597,44.357002
10035023,0.30815214
10035098,0.08260318
10035132,8.818256
10035525,0.1508465
10035596,20.137804
10035643,0.08106071
10035846,40.581474
10035920,70.62593
10035950,0.119869605
10036295,0.14194804
10036394,0.05257354
10037088,0.6856578
10037097,0.06568083
10037770,71.42537
10037800,3.195019
10037946,74.28512
10037962,0.61537135
10038211,15.309517
10038560,10.788106
10038598,0.119076885
10038633,0.08376621
10038695,0.13633445
10038721,2.074036
10038731,9.272621
10038776,62.342358
10039012,2.0464647
10039375,0.052755874
10039817,2.3044598
10039961,0.28240383
10039968,0.17780575
10039975,10.342069
10039992,2.4112945
10040472,1.9183037
10040563,1.612244
10040798,0.16170302
10040942,1.6558704
10041002,7.90293
10041028,0.14568481
10041157,2.1534977
10041376,2.2893922
10041518,15.449246
10041531,0.0462773
10041589,1.24143
10041889,7.5636764
10042322,1.4906921
10042484,24.25697
10042505,1.3821348
10042563,46.984993
10042625,23.831547
10042929,2.2912652
10042932,1.7145382
10043064,0.07796104
10043153,38.499794
10043624,60.33091
10043694,1.7744577
10043750,0.10380797
10043854,10.627057
10043942,49.384663
10044457,37.859547
10049070,0.10325797
10049335,0.091233514
10049360,3.6118903
10049589,0.075153016
10049766,0.0672438
10050035,0.030552525
10050536,2.1710753
10050665,3.0196848
10050847,35.49148
10050860,0.07750278
10050866,0.10665598
10051853,0.08996539
10051911,0.11819486
10051946,0.33967417
10051959,0.20544331
10052324,1.6348066
10052336,0.06577035
10052409,0.38885003
10052466,1.106996
10053223,0.0876625
10053330,5.4568195
10053523,0.66064423
10053592,0.106701076
10053602,0.13837905
10053943,3.324615
10054404,0.20763667
10054500,0.5210146
10055189,1.3855665
10055475,0.05282153
10055764,2.2160046
10055872,0.07627134
10055925,10.081898
10056170,4.7160106
10056358,3.4003015
10056449,3.3448875
10057529,0.100785874
10057986,0.00093765825
10058014,55.373554
10058137,0.08124127
10058176,0.46524486
10058491,46.140102
10058633,22.065207
10058639,54.627697
10058944,0.11389227
10059219,1.4501597
10059573,0.07957137
10060147,0.055180103
10060776,4.354124
10061628,12.007024
10062378,0.061995417
10063216,0.07610946
10064209,5.259027
10064218,9.752158
10064959,64.55862
10065056,0.072668925
10065873,0.17056143
10066131,0.13434789
10066452,0.89938724
10066508,0.092495635
10066843,22.891933
10066875,0.114408016
10067614,42.220013
10067932,0.07299526
10068145,0.087416984
10068269,0.07170088
10068329,1.928243
10068386,62.631775
10068450,0.012743542
10068539,0.24596858
10068693,0.07918675
10069099,0.08946927
10069174,0.08304286
10069185,49.143883
10069373,0.30779567
10069376,10.588858
10069755,0.054953493
10069795,0.06832775
10069885,0.5689565
10069923,0.43564057
10070145,49.955963
10070235,0.064575
10070294,1.1987519
10070457,8.880507
10070582,0.08025957
10071118,24.421413
10071225,0.055699896
10071254,0.2789549
10071373,0.079929814
10071464,11.747322
10071681,0.016117025
10072007,0.11577964
10072750,0.7041923
10072898,0.29652664
10073973,5.989836
10073975,0.074429095
10073995,0.08266947
10074185,0.074780315
10074282,0.07396476
10074308,0.0494136
10074362,4.807436
10074524,0.098224804
10075014,0.17415237
10075528,0.080396
10075730,55.80294
10076024,29.093414
10076231,0.1740128
10076836,0.24894814
10078736,26.41994
10080979,0.07537774
10081576,0.041295294
10081958,0.08565909
10082054,0.1420382
10082287,0.09175137
10082414,14.943689
10082575,0.025382867
10083580,4.149498
10083670,0.062048756
10083881,0.08602016
10083970,0.07651495
10084178,0.074269496
10084191,0.022911485
10084382,1.1362377
10084631,1.9383945
10084735,0.6452777
10084751,0.24012265
10084769,52.648674
10085436,12.87202
10085457,1.9392054
10085478,15.335321
10086307,11.63702
10086396,48.12306
10086520,5.5739274
10086656,41.79934
10086861,5.5129657
10086874,8.352781
10086882,0.07492234
10086885,53.34782
10086888,0.127757
10086976,71.741646
10086994,0.064642504
10087253,12.184469
10087575,2.7964456
10087590,9.626142
10087609,5.0858784
10087623,0.02839221
10087811,0.54075205
10088464,0.027898487
10088720,15.088107
10088886,61.052124
10088889,0.07283424
10088956,54.57086
10089529,0.7549365
10089694,1.399084
10089720,0.40054783
10089727,0.36665076
10089841,0.026340267
10090579,0.019471517
10090599,0.05714481
10090894,0.36287108
10090922,69.622375
10091021,8.551035
10091438,0.17906871
10091829,0.070373066
10092202,6.301642
10095611,41.034046
10095913,0.08774712
10096707,18.309727
10096773,0.08753772
10097709,45.132496
10097911,0.051240377
10097957,3.9024346
10098262,4.5397196
10098593,54.928734
10098890,0.09270304
10098921,0.16521129
10099080,0.07480864
10099459,0.0687928
10100202,0.084782645
10100348,0.077320054
10100453,0.1320655
10100474,1.8905365
10100613,1.8009999
10100659,0.13421625
10100799,3.131217
10101023,0.118528366
10101046,0.08886459
10101097,52.939564
10101765,63.62859
10101791,0.8115447
10101804,0.07116273
10102005,0.32286936
10102206,0.4382215
10102632,0.8496445
10102723,0.0648617
10102792,0.11663399
10103405,1.4319226
10103770,0.066159435
10103877,0.15735391
10103895,0.13870826
10103934,0.053045176
10104068,7.0048265
10104118,0.06506028
10104130,0.0585678
10104246,0.23612185
10104337,4.614799
10104410,0.08326704
10104806,0.057233512
10105128,2.1250293
10105556,4.518734
10105606,38.936558
10105690,8.783567
10105732,1.8378328
10105917,1.499122
10106188,27.93099
10106335,33.20098
10106480,1.9479702
10106530,11.24357
10106768,51.006767
10106802,5.266633
10107113,0.3635072
10107182,0.07356851
10107260,0.07051336
10107452,0.08483781
10107606,0.07391128
10107689,3.686008
10108417,0.16176987
10115193,0.10416989
10115298,7.8201523
10115372,32.218296
10115375,0.073509276
10115419,7.16228
10115937,0.07090908
10116151,2.9608102
10116440,7.670161
10116671,0.09646905
10116778,0.10849969
10117060,0.16645195
10117283,0.12086246
10117624,0.49570078
10117649,0.35635114
10117807,2.4536076
10118042,1.2302902
10118796,2.5193574
10119392,0.6584361
10119590,0.5203923
10120055,42.146076
10120206,70.36893
10120384,0.12071367
10120414,0.062944725
10120476,67.16371
10120478,0.18775779
10120514,0.028650988
10120578,0.101250485
10120691,0.036736827
10120829,14.522551
10121376,17.97225
10121380,64.53455
10121746,0.12016696
10121950,0.076969564
10122016,0.21913978
10122650,0.06166947
10122700,28.350912
10122880,1.0855968
10123450,0.09083775
10123594,15.504705
10123678,5.0993853
10123923,0.061123215
10124008,0.48529473
10124136,27.339533
10124161,0.10210313
10124212,0.096706375
10124443,27.044048
10124550,0.083817884
10125030,0.1817331
10125211,5.8332357
10125395,6.291291
10126114,0.105793096
10126402,1.1865475
10126521,11.343584
10126560,0.087993726
10127534,2.655116
10129759,2.6081376
10130963,3.4894252
10132356,0.13743171
10132572,0.106144294
10132633,69.729004
10132818,0.16023953
10133027,0.09397142
10133147,18.55802
10133350,21.470707
10133559,0.07649728
10134071,3.8005004
10134298,2.3969054
10134309,0.2721723
10134443,0.19227506
10134546,18.859692
10134557,0.24863485
10135104,30.527485
10135523,83.42705
10135531,80.06134
10135852,23.24551
10136199,0.13048358
10136256,0.9362696
10136750,0.13313949
10136861,0.042318974
10136980,3.361632
10136994,6.141671
10136996,54.734978
10137006,12.331836
10137028,56.490345
10137143,7.00457
10137236,1.4508188
10137315,0.07270836
10137499,64.46042
10137757,0.108544566
10138218,63.94043
10138533,35.085815
10138870,18.256384
10138872,25.166943
10138888,0.08984681
10138958,2.5621376
10138996,0.067340046
10139093,0.24335003
10139332,0.13079809
10139347,0.2506612
10139617,0.42347732
10139724,3.0439389
10139922,86.681114
10140164,32.562065
10140275,2.0823085
10140368,86.567665
10140462,0.5848109
10140604,0.19426964
10140729,0.7128314
10141276,0.0849718
10141718,42.621925
10141933,0.035885178
10141998,1.2090256
10142067,0.6860193
10142499,42.510056
10142867,0.04157881
10143231,0.08608188
10143655,32.23405
10144140,62.57012
10144398,0.11280264
10144422,88.5564
10146747,0.11841124
10148197,0.1819777
10148581,0.6591394
10148955,0.1208781
10148969,55.035236
10149393,0.08610811
10149932,0.117498994
10150224,0.099161625
10150643,0.033887874
10150648,39.154068
10150723,2.281159
10151054,0.13559297
10151209,15.734518
10151488,9.229945
10152015,10.422309
10152029,1.7428929
10152091,0.13746798
10152738,0.20129819
10152758,23.880398
10152936,0.1681323
10153267,12.187143
10153349,0.07005944
10153363,26.436163
10153654,0.07294343
10154118,27.828333
10154397,0.053036742
10154449,0.1227357
10154762,35.758495
10155029,0.0908073
10155159,78.297424
10155167,9.320489
10155628,2.694062
10155672,7.544749
10156213,0.04858398
10156290,2.2911716
10156314,0.06038214
10156340,0.8739246
10156342,0.52960336
10156960,51.280346
10157171,0.13539483
10157289,7.5083647
10157294,0.049002916
10157426,18.05767
10157789,0.17086668
10157939,0.8866803
10157977,30.07778
10158141,0.12326755
10158203,0.0991611
10158490,0.44244272
10159182,0.20134711
10160921,0.19221646
10161081,0.095480934
10161401,0.3252191
10161557,2.6657016
10161583,0.101293996
10161705,10.769467
10162621,11.9054165
10162932,0.062863015
10163231,1.4078882
10163240,0.086045906
10163536,13.458104
10163683,0.16379553
10163724,0.023170127
10164008,0.062672764
10164145,0.10312525
10164331,77.28054
10164606,0.039152883
10165064,76.00121
10165181,2.4109507
10165410,0.05643332
10166365,6.18542
10166624,0.12252481
10167401,18.570316
10167665,0.08188164
10167797,29.827404
10168049,0.064136654
10170115,0.10229518
10170471,0.1475387
10170638,0.05227258
10171644,34.877956
10172540,0.09208627
10172586,1.355572
10173271,0.056057572
10173304,7.834913
10173687,0.13019285
10173750,0.0651315
10174133,0.1844901
10174324,81.383675
10175133,1.5989635
10175187,0.0786871
10175678,0.1150946
10175969,0.10142932
10176405,1.0807272
10176512,0.06346577
10176696,0.10998951
10176730,4.9535
10177183,3.5215187
10177753,0.12934662
10178082,0.13608924
10178685,4.408288
10179187,0.07929457
10179372,0.044777453
10180231,0.051955335
10180427,29.270391
10180766,0.049727887
10184638,12.62278
10185913,23.395504
10185960,4.7774954
10186192,90.54514
10186688,0.92347944
10186767,0.08156647
10186787,0.39895767
10186876,0.056478105
10187307,0.09219773
10187402,66.90181
10187515,0.18562682
10187685,0.20241813
10188121,0.99584025
10188296,8.603011
10188405,0.026713703
10188806,0.28838044
10189351,16.115643
10189803,0.03585752
10190770,39.24823
10191142,91.708954
10191601,62.894966
10191942,0.17312917
10192564,16.13333
10192898,0.08079475
10193009,3.6651757
10193753,7.6293955
10194616,25.76998
10195493,0.49047393
10197242,75.18931
10199699,0.055996705
10200787,8.322416
10201295,8.185398
10202641,2.4600327
10202655,0.02902256
10203071,8.676982
10203087,11.776983
10203095,37.605976
10203097,0.21191272
10203236,49.481983
10203556,0.08978864
10204097,17.438217
10204208,19.905706
10204245,10.645029
10204327,16.96323
10204479,0.20880389
10204999,0.36296496
10205130,52.68296
10206269,6.536048
10207945,2.4623466
10208716,0.12751713
10208854,0.07853087
10209102,0.7317555
10209283,13.506976
10209396,11.026343
10209403,0.08772583
10209471,59.582104
10209654,4.4872293
10209973,4.1545897
10210556,0.08945557
10210667,67.45372
10211109,0.104243204
10211935,69.81504
10212686,0.0710129
10213080,0.06345515
10213280,5.9022465
10213355,8.485113
10213711,7.639009
10214197,0.022867551
10218027,63.553352
10218475,71.84724
10218975,0.04444601
10219639,0.07850096
10221640,2.3951802
10221874,54.211964
10222715,0.14718997
10222998,60.447548
10223260,0.09245825
10224321,0.1257912
10224557,0.09151669
10224564,1.1235826
10225827,74.138626
10225915,30.95159
10225972,0.3172761
10226208,7.252591
10226269,0.126885
10226431,56.975994
10227067,0.09715684
10227297,0.060585033
10227402,1.3438467
10228720,23.807486
10229049,66.68306
10229094,53.38556
10229187,0.10151722
10229340,0.14065017
10229579,0.48604712
10230344,0.28461164
10230429,16.38496
10231834,55.184826
10232039,60.48113
10232344,0.063177645
10232605,0.026288915
10233244,10.3958025
10233795,0.034226187
10233905,36.9188
10234090,3.1599412
10234589,17.754492
10234713,35.870796
10234715,0.026684916
10235033,42.89747
10235938,2.1543632
10236033,0.11349924
10236389,5.8831806
10237991,2.2857869
10240092,0.20486104
10241021,52.436657
10241950,20.600262
10242138,26.743643
10242249,2.001082
10242330,0.14673011
10242936,43.14361
10243326,0.111458026
10243454,0.43909678
10243497,7.0485964
10243648,0.13761242
10243895,51.052574
10244388,0.07467087
10244450,67.93705
10245584,7.9794693
10245677,0.08344476
10245880,3.0682225
10245953,0.20913723
10245959,19.376596
10246002,0.06086707
10246013,0.05416862
10246134,84.26977
10246816,0.061784644
10247250,2.5044312
10247376,0.09319799
10247679,0.07974306
10247766,0.0884068
10247793,0.08792497
10248067,0.06415031
10248539,0.021572763
10248690,1.3050684
10249411,0.7108024
10249886,45.957207
10249927,0.13717195
10250438,18.341463
10250621,12.200646
10250647,0.37469417
10251082,72.14909
10251114,0.8947471
10252387,0.1659064
10252499,0.61236423
10252712,5.9783278
10252908,3.6431632
10252921,65.70093
10252962,0.06585166
10252999,19.629969
10253367,0.10700376
10253408,0.108410396
10254619,0.10119339
10254681,0.91916454
10255192,0.027604252
10256457,5.730199
10257476,18.520916
10260862,0.045826584
10262379,60.261486
10262580,0.082558036
10263284,0.17776911
10263395,0.11386009
10263516,50.355225
10264880,0.07704774
10265675,0.037291925
10265814,0.05340915
10265988,15.168215
10266171,0.7387266
10266428,1.410331
10267034,14.286207
10267050,0.036807794
10268145,0.05909156
10268712,54.065918
10270687,53.770073
10271848,0.037059624
10271884,37.374268
10272000,0.11067679
10272326,0.035829984
10272840,0.7174251
10273206,0.7510387
10273251,30.40356
10273462,0.045839604
10273647,21.331005
10274257,66.42745
10275361,46.324055
10276934,0.076757975
10277543,0.06351567
10277812,0.53293926
10278229,0.032942526
10278364,0.105139755
10278507,0.23247123
10279573,0.10159774
10279737,57.609093
10280355,0.08336233
10280391,13.907446
10280416,0.06845977
10281169,0.45101032
10281702,6.3607225
10282058,0.17045248
10282063,55.97117
10282176,0.0048847846
10282278,13.792285
10282292,3.85061
10282408,0.07005447
10282713,0.1649138
10282857,0.078388244
10283008,35.37477
10283038,56.20815
10283688,4.472913
10289124,56.570076
10289394,0.23779209
10289872,41.739235
10291680,0.116667725
10292088,0.11444441
10292231,23.529177
10293298,8.231636
10295156,0.019567978
10295857,2.2943277
10295995,4.746255
10296063,0.061139666
10296588,0.4880889
10296902,0.4399148
10298106,1.5410516
10298550,66.553116
10298748,19.397636
10298824,14.927122
10298845,0.07310436
10299477,59.433388
10299725,0.12305868
10299827,0.12877461
10299870,0.075070724
10301140,11.085904
10307179,4.7374344
10307776,0.0856818
10307958,36.966965
10308738,63.54959
10309007,0.097351626
10309115,0.07039321
10309255,33.467037
10309942,3.5276284
10310103,0.8578415
10310874,9.801565
10311049,0.079361476
10311299,0.056819133
10311898,0.0988201
10312071,2.469363
10312309,0.067829765
10312486,7.6983705
10313271,0.08678536
10313703,42.448647
10314379,2.1024802
10315444,0.3815752
10315973,17.938389
10315976,0.10021329
10316547,0.36050984
10316551,68.62376
10316575,0.08334489
10316743,0.2752693
10316923,0.06975416
10317919,10.723967
10318220,0.3237528
10318395,68.00598
10318675,5.7610197
10318684,40.44206
10318776,8.239168
10319189,53.754242
10319730,4.7259626
10319795,0.029762262
10319866,0.07237817
10320083,0.07963507
10320928,31.588562
10321100,51.062218
10322621,0.1067436
10323094,50.677532
10327434,0.46915802
10328424,3.9040298
10328582,8.525034
10328877,0.27247256
10330927,41.856365
10331878,0.1151643
10332161,1.991148
10332440,40.610115
10332767,0.09509848
10333143,0.062884495
10333304,3.2009473
10333496,0.07807775
10333985,1.1695014
10334259,0.07619415
10334881,3.3030999
10335191,40.306053
10335793,0.076396115
10335950,3.8099854
10337293,0.078937694
10337511,0.09997751
10337846,0.07758491
10338678,34.34483
10338696,0.87962514
10338770,0.12543987
10338833,0.0899865
10338839,5.5114174
10339044,75.96867
10339057,3.0219471
10340247,53.819763
10340745,0.1071862
10340849,0.09396384
10340867,17.822704
10340994,2.495009
10341262,0.097984865
10341271,62.402355
10341382,0.27124318
10341439,0.57314235
10341640,0.08726783
10341932,71.014854
10342005,0.08811136
10342059,0.07720514
10342295,3.169235
10342404,0.056725033
10342448,1.6474711
10342646,0.1724878
10342713,19.513178
10342743,0.05393361
10342806,1.5319612
10344882,0.061669886
10345066,0.31329745
10345574,1.5653968
10350120,0.07590013
10350911,67.56157
10351249,81.251755
10351366,8.591291
10351753,0.09780923
10352410,0.08431603
10352632,3.039383
10353449,54.98705
10353711,0.051067937
10354038,26.990765
10354208,0.08747749
10354471,41.96084
10354742,0.09183638
10354815,0.47211376
10355928,0.28018725
10356080,0.08095648
10356239,10.175908
10356808,1.3669367
10356916,61.13502
10356966,46.60526
10357730,7.899742
10358093,1.1382043
10358311,74.96252
10359485,0.062297534
10359486,13.818593
10359492,34.17809
10360144,2.4854813
10360180,74.1004
10361285,0.28591806
10361844,30.654667
10362013,0.11816628
10362016,39.458668
10362194,1.5331621
10362710,8.882375
10363093,0.8433919
10363118,0.49594945
10363197,0.030316865
10363852,0.120450534
10364229,0.054783404
10364442,0.08967023
10364566,5.1069994
10364604,17.142239
10365451,0.06111183
10365516,52.875805
10365862,24.762316
10366096,16.595732
10366137,0.08699735
10366219,27.355255
10366441,0.49807048
10366570,57.227013
10366904,0.3824482
10367519,0.059132792
10367650,0.112809554
10367677,0.38107905
10367884,12.111142
10368055,5.6083136
10368358,28.366238
10368714,43.41922
10369062,0.041234147
10370374,0.12364775
10370929,0.10224994
10376078,0.07139849
10376622,57.084633
10376627,23.691534
10376897,0.053118397
10377156,10.772828
10377405,5.6769614
10377445,0.031163419
10377924,83.853775
10378518,0.03949174
10378774,0.14910707
10379439,91.489296
10379700,1.1518114
10379735,78.70621
10380644,7.2734985
10380993,4.059431
10381123,0.64009225
10381492,0.08994925
10381777,56.031208
10381888,83.18856
10382377,71.18538
10382430,0.06137728
10382822,0.10806535
10383636,0.122538365
10383904,32.092007
10384098,0.07157978
10384216,0.09686418
10384319,0.50599325
10384698,0.050341032
10385807,0.10838089
10386341,76.57482
10386789,0.07419094
10387132,56.002525
10387320,0.11004744
10387851,0.11811091
10387852,0.069433734
10388054,11.761754
10388543,0.6204773
10388585,0.07938964
10389715,43.821255
10389934,0.20383453
10390088,20.077496
10390220,1.7637049
10390274,0.10762997
10390481,0.13298884
10391118,0.27460685
10391229,3.4050484
10392041,0.047691174
10392472,1.6808441
10392932,0.025799546
10393166,0.12316501
10393619,0.11712613
10399663,2.7935607
10399893,0.13913701
10401534,0.38725454
10403667,0.09996154
10404087,0.11622198
10404385,1.8216854
10404638,75.64896
10404671,4.669623
10405094,0.07321701
10407271,25.671902
10407723,74.12222
10408631,0.14716871
10408789,14.31547
10408816,0.023929847
10409494,1.5849173
10409669,14.867785
10409905,0.67778796
10410022,0.020550193
10410597,2.3974414
10410795,12.806241
10410959,16.732456
10411533,0.38574696
10411665,6.8121667
10411679,0.1032717
10411803,9.794298
10412006,0.08532657
10413100,0.008949431
10413124,0.305335
10413262,0.028734997
10413399,75.58456
10413491,2.1837008
10413567,0.53138685
10413576,61.98288
10413642,11.0573635
10413927,56.848152
10414065,0.12680557
10414445,0.08459102
10414777,56.332355
10415070,42.6605
10415370,22.879395
10416461,0.07541019
10417214,0.43120947
10417430,55.706013
10417797,0.8101388
10422846,31.540482
10425030,0.17398226
10425759,47.134777
10426358,0.15378344
10426976,0.09113349
10427362,74.18935
10428054,3.0078847
10429094,0.10876848
10429702,0.14226066
10429779,0.13984475
10429806,0.44712996
10430006,0.046496708
10430127,0.079438515
10430287,0.18806756
10430591,0.57638335
10430628,0.53264266
10430662,0.02657378
10430715,0.13161592
10431267,2.1038852
10432610,0.13791065
10433284,0.07808638
10433841,0.07196005
10433860,0.6241385
10433918,0.075461864
10434438,0.10034432
10434573,11.562775
10435225,1.1805342
10435577,21.085535
10435733,33.797405
10435862,1.0586472
10436554,0.071342036
10436734,3.0697865
10437027,0.35547724
10437634,0.06636647
10437777,0.017685289
10437811,30.948315
10437826,0.63340133
10437887,0.07184635
10438257,0.5742513
10438280,0.09310795
10438662,73.71596
10439184,0.15653713
10439885,0.033516113
10440798,0.20613022
10441075,20.802927
10445597,0.05229103
10445864,2.6495895
10447227,0.048313778
10447360,0.0833661
10447691,0.09339212
10448600,0.037944082
10448885,0.48449668
10449111,0.11507783
10449466,0.085495606
10449728,4.1938844
10449941,0.10359398
10449964,63.322712
10450688,59.6909
10451057,0.10820119
10451267,0.06439948
10451359,0.40621892
10451489,11.623241
10451508,0.33446774
10451613,0.055712618
10451701,0.023661744
10452249,29.962152
10452524,19.18205
10452541,35.32004
10454253,0.19010192
10454628,24.717823
10454801,0.094901614
10455138,1.8225069
10456631,0.19003046
10457363,0.13593853
10458115,0.6919817
10459237,0.10898241
10460113,16.98882
10460302,0.16386518
10460315,0.09394388
10465447,11.91509
10466072,0.6601591
10467179,0.12978694
10467390,23.19896
10469243,0.14881548
10470083,20.763504
10470258,54.26115
10470375,0.6279148
10470455,0.08816637
10470677,5.9968977
10472004,0.17284836
10473730,2.3957949
10473849,0.1586448
10474225,0.07034685
10474722,5.7782164
10474780,9.777258
10475237,58.435493
10475319,0.057519685
10475700,0.10030408
10476119,12.160996
10476135,0.20310926
10476319,0.0807711
10476556,58.55937
10476782,0.15496077
10477683,72.66
10477698,7.257136
10477978,0.06144494
10478904,0.039512053
10482486,0.09120014
10482554,73.4236
10484019,14.640982
10486974,0.11447798
10488146,64.27949
10488206,1.9149039
10488464,0.18614635
10488831,18.807264
10488915,0.8563347
10489306,1.4422439
10489326,65.07811
10489896,0.06463246
10489923,0.06308945
10490134,0.05367579
10490263,62.04591
10490373,6.23795
10490929,21.573086
10490947,0.17290553
10491070,0.1638204
10491137,0.07469163
10491340,1.9981991
10491594,43.88072
10494337,0.21419103
10495299,0.08278286
10495620,6.398322
10495884,0.058153488
10496401,0.054794382
10497886,0.107665405
10498577,0.17294055
10499025,0.10645513
10500033,0.04086303
10500085,0.11796628
10500222,0.14211021
10500406,7.221251
10500815,0.13302836
10500873,0.13209285
10500992,0.854129
10501331,43.786633
10501920,20.50637
10503392,57.584045
10504508,0.16954423
10507161,0.18344809
10510846,1.7952503
10511064,0.3410452
10512466,0.019008847
10512812,11.969696
10512817,2.2014813
10513228,41.339863
10513499,0.09928307
10514152,0.10164441
10514166,0.083677165
10515677,0.11524336
10515838,39.925575
10515875,4.5589514
10515993,27.948599
10516322,41.870728
10516424,30.30979
10516610,0.14294654
10516626,33.567135
10516819,36.076714
10518694,0.06318139
10518896,0.30427486
10519216,0.07949064
10519429,1.6221431
10519519,1.3965437
10520431,0.13224055
10520668,0.16565673
10521059,0.108698174
10523618,54.034077
10524365,56.18282
10524460,0.095722914
10524938,0.09635627
10525851,0.9680873
10525911,22.481953
10526346,0.06629902
10526871,62.64455
10526955,0.024750965
10527013,0.09781681
10527274,0.5803348
10527486,29.034796
10527956,1.6397514
10529176,0.52533436
10530373,10.173639
10535630,0.095610544
10536156,0.2899279
10537216,31.452732
10537769,0.13257298
10538427,33.553123
10538536,0.10814829
10539491,61.711254
10540175,15.537036
10540927,40.929012
10541080,8.980474
10541201,12.306493
10541260,0.04487667
10541488,1.3133645
10541837,0.113267995
10542167,0.41651064
10542347,18.486708
10542668,0.13138999
10542679,13.936218
10542965,0.15706381
10543277,1.5593792
10544439,0.0744817
10545027,11.937296
10546254,25.90145
10546396,1.6401641
10546568,0.074625224
10546606,0.071818076
10547353,0.087767534
10548910,3.1178226
10549054,51.01813
10549445,30.624943
10549650,0.3646315
10549714,0.63061106
10549781,1.275839
10550240,6.4887953
10550349,0.11603819
10550543,0.14908683
10551087,0.07100544
10551675,19.838388
10551825,0.09298475
10552168,0.16782287
10552983,20.022442
10554070,3.3039365
10560148,0.041508265
10560986,0.05515849
10561130,0.01695634
10561771,1.1575143
10562085,0.10940744
10562462,32.809628
10562668,11.940067
10562789,46.66177
10562990,0.082201816
10563076,0.122883245
10563387,0.05871897
10563493,0.12244757
10563586,3.5298455
10564163,4.815641
10564375,0.8779459
10564483,3.0110307
10564621,0.7211754
10564702,0.06753292
10565686,0.07535514
10566302,71.04237
10568153,1.8216698
10568208,72.89441
10568646,0.13498494
10568695,0.40169367
10569249,37.218742
10569568,0.2129724
10569804,0.10063513
10569865,0.6880841
10569945,12.58269
10570156,32.273777
10570447,27.937267
10570660,0.086842045
10571112,0.22655752
10571255,0.024331912
10571323,1.1447375
10571889,0.18934606
10572094,61.357155
10572807,16.354488
10573225,69.20827
10573273,0.026730472
10574604,0.56663597
10575811,0.15972894
10575817,0.05904906
10576118,0.14587976
10576813,0.07749834
10577023,30.3617
10579428,14.391466
10582297,23.633615
10582695,25.953287
10585446,0.3281305
10586336,15.024226
10586633,0.074604794
10588057,0.038325332
10588705,16.788769
10588741,0.037340473
10589684,62.982414
10589700,0.060398676
10589945,10.511737
10590105,0.1530498
10591112,0.1706881
10591234,0.07675797
10594419,47.317657
10594705,0.46823263
10595000,65.84502
10595374,63.424854
10595677,43.451763
10595963,0.09108324
10596279,4.724797
10596295,0.23767634
10596315,0.057230003
10596652,0.046130862
10596990,0.06757792
10597161,51.622505
10597695,0.074971415
10597780,1.4913974
10598043,0.06863396
10598766,0.3669785
10598941,3.003967
10599045,0.09918119
10599796,0.5757708
10603050,0.08671897
10605445,80.66211
10606531,0.111609265
10607372,0.14211681
10608844,64.35901
10608956,0.10626008
10609213,0.085633025
10609249,36.185986
10609274,10.528855
10609790,29.853642
10609963,0.113517165
10610434,0.79497814
10612067,65.235664
10613007,0.09685755
10613607,0.4377958
10613823,31.830761
10613950,0.077044
10614204,1.4119972
10614832,0.9639367
10615116,16.319553
10615184,1.1065812
10615569,0.3471051
10615883,45.22988
10616998,0.0292752
10617247,0.22764155
10617859,0.0852021
10618948,24.202835
10619208,5.9952235
10619400,0.10084723
10619886,23.103622
10624485,0.92005193
10625435,0.4553097
10627621,0.20020786
10627898,9.007673
10628495,0.10251971
10628593,1.9036347
10629434,0.053614188
10629596,0.13979745
10629860,0.030798938
10630302,73.07615
10630738,0.3764666
10631005,0.074075386
10631165,0.054046094
10631279,0.04069964
10631426,0.2774294
10631540,0.0589134
10631930,0.26630002
10632141,0.10121347
10632572,0.031731024
10632893,1.7038629
10632936,9.641431
10632973,0.072740175
10633603,5.2062325
10633895,0.0420421
10634051,0.18111522
10634446,0.8706201
10634652,0.13822742
10634933,1.8962303
10635913,0.070384435
10636394,0.118351385
10636576,0.0020307011
10636755,0.4238809
10637378,26.093481
10644142,0.11586137
10645518,0.028804392
10645546,0.11692743
10646179,22.249527
10646642,0.36012316
10647051,0.104968116
10647977,26.687634
10648481,43.52236
10648628,0.09835057
10649625,7.4399695
10650496,0.06978207
10651786,12.676572
10652203,7.6286635
10652427,0.06499396
10652993,0.06461673
10653607,0.20107937
10653956,82.7784
10654319,55.50429
10654803,0.18464664
10656197,0.16064641
10656360,0.044408605
10656617,0.08028747
10656844,0.064104795
10657080,54.382214
10657771,2.0523498
10658613,40.451218
10659041,0.032336663
10659552,0.33869228
10659808,1.2669557
10659825,0.10586308
10659999,6.704338
10660058,0.086703874
10660121,66.00903
10660502,0.058170695
10665558,10.534462
10670128,45.81096
10670635,1.0770123
10670716,18.261972
10671323,0.15456423
10671380,0.2933745
10671576,1.1851143
10671589,0.10686362
10672723,26.938114
10672907,25.67163
10673293,4.197221
10673957,66.75491
10674299,5.21992
10674385,0.026596416
10674836,0.08862696
10674978,1.2002159
10675210,1.7033587
10675218,0.090807125
10676073,90.565445
10676246,0.037177652
10676766,0.080160215
10676786,0.06420685
10676937,0.24131246
10676959,9.12435
10679350,23.150229
10679588,18.500946
10679702,60.291084
10679740,0.081841014
10679868,4.8008957
10680344,35.901775
10680375,0.6707753
10681362,0.10042836
10681535,76.78115
10682536,1.8332741
10683459,0.08372481
10683993,14.417407
10684138,19.472248
10684159,40.374016
10684164,0.08556061
10684258,66.89817
10684843,0.10491945
10685439,65.8111
10685883,76.90875
10685892,78.39304
10686406,0.10563393
10686719,3.6995575
10686990,46.076515
10688178,61.939674
10695412,0.10825894
10696356,0.31481174
10696570,56.771828
10697332,0.14791605
10697868,0.14811224
10698161,0.00833909
10698557,0.06103345
10699318,78.90831
10699546,11.446048
10699580,30.02092
10700115,0.08250808
10700310,1.1786877
10700393,0.5794734
10700458,0.27467912
10701112,0.051492073
10701343,0.0728529
10701872,11.76293
10701931,0.061782252
10702087,0.025907084
10702489,45.688225
10702506,1.3832716
10703299,1.0375472
10703534,0.11186799
10704883,0.11404447
10705086,0.10379728
10705110,1.8391472
10705585,0.26186687
10706099,39.671013
10706430,0.22709486
10706850,17.198404
10706857,7.0799384
10707557,0.060280204
10708420,5.6534905
10708561,3.3263192
10708584,0.5468849
10708789,0.13636935
10708999,42.00062
10709205,78.71783
10709249,82.91914
10709570,0.08263042
10709859,57.836926
10710788,0.107579574
10717518,53.938698
10718789,55.33421
10719319,37.875114
10719585,0.08884206
10719995,0.17885728
10720124,0.21350281
10720191,0.24782515
10721301,0.04274379
10721609,0.11217532
10721909,0.08095943
10721957,0.362691
10723142,0.88845205
10723230,0.09492506
10723310,28.255264
10723651,0.08355479
10724150,15.726474
10724373,12.972757
10725310,0.08758445
10725410,0.10645872
10725467,15.731854
10725570,0.09285732
10726217,10.830362
10727010,51.315918
10727155,0.18561068
10727559,0.118358895
10728067,0.82168657
10728750,0.007882386
10729016,76.095955
10729421,64.45034
10729750,1.190356
10729911,0.010538521
10730260,1.2908428
10730693,71.918594
10731317,9.168658
10731545,68.74086
10731673,0.07444082
10732265,0.26512402
10732441,0.7682297
10732564,1.1467713
10732710,10.383112
10732830,0.15122136
10733012,0.06922976
10734081,0.23193559
10737301,0.030851562
10741013,0.12923917
10741445,0.34068838
10741638,0.11826259
10743361,0.011167716
10743445,40.05193
10743488,0.15800789
10743489,0.12767275
10744110,0.034048848
10744427,0.19397178
10745696,50.724396
10746029,0.11549642
10746511,1.0184457
10746785,0.023012374
10747030,0.12340317
10747093,0.12132064
10747346,0.0481987
10747810,5.9776015
10748040,37.528908
10748496,0.05723073
10748793,14.556601
10748860,0.10121731
10749081,21.211964
10749273,0.06260666
10750143,0.38183644
10751336,0.108151
10751938,0.46956444
10752111,0.015340773
10752798,0.053650867
10753120,0.044283204
10753199,10.510796
10753967,0.13474464
10754079,1.4139299
10754087,82.23442
10754796,0.08277057
10755235,0.47682938
10755415,0.036610857
10755419,0.090246916
10756521,3.022304
10756804,0.12957044
10761649,0.46128598
10761792,0.19149286
10765525,16.372177
10765607,44.65486
10766138,0.10958065
10766262,0.26532954
10766309,31.228832
10767935,0.0660467
10768289,0.02981042
10768463,0.08321066
10769127,51.924316
10769208,70.82918
10769917,0.07947066
10770507,18.949337
10770541,15.396753
10770544,15.500513
10770650,92.0
10770759,0.03256962
10770836,0.16660538
10771026,0.015042858
10771052,0.1133526
10771754,40.816868
10771959,0.49805847
10772141,4.779315
10772535,1.0693378
10772764,0.32468325
10773150,0.07713791
10773475,20.495495
10774201,0.09339893
10776367,0.16972034
10777069,0.07489707
10777581,11.760653
10780568,0.09247999
10780675,0.12719575
10781170,0.40046406
10781583,0.43911225
10781865,0.082499854
10782390,31.844662
10782463,0.13142623
10782753,6.344259
10782966,0.038879067
10783044,1.7813686
10783175,0.39671725
10783448,0.23591383
10783750,0.10107068
10784969,0.28180256
10785643,0.06923665
10785752,0.18234575
10785755,6.782434
10786255,0.25740775
10786393,0.8466326
10786987,62.341602
10787042,4.3683653
10787056,0.28842455
10787314,7.2733407
10787316,0.11601243
10787482,0.47089934
10787823,0.08671217
10787897,0.52070075
10789121,0.08454704
10789163,18.483131
10789551,0.04545184
10789664,0.10459604
10790087,45.075584
10790425,34.570637
10790817,0.11689202
10791008,20.578838
10791190,0.92108285
10791277,0.13310987
10791753,0.06350916
10795948,29.764359
10798454,3.1116498
10798550,0.20439759
10798553,3.0952325
10799408,66.36046
10800831,0.26780182
10801360,0.9752652
10801738,0.012150553
10801937,0.16308683
10802342,0.026050994
10802654,15.557614
10804123,0.28815573
10805436,0.15297313
10805658,0.08833648
10805767,0.115052365
10807423,12.83241
10807460,0.043033045
10807685,0.117802545
10807702,0.08711699
10807789,50.489876
10808108,11.463094
10808493,0.03621132
10808999,25.776419
10809205,0.17553811
10809542,12.014071
10809958,0.08252885
10810042,3.645251
10810141,0.116169736
10810728,0.12998472
10810807,0.13266163
10811112,0.9602852
10811496,0.087615184
10811581,0.091016784
10811591,0.09182602
10812641,0.39704427
10812960,0.0697728
10813793,0.011151955
10822131,0.11184303
10823515,1.6013477
10823991,0.05490172
10824027,1.5538878
10824378,0.09670464
10824492,0.0813166
10824756,0.106947616
10825308,0.09299544
10826224,72.60637
10826734,0.06120012
10827051,6.3132777
10827093,0.110786736
10827307,0.2591097
10827567,70.7047
10828985,60.209614
10829384,54.64928
10829701,3.8570259
10830580,19.986267
10830815,10.274888
10831241,20.686937
10831913,0.07001558
10832123,1.0091202
10832131,0.3792493
10832172,0.07045249
10832913,0.06381793
10833173,0.082888745
10834145,17.122227
10834514,4.483998
10835173,0.046582356
10836657,0.10164466
10836760,0.038549654
10836805,30.709528
10836896,0.3308351
10837242,1.1119365
10837349,12.415194
10837442,0.05517437
10837508,3.2692413
10837866,83.471954
10838084,32.203094
10838188,0.35395998
10838791,0.19502401
10839036,0.107383266
10842610,10.335274
10843988,61.650154
10846184,0.018453188
10847986,0.098182455
10849426,0.08072804
10849516,13.1369505
10850026,30.432291
10850072,0.07831879
10851299,0.16255362
10851925,0.08314949
10852007,0.21686205
10852152,11.558906
10852790,0.068438396
10853313,67.64231
10853573,0.13152589
10853955,45.86222
10854168,9.35746
10854585,10.091384
10855312,0.28388578
10855464,86.74784
10857325,1.3511841
10857432,0.04109057
10857723,0.3712567
10858150,0.40115157
10858331,5.0952005
10858411,0.15710954
10858582,0.48732823
10858699,0.07640995
10858829,29.392727
10859514,0.06050238
10859773,0.3210693
10860176,20.627666
10860601,0.06565095
10861130,4.2757635
10861663,0.09764482
10861883,0.156445
10863069,0.114646874
10863335,0.060477454
10863853,3.2250066
10864062,6.4292364
10864782,0.19289558
10864852,1.0928079
10865235,0.09481876
10866450,0.036744796
10869804,0.107981205
10870670,0.07449423
10871497,4.202647
10872646,0.09582178
10872842,1.869845
10873150,0.24678946
10873374,0.39383698
10873946,4.9329953
10874577,0.096121475
10875244,0.13417384
10875296,0.7559587
10875500,3.9084408
10875536,1.0756056
10875630,0.13643605
10876137,0.45451856
10876317,0.23606929
10877191,89.32519
10877214,0.09734382
10877433,0.30857852
10878243,0.33148986
10879117,0.15828173
10879246,0.8412425
10879253,2.0644398
10880196,5.491453
10880486,0.3072619
10880846,1.5767106
10881075,0.026010832
10881347,9.964897
10882414,0.035195753
10882692,0.0979697
10883121,17.153421
10883292,0.08431639
10884185,0.04611221
10884260,56.8245
10884683,0.47867346
10884990,4.7087183
10885414,51.83431
10886453,34.806114
10886532,0.75141466
10886689,60.152557
10886778,1.8400679
10887091,0.09126121
10887262,1.9251868
10887265,61.3727
10887433,0.083592
10887444,0.05887518
10887645,23.92519
10887847,89.255264
10888320,68.31977
10888404,0.09917387
10889543,0.020726781
10895011,0.04314171
10896274,0.08607244
10896750,0.13277972
10897696,76.63839
10898205,0.42683744
10898458,0.12227142
10898767,0.11665456
10899030,3.953492
10900130,65.167984
10900270,0.16824472
10900511,0.5108371
10901062,1.6741016
10901255,18.900837
10902014,1.4333059
10902729,4.3653398
10903055,5.6061893
10903419,16.700459
10906344,9.118419
10906862,46.289574
10907380,0.1219367
10907477,0.076775886
10908209,31.759018
10908338,0.098234095
10908520,0.16866884
10908616,0.06269379
10908904,0.06010429
10909367,0.43732882
10909389,0.09907993
10909743,10.165298
10909987,65.90227
10910332,0.100930765
10910694,0.60911447
10913636,2.6835346
10914578,0.06965735
10914679,0.057256736
10915008,0.10971602
10915617,0.07889672
10918507,35.013584
10918885,8.438082
10919060,0.34928995
10919160,52.98227
10920487,0.036344137
10920758,0.30777517
10921091,0.124327384
10921135,0.08004849
10922736,0.51022327
10923161,50.36178
10924986,0.030498806
10925158,73.05028
10925844,0.020296508
10925899,1.9735473
10926381,0.15100469
10926473,0.04613952
10926625,0.11045124
10926997,0.14461367
10927228,0.011178462
10927972,0.08339476
10928176,0.112518504
10928250,5.972497
10929569,0.025337577
10930222,0.13604169
10930244,0.07441585
10931273,0.19614698
10932059,0.5395328
10934694,1.6727467
10937904,0.10559519
10938202,1.286135
10938519,33.82071
10938544,6.895912
10938850,11.095179
10939168,76.54199
10939344,21.094715
10940099,0.20965591
10940182,0.19636157
10941326,1.4624951
10941625,1.0612849
10941748,0.050038785
10941762,65.55902
10941782,0.08215457
10941982,0.09721586
10942806,0.11450084
10942986,0.11273662
10943005,74.87956
10943065,0.17759115
10943114,0.03279238
10943909,0.008241652
10943915,48.854454
10943951,13.393152
10944323,0.076861285
10944989,0.1493451
10945456,0.040825985
10945536,0.018818868
10945632,81.139786
10945985,2.6284394
10946644,52.002777
10947377,0.06793116
10947965,1.0847056
10948538,3.0875607
10948619,0.14664444
10948774,0.030786421
10949026,0.12328269
10951019,55.847332
10953231,0.114361
10955799,0.071233585
10956433,21.03472
10957003,0.06916462
10957579,0.061392806
10958169,17.32436
10958463,60.922554
10958668,0.05992501
10959341,0.014306879
10959754,0.0
10961231,55.05509
10962164,0.45824146
10962323,0.104425445
10962507,0.064462766
10962710,0.087622695
10963122,34.53437
10963433,81.828415
10965252,0.056058068
10965574,0.24845834
10965810,0.10187107
10966022,0.1111113
10966240,0.012976676
10966471,0.11848414
10967026,53.71761
10967404,1.8163074
10967698,0.11040852
10967760,0.03332355
10968498,0.13331164
10968828,0.08040676
10968894,20.247116
10968972,0.22549935
10968982,12.917892
10969203,18.91459
10969492,0.0979643
10969864,1.2849064
10970314,60.25628
10970381,16.44129
10970872,6.487924
10971200,6.1761155
10971444,0.051302843
10971590,1.3085369
10971781,0.06724131
10974609,0.067615375
10975762,0.0009930804
10978055,0.09969995
10978135,40.78949
10980266,0.05255427
10980554,0.07957649
10981677,5.5935006
10982173,0.1504794
10982449,0.20405288
10982490,0.091489926
10983426,62.699047
10983433,34.79228
10983794,0.5102221
10984202,0.105020806
10984340,5.363127
10985093,6.381009
10985169,0.01957379
10986007,0.27441776
10986246,0.47214574
10987024,83.62799
10987342,20.782366
10987461,0.24351656
10988431,0.2299844
10988682,67.18573
10988898,6.3999143
10989359,0.27302775
10989958,41.07778
10990088,0.09663187
10990123,0.93423223
10992628,80.29207
10994503,63.291817
10994530,10.454007
10995025,0.1847263
10995810,0.08258675
10995951,0.780425
10996034,0.21587832
10996215,0.10456878
10996416,1.4696755
10996424,0.10803592
10996466,0.6624973
10996543,0.08524225
10996946,2.1563473
10996977,0.85798347
10997172,0.63486934
10997236,25.497028
10997410,0.10551701
10997789,40.92262
10998154,0.18225117
10999819,0.8519665
11006092,0.052057527
11006093,2.1379728
11006134,0.15475255
11006779,77.05847
11007370,0.1925973
11007719,6.303153
11007827,0.15135366
11008081,0.03360905
11008371,0.08486451
11008530,34.580975
11008877,0.07917095
11009445,0.06611715
11009529,81.51529
11009761,1.5699321
11010008,77.00108
11010920,0.05566921
11010923,0.17895837
11012185,0.13327809
11013121,0.023255799
11013385,2.2133298
11014002,3.2505581
11014386,0.33168116
11015270,0.53660685
11015920,0.09932325
11016267,0.09202298
11016289,0.10043274
11016751,0.271801
11017918,30.4811
11018410,0.6653787
11018744,72.04231
11019597,2.9443035
11019971,0.9214848
11020405,0.09709531
11020862,61.623882
11021048,0.14870529
11021108,35.401516
11021148,10.636482
11021160,13.541232
11021221,31.48917
11021376,9.077197
11021593,5.412076
11021889,0.044030078
11022274,45.458183
11022523,1.6237644
11022864,27.013098
11022939,0.14794102
11030761,20.922142
11030995,0.15367845
11031876,0.031962372
11032098,0.07804485
11032472,33.348152
11032561,0.03929786
11032614,5.1048965
11032615,0.10915701
11033331,0.15407605
11033476,0.07609948
11035490,10.746087
11035722,0.1438866
11036133,20.986664
11037105,0.16815117
11037414,0.11791098
11037425,67.29478
11037514,0.10180439
11037962,0.14827836
11038817,0.13887484
11039124,0.04146571
11039158,1.5851479
11039221,1.5652225
11039478,2.1375387
11039689,0.041604154
11040114,0.13266298
11040513,0.07007463
11041690,32.72094
11043453,0.21646103
11043651,0.022754598
11043804,0.5010107
11044169,0.089778565
11044229,0.052971542
11044326,8.366625
11044369,0.09001838
11044383,0.14532283
11044397,1.6471722
11044578,12.420732
11045609,17.062527
11045683,3.9466395
11045981,0.033952378
11046564,1.0537461
11046590,0.20809451
11046598,74.2126
11046693,18.72349
11046801,21.73958
11046858,22.399237
11046927,16.230677
11046995,0.07599154
11047173,57.400097
11047193,0.057654954
11047353,0.066543594
11048669,67.82802
11053833,2.2074828
11056821,0.10591234
11057141,0.09522506
11057184,2.1127334
11057942,2.0119376
11058643,0.09899257
11058935,0.116306804
11059197,0.0505668
11059952,70.005356
11060328,66.68856
11060380,0.1324358
11060513,0.07622494
11061063,0.10223301
11061197,0.115557745
11061511,28.358952
11062031,0.17995287
11062629,0.13456675
11062697,0.20113537
11062704,0.14367744
11063065,0.06022177
11063451,0.6923762
11063535,0.124307774
11063671,0.25142604
11064012,4.233019
11064671,19.729803
11064777,0.023945522
11065571,0.059969615
11065633,0.07977513
11065965,3.3400128
11067629,0.12999348
11068187,0.6942414
11068630,0.083210245
11069031,5.7573476
11069102,28.78159
11069164,0.4412157
11069291,0.04600154
11069663,0.15689255
11070137,66.11159
11070633,0.052511275
11070795,1.2135903
11071503,0.09877841
11072683,0.58633775
11077282,39.39228
11078285,0.04098169
11078388,0.11209512
11078640,0.016359175
11078859,0.09819994
11079022,47.342304
11079478,0.101045534
11079731,34.566322
11081261,3.930469
11081447,0.1279644
11081671,0.2830157
11082443,9.642377
11082830,0.05878998
11083755,35.922146
11084143,64.39494
11084436,47.488113
11084965,0.23865104
11084990,0.25176567
11085012,5.235154
11085352,0.09249242
11085397,0.030745914
11086379,0.05806007
11086720,81.129715
11086972,7.9687986
11088381,9.951304
11089123,7.827881
11089290,0.15831432
11089397,10.357387
11091488,0.11399917
11091565,0.09174399
11091711,0.080427215
11095719,53.26184
11095796,9.126611
11096034,1.5013855
11096605,15.629514
11098152,0.19240852
11098335,8.847596
11098551,6.311928
11098587,14.892477
11098829,5.2187004
11099089,7.219569
11099853,0.25416744
11100352,0.37463123
11100490,69.98894
11100541,54.753334
11100996,0.074132286
11101525,0.9317066
11101926,54.757637
11102164,0.044572894
11102712,0.1203413
11102976,0.10543666
11105182,0.09685188
11105331,0.029691685
11105457,50.794804
11105533,2.0239093
11105968,0.16999377
11106206,0.18028158
11111303,88.29581
11113333,0.11117096
11113554,0.26504612
11115324,0.024781633
11115426,37.789894
11116289,0.12557302
11117800,0.09800888
11117896,3.3624923
11118404,0.71701175
11118437,12.518888
11118670,0.09945661
11120851,6.2009764
11121029,67.48088
11122003,59.920715
11122042,43.08894
11122822,5.6737037
11123276,0.15364347
11123735,40.341133
11124058,0.02887949
11124422,0.10233197
11124613,26.377483
11124655,43.295036
11124862,0.25989044
11124954,0.123164095
11125166,80.573135
11125209,66.99425
11125724,0.109575585
11125894,0.078538105
11126103,0.1498718
11126226,0.06432388
11126621,2.3266554
11126759,33.294228
11126767,0.09349589
11126883,2.0712378
11129145,0.0739479
11131304,18.804373
11132775,0.077627644
11134972,0.2089063
11135512,5.5888753
11136050,0.09158009
11136924,0.07125036
11136996,0.16864568
11137712,0.07050769
11137758,54.381615
11137966,0.10691072
11137993,0.03221222
11138618,0.043549053
11138823,72.72425
11138901,0.056996275
11138910,1.938668
11139180,0.13408403
11139968,34.035004
11140165,23.171005
11140302,78.73933
11141939,5.367234
11142154,1.1365355
11143122,13.237071
11143222,0.15209398
11143462,57.411938
11143545,0.07023026
11143891,2.7616735
11144011,0.03171798
11144409,0.26614898
11144496,0.09743251
11144544,16.05135
11144715,49.99261
11144797,1.7823122
11145222,3.7099862
11145523,0.057874095
11145689,0.022635497
11145913,8.689402
11146017,4.2540464
11146432,89.02104
11146488,0.21559326
11146502,0.0314178
11147172,0.6722077
11147693,0.111980535
11147823,0.04815397
11147918,0.09012814
11148320,0.17774494
11148342,5.5630474
11148433,0.2847727
11148990,1.8233318
11149221,22.745945
11151100,1.3989666
11151103,4.3503857
11153891,0.23325166
11153996,0.14643963
11155963,0.8493163
11156427,10.047031
11158544,0.24430215
11159093,21.740463
11159400,0.1140997
11159720,0.14572963
11159859,0.05532994
11160167,29.408245
11160700,0.22177067
11160734,0.5724319
11161067,26.790512
11161207,0.13370356
11161660,90.34097
11161908,6.980113
11162192,0.17589217
11162475,4.025412
11162591,0.051965512
11162906,0.07427718
11162977,20.623968
11163043,0.08213075
11163136,0.04689141
11163491,12.361695
11164047,24.78071
11164714,47.396904
11164743,0.10830965
11164967,3.7687645
11165063,0.10188
11165126,64.48047
11165328,11.820151
11166113,52.395557
11167085,0.06976135
11167183,0.044377822
11167381,18.18282
11167618,4.814594
11168007,0.09153205
11168411,0.07469846
11168514,0.06632923
11168825,15.412608
11169660,2.8853822
11169926,0.031930465
11170165,28.749668
11170320,0.040277604
11170672,1.8009285
11175261,6.946308
11175685,49.37771
11176944,0.6173868
11177192,0.06800543
11177205,0.011777891
11177756,3.5856261
11177837,67.94005
11178582,3.279126
11179088,0.07587653
11179160,0.01952066
11179453,0.3692382
11180110,0.3389588
11180903,10.871405
11181379,0.022513267
11181405,67.78005
11181948,0.24423628
11182179,0.17245308
11182302,15.887057
11182804,32.320198
11182862,0.11926003
11182867,42.070652
11183391,34.48479
11183669,0.085583225
11183868,30.089148
11183878,13.858408
11183989,0.012462312
11184440,0.045451503
11185068,0.22518122
11185197,0.08685262
11185707,0.054562308
11185729,23.674685
11185849,0.11214968
11185993,2.642468
11187424,69.42705
11187722,11.417771
11189017,0.09001602
11190071,0.31687385
11190248,58.737892
11190303,0.014414835
11190306,0.022013966
11190497,10.216071
11190511,14.310799
11190515,0.03647356
11190519,20.230515
11190604,0.34604245
11190698,66.787605
11190701,0.08402543
11190831,57.49579
11191242,56.77873
11191459,0.07937394
11191474,0.5794496
11191763,0.08776693
11191899,0.07542038
11191992,0.089330666
11192139,0.07797888
11192178,0.26494375
11192257,30.297785
11192516,0.23091364
11192586,0.051721275
11194693,87.895195
11199636,0.3177956
11200375,4.308837
11201486,0.071375065
11201676,70.4213
11201707,0.09501509
11202061,0.09049554
11202399,0.12060459
11202569,17.414188
11202649,30.42694
11202870,14.664772
11203313,0.06150616
11204732,0.14921322
11205241,0.070633315
11205265,0.69146585
11205447,7.7938523
11205980,0.079857945
11206340,4.7586927
11206364,0.14375708
11206528,0.15064189
11206920,1.0557048
11207036,32.352337
11207101,3.47903
11207181,0.051412947
11207238,0.07750209
11207722,0.12646058
11208218,1.0445317
11208635,0.033924066
11208720,0.08057066
11209647,4.7933035
11209798,62.35193
11210604,3.5884948
11210913,0.05120175
11211310,0.0899313
11211589,1.0187864
11211612,0.08869499
11211665,0.043212034
11211669,0.28497192
11211865,2.7548957
11211985,0.07655954
11212177,43.436226
11212449,46.770718
11213730,0.068579786
11214883,0.6027191
11215771,0.23043308
11216394,0.040796947
11216492,0.16220783
11216918,0.31173474
11217893,0.12963043
11218116,0.2399168
11218246,0.21590778
11219929,10.30696
11220997,0.027448356
11221125,45.43578
11221362,0.088286735
11221482,0.39465222
11221821,30.953938
11221835,22.610283
11222408,10.303822
11222927,0.08226033
11222933,41.055496
11223389,50.896908
11223800,0.25514916
11223995,4.5286927
11224460,0.04214291
11224970,0.08220963
11225219,1.9915997
11225591,3.8081005
11225819,0.030211587
11225849,0.09399606
11226397,5.4466834
11226985,0.16323778
11227489,16.041159
11227558,78.60006
11227612,0.038637087
11227620,0.29053155
11228416,0.068809554
11228502,0.14187038
11228512,0.022332653
11228726,0.09369123
11229663,11.177657
11234656,0.7340854
11235102,0.07390867
11235370,0.9724172
11235824,59.804375
11236956,0.13729553
11237554,0.042332817
11237750,0.10796273
11238039,0.012881316
11238591,0.44762546
11238744,14.996222
11238936,0.26300448
11239248,19.041492
11239295,1.0234163
11239332,1.1363782
11239716,0.19743328
11240074,0.0072444626
11240470,0.24359925
11240749,0.09710582
11240758,0.022379307
11241043,0.51449263
11241381,0.111565985
11241637,0.10027514
11241794,8.051888
11242039,7.518866
11242292,0.029436756
11242310,0.08237053
11242469,0.02691415
11242777,60.613384
11243434,84.77617
11243444,68.28275
11243621,1.6561935
11244622,39.2067
11244946,0.058725946
11249069,0.07236679
11250755,3.6614697
11251296,80.77559
11251308,60.921486
11251511,0.5421341
11252576,0.01727362
11253076,1.8054899
11253351,0.010830566
11253929,75.12929
11254338,0.03158253
11254551,0.4658472
11254989,7.4740944
11255088,0.012918441
11255157,78.52226
11255694,30.802073
11256539,0.022030115
11257441,2.3999639
11257497,0.118431404
11258093,0.14248247
11258391,2.0915291
11258564,12.188343
11258581,1.932306
11259306,8.842619
11259376,0.06841018
11259488,0.043762557
11259989,0.0109979035
11260360,0.02429316
11260417,0.25041133
11260657,0.13635352
11261409,0.17521161
11261571,0.025113279
11261600,6.070159
11261753,0.019706499
11261870,16.17863
11262072,0.109933674
11267601,0.044398524
11270724,1.6281544
11270782,0.25415736
11271818,0.5775995
11272475,0.42097974
11274554,1.5521978
11274685,0.066450685
11274790,0.10303651
11275850,0.4853393
11275898,1.8898094
11276353,54.773308
11276602,83.030396
11276876,0.06124624
11276915,0.38439518
11277343,0.030038584
11277765,0.25558224
11277955,0.06857975
11278290,0.17608805
11278868,4.5525346
11278993,90.43686
11279405,0.07655737
11279652,0.019457785
11279820,0.06081599
11279847,10.871758
11280089,79.01636
11280391,21.998976
11280429,0.057653893
11280492,0.18778528
11280583,32.536922
11280866,28.922474
11281365,72.59787
11281393,84.13487
11281913,0.016867137
11282325,36.145153
11283088,0.040285554
11283535,0.07696783
11284186,0.42958474
11284626,0.0017316841
11291158,0.08667781
11291559,13.439853
11292217,0.056382764
11292338,60.60256
11292496,0.035233535
11292970,0.031077579
11293006,9.747007
11293662,0.01616077
11293767,0.05531315
11293937,31.397015
11294494,0.094766624
11294538,0.16787791
11294902,0.0355671
11295457,0.015013611
11295630,0.05116781
11296409,26.718195
11296590,1.5704635
11297941,4.637211
11298162,61.82783
11298300,0.25560996
11298511,0.09552529
11298615,0.071916685
11298718,0.08698568
11298867,0.025515888
11298955,2.1745815
11299099,0.08624179
11299717,0.038944192
11299824,76.052956
11300198,0.027401417
11300414,0.004641391
11301286,0.35787365
11301359,0.5038042
11302298,0.0060095447
11302389,0.01934982
11302521,0.1174017
11302886,12.824736
11302971,0.038618214
11303015,0.020488244
11303236,0.015840007
11303306,2.802675
11303478,0.03539422
11303624,22.567146
11303818,0.012227098
11303934,74.88121
11304069,10.291768
11304325,0.13684842
11304805,9.547197
11305815,22.652138
11306483,0.08484687
11314451,49.98963
11314756,2.0308564
11315042,0.077677436
11315425,0.07656245
11315578,38.888947
11315644,64.214966
11315999,76.26845
11316411,1.1233122
11316674,0.11799004
11317742,9.088508
11317816,0.19937207
11319105,71.84216
11319762,10.762069
11319858,0.11519786
11320246,24.41612
11320849,48.014
11321005,0.4672733
11321410,1.5530074
11321484,0.02658854
11322077,8.749029
11322263,0.089717545
11322323,0.58236206
11322391,0.67224896
11322591,4.76258
11323007,0.53654206
11323397,67.92314
11323433,58.316406
11323444,58.521046
11323476,0.0120103555
11323526,67.15442
11323529,67.683334
11323545,0.13601156
11323583,40.11904
11323609,67.04518
11323801,21.495386
11323922,0.06161695
11324173,65.06923
11324200,0.18325081
11325050,14.387149
11325485,0.065248445
11325499,0.01759757
11325635,67.62938
11325656,0.06979543
11325695,0.32343155
11325775,4.2596035
11325941,2.79132
11326009,4.250149
11326272,15.542043
11326908,0.053348225
11328979,5.666676
11333478,6.6245255
11334476,49.554802
11335160,0.38542014
11335302,0.81866467
11335747,48.78248
11335931,15.156403
11338624,0.004675084
11338807,6.2229853
11338848,0.26142445
11339046,0.18577991
11339377,0.4087471
11339876,0.2995193
11340424,0.03148012
11340542,0.0070816306
11340781,12.426344
11340871,0.014457086
11340884,4.6636796
11341650,0.005579187
11341723,0.040544696
11342027,0.0072379755
11342626,0.058243584
11343196,39.081245
11343331,13.421481
11343728,0.064190224
11343779,0.07797229
11344102,20.4017
11344203,0.0006617742
11344745,0.10099192
11344750,75.354225
11344902,8.566107
11345083,0.24911483
11345116,0.7166711
11345723,0.05531907
11346699,0.05222168
11347963,0.010159527
11351798,2.9048605
11352165,0.066537976
11352494,39.889935
11353310,0.22356257
11353885,0.0947157
11354002,0.22031581
11354781,0.043722995
11355823,17.342838
11355871,0.10085102
11356941,34.313553
11357052,0.274132
11357182,3.834395
11357237,36.176792
11357269,76.55513
11357606,0.314076
11357735,7.274624
11357801,47.04011
11359026,0.21647426
11359610,1.4265854
11359701,0.38721055
11360407,25.63977
11360854,5.305484
11361106,81.50744
11361320,0.4031941
11361471,13.219706
11361502,0.5195225
11361791,0.10856823
11362029,0.1356382
11362387,38.596195
11362414,2.9798138
11362506,0.12621242
11362675,0.0
11363037,5.933236
11363459,14.417929
11363537,0.012202004
11367687,0.06035034
11368277,0.74470127
11369211,1.1700213
11369889,0.8068091
11370129,7.1611643
11370914,0.44573754
11371510,0.045893796
11371773,2.1004214
11371974,0.19422631
11372088,0.034460653
11372929,0.007351654
11373637,0.01936591
11373899,0.10339314
11374189,0.14663832
11374317,54.24369
11374387,1.3081422
11374404,0.22854355
11374453,8.621183
11374542,0.30940026
11375128,0.05611247
11375235,0.09205428
11375733,0.08219851
11375875,0.023718541
11375909,0.27008814
11376516,42.424934
11376684,72.00926
11376730,7.576312
11377233,15.940283
11377308,0.36202225
11377582,43.938755
11377665,14.155523
11377777,0.065008104
11377966,0.02320199
11378048,16.673176
11378146,1.0960152
11378821,3.2338002
11378856,0.32509276
11379331,0.48652163
11379978,0.09113066
11380176,0.03578163
11381288,6.0164976
11387191,82.31137
11387473,0.03830508
11387731,0.21731138
11387925,0.05887878
11389328,0.018033747
11390263,0.047020543
11390265,0.010618516
11390786,3.2308908
11391101,13.770996
11391284,14.720349
11391457,12.531958
11391476,0.0560187
11391541,0.69037926
11391713,0.5936085
11391811,0.13376115
11391863,13.454082
11391896,0.020984879
11393199,43.292446
11393822,0.15865192
11394189,54.49407
11394389,25.351248
11394722,0.02801773
11394906,0.48179063
11395511,36.916992
11395752,0.08259966
11396083,40.54432
11396198,20.37933
11396906,22.736607
11396922,6.8665338
11396943,0.050126545
11396957,0.9323206
11397010,0.009671702
11397187,46.853397
11398266,0.04276605
11398939,0.008441864
11399642,1.6629145
11400001,36.67519
11400460,30.410763
11405149,0.080285035
11406174,0.09444325
11406761,1.5337423
11406814,0.030566856
11407817,0.033033095
11407839,50.270565
11408491,0.046210043
11409352,4.2492285
11410116,84.637245
11410580,0.1801833
11411111,0.12510274
11411552,0.15584902
11411760,4.1439342
11411839,2.2564359
11412104,12.790793
11412169,0.06627769
11413034,27.523056
11413562,0.11492183
11413728,0.017825726
11414531,80.20018
11415685,0.019454788
11415772,41.232246
11416121,0.0059284614
11416321,1.7408836
11416953,5.6960278
11417214,0.02220645
11417447,13.35601
11417923,23.091015
11417985,0.17335352
11418784,0.13171919
11418938,78.659546
11419133,0.020994741
11419305,1.9331837
11419407,26.817102
11419481,0.044821873
11419565,0.0494932
11419801,0.07517366
11420657,0.025970701
11420814,6.478154
11420840,35.482193
11421292,73.531525
11421345,23.37663
11421477,43.67595
11421502,18.208227
11421608,38.168804
11421679,0.037344597
11421969,42.04029
11421994,64.475815
11422056,70.558624
11422256,0.41583776
11422359,9.573323
11422779,7.15838
11422825,0.12118405
11423050,1.7677149
11423260,0.07987093
11423400,0.06272696
11426779,0.25731152
11427854,0.16861796
11428129,0.018950524
11430572,61.663902
11431669,0.07316824
11432120,41.26682
11432431,1.6361983
11433851,0.048439465
11433954,0.09690243
11434047,0.031709023
11434565,0.09510135
11434934,7.5538583
11434982,6.960336
11435373,59.872803
11435419,0.18130013
11435529,0.6326668
11435841,71.00685
11436132,44.97579
11436982,0.11395626
11437323,12.98691
11438045,0.082089916
11438561,24.17326
11438999,0.002748424
11439208,1.5964867
11440004,0.15989378
11440243,0.023163458
11440548,3.649067
11440798,6.152257
11441130,0.039067887
11441138,42.842037
11441293,8.385988
11441498,0.110308364
11442376,0.15648362
11442670,0.19062975
11442701,0.021174865
11443028,0.011631794
11443205,6.995034
11443421,8.5190935
11443837,0.07277395
11444224,7.1922674
11446915,4.839216
11447448,27.31666
11447550,48.33007
11447572,24.040386
11448534,0.17859939
11449801,0.031129431
11450241,0.057671655
11450458,2.583385
11450791,0.020401169
11451597,54.50836
11452958,0.018400948
11453557,0.022234624
11453815,0.021729851
11455062,3.0845895
11455267,0.084742054
11455351,0.11952708
11455873,24.62616
11456014,0.96190566
11456047,0.0025729171
11456088,0.09108242
11456179,0.019788373
11456753,0.56587505
11457332,24.812963
11457547,30.425787
11457577,0.45207596
11457693,0.004980354
11457714,0.19210386
11458219,24.063652
11458475,0.03599579
11458516,0.52301705
11459084,5.666114
11459099,0.004211352
11459958,87.98691
11460617,1.4945695
11460773,44.478477
11460933,0.4536267
11461331,6.319113
11461509,0.31986302
11461813,15.7397585
11461918,0.038070098
11461980,0.06570297
11462136,65.131775
11462148,0.044551663
11462241,0.26226482
11462440,0.02171177
11462446,22.492306
11462720,77.06799
11462828,0.024844494
11462836,2.3613229
11463363,2.0064664
11464188,0.013739112
11470197,0.0129485
11470210,60.467285
11470530,13.337232
11471104,0.5178822
11471120,10.787388
11471575,0.5487173
11472013,0.054611616
11472060,0.026937122
11472593,1.3736019
11473571,4.47511
11474206,0.8110903
11474440,0.05965353
11474496,0.26696622
11474664,82.980606
11474958,20.973087
11475174,0.032520402
11475664,0.08071886
11475777,0.07310704
11475963,71.45149
11476271,0.17560682
11476912,0.18007855
11476971,0.021531504
11477187,15.211115
11477203,71.76871
11477302,0.5106038
11478453,0.1707454
11479296,0.5610525
11479550,0.21046212
11480726,0.57589036
11480835,0.0132532
11481357,0.068141885
11481544,0.32528666
11481548,20.332567
11481656,23.983627
11481723,0.057684373
11481822,0.022096882
11483117,1.4864734
11483376,34.87853
11486357,2.4519074
11487102,0.79631996
11488475,14.747057
11489613,16.320333
11490330,0.1649048
11491051,0.024806723
11491092,0.1708414
11492508,15.482584
11494114,38.100967
11494226,0.1625252
11494510,0.014133843
11495048,0.9059266
11495797,1.3934078
11496387,0.0058266493
11496584,33.18089
11496607,61.40464
11496968,64.49623
11497341,46.215214
11497449,11.55008
11497469,0.021753302
11497474,1.2177979
11497677,0.01627079
11497760,0.032230265
11497795,0.47815236
11497826,9.084085
11497855,1.5492198
11497883,0.0625043
11497938,10.989927
11497996,0.017692233
11498017,2.539021
11499224,0.5025161
11499514,0.02014834
11502010,14.775432
11505351,0.028838163
11506248,1.2446731
11506960,0.003931933
11507286,0.07402357
11507817,52.895348
11507900,0.13184953
11508105,7.723666
11508499,12.530085
11508642,68.51402
11509497,0.69328517
11510417,24.623169
11510483,40.054558
11510524,0.5693344
11510624,0.032403536
11511154,0.6948045
11511197,1.6268305
11511431,36.740547
11511507,5.266008
11511592,1.9335804
11511603,63.54706
11511643,6.595712
11512267,0.012988262
11512366,1.3235835
11512404,0.47857007
11512622,0.46877748
11513249,0.29338664
11514229,13.800262
11514943,4.5116696
11517530,4.297803
11518206,2.071584
11518834,72.269295
11519438,1.8056955
11521111,0.06320841
11521447,80.676834
11524437,3.4017653
11524783,1.3170534
11525495,0.06792876
11525851,0.06847209
11525940,0.14389864
11526771,0.065276146
11526816,0.024267415
11527477,0.007524082
11529467,0.8598155
11529598,40.491837
11529701,9.2442045
11529770,0.903516
11529778,77.21513
11530592,0.3393667
11530668,2.808125
11530851,84.14641
11531130,0.07163222
11531134,6.468753
11531322,4.933221
11531338,0.047779907
11531356,0.023342524
11531434,0.082555205
11531570,0.017417684
11531708,0.057443716
11532045,10.329753
11532391,0.018337622
11532526,1.8736674
11532531,20.418108
11533402,0.024716567
11533501,52.061462
11533760,7.1459527
11534035,42.330505
11534543,0.59175086
11535351,59.243202
11540867,3.9154122
11543031,0.03184582
11543818,0.1321375
11544234,0.06577246
11544408,20.624529
11544438,55.010475
11544737,0.0138945
11545979,26.295614
11546021,40.982014
11546119,1.8092387
11546336,0.06601832
11546520,0.14014421
11547352,0.010752671
11547379,29.610886
11547400,12.934196
11547596,0.02888841
11547640,55.33651
11547967,45.445995
11548043,0.021267856
11548429,26.266687
11548744,0.44423848
11549061,0.07597425
11549213,0.06963573
11550670,22.45113
11550967,0.13566978
11551271,0.072057284
11552402,78.4737
11552627,0.15004191
11552651,12.265025
11552717,0.6040452
11552808,50.330315
11552907,2.4714909
11553357,9.291242
11553359,0.024001226
11553403,6.981036
11553451,0.02797162
11553484,55.224342
11553543,22.452646
11553749,1.9353855
11553908,0.0068905107
11554076,0.053830754
11554091,38.30971
11554113,9.444772
11554172,0.06850105
11554224,0.026811708
11554428,0.13395509
11554894,32.914074
11554990,0.048818927
11555360,0.9783701
11555593,20.329159
11555646,0.027701199
11556043,0.05660656
11556421,0.010440175
11559698,8.59743
11561228,0.6215662
11561251,52.503674
11562827,0.0011405796
11563472,9.842841
11563484,0.009389907
11563582,0.032013156
11564228,0.8312109
11564448,0.00012794949
11564742,27.558598
11564960,0.012773305
11565062,0.0609838
11565272,2.5414321
11565394,0.503795
11565841,4.3967094
11565921,43.22962
11566457,0.033448644
11566577,28.825968
11566601,0.006019733
11567620,0.067932144
11567648,0.0411753
11567964,0.46973658
11567978,83.23743
11568026,2.5706773
11568039,0.0030807208
11568343,0.1790411
11568637,79.410446
11568937,0.009166546
11568987,73.34388
11569226,55.160767
11569354,0.052464157
11569560,0.70639133
11569882,0.19893447
11570121,0.13395962
11570148,0.011244721
11570191,0.13337736
11570685,60.638134
11571119,59.26991
11571180,0.029049125
11571416,41.86966
11571525,6.458274
11571619,0.08024715
11571841,64.47661
11572181,71.6192
11572529,67.6393
11572967,30.330154
11573090,0.41303307
11573143,0.02207529
11573155,7.313872
11573249,0.033269815
11573269,6.256189
11573316,0.123800516
11573695,0.0032265682
11573939,20.2866
11574057,0.00490499
11574461,58.059303
11574674,51.362263
11574679,0.01661215
11574785,47.24087
11574884,30.2535
11575767,30.885494
11580884,0.007889913
11581423,0.45403352
11581475,0.12298872
11582733,19.76684
11582842,1.8203691
11583591,49.44763
11583798,1.7378998
11584182,4.2355876
11584344,15.574008
11584535,49.420567
11584823,0.018091079
11585072,0.2178016
11585163,3.5167878
11585636,33.918385
11585740,4.433484
11585873,0.14166987
11586599,0.044771913
11587722,31.373005
11587779,0.047912598
11587800,0.06163033
11588003,0.0035117404
11588098,0.49284142
11588250,71.06788
11588364,0.023568908
11588746,0.9226589
11589448,6.4429765
11589713,0.02420349
11589772,0.832036
11589822,0.24878252
11590013,0.8308469
11590585,0.9931272
11590855,0.048701614
11591118,0.512764
11591141,0.024877762
11591276,0.033993505
11591283,15.258077
11591497,0.005836866
11591546,59.609253
11591700,34.863796
11591798,79.00553
11591840,76.55376
11591921,38.400635
11591983,0.070098616
11592367,4.219673
11592831,64.44033
11592893,0.016129132
11593012,59.73371
11593187,56.52146
11593290,0.023404941
11593514,0.024494324
11593690,19.44601
11593727,67.717186
11594063,0.8832731
11595466,2.3259037
11597942,0.28386015
11598370,0.028019577
11598905,0.070952944
11600477,0.05521544
11601086,0.03911634
11601567,0.11944934
11601634,41.66562
11601695,2.3001308
11602485,0.018611994
11602574,1.6479038
11603201,0.47966227
11603328,0.026197191
11603588,65.588745
11603613,0.051546104
11603642,0.2548548
11603903,14.205427
11605696,18.484137
11605983,4.0095797
11606320,0.03060466
11606898,9.94905
11607591,3.7593834
11607729,61.477608
11607764,0.056953173
11608343,36.15166
11608528,0.056341797
11608984,0.049421865
11610197,0.08821381
11610260,7.504546
11610570,0.14261995
11610853,0.48932156
11611063,0.14660898
11611213,62.48651
11611273,0.079983145
11611809,0.08097001
11611999,37.841125
11616521,0.06295595
11616592,59.43465
11617720,0.6348435
11617815,34.814648
11617817,0.01804516
11618854,81.43727
11619028,0.028879577
11619103,24.796814
11619278,25.33919
11619483,0.15529433
11619832,59.21654
11620137,11.058554
11620335,0.10703782
11620541,1.8150905
11620688,23.852243
11620706,5.876094
11620931,0.5050351
11621452,82.50948
11622588,0.05170647
11622703,28.655895
11623281,24.312105
11623480,0.012023324
11624287,54.542213
11624657,2.598781
11624694,87.12933
11624922,0.044882033
11625244,57.387318
11625274,7.500226
11625684,54.741753
11625822,0.40929714
11625980,0.67003673
11626139,34.820538
11626620,0.050637055
11626697,0.030915182
11627479,1.1917918
11630834,0.02301411
11631639,0.012887726
11632742,0.050577283
11633183,0.7526199
11633413,0.7529843
11633999,15.751829
11634140,66.44175
11634797,1.8016176
11635265,0.024904191
11635505,9.277886
11635760,2.2434778
11635764,0.001570363
11635791,2.7069817
11636784,44.025795
11637131,0.1453754
11637245,0.000190799
11637669,40.774586
11637733,5.3377657
11638070,7.8370714
11638187,0.13837254
11638339,0.014740443
11638534,0.6315545
11638577,86.357
11638693,2.8407834
11638727,1.3800207
11639109,0.04046786
11639708,0.15676633
11639754,0.06970613
11639940,0.95704687
11640318,0.08549605
11640637,1.4207256
11640682,0.02549408
11640800,1.8951933
11640894,0.3384989
11640978,0.0076855808
11641041,74.24203
11641222,0.14919259
11641258,4.525757
11641273,0.111985184
11641793,0.035589453
11642165,0.009185998
11642198,55.40497
11642973,0.09359418
11643472,25.441525
11643809,7.2947745
11646243,48.49869
11646875,21.58865
11647383,0.5118629
11647490,0.37530115
11647618,72.03243
11647648,62.626343
11647692,80.94503
11647799,0.060148083
11648163,72.87247
11648365,0.04854267
11649096,30.072474
11649217,0.7786261
11649561,0.3798667
11649885,0.5122642
11649961,0.3632563
11650429,51.436657
11650504,0.03050881
11650735,0.024558555
11651142,6.0311303
11651505,71.86393
11651528,0.022347735
11651929,1.2241204
11652232,53.181164
11652262,1.7134941
11652282,0.015672665
11652590,0.2074691
11652843,0.018161742
11654370,0.37860557
11654372,0.023468833
11654477,0.014991656
11655500,30.120358
11656227,0.017951002
11656367,0.31674755
11656393,5.066121
11656567,0.01003005
11656721,0.12815724
11657101,21.534466
11657418,3.43131
11657426,0.304815
11657520,29.089527
11657552,0.30212623
11658232,2.5350096
11658358,1.6162018
11658372,0.06309466
11658539,0.013900081
11658608,1.0722212
11658674,44.07472
11658678,0.021771686
11658855,0.17263353
11658885,47.63835
11658950,0.12340213
11659175,64.89061
11659180,23.953276
11659218,0.043373663
11659296,26.819805
11659603,1.1072489
11659676,36.975163
11659792,1.0030428
11660835,0.75954425
11661839,0.036844432
11665165,4.2746253
11667127,0.58826184
11667455,0.060302258
11667910,51.970284
11669704,50.645527
11669852,11.878401
11669908,49.125023
11670701,47.634193
11672849,22.421276
11672888,7.3666
11673320,30.12942
11673451,0.088180214
11673544,0.008294128
11673719,60.988384
11674081,4.6481137
11674858,8.074877
11675156,0.18965912
11675341,12.28274
11675540,0.19040018
11675634,1.8653857
11675715,65.48348
11675817,5.449283
11676726,0.002837663
11676920,31.92134
11676953,0.99291575
11676973,63.848267
11677431,4.246066
11677489,12.361707
11677499,0.9880533
11678073,0.16045928
11678148,1.1108463
11678410,24.423332
11678620,0.0
11679032,75.34444
11679128,44.19799
11679758,0.1445038
11681311,5.1282325
11685868,47.113228
11687348,67.23363
11687703,19.262783
11688507,0.025666695
11688806,4.555152
11689494,56.17527
11689603,37.53128
11689818,1.4665182
11690405,0.026414847
11690836,0.025705907
11691154,20.4125
11691166,18.414122
11691284,3.0738714
11691402,42.27818
11691825,16.18945
11692436,1.7238795
11693165,0.014518549
11693343,58.431133
11694274,9.001113
11694707,0.10246418
11695028,0.06740649
11695674,8.770157
11696214,0.081026666
11696852,0.040913023
11697031,68.48479
11697284,0.032650597
11697324,0.11901931
11698028,54.322113
11698323,1.8704662
11698352,0.17190944
11699131,0.094962366
11699192,49.46565
11699256,28.387976
11699367,15.86043
11699462,1.5654719
11700121,1.5117377
11700127,68.78791
11701304,42.19762
11701408,1.2384813
11702691,37.03608
11707576,26.325418
11708045,0.047955412
11709747,32.448814
11710235,0.094781354
11710348,46.567078
11710582,5.7909074
11711294,80.73859
11711636,0.044147737
11711957,71.25556
11712250,0.045822788
11712318,91.6284
11712388,0.006950316
11712550,37.23597
11712801,0.027360398
11712888,0.01639029
11712912,0.12423799
11713533,0.022995636
11713627,72.725815
11713659,0.064198144
11713848,35.759335
11714140,0.06533762
11714323,35.88496
11714524,33.417698
11714956,4.6288886
11715723,0.29039398
11716677,22.013477
11716947,3.3095634
11718329,0.021792755
11718547,53.211193
11719769,0.061753225
11719771,0.22713701
11719939,3.060821
11720348,0.10261305
11720909,71.63415
11721748,0.08229066
11721959,0.434381
11722329,0.25648093
11723385,2.172012
11724036,3.809571
11724873,71.11533
11729955,0.23639855
11730187,84.061295
11730569,0.050207056
11731412,0.80712956
11731896,0.00194677
11732377,0.04418559
11732851,26.984608
11733119,0.058043487
11733156,0.014485829
11733179,0.03331197
11733555,0.016774837
11733721,14.043213
11733833,6.22124
11733844,0.37456343
11736177,0.062448967
11737524,89.410355
11739399,7.9108634
11740742,45.894012
11740802,69.082016
11741711,4.7522902
11742244,0.32780904
11742329,4.678864
11742527,31.213171
11742689,0.02838536
11743257,29.838787
11743278,51.32708
11743826,0.29813322
11744004,77.70225
11749623,0.017877476
11750599,0.18145278
11751006,0.2510931
11751470,16.94
11751521,0.04422442
11751916,0.15631218
11751951,0.5379945
11753066,0.0036400869
11753199,3.9290855
11753237,0.025220165
11753579,15.219981
11753645,40.40741
11754084,6.6864457
11754131,0.020906102
11754563,0.10837736
11754686,0.18166861
11755010,2.061725
11755946,8.137401
11756349,44.613136
11757587,4.8688116
11757792,0.11200062
11758562,21.54562
11759044,0.07560641
11759202,0.1348559
11759457,1.7260964
11760186,26.411915
11761002,45.960556
11761373,10.361611
11765880,0.0047137747
11766492,30.439886
11766670,26.94787
11767697,0.51541376
11768657,0.080241516
11768746,0.106711924
11768873,0.14483039
11769396,2.8973763
11769983,1.8070717
11771293,0.06539203
11771422,0.0065959143
11771515,1.0955219
11772890,0.025068173
11774332,8.210662
11774793,0.037088413
11775342,0.071750864
11775483,87.97485
11775601,0.0031503527
11775730,0.08086069
11775838,10.502803
11776117,0.090588585
11776141,8.827271
11776931,0.071108356
11777182,62.558296
11777797,0.018886749
11778465,2.9427783
11778570,0.07960091
11784410,17.216047
11784650,0.01502073
11786452,0.026755493
11786894,0.01633074
11786930,17.987066
11787014,7.630049
11787290,3.8312669
11787813,0.021069251
11788075,0.28229922
11788542,0.3928488
11788559,9.296802
11789014,6.971263
11789224,0.022017773
11789422,14.980545
11789696,0.04881067
11790536,55.559082
11790749,0.040508382
11791225,2.8843484
11791673,22.114285
11791968,46.7288
11793542,0.042627983
11793601,1.8542049
11794695,0.07988988
11795407,1.697588
11795579,0.06754036
11796068,28.191427
11796761,15.635664
11798095,0.0
11798398,30.079245
11798590,0.61869586
11798782,2.283181
11798956,3.9914231
11798983,0.103562236
11799819,0.035666175
11800120,71.81284
11800658,0.0026671602
11800723,1.5389111
11800886,0.021778982
11801018,9.565661
11801105,0.0066363127
11801772,0.002366862
11801825,0.00993965
11802158,0.0026260593
11802367,51.488136
11802539,0.08910998
11804245,10.166304
11804381,0.25062624
11804400,2.2255173
11807243,1.07976
11808073,64.467514
11811342,0.014054487
11812076,67.47388
11812649,37.23248
11812819,36.210503
11813229,0.0631626
11813543,34.04353
11813695,0.31919342
11814079,38.802143
11814184,0.07007275
11815686,0.036856376
11816370,21.015722
11816814,28.346247
11816864,20.52043
11816944,0.01583292
11817037,5.714864
11817305,5.129813
11818015,0.031328447
11818137,66.55068
11818197,2.1555831
11818542,78.81999
11818728,30.001928
11819422,0.8235428
11820877,0.37569982
11821119,0.056227483
11821352,16.033695
11821371,0.36265108
11821404,52.480396
11821421,29.073156
11821428,78.823105
11822115,0.046987634
11822193,0.07636685
11824236,86.99385
11824245,55.003094
11824915,84.770424
11825145,0.16369629
11825529,74.66404
11825702,0.01936678
11825759,5.5012217
11825771,0.17890409
11826123,0.04308094
11826442,25.816288
11826465,0.7671317
11826602,12.75503
11826853,0.25812277
11827175,1.5894525
11827224,0.075796396
11828091,60.968334
11828207,2.93367
11828473,0.12106065
11829322,0.38560432
11829328,4.271441
11829628,0.08361165
11830682,0.8149395
11838349,42.29704
11839615,0.0
11839633,38.422607
11840771,69.18518
11841163,1.7769518
11841335,0.16953214
11841449,65.06893
11841988,0.12567261
11842200,73.78319
11842300,0.085029945
11843935,0.3883523
11844556,34.545418
11844833,3.4951897
11844839,7.206033
11845193,0.007789196
11847204,2.1683145
11847369,11.082417
11847762,40.220806
11847891,31.988117
11847989,8.735631
11848146,61.074017
11848926,0.059743397
11848985,31.905848
11850012,0.9767982
11850106,21.380169
11850262,0.6672297
11850334,0.42450953
11850410,12.664591
11850448,0.50274885
11850502,19.266447
11850771,1.840946
11850782,18.181396
11850865,0.028119469
11851186,0.03297975
11851560,47.095238
11851653,0.056092262
11851715,19.995295
11852071,2.8043308
11852768,39.18157
11858047,4.4493446
11858737,0.017651085
11859900,0.071173206
11859901,1.8310894
11860589,0.014866607
11860672,47.729008
11860918,31.639791
11861329,0.105963245
11861360,0.6781759
11861696,0.005189636
11862330,3.163133
11862411,39.10792
11862690,0.039797712
11863794,0.050564982
11864042,0.16201322
11864066,0.1825259
11864922,0.48390824
11865196,65.13276
11865398,2.883658
11866434,0.07194606
11867104,0.10765083
11867112,65.836815
11867277,77.26625
11868177,0.026442314
11868703,1.8968508
11868730,84.28694
11869365,18.718699
11869735,0.011140062
11869989,25.697811
11870183,0.13732749
11871539,0.0
11871645,42.156345
11871646,0.2561869
11871836,40.842228
11871993,78.32328
11872222,0.041957088
11872316,2.8115935
11872357,0.16403905
11872558,0.014490986
11872643,5.416081
11873075,10.546759
11873575,0.046420068
11874080,0.005452193
11875118,85.177475
11880126,10.970464
11880675,0.777291
11880867,23.32111
11881719,0.12212674
11882026,0.4194602
11883388,0.060933672
11884317,53.158123
11884931,22.408743
11885997,0.016652256
11888277,0.020185845
11890279,49.342136
11890343,79.45988
11890537,79.23673
11890794,43.377758
11890882,1.0565274
11891164,44.146454
11891181,0.05224778
11891268,0.76456535
11891358,1.0923798
11891606,32.46384
11891831,18.31965
11891901,0.029235616
11892023,1.0426991
11892476,4.577994
11892986,9.179357
11893359,34.025276
11893613,0.12383404
11893817,0.5143974
11895700,0.35792252
11896016,0.1898946
11899574,0.6592153
11903589,0.029555883
11904345,71.439606
11904610,55.117878
11904802,0.016004948
11904821,0.39293727
11905003,0.079573624
11905035,0.059398524
11905635,12.287362
11906184,69.61464
11906376,0.63969475
11906584,1.279701
11907019,61.40801
11907285,3.9834065
11908036,0.25596562
11908538,20.989874
11909028,60.4008
11909308,69.80463
11909349,0.04343752
11909622,0.0
11909668,60.725452
11909798,0.028199118
11910225,0.0
11910257,0.0018267601
11910586,17.387241
11910984,0.08734193
11911381,0.2386303
11911486,7.583818
11911820,4.7347507
11911879,40.021767
11917067,0.0031386744
11918530,0.86579466
11918575,0.71600246
11919385,0.55604434
11919593,5.8301377
11919920,0.12258277
11920151,34.614975
11920660,25.195724
11921650,0.022394452
11922580,77.80888
11923036,0.376587
11924022,0.2012827
11924595,0.0996122
11924804,0.024009649
11924943,5.242224
11925257,28.040766
11925501,0.11860373
11925767,53.989532
11926111,0.0
11926477,16.719433
11927300,0.46172214
11927793,2.3943806
11928980,0.0875249
11929230,0.0052638575
11929908,1.9666836
11933088,0.21250018
11933676,59.871113
11935301,26.54505
11937039,6.293998
11937618,78.85594
11937647,0.04269803
11937764,74.22549
11939213,6.670694
11940204,1.3654338
11940527,5.497859
11941183,7.8292284
11942185,0.10497755
11943649,0.7408265
11943700,0.023294443
11943758,0.048141547
11943834,49.67572
11944384,13.473244
11944641,3.336692
11944668,47.68853
11945851,0.063014574
11946206,2.033087
11946219,17.95764
11947316,1.9737234
11947651,7.0324235
11947686,0.05573395
11947855,77.270226
11949632,0.050427597
11949712,9.125071
11950107,3.0561013
11950302,1.3268408
11950973,1.0792414
11953072,0.5021256
11954872,3.2015202
11960101,1.4144154
11961344,0.000858544
11962284,0.04889062
11962712,65.89848
11964132,1.4147809
11964327,0.32055998
11964592,0.35299605
11964607,15.207186
11966139,59.305706
11966838,11.079313
11966874,5.8179636
11967620,2.4148235
11967963,53.020947
11968539,7.4095182
11968958,0.17893305
11969329,0.104194865
11969336,6.366418
11970048,0.2455189
11970212,56.590374
11970285,52.628735
11971016,51.881493
11971023,61.18339
11971078,28.063793
11971405,44.72769
11971778,0.006529139
11971986,1.7603356
11972141,0.13078403
11972321,61.094475
11972356,0.7406148
11972950,0.001848079
11973003,14.794858
11973178,47.303776
11973328,0.2206792
11973611,0.23748532
11978602,0.0040151244
11980373,0.66379744
11980390,22.230228
11981145,0.4611516
11981360,0.64849454
11981665,0.100596406
11982174,31.430145
11983581,49.870064
11984206,5.2027936
11985355,0.034446694
11987038,0.06150026
11987197,0.0053603947
11987376,0.0
11988689,23.854004
11989606,57.047535
11991044,16.543634
11991081,56.990776
11992103,70.48627
11992348,4.538234
11992387,0.12546301
11992626,0.015409442
11992839,56.927868
11993790,76.466774
11999777,31.429394
12000515,18.599249
12000617,26.358194
12000983,19.215237
12001000,67.321625
12001101,53.88579
12001233,1.8314478
12001695,5.69366
12002291,0.06475366
12002943,2.776134
12003009,47.841972
12003542,0.008592417
12003600,0.032016896
12004008,13.575056
12004408,5.7584767
12004744,0.060907263
12005195,37.983162
12005978,1.2170987
12006287,1.6708626
12007517,20.342382
12008897,7.068245
12009001,0.35416707
12009678,31.956594
12009779,16.975428
12009821,14.330019
12009985,28.566639
12010980,0.3855643
12017589,3.0377178
12017677,0.056104384
12017780,17.890932
12018095,0.09503125
12018612,6.8889465
12020077,0.13897017
12020225,0.03419828
12020688,37.54165
12020835,25.106268
12022098,66.42967
12022746,0.90139115
12022833,1.7256619
12023054,3.6783416
12023424,3.0791082
12023576,8.182278
12023792,2.585579
12024663,0.24736121
12025076,46.82024
12025168,43.338184
12025968,73.683334
12026175,0.54562247
12026305,7.585051
12026418,31.766623
12026686,85.61853
12027198,69.58879
12027413,26.727299
12027963,83.475845
12028198,17.250507
12028495,0.0073926523
12028753,69.691086
12033408,35.756424
12034608,58.313923
12034640,2.7940118
12034848,4.0572457
12035657,68.77971
12037003,13.400058
12037304,0.23079565
12037554,85.097244
12038181,0.061452817
12038270,0.052884392
12038468,1.0101566
12039383,7.188588
12039579,3.0884516
12040933,53.072155
12042253,14.993421
12042353,0.148826
12042866,7.0681677
12043311,4.145227
12043534,0.6167197
12043641,36.57424
12043694,5.1271887
12044303,9.137718
12048637,35.102898
12050280,0.020882275
12050897,0.594751
12050932,0.247788
12050938,0.18558735
12052721,0.46058208
12053105,12.440903
12053427,63.900177
12054152,87.877975
12054259,0.28800267
12054516,42.39453
12055395,0.006048184
12055738,9.6721115
12056095,42.83323
12056132,27.805258
12056517,0.12749788
12056684,58.937366
12056851,0.025685478
12057444,37.55417
12057450,23.246115
12060119,0.33625373
12062027,15.538101
12062331,0.040898435
12062599,1.5448234
12062827,0.4402306
12063331,2.4976146
12063562,24.361063
12063968,18.508001
12066474,0.26268297
12067155,0.06938507
12068031,18.840275
12069170,7.145417
12069655,3.4464638
12069877,8.633545
12070541,2.3725104
12070890,0.07364901
12071282,75.96228
12071454,22.418829
12071650,5.000251
12071735,0.10407019
12072069,63.694275
12072266,21.442677
12073240,0.05276233
12074125,57.946693
12077177,1.075819
12078123,0.7307967
12079099,0.82205313
12079942,23.669147
12079993,61.212578
12081492,22.584936
12082111,6.375369
12082184,0.03740541
12082561,10.081396
12082737,0.004361986
12082781,34.385536
12082855,1.1427498
12083640,1.6676352
12083942,5.7044516
12084976,14.5517
12085498,0.026740786
12086351,0.3449348
12086527,0.19308141
12086603,0.4994455
12086852,0.038099363
12087785,10.539076
12087945,24.8543
12088526,10.3137455
12088888,85.076775
12089463,0.036301073
12089661,0.044816345
12089692,69.290436
12089972,16.040876
12090468,76.55365
12090903,3.8526778
12091820,25.69628
12091900,0.013462007
12092445,0.02381233
12092786,3.5126488
12092816,0.19315132
12092894,12.9110155
12092938,0.109593704
12092981,70.67393
12093078,50.45993
12093499,0.19373386
12093559,2.2399943
12094242,0.4271675
12094765,0.044324744
12095084,0.13619168
12095636,15.09807
12099115,0.0003024874
12103284,0.057165623
12106772,0.080548294
12106836,0.15000507
12106946,44.441406
12106963,4.420686
12107027,0.07866051
12107534,52.5307
12108140,18.448051
12109853,0.12458849
12110777,10.183032
12112284,3.2183404
12112602,0.085016176
12112808,0.031050537
12113015,85.15973
12113077,0.031206727
12113232,0.18758138
12113235,84.88887
12113489,9.350113
12114017,83.20237
12114228,57.04962
12114304,10.912929
12114319,8.585322
12114511,39.573418
12114628,24.379772
12114756,1.1726056
12114810,79.29096
12116392,0.14124104
12123648,8.273
12124356,20.094143
12124848,0.07903673
12125142,3.3077388
12125285,0.38515013
12125830,0.025918817
12125920,59.796204
12126104,2.9797966
12126359,17.686193
12126363,24.246159
12126789,13.728871
12129472,16.59291
12129822,0.081025496
12130093,2.3784246
12131310,0.54924613
12132030,4.6385317
12132126,21.87112
12132772,34.825665
12133168,1.2641132
12134113,55.940502
12134652,77.8889
12134654,0.050450552
12134914,9.79133
12135387,0.33968672
12135856,0.1154502
12135895,0.10511321
12136917,1.7508249
12137113,2.0348446
12137645,0.36163566
12142921,87.98711
12144168,39.16123
12145787,5.151812
12146317,64.90827
12146707,5.882996
12146964,0.05360796
12147982,1.927407
12149019,0.16325235
12150471,52.19695
12151638,23.93554
12152452,0.65312403
12153338,24.022476
12153489,64.23428
12153508,0.18699262
12153709,0.1893979
12153900,2.8123875
12155544,1.9437768
12156007,0.008808456
12156452,22.819157
12156475,7.9967623
12157468,0.10213186
12158013,21.983192
12158649,0.19088474
12158766,73.87693
12159172,11.814203
12163560,12.20059
12165437,0.22208074
12166451,0.13350198
12166896,1.7885091
12167268,16.62151
12167819,42.943604
12167857,5.676615
12168087,15.672747
12168212,8.672827
12169731,25.35417
12170304,0.88877594
12171671,74.62093
12172054,4.538517
12172102,1.3830779
12172121,47.38059
12172890,0.05440866
12173205,86.606995
12173233,41.18813
12174524,5.6733103
12175636,0.66715276
12176140,0.12803529
12176285,0.6266328
12176725,2.429267
12180383,0.05101465
12181485,59.931984
12182560,0.023421746
12183916,42.387947
12184956,6.8070245
12185223,0.0028998074
12185225,53.410137
12185578,0.7688807
12185843,0.15498403
12186007,5.820052
12186034,0.76605916
12186615,42.07379
12187068,0.00797951
12187513,48.122345
12188122,25.090586
12188184,2.166375
12188651,38.22109
12188908,11.824038
12189021,15.120308
12189059,0.14195533
12189997,64.13052
12190337,33.37144
12190607,0.09114342
12190921,1.2693737
12191643,0.1643244
12194513,0.024114395
12196647,0.013448815
12197263,0.08315027
12197272,0.348924
12198481,18.619974
12199008,0.21365602
12199236,4.996156
12199977,42.22827
12201917,77.03106
12202511,5.5823555
12202839,1.3667239
12205604,62.479664
12206029,0.83650273
12206323,33.96191
12206339,28.987356
12206831,0.383515
12207062,0.089429215
12207964,89.88745
12208061,9.183576
12208341,0.2999834
12208842,21.239792
12208970,66.54367
12209447,1.5370347
12210198,8.493637
12210323,26.233776
12210448,77.11893
12210616,0.03154161
12210920,0.17152004
12211018,5.6306925
12211085,0.3430795
12211168,0.05199343
12211917,0.1287947
12218763,30.243113
12221270,7.9747915
12221970,14.616079
12223738,29.898754
12225321,46.0893
12225802,4.9557633
12227135,35.324287
12227784,84.60928
12228023,0.0
12230921,4.1504297
12231160,47.057922
12231185,3.9910827
12231534,88.96045
12231662,34.224102
12232392,90.408844
12232580,0.07869958
12232858,61.05492
12233808,9.131845
12242672,0.071712926
12243367,0.31677586
12243598,29.868732
12245236,15.653104
12245694,5.7795463
12247584,0.054597486
12247913,27.532629
12248870,69.920815
12249461,2.5305715
12249574,35.213345
12251517,0.05303191
12252271,4.1691523
12252375,2.502442
12252504,0.10557946
12252956,0.20134802
12253338,0.12890156
12253343,88.64963
12254895,0.09657407
12256716,0.09427883
12261352,0.011035867
12265503,0.70708144
12267599,54.64527
12270481,0.3995092
12270664,1.6651055
12271089,0.49509525
12272376,0.23075826
12285217,14.520053
