Property[Q3]_test,Pred
795,0.39708596639604876
2515,40.44297290920863
2595,2.5053988497416455
5099,32.49449549735355
5107,12.923136201366818
5110,0.6914956288263678
5136,2.161804310105366
5178,92.0
5270,73.41155097324196
5441,26.798818656642975
5552,11.432679179037855
5754,0.3688380746887538
5803,37.66863867867653
5857,32.105662130673046
5945,0.8280048043023549
6111,0.1836359748309773
6365,58.89144296216392
6476,1.7697073579488591
6848,30.55154329264636
7097,35.226949261065194
7258,3.2630554113195718
8024,10.178034841172085
8025,2.271437031937676
8258,9.010649508245004
8293,59.481978639575296
8343,2.9008331469898736
8371,2.2639394503251946
8477,0.49473849125777747
8490,5.33298880542815
9518,63.928712460648285
9668,64.35015358455911
9704,40.85792953785817
9782,87.18599809310686
9896,3.5708993633941595
9972,0.2091983216611992
10423,62.660691982662634
10767,0.23858002361395894
10962,43.705647516530945
10994,29.348105473834607
11174,18.46559817003821
11900,35.24997859535691
11931,0.14993781747549192
12048,78.0900145897971
12192,71.42475824860003
12303,6.932386549082535
12382,71.98188919193699
12543,6.114588512258728
12579,1.1291012265904765
12596,8.43931037280592
12622,0.42616408346504997
13050,41.72495638058244
13076,1.9046868572409381
13414,17.540576515735214
13488,68.99438426652729
13910,0.1299510087737124
13974,7.008595895384074
14287,1.6038489060837382
14374,72.64338658182521
14377,47.02467643140088
14434,4.9163287000535485
14435,1.6909389368028434
14694,0.34406582736346175
14699,1.0526688219447558
14983,0.15832859249200384
14991,0.29103997695513656
15049,8.172992388623387
15220,57.60785828353792
15338,13.37763815012959
15341,2.1463909127955527
15396,6.323010026335558
15491,0.6556400488373545
15880,2.166052947522676
15940,51.98730439028966
15962,35.76771374961186
16008,24.538468049604017
16284,5.972174322289576
16421,79.55919409446805
16422,1.0397946080667329
16486,0.4532594591436441
16580,75.75337296870426
16583,0.8485906549401602
16595,13.260140398194242
16701,3.43758020590488
16794,39.608534849226785
16949,40.36835718565464
16971,12.045904578224288
16974,66.17995564946283
17037,54.995149943105886
17135,18.01412764823987
17226,1.0213171132572458
17535,7.179051671334073
17669,1.2972329385227723
18195,1.478786606660996
19043,2.3627762355486865
19169,66.80995295500733
19319,15.775020499996506
19601,12.857525385153476
19812,9.976581564919757
20300,0.542662522731498
20311,2.8512725811113393
20611,76.35007801265819
20661,0.2468538930001565
20734,62.71177610267818
20755,2.576748566149761
20913,71.99451554326457
21293,31.829755081902768
21677,3.668622247485312
21794,15.367421231850203
22562,0.5737157215920592
22673,2.9808423353872007
23269,41.16904623489119
23481,34.81334652148179
23501,3.095801582614942
23586,8.5626644474574
23606,0.15380159952202382
23628,0.1707155395017046
23844,0.4818042573750954
24189,10.726932046050615
24215,47.90685737745079
24261,9.86745818387776
24281,58.0430260947254
24285,52.95001675127632
24686,2.0166035544954197
25192,0.14442044053207417
25235,61.23350866762252
25406,13.662138411255357
25805,38.81618029636692
26012,18.71587187960247
26238,50.93093903057504
26362,65.64584614355972
26520,3.8212836475716077
26590,1.488175025003735
26933,1.1338610393551973
26954,3.6221383721669955
27024,88.27899471749
27159,92.0
27403,2.2678209269501397
27531,88.20121070211782
27644,18.48653434127262
27659,2.37476154532889
27759,1.8740843643550018
27883,1.06275103759193
28055,14.47377724028485
28062,2.1848535902203423
28083,1.2729397541533722
28224,37.99057755564357
28342,0.5110496119033869
29012,15.41402926870782
29013,30.532721209238066
29414,47.757651659509435
29455,74.69955726061498
29594,7.332173629336787
29628,74.69512641377875
29683,46.210634328578784
30031,42.4602956405766
30222,77.56315541216053
30255,6.300063648049503
31332,0.8494298107699201
31425,25.14264351061213
31555,10.853368363834052
31998,0.549100427098921
32023,17.736265854438944
32037,45.84724009635374
32244,21.197759350215208
32291,0.7222592441519807
32331,9.683663352274888
32411,0.5427983511532575
32965,64.68284481463051
33009,67.8050705125881
33156,10.997294769561718
33223,80.51611344255798
33263,43.18322318348501
33656,0.29152284911923304
34824,0.029695491808534726
35548,1.376245791720886
36133,47.64800875656884
36703,2.8187762188240604
36934,4.455567791906518
37042,0.22203194716058808
37106,3.920003708382805
37197,29.30906543175752
37214,0.21214318435980853
38663,10.89727373287088
38771,9.387315974030846
38788,1.2527474108537393
38833,68.79393143966134
39267,86.630779573318
39282,64.35283960358603
39567,41.80083304135396
39586,79.52840472055426
39755,1.593456311111901
40039,2.0535856519768556
40453,0.9255998777910008
40966,0.007375661453984787
40989,44.16722520841638
41348,60.17066603937978
41679,0.896903664081019
41959,80.12854451712742
42530,3.3809160536304192
42580,84.77602375160642
42882,66.05669969918097
43533,2.43311093874183
43656,6.935879861468165
43711,0.6535657153460451
44096,23.296745982998928
44145,5.923480335964628
44161,80.98644532135191
44288,40.52955328824834
44461,1.1033116238116627
44619,43.10768067331168
44973,42.277068414894636
45282,25.549052632124948
45556,46.63144293060462
45637,1.223220760267191
45689,81.30532605139464
45703,36.842341822320684
45936,11.89394780477044
46544,26.6527901187418
47199,57.237782679264484
47370,0.13998850543377644
47868,0.0
48620,5.6792070175088165
48719,7.364756829488732
49048,1.176383567738286
49715,56.58758775909577
50541,3.3177886962521406
50623,0.34631105483870345
50726,3.263039745205601
51485,68.92865074839514
52123,11.120699245733725
52251,0.4918292482089371
52757,3.03067965088258
53212,52.784216087616215
53359,0.2751961199408281
53758,2.371959398260171
53843,56.41377165145349
54040,1.4660745191675815
54158,88.20544660306993
54213,1.4220668795798457
54453,1.3312096012799854
54486,87.10791558142796
54544,10.01381960001786
54626,16.61648725122014
54712,0.7965539766514104
54846,14.573951083306296
55371,0.27891398883437
55467,79.44857977645937
55505,5.496330769384584
55587,6.473224281206691
55668,26.72678442029145
55737,66.81980945574513
55902,25.665110124350722
55959,51.264699544438166
56467,62.479314922395766
56525,3.7360272475126366
56612,0.271754017546044
56859,72.65965176975665
57161,31.52015034092293
57166,1.3345660676560445
57468,81.3392881432385
57874,78.24624633839124
57901,1.2375284780373494
58062,1.1036188792952735
58101,77.40981148581801
58286,1.0456144979246265
58294,0.14616273955446013
58364,1.6775250322503503
58467,3.8341445774055116
58471,0.06873786055392835
58729,3.776620046034378
59293,0.0229510903912008
59628,0.3241583341369217
59832,5.747560243534077
60037,1.8955185278857098
60084,1.8220131788797713
60308,5.848737656078827
60611,72.14636532797037
60666,62.49320220423251
60680,14.977415486863412
61406,0.07368411817927349
61470,2.578932499273319
61492,41.24098867557859
61694,0.3240276945512649
61747,32.96826134098509
61832,3.135377834330001
61869,1.5506666748444105
61887,0.13150839631852684
62038,0.1749288398873958
62264,2.089773296023809
62427,6.39330894389957
62430,53.068516349433715
62461,76.1282053996381
62787,87.53094502908654
62891,72.15582970023722
62903,0.892596874680622
62925,81.29918259776916
63154,1.297416641876914
63260,0.15053067546597912
63360,66.31711135698275
63462,33.966023103633475
63565,0.118266522328661
63573,1.1226644403725785
63588,0.8699922631119702
63610,17.762055948393797
63815,5.256070775566688
64000,0.43411825194135906
64277,33.59750805626166
64334,70.2471041855984
64361,29.60268980734938
64627,25.869275576202085
65018,0.4243367749131926
65019,30.813864089208018
65131,3.256727192856397
65255,14.516051044109656
65556,0.16725528674080037
65660,33.08855348583918
65813,0.2920574053472454
65933,20.01232240652804
66008,37.761877938307904
66222,47.561386678658565
66251,5.342726223352122
66275,4.704582553665237
66718,83.64535518060887
66974,10.253950368933875
67145,9.050171996831663
67208,67.10240826514904
67272,33.32378173573413
67445,0.40368094890030687
68099,12.279302113993456
68305,19.895293417749496
68444,4.95557143371304
68716,0.3170119135042405
68735,52.03551579450166
68774,0.01963536358816064
69137,3.923001718033437
69266,0.5127606143265515
69460,0.9293110545383257
69755,50.905129627267165
70226,72.90558771999542
70279,6.093090604217693
70595,57.28626066812643
70609,52.70665192588897
71483,0.5667764282241697
71507,28.491695785550757
71534,83.70653433014424
71970,0.0
71999,0.024899390636778224
73413,0.1660278292900414
73586,57.982481599862595
74073,1.1900299000945973
74240,20.822778935286788
74333,0.14160824035615588
74680,65.01907856258397
75167,2.7299873506319337
75193,0.4357942570086255
75612,0.10613107967440476
75727,3.316299964838675
76761,88.9612039005014
77455,2.5490373423058106
77799,2.243116285014388
79635,68.14296734351939
79749,0.34509550694454344
80700,0.6026673513570131
80834,18.554567951245858
80924,18.170243124247506
81526,7.641669209975433
81739,0.3409297553034808
81771,22.79774361015996
82132,21.333185518210428
82525,24.176187605425433
82928,45.30998556967538
83243,84.60374803303263
83474,0.15079705257158468
83656,6.790580522203622
84010,0.17366607117154353
84480,1.7070740324993046
84659,86.22176459793359
85213,0.7106804221182345
85252,62.87443158919727
86215,36.69116636623969
87279,13.635768004435358
87566,0.6012923549448745
87853,86.70009071892925
87987,3.254508015701483
89205,1.734329268385915
89621,79.42179845843405
93313,11.731061118146142
93540,1.8269586403710352
94005,2.489374461252484
94477,88.5987678593384
94783,56.54105972953723
95706,0.2907638642873085
95883,1.490271174209134
96804,3.2343355490977976
97587,3.5698505270532186
98259,8.84756886668117
99913,0.4984148595074208
100023,19.068076180721324
100368,25.773200974755994
100433,18.214762576933463
101633,20.731838711148594
102995,29.063000529581664
103311,0.8586094539664989
103555,1.1381089477879434
103806,59.85598617476495
104970,0.2932725952902766
105416,1.7252963147118279
105469,0.3563104702729623
106363,83.05955057243641
106647,20.07247684325384
107415,9.02469007982649
107690,9.971845295633333
107799,1.991920140366317
108175,7.601441900482733
109891,59.32721192869827
110576,1.0173982204425467
110739,72.61002391020962
110762,0.4422961854380403
110784,0.6508926421434579
111308,0.27710553515446623
112648,0.15579678402072472
113265,67.07813115814554
114353,13.046257351419825
114388,0.13657049442823727
114940,2.849417109673598
114969,12.357701976922849
115959,6.059270076972192
116940,77.56654426394277
118061,12.248779433405405
118231,5.832962338880041
118266,0.648377496067416
118267,0.17758401060151588
118430,6.895043620505365
118541,0.3272140226756484
119008,11.524404838490463
121473,23.0182794583609
121687,0.7769688299642755
121861,4.2895698345511954
123784,29.73391506496367
124777,0.7638278040079798
125053,17.030188521846082
125163,6.597095290460241
125265,0.34546565358902026
126067,2.795993427360575
126443,46.491715978962574
126982,82.36969762211928
128205,1.0347876511140246
130632,1.018951751974855
130731,2.262027217172775
131747,10.068199989464441
131757,80.36149063701944
131892,6.158759455627049
131918,0.004450192616448394
132024,1.1622129099865413
133025,45.43501580214395
134387,78.32569791987589
135320,3.0463795522771986
135393,71.50649615591023
135465,56.10783186167459
135706,0.3745243715197868
136398,41.80259358994951
136493,11.174196837775524
136923,33.65588632558624
137303,0.3577185851318229
137558,7.6852279549655504
137635,29.023113058785597
138968,0.05920377908211711
139207,0.5179582174467177
139624,16.032986691288777
140053,1.9579085003819188
140133,50.59795360957289
140195,70.87351108305506
140223,75.63164407259791
140237,67.8916578613803
141154,83.26617081787292
141177,1.5062152225219452
141335,17.450635120071208
141500,34.383661299062354
142069,0.19223972506521236
144148,0.3960836689561314
145064,1.4384550931579418
145988,0.09432331596161116
146808,0.2618458499607874
147004,0.3303952536316674
147586,62.42353924443149
148182,0.3108983191456038
148187,6.710788816670084
148259,26.96897770711036
148568,2.1953962020097615
148825,77.57133097393954
149287,0.2820148025218865
150444,0.7873398594424467
150804,1.993508210472341
151916,0.06280569408571997
152259,61.989757836312386
152263,69.18982196100563
152453,2.820589322000954
152520,0.6710783485189439
152783,8.123655020610428
152819,29.06601214776897
152883,84.65702723016571
153309,3.189201473134898
153388,0.17481915079905377
154934,2.1044369509759946
155296,14.257172471632707
155958,0.6840668696199819
156385,0.3105555021882535
157673,3.302053258714023
158061,3.466173530946094
158290,3.810454040182035
158901,22.483329996690287
158913,0.30964852918922403
159019,39.31884142592986
159815,1.3063365324000689
159913,0.297286644949094
160824,3.126784678581451
160952,1.6893815763512983
161394,0.17792649470423996
161996,44.81876017018962
162429,2.1326892901339907
162565,2.742810668102754
163627,82.1161229301724
163809,4.172648233310362
165653,0.9305305516687263
165824,0.046486306615849085
165960,64.06221062254562
166006,90.80851142237182
166172,11.591214882268966
166279,3.5854348140153074
166809,59.634261131531275
167030,3.887465086089557
168042,1.9607159441428565
168084,9.485228285279742
168775,13.44592267765795
168810,0.2762067916255729
169063,2.7469504422868343
169152,68.48996085760301
169479,0.9566310140765956
169480,40.680938086172254
169532,15.338339509005719
170215,0.2250204256765993
170286,59.46554161278883
170441,1.708898914530856
170847,6.97521715327379
171256,3.762589234301025
171562,14.285179296299978
172445,9.361164602830288
172675,80.68721270503544
172870,51.368207109146994
173072,6.797636611875304
173742,19.313676822725906
174966,17.833343490486836
175069,59.90061524730361
175720,13.398696725085069
175902,1.5290432840906876
176129,12.213967053197008
176653,1.8966936555943652
177606,6.567112081012989
177709,4.794580088704663
178491,0.04625110994954205
178651,0.07202046411012038
178744,1.1513178730542253
179234,6.474247891536263
179925,1.236122411258085
180053,1.6484848929574825
180201,0.07463005304627215
180524,0.3924257207522318
180653,21.952225359705594
180822,73.19733048330714
181972,57.63792650401002
182062,44.27511069824971
182069,54.4164577724657
182095,17.67312759961557
182225,0.26717508020058495
182649,82.74478350936909
182727,2.811762872982227
183344,0.5204549513780635
183691,0.09650529158891342
184189,0.43531342269073087
184638,14.825944744914812
185266,1.4288102642848126
185478,54.47385028075244
186305,30.280011442052952
186730,8.767157605654116
186871,0.32864965421452685
187167,0.2561418491589891
187956,9.196875892181204
187979,48.540635390336874
187986,0.7089197399699378
188087,54.70410511965503
188146,0.5480209007676179
188622,0.08138080701303713
188803,1.099296195141218
189135,15.485104670301798
189181,0.24055004139336048
189732,69.17763931239375
190105,21.878702658903837
190542,1.8303663570078905
190968,15.975527558999733
191075,10.757383775948389
192263,0.8063650906644206
193105,15.160573600562493
193240,5.761780142102419
193333,1.069330627534532
193853,5.443518876698361
194034,1.5299699749573852
194154,12.832854075913385
194691,0.2599728392855169
195027,2.0023713608618277
195123,32.809958312123534
195240,7.704765723174961
195971,58.65888855716488
195989,71.22569534747106
196100,5.850628168817564
196983,27.02620811629179
197155,35.95884524128794
197253,0.35397410327137674
197389,0.3831988203777521
197390,0.6746024543143302
197753,86.3247074458962
197931,54.92170303520177
197942,81.6252829673243
198028,8.793805206973746
198478,51.175721397587715
199195,31.176925434114917
199425,0.09706597851421675
200059,0.028970565484821156
200625,0.0
201173,5.268111893721217
203907,24.895544265751138
204065,42.05908095688253
204833,1.5337616981181175
204894,3.272114252243877
204959,60.39520703726122
205735,46.080715009392385
205968,2.0559892112701452
206316,4.93613179345257
206957,86.69051609463465
207049,6.913133220131227
207249,2.593581446728619
208095,29.9254181453541
208191,42.5687878603495
208499,62.14349395986943
209087,0.03963550116288907
209232,0.5649742329755375
209287,0.8177636301148451
209378,77.92182642923646
210531,0.07477713548133447
211078,84.78273363134015
211152,2.3939721751486016
211974,2.3634150997063936
212109,0.5977591823164639
212848,90.42588280610872
213330,20.29161826444397
213447,55.59363135835055
214227,39.83666296977937
214325,53.4166478768064
214474,7.593239775773617
215746,1.5689890601529952
216015,81.19665207549198
216563,3.210854570055243
218224,5.664931690311003
218358,2.308208486713331
218508,56.84708340338147
218793,0.664512880600229
219066,4.519641400398536
219245,0.25896569880771064
220413,72.97410715104505
220946,77.64534778909088
221097,57.88875720826837
221823,26.587440475521124
222054,2.568049318643106
222304,2.0766421316022856
222340,56.075403954594194
222913,83.01169859960822
223926,28.855092589833696
223930,4.875229980849307
224510,10.11094996269078
224699,0.8575201067669692
225306,41.05251466354214
225354,0.5796258140088835
225887,42.691198114269156
225926,14.367838259629123
226700,4.116815724596431
227715,78.79991143700771
227735,0.9839347144738374
228132,0.5616520770073948
228517,4.234765152452647
228888,61.3573258291687
229212,36.77819824162368
229367,88.07822629977667
229728,0.5187541444504233
229874,0.18130822668578375
230194,54.22775226735953
230321,1.9294656836943482
230449,2.046958586935476
230854,92.0
230956,5.400231627536264
231145,58.88686473235273
232084,1.2635947112128183
232331,2.331647031029361
232564,0.3690258831810763
232618,59.11662538222925
232706,0.11788812378507889
232866,1.8937076431420876
232894,2.591162550662155
233189,44.013711916558044
233963,58.29436088575246
233979,3.1963050254403353
234034,19.474921271352734
234184,27.245343470138906
234730,0.2807652816164939
234909,86.90203798892288
234990,28.537323743781354
235552,23.680850291362024
235595,1.8513503860457787
235666,12.529484138811094
235951,14.845709577118848
235960,35.200900750381564
236671,36.09925820655462
236788,41.27309676375918
236806,0.24782464859729897
236811,19.465414216077775
237734,2.6528827357840004
238208,33.633760767029244
238746,0.7202380985733733
238814,60.0908678793999
239410,1.728469926123044
239733,0.4012571342820309
239934,52.49029288090855
240314,78.01066297039236
240709,2.5636585842314106
241021,2.4950118744110346
241140,4.9144195862674716
241862,0.7153994650976311
241969,0.991068403720875
242479,26.56875768335788
242532,15.417410234920952
242585,14.297583236640804
242643,14.80882838176299
242768,60.90959441406665
242789,89.60467318955801
243229,3.4042524013466244
243352,24.919575074281042
243700,0.3437218738283472
243714,3.788154449006804
245175,13.350405205471835
245430,6.446840785380675
245504,89.01450452721834
245544,47.805871819849806
245607,5.245347971412225
246134,2.4577326672871687
246434,0.9397523213439911
246896,0.5033899685199734
246938,83.67873172016658
247756,0.16631116907673044
247890,3.9247202298087753
248029,13.682367859858575
248713,4.453325072071668
248865,3.0546649233378345
248871,58.80185092880272
248966,0.35847495370754584
249582,0.04147082660447954
249626,0.23414584866362087
249867,0.6874900183079597
250369,1.3160804856239772
250420,0.0
250536,1.143839349298463
250619,48.83019003850477
250973,65.94219615323074
251056,0.22124755063953505
251262,73.76065696476745
251277,28.822923040533823
252076,61.77663026677694
252607,0.7726153842874692
253332,4.581942807067754
253466,2.0141062362942743
253471,0.737116225401191
253537,55.00198716619408
253612,2.5767321750730674
253623,0.4871857218821168
253800,2.397459947717205
253803,1.190017490917497
253811,1.4479629994170324
253839,0.7911341863101267
253846,0.15918674482069536
253956,21.43687650708137
254168,0.7164914228634336
255487,12.49171272155851
255601,81.20584112949838
255650,0.5196182146700865
255672,5.142874603258179
255957,2.0551025842129187
256153,58.881121211460496
256467,0.060755361077367294
257568,8.742467655744687
257802,0.2107908218008211
258284,76.0225089943057
258397,28.714098115059034
258412,72.05257222255864
258774,26.25644512153659
258865,18.897235760415324
259887,5.507784381741881
260004,21.967064438342284
260407,30.49516420940222
260618,71.0401178232054
260672,0.5558228695743399
260732,0.10787824324805902
260755,0.39497799371145936
261259,0.2752958065011843
261366,0.03272179354901335
261491,23.129129541258095
261781,1.426934957216357
261869,55.100899856261066
262343,15.499967676644223
262583,56.65837960318625
263360,70.38935876223056
263502,0.34100222456356255
263776,16.135506493924126
264083,19.146813687484148
264323,63.734416461846436
265145,0.22717313807998543
265626,10.00583383655592
265831,1.6857892769434573
266492,0.2959878245251181
267294,5.732372887985937
267376,0.8034542628538859
267425,48.184515764663196
267490,0.8834801704858524
267553,0.8543226715011093
267652,1.4190866093995165
267663,9.987495685805596
268281,13.907164435015376
268392,11.889456650359767
268449,0.4549891944995774
268481,0.2688215561465516
268549,43.75648809230767
268868,27.6236871913612
269134,1.317955911114169
269208,10.22817698957477
269215,3.7485267716869197
269283,13.938618689106697
269327,1.0940213612522351
269337,10.516336683648474
269404,0.4223326467287764
270165,1.8415594258315358
270226,1.5576286837506959
270681,0.05694297621119544
270776,0.05843379014531881
270929,9.796176771378954
271083,66.85303395815288
271130,13.001279941597998
271279,37.293039510084846
271510,0.6286138693432589
271694,0.14859572313096367
271954,43.76216477054667
272026,7.349079043729488
272146,0.02475083854650506
272473,0.0
272738,4.530516897907167
273895,0.1832631853164641
274085,17.53258616501344
274127,1.5971023377421818
274270,11.669093739804502
274376,2.06323514134616
274743,0.47570989883295334
274946,0.05399796287764657
275271,66.46610604840012
275443,0.06099931255189374
276014,10.219402761690093
276120,79.08211536536349
276491,1.0073038637701668
276734,0.06069425121763893
277128,2.1433667213684253
277133,1.030738866589837
277313,0.8247104135931883
277372,3.938798809916447
277883,1.4140815343247162
278151,48.63107746340816
278631,0.027646009362876756
279102,0.2631817509908378
279857,29.05849618250466
280393,2.859954734682248
280419,0.7609744749220873
280477,3.4011981669117235
280480,2.709484670943732
280688,18.847783941755637
281067,61.36593738657342
281097,0.13912382077073168
281143,1.2879996501044837
281192,5.280038792107953
281220,49.897530749775896
281238,10.577387330129543
281521,0.1856109581639494
281690,0.2166626976718986
281703,0.5626335345054473
281851,29.42917395506283
282443,19.004606720629056
282856,1.5611668199441295
282863,17.832003001021448
283194,14.299442709422648
283272,2.430391687473169
283550,0.417718452836061
284095,0.24138151301644856
284096,69.44529778664496
284866,66.96698734476806
284973,0.15317660888466253
285344,17.468047470605526
285442,0.03706070933359688
285469,5.320836304217667
285492,3.4938899693182512
285853,13.084364839529805
286134,2.008447316407683
286662,66.55468251296136
286747,0.04214694347235897
286838,0.0
287272,19.588058810886622
287338,0.0
287481,22.34410358416907
287523,0.18882350440925413
287814,37.928113908642544
287845,11.734490054492413
287908,0.3474235014573465
288043,20.80994112372025
288077,6.427138924249282
288224,0.27244537234726546
288726,11.788545864649775
288930,0.21062721287825148
289020,7.435793326332607
289288,31.835784320648617
289576,0.1764544348200603
289665,32.32374938329432
289995,22.85376083570114
290193,1.8868451689789836
291017,0.08507060124227397
291051,0.2969546333966011
291468,70.04661168129239
291622,0.19414003065687344
291673,0.1857598681383499
291682,0.034300642093848116
291714,8.665243475283907
291825,55.88653703684739
292047,40.90414478368596
292266,1.307509931706201
292281,0.09720256536375388
292314,6.979955653947594
292585,8.079489472432751
292800,42.26875274692382
292973,43.02763457005583
293328,1.7933023610690544
293724,0.058286183795027126
293973,0.13165692942226237
294239,1.33506857471203
294250,22.80486806380876
294280,1.201105859490139
294490,6.102148029041587
295279,2.08697676400511
295366,4.518787978466285
295485,0.006152356486446568
295998,24.98783118775073
296345,26.524982555266263
296361,47.01061445655823
296717,0.8957434471503745
296854,0.0025269886289362832
298202,25.360180770508467
298782,68.9592617043763
298788,18.749036386135575
298854,0.05120784323830057
298920,80.74669927956391
299078,66.0543152094699
299778,2.864725393175173
300062,38.65094909997654
300140,74.78819314631052
300162,0.9527514248687742
300668,0.6720889231074574
300976,0.10760451783551048
302057,49.48042053265466
302758,0.8964772281765016
303462,0.2647530451722051
303725,8.158821069186816
303851,31.882108619507022
304634,19.640410962404196
305211,78.03877007692968
305554,42.19939584569811
305670,17.868918844241826
306190,64.74572059079682
306576,60.601064338195265
306798,28.799702229115322
307264,1.2466030223109787
307344,47.07332714395426
307729,0.17394815501197436
308241,7.341649483452142
308823,0.03067902488548238
309354,0.012771033304045576
310152,0.20310990947412122
310272,21.12938005865254
310338,8.632831135556234
310420,3.026095739496932
311142,0.954370060093582
311356,43.68571241472081
311965,81.95902524755304
312104,9.80639097944818
312429,17.995988354382874
312664,19.26444802245928
313093,1.0580000000155712
314407,0.19190139065813366
314442,0.07787160548586906
314456,1.2138849440673771
315421,0.13907772358654033
315711,2.4792164878902474
316079,35.9472328908778
316925,0.0
317131,1.4571682260977106
317192,6.165633916521947
317662,23.811842043072122
317838,25.59316390323756
317938,22.920186535729435
318187,4.552289840296708
319790,1.9030974507072937
319844,5.513175516782262
320524,0.24900590968896077
320876,69.39613131077257
321014,1.476573232656019
322923,18.66939454005516
322974,58.55040978309987
322982,33.10541420115619
323059,48.001002879011196
323512,4.057144293255303
323706,32.00359552025821
323994,0.04098347552909925
324000,0.4978015553629961
324517,57.87365891770245
326908,53.182074872737715
326946,15.586138195847687
326956,13.955003156317508
327778,0.12364157463219941
328040,0.18621789940565417
328693,46.176010079713144
328744,2.2289216776303564
328798,21.43430592529643
329385,3.605915497520481
329933,0.2924504041942015
330347,0.08366257798632167
331986,17.344073543072255
332525,0.15816013219411942
332740,22.08302827689959
334714,3.977450655760938
334724,64.97182981001876
335778,5.053543070016326
335797,44.75080008617721
335820,51.733105189663206
336085,2.368465820185165
336449,0.5799840190674738
336756,24.43519905981661
337468,2.4617469100482725
337922,0.461977149266776
338706,0.6758742774969969
339386,0.19726488836762318
339451,3.3775593773143444
340082,0.12556579216000985
340365,0.11035895909396021
341314,0.0588861475498269
341982,0.753945260554505
342027,1.6382473972265215
342995,12.396048687789971
343119,64.30955720679977
343273,0.0
343971,59.601675784379246
344068,0.08406908218612462
344092,18.666471306509244
346527,17.264173008158302
346805,2.8338938055283642
347360,0.39367520082394813
348753,21.461429819538985
348862,17.38345897325402
350435,0.7208550620151495
350525,21.453424705543913
351859,7.612948241289105
352651,5.508499292712821
352938,8.338085967653331
352990,2.3178999567122816
353801,9.255628665716866
354514,77.87866338768066
355224,53.73152738954232
355563,0.25247088692850633
356712,0.2441122989450568
357224,0.0021390755469111408
357509,12.998347633881108
358565,87.10879923271935
361811,5.383257389894531
362813,0.1652074308016091
364043,68.7149834198489
364275,21.519067211670073
365227,49.09308211824154
365439,0.3183324096289348
366519,12.29384491834287
367516,0.352416323738959
367810,1.3917461877214896
369411,80.51975576655192
369626,22.85434509624273
369671,15.776517069211991
370288,0.4205406794849672
371138,0.16878259666888096
371594,1.7547522072043593
371835,0.8941201724380743
372843,46.5890791068788
373783,0.2967943080549597
375076,0.7587290444381817
375136,74.67579166554577
375249,0.35456049034898
378846,1.01770883488171
379002,0.5477168248462707
379326,61.393644303718
380416,8.097501354956336
380730,9.406352124809127
380923,1.5099374117992457
382524,0.6717618494814258
384379,0.16706454459588152
385326,56.99600176406592
385632,0.1273259143462116
385657,0.4787563388267695
385824,28.89760073546356
386507,0.7286266880412822
386744,69.48460392247831
386799,2.7710712500539465
387377,25.933011631154034
387410,0.33350212188346384
387898,1.5512721674768812
389050,52.424613428759926
389482,9.052589733707952
391948,3.9140044315503486
392549,8.75450457891697
392794,34.81824687168273
394076,12.731417764323421
394111,5.358437678638152
394292,4.414302786107273
394395,13.658416464325946
394474,84.86777517791495
394529,0.8027020682595494
395613,13.179499307301109
396780,0.013942166694174883
397034,0.10403251567857459
397420,26.664591189653468
398682,52.303170141485445
399640,2.0614791708547178
399946,41.51541552612986
400039,69.06465975620792
400546,64.24965063569627
401022,0.04610652431637335
401039,61.748975817902135
401553,0.8938497676175041
402201,85.92803459523067
402273,45.824237022565406
403068,24.40996066661589
404923,80.0164565908022
405408,68.6341041555631
406926,65.28680711326327
406992,1.2923541814573507
408133,37.92541167271819
408143,0.14259438237412592
408491,0.13783139342860196
408983,20.455302098980674
409293,45.734668668039475
409734,26.40352452976908
410249,1.4524177105374352
410694,21.57944974152118
410704,3.1675320323357345
411336,56.96514672497097
411525,8.559951390033307
411918,64.26284520254102
412061,54.77196432587096
412092,24.656469887135987
412180,0.9739506743804737
413528,0.20966845124011346
413605,28.974554514673155
413709,12.520516781021035
413721,0.6570591561254381
413775,0.050011627682951955
413815,3.0705567365483835
414553,0.9211346805112968
414801,37.5325664540006
416108,0.09313837337299374
416426,2.4655146388803018
416557,10.259453832772559
417064,38.41894024379939
417710,12.165262808131986
419678,0.41253748427296827
420001,4.167140279639483
420010,0.24790685088070227
421554,45.841870358151915
422877,27.886812349083893
423015,24.30998050862103
423818,38.57386218380629
424192,2.967801438409643
424298,28.376225467616926
424744,58.88803911372904
424870,29.925751427609946
426008,11.12431625582992
426044,71.90639133909106
426491,0.309862913292758
428180,83.55384390344004
429504,0.09394809165781995
430615,0.3777055562194824
430920,0.07729905813213266
431330,34.57873334559035
431344,1.4702726907347234
432090,54.587834670272876
432858,3.165426161040406
432870,0.45317597475552696
432897,17.944777112800406
432950,56.071701147151266
433060,57.6260714343971
433267,36.97918772774132
433914,40.18974270471969
434792,35.96350870883541
435579,26.429586238599054
435946,72.43401201443066
436510,2.1398578341629637
436780,4.954280966759544
436912,12.03074178163745
437906,0.16969044752781157
438513,30.961819463333498
438773,3.072453466546154
439750,3.231202341158541
439955,0.1614290688739323
440171,9.833274669004673
444430,18.871927911445542
445377,38.55139189135895
445437,11.25296839146748
446367,4.195671098211129
447766,0.06374186074246992
447875,0.13712219947707624
448048,13.241341741393125
448049,54.71848448776111
448603,5.706106356195562
449034,70.03860876309629
450009,73.40265638445024
450011,3.062051921003983
450492,3.0379793554794654
450530,2.255754498046529
450699,0.3174909927512575
450769,0.7672067816287562
450905,0.12649987732534146
451381,0.03303450870095808
451626,1.1014676365545168
452068,0.13060279574753939
452728,14.998737186032
452824,0.3869268373341912
453099,1.1652755398384045
453161,2.1557644028188823
453255,1.202431556252022
453449,0.6262179838719913
453922,70.12966790688701
454188,0.22993002347338196
454763,2.1345288976283463
454961,1.589164555162661
455743,29.065146536351453
455947,61.61329288380916
456190,82.21468177972083
456280,81.58778498331789
456457,1.887791792226566
457829,73.2736507110705
458134,23.397087822725037
459319,0.2517080025412331
459810,0.22595800303550298
461338,18.99493698617978
461480,2.5114640319840036
462385,2.9963037376061403
462986,20.96791292000669
463833,0.559974853871027
465267,2.4454995240119537
465407,4.267260739975511
465803,0.07825112831179687
466395,9.901401185484515
466402,0.34686978920805045
466457,65.47760249449878
467302,46.264169907144
467634,82.7091563331082
467866,36.457488740185525
468613,0.006554151111322994
469806,0.701332369937753
470061,25.903821420580048
470370,10.721059932152594
470591,13.157708951052047
471562,67.96129395639649
471712,65.0689010732762
471758,0.4297287445695767
471845,0.0
472376,1.0560396585344987
472673,0.6864447518868104
473035,2.2971842968908285
473592,34.12929463589675
474090,8.052012097595515
474261,28.514991999358685
474694,63.23686647416366
475456,0.057415980736909275
475472,37.46699869887569
476260,2.3824434466659388
476841,36.81251487595252
476851,0.08142114518338255
476899,2.2464310214130156
476983,86.55405909509335
478242,11.186339901879238
478385,64.4315035114006
478464,2.121677066889961
478604,1.0531534623132692
478949,0.08316616717233324
479263,1.9271911321477608
479285,6.8454455064205595
481022,65.8942209052559
482365,4.230172237288556
482802,0.23542879998322824
482969,4.38119318810461
483485,86.36909109308839
483505,29.9593634211648
484312,12.135624523284706
484722,4.543256888606689
485200,59.18794149113329
486902,8.657024073009016
486915,79.12971165299037
487816,28.70321350637409
488211,31.82703939041934
488309,0.4366606148133059
488327,41.942760538265944
489086,39.36650720434595
489276,71.25520818618973
489708,17.279384709095662
489962,45.37586825935165
490989,2.869385869604972
491123,32.162582968634815
491496,14.568444841701343
491891,1.0235432738687833
491977,0.0364347363409634
492785,11.542742434934988
492931,3.7995851246834467
492933,6.374722425029821
492977,0.18857168912952535
494191,4.086643509764787
495611,0.048934159987386636
496095,0.0014185902755241488
498038,21.45798670114517
498052,13.177249958357372
498120,0.0482398272156113
498693,70.26978694729516
498794,1.133949730397222
499274,0.170489117266496
499683,15.69731389307358
500845,59.20812316040575
501082,37.60950395095406
501541,0.933354748824689
502108,0.5041042674805354
502309,47.78434474778104
502429,19.379607601851262
503460,2.4823843603453977
503529,1.0029474403937835
503722,7.096735592649785
503791,4.259793452022343
504322,2.893520005443947
504362,23.627713823584948
504405,1.4711667433582345
504507,36.429649541349775
505029,9.384093238557664
505315,27.18305490954456
505716,3.9628471477670586
506121,79.33818668352299
506280,0.04459561972444372
506403,0.0
506409,0.9735191925440779
506443,0.2304078096147742
506527,0.04154503474241723
506571,9.770341845123463
506629,43.53958795722976
507393,73.88102474080387
508080,67.98824173393537
508117,15.611743214908243
508391,11.25231683600108
508583,18.102528212594006
509537,2.867159652288556
509933,0.20499477995780374
509989,23.190656852330132
510264,0.574382112563413
510447,16.651734113064354
510543,1.1377631515927336
510624,3.9803384081331377
511385,1.8774300215890876
511638,25.189980572852672
511733,0.1754446705557864
511911,4.96515916738688
511960,1.096499337252044
512144,8.691953008839866
512209,28.690852192397568
513327,0.03370915562548573
513688,77.12779295502811
514451,0.9343416198045548
515392,16.41154042859639
515456,1.1419678328349914
515552,11.358987749175153
516461,7.229794260912607
516508,0.08476620808138816
516643,0.197360498100848
516936,1.5616447905847697
517600,69.35723105273277
518566,0.05315678065692702
518576,37.13483370394243
518960,79.74373441701447
519310,79.85732116825858
519615,2.833408603832528
519805,72.1880108237902
519983,1.2171418755628363
521672,58.22395562509544
521820,0.08282787831175148
522081,40.34633468862606
522160,9.513914334589932
522240,1.8185295100259709
522349,1.49615132869851
522837,12.840863582794261
524111,55.59997525983927
524114,17.01799060228249
524182,2.9617873341501726
524919,83.73016654395578
525120,22.840168428446564
525293,60.4037971029484
525725,0.16806755161580952
526532,0.9519823592177112
526887,37.42782289712644
526923,4.137271602790078
527318,0.4672273570703064
527422,80.72632891002064
528251,2.886021290265319
528464,1.4526526083065385
528485,2.3365948707602677
529046,0.9401141699024103
529340,3.0831532774001738
530135,46.3464266188506
530576,18.895755310348267
531208,0.19876447319200888
531258,6.340011227030363
531363,1.8597787856151382
531486,1.1461571976800737
531769,1.2313345723511404
532288,58.52615958949383
532323,0.4524407081096252
532398,0.14010024957190959
532641,18.802720572222626
532749,52.927340521222916
533444,3.732544780565552
533731,28.89826906075833
533927,58.87349037837999
534897,4.801250429698696
535095,1.934605900060678
535119,0.07968096069816474
535129,0.10449859129350045
535352,14.231928011335182
535457,0.1869968857244014
535631,71.98774919072152
535834,10.156648697852676
536578,0.6175902636855026
536799,11.887039831126884
536859,0.3780472361566386
537324,52.27295712599623
537337,13.095604129824059
538012,3.1088922680162328
538905,0.0777130417805023
539110,0.010001181474850034
540191,7.94445796871923
541653,1.9613885735573489
541725,22.125316879411262
541993,34.98032136613424
542017,0.042860300466250084
543733,0.6248923100335207
543776,0.8227384692600925
543792,60.881330480856256
544039,0.13829483933624914
544256,0.4246834409542736
544324,26.358829209668066
544331,2.176651712632112
544956,0.4889417769934429
545252,15.831928141503015
545257,54.66314890129256
545296,0.21438385347091932
545597,0.5168652094460396
546383,81.2172914526796
546442,0.9400249865374563
546504,0.01711900885931623
548056,75.70550572596827
550288,0.6310425557608578
550809,13.394039371267198
551074,0.1199916798370415
552141,34.7496402709709
552502,2.6807236795825737
552519,65.02291890864055
553516,26.881455046411094
553565,6.456939491934844
554165,8.696846746864123
554669,0.2679725415754236
555206,16.31285772765045
556874,3.2291401860683093
557098,0.054772929914277825
557356,1.1943142590226596
557865,1.991324070454421
557902,44.58469300732045
557927,1.1286935950832442
558029,2.0306414570890374
559118,0.3809453719942102
559505,0.8235969358918093
559811,0.0
559863,0.18205375170012475
560097,0.4239325732497301
560231,0.7119511358649913
560287,0.16401857472216988
560867,42.05354231674602
561179,0.8354648295685565
562098,40.88629784755518
562302,9.953772278994148
562449,0.13769251145144912
562479,0.10468326311318772
562524,5.716129639502807
564447,62.35169598506576
564540,0.05955646695144134
564614,13.119641773902257
565531,12.837374670855835
565907,0.10541224373180076
565942,0.1541113694253821
566835,75.88571905319836
566911,0.6237196073338496
567281,89.04051413428428
568392,0.21674696904495455
568743,63.734637526577146
568846,4.433049911939083
568933,11.215222330771697
568966,2.558149798926299
569255,16.07511750262659
569651,0.3842998220093601
570363,7.6676296203781735
570458,5.644054340310297
570549,1.848544505976668
571564,62.937369202427234
573671,6.65864872473871
573801,0.17991049654331023
573815,9.076384973534239
575873,1.3351681943828428
576020,64.60517615920361
576142,0.31721697560613876
576426,2.7162397195928443
577824,0.091284403540965
578239,4.331744436384874
578274,0.3884544745829777
579604,47.63859843815061
579716,69.82769062964174
579817,9.372879542038598
580144,0.2558435129784123
580153,32.096296669613444
580943,21.363878897355033
581180,23.207492939441554
582669,0.261333798369343
582764,2.91924099595677
583102,2.4577326004600493
583159,1.5054386961427064
583224,0.1458500264386595
583337,5.832282365969332
584386,22.58701685471628
584428,50.615338430137406
584523,0.27571739935034173
585260,6.913748642697873
585300,2.613805017019573
585937,46.106798612805015
586640,0.1790230913062335
586983,1.1792374418360596
587077,48.978524550722234
587519,0.2103879563668492
587554,2.225165888492311
587698,9.431590590579981
588631,33.62817459538841
588677,0.5979425873655849
588919,1.1552814862213199
589708,75.08874013839988
590903,0.06377411808349495
591025,6.091420580672801
591046,18.022035227471655
591112,4.717816884092451
591135,11.834003918462038
591602,0.0
592282,1.5541558268507523
592342,34.57765593719912
592376,0.673593754619848
592785,9.684046775550852
592831,1.9330488049850696
592853,5.934980897859378
593292,87.66843402967271
593350,5.694940698064411
593642,8.20434340577572
593900,44.33866245794403
593923,33.18760847341791
594020,64.44395312120682
594036,0.12707182544306497
594311,0.16529346788796656
594521,0.028732495617310543
594524,4.643520565271992
594611,0.44427763975877693
594639,4.01591275849509
595321,0.40961834681785986
596346,0.25885897586002415
596373,78.51369679373315
597584,0.8893198758991256
597624,2.366667798679421
597668,2.4820490802794133
599847,0.8951981664919554
600129,1.8069533256412114
600434,0.09233936636029794
600626,1.1944157412050427
600877,0.1715621461818659
600891,26.289210463774193
601479,70.31943139813401
602142,0.862733784615897
602453,5.899273997173055
602603,0.4120935792040757
602729,5.050156961660084
602783,1.9317603888865582
602966,0.0425560055184172
605670,13.155742977117951
606386,16.966014639766613
606623,0.20993096014029064
607525,9.193853191648392
607735,48.839097099535586
607891,31.011398134511168
609126,1.1834943563052729
609198,1.9809234923141343
609213,0.5204792300093374
609429,0.13091941481016864
609559,29.521726469869495
610118,0.7741939371726727
610596,21.611213280733512
611791,0.04317610862127805
613776,48.71017865650986
616290,58.811258363218805
618477,5.612250105567264
618557,8.038027866056455
618836,0.18862920831026805
618916,3.3551743228800808
620473,56.46119958716267
620540,11.359955584862758
621220,0.0
621269,0.0
622082,1.2090456776972576
622541,0.02510261155241568
623852,0.15467516507685455
623962,5.7229348164273635
624222,1.929713993977827
627432,28.508274107822142
627505,58.571805634011604
627835,68.22032363065426
628064,0.35451605149713933
628100,0.3561902901983764
628198,1.9843824886438721
629000,2.827131517288098
629105,1.8800305734507057
629624,0.0
629793,5.159645081331832
629855,1.4954203849916385
629949,39.90101617596742
630620,11.208932047331789
631134,2.7114974256181172
631561,47.358481789100665
632347,81.8780081658275
632692,27.331858276008685
633162,66.7230351584753
633276,44.75847465931185
633969,0.8276325389550675
634328,20.51318679475403
635282,54.09158770749227
635842,43.63856272987691
636391,1.7168987594391503
636915,0.10628516544823506
638822,38.37556222088718
638894,0.11976346751017414
639199,41.61773299230303
639267,14.717693089305707
640255,55.68298865777063
640910,0.9225226832374439
640990,43.24658555189804
641012,1.0879138873618268
641027,0.7502980423839234
641439,5.997502213696246
641817,20.779397091757165
642070,49.48295807889412
643328,74.06267237886473
643529,0.6021628410142927
643591,1.964752696540416
643814,0.46686683616282887
643877,2.4705664436870682
643910,25.379895930152564
643948,92.0
643951,1.9991502162756958
644001,0.7592299532335369
644559,0.15127337460212636
644575,13.952849597883233
644841,0.3401220304126173
645693,76.65252623345647
645942,8.200347200464478
646298,9.41181398554103
646325,16.237402649962167
646378,7.562183429664378
646453,2.2597743712749057
647656,0.15739115701341225
648246,1.996028876307797
648263,2.3843721259870865
650867,2.1585564952112457
651375,38.5529567905226
651438,4.530509427433928
651475,79.34714553531225
651544,22.942480809827675
651761,1.6304362448643146
654005,15.990150899852235
654232,0.7669568964387821
655705,25.71764060761017
656913,3.6644507479458617
656975,10.072863909156167
657161,13.150822809386993
657217,82.81656551122451
657243,0.4722071888563208
657727,34.93346209607279
657734,0.41295820398632277
657885,0.19985658231044065
658008,66.86735525132053
658257,60.654612649931096
658294,59.57302513903322
658932,0.15831819527196844
658963,6.042756022909305
659875,1.9645143337619595
659888,44.15567559952971
659952,10.640174867790476
660016,75.73281990944083
660036,24.207032951513554
660542,45.94663729979825
660812,76.82549579736715
661839,0.2562608819985125
661847,60.6593424512514
662298,48.957309419597756
663668,0.4344813694845817
666443,3.475531051172948
667375,10.241086993056445
667432,3.1004520734173697
667502,51.334343956225794
668121,25.160617013122817
668382,2.0184529885282454
669774,0.9724296164974302
669939,10.306999212580484
670064,78.09605736785792
670212,0.5859489944092545
671022,2.4585838067407204
671303,1.7824835112102118
671402,4.807499868500899
671544,0.23157473103056106
671593,23.39653089000641
671633,40.05777417940953
671765,79.68338600963453
672616,0.23732137512130994
673061,2.1517756884750012
673107,0.6290279432552767
673152,2.8148774496776157
673760,61.472932343087166
674231,1.0752923459721107
674620,0.43287474424153943
675793,0.06222837667806635
675817,0.04349969132971109
675824,12.927191952839683
676752,74.91325645169086
677162,22.568825206667803
678001,0.008375782443157087
678068,8.91265167400611
679756,1.825535491090958
680104,1.1570609097467122
681361,77.67988451935716
681582,22.475906493787978
681599,24.95274720478572
681805,43.22515837373991
681989,27.548817578824263
682027,1.2356124182987538
682032,17.462643241481665
682706,3.4265061438598954
682996,82.31327652568784
683106,6.642939043518064
683183,0.0
683821,5.475296396755124
684941,0.09561357891802906
685364,38.94027645317107
685381,0.134050654169199
685435,1.1442533675580508
686153,80.99487571250056
686384,26.016839057105162
686696,59.8792990791082
687679,0.4896101970720965
687794,6.7415467280786965
687845,2.33462967258781
687964,10.18712165485247
688663,2.661074702957068
689900,3.904397007057566
690643,2.9011428693615997
690675,0.4186409562694213
690680,0.9202271593672178
690960,87.38754157251076
690972,6.964889883336999
691049,20.67553417104662
692657,1.1187662047268176
692736,0.1299179530431972
693479,0.19039497369884778
694374,0.9835066809148003
695216,22.926382164037538
695261,1.0998108655077166
695568,0.028495894544309446
696464,16.47311219435826
696593,0.16653772588827337
697765,1.9590335492503181
697923,61.281637331038226
698298,2.795747428232163
698327,1.1757480458168703
698894,1.567547998781611
699645,56.566841098835404
700317,0.010102737458422347
700916,55.52705054016273
701363,74.71970337206258
701397,0.6771373731625678
702213,16.728336582849664
703125,0.0
703971,2.242823617302605
704047,0.7655496843707702
704669,17.323869205868892
704746,0.08378186652869637
704838,25.54470641483413
705783,18.773881506269554
706347,0.9368273579004021
707302,0.13722915681419523
707358,0.13616642976748114
707387,0.0
707443,58.946625218562886
707695,0.27501216719644733
707736,4.416794634414929
708358,38.06697801001225
708374,80.93983282175735
709271,0.0642318018524093
710283,0.4291773103766203
710290,6.805463343237437
711393,0.7649088012009108
711462,1.0113977333181992
711635,47.45210300734189
711881,0.3086407155560751
712127,10.090068247550553
712136,25.909058553844197
712200,7.557773871000718
712260,20.0404242483864
713616,6.376798771213602
713857,34.762039587268866
714028,1.5385455048185896
714939,2.1842762772974997
715073,8.140200024054725
715544,2.3417747643553213
715615,41.73831285082032
716350,0.49036815032433295
716433,0.44198316169729074
716780,0.09546193734289372
716949,77.15478176598396
717725,0.9320310610253578
718761,4.614082888498355
718796,45.27137756076052
719393,0.5230082105887562
719621,12.74734754740351
720221,0.0466087858113708
720242,1.7089756215998797
720274,0.13632411737773992
721719,16.39808049749841
722399,0.03440726118863042
723362,15.45745926746114
723457,7.285669269261256
723468,0.03867762317787947
723507,5.343585666807627
723560,58.86587061279209
723786,39.32638231357917
724806,1.641618469730294
725509,70.50536585400727
726692,1.3401511237452781
727414,60.69994120802081
727512,10.700562641496195
727835,51.33426687546826
727964,0.664089039043652
728409,71.62437009998085
728493,37.96374690654396
728498,32.09587822155231
728573,0.04468977337816457
728837,0.24131748873859657
728857,0.869050048473903
729386,0.03681410624343676
729678,46.16908099914826
729684,21.741700102157992
729714,13.60654202956693
729740,0.021814746419886167
729811,9.543368123821303
730634,0.5886996243815792
732397,0.22156400618869596
732700,5.6597845357862
732818,0.5955011152521282
733207,0.01735690135427886
734514,54.21510934261485
736061,22.133101602663373
736187,23.375453317845125
736743,0.16731193424617843
737100,0.04328373308045211
737126,70.54105897583548
737330,1.731184310421001
737356,1.2484867791563847
737500,0.9320015548484355
738008,9.112319471400886
738263,0.01498245005531471
738283,1.199113569788449
738588,4.652285554795388
739458,59.232683600947524
739738,0.015204738195574224
739815,69.2618191217213
739890,2.4873482826191906
741154,1.3477442090233924
741345,0.0
741354,2.0246705330581483
741456,84.9008406338539
741509,0.0
741740,0.0
741783,83.14270729117422
741797,1.5778636648008575
741806,8.602861449959514
741862,5.947175055462472
742779,2.83917890476554
742795,39.76337291776567
743429,2.1364568376311572
743468,2.037484007510897
743549,37.33135599406832
744078,40.809447616393165
744096,1.4802292330040263
744227,1.6669589859583183
744418,2.652057399992152
744638,4.359027159935466
744913,0.40746889968375577
745037,21.329099681075395
746088,70.15648988637975
746346,80.8095238256426
746362,49.48131076069836
746393,16.879126916630987
747159,58.233480703914026
747316,8.743499284980361
747401,0.4337909839640861
747636,0.24826182341360045
748118,47.00720538277009
748277,11.63483816346766
749362,35.945891336324394
749455,80.72266138029156
749534,9.382329496719755
749738,26.089025987404593
750946,0.04300741879835983
750984,0.0008546502312382424
751818,41.774494962239636
751851,0.12368284815186334
752150,43.1426294060491
752455,1.3104479444524169
752811,72.36371935448983
753399,2.6073750078917572
753687,67.82783002191239
753718,17.76995125901776
753983,18.598759175982455
753991,80.06470323547256
754190,22.70949783235999
754353,0.9859200157316493
755032,7.636384098153844
755312,1.4417591859521195
755392,0.5499269884057426
755525,0.8524861367693916
756611,67.36514837534668
756767,52.016213175685294
756861,0.11486604096907631
756892,0.2803302912980705
756924,64.24592737435962
756928,2.344252340107762
756941,0.20270047071572717
757187,6.633406945743068
758782,0.8122155902609876
759181,26.785979709903433
759901,57.90524498157431
760088,2.078897357473419
760556,1.605799816132572
761835,9.293755229257682
761848,0.5563101421171026
762015,15.220166337540999
762088,4.9522391955572225
763546,47.92290612538341
763809,9.849204664344267
763824,74.61472170107604
763833,58.68455593489411
763878,41.32550168838234
763932,11.841610682779388
763962,32.13608389522832
764753,72.14978925289934
765288,0.11231872242027627
765315,47.48687025537996
765335,4.6675157128399745
765542,0.043706125464937774
765569,12.962014280364215
766228,1.1389007717492712
766814,0.05912005231023598
766915,0.03593491942545878
766948,7.0012297197487285
766964,0.0
766973,27.37206690377707
767286,2.1971750235752228
767571,72.0764323276179
767771,0.1307414752794767
767797,0.08455509746790033
767969,32.34693718610423
767983,1.0610082776125285
768106,78.39635435246893
768162,29.381627193213422
768797,15.52254844798392
769279,1.396173809978729
769448,67.6396992581236
769740,4.105881274491057
769899,0.8550602379820251
771396,0.066082670583057
771430,1.1057616116867122
771464,0.14831902723659962
771625,4.496743327616711
771647,4.350714972747521
772667,0.5834504507682321
772679,4.763883304382974
773041,50.53589060555345
773259,1.6497940998853418
773813,0.06501966279831758
773993,78.44426776734095
774791,45.07337579873277
774899,0.1839562364262309
774948,0.46834097341769654
775016,0.711073920950945
775233,0.5876718871434542
775280,50.51829700798964
775311,0.03795657274934093
775447,75.50666305539055
776381,4.16658465952168
776500,23.194105654104273
776820,0.23174844047275853
776845,0.39195916785231993
777097,0.6800801661257211
777327,12.82263380686204
778291,0.02488992869427
778381,3.3994134628089987
778390,66.9369404721205
778615,0.09280946035121154
778968,2.463537535014621
779001,62.24527895510839
779217,58.588293926184605
779607,7.453194041909063
780205,2.823057453529407
780238,0.08606529547784363
780322,10.358313803118618
781486,80.19604301890696
782063,0.3129696495800532
782681,0.23410141519961084
783307,74.83774570025977
783341,28.84778791043019
783397,0.5400065890661607
783705,79.05598086925534
783818,0.6327565381533303
783964,37.327445109645275
784024,38.292681535441716
784169,75.93861990219165
785003,0.18961024892246275
785097,1.3121991375217514
785366,0.1898462358126236
785508,43.51491989830878
785953,2.3651818419883917
786105,0.9145894344385725
786481,0.3440959545616905
786696,0.321976184635951
786843,77.49517663431254
786955,45.371709205205065
786967,5.858033478091501
787567,0.06678560429293588
787593,0.2402110317050511
787941,40.80706821166034
787968,0.314232651103078
787992,2.1832042197391806
788683,64.01767317953856
789302,11.88980045792721
789593,19.09217094623004
789596,1.8001958875789437
789686,0.11406411823413914
790018,1.6098010652844004
790032,21.344352843896992
790059,73.94600679207487
790074,37.7821059932677
791049,2.679123984302467
791087,0.1609091071818264
791135,10.127146853330343
791191,53.64284810725836
791223,1.6586968397385746
791541,0.07400817359822812
792061,0.08282837312264855
792187,11.945280309724144
792251,0.02477899616432203
792418,1.9090906323636483
792457,1.4775954349950495
792609,4.223133215466441
792748,5.017341589776892
792808,0.38875643549372324
793493,27.601320299217626
793951,6.420962744323555
793986,5.355038353754672
794020,0.6049414960849411
794156,31.963940713952034
794318,5.8957689649662
794362,3.434980938928172
794413,0.352127803326416
794427,15.368669594361792
794457,13.820246539188748
794496,80.14635329447526
794535,0.4450736225244582
794567,25.54862136569582
795198,8.658262834897826
795752,59.99203142592989
795775,0.10448669890194945
798100,6.508722332761484
798108,0.0
798128,0.5198833893894395
798429,82.41521969885576
799319,61.04123658508663
799467,19.11655826829942
799829,58.22584926960861
799836,72.1263092454478
799900,7.929226438067358
800408,1.9198857403644447
801058,0.11937352548686518
801370,32.93271859118025
801626,2.1977630723627937
802651,7.641361460407276
802677,1.6431902732862531
802983,3.1459165032226655
803071,0.7263724207419573
803237,3.284526837555291
803257,4.309336516227336
803267,8.459865406581688
803835,69.5883446582205
804040,0.020306175085589347
804494,3.3505895614745773
804815,6.07568840848615
805218,13.199283572981143
805271,0.009066178545811553
805405,1.2329705742960815
805411,14.032885885700223
805973,1.799574651273387
806038,60.87227607360474
806205,3.543925201125931
806314,61.46177468698925
808680,0.03955118229343994
808774,0.820240404103301
808836,5.896636304003551
808851,69.6682050250619
809567,39.28743264205589
809929,9.897640362846161
810346,2.974167306235426
810431,0.2039970945818158
810681,0.09632733393270566
810830,11.062971386974466
810867,23.471642567147985
811117,0.004597149562352615
811198,1.8285943805911529
811457,0.1438397681486041
811801,0.09664946978958089
811950,1.1400855043894993
812462,6.42131031019259
812467,3.6910601089206314
812532,0.9704756287342126
812695,78.97630323744193
812925,4.782376251491127
812938,14.383298457023482
813155,3.378951282255032
813459,0.9912070342692022
813470,0.7940068464929912
813554,23.734695700151672
813645,2.647801593139295
813736,29.698351428809254
814556,0.45996611353023314
814890,0.2866138160914949
815045,20.76505061409832
815386,14.752648650566385
815450,0.13895995704166553
815465,76.71731597013631
815637,0.03515282144705739
816503,83.27817872383018
816875,0.4900617666204225
816907,5.3573706955717295
817007,17.084675495989494
817188,4.807621583154396
817355,8.910768270184466
817412,2.257759890982501
818030,19.52725940293277
818084,17.769381121186708
818252,10.860787521558303
818253,8.127971496241411
818259,0.2796280722377192
819228,14.056245705402226
819419,53.779700306960784
819504,0.044162174580982136
819956,13.323956900897816
819984,3.4773064933334936
820070,1.2133586046617773
820146,23.849697871199535
820225,0.36571763039559924
820801,0.35381639539834653
821135,39.37806747884785
821252,16.38515602810137
821266,12.085241622433243
821506,4.172910980259377
821584,0.6022436099799976
821585,0.2002183854926838
822119,1.391244983231017
822164,25.21786544331392
822172,0.9175435936707306
822263,32.6528014184775
822266,1.5579267706866287
822297,0.19105216943399966
822298,25.46403309042267
823245,1.0590429970616104
823631,4.487491491285872
824163,3.968674792560134
824421,0.05758113337004208
824515,1.3444430159276464
825129,24.72218104665408
825486,61.46318817843481
825545,22.69140343546082
825550,0.3880144283371855
825664,0.5444851453506117
826236,0.28714079736477643
826603,17.112454367512
826642,0.35668326661200056
826990,1.3988349200007704
827796,12.954872897770956
827802,3.528237569653861
828130,15.459037552144785
828218,0.9715118292175612
828553,1.588567638824411
828685,22.007355066085626
828915,4.284755996882183
829215,1.235731673798233
829935,6.948449097461963
830370,3.1735934193400896
830482,38.995353271649215
830949,49.32079838166072
832005,3.710853170279449
832096,81.13434331057425
832157,0.07408449380973851
832281,0.5370582953252924
832810,11.464326486286025
832855,38.02728370744051
832947,62.64927008946998
833860,40.50991839153731
833927,71.25573821714224
834559,0.1029309539326676
834600,3.153168671374292
834962,0.02823619240614479
834982,1.4116743448943045
835138,3.274250858423916
835231,43.755035062723294
836411,0.36463027231388134
836513,0.17256531116397703
836519,1.583576324452687
836947,0.2285381950255565
837134,0.03702292884553903
837164,2.469571010052316
837284,0.5470220255444095
837430,0.5659410669850261
837471,28.196131123571412
837503,80.1271604459365
838489,65.24380279169151
838586,1.9328253975609146
838669,81.16648202548777
838974,0.9600873700151867
839058,2.2615475677982624
839336,85.53190895097671
840118,3.5142171983437147
840371,11.380853190363238
840516,58.299896273531914
840616,37.278179356629636
840731,23.23577420457546
840794,3.5519730452252034
840914,0.09371532162300666
841192,0.7471908652374032
841211,1.6128567774434492
841292,1.1511122257467867
841463,0.5040004338475623
841484,20.571922981528612
841978,0.670710900248187
842167,8.133117152549245
842176,52.62696160652799
842279,31.436264763284267
842484,6.353465328416523
842740,2.3143751956958676
842973,0.17861393449073193
843003,0.3225876751926468
843033,0.8310740937201072
843472,0.0
843491,9.538178886503175
843499,0.2007553250622525
844023,0.0
844025,0.11057237393773837
844278,9.308971836451274
845074,0.1108780677852537
845362,0.3235925866115891
845417,12.44916557525333
845495,2.0519927284596053
845514,92.0
845669,0.021242783716464462
845999,0.32752283691357537
846101,0.5042142657803486
846224,0.43844734670665264
846272,0.07344752991149872
846275,65.95661365461858
846407,0.10096595428764993
846431,1.4999552378828873
846508,0.0237874658873204
846671,5.314345726966128
846698,17.623003478313738
846854,47.150129152905656
846857,5.202573590371185
846948,2.3715221048360666
847591,0.13875536093879437
848071,23.243274266649276
848174,0.19112416618466263
848220,79.23727345352741
848699,57.96477421716025
848707,5.211959567831302
848722,25.119413600428466
849567,8.965629407966473
849574,6.723412888601781
849703,69.9942365418533
849927,7.556288052391548
850093,17.039184809886432
850097,57.0135958803766
850260,1.178328214268525
850324,59.71613222895202
850338,71.49943773360931
850359,0.4712324428586173
850388,0.22842193776841715
850943,1.4192708145687225
851366,2.0660040725395756
851952,0.039607519247408116
852483,5.400333120672298
852709,64.16759299951417
852949,0.0
853263,0.07172371002504525
854095,4.034006659921586
854396,1.5294292397433396
854736,13.1039060378091
855150,76.94177299144208
855300,0.001957406273894735
855386,41.660566048141504
855412,8.406580741403515
855462,0.0948296358531153
855542,0.7246723525614385
855549,37.727204074966615
855894,0.18112395357109998
855919,6.400670501181659
855959,2.2548619028075385
856386,0.0
856396,1.8919567797010155
856428,2.0153157236860415
856440,6.808294410968222
856976,0.1174054953013363
857941,3.4489519346350135
859045,68.65732274139316
859521,4.629102099604726
859596,6.837923182632901
860401,63.56010147315681
860827,80.33280582960185
860837,66.65270845597479
861561,27.058281212671083
861689,7.735936365535995
861759,1.4028706904910317
862890,0.6374412188326041
863199,43.251669908631236
863209,39.32648009308138
864031,2.1144253301027662
864271,1.5455986369387948
864981,67.96405660992909
865033,74.44015891233695
865992,4.337960268508508
866890,21.43727055304368
867020,36.049319119519694
867694,0.05212452261133506
867717,0.2308293235044115
867721,63.10192129338534
867749,1.721258902212467
867803,14.606770628175509
868966,0.1009114019756541
871030,4.122488691104023
871079,3.418911979283341
871835,0.27324459334448725
872008,62.08417523640429
872069,9.643102232014904
872897,80.19954374135406
872981,0.1637004011264649
873024,43.953534607017225
873373,2.8488489120753573
873602,34.111078593962255
873610,0.16420271777762963
873701,77.54406807254941
874577,0.12588255249821975
874615,35.84541843978653
874683,4.5554316217818185
874706,53.443976951362465
875460,10.743926422833766
875543,0.3020235487207146
876488,53.81670297842518
876792,17.736491364056597
876916,0.5760771442228203
877067,5.537769363776228
877394,1.6373618184029406
877412,0.8624017328849789
877431,1.572351694707191
878525,5.0390946429661065
878844,1.8625988269305263
879111,27.71449913554334
879238,0.12931800175629443
879244,0.25909739319230224
880424,53.91204719902946
880452,40.601881293131925
880811,0.7690847598410427
880870,2.4533866313435535
881159,11.310934288688987
882523,0.6361813789443702
882590,6.49001772451909
883517,5.9412114348475
883919,75.72607131279217
886808,29.64256484655649
886821,1.4978940392018951
887129,56.126123922939435
887292,69.09854032017061
887526,20.420453041243935
888127,0.022850483411637604
888554,1.4415054337610906
888583,4.464300514149373
889247,2.0243678137432464
889376,70.22303739750427
890605,1.8709226269403405
890855,0.22597108685143652
892080,9.495865312052892
892210,1.0066224361193674
893556,14.567496897006317
894093,40.440553235077026
894988,19.246853096033206
895253,7.110782009284738
895429,0.9652810368604671
895431,1.5924410268254825
895447,1.377744053935228
896443,18.12970296485045
898263,0.02646254825871504
898264,0.0288535187501536
898669,32.65553140762885
898839,0.5268036302084317
898861,25.930497395477563
899948,0.095518536381366
902528,0.9968962912583603
902709,69.39699529630369
904060,3.2920229431297994
904371,7.76638000546361
905314,13.984689376925944
905425,63.32158147547708
905694,2.485084742494604
906058,33.49469169880741
906829,0.003578489932784592
907966,3.6930860050198993
908015,14.13867784087016
908275,3.9836785432990673
908346,0.25205630739733503
908469,13.016176899263982
910366,14.489068732161039
910976,54.69513534590042
911964,1.0653500701273173
913177,1.72109497968918
913816,3.019288187453946
914245,77.29453838722986
914325,4.222230459815554
914355,4.001349291067731
914594,0.15079026944299775
916105,0.3552074034682069
916836,1.938203581666526
916837,36.54883400744378
917699,0.0
918239,19.48302256563244
918398,8.644220077857975
918610,30.90718805334919
919212,22.874765667691843
919269,0.07719993777655058
919491,52.12315520374996
919581,1.1259521259196368
919830,30.616460817151474
919955,4.545295996589918
919978,79.75937847355237
919990,0.13956265512239802
920930,0.12478640905566357
920951,0.49576673860214204
921034,3.0699683502720103
921203,6.5027315003202055
921585,27.90117762646733
921695,2.0519973806121325
922695,3.274687412496872
922764,72.89935413406026
923053,4.524600303858948
923741,2.8024063806573802
924600,6.408774123339087
925010,0.4868954504993043
925458,1.0134908331751136
926337,3.9157653439319167
927075,76.38229016093257
927408,59.15367806479052
927597,15.711524126472606
927987,1.9810097360920047
928004,62.99448551175218
929790,8.332770036057866
929833,9.235983538311375
929891,56.682615073427314
930701,31.43072016807848
930809,65.4843063518451
931780,54.47145952085958
932241,0.06969623404337173
932277,3.459767159017513
934224,7.03346436329239
935695,1.6609185445372892
937396,0.023963357884914053
937448,2.112633165541
937840,0.37950596561161787
937876,0.10283898008770269
939035,80.15855606763857
939260,0.15422513279616767
939411,72.97866651756655
939657,69.80620690160872
939724,62.01735303905804
940046,65.25047745718915
940856,24.08884519944432
941077,0.0
941563,1.7324767931403706
941642,75.78412793449156
943891,61.98697993448893
943929,0.0
944040,2.505864843687205
944755,73.88732530614858
944840,3.3083488542415562
945297,81.12302869556393
945820,1.0498117719259528
949194,0.23188646621760473
950038,0.0
950777,0.36513628633150735
951944,8.432761011935593
953275,45.421797300112786
953284,0.03671739395199546
953437,0.6329290383836991
953821,2.0118491812672556
953960,51.47026316057585
954105,54.290730269967675
955354,5.799528106136401
955489,57.134126499693195
955542,2.60441439184571
956412,72.96351095823424
956554,77.78531635443606
956573,8.67924570853043
956887,0.08119018348638836
956943,52.154378612740885
957289,2.860212829362306
957592,0.4746315260857125
958222,8.226087236656332
958353,3.9235739725004604
959349,0.7929802548010245
959779,1.6414034428598816
959788,47.49711185523838
959791,6.0373880003228
959871,0.031125706779236664
959948,3.2925585089998575
960495,1.7867490623140032
961477,79.15160966094483
961830,1.9822050243172848
961877,78.0624436927192
962056,4.588919325953428
962620,1.097150262722507
964118,35.81698898948387
964514,38.820745740208565
966104,26.52175940654905
966167,3.31508685878489
966663,0.11617686589217428
968848,1.6190438745518134
968921,70.75985131121959
969115,0.018401114453985234
969463,0.7398816459033062
970659,50.513573530887925
970715,7.358567212645004
970949,46.053902182046734
971247,56.64465771533069
971253,60.26677176757151
972366,0.2695593809797495
972426,3.395091560509473
973128,24.99660280837081
973371,60.830139829790376
973535,87.37877316408682
973791,3.6909302112963416
975229,29.75129568271795
975250,2.887679532486896
975359,0.2284225276418064
975369,16.263039224184656
975636,5.641692302699245
975656,63.98432710132684
975897,0.284214715989697
977152,1.0490312612097878
977267,0.858682733913578
977290,49.54087609419823
978615,60.130861466664484
979560,7.074488983395933
979656,26.10788275663121
979851,2.5911286422020083
980018,0.9750411144847845
980098,12.565085620969288
981494,0.040102029930321956
983220,0.39872560771213084
983625,82.5139454854596
984380,1.6613032312245062
985273,60.07457276521903
985642,0.4683605143867746
986540,0.8104393220807693
986727,85.82362523267723
986936,3.101693786190419
986939,0.0
987329,20.73601573299425
988991,6.063207994931849
989241,20.174798917418087
989423,0.5290222886129012
989488,38.9480486614594
989925,0.4659385925226491
989976,30.037291533168254
990171,80.15009364459138
990703,5.268561667564287
991396,0.21450239328611173
992186,2.8946048705073917
992508,13.169076397476056
992598,58.496400906927185
993011,22.899526457116973
993040,85.48455714689966
993785,0.0
995169,0.1624721652235989
995187,50.77080611122689
995341,0.05175133990494834
995367,4.888968133080327
997028,0.6591118477783109
998023,1.2023949554159723
998896,0.11436039701099152
999984,50.23741085175735
1000264,75.09273489818112
1000871,0.2653861457335539
1001367,28.20892663885449
1001405,43.34299077167969
1001447,40.015192148729135
1002469,0.11636019627454192
1005558,43.027657226772895
1005763,0.7022144584353217
1006292,65.70648665656596
1006493,0.19268981483852884
1006697,17.498140170732775
1006699,7.988782684078696
1007266,0.2988774096253143
1007724,17.149196074280933
1009018,1.284796920452008
1010683,0.15512180586769714
1011326,6.540859240981718
1011449,4.540349909387579
1012203,4.307666057121646
1012321,24.703386134907635
1012337,1.9719144694606852
1013235,22.125631598112154
1013363,1.739190966706665
1013647,59.64956475457883
1013779,0.06348478486787573
1014305,0.2610736620873205
1016004,59.433633949398384
1018769,83.49963183528288
1018858,0.10441031847264236
1019111,1.7194628370632232
1021122,8.661394632319666
1021414,14.765315698821086
1021668,1.8243820744835926
1022180,1.0702264294405275
1023117,1.8392168993186517
1023754,1.4034684485529116
1023833,2.6094188865761736
1024113,1.6885761236854897
1024135,4.389687597961788
1024342,0.5157732497964417
1024364,16.573211935397588
1024932,1.0385061718838513
1024949,3.560873119102175
1025847,0.7602914918829048
1026385,0.03601090502155291
1026592,51.6875756322792
1026683,1.419130068405794
1027022,0.06490596051848269
1027162,0.560127732326553
1027808,36.836919562897634
1027934,0.47293311314581654
1028139,0.06820194025547949
1028158,0.731808968050483
1028222,4.838748609556832
1028263,7.546539495646561
1029845,78.24599969417152
1030254,1.6818377969102056
1030780,16.041518755744352
1032127,0.15291467738469824
1034106,23.251202778680092
1034911,0.020171339725110628
1035717,0.09030331001871475
1036734,73.23400861763554
1037017,2.561234883857563
1039045,1.1157594419160977
1039215,75.7370268717214
1039931,43.57712273343413
1039983,2.7047098234516183
1039984,46.55165132383261
1040018,2.83394863063226
1040182,82.24501148949483
1041218,1.6501600671149261
1041334,20.46512155486728
1041512,38.458168710688646
1041574,0.10236584078774902
1041746,0.5983226337586457
1041974,0.08413391941219706
1042416,72.65095975908004
1043046,30.678852496957035
1044502,48.03076256296055
1044917,12.82043522310838
1045155,0.0666911509682113
1045491,77.89845537055179
1045633,4.859267845611491
1045897,72.80690482691816
1046454,0.04561510937673962
1046615,15.537457420976207
1048382,0.12955163233062794
1049153,75.49953117443756
1049207,0.1510263252965715
1049224,43.09648322122869
1050389,39.44003417780242
1050955,79.83301238774584
1051859,5.328558004181828
1052960,1.6972723258484639
1053375,0.6069107454614353
1053504,28.539003972407052
1054201,71.26584676548367
1055135,0.1031023970003608
1055674,2.004370905804785
1055863,0.0
1056119,59.11505620417952
1056597,22.82044955910478
1056657,68.13946741202815
1056754,54.38942304403993
1056804,30.775416645714802
1058361,0.23647164523817116
1058791,72.27091083895812
1058872,0.09447043870126055
1059025,88.82593058167393
1059889,0.03644307848409314
1060019,61.925987441283
1060080,0.19122549361464247
1060553,86.41418840831606
1062796,0.09889294891584395
1063020,83.63779755158602
1063060,49.324060791133626
1063678,11.266780315268221
1066079,0.31070081610513445
1066660,0.1043112942881249
1066769,82.77353704292028
1067022,27.553734685086905
1068924,0.7320830735584414
1069287,0.37727696398729316
1069429,0.5503746717275294
1071138,75.23234323057783
1071394,0.1134924794088485
1071743,8.50993204285802
1071760,0.1868606511752695
1072481,72.0420687788521
1073635,80.03195039469006
1073780,2.0519423100394607
1074360,3.9935505019078974
1074564,54.78961796099719
1075314,0.06472299771954901
1076873,8.23563831783781
1077179,4.866635877207013
1078889,5.17110288489657
1079675,3.7514029720971274
1080543,6.34937615302551
1080674,0.3895529428769376
1080797,6.309335088499604
1080839,6.546137059011635
1081932,2.047506432494511
1082406,40.51355572890247
1082849,56.34067322280945
1083888,6.59289437956385
1084294,20.07494278119368
1085529,1.230569497004019
1085566,4.627088789505664
1085916,48.03974921968654
1086322,8.416401775382841
1086468,0.5561505468489655
1086598,2.8212250938326746
1086819,0.8701359419774315
1086958,48.049125957732635
1087354,1.3993437982911316
1089143,3.2101157116084966
1089619,1.5170366904088621
1089766,7.189808219118984
1089994,27.71353008326928
1090380,0.7073708064593861
1090567,36.74684262817676
1090732,1.3691126294580447
1091534,85.54569406649733
1091582,18.019649714043307
1093570,91.3484596782254
1093977,1.329651258631498
1094623,0.0
1095278,0.04910997508064461
1095472,53.63204258969088
1096511,70.86559592777955
1097464,90.17662822644022
1098967,4.435501817686767
1099387,1.0036442573071602
1099680,0.5313590685628985
1100421,51.187732865792846
1101035,81.18887083989223
1101097,13.566614638385474
1101224,5.2797664279967504
1101525,17.30992473647585
1102853,0.81270306705683
1104208,0.00560026030084479
1104567,30.702354595720013
1104762,3.6033709062268353
1106282,6.8562807649954465
1107092,8.69718260714555
1109092,5.311234106043595
1109388,51.19819969868256
1109582,9.80327611406133
1109624,0.1310833001016343
1109826,0.16744752236226706
1110193,13.293164383212304
1110533,0.1339806614622412
1111854,28.15733368224402
1111882,76.11129250810883
1111981,53.80641566616076
1112070,15.792637791687469
1112407,16.623023816611628
1112484,6.26743576576671
1112504,0.03524184901417738
1113258,4.767976132282574
1114788,8.957208913836228
1114858,0.13910893650382494
1115349,21.633336531179772
1115381,0.1110981140326429
1115438,11.442564471566088
1115576,12.612526823695127
1117181,0.16681834574549873
1117632,0.24955926161868974
1117958,13.80002357357914
1118062,0.5290985126617291
1118213,0.042313863878371764
1118479,0.8290350113176673
1118547,1.0483177462576312
1120033,0.17063697750739235
1120210,0.12738652058504812
1120392,63.76719671913946
1121448,5.58743636918151
1121502,13.468665743319365
1122462,5.1637650319302955
1123077,0.31530408615979244
1123237,0.12123271823672332
1123879,5.032362511662381
1124394,0.16300114393520526
1126656,6.966630991168442
1126669,57.336291824353715
1128681,3.8970260228457656
1130240,0.1668654460697231
1130680,83.45685568913157
1131422,61.44083541688962
1132242,0.015462729369432923
1132907,6.374007048999659
1133211,0.5006801395641209
1133254,0.9029386595557508
1133341,3.9878979988237466
1133460,0.04232678266649777
1134369,51.7958559247913
1134553,55.865510687714746
1134635,0.9969416614037393
1134988,41.7562451790271
1135315,0.7091482902492682
1137768,0.4573804540889438
1138727,30.441723428227444
1140461,0.12387985767182993
1140837,2.104113950649925
1140912,0.4661543499834293
1141071,52.49566442157089
1141076,0.6121735446318485
1141120,14.899143203861712
1141150,8.333433076533309
1141632,61.13512221673876
1141759,3.5688820782905184
1142034,26.36334480540804
1144171,0.23916163324766485
1144809,2.1815522775517397
1145134,75.6497510673978
1145488,0.01815790295157638
1147507,1.0808947237427187
1147754,0.0801852314346372
1147884,2.2842909681669448
1148380,0.7230157616554194
1148451,0.07685424921663282
1148759,0.18267094787488275
1149845,55.16155176751588
1150382,4.016136568752131
1150398,20.118203632534897
1150400,1.755141528040097
1150514,0.012845076285020393
1150914,0.6225684885826882
1151388,53.11939302289801
1151980,51.023079235877546
1154609,0.005647335151643672
1155475,5.848391732617067
1155885,81.76568565225143
1156423,0.07213341786980768
1156634,26.107979649149833
1156733,3.6364675796024906
1156977,1.180593221095681
1159142,1.485590424886342
1160028,0.4987295935565128
1161838,15.727766404123646
1163484,66.64519255986582
1163969,4.144314095647116
1164046,1.7721015872002648
1164370,10.778432449789053
1166538,32.43836811058278
1167009,1.60284027594491
1167219,30.272945228325156
1167314,3.5021367148131786
1167395,0.16924361322475887
1167444,16.769718030324544
1167658,76.42137856598337
1169928,2.4309924737320068
1170261,74.02801860947837
1170401,0.11251412074862656
1170656,0.0
1170887,1.8067376065454708
1171342,66.55004772801549
1171581,0.0
1171674,62.46272351653223
1171955,1.9722342804868058
1174479,0.01689491908040006
1174619,0.12909984350711534
1174944,21.3631808689213
1175304,44.78218278174316
1175394,0.24108979213011256
1175536,2.20836928872187
1177156,4.382075209564568
1177395,0.007072366448099466
1177725,39.89888618170601
1177986,0.010417040238684293
1178231,29.349668440329395
1178389,0.48868561298672336
1179080,79.13571465186989
1179938,0.06830834619249174
1180159,0.018194975804614967
1180296,7.173188259794369
1180473,0.14549236446882383
1180618,0.2548660378538396
1182186,3.7674244883985972
1182668,8.228407965153378
1183172,73.81501758458532
1183517,0.06644505242898101
1183567,12.856603914796999
1183628,1.5913331555953034
1183632,17.195187469992657
1184848,11.206965387730166
1185525,11.569958307614469
1186153,11.195882973659327
1186569,54.14251066672581
1186653,4.659378568840523
1186746,84.88067891119586
1186761,41.26116494788873
1187220,0.052469952944629694
1187411,6.801838654475533
1187588,72.95374278799088
1189738,57.68596872323747
1191082,0.07111061318621109
1191144,3.5482533818589386
1191606,21.862856761039
1192845,84.86465240076761
1193072,0.09984680742939873
1193793,6.853236782509469
1194525,6.999182230901591
1195177,1.6884068485421582
1197135,1.7507349422659957
1197645,1.2342961391040936
1198231,0.052713243553161586
1198681,0.41253698746054535
1198874,39.844909437866654
1199878,1.691431557892561
1200033,0.11681787164891813
1200359,3.9563484942021203
1200456,3.847183068743236
1200707,23.69624096416668
1201426,0.20834241858920635
1202883,2.233648145663762
1203737,53.30028185032241
1203799,0.0
1205103,79.96598338891592
1206407,0.04286201598124368
1206525,4.208900185792739
1206643,1.0808921377992378
1206859,0.13843863739266135
1207489,0.07594306762167005
1208461,0.6575502794760935
1208742,40.77523980775509
1209350,1.0385469334054958
1209492,0.7866245623863316
1209684,13.71716340442684
1209921,32.98295040792666
1211777,1.0462394581462997
1212319,2.5578453862696566
1213991,17.072868513187206
1214133,78.943550052868
1215951,2.6141614421354853
1216084,9.051654631838993
1216905,55.12573100113427
1217046,59.48694895624628
1217670,11.816468173974807
1217823,0.43777696664142185
1217875,0.0
1219919,6.08604116689884
1220962,3.995424225805023
1221172,2.678089659112429
1221503,5.408480934541709
1221511,6.760407411269086
1221576,39.00277442492285
1223230,1.4785365166557651
1223755,69.3157081140711
1223980,70.47149405956557
1224056,3.812554654221844
1225060,2.817804551425325
1225604,41.23520125643419
1226176,0.1656832841234326
1226480,81.95862879674398
1228698,29.391528364718816
1229086,13.896082981291578
1229289,82.43868483691665
1229463,0.951332028504765
1229536,0.3379265754250635
1229566,3.3113697284153414
1230956,0.14698572705622956
1231104,0.11319606145676729
1231273,7.983354007867625
1232212,2.36842582311978
1232433,61.898993525300554
1232491,0.381571637581584
1233186,0.5707440797310913
1235205,1.5692989433880788
1236489,44.80569769138496
1236705,47.35139106133787
1236788,8.620939628915584
1236914,0.0
1237275,6.214577914917425
1238624,0.0
1239265,0.03708691540890622
1239293,0.6400481984402671
1239421,4.83556373505603
1239563,78.78462716500188
1239842,0.6851369789249432
1240213,0.7963882105132621
1240698,29.380474549339663
1240885,0.04900982639058406
1241905,5.576472580723728
1243308,0.025580175014154116
1245343,1.6917623515778937
1245624,1.1813728392335627
1245714,3.373018122205135
1245855,60.138355581740726
1246123,0.9424597285593144
1246287,0.14624766886327276
1246670,1.5230003835102706
1248477,1.009260006959411
1248527,0.07913597657383896
1249419,4.561778332032774
1251294,0.2544900474794616
1251889,0.5804614754951528
1252565,4.441653090336296
1252680,0.015125178535570685
1252770,42.236929849749
1253039,1.3414401623743935
1255964,0.6468622945788756
1256152,0.04507565626529826
1256275,0.016133050115361706
1256290,0.0528559306873648
1256707,6.522003788145327
1256768,44.27432209958092
1257416,5.1884352327424255
1257994,28.85126210778903
1260619,6.499290788759172
1263964,79.22965737060271
1264663,0.02475969069891097
1264695,55.33033823657706
1264701,0.058643318983321834
1264732,40.82160316656118
1264887,55.054284693021245
1264920,0.514719240796562
1267945,51.30057862121434
1267954,58.83063869260493
1268083,1.1040166255916908
1268126,52.98268233862144
1268154,17.56315643137752
1268175,6.959035429896746
1268218,0.44770752088157645
1268226,63.63984265763144
1270420,0.08518168001271886
1271297,18.95664160592519
1271312,0.05879321819017872
1272282,1.8395637011866688
1274530,0.7401009838026975
1274738,0.0
1275942,35.397721219967906
1276054,41.87364894148882
1276554,0.17752024264767838
1277955,1.1967561658290413
1278469,2.297039118607976
1278506,1.4304850687772503
1278784,66.11152460860475
1279185,0.5340288578590519
1279189,1.5531920255453924
1279234,0.08669258675091507
1279449,14.883909919020581
1279855,0.08559695479862799
1280188,19.72363034963222
1280427,0.025439148642929166
1280533,7.506330813996249
1280916,9.887942232197146
1281023,4.331547398352219
1282638,74.72698122016989
1282763,0.24055463521047632
1283523,47.970500946122065
1283701,0.16646693951937477
1283928,1.5415339196583626
1284189,3.756957023103983
1284990,31.313382938025658
1285927,24.605019455818454
1286024,13.835375475901325
1286933,32.208921267234366
1286972,83.5672827884847
1290336,18.267721525035327
1291490,5.447784781591517
1291558,1.5129945570461274
1291561,3.467423714976321
1291913,81.05344282345035
1292184,60.2516322061788
1292585,69.03497723407915
1294267,8.008827176962246
1294417,85.25120392609858
1294438,72.28427553885366
1294721,0.078576512391786
1297663,14.452342406803263
1300191,0.2408344176489861
1301227,0.7866933182181048
1301259,0.2874078379724653
1301262,0.19987520732275038
1301321,0.5561725209331
1301507,25.897791440514478
1301986,78.03065630368953
1302596,2.0214649014091024
1302684,2.4221075132528744
1304459,21.958323316625403
1304604,2.2480279315962237
1305590,16.017528553251708
1306749,9.100797799030744
1307405,2.7747941894390054
1307723,1.0612322381780182
1308355,5.9223495626113305
1308877,0.12046605611988395
1309707,16.242037261574083
1310672,15.693757310800832
1311399,1.745121449810283
1312178,1.1930223557204278
1312228,0.6903352653845735
1313020,0.03488107195880582
1313141,6.444203915160087
1313258,64.31535444088645
1313768,1.6337851743537666
1313885,55.573543099803594
1315676,2.5952170853253813
1315753,3.8013410570322614
1316175,0.03221408362262843
1316416,0.0
1316538,0.0
1316691,47.97968436945582
1316747,0.12378934792304103
1317648,0.23147149111468543
1319855,0.37812993477977774
1321174,4.130308256752763
1322432,2.7105364038825286
1322917,82.05889139422877
1323485,0.07109156072136821
1323528,54.50662140197724
1323789,0.961128683866428
1324295,0.2760818051131328
1325432,30.558690238342496
1325472,3.4101757705274647
1325473,3.4136578089879914
1325759,6.567281362232782
1326566,0.7085706918928829
1327940,15.003856396716783
1328032,0.003663260350191579
1328080,72.25589996037327
1330056,20.474377688214577
1330753,2.445560354188727
1330775,27.80574153909704
1331231,0.8133010799842587
1332345,1.8018776324350925
1332570,2.801872402800698
1332663,7.452525770431234
1333269,1.4661179698324758
1335550,27.290476791660264
1335634,84.78492187337784
1336390,0.08749275364607746
1336435,2.3919131618811282
1337124,6.881733636129586
1337193,1.3601234622399274
1337609,0.7345984499318087
1338900,0.06812384295747755
1339672,14.638412679755119
1340568,24.323836859100147
1340982,3.3203680962482807
1342296,29.486482530854506
1342928,4.188605246158949
1344128,7.692479443830303
1344262,5.667138628053414
1344474,0.0
1344551,73.3033257598523
1345712,4.0034172220339554
1346389,0.03332726818764857
1346822,0.11173322148450823
1346989,0.017924929681135605
1347103,41.25724419438915
1347175,1.2614189359900516
1347204,28.42153103625971
1348306,16.907774329357945
1348655,20.32993172873671
1348885,0.193374194503663
1349187,0.8484663020952476
1349237,79.90440699867828
1349503,1.2996970547172613
1349834,69.18130174076697
1351217,58.71216941900976
1351364,0.9923601048300568
1351404,14.082578704377122
1351427,1.1744954675523525
1351683,0.1107497287301398
1351889,12.9196463744555
1351915,1.2328764818093771
1352657,2.846555736492669
1352916,1.7146016149195562
1354042,2.7532458103152746
1354415,71.50515291485709
1354775,1.5726687581312866
1355859,6.9482708349832185
1356513,0.10791383583720582
1356545,4.1979712072432305
1356889,5.188809428365264
1356895,0.42818380658239413
1358179,0.11882970913792437
1359411,7.365614866604311
1360781,0.2827678618019315
1360820,0.09898952936225162
1360873,1.1200385123864276
1360926,15.347243947666325
1360932,0.1373771738139508
1361428,3.17649346844541
1362512,30.038525555445116
1362925,18.69311602151905
1364584,1.2396626050757462
1364921,21.732843715615687
1365505,0.053555734975301965
1367775,0.14116150086402204
1368568,0.03685077998001357
1368674,64.06060356294071
1369559,0.9778425659978619
1369670,0.2605146618238881
1369799,0.20482588725781364
1370064,1.5268053848156617
1370154,0.8729304426358887
1370405,88.16761371200666
1370600,0.35747425741633754
1371114,5.999642866433664
1373456,4.526417132524912
1373541,0.1061932328950606
1373655,50.89581207591544
1374144,0.0
1376820,2.937953697171187
1377134,34.07071053504805
1377478,17.129577175777406
1377622,0.1361225110963735
1378088,0.0
1378111,0.0354484914926001
1379616,49.05905265476954
1380326,1.537512947181331
1381569,0.013381788177872762
1382245,2.3120282711089764
1382256,2.7737144470731594
1382607,1.1758051348779937
1384858,0.03660378682414213
1385985,0.0
1386742,67.55477433624196
1387166,3.1295301885124474
1387361,0.9822431998993236
1387839,2.9161267369986668
1388569,1.4374003168386176
1391999,28.645262098379444
1392144,16.330560820509575
1392330,77.47300267346378
1392390,9.66888012175496
1392398,1.801602753456337
1393169,0.041143392852570806
1393419,9.44040475722012
1393994,0.04825295495648435
1397839,0.08762196592267792
1399187,3.408727235256852
1399273,0.9570411096512856
1399352,44.86098045217424
1401578,0.20095570121736525
1401826,2.0160900545552742
1402731,31.6463729854228
1403323,0.12491038833356731
1403827,39.90649258314994
1404586,2.1357852971749964
1404629,0.28768715949460216
1407364,28.452765469468126
1410197,17.154154771603512
1411349,9.058158012553642
1411811,30.47825718733333
1411979,0.017304976684550836
1412531,5.415400088146522
1413795,11.969293121099476
1414196,2.261465857136488
1414747,1.2907975153295301
1415738,37.979139132066905
1417215,8.315521404828988
1420335,0.706583279880345
1420559,0.709710787461096
1421077,12.418579377919784
1421933,2.325775385878677
1422237,0.10536545874451375
1423063,5.018754825242143
1423112,9.205164155671472
1423957,0.028852840978907977
1426302,1.9651055114686329
1426436,0.11000065028883887
1426643,0.20598517365643515
1426738,0.28913275210928785
1427401,58.05622835044901
1428371,0.3116852636140561
1430650,47.37744067325074
1431246,17.078334124546455
1431373,52.376652085856065
1432694,0.5970312309378689
1433326,52.773559783246526
1433337,14.825563709684664
1433849,1.2844480925646597
1436810,7.213182980199852
1437044,0.9751950970650854
1437163,0.8088976101228341
1437903,0.03071637416495595
1438369,80.18418392830456
1439295,10.775377716157742
1440363,79.97823760830316
1440512,0.1335858887867744
1441260,1.3852133369020423
1441931,0.0
1442450,0.41477987966357904
1442799,80.0285211595037
1443077,16.064091095657922
1444924,0.30116248238980914
1445250,21.96937223844875
1445813,0.024833609319484168
1445842,0.6626512257233969
1445876,0.09977557612818536
1445957,2.255317362218035
1445977,1.3944563580897593
1447952,0.6469280377724911
1448691,14.443408742939281
1449546,25.85784402046997
1450568,12.916407735689194
1450685,44.74861319435435
1453049,4.387069507550839
1453998,8.129491499005308
1454920,8.44256196713073
1455061,12.853692023131774
1455407,1.8797757594870772
1456142,1.474850549591326
1456352,82.84152581329164
1456430,2.1708012262499468
1456565,0.35193545654863234
1457003,1.2818135296957303
1457042,5.148920328771497
1458645,6.696943343136135
1458995,2.451038803774346
1459724,0.17108560200019732
1459862,47.000606087147986
1461721,45.822870107250985
1461822,0.6171865524758497
1461965,66.23646990649478
1462270,0.2468145359629386
1462341,3.011336280130305
1466053,0.10143687794388506
1466081,24.537059630449903
1466534,29.963612387896163
1466592,0.3780216315486762
1466688,0.1471448759577688
1467025,25.51480844804356
1467030,82.09673470837436
1467618,2.6902036803060536
1469244,20.44204091441974
1469955,2.9384527904717253
1470117,0.0
1470698,8.28907332158134
1470969,1.0646482219903135
1471201,0.05526154330458447
1471244,3.928441276302396
1471265,1.5574377731485194
1471952,10.381963666696096
1472166,0.12217914723550624
1472842,0.09759317901345481
1474887,2.1286006673306392
1475661,2.696205030305288
1476085,0.2475725236700246
1476244,5.959502029881828
1478084,0.09964844638702283
1478270,0.39932508852468873
1478468,2.804718427079061
1479113,3.8856923294331613
1481753,0.4391200910495779
1483688,26.33503363942734
1484077,39.77951714267501
1484207,10.406623860050676
1486963,46.07044559235964
1487222,2.8938860153518813
1490223,5.407305980818408
1491731,0.3784825334458529
1491991,6.6336282196803715
1492810,0.06983398787570323
1492856,53.01449740753898
1494527,79.50828590600915
1494817,0.0
1494934,0.27781409446709043
1496319,0.4423210587458021
1499572,0.7378067826590846
1499650,4.704926082625031
1503296,1.7787574617440347
1506284,73.22674815338468
1507437,2.010942274424876
1507929,0.11385272346276161
1507974,7.174445996357548
1508461,23.076860388058197
1510830,0.16955001063766795
1511048,0.5699270130646319
1511216,37.06780180009699
1511303,62.71502970035046
1511933,14.05186958040422
1512006,76.07263713097413
1515026,1.8318044730559129
1515135,0.6898546975506662
1515522,14.169396029084714
1515611,3.27229215329245
1515979,40.6246519171467
1516048,1.5338186021369962
1518302,54.169607309786684
1519621,1.1437349292944325
1519799,29.273668585085996
1520136,0.6171928597439892
1520651,4.375885149338015
1520813,25.70037060887782
1521091,3.108871849701987
1521256,0.7525881144871104
1521536,0.1306803962290951
1521862,0.602276318141079
1523865,0.0
1523892,0.39147949787709024
1524562,59.73099753430819
1524610,8.36624111543075
1524948,7.322004893519035
1525121,0.10215828725222409
1525143,1.4629216736262691
1525580,0.05540873025147957
1525602,71.59162976532696
1526129,0.8045921369315763
1526274,0.8870440505420701
1526416,0.10497652064200244
1526741,53.17089738100676
1528339,0.17743143415713253
1530561,74.04939887566786
1533652,26.85385335104265
1533807,4.752176301473295
1534078,1.9878636825438984
1534109,1.2973649213369611
1538944,0.04542793092562335
1539361,0.0663465527809039
1539462,1.6153230456148657
1540562,4.240154370852136
1541353,0.5454784507481263
1541832,5.665349989868374
1542279,19.27105231608646
1543023,0.16376626723878257
1545525,7.80009863728279
1545924,10.357082704485386
1546380,21.906978297387177
1546748,1.3984655456183595
1549413,60.76030882504842
1551044,28.867454270140925
1551078,13.989428203973723
1551916,1.944225081951799
1552576,78.52324571958685
1555500,0.04648522929833646
1555853,3.0929897732801064
1555919,0.6546652087478585
1557326,38.43149966499625
1557548,0.3830179075396279
1557778,10.803413107876379
1557803,0.7679675574831523
1559912,0.6471360890066564
1560573,3.9235101266524173
1560606,0.06316241357216403
1560957,1.7247957076227034
1561735,0.18283889726442734
1564553,63.59483231639003
1565808,0.07446902189861493
1566714,82.3380034114204
1567003,8.011621737030097
1568777,2.3567997086805135
1569396,48.08585093848917
1569444,1.4532192112622127
1569842,0.366013224786301
1569906,0.2161735620509695
1570096,14.273517428686379
1571050,10.50535803708082
1573068,1.912859770811766
1573753,1.7499951710197341
1574097,16.597627411089693
1576724,7.171711187023971
1576883,0.28991922401681075
1577575,7.062643769246329
1577913,21.28362717674711
1578996,32.688849885755424
1581223,0.0
1581466,63.771956752725096
1582263,0.164866960631984
1582540,0.23270276474904886
1582875,33.77530493830937
1582940,3.0348817731211817
1583111,13.000887175200376
1583128,17.91844045572043
1583258,0.0
1583673,0.008749408134622405
1583971,0.5401642102604328
1583985,28.64415298541297
1584167,8.751888085983436
1586304,0.47248466108948434
1586454,2.185836185675685
1586489,25.149337404500674
1586608,7.506738665089462
1586773,50.19092438339869
1588221,1.5547185312680727
1588903,2.6602818802470214
1589715,4.550656679260475
1590214,75.21409919097209
1591811,77.43691541678979
1592879,0.09422654137661184
1593444,0.08735326767458812
1594395,0.5013373840721125
1596169,3.3390320512506615
1596314,0.1678797057506517
1596603,2.5811266242088253
1596669,0.5291548725925022
1597002,0.22283442041340426
1598518,0.4818287955118334
1598722,5.943547641664535
1598863,0.22533815335544805
1598950,6.641537144351534
1601704,0.6471958567022666
1601776,0.07966779687061404
1601955,74.60163167082054
1602731,19.677732558040702
1602793,24.362350944912393
1604324,8.845270736554358
1604488,59.118686917840925
1606115,0.9659510601118213
1607335,0.9076699457066912
1608567,0.18262274779962862
1609799,0.10023973513204522
1611089,0.050425941795259624
1611398,0.0
1612489,0.779206563512777
1613419,4.930229871861388
1613539,0.24902063186341722
1613859,1.509332241084509
1614925,0.0
1615083,78.23722897077525
1616807,0.5747423049366612
1617264,0.10616266083502002
1617443,22.768781845611187
1617488,0.3724222331511992
1618034,0.750491705467965
1618877,0.13394394904003834
1619312,2.197863009494063
1619538,1.374242796486259
1619695,46.28950288275151
1619756,80.91663501393384
1619841,1.6119828501580242
1621986,0.14466831735834298
1623013,52.84672220102354
1624451,1.9505946574242061
1627297,31.158744094318113
1627696,35.50226395310928
1627949,2.418408003089595
1628003,2.8504652712315224
1628138,0.12047985369385951
1628156,58.00586257836612
1628564,10.75393529660997
1628643,63.75125332176455
1628878,59.950102073270706
1629248,2.926663468134677
1631938,6.203347325744982
1632416,21.6814650680161
1632592,51.81576935965943
1632833,0.1899703289801582
1633331,12.000073078472816
1633453,0.010514155658354306
1633924,71.9978925264152
1633941,14.607916187216663
1634856,8.365584326790037
1635672,4.638234399518175
1636349,29.622918463212933
1637178,6.022236710928657
1637346,2.3442421100346285
1639145,2.7368296619535317
1639762,41.14214402523841
1640521,0.002690847308284356
1640610,3.5224780895422634
1640992,2.644882955302764
1640995,3.247814151334368
1641022,0.1569944935862825
1641291,22.392939087747944
1641665,4.846208951922265
1644133,0.7899633263688661
1644146,76.58613527841825
1644357,0.11487030996286501
1645086,16.298262007277415
1645105,2.9908328575044
1645181,56.19124950528299
1645667,75.83142364476424
1646541,40.10866242009184
1646607,1.8923000505057734
1646910,0.2610071205568912
1646949,14.471345155839797
1649844,1.300457737224452
1649994,0.08142021035874203
1650470,0.20866626537607758
1652380,0.0
1652426,45.076813367568846
1653872,0.14930140219656382
1654170,0.0
1654282,0.7226166410376138
1654444,10.175272139187927
1654551,1.803317510735184
1655027,75.51458048164604
1655291,72.92293675431627
1655390,22.32944402980282
1655713,6.882781202044765
1656621,83.36324127899013
1656884,0.036278095170061565
1658703,15.606591321912752
1658988,12.711061321658287
1660838,13.518694585885669
1661749,0.0
1664716,0.0
1665017,2.5543179477348477
1665300,73.2134277551706
1665498,2.7144387936007943
1665686,0.16658936437450847
1665792,6.1784171333990905
1668176,32.44598331127702
1668328,78.28791600561914
1669664,23.30511179180595
1670623,3.1836416807512804
1672433,3.35007458432055
1672938,0.20779608093806648
1673849,2.2261717704296258
1675694,0.043487336142538066
1677887,10.00776432686721
1678467,0.4674898541570995
1678889,2.7220648282970434
1679211,81.614808102741
1681814,0.02428410496636565
1682282,76.21725721573476
1683227,0.09256614905779986
1683415,0.16647241338643498
1683897,0.05247845996785212
1686941,0.13939807537409055
1687184,11.641757934627915
1687592,0.8206122484376458
1688650,72.17587118182162
1688724,0.03325283754331044
1691188,4.152147821482469
1691681,0.06492184120639478
1691702,0.0
1692166,0.40684278567419196
1693524,2.9114084783251237
1695731,0.030092071398132712
1696332,0.010947061174184543
1697047,66.90814291537424
1699132,1.864260108510313
1699934,17.909602012338816
1702032,0.08703973766259858
1702413,3.6124313870618554
1702581,85.47064356255257
1702694,0.42923408704482924
1702695,0.1337761011847431
1702916,6.1858809117429345
1703222,0.0
1703303,11.348409301465761
1703798,3.3521120684879593
1703844,0.050940368260690275
1704798,76.40748283075243
1706103,28.086215822291532
1706997,6.984099195126763
1707422,0.010829105077810083
1707850,4.418389063758808
1708262,76.40884935706264
1708541,0.5644873811788773
1708757,0.015385262416911603
1709042,30.467598349376527
1709089,10.05516658760911
1710430,3.907804315240596
1710729,0.03847695405857227
1711248,2.4437715840006518
1711379,0.8051218908805962
1712077,0.17344005253635197
1712660,68.12099875368816
1713896,1.1864084251368412
1716395,14.81500139428682
1716640,2.9089416896800198
1716857,0.04252330091422625
1716923,0.15370913030275707
1717058,11.391422168276197
1717149,0.21203122041726238
1717215,0.16432426690589239
1717226,3.3687842331061253
1717499,39.270373400229566
1717579,1.6934878504374515
1717793,0.0376284237487662
1717870,3.492094048621394
1718001,0.234989856666405
1718287,57.42471150220283
1718791,2.12472813771261
1718989,1.5299035374772785
1720971,0.8607360181676582
1721103,0.14268106817963025
1721415,0.09367063386151664
1721695,0.0
1722358,1.9961498415843484
1722622,73.65166368242161
1725295,63.013361760069174
1725297,0.18141036494918975
1725858,1.3869530130891856
1727536,53.449736592660194
1728256,28.336822497113147
1728437,6.238692869155241
1728625,8.448427460945863
1729145,73.37223094963124
1729247,1.680771115766596
1729679,0.0
1730855,0.0
1730937,2.9738602684852413
1731046,1.2152963730977508
1731097,0.9301688221740547
1731245,72.03798406393068
1731351,0.03959853102026882
1731969,2.8037332044065053
1732322,57.234187990696704
1732471,0.1731679750165215
1732542,11.526243927045341
1732612,4.351930770468283
1732866,36.016937283864465
1732893,69.74390197460825
1732939,1.1372815957564018
1733157,83.10497643074935
1733447,47.709876919094995
1734167,1.3829581420904846
1735545,45.77414786871094
1736064,0.24212711904354947
1736456,67.22391505220455
1737891,11.105529439451699
1741622,5.402098683309128
1742471,11.068553784605793
1742601,1.3773187451311601
1742654,38.05072464149024
1743221,4.289614705083683
1744216,40.97017962408001
1744921,27.0148040504715
1745172,0.0
1746582,0.8510269018322444
1746726,58.073695468115496
1747440,43.02556535429222
1747833,10.45330555121287
1749563,77.05194724757749
1750443,2.1425627376932495
1750679,67.37027159714532
1750701,63.39757417050071
1751967,21.630177545800468
1752112,7.723319887588009
1752206,55.59293088715028
1753671,2.8325060992576474
1753699,0.1378864021148184
1753974,0.32648358896807594
1754527,11.645203774387653
1755831,0.03267233564190935
1756076,0.1640023740001707
1756174,0.08891251935493062
1757909,0.5690017413223715
1757982,0.5116496918446222
1758391,71.83853273313409
1759154,53.519318292808165
1759292,6.845953600923362
1760411,1.3201937268859254
1761101,0.13310874225320019
1762997,0.3124324311128484
1763008,0.07621823325574555
1763209,49.47607744705983
1763367,7.8888395020628055
1763520,2.693541105651432
1763615,1.3300232140720287
1763863,0.49987172475129366
1763977,0.1605044916041723
1764106,0.1669781097079068
1766890,12.603859187364188
1767037,73.65903025321029
1768235,0.03101553440849032
1769124,10.010797830061955
1771965,53.31750138983239
1771989,63.80790762699695
1772650,0.3218145635983148
1772824,11.777657748531022
1776732,25.648265888322783
1777869,15.639154711216177
1778294,1.823520484232723
1778588,0.722475502435446
1778700,3.417593384062832
1778792,0.08235890692210737
1781052,0.20323188688514915
1781687,9.436612939311958
1781697,3.7937672432690044
1782056,5.5872138243350005
1782079,15.69677136131255
1782437,29.107733539073752
1783069,1.0132557768441537
1783102,1.9555834055412686
1784987,0.2554509622488484
1785141,1.2900677734235422
1787728,0.18454339439638584
1788026,0.07153755502401783
1788210,0.6007027087364395
1788754,27.257330904876902
1789715,0.7698819871557006
1791502,0.8631487036528126
1792520,0.00903515324698837
1793091,85.08221742986102
1793411,2.3013480060641336
1793606,3.254812119590563
1797001,0.0
1797025,28.962057138145017
1797476,18.33469869507648
1797523,0.011645259630719326
1797661,3.813092380775578
1798256,0.5944076571084028
1798308,6.29972474764909
1798324,11.326944216126437
1801036,0.018431207582345902
1803130,23.12541463551682
1803475,2.2042685852825867
1804505,77.0436537010418
1805150,2.255247498780535
1806378,30.494810276368657
1806994,1.295300613196704
1807106,73.35382217101993
1807515,3.5667110878612394
1807757,2.1935195297618963
1808497,5.325659293426157
1808550,60.260924266518465
1809547,3.806056920629392
1809719,8.005756593297281
1810457,61.085676438698314
1810653,0.1827136568760191
1810781,1.1726395104601728
1811012,5.793242551541604
1811051,38.12483899275641
1813348,27.276929707409582
1813409,15.227748238541514
1813452,0.0
1813681,0.10281650934551431
1814010,11.76775580756596
1814279,82.89327334554017
1814366,2.664577522303718
1814757,4.993592688538635
1815099,1.274705051113993
1815211,58.90448613491213
1815423,9.47819043418979
1815512,83.08506976902774
1815523,9.89310848696485
1815526,0.5599486157250809
1817647,32.303609488533425
1818411,68.70576252722016
1818430,59.36398787324483
1820307,16.893196913124154
1820516,0.37489800995071487
1820858,9.480029634413293
1820992,2.0255930107022424
1821168,0.3355344010557574
1821541,4.92609364197059
1821787,2.8941149512244597
1821973,1.2301616126802746
1822436,0.21279544513886442
1822872,2.35200758303424
1824808,18.179962919220294
1826188,0.1262602757267413
1827525,0.0
1827962,15.80628120311284
1828063,25.90512675201875
1830154,0.10475201106047886
1830244,1.3353628253425405
1830335,0.2453357027806657
1830949,0.015513936344120413
1831050,80.73982264726554
1831337,0.6979401790971467
1832210,17.03569222514648
1832223,2.168104412443576
1832286,4.87756403325828
1832617,23.652164026454557
1832659,1.9889567112527833
1832680,0.21456037283108167
1832755,0.11906818282004482
1835122,0.6934039951265762
1835149,12.60456189006649
1835396,19.62136176463917
1835865,0.14380303966201297
1836322,0.13599073712311097
1836859,27.296827929867746
1837384,0.0
1838904,14.540430614455536
1839818,5.876619715436291
1839878,62.91028406749933
1840303,0.0
1840649,0.06787257395691634
1840820,55.64861557333917
1841356,3.686096181606592
1841399,0.3127804140777623
1842739,37.4196474600916
1842931,54.298412139344414
1843674,78.20276747238684
1843772,1.257743664984223
1844088,8.29722665553077
1844094,65.87969937395299
1844254,0.19791044164064955
1844489,11.115090463322641
1844915,3.298807579635077
1844973,9.6004218009506
1845249,0.994001245840885
1846100,14.061841999096238
1846580,69.894442872806
1846722,2.7763687914745776
1847261,5.47263230438921
1847379,23.325576723394676
1847434,68.70454114047583
1847620,0.16221967972471008
1850705,3.6860074848649322
1851559,13.897793416929568
1853656,2.021426196867899
1854757,0.8106462311706512
1855848,0.0805032586180441
1856027,18.66470190499879
1856219,73.65456158065051
1856261,0.18946766769831802
1856418,43.430497903582605
1856803,4.373836023213057
1857078,74.5940768779089
1857351,0.5212909390734944
1858492,14.920143252035695
1859322,0.07899033454218436
1859901,25.18906046862148
1860313,0.06008111659659824
1861281,0.0
1861493,25.538465086845004
1861773,0.5045975582293156
1861873,1.132616451570732
1862436,1.389857445536772
1864660,0.5340402814261286
1864691,0.0
1864757,44.89452915644146
1866051,0.3666337899021294
1866128,74.84590047059442
1867237,0.11325427662404412
1867843,71.10171937120722
1868169,2.16579139979158
1868817,1.0361698715096876
1869202,4.620023558482129
1869432,1.3001682063515048
1869497,1.5537828857153135
1870021,59.36759114950189
1870853,0.10643874347054716
1871261,0.0565061803957677
1871545,22.449264967533463
1872028,1.2681077292983622
1872169,0.0020459437140856445
1872829,0.2698583254530833
1873304,83.83855374148811
1873333,67.24772992316436
1873453,0.1987323658041589
1873582,4.172097253570151
1875082,62.27382435311091
1875850,0.6985723015722367
1876083,0.6645570942552286
1876168,0.8561907987482358
1877244,89.44073577882202
1877255,67.17241585996334
1878868,0.15994563629563313
1879762,0.17889265016362446
1880345,0.38599066592907944
1880539,20.960289208316357
1881103,1.0794603515533419
1881801,9.397968950698772
1882252,0.3459802149694188
1884398,0.0762920149292226
1884489,0.07035778136450184
1884921,0.1471493589468118
1885682,12.92179323991483
1885714,37.12451095497323
1886240,0.15035702340363805
1886820,1.4147291170142375
1886978,44.382694828452145
1887003,61.41774041179257
1887239,19.21485430484339
1887291,27.39380108664161
1889685,0.38062985262885596
1890125,0.28168135645651077
1890143,61.774590620100305
1890467,0.034276829951110144
1891017,1.2527417949360413
1891118,2.550242247297253
1891670,10.689841535831734
1891816,0.07288005819398884
1892319,27.69159993546217
1892680,13.663331600038637
1893225,8.425853053567876
1894120,7.459931076604196
1895196,74.87270298999509
1895516,0.23722376591870387
1895544,0.08877719341240192
1897092,0.0
1897447,79.34187566578272
1897623,3.1537358461645137
1899076,86.37867972180544
1900616,8.85969336071569
1900780,42.13270397024571
1902092,0.5324057562965637
1902962,0.057303036508072024
1903322,24.99299055075923
1905865,2.799376493394908
1905918,7.450087954428591
1906763,0.031291289752892706
1906804,85.55667832375157
1906993,0.8794780039718467
1908290,13.668603723676949
1908767,0.1300135667633016
1909128,5.52475300297886
1909648,0.6784074171200404
1910105,2.8135512182079507
1910210,0.38057335847125445
1910306,16.427539680115927
1912425,1.0111856150515686
1912468,0.8099588127460836
1913282,0.11430382953880769
1913317,0.6762776186210414
1913722,0.2359473889138092
1913803,74.49344048560019
1913835,0.19169077158753922
1914185,1.3315384041027625
1914320,5.192664017725591
1914544,17.818311794408878
1914590,54.81442656311238
1914630,1.3341803774942487
1914787,39.476647101606346
1915154,76.07437355751318
1916456,0.17209236609982156
1917226,2.381455867062012
1917286,8.656180438231765
1917872,11.362255729203868
1918693,60.33281700870756
1918903,78.61905299379175
1919490,0.5109444213725434
1919647,7.490622949516005
1919766,70.60689263313627
1920085,2.6715535485392037
1920310,0.1249627266670624
1920568,0.05836494267094877
1922967,0.14609619362096493
1924317,48.31648225143555
1925247,0.4451417656681944
1925406,36.23855312290686
1925703,75.82905359042341
1925709,0.08383286403926818
1928005,0.08657302207922232
1928556,0.05957727930082079
1928973,1.4785282293255197
1929041,1.0541327739743223
1929614,0.8549956498103771
1930283,0.07436667954804871
1930469,41.79915366098338
1931136,3.1127910813734876
1931855,28.942382977465893
1932110,7.466573545588748
1933687,64.48529673288665
1933904,2.589491522621738
1934382,1.2102208002036745
1934444,0.13649273049210137
1934447,0.04996717788742069
1934512,2.4825331765191745
1934746,0.4872696950256419
1935109,78.82949056240643
1935826,0.39557926719188347
1936089,36.01258179253704
1936772,44.578854922587944
1938391,69.69751221339061
1939106,4.758141366135691
1939283,14.15248171527029
1939417,0.270952145003793
1939757,0.17370477012824215
1939857,8.226678934731948
1940956,55.940454540037855
1941048,1.2611791786460387
1941439,1.4470778091219965
1941495,26.597985361284465
1943012,2.026587223997016
1944087,33.43770911982965
1944211,11.112624811509626
1944641,22.520507783447318
1944686,0.05449770080708008
1944805,11.12968963048203
1945393,0.09213898371728561
1945437,12.739543586685933
1947400,0.3744373139706296
1948333,0.10011761752933308
1948494,76.55857378652732
1948745,8.832916576614517
1949334,0.023645885677779033
1950157,30.229560701641216
1950276,0.0
1950311,9.51661294139595
1950342,1.3406545528969227
1953461,18.38844868939076
1954003,3.007892679093396
1954146,0.0
1954310,0.5236429763945962
1954404,1.4488501108531746
1954495,0.05892609599407462
1955003,4.224701105145731
1956677,20.864742374999064
1956726,13.719300272458586
1958765,34.84650872908242
1960031,1.4217596711927016
1960556,26.721128692044786
1960562,57.23418007811432
1960821,0.3715849601673825
1961157,0.11669014421142809
1961288,35.81257145717333
1961361,0.05866981132117161
1961533,5.515428492538096
1961937,3.3479139331670584
1964864,30.783249346911905
1965103,3.3131501767438736
1965712,0.0800260962965286
1966173,0.0
1966349,59.69534505740529
1966407,0.09798772713666125
1966903,0.003040021594201274
1967045,3.2188033975651
1969100,6.994520790857694
1969854,28.647606515364156
1970017,1.6324716306248233
1970177,21.702660553714427
1970466,0.03212584906264668
1970574,9.92375250066228
1970587,4.130585905989224
1970697,1.113321553983105
1971200,70.67855547513854
1971528,0.0
1971983,1.698506436547432
1972126,45.56674126645424
1972163,4.20039174134855
1972330,0.040163944103737796
1973889,75.67806453770001
1973934,8.413563920477523
1974398,0.7809198268297881
1974455,0.06466048000017217
1974700,3.2110556805945465
1974901,41.52831721198196
1975069,2.1405490235852827
1975168,1.1790787105363842
1975236,0.29405924363786196
1975519,0.034596368448879984
1976094,0.35861592885715793
1977800,2.8783149931759238
1978394,17.815674529234297
1978445,0.5564871018559743
1979113,0.0107603851255071
1979127,77.57023105769586
1979160,0.19201710126369595
1979502,16.181711291250647
1979848,0.05410072167927983
1981410,10.613820867907405
1981669,4.395737110276072
1981921,2.946232312212542
1981977,5.345480343715603
1982013,0.9113737644680023
1982408,0.0
1982909,10.127416209830788
1983188,0.6227732599935086
1983466,84.82481032427735
1983677,2.1144590480923124
1983976,0.08757619650485225
1984378,0.0
1984486,22.399475476708268
1984871,7.17015888073731
1986737,3.14680151988123
1986831,17.634532017880403
1987504,0.7483290940320209
1987546,2.1918331207432766
1987939,0.18912166352068494
1987949,0.25954832341396095
1988392,6.841755243981957
1989731,0.1357436825886767
1990045,0.0
1992421,0.08810283551771463
1992676,1.0032046505977767
1992751,0.01847051872186677
1993323,0.1722641966590658
1993623,2.895516452481215
1993835,55.580394722707126
1994398,7.330275263226036
1994574,28.75947187088076
1994679,0.0
1995090,0.17725106561106002
1995454,1.7671524342666456
1995509,63.37938854560226
1995605,1.9873526388553582
1995717,0.0780926494320018
1998829,52.27198604018724
2000611,4.103759532041839
2001022,60.311051543274786
2004909,0.052754878006675505
2006452,1.0700473625810938
2006671,0.39413383779797784
2006699,0.11210088705078103
2007323,0.01002288567492534
2007357,2.495561887429959
2007504,52.88706715299638
2008217,2.68962185396918
2008227,72.8103397061585
2008441,14.796042883355979
2008809,0.2418279679343444
2008898,0.008393027820959773
2010429,0.1071499131439073
2010787,0.2081890458011036
2010839,5.68822029928361
2010943,11.081156195832758
2011212,7.687217804501298
2011504,40.2843057622488
2011521,26.218908101084093
2012029,4.654045244349903
2012360,0.0
2012368,82.72202476308198
2012750,0.08826538026284256
2013807,81.9517668244254
2013882,46.82686520322753
2014701,2.2678085628225055
2015094,56.26711494629067
2015168,81.8674600134088
2015586,0.2408246660589108
2015996,0.08348647378077349
2016502,0.0
2016834,4.441787213545099
2017012,0.04773781469165898
2017316,0.43637977273098794
2017397,27.725002519756043
2017517,12.079777421248009
2018602,0.10674838418923886
2018951,1.1136192944342427
2020576,39.49150741633493
2021064,0.048785863748831836
2021284,1.9096817615115171
2021634,17.83037874579044
2022126,0.07766081724218665
2022520,0.15582132208275268
2022728,2.946853903265282
2022729,83.25612854793839
2022938,4.951556052628157
2023081,15.74907709684772
2023454,77.33960150367841
2026088,1.3364544488727967
2026434,0.14428197598719494
2026697,0.1103262707050714
2027350,0.1149139157388078
2027406,25.171397274968164
2028056,0.014906792805890022
2028268,0.11960942576723269
2028272,1.039723958675489
2028432,19.5977588474492
2028625,0.12324948945012751
2028787,0.32085393885213664
2028925,41.31027403028246
2030001,25.102349658428867
2030357,0.6348659569989297
2030899,0.07125764164163084
2031495,5.920354128478704
2031673,0.22675653301289542
2032345,0.04063769555318469
2032727,2.01599289009777
2032879,0.2846457310771644
2033605,1.1274740155624516
2033730,58.1459536201075
2033924,0.151955986493135
2034359,23.03329947478068
2036105,40.47137373085954
2036424,4.0797308590377765
2036690,0.08698486944798439
2037130,0.5195337357308971
2037582,1.4856440541723084
2037951,0.2834935519489816
2038017,23.039740512725988
2038314,0.5601167944019348
2038381,3.7730846796412285
2038471,0.03905215782012319
2039945,65.8696579456513
2041041,34.92961579276913
2041837,0.40577619175887314
2042764,6.705455356962352
2043060,2.264568458498648
2043289,70.42793228333372
2044392,0.18012022253715287
2044873,44.85495741393141
2044889,15.229351643360282
2045488,0.0
2045556,47.38969050051859
2045727,77.86890995086408
2045847,3.1004016286598173
2045929,2.4912765343156282
2046173,22.160172849427347
2046584,1.9617171346123092
2046789,38.01088126157511
2048479,0.014127100941160663
2048796,1.1216519200567565
2049363,12.941694693446719
2050039,0.26952065356102506
2050060,2.9083205295245813
2050368,11.296711032931332
2053822,3.3912838078418517
2053926,2.9607119601028566
2054032,0.04030883755087091
2055303,57.68699432752896
2055614,4.792505491156949
2055671,0.6130402642756579
2056307,0.7240529523713493
2056330,0.13615409658918856
2056789,0.7739020945500975
2057295,6.008653852561922
2057315,5.653207828643334
2057326,11.181353163367762
2057358,0.14851865016205823
2057534,0.1521795578662952
2057553,1.1802596964855516
2057944,13.194153296601025
2060612,45.37719705310605
2061563,5.506583667153594
2061811,0.3523991987413931
2061814,12.576780974043082
2061897,24.297452131092186
2063239,0.2787234171387345
2063922,0.8402348228876798
2065391,23.81297793054822
2065985,0.03140170440966972
2066046,82.44426011025418
2066165,19.27384436816215
2066451,0.2782661384435833
2066623,0.0
2066846,0.5504947565713539
2067115,0.10356399766497426
2067359,3.29972670140381
2067365,0.02579132121695296
2067773,4.9423228577970075
2067928,13.965108096573177
2069027,0.0
2069709,0.5168567096875101
2069779,0.11350873454155579
2069864,9.054085724347207
2070083,1.138934215626499
2070542,0.3873408746889121
2070612,50.641640281891036
2071021,0.05505000025256702
2071265,0.10718312429693229
2071420,75.84918440122878
2071446,56.634639075498725
2072126,1.6094441391598917
2072321,0.0
2074833,7.291885244736102
2074912,2.8962752955755073
2074985,1.3576000927345593
2075568,43.34292991137349
2075619,22.172859442885024
2075758,0.0
2076018,3.3147127062223283
2077748,0.0
2077763,0.23594824352535082
2078075,1.7779339902369042
2078687,0.0
2078886,0.18699961309446006
2079671,2.8275991558675138
2079686,9.729296411519337
2079789,34.09390387159016
2080861,84.99752930874979
2081177,2.5290237321641964
2081394,0.6626809910601814
2081408,0.11695225417660178
2081438,0.15403686468883734
2082694,0.10194539729117028
2083547,21.28203146162045
2083671,11.863528338464814
2083749,24.00726343557433
2083940,3.3236662427623838
2084109,31.808805238552054
2086828,5.901431008269396
2086868,0.0
2087020,0.7730908758212416
2087343,19.072905653004543
2087898,1.5357688977722097
2088095,1.3677111645823021
2088158,0.9641521075116667
2088272,0.0
2088316,0.5709583110241517
2088389,0.14644867564927674
2088444,56.9364363817535
2088725,17.914425323541067
2088969,0.7704079054359596
2089173,11.856689755756062
2089273,0.5303535148365492
2089492,11.654371912670987
2089581,0.36242930142562074
2089745,23.221378447929634
2089773,0.01632370492423468
2091204,0.027885202897746653
2091483,0.09431575973996041
2092422,47.52028200498288
2092611,2.440344089142385
2092976,0.4253978382766852
2093477,2.4739741815567777
2093858,1.5194523430308988
2094213,0.2659580308064027
2094262,0.12350808185391686
2094265,37.10682669762071
2094411,0.12163043257602886
2095829,1.3675376182294776
2096581,4.821724436370563
2096641,73.15098473515445
2096968,72.75304977316067
2097205,0.09411308330352247
2097607,0.03671149180859096
2097795,3.1506613394688845
2097912,0.3367692808264616
2098030,0.35899530452994866
2098664,0.13656771814122728
2098850,0.15117468067717404
2100174,11.55350457056423
2101112,8.781250801425568
2101167,56.093398479482744
2101200,6.459618290382422
2101323,15.349707850917929
2101884,20.65168168235213
2102492,21.40070608441475
2102493,1.7691871527394027
2103480,0.0
2103544,0.044517599274579635
2104119,47.92644966022414
2104472,20.59335677174332
2104539,1.5035654171180572
2104622,1.35215383326424
2104626,1.4093765478127214
2104910,58.36541978708197
2105618,39.086089977373284
2107372,0.010147054600957202
2107939,53.77415512193474
2108424,1.234548473750024
2108481,1.2051993939224428
2108635,0.10038992423056835
2108784,0.44541320991086475
2108851,19.18204434464613
2110493,0.19840191415492156
2110938,72.09894793264439
2111172,23.93225252139411
2111463,3.606505512516452
2112808,10.960040464809891
2113934,2.254464453646109
2114989,0.3545481740310854
2115424,3.634934696078187
2115662,23.448176780285007
2115773,0.8162851433600665
2115809,0.9192220788608901
2116940,1.5047370390758672
2118063,8.078101809797438
2119582,0.2081406594317571
2120677,57.12324546797091
2120808,4.346740079738242
2122613,0.06185827051804446
2123079,17.416131002536492
2123284,1.7943752082980349
2124414,0.15961604733427656
2124473,0.06860091194245911
2124536,14.23762070984437
2124808,4.47520972370193
2124906,0.0244403478159355
2124910,65.46783654520026
2126194,0.026791084121581342
2126830,0.0
2126987,0.02275655281070556
2127377,2.019575192821102
2127767,41.265605997111514
2128464,0.03989485809227281
2128761,3.6558179376176696
2129515,0.4159816119312601
2130312,1.6390406970991391
2130315,38.79312925806109
2130742,6.626152422645206
2131089,0.01932328608211935
2131349,1.9978892526197276
2131472,3.6453268154313534
2131515,24.52629069408916
2132248,0.30981806613031737
2133714,0.2682979337338289
2135434,13.432679901780345
2135489,49.74614884068989
2136200,0.3284635259828735
2137111,0.8738725190525456
2137165,0.6937687905348495
2137823,52.122597451944245
2138787,0.5373374017448506
2138900,0.09855369101899374
2139532,1.2641031233877351
2139828,10.866867618999331
2140284,73.3185437119588
2140434,0.0
2140544,0.7883550021815378
2141411,61.83470460477324
2141549,77.66284211388972
2141612,59.34650351176442
2141667,72.6411115773259
2142130,0.16415308559613304
2145209,0.10686919075645998
2145620,56.78616575103206
2145759,67.2213510228411
2146145,0.17225128354888575
2148025,82.66584822634536
2148625,3.3078091609066567
2149184,0.01013603331179439
2150596,1.6605961501907414
2150727,0.011888937609067729
2150750,1.3834854376667614
2151235,5.494072571660028
2151558,5.283067600619102
2152948,10.169482966603878
2153173,17.23610803899645
2153435,69.35373425576674
2154313,7.93676481514753
2155583,38.88109438625747
2156111,19.523652756478967
2158022,0.3332382984525117
2160591,13.482801706287638
2160982,20.947228400986475
2162874,0.050743822895523476
2162974,0.08713380905248623
2163313,3.6038564959663693
2164135,53.063442991677114
2164707,44.66715874005428
2164992,0.15427512838597274
2165107,1.0591387989148806
2165549,0.29084419809247225
2165679,1.1674437875311248
2165795,1.359619179317762
2168443,0.0
2168753,0.015763338662182623
2168932,29.849119079752363
2169722,7.85414721415739
2170025,11.520386241011018
2170383,24.061737354477973
2170618,0.12813827650195578
2170644,0.34718307681076116
2171340,0.0
2171701,28.797330952125893
2171712,44.20577819312431
2171809,0.03931842536173119
2171886,4.691465266978813
2172544,13.877165267518409
2172601,0.0
2175577,0.19238706908671188
2175879,74.23969782499124
2176017,62.31997946660332
2177753,0.18813814180690797
2177876,0.1088551770871424
2177930,0.20811232088212134
2178042,0.006315701534502512
2178408,1.3021653086097074
2181941,8.025643192663804
2182077,18.409367951490648
2182804,18.881443579188716
2182810,1.3576728748181817
2183423,75.52334643379561
2183826,4.0072537346224335
2186138,0.0
2186452,0.0
2187682,3.750881682262654
2188869,15.657391471174218
2189115,0.01234160839304936
2189129,0.07925746358747623
2189742,46.07846391050308
2191591,0.2351741275366139
2191612,0.4649263044677604
2192845,29.426273716418994
2193537,1.6820065538027769
2193896,52.4272311772105
2194263,2.0368660900676048
2196666,1.5519467247954022
2197283,66.41759812696782
2197725,0.22204595023247015
2198112,11.319859497896939
2200247,1.7648147105037066
2200962,0.09775976847068488
2201581,0.9979422271012031
2202422,0.06690812432509907
2202858,0.342900881753083
2203154,0.05874081673890926
2204022,0.09125349806644954
2204313,24.290193724075802
2204397,3.9585746731467233
2204672,0.019056954193919146
2206900,0.0
2206957,0.3384708692463506
2207015,1.267155431769081
2207684,0.0
2209445,0.0
2209653,5.4640723105466655
2209722,1.5969819780468133
2210281,5.108225722055786
2210421,0.3756362384228994
2210675,40.05482681219402
2210906,6.457690059510949
2213715,25.3460481255232
2214256,43.445522952386916
2214323,64.23733641549667
2214534,0.38772948740635604
2214689,0.9652447515600795
2215631,0.22282631900864533
2216470,0.017938671551955727
2217686,10.315306231155418
2219962,0.03540201900270699
2220415,0.27108456065314784
2220431,3.6059347775933936
2220830,0.022652079858907253
2221988,10.825463767736032
2222889,1.3335739580500912
2223289,0.464950675193899
2223399,0.46793981860616385
2223628,3.5891913492967538
2225865,0.38449185223894516
2226217,1.800808818300247
2226305,28.180002668546294
2227377,0.0
2227913,1.1887244140553768
2228824,83.69905627033494
2231564,1.2230119115768325
2231814,0.010311095313505495
2232600,4.288663090938228
2232697,18.63626654389503
2236318,0.7266412281058162
2236458,0.1006814198942033
2237063,0.4252028633314209
2237495,4.202066193347849
2237851,0.15578272907116736
2238030,0.5279668524873872
2238389,7.556373859909261
2238435,0.10191931395570268
2240038,4.1497218834454115
2240196,0.12400372806838478
2241434,0.0813664238401001
2241816,39.54568392638134
2242066,1.6608795878106533
2242525,5.71931169387732
2243081,5.429580417755377
2243180,4.1085924447769155
2243184,12.87576280224432
2243266,3.640935759056936
2243275,0.16884892227402373
2243321,23.50600977787004
2243540,0.0
2243984,0.01633043957503348
2244009,0.6619798587950908
2247803,62.24429528604745
2247822,0.6790672896931002
2248204,0.02293165176726178
2248215,3.7360897121257595
2249059,3.159811194214639
2249872,12.568267029128231
2249928,0.009789992243715549
2250790,1.506408699541145
2252844,0.0
2253397,0.045042558364650424
2254269,0.14276622603201325
2254428,2.572828457767658
2254469,0.046153933459739435
2254505,0.13205080003147715
2254654,23.723248047288248
2255005,0.19552087670955504
2255501,1.2713760186815983
2255578,6.013588385373923
2256415,68.43959216885048
2256979,0.03942327090509178
2257190,0.9374762772307201
2259344,0.0
2259483,9.445939499296653
2260342,0.0013403613209206286
2260572,0.9352980077320431
2260659,0.0
2261018,0.04328647908359321
2261215,0.0
2261269,0.1607683323014999
2261693,0.0
2262805,60.004600498042244
2262865,0.049729040703616674
2262934,5.275662967880752
2263248,0.09105894199014362
2265778,0.04316438629575531
2268084,0.3900808383768898
2268632,0.3752980602738707
2268888,0.507305931308548
2268947,0.030026999660413136
2271504,0.010296680898462033
2271792,29.216524296010274
2272080,0.13095198114328635
2272242,0.012709787549072421
2272500,0.0
2272739,0.12699916102140732
2273473,0.0
2273613,0.03700421978658751
2273733,0.22629652890134433
2273936,43.04283359900193
2274334,14.225933466799813
2274651,2.7996459964299483
2274687,5.548625448597461
2276666,20.41482890550364
2277287,4.463068567882459
2277707,1.5521728669648387
2277785,0.028480621935870268
2278677,0.6250560091760947
2279335,0.09825276417640554
2279433,0.1711890426760932
2279517,2.482718725520847
2280843,0.7286324734164796
2281041,0.25614636251864736
2281142,0.0
2281829,0.548674655626376
2281866,0.1663042027520516
2282122,1.492252732990627
2282819,3.161124204885814
2282962,0.04171592857524214
2283001,33.48912316489053
2283101,3.373517031059721
2283304,4.361882585640545
2283499,0.05030972567232582
2284013,0.2952331402050533
2284027,83.35109683224358
2284454,0.0
2284809,0.08840665596782125
2284894,0.8888137603904902
2285132,0.28092144183658235
2285167,2.461201856587723
2285201,0.9424553306777093
2285351,0.029260745586191992
2285355,0.0
2287415,5.672306395699664
2287894,0.035936566260998316
2289119,0.09521599435646894
2289612,81.36941939060911
2290017,19.689013794194956
2290620,0.2201920700770297
2290645,84.29192926406571
2290915,0.011638015722794704
2291291,0.7231797627296728
2291536,0.10143628473546208
2292275,2.1571455693316994
2295816,16.206481237221684
2295924,0.0
2296024,0.6737243234949689
2296312,0.022088262904901176
2297058,9.403860472368175
2297259,0.0763751162308767
2297549,24.036327576100334
2297963,0.6812785373031773
2298711,0.0552645392742658
2298731,15.820591060938893
2299633,0.11441038902486783
2302589,0.47232876004594776
2302803,0.18548549404506723
2303039,2.9253880871046305
2303583,0.07163225608995401
2303955,22.51814318751539
2304663,0.18122964286394075
2304963,2.56167008245189
2305025,0.3097247926576914
2305890,2.515517777191961
2307448,0.7521768713795002
2307885,1.9777963872690345
2309289,3.1009908466454967
2309559,0.12388999108013933
2310275,28.178058866943957
2310791,14.352401045829223
2312939,2.5676179112802022
2314398,8.577817696508646
2314406,10.161065615819053
2314930,0.19868033757174686
2315543,11.734304976426602
2316244,0.2877341066637889
2318157,84.29066342169696
2318184,28.846822206954865
2318229,9.420283946166519
2319613,0.08227564287055919
2320028,84.24078868495394
2320581,39.4364921459785
2322972,3.0066775374565755
2323502,30.555973681265247
2323714,81.74995928786824
2324453,0.6020216864465956
2324519,0.0
2326595,2.4237923739928275
2328686,75.1186242798174
2328749,0.914699920247278
2330911,0.002907336400817619
2331148,0.22219837517818558
2331154,7.104663209372558
2331499,19.283212605099173
2332006,2.795698452804988
2332284,14.624752622330004
2332880,1.9519803601844505
2332990,0.0
2334411,42.240018982957885
2336995,30.083664011143
2338082,14.940503191979506
2339411,0.08552429753282895
2339446,8.754585069203447
2341778,2.118564170037071
2342930,7.1393683672356
2342957,0.2353238261931214
2343208,83.4674098786264
2343665,57.94688929680949
2344751,3.9364482789905413
2344783,0.15993388173928047
2344953,0.4241320755609877
2346089,0.04022339759099238
2346243,0.19906551376740833
2346296,2.693813339689732
2346416,84.22447812856493
2346671,2.6494104800603204
2350664,10.170559559661106
2352953,1.1400525854369599
2356684,1.228809929354203
2356850,0.02178241143558852
2356989,2.393392932378281
2357070,28.457315912804223
2360565,26.666695974532114
2361050,2.1622301425155124
2362207,15.410551567366031
2362306,1.000612595414281
2362357,42.274090666839065
2365645,0.0536406851153458
2366509,8.936247554838994
2366524,0.17010471329799956
2367243,0.48785538999494643
2367254,10.124072898061431
2367767,0.01835297188685276
2370610,2.2801772634271242
2371377,0.06685054999194491
2371632,76.75558504566285
2372540,57.33522328182808
2372591,64.02800336993226
2372629,0.2135031636542241
2372740,20.039706263512638
2373339,14.153582575832207
2373363,0.3740392028317295
2373948,22.93072989351751
2374700,0.0021319971218231116
2374963,1.1851992563999956
2375015,0.5152105228079567
2377695,28.866833154710726
2378593,5.362506504919103
2379786,0.06704201538508067
2385251,0.0
2385779,77.606762574306
2386897,0.45075267880709924
2387035,0.36173632923421645
2387693,0.9161224992228738
2389329,2.4970464863071418
2390214,0.10971178172895779
2392301,27.99661172707852
2392861,5.5459348672103905
2395670,0.07998821609447945
2396249,1.4000604150129679
2398423,2.5620500526343286
2398691,70.92926720777166
2399434,14.769541860117718
2399671,14.124539944446834
2400073,7.867524691108928
2400215,54.55003305658441
2404708,47.55558669260648
2405613,0.37984318962621927
2407196,42.80366218162423
2410200,50.971512930500225
2411866,1.2007283292948152
2412294,0.04195957631907513
2412940,7.901810149909171
2413507,6.398167981785455
2414063,0.5896531528605068
2416016,54.325268465480725
2416104,3.901529893341798
2416191,0.0
2417509,0.12826945502882844
2417616,2.781273377745718
2419242,0.0678734389160248
2419890,3.260775702657457
2419950,3.8643669636748577
2420026,79.22334682714242
2420589,0.3000273281493996
2424646,7.346408401253485
2425222,0.18046517672293344
2425318,1.5784868527545488
2425980,0.08842059453053595
2426057,0.29733385421050834
2426507,0.09923450497680257
2429575,0.394094148261244
2431607,5.6618240634821655
2431784,0.0816314022733855
2432032,6.386383404922553
2432545,65.68208650403564
2432622,0.783937255127605
2433604,63.92278879028035
2435576,2.2365092288906046
2435838,29.301443064047383
2437594,19.49986708539204
2437965,76.84888032212447
2442330,0.2987067850188513
2443113,0.02298956873990139
2445093,15.35106747152242
2445715,65.56728968252163
2445856,3.33708736582829
2445905,1.0792791735394893
2446430,43.692046346380316
2446543,0.26147091722717397
2446954,0.06760266289407767
2447138,0.9455067316877463
2447171,0.2734510909538993
2447467,55.20462221174213
2447634,0.21954566292200878
2447847,83.22023326541843
2452769,58.108909026212565
2453608,0.0845370042223735
2453739,0.4354764526444596
2453855,0.15654894186688895
2454667,2.8276661862799517
2455215,0.9413098247384515
2457182,0.48211195314908367
2457754,0.1435698724968189
2457755,5.836495710922331
2458095,0.0
2458512,24.632750961555136
2460303,0.09885139920181653
2460578,17.213193990953847
2460683,0.172146325856166
2461562,1.2634144684324753
2461673,73.18449100615581
2461829,0.14534745637678997
2462248,0.08471610864811761
2462451,0.0
2464673,11.533537487854165
2464679,0.1231801907201471
2464886,48.10442234947783
2465460,0.815351708605358
2465962,0.08033679197463124
2466627,1.013811921510705
2467546,2.6714669516953844
2467882,0.14865489573894153
2467963,3.863874439273029
2468167,0.0
2468171,0.3207087480648043
2468186,6.354308525950099
2472215,1.4498706833805448
2472461,0.1291255474008645
2472636,13.540807732557417
2473110,15.829010776037673
2473861,57.258450035016345
2477444,0.06851272210992392
2477543,9.646506549739192
2477717,1.597466275225519
2478415,62.47310097555316
2478441,83.02119616320276
2478825,8.911468288224816
2479144,71.79211828832624
2479193,1.2481100787052206
2480788,1.1264106327292591
2482319,0.005585511819406398
2483196,1.579859509690015
2483497,0.03878884982614071
2484057,1.2186075837160282
2487569,0.19377161387241995
2487728,28.54518832863071
2488022,0.14592795256828509
2489313,2.2469222804595295
2489407,85.59750839689995
2489615,12.710370126725033
2493176,2.080657352788031
2493201,3.159394120560457
2493601,2.1312227301481044
2495596,0.10517652219933013
2495691,0.1781582551803507
2495824,53.06261225175756
2495893,16.205077270394032
2496331,54.445278231735024
2500087,0.12423240581599462
2500390,2.2742425523884107
2501519,0.24715859863848896
2501809,0.7885880467807621
2505219,0.030154877702876986
2505890,0.3457112144691111
2506158,55.712996923575204
2508024,1.2326141293590533
2508175,0.012363163727737698
2509822,70.09570298142249
2510394,17.159364211637552
2511914,0.756346042741401
2512871,0.01591752261198754
2513351,0.06856993045920419
2513706,0.06867528241189921
2513864,0.02403996755925522
2514272,0.8905196435268395
2514760,13.263880025640347
2514831,54.114256267582036
2515147,0.1335941325093452
2515634,0.6187709504224368
2515876,0.17413421847099106
2516206,3.2495833801211287
2516430,0.6316796366357921
2517989,4.447716403150334
2518372,0.0016819100207569422
2518907,0.002622996013160065
2519112,40.014499166005564
2519255,0.042350301641539925
2521691,0.014196547345210966
2523629,2.297403414800946
2524034,80.91752628853777
2524523,17.21666859096297
2526386,1.0398405262161252
2526437,0.8321100966196057
2526673,2.6841798877338796
2528636,38.59797829303393
2529170,3.556449407490212
2530004,0.9285601405057734
2530057,0.0496275071113062
2530145,0.7307281140811523
2530757,0.14068644674437544
2531212,0.29827293790147874
2531815,0.0
2532144,0.0
2532197,7.02428859705491
2532443,0.0401046976306664
2532731,0.12712417158272601
2534869,34.03435514576295
2536263,0.22334272474193254
2537390,16.77520456748337
2537745,72.99067670165964
2538248,78.13726077318566
2539413,0.06398593616840263
2539759,0.0
2539811,0.19962813854487393
2540173,3.4833098631227597
2540393,0.3032997440540389
2543303,6.965192823979936
2544154,28.635389952491778
2547198,65.91025438632762
2547570,0.13901782127705947
2547619,1.2186799158260904
2550012,2.215605514778618
2550075,2.3398434428339563
2552636,5.033822270728866
2553097,50.992138102280684
2553391,54.36871315688628
2554110,2.0312200181384563
2558392,0.8654073495421737
2560334,1.6092035322850278
2560546,22.30521998335911
2561229,84.43161185322744
2562621,4.406678048686527
2563135,3.5172741359742807
2563967,15.332283750006086
2565071,3.5037139173136267
2565611,0.446217331529678
2566451,0.0008983848787331862
2568543,0.41119645555156276
2568874,57.27471457525531
2569108,0.2022906657717825
2569323,1.0108234245984105
2570488,47.059840296444506
2571133,42.62040207809057
2571217,16.843449189669936
2571283,1.0110067454121048
2575762,0.08296378816303178
2576206,0.1142687615162336
2578731,0.3548420237524648
2586199,0.03547577986070734
2586328,0.08831484810235918
2586484,12.784816368419296
2586788,2.068092298698206
2592080,47.20402720868421
2592259,1.196921304873195
2594067,3.650486573421989
2594162,0.03296064380967938
2594380,9.553473108555123
2598145,1.1097503754980163
2598767,1.6737039421808262
2600692,0.17447851550019647
2601449,84.14224955106961
2603870,35.774069684591986
2604156,0.06654000485670766
2605015,68.5389588423486
2605966,3.270054537227342
2606145,0.1834948976606604
2606370,0.24426427769220746
2606383,0.48617655845018376
2607517,0.3235954553965455
2607575,0.27651953514205513
2608391,1.886721700488308
2608483,1.7790185765408577
2608680,0.37248910350936143
2608700,0.0076842709633102736
2610922,0.2964079298860769
2611765,0.2954476221961491
2612011,0.679435705051751
2612572,68.01684212411733
2613681,7.018223462736777
2613864,0.013773730674926498
2617515,0.47578941036460487
2618627,0.5541138094694528
2620661,21.836025137724036
2620837,2.8401585786799517
2625214,0.3291351766869299
2625559,61.84510043133051
2625766,14.612538553156842
2626256,0.03070367514417623
2627425,1.2115033622618783
2628191,0.9581072594532887
2629613,72.31015655494475
2632699,36.18155407691481
2633717,0.07595045447570567
2634235,86.00450312572114
2634554,86.20423110792346
2634573,2.352150154931217
2634576,7.065034815793029
2635078,0.169835620906472
2635711,54.22271166789242
2636396,1.8911828651085743
2636643,0.08675853022686057
2636744,0.13722652937490987
2636762,77.88415062818864
2636987,80.93403039264037
2640467,41.256548146285155
2643039,0.0
2644542,1.3753661665648111
2645448,0.8018942554576746
2645558,12.688902548949661
2645561,0.9145871111346436
2648761,0.12486053227701864
2648957,17.594849598970594
2651107,0.038137321031307174
2651125,6.7998908994112055
2651650,8.39278530864672
2652871,0.09616074144627794
2653186,6.614257963693514
2653411,0.19663355941368604
2653544,3.0912361768448693
2653644,12.804280163777278
2656101,1.7313295293462467
2656619,2.032852748458043
2657213,49.471562866871935
2657689,0.0791906446102261
2657791,78.22119140309813
2658113,25.052134897563345
2659165,0.8713774670476889
2659448,71.31494756099038
2659732,1.865002762545105
2661098,1.7233657061440868
2664975,4.643001776699266
2665579,86.08192486858994
2668311,20.290185545556664
2668770,4.937255761560753
2672220,0.03364952649696571
2673792,62.75837422271786
2674784,68.72857890948804
2674884,15.234534129962302
2676453,46.388937153631254
2676692,2.387701793469426
2677617,0.35165617358239215
2677643,0.8702632365463044
2677706,1.0063559833244444
2679171,53.23217489734221
2682471,7.847247562076539
2682974,0.5364281759515368
2683387,5.020911656689264
2683438,15.72970787998562
2684480,0.3497636917976106
2685701,0.9037844257041628
2685819,80.30853901885021
2685940,13.451402054462454
2686412,69.66930395235745
2686639,45.07751540286722
2687332,5.769502720972294
2687464,0.001615614326676113
2687567,35.66969303451209
2690557,37.66119314556096
2693580,7.2690669852381955
2694111,5.054759275988671
2694288,9.36175413517339
2695042,55.022173196618844
2695367,12.08366477228393
2698206,6.598191438440238
2698645,78.75092080793836
2699454,32.54230136443345
2700296,2.2855896021254103
2701047,1.0844167661466608
2701572,2.1317426294132944
2701910,0.1194268007690529
2701991,81.16189268423487
2702053,80.54438609980978
2707344,0.0027960681858151073
2707450,67.95541001723286
2707819,2.9639970329703327
2708262,0.383444952764167
2709923,5.92855566270606
2709979,5.4991619923353685
2710417,0.22097661508315944
2710543,1.5912820862945234
2712028,0.0
2713695,2.754510027198016
2716762,0.13981219749994792
2716889,0.884697032170308
2717461,3.247403987327498
2721778,85.91618181429314
2721883,0.16349185490753868
2722391,0.06580654163379528
2722983,35.1746450772821
2723019,0.18644217944226968
2723303,14.442088906016451
2724993,8.58631705099812
2725385,80.50521694408636
2727166,11.399249500821583
2727766,1.6055433925265925
2728126,74.59924462175647
2729395,13.495929082321753
2729913,63.89574644731457
2730497,51.57564906959997
2730652,7.260902405377104
2736264,2.8370306470407645
2737955,0.09077199047525622
2738161,0.10438291518757972
2738377,4.040117799956915
2738669,77.22540441583736
2739112,75.25967552119064
2739832,0.03120214498001868
2740125,8.683275152497526
2740253,0.6436414104329072
2740389,79.6752433244458
2743443,0.18037622625786937
2743624,1.1083899192668385
2747058,1.5013069952396536
2747712,0.57538733846502
2747978,12.921563006836424
2748016,0.09738745524320302
2748239,0.16477667309000146
2748493,1.0357052078373468
2752482,33.57796622164996
2754006,73.17852770039845
2754728,0.0706712222724616
2755951,0.10032632916200494
2756525,78.98550842286646
2756829,0.9612914912234647
2756847,0.670802604776907
2757036,17.87065984529562
2759978,0.008490164194987966
2760590,4.418628996354571
2760968,73.53646043064971
2761390,0.004484039160490873
2761766,0.46660063262621654
2763303,0.4739480340214078
2763675,5.133990151801239
2764392,5.106561103756324
2764516,12.346890314513056
2768188,0.04417794350979019
2769505,0.5184170332062658
2769623,0.4367642218967324
2770230,1.5114289237408014
2770914,0.6224475211048162
2771141,2.3505661747048214
2771668,69.82409553065332
2773698,1.7452682003614404
2773754,5.049058316083745
2774189,80.83001826971474
2774381,1.997706542949912
2774934,79.70953006024968
2777719,0.11371546262569923
2781747,8.145497576337899
2783786,15.558826878372287
2784311,0.02922623575350357
2786015,70.42515229593775
2789724,10.752886663267912
2790742,0.04717599188289159
2791400,0.09022821095961601
2791848,18.068368977601477
2793630,0.9960860365257838
2794880,30.509849307321378
2798608,16.659009092775726
2800150,1.5607188682250226
2800327,1.4265787467358069
2801603,64.00852908528059
2803462,0.9609707817452462
2803507,3.4515304242589018
2803785,7.295155894872798
2804065,3.9866851144012423
2804103,0.1926929357408877
2806791,86.98543910290056
2808257,3.2710966637201824
2808477,0.17370053073768185
2808880,0.19381533680862587
2809027,0.09558917058135687
2809975,19.22940578829296
2811585,0.49955282383407706
2811703,58.94507576235602
2814076,0.44638718572329844
2815748,53.97113821481047
2815750,0.41996711939231646
2816854,0.09062988750959011
2818471,78.17840055243379
2818530,16.12436120417317
2819086,1.2056120800311065
2821079,0.03672152277916081
2823012,55.675879892161625
2824253,78.574558301142
2824484,22.341674792279345
2824553,75.55027992810307
2825322,8.144480911594101
2825336,0.08692047377649939
2825539,1.1185368387269874
2827615,21.967106423143882
2829821,42.84402197034068
2829832,0.004650468613856305
2831378,0.4247500063300886
2831639,0.027444651636781208
2833834,2.902807943670217
2833998,0.9374843937675832
2834328,0.36776998170692354
2834421,33.979488956321795
2835159,0.0
2835738,32.25612011891895
2836345,62.18417048748783
2838319,2.582312818974095
2842830,44.01298085644273
2843185,0.7173080665634659
2848235,84.16183493650705
2848276,2.362039418344547
2848532,27.559154395312024
2849477,1.3201794099269883
2851945,0.10671984919921726
2853085,5.846292909360246
2853557,81.64398390949499
2854979,70.99293012569882
2855220,32.733709250504894
2856036,0.43968150834136843
2858010,62.27014608170468
2858120,0.093915113078661
2858430,0.0
2862466,58.1345374872051
2862900,1.2742269606450962
2864385,0.07450449394096656
2864480,0.98749151547857
2864637,0.30931558190691144
2865370,0.4936409733024736
2866217,27.607456601045186
2867463,2.678946394246636
2872666,1.8872393945517276
2874602,0.0509632998812323
2874695,0.3008260703326762
2874932,6.105550287070231
2875203,3.3284731512323265
2875509,24.031923585636132
2875653,0.08256001785574986
2876055,30.22730917478681
2879157,0.6785793826618376
2880895,17.446746326825252
2881692,0.15948233977758897
2886357,0.031744111783521885
2887581,0.058249543576150836
2887761,28.351552749183227
2888261,0.03770353229476733
2888818,9.34116181898015
2888877,0.13330885856525349
2889781,4.118367385677041
2892280,2.3297687034406898
2892709,67.2101910510299
2892830,68.80032389194886
2894055,0.15513265969705653
2894146,2.4406804265197364
2895820,81.73239259015257
2897100,67.87464090302511
2897471,62.2099213287459
2897985,1.544565199695124
2898338,0.16420939967840373
2899082,0.07821565845797522
2899116,0.1825632779519426
2904571,0.13713507565948252
2904661,16.319077037986112
2905572,74.55543911053498
2906940,9.533068444754141
2908258,0.47411409012404865
2908420,0.0
2909690,0.4408229247042282
2912886,0.013911580310075508
2913960,52.56109738446605
2913978,0.25476242371678737
2914445,50.34204655566537
2917698,15.651229701962109
2918225,32.96525951965171
2918704,0.051409410982377356
2918764,0.09390649231299923
2919081,9.435635352959125
2919287,0.11567491701173022
2919377,0.6774671350980397
2919875,0.16331131866967302
2925138,0.026742218065092093
2925888,0.10277165514468084
2926508,0.19127808877733116
2927005,4.738612484672348
2927487,30.85329329964449
2931544,1.2412181871247225
2931859,16.184558679480592
2932027,50.30626976410318
2933406,10.722624216393672
2935329,0.32787898926523174
2935897,28.91689811356814
2936054,31.158446892244005
2936192,72.39075633777253
2939514,6.603990150567347
2939670,29.82244211448451
2939958,0.0
2940007,0.06458583101388737
2940762,0.8819027050242393
2941688,7.866472991119794
2942129,56.60024201595435
2942211,13.765292148274092
2943334,1.2227571458034658
2943641,26.497229317948438
2943724,3.131507619360439
2946155,2.499053397379059
2947668,0.10567235043452591
2949128,15.455773333876156
2949790,0.0
2950178,0.07127749451323753
2950627,21.696142780207254
2952861,0.3971057418683187
2953058,0.7267953545250981
2954989,6.892716285931845
2957425,12.961253829897675
2958344,0.3251461295030244
2959168,60.66234924632488
2959682,0.048908393981579444
2960080,1.3980816132182123
2964260,0.14023342938051903
2965557,0.521460384374817
2967375,47.778508489495735
2967792,4.933410273241701
2968070,74.70932163897261
2968964,8.320173030711958
2969663,0.526692617965081
2969722,0.056178920043495686
2969803,64.74858935031004
2969919,37.751519274457614
2973962,0.5926477831804164
2975389,0.1832244884022323
2975604,6.825847933083405
2976875,0.0
2977232,78.86410249451151
2977482,0.14595006223438614
2977643,1.6723971435955898
2978053,0.22459505884283415
2978697,1.274505021306521
2978825,1.624874525950513
2979650,8.887709151897374
2979775,0.5413996148885377
2979871,4.37560002768226
2980355,74.81875921420534
2983952,3.7324102237331918
2984662,0.0791674448271558
2985279,2.1604034190928387
2985678,71.7485429571318
2986847,44.64188979464569
2987015,0.08051119343370122
2988045,1.5175867160656724
2989428,5.740231553585271
2989596,3.8468077439675388
2993952,17.13182562239208
2994536,2.6724230322488656
2994541,37.50310402806993
2994648,0.678699393766266
2994659,14.687450533397818
2995368,51.46596415160543
2996823,0.33775384803555203
2997377,2.1449359874432323
2997824,0.4858385090219571
2998230,0.11170612651529337
2998911,0.7034065366994354
2999527,1.4627992466663402
3002478,4.213177673362913
3002746,0.0
3003127,5.407149727163763
3003386,54.66283987781606
3004348,82.05599843844058
3004969,2.4119427024529663
3005261,24.332799689970347
3005990,0.5985342924098264
3005994,7.234487563146846
3006318,69.85179450049492
3010571,4.254903129630983
3010978,0.8943564275038376
3011058,16.126053910820822
3011417,2.251033486115564
3011497,0.058407909902148246
3013136,48.697585948724374
3013158,0.15625145021842687
3013383,0.2585788977880911
3013404,6.3735520424051435
3013668,0.7702043977215997
3015711,9.942966997349508
3016563,80.9730902666192
3018278,0.0
3018422,0.19074259201418756
3019264,0.11650761683198321
3021617,0.135102104206228
3022063,45.780079131721656
3022247,4.657015017834365
3022777,48.15825319066183
3025885,24.858629312456777
3026737,0.8641625708391055
3027445,0.5761862701005849
3028186,6.260739431968715
3029723,0.0
3031514,14.121247884495498
3031660,0.19242299688344183
3032110,45.38324270253407
3032355,0.08174940196450521
3033723,1.775686375772213
3035054,24.734381879613593
3035621,18.090220311045698
3036132,0.265431303612061
3037002,0.12696547522848112
3037740,4.246279619602264
3038732,0.014503637885855552
3038781,0.6696031708206089
3039186,46.35050070619092
3039888,0.6363428253264797
3040654,12.297744167296251
3040917,0.05489330376957241
3041889,2.8392072042782956
3042547,19.711272987693054
3042553,65.62987835645168
3042980,79.3395324305636
3043127,1.9135988973445037
3043416,0.03454790806163299
3043425,18.205371908206967
3043548,11.020569181995898
3047340,0.033581070133610974
3047757,67.91582557879813
3047903,0.027295187510430505
3048226,84.27389450330588
3048321,0.8771633787867661
3051679,1.3950461553179523
3052214,2.62047312516736
3052285,0.6881962799379678
3052726,35.41930644457971
3057844,0.11403394064682257
3058995,1.3798648855205458
3059025,84.45775760139709
3059383,45.45536598429992
3060745,11.369922247262977
3060766,7.273192668951873
3061093,0.06808194330762561
3061221,63.04427265208046
3063513,0.10113779289004038
3064153,69.45728118422986
3065612,18.73257573864042
3065812,0.04963809480499721
3065911,44.22235197755215
3066652,3.371150865142205
3066976,34.65072929336286
3067062,1.0553645876809363
3067277,0.1425044218747501
3068047,0.2247137121894891
3070876,11.371248299582208
3072242,4.326844566319825
3072757,1.7232172855258314
3073195,0.05398863678196575
3075343,0.8829094595466114
3075657,0.14175962984658427
3076051,0.0
3079237,14.296218867520626
3079567,71.8744776123524
3081281,3.365489829811238
3081335,0.06561364375933863
3081454,0.0
3081756,71.25163642404611
3082406,43.23768728606424
3082988,0.020769181084835987
3083026,54.34372554570266
3083249,18.56178959675343
3083966,34.6504846496514
3085185,0.5353600615560026
3089264,2.9096083393517684
3089577,2.8300466405732823
3090315,1.0853962793864778
3090922,4.749852152615674
3092322,0.9715764742799414
3093240,50.35062179008566
3093762,0.4745164665732501
3095016,2.2186675495339347
3095023,66.24558519748047
3095119,20.528935538695432
3095348,1.2097776661991069
3095550,21.294149705481384
3095682,0.09973821066231894
3098703,51.64060575557732
3099573,0.2663020608429115
3100440,0.06948472173805875
3100555,0.09837278013006395
3100927,7.624657450057924
3101746,0.0
3103596,1.1633125407473657
3103784,1.9106533203757636
3104253,25.070091217172628
3104543,0.04167882384153381
3105086,3.5226617152491015
3105137,8.205468073001681
3105572,1.4807237337423973
3105712,63.175792808715784
3105849,0.08936050884866771
3106051,0.86008348422921
3110281,0.06462135639701112
3111195,62.708611351128525
3112608,35.66039779687573
3112872,0.0671453275316757
3112953,3.097716475824758
3112966,0.5549129055782169
3115710,2.081599646803466
3116166,0.07594644265896335
3116327,0.29397643003426044
3116519,0.07344831455465263
3120723,0.06624475924106432
3121011,61.29086996379007
3122230,0.02782533504708315
3124456,0.06790929200368347
3125426,66.82730992572854
3129731,2.48307988805159
3129888,4.820518647520246
3131794,0.15807432602779922
3131982,0.7684766270808269
3133055,31.1053944024717
3133621,1.757986892445208e-05
3133754,0.6294104858107739
3136014,0.07596632677110435
3136318,1.5324175641146476
3136535,2.121714954359908
3137069,0.023180705677599733
3137906,23.931294133123455
3137920,0.044833761754180856
3138699,0.06193954425925807
3138937,0.06764976608867913
3139073,21.47680571390876
3139181,0.04985812477562503
3139489,23.622209149121446
3139623,4.0138333024693225
3140375,0.9559416153577655
3142216,0.07753198516790487
3143311,0.9517449704722941
3144094,0.2704026597530805
3152039,0.4546791635658952
3152701,36.5290926572729
3152724,0.4429947285388387
3152841,0.0
3154590,0.649924478191286
3156460,34.19277697496401
3156969,87.44941658942885
3157330,0.022672014763246227
3157420,0.571955138889032
3157747,5.681292785397021
3164639,0.3226841380743901
3165063,3.8231157002384952
3165190,1.7086722263076688
3166540,6.021891799668883
3166564,10.64511749096161
3166797,0.8648882144224256
3167520,3.6214335144418413
3168163,0.02123893529384386
3172778,0.13388380770262212
3173148,21.52960389351533
3173685,33.77734679184474
3174292,46.20634798018787
3174902,0.044782465094867815
3174948,0.04202773461657531
3175023,84.65858852358276
3175204,80.39876698347273
3175209,36.77008679069361
3176553,0.07776894639732304
3176781,2.827792932493838
3176874,85.06179643107639
3180308,1.5106491405335554
3181376,0.10920437778421245
3182176,1.065441498249992
3183018,2.82985718243962
3183201,2.9175729182890366
3183339,2.5541440201682066
3185037,43.537670291845615
3185529,5.914682860548566
3185712,0.17715014871030527
3185718,0.08160821760485178
3185829,24.492392395587675
3185840,0.029374457230164103
3185977,0.3476599368528138
3186147,10.958203849422137
3191358,0.18063698066028236
3191450,2.3070415431065476
3191779,0.020814118929367385
3191925,14.890218777326846
3192969,0.1211958251316862
3194049,25.72550959257849
3194510,1.045526800758977
3194552,0.0
3196836,0.5751259374918136
3198114,0.14610261730833052
3199022,23.436156069826843
3199633,17.49544880749519
3199891,36.492399415487796
3200713,10.132359799145496
3200785,43.163476503196684
3201161,0.0
3208196,55.2626956741813
3208864,56.82825020244766
3208895,0.02671564082245648
3208908,0.0
3208922,13.189877273527605
3209319,0.07415937183500694
3209685,0.043334350980544535
3209866,0.044053713687000624
3209980,70.35974344820495
3210405,54.05577927312446
3212922,2.6957318238073413
3213127,21.98988363178321
3213712,0.03548487194645967
3215660,82.59776417598933
3215722,0.20013741418100825
3216134,13.539829675679002
3216238,3.0196391411232617
3216247,0.10088114964697815
3217153,1.407639579063222
3217196,0.23024363312513763
3217684,66.58471341780074
3217808,2.940829510309221
3218526,70.53281318107058
3218787,67.62540833385104
3219401,0.08592542238416936
3219928,0.08503650629178133
3220028,0.5161117626051219
3220178,26.104537029118994
3220820,74.05212903181972
3222262,79.75894498082482
3222510,0.6951173167548045
3224913,17.7213235811387
3225390,59.56515517409496
3225440,3.554091106541991
3225975,21.143407522535647
3226454,0.05636766244379709
3226489,79.33468832590653
3228049,1.6483499688271335
3229157,2.381642104940193
3231562,28.05066182418147
3235070,13.515492252644433
3236301,18.70685412190154
3236919,3.717401342016529
3237048,2.7251977377907894
3237052,1.1538286259939603
3237069,1.6037361118688713
3237524,0.20722618561788722
3237602,0.2812835324126304
3238109,0.006242245248321273
3238431,2.405959415864212
3238517,2.987948555428996
3240903,2.219740003036962
3241074,1.3571440174170695
3241287,6.378629075943934
3241486,37.5740391382486
3241882,25.921050507841898
3242138,0.0
3242167,0.5715628153484633
3244360,0.07000510956621
3246086,0.01148892893436358
3247463,68.90348607087677
3248306,6.7971592428934
3250448,89.90204126825675
3250977,8.32371322590005
3251113,1.9924356077870775
3251148,47.36761975402532
3251638,0.045160402761655144
3251901,0.6171467215313123
3254762,0.025085963775054454
3261569,42.138686203833515
3261740,1.2094520630770693
3262760,7.608633735969093
3262855,0.06317971992937077
3262961,17.577763476582295
3263039,0.024111066580573538
3263260,25.138903175647027
3263561,0.05472777393664055
3263650,0.19333759276464274
3263680,0.03629830440592751
3264261,4.686358301642838
3264348,0.0
3265410,19.397620312808925
3267114,0.0369828397920736
3268008,22.090719920930134
3269126,0.15942397685424278
3270428,2.7536298769614835
3270809,0.6732664472095533
3271549,1.6603991527313795
3271767,0.02611824151654074
3271893,3.717987685616778
3272159,0.10947438275443153
3272161,5.310029954121563
3272201,6.641994546695535
3272466,0.3685460071804584
3272610,0.14610074819804716
3272721,0.2624469723944627
3272778,1.752870403749033
3273170,49.03118252334816
3273182,0.027120497115281167
3276963,0.5106203939311159
3277079,0.151226665976588
3277684,2.298342799699811
3278158,74.33680665753351
3278436,1.602692181667486
3278631,0.0
3278758,47.88834416307521
3279446,0.012362743410842767
3280787,0.0
3282274,18.016987018845143
3282726,78.66484070937699
3283019,0.5865753229308721
3283284,0.18746237137148428
3283405,3.3855678060969074
3283729,1.6059375862193328
3283741,0.054932757274121606
3283782,12.884381557898786
3283867,0.2705694954537593
3284019,7.968450255271893
3284085,6.032584672341635
3284230,17.8847673741122
3288710,19.411514542444976
3289376,2.8579531525879562
3290309,19.781067457380924
3291524,2.1874802508566753
3292042,24.259291511579082
3292224,3.2091735901280436
3293357,2.2340189918691578
3293488,0.2801829141944647
3293528,81.29733563797951
3293577,0.0
3293918,68.67830146566469
3294131,3.9407183719636505
3297016,11.301208413495763
3297255,0.05473480498412143
3299862,24.65520336216422
3301118,2.8162241428349057
3302259,4.950089394371497
3302463,14.924643115605331
3302921,60.531951396948855
3303165,76.98297380880251
3303211,0.30905156846983417
3303273,0.09696775339497461
3303335,4.386921742904112
3303382,55.827468094620876
3303873,9.758142234984273
3304163,0.4905724954800999
3304307,54.168545110010136
3304505,82.57215124198326
3304670,13.852288712828432
3304732,0.0
3307936,0.3202305284408063
3308942,0.0
3309377,0.06606396211348356
3309572,33.98741860322696
3309761,0.10013546893293687
3309982,40.202819707603226
3310662,1.190555137642212
3311235,2.288347324849466
3311412,82.05928793379597
3311821,23.25779524507107
3311830,85.11981012270549
3311834,82.55412340749085
3312276,54.633719491523046
3312417,38.442124783688136
3315355,25.553112348575883
3316191,4.707210233432624
3317039,0.1333371403339783
3318524,0.012092112065814158
3319685,5.096202471303768
3320635,0.10346845767368666
3321432,2.317753757641741
3324203,83.66982787387549
3324250,2.0196824010334797
3325297,9.162462984719768
3325310,9.95329531484947
3325584,0.8355542460394277
3325617,82.08233666883066
3326000,3.6654087094877426
3329145,0.12926837115465514
3334360,0.05424810134619102
3334616,1.513839835225661
3334756,0.47948751878582746
3337585,1.0964361948902546
3337808,0.39342750014755395
3338062,1.605219781275927
3338552,0.13529709500892104
3339205,0.08833389108339007
3340276,0.8777791952642207
3340780,40.0412834168591
3341682,0.8859906920397854
3341986,2.70980598255072
3342681,0.9948839216839547
3343299,0.1685855298963426
3343671,0.26781135596557565
3344168,2.9169389501531224
3344400,1.6215678059019238
3351165,8.050929753840538
3351364,4.6464715980340605
3353282,1.18413497699431
3353422,0.028829250569810217
3354484,3.27883881200377
3354795,5.442259712409823
3354829,0.16766371332430152
3355024,6.306730133072845
3357882,9.744173619260753
3359768,59.210465037202354
3360896,17.00259487922893
3361203,27.889463856651506
3361370,1.3934418115528184
3361783,0.0
3362302,0.029769684109255512
3362363,0.3540881542507999
3363182,1.1107149469456588
3363845,0.0755835372386151
3363926,0.0
3364021,0.12573656711711587
3364669,0.05881054650504207
3368441,9.906583411991958
3368609,25.18353582241627
3368741,28.44010175525163
3369100,47.31944340564094
3370103,21.824861101138723
3370151,13.774113527448739
3370435,0.055715761577894554
3371089,4.495328005300247
3371155,0.05427403178492901
3371770,17.64723214434864
3372573,0.9626606705661365
3372925,0.08863520421041081
3373030,12.194496871076822
3375448,85.07068936531168
3376567,14.955172905242105
3377193,4.722330917512199
3377697,0.03031153349159187
3378268,26.03427943508134
3378289,1.2630457990116977
3378627,76.26071624905474
3380197,61.67903931657033
3380546,3.3582242208469526
3382507,36.665237582872415
3383066,0.9003092810461877
3383382,6.858903735736205
3383516,1.583156581283426
3383816,0.38977088341943034
3384323,0.08395922022829765
3384875,28.457171456293082
3385332,0.0
3385338,49.75190249682881
3386226,30.97209686688746
3386269,0.2094956771018438
3386587,4.759677315799169
3386696,76.63238344577167
3386746,0.9649872910837508
3390242,2.561892353135036
3391220,2.553101255338107
3391548,0.09619078488677875
3392418,2.075724538471795
3393705,4.985050947013565
3393798,2.1482995009286445
3394798,66.97225304075108
3395099,2.9225701376078295
3395681,6.529302810121818
3398697,0.4235895774787341
3400645,1.7091716969799622
3400739,59.145517768419076
3400929,0.009628517177586424
3401175,0.5037035387255301
3401937,67.39385396330678
3402068,1.453432920988547
3402415,1.1900683750240098
3402562,9.19607862276691
3404247,0.0
3404313,35.43627977109741
3404472,89.09355327188113
3404668,79.578854161701
3404892,0.16869538760594893
3408897,5.347334611330747
3409820,81.15848303084684
3409926,13.728178556626046
3410470,17.07250813270737
3410557,1.2779104529794028
3410850,1.078940940238703
3411006,63.6280142956267
3411086,81.39491340724454
3411380,3.3801380697936025
3411815,2.6306806200932717
3411912,0.19156625404704833
3412893,0.4901408587569388
3413783,0.11332139075785058
3413981,0.04343612454560409
3414084,13.774487793350277
3414182,0.12933809029264337
3414653,39.28747464984253
3414843,0.18572954316445525
3414885,7.84663569746112
3415582,2.899911066679017
3415829,0.13882631569384787
3416118,24.185764578823036
3420223,1.8366585711868044
3420526,60.9143645882981
3420546,51.66219809225822
3420707,6.497648769404158
3421020,26.237279638922328
3421589,1.4478565306891729
3421605,63.72188986705635
3421607,0.02780378809242977
3424943,89.23249773566143
3425054,2.648796051152202
3426149,66.30338819267666
3429765,14.900094672171816
3430107,0.13321308057330614
3430453,72.22282870191754
3430612,0.17727525805288727
3431377,10.96374293065406
3431378,61.938739628496876
3431674,0.3846261630125274
3434075,1.3692073792830268
3434284,68.17302040927217
3434454,7.381082879744058
3434471,0.16992966250656322
3439131,69.94613893323883
3439207,1.5950571589258378
3439298,0.21933050835608
3439664,32.34193046958032
3439687,0.12244057107021535
3439781,0.17464399970196592
3440226,0.07985064027337849
3440523,0.1523275128492387
3440741,1.1807750138277286
3441127,0.2739841846812037
3441221,2.2824744293845693
3441604,0.17874517163507406
3441729,1.8057718757846128
3441930,81.69525153140691
3442067,1.4890391833085577
3442140,0.0
3445138,5.117327763055426
3446036,18.569439725699013
3447361,60.69237188935279
3447448,0.09230651534676904
3447964,0.05203862550397941
3448303,0.9891694210770627
3448563,6.201523804284636
3448776,0.13415383393321656
3449575,36.7876868912868
3450210,0.4006977685761135
3451983,4.607286170658369
3452009,10.691584704669578
3452623,5.767108798323253
3452809,28.49931148503495
3453624,20.568675386582132
3453750,0.02976099216274031
3454212,1.3741162218297118
3454343,42.152000241923005
3454662,0.11564083198688961
3454893,0.3691998345315493
3456576,85.23603163630534
3457338,0.3863425606440227
3457802,0.0
3457822,77.96943467229715
3457987,0.16541320043674862
3458525,29.35907417689617
3459384,27.923309431379646
3460129,4.228294840970677
3461872,0.2731517092954621
3462475,0.2698437151805506
3462561,78.75661521950771
3462626,0.19065980979540234
3462871,0.0
3462975,0.140844172981096
3463475,82.15324548500442
3464645,15.71165411701136
3464706,0.47860968345999133
3465310,42.66320569466165
3465329,0.15464885055303804
3465351,4.944899231166185
3465407,4.367022531846888
3465604,3.031950858329233
3465607,2.8609616688273696
3465651,54.69411986922668
3465972,2.9400605688803174
3466675,5.794153683450107
3466842,0.0
3466991,0.019969956424639914
3467257,2.6632953239654595
3467267,2.297495258911638
3467587,0.881940970119131
3467959,6.800196202274727
3468044,68.21926208533708
3468092,1.8861073563713118
3468914,0.13623948268997055
3468919,1.6118556531415078
3469115,4.166453545276835
3469771,75.68193447297617
3473305,16.343210188872458
3473778,5.304118766698209
3474011,1.1357381595110279
3474320,65.73418101968228
3475693,0.5934078989468711
3476105,16.329248125377976
3476131,0.11075821188443832
3476195,0.0
3478624,1.5208164273388585
3478813,0.05568321440995438
3479461,19.853256070323198
3479614,57.760713812713306
3479639,65.09013297310794
3479881,8.750611480359163
3482707,6.618853977950472
3483278,0.016754415330697568
3483699,0.1776969540262907
3485146,0.38667260929187436
3485641,7.794593168754431
3486029,50.42560156090406
3487236,45.42522741720622
3487445,0.09621628984506506
3487886,2.863671692584718
3488283,0.2148632870578898
3488332,0.08656016283270213
3489004,0.2243759113785014
3489242,0.7684498732048808
3489450,58.70126259203125
3489484,80.82583111956865
3489608,3.7927988958574246
3490209,11.839053369467376
3490317,79.60794825518924
3490322,0.05932977871802988
3492910,13.931921191178578
3494876,2.947079946243458
3496438,0.027506948554055912
3496976,0.1675302355889153
3497198,1.7641662494138677
3497765,75.75765712722519
3498602,24.69809126986695
3498763,4.223184176786984
3498895,2.686908299202233
3499016,0.33022387625716126
3499174,3.9608718026076803
3502581,11.245029842042964
3503249,0.05676566846403674
3503403,3.1327125547004413
3505276,2.7092760947625014
3507112,8.21076031228802
3508355,0.2956883846959173
3510705,25.86204108777171
3510790,3.8654227043700904
3511778,15.135685184586965
3511898,3.3024763791187017
3512428,39.28254929382623
3513138,74.10430744508001
3513270,5.283336105327281
3513303,60.40093645946409
3513651,0.8254980531534813
3513960,56.18310314002191
3516700,57.752664069354594
3518114,14.951910704325563
3518682,56.46769743869553
3519172,14.96966963483241
3519923,61.98395879414655
3520094,4.359670434651895
3520756,12.573777591992059
3521124,9.947289402226337
3521318,72.72269446746989
3522329,1.0527154890059416
3522472,0.13743255166109314
3522513,2.898452069105085
3528438,24.6212485035881
3528709,0.344682067123773
3529442,2.585860439951048
3529888,3.1884759031532957
3529893,0.84017315920402
3530395,0.23409532545519965
3530517,34.349501588804
3531018,82.40987883357614
3531190,0.2227111041206462
3531681,63.94323679108624
3531850,0.10356075571917751
3532067,9.619446679981513
3532338,15.19104938035043
3533180,13.19977645300965
3533208,0.4274457703419139
3533549,0.3863355540108548
3533669,8.775688775016661
3533777,45.15887025526197
3534012,83.8530217760186
3534137,0.9696538893971739
3534256,0.12070585227785727
3534379,57.41151186936514
3534443,45.07941046959756
3538463,81.08479645628356
3538727,0.0
3539882,0.32702056253533796
3539952,0.03506627714401097
3540722,52.3878976258747
3541464,0.1373325486224917
3542044,22.25739859084482
3542523,62.85015575114347
3543227,33.5989257857617
3543534,1.5748404842573989
3544113,0.6094581747540729
3544719,2.412162438211434
3544796,0.0
3544899,38.505741267296514
3545066,1.5822407233246591
3545591,0.12184625848250005
3548133,34.18249459715032
3548393,2.7249910034409672
3548691,0.736904549205706
3549126,29.47745938421512
3549478,48.03539268587703
3549798,62.925378833208626
3549819,0.03929856499196538
3551598,88.71115517503956
3552405,1.18564405502977
3553361,0.8892846508704332
3553398,0.0777671501952963
3553679,9.80498569490406
3553713,25.149927549320264
3554230,1.7631617360158867
3554287,0.20870064782525008
3556241,0.0838165580430879
3556615,13.871281129256438
3557570,9.0112257981922
3557831,7.205202123834037
3558578,0.15487913286472518
3559005,0.15415054059081967
3559450,0.5475058724104327
3559515,2.3836737526130283
3559871,0.0
3561338,70.5153350789515
3561417,0.014642786572374871
3562245,6.076035204072953
3562445,1.8082902724504897
3563035,0.1101186146334318
3563047,38.348961532364406
3563251,0.6245936826137647
3563271,59.39133979628613
3569229,0.17682530165126467
3569570,5.681785410729345
3570201,2.8148814993671594
3570470,32.05874498145375
3570528,0.04343542700402201
3570985,0.9097887404700327
3571021,1.8082896552263439
3571154,8.641536824706005
3574063,1.3859853949087209
3575238,0.0640129031104001
3575453,0.2619542452779537
3575487,0.04356283728860405
3575859,1.0037321166275042
3575918,0.0108460763733218
3576390,0.07349017614185135
3577101,56.88071131142917
3577693,16.516442756863736
3578028,0.10599461968255319
3581652,2.4357509820029737
3582007,0.0
3582449,0.5378850519837396
3584455,54.571468072139425
3584703,0.6248562655396975
3585049,3.111500590429957
3585334,2.3335032814578294
3585754,0.2539881063052403
3586203,0.0
3590337,38.9127324390791
3590483,0.0
3592179,1.484357175696244
3593311,0.09485472041120578
3593385,2.603589916411501
3593491,1.4720787880724129
3593824,5.282763605175133
3594671,1.5178984576371493
3595484,0.18796445996735653
3595503,0.053243233472742055
3595554,45.23509611737532
3595987,0.0
3596230,2.3689435933589387
3598245,2.778148246605429
3600457,80.19575196190532
3600961,1.685175464617928
3601086,2.3966611743135986
3601377,0.5639174330575399
3601447,1.4417642688375878
3601900,4.91227294645959
3602534,6.4138482810539905
3603287,0.0
3603366,1.8100532555754407
3603426,3.635828155709568
3603979,0.9521895479214816
3604199,21.27435946156682
3604551,1.098684057155999
3605076,0.6564486804385902
3605287,0.07329714102476644
3605524,30.02420005928973
3605626,1.3342302169152922
3605896,13.972177784094564
3606459,0.05988451807977464
3610854,12.663469267999192
3613067,11.881670986732386
3613161,21.425012025591027
3613612,2.4511041037634005
3613761,5.329202278406028
3613854,2.1082670505375107
3614079,29.214568446450375
3614621,2.461125358875144
3615796,39.5689168185297
3616001,0.154290178700463
3616769,47.32152951025987
3617350,0.695027892186443
3617430,1.277040139660775
3617494,28.43392404477137
3619399,0.00888315338644156
3619705,26.455717390715616
3622012,0.8856920901003671
3622797,86.0517944346674
3623201,3.4951039117882554
3623673,3.649279857515904
3623946,12.753648601099437
3624380,1.032331649215022
3624387,4.291334353501167
3624653,3.6967265794865423
3625075,4.652513797729356
3625713,0.003718544754299969
3626302,89.53455100029353
3626408,0.0522822474872314
3626719,0.03153710993033337
3627326,0.8523217557802517
3627468,0.9494820197369169
3628190,5.177895319362238
3628228,0.5439916323821605
3628267,12.77533284230108
3628961,0.009405243555456126
3629141,49.42848918731733
3629217,41.64209448315343
3629381,0.20569662703843083
3631473,46.90836786277657
3633634,3.3111137708300626
3634361,3.4895724131775676
3635322,10.936082727218418
3635348,71.06525781025805
3635420,0.021972187617145606
3635624,1.0751260226834876
3635919,0.10720714252852469
3637029,0.8625682593070471
3638053,0.043717394223780535
3638235,0.7654861136986986
3638852,1.7562641719831702
3641687,0.03220319898815642
3642033,0.0
3642278,3.124447902199157
3642325,10.004266498624764
3643392,54.7305520091846
3643801,0.10311114504909145
3644017,7.6958143093816
3644037,0.345121121287305
3645072,1.3485292894906495
3645866,0.815288436605677
3645996,0.038211603468588096
3646059,27.815756407148815
3646212,0.45479294526049574
3646638,5.795985657185627
3650207,0.0
3650528,8.963250945152684
3652230,13.808113453957219
3653037,14.01821430047197
3654420,32.120529667155274
3654510,1.475417896807085
3655367,77.55901640780024
3655688,0.13728352872268798
3661644,40.913321057748234
3661864,0.243941085606996
3662198,0.2943532905833241
3662795,36.18745005825169
3663178,84.88683517788778
3663423,0.14902477731500416
3663798,41.02967908223311
3664094,2.9280400119383607
3664473,0.5293545014018672
3664481,0.11312206422108877
3664892,0.35256264118792113
3665721,4.248138153362658
3666015,0.32913029574618974
3666146,14.651044922508005
3666617,11.118806925814216
3666653,75.81310011666525
3666884,1.0600571905485765
3667653,0.005670240663395214
3667692,0.004976054881515034
3667717,0.6146821131714867
3667895,0.31894401225522695
3667915,12.163594876535726
3671653,39.528190151306546
3672455,0.03154554076552935
3673772,74.91910097249225
3673774,27.773437139025745
3674594,5.983601240027776
3674757,61.27623286290578
3674937,0.03863476984298332
3675270,0.06844643621164245
3675568,23.07701989409875
3676461,17.820846322688432
3676625,3.041264677761545
3677309,29.439447825907532
3677436,2.3451226606842215
3677466,0.03266274286658186
3677638,4.05286536214979
3677737,0.5830947500060236
3677995,7.4730043161703685
3678064,0.7120565322117254
3678357,60.523508175561965
3678829,4.743745336173444
3679179,2.2303096999718064
3682839,59.049533284652696
3683236,0.5126219806056316
3684302,8.893921240067067
3685591,0.2107886926561577
3686256,0.3061484134278157
3687840,0.967310134295222
3688197,2.2984161215965497
3688368,2.7434938352183424
3688940,1.1168457780691488
3689140,65.24901882675054
3693008,1.0223288051360908
3693222,2.0403655949414516
3693262,11.998551554795633
3694030,30.84152883019306
3694268,1.9550278265013912
3694441,2.7351859781058043
3694643,0.9410436823361924
3695178,54.9701963394052
3695375,48.14674363003044
3695463,6.2647434447903
3696043,13.212898395065768
3696224,5.922065749575494
3696746,8.486363801440692
3696946,3.8554190351784916
3697432,30.51291387022083
3698241,7.298535320278027
3701381,10.553636153066243
3701890,2.8888809788565997
3703129,52.49168756932653
3704081,0.16361932773509136
3704297,80.48232037414424
3704729,0.5516190003143012
3704891,0.023601087740733606
3705030,0.026670547895273785
3705088,0.5947599827767178
3705368,4.57605817298643
3705495,26.21239155097492
3705534,0.026381540785588343
3705673,1.1725407775376553
3708542,9.55231447609821
3709294,83.31784466001736
3709567,40.09978020533341
3710434,0.2017384243298791
3710483,0.26329115198048636
3710661,65.86226730563831
3711096,3.593167009468319
3711208,0.023427458611087665
3712133,2.583364052169523
3712330,77.02466973177958
3712846,1.8267274881258098
3713028,0.1320301407292335
3713031,64.52785700395665
3716193,68.15540731495999
3718713,0.3631026344183844
3719330,7.739243139387422
3719701,1.8697513186589694
3721036,0.006691708347390248
3721826,0.010145544003221001
3721904,39.75774677014798
3725902,9.804689068270383
3726665,61.16334368382201
3727206,10.27896724061026
3727861,0.09818939514201055
3728240,1.0011171637410496
3728953,0.005434237529476498
3729469,11.733460034439187
3730645,39.84525860938683
3731388,6.42102733999495
3731534,1.0485764956696018
3731689,0.3448203911016855
3731871,0.21458357970147057
3732008,42.781543967357514
3732059,0.1145837034194261
3735175,5.489775688601756
3735483,3.6359590005963245
3737180,0.7402464972147464
3740402,8.436433979369475
3740809,1.2340272298412134
3741457,56.470550881027755
3741504,0.16702795608141657
3742373,0.277427699769767
3742413,0.15167897617263484
3742519,0.038902910750981366
3742785,0.08026250161677985
3744465,14.051844160815728
3746945,1.0895761194287235
3747392,2.7841324470186444
3747505,2.081929460126613
3747567,45.114125488618235
3747855,0.3978197799318066
3748401,0.06568858281324799
3748684,37.2468216369122
3748804,9.749811761412179
3749338,16.6790766529566
3749528,0.0020763499148396367
3749971,6.623689329744593
3750568,49.71817394681476
3750917,0.047387732635722254
3751570,50.90815722479735
3751737,5.301124772031853
3751894,74.46289700646354
3751919,1.2253632745311367
3751932,38.67225628366225
3752352,0.0
3752605,0.09932022587944306
3752872,6.343290836851336
3755001,2.1543112844756713
3755474,1.6003493736815275
3755748,0.25980689326662193
3756098,1.9522343664801032
3756488,0.768821613668411
3757178,4.709419762937324
3757461,63.580835754256455
3757859,29.509340688404617
3758296,28.99228704801749
3758495,9.976072623112032
3758686,81.89663039613693
3760029,47.62726408377413
3760158,6.599366841175724
3760740,5.671012748778416
3760824,0.537143301291598
3764301,0.02447507083031622
3765411,2.574990864236454
3765646,1.4725159503510696
3767079,50.743359221290866
3767267,9.73521388521004
3767674,2.59475221692084
3767801,2.2876231398786735
3768796,55.467991939186504
3769052,26.698928173713888
3771687,19.10960012901935
3772617,0.0
3773787,1.2460796083059043
3774556,0.18289609292248882
3775379,0.784393726017011
3775659,35.68873250635478
3775857,0.0
3779523,0.924222162419249
3780206,0.49841312204318733
3780715,30.803024962669177
3782016,76.43254732959663
3782082,0.009948775894139367
3782283,0.6666508007904781
3782441,0.3250608551807845
3782457,0.0548187126623804
3782579,14.537746637035843
3782925,51.86823724524813
3783173,3.730029584701048
3783231,0.0816224801551288
3784298,0.33599684906704336
3787893,1.383769351125413
3788637,19.09385861928467
3789400,0.0
3789685,0.2729539675866616
3790048,6.682054943995
3791176,1.7373359732691456
3791464,0.18826253990555983
3792227,0.3062296421984839
3792507,0.0
3792523,34.61177877801083
3792732,0.09096184729119688
3792910,62.355680442211124
3793002,2.6617154361668294
3797867,82.87347577704476
3798941,82.62727872786006
3799541,20.16762011056704
3799598,82.28630586637969
3799995,1.1861333666048006
3800187,1.5331028017443222
3800332,1.4365214310479346
3800789,0.20321323039934933
3801007,7.536031856631084
3801368,79.53758339483163
3801701,14.880051108153847
3801950,0.7489939075864483
3801977,0.21183921234542757
3802218,74.28292879031811
3802538,76.70239142379879
3802582,0.027337511624398025
3802908,3.40657904222905
3803154,1.518925115839101
3803194,0.7518215465983571
3803201,1.9132525354994758
3803622,6.767530386263893
3806630,0.0
3807983,3.4766204483648306
3808405,0.2710355727434054
3808709,0.8442976972668913
3809988,0.3876258980751372
3810334,71.39096147952851
3810864,0.0
3811171,71.34266111028398
3811578,0.1973587352458007
3811639,80.72449876322031
3816424,0.0006851717759934824
3816450,56.64519835078886
3818259,68.02283226613335
3818298,9.163082236758218
3818999,0.2976986917547315
3819304,9.629878848235544
3819656,0.12774087403768739
3819946,78.69287487964675
3820498,1.1908519569843126
3821364,0.06488751073951182
3822296,44.320345554678475
3824057,0.08868376853661679
3825362,2.9663570672256405
3825437,0.1898613310267168
3825743,15.641966379301522
3826908,12.637230592544515
3827231,6.645235572014042
3827442,4.7012274125307325
3828097,4.061423195998199
3828098,0.924557327881926
3829387,0.006321275709598856
3832444,2.636497649835437
3832863,6.3580585160792955
3833644,14.662972499448301
3834786,18.200780386394012
3835052,13.747986674281922
3835132,2.989310187351482
3835244,6.94877616078889
3835334,0.12757595676642397
3835345,1.0443852351171903
3835611,0.2653668447826111
3835681,92.0
3835740,32.16653582832298
3835948,14.461479942769468
3836180,2.2219221326113217
3836199,50.83240229818994
3839258,4.309221598918075
3839365,48.17654881162167
3839717,0.12376149871392442
3840200,1.5664705604951592
3840286,7.695324534570099
3840719,4.628910914557946
3841033,0.4627841410196138
3842694,21.33907305855616
3843916,2.074805634093067
3847681,0.05527888282957037
3848431,0.9965312354604702
3848810,0.0
3848877,10.55277030005178
3850182,4.147295219824221
3850237,0.7373279375292908
3850254,3.7309054273438247
3850967,3.879834309395676
3851183,3.010176504424656
3851498,14.45135656530261
3851571,10.310819768027617
3851719,7.32562036125042
3851770,0.9420495527324106
3852141,0.9939945020536393
3852261,48.4925027542198
3852538,53.42313383736825
3852580,0.06506508788805596
3852660,0.10814146662169861
3852988,1.9806695231581388
3853079,15.778988995462125
3856570,20.755677720478143
3856583,26.78112656647944
3857180,4.335299664827816
3857462,4.828712184363227
3857687,6.551846736843691
3857863,44.418890728458656
3858386,10.394804344357269
3858785,0.0372711279426294
3858822,1.3999614726353118
3860590,72.77698512632548
3860762,0.9637389361475323
3861299,8.439959779766328
3861301,0.09069432913465372
3861569,3.861226116601668
3861713,1.1203457155081775
3861885,2.048625660743026
3862154,0.13349695966909816
3862328,74.99760908950289
3864528,0.02175110050504898
3865141,86.98900159091158
3866389,9.669313633011683
3866536,1.6371827810715696
3866540,15.275608252772493
3866888,0.2359841348645361
3867293,0.18637979269013288
3867351,78.9602746801443
3867525,0.1340993300320932
3867632,0.38903978967189495
3867739,2.118035352026731
3868052,6.494189247676111
3868344,48.024276757242326
3868719,0.0283379118998919
3868981,65.33844436453634
3869282,0.27313478893560417
3869335,35.0355975927871
3869436,8.621396644408916
3869967,2.6620130295720283
3870158,14.384817955977535
3870187,4.137471151642032
3870317,4.28338953171578
3870502,0.4783227784525059
3870793,1.3545645046648622
3870797,16.89056438674183
3873453,0.05382115810323743
3874023,36.91383703127367
3874702,18.28385524050587
3875294,1.5581676260747834
3876269,0.0
3876850,1.4776649417914711
3877193,26.542192442293512
3877362,24.243199833235256
3878067,1.3185212886069764
3878579,0.14563600348933572
3878621,75.60936923929502
3880863,7.363942045699609
3880985,0.230031148259512
3881808,6.478006497707282
3883020,4.525402171972633
3884052,1.6527454905883343
3888470,2.7606471979714606
3888689,61.45315301800466
3888752,66.22045204614837
3889773,0.03695847814972088
3890018,23.38175678216937
3890947,0.4390340270083908
3892700,83.5806012900595
3894446,0.7465062517256296
3894449,0.8592811402611502
3894674,7.309649983399478
3895455,1.3387630214981234
3895930,13.341802822665942
3896579,0.8683533837134857
3896588,0.17797499240642975
3896778,26.13848453583882
3897387,34.84432857419354
3897667,1.5059980546153509
3898329,0.2427230829478864
3898625,0.3117475994719994
3898736,0.6403956468131929
3901806,18.985288247457476
3903173,4.384202053647987
3903747,1.4886524151582963
3906483,47.11395319530087
3906942,13.733707295933506
3907279,10.1427162866392
3907413,87.02212295297316
3907603,63.25351627871214
3907848,92.0
3907852,6.164895736709432
3908008,6.925250093294092
3908094,1.240344413829817
3908191,0.694908346891805
3908257,46.070890495171284
3908361,1.70982876698073
3911393,2.2950402742434037
3911451,2.965676444233066
3911536,0.23218113138484628
3911632,48.83431349211357
3911804,20.919758110923762
3911826,45.46900492265666
3912794,17.80754986740097
3912900,1.0471632716904062
3913674,0.1476124798351548
3913873,3.6343155100268434
3914910,0.48529506689786117
3915799,0.0
3915933,5.717454070714744
3916062,0.05252891305831995
3916312,3.701943521545247
3916525,47.46666011528252
3916572,0.33235003085087944
3916775,9.429655508506837
3916962,0.5523348796420494
3917007,0.11162574378631121
3917163,9.854103684423473
3917367,22.185980546768356
3920357,0.0
3920562,74.62202277079334
3921600,4.842011131701699
3921900,0.08662763690637333
3922214,4.1202265831283995
3922314,0.16566352240264
3922967,1.5011768657790088
3924325,18.550080377530335
3924619,15.678952565022678
3924820,62.25649072194944
3925359,0.44346093900717326
3925418,1.0055797619658238
3928833,0.7705647376037169
3929317,28.764105913521774
3929669,3.760518088600358
3930410,0.20749932354584716
3930878,1.5324543818661684
3930967,1.113293561742435
3931242,4.763540317486033
3932374,0.07685077739474114
3932970,0.12510700780425682
3933552,84.41383783364344
3933571,82.12431670088208
3936759,3.504410571664109
3936970,65.82148660122408
3937103,0.0459645394070158
3937482,0.05977097930680209
3937630,0.08592614301654916
3938401,1.934374976871456
3938956,11.955258177828895
3939086,7.220615662126809
3939128,0.13763020350762994
3939929,0.05060072456660265
3939974,3.800624868898187
3940234,0.0
3942409,1.178938213340932
3943594,0.0
3943630,0.0
3943738,0.24565048127038697
3944200,20.0673103168488
3944233,46.48902247456925
3944625,78.42949313138611
3945449,1.863394290047127
3945636,5.4231278949629695
3945680,1.29490780130971
3945836,3.339557664582189
3946018,17.75237022272523
3946024,0.12341024105176718
3946201,5.1503667201796075
3946245,0.0808482216464125
3949890,5.277131945905074
3950991,3.605520864518919
3951043,0.013636751841857218
3951363,0.12487533393987477
3952264,6.051507062132091
3952328,6.314482901387024
3952502,0.2775892843561875
3952676,0.061811285229032495
3952793,0.5983887196730917
3953585,2.770343363001477
3953602,68.64978004627604
3954544,2.665582735525607
3959177,0.18459798334121488
3959369,0.10103828856585967
3962389,2.5281911520945375
3963168,5.96376458317895
3965787,0.5775623341347149
3967123,2.765931271959967
3967467,0.31912360171665677
3967613,0.08265466180165197
3967945,78.43704577104992
3968371,46.06663949868642
3968434,35.11589109254776
3968501,2.1891743545563256
3968742,0.090121192633751
3969366,0.45241924301142517
3969705,11.445379170806165
3970224,1.9248088642081491
3970345,5.344623002971516
3970626,51.594306775047286
3971498,0.2301300605622778
3971534,0.9033112555440397
3971775,0.3769615171994898
3971852,1.0739972052532893
3971900,0.9037166897706228
3971948,0.03555771399515681
3972408,0.1383609602268555
3972453,72.7229598529751
3972524,22.677630003387577
3974464,0.06255748233843253
3976928,84.12654231757698
3976991,29.0315311350788
3978092,49.028295249645105
3978364,1.2770669186626937
3978543,45.836577714186774
3978632,2.1704212594864862
3978680,2.34342635375737
3979504,0.0
3979522,0.05288636686574031
3979611,1.913440685715008
3979815,63.1474918121477
3980324,0.0
3980611,84.04366925286918
3984077,4.6417466951874236
3984207,0.22386436777106386
3984681,49.11185989235539
3985088,3.311297658358125
3985458,2.909791387585047
3985673,1.4465204072778834
3986953,26.87516193458844
3987097,4.588999641532127
3987571,84.72072979153977
3987599,3.5795023117133433
3987655,79.8217154251562
3989564,84.99355238429727
3992814,1.2403741933817345
3993388,72.44634567708873
3993392,3.3140659340430183
3993553,0.17265346430829698
3994287,15.719991543861969
3994638,77.19130584544992
3998498,35.49564116405655
3999079,12.841852909538929
3999735,7.973047498536699
4000133,0.29019736046282263
4000309,0.5161758968037689
4000530,0.0
4000561,0.33054267468212983
4003179,0.086438339655886
4003220,78.83795457637352
4003231,22.97797096520158
4003515,43.862027032437084
4004700,24.696376317909674
4004883,1.5811095676517346
4006068,3.0941895430854247
4007689,0.053700587655746417
4007784,44.917131909481675
4008362,0.1992633951195737
4011323,6.647598683447087
4012280,0.016139808898822678
4012558,38.927529091634774
4013339,45.84199928696622
4013685,0.24761857492523195
4013920,6.6334291577577975
4014004,11.973902061532547
4015354,85.04898277859984
4015422,0.4790637631776233
4015442,0.21778048900476205
4016109,1.9825844247368818
4016121,0.14378226779290787
4016142,7.014590071877662
4016791,0.6033691218432369
4020957,0.09356025643766003
4021884,1.3365017272588773
4021957,87.64531156697356
4023232,3.064940427993525
4023565,1.2834072266610073
4023713,7.004510385903631
4024413,0.06751076318505685
4024936,33.695358557354396
4025313,0.02352257259709407
4025325,32.975237764236304
4025355,5.048308830788305
4025913,75.36705288394023
4026150,73.85367222191472
4031463,20.21666879911256
4031668,7.799284438797762
4033422,56.039056205109446
4033521,79.23774642093876
4033709,1.3885048816984253
4037008,1.8974011167456843
4037379,0.26560453558145086
4037426,3.965255521244536
4037522,5.127067612591454
4038816,1.365889049507626
4039450,1.3210209437171054
4040395,10.49413652395307
4040489,0.1214940103889316
4040900,16.935232621778702
4041351,0.21830861564878887
4041583,0.29177338080706644
4043470,0.9686814318099805
4043830,9.122641256668217
4044625,0.07517348114765321
4047638,26.721921531779028
4047751,0.10508258912469032
4047785,0.09856616795869516
4047795,5.932704690578177
4047979,3.0899402701086998
4047989,64.15679718254107
4048013,3.5733697831805067
4048043,72.86629643490487
4050765,11.559797798937112
4052514,52.93668206436989
4052771,8.05391278415004
4052940,0.04483967619999804
4053152,0.5739277309691188
4053470,0.0
4053558,0.3357588978705303
4053564,14.102692171803112
4053804,1.4910105809431273
4053987,2.0256081126229253
4054332,51.7617149262214
4056741,2.6214128321839834
4057099,28.787563435125932
4057361,1.600869283522198
4058316,14.047890840164792
4058515,0.1136858061763598
4058615,2.0982862178958777
4058949,25.58315166988912
4059037,0.25482384750124953
4059214,54.886286174934426
4059826,1.576612266770247
4060149,0.07665995571311274
4060400,0.22544276016072984
4060446,5.100855762921066
4060526,4.393793823285656
4060993,1.0958463867058061
4060994,0.08724770221803073
4061171,11.882172526232813
4063357,64.83527496132336
4065300,5.490777877361443
4066179,0.8695014514168797
4066224,17.23121279475792
4067136,1.7493397601741896
4067200,58.07712745073149
4068216,74.00159513240672
4068273,0.3991512312334503
4068760,64.31208895955007
4069211,64.48398095446903
4069228,40.79692766357197
4069341,0.48648897702415467
4069363,32.90023520572603
4069584,61.37314022045745
4070027,0.8426815179687132
4070133,58.471063514216816
4070140,0.0
4070169,64.13014168229309
4073641,1.701514102241897
4073957,0.03212916389340526
4074011,0.072440684526553
4074344,61.198631146622205
4075252,0.019494342648794263
4075963,0.4860024722581066
4076000,0.011642378795115746
4081707,1.2121155772817134
4081926,33.56141292584912
4082635,2.442261411769851
4083049,9.207442164212518
4083306,56.90752574547504
4083380,0.17419424400967531
4083790,0.1783033366533978
4084541,0.10222845536267665
4084603,0.41012972869591774
4085413,0.0
4085570,59.979389775492756
4085939,4.856105253812584
4086156,0.1391689036881911
4088506,11.046067660287873
4088979,3.6152607305840294
4089417,0.7839272014131192
4090358,73.73429836926086
4090748,7.985091320366478
4092010,5.918636952730595
4092724,0.9935154921891729
4092751,1.9583171301253774
4092796,5.40494929881299
4093053,0.5036465526064448
4093403,39.163430300994015
4093591,0.19108006853755188
4093885,1.1924721158445248
4095945,2.1329209391070396
4096193,0.0
4097284,42.71176806370149
4098052,0.22022210059898034
4098497,0.5476796025030014
4098642,58.89845647120505
4098656,35.56343161275889
4098814,64.63956267206753
4099088,0.8581478204944745
4099553,25.113150294217874
4099710,0.5140424278296308
4102936,80.72454419286942
4103007,7.219990155883588
4103146,0.5759421245965721
4103165,2.620122641563533
4103323,0.7726241594269121
4103528,33.9945470240952
4103623,3.5304175188133327
4103974,0.7755444494255285
4104160,0.332572229967002
4104264,0.034567183115111914
4104740,0.01456997406787246
4104884,0.02108472229602965
4104980,9.913435229618505
4105037,3.382013285688324
4106001,81.23373521468403
4106051,2.8141361868416954
4108143,1.0437247411112545
4108658,1.4691514394065994
4108799,3.6194588624260966
4108838,86.44191335130695
4108987,6.0780722948999735
4109104,0.07813929794458856
4109846,1.058704128540503
4110242,0.12447573776996673
4111353,0.13877268759031566
4111722,24.674846785031082
4112236,0.11274400995383387
4112322,0.07049662406767505
4112924,1.2328164407128637
4113219,0.06979398496814661
4113459,40.55227743586877
4115327,42.271843541826385
4116557,0.5012474457842211
4117128,0.6762064293379426
4117817,1.6474160776710165
4118244,17.664462317287377
4119422,0.0
4119780,7.464021838268324
4120232,0.08587472173987248
4120245,40.87752506277406
4121234,0.6770677501740001
4121879,75.35571863166557
4122050,71.31212568447096
4122052,74.15114934727818
4122066,0.19648751214811566
4122105,18.05165972886922
4125486,1.9425327644774841
4125559,4.9686906048185016
4125884,0.0238511459201137
4126073,0.0
4126245,1.1156375612022016
4126437,58.30009120587213
4126452,7.288181119664916
4126676,23.223840123297418
4126690,0.10083901807646724
4126816,9.537404600956469
4127402,5.587847426900456
4127524,0.052829862665401545
4128314,2.7229962405323924
4128337,83.78881773647396
4129195,47.06185087064816
4129212,1.6836120696222485
4129365,10.652353122515308
4129487,35.92574472341919
4129491,0.006034889282197573
4129664,0.7552535933611997
4129992,5.075751500399738
4130225,0.46512529836749006
4130266,2.158190127650865
4130536,16.47918074550827
4131851,0.0
4132116,24.35993792481491
4133713,44.5526593088819
4134035,24.679597881842227
4135645,81.41388080073861
4135674,0.3715499960902277
4135876,30.898793769736084
4136032,2.0688480729724406
4136596,30.634056018453386
4136832,0.5332476437023826
4137306,20.42739003864848
4137414,0.1093221868930688
4137415,51.10937019123332
4137524,3.5403796509182373
4137526,23.145076053363365
4137681,60.60007590843618
4137979,81.54064761725114
4141567,0.0
4141987,3.3363129030966534
4142125,0.033925483760697143
4144162,47.22247902516108
4144849,0.08912536321963203
4145018,2.6888250141168175
4145301,2.6296099110648488
4145491,1.0509778776527134
4145494,29.280813008846817
4146226,3.325998083902493
4149673,0.1132053200655749
4150060,33.2340676199296
4151641,0.024938696783274015
4151722,0.8127871709797472
4151780,1.4618729874744714
4152366,74.28513532728985
4152752,80.48177945147604
4153555,0.11450955486794613
4154042,4.061224811361887
4155012,0.29396529713515623
4155643,0.25135822789655293
4155661,0.27824997623194503
4156015,10.975653587400046
4156239,2.0222806942384683
4156921,69.49680618877682
4157064,0.845565983594538
4157226,0.6337900170679582
4157228,0.4595606114865346
4157294,0.30001414549743927
4157451,16.95872292769852
4157602,0.08412853227383271
4158078,0.2749700293654447
4161013,87.9831233145386
4162119,11.366083127558216
4162219,60.02190879313099
4162519,17.41092064497878
4162562,0.057785065147731865
4162957,26.36777252724562
4162997,79.92689489151792
4163020,0.022411179331876557
4163168,78.06880383734355
4163710,2.2810831997257783
4163728,12.070561337366954
4163781,4.559677246246765
4163804,0.01859026135470141
4164931,66.7643710701719
4165037,62.958758449271485
4165038,2.1280664754373224
4165158,0.13795873928897112
4166474,1.0548254781053448
4166480,4.929018827617004
4169840,0.002051328644539888
4170372,0.0
4170460,60.49883863187088
4171272,0.1327443850038564
4171692,70.96927132304592
4172551,0.1335451561587435
4173038,3.94589224789931
4173107,19.681738034750616
4173396,15.451464307822055
4173622,0.0
4173751,4.506009745662662
4173764,0.7375197970303761
4173969,0.09867392333448102
4174286,0.33510130725699816
4174387,0.5366738245543945
4174444,9.181311989810075
4174475,0.18042470560032503
4174716,65.21640581805275
4177768,4.180692752441111
4178830,2.7220129500971195
4180818,36.52370763214491
4181449,0.041550257319242834
4181828,42.782891192568016
4181887,0.14158002408412163
4182262,14.828403853278061
4182771,61.96338950913357
4182844,11.19123886989358
4183095,0.24338834194100495
4183328,0.8071738771371745
4183801,61.5101353467243
4184577,35.64428704720804
4187860,0.17424871580650603
4187918,5.371581698665029
4188766,2.586636082858009
4188807,81.97911515457947
4188848,0.07670469249832808
4189428,0.1906024517543633
4189696,0.8830967044271841
4189795,0.02559956574847987
4190002,0.0
4190240,2.4590825168939388
4190259,0.021381337487591127
4190301,0.034282898995982865
4190463,24.708243583841075
4191038,1.944608774785164
4191802,0.24975091765300095
4191968,0.06834890562513074
4194010,0.36158803511619825
4194302,21.76004742566274
4195677,22.503461936759013
4195902,9.878641251621874
4196266,20.0452060497031
4196308,0.03505507787791485
4197235,1.717583043072869
4197396,45.35457834820058
4197645,2.185292552256083
4197760,83.56041653472575
4198153,35.7900852065663
4198575,12.98873173820627
4198667,2.3327885484183026
4199123,4.3362876525146214
4199156,18.49482860983979
4199411,0.07536403241513856
4199782,74.75874683104168
4201905,0.106619002557875
4202213,32.81512912564584
4203424,1.2858642355494256
4203428,0.581306702342351
4203517,36.150813452397564
4203524,73.01158923260051
4203606,0.0
4203686,0.1263283826227851
4204024,0.0
4204083,84.31722641967511
4204496,70.16928030189459
4205224,0.5445294667437862
4205289,69.8960262256907
4205784,0.13375193526456228
4205815,80.25245347427455
4205816,3.370052655045984
4206034,26.623105267928253
4206087,0.054780632764680384
4208547,13.168628212929288
4208639,38.521303631325694
4209182,0.12806940794897836
4209503,1.3962398935091644
4210004,0.30973231050727895
4210232,45.38123036877896
4211276,0.13044029419136602
4211459,17.962465451319247
4212249,42.61756673946347
4212389,80.22239370985763
4214733,55.18718217833501
4214852,0.0
4215595,42.36365469835602
4216183,0.7014868833688332
4216435,0.19480068077873688
4216813,63.51158013516353
4216900,8.24543228207907
4217642,1.7721786742931678
4217793,2.384949458225049
4218067,4.690302407412958
4218098,0.057226548023000146
4218196,11.15672966478017
4218499,0.1554563437816271
4218929,0.525410525776163
4219851,19.30975068973788
4221999,19.30242168871135
4222400,1.6339597863255373
4223782,3.23461263847018
4224091,60.11224537222637
4224391,0.22631595052535433
4224659,0.1553626887524431
4224751,0.02571048766689441
4225050,0.37041449575703744
4225738,17.093982613454642
4226098,59.94542472839393
4226521,16.24832481394163
4226535,1.9457194682552443
4226549,0.07159460932951967
4226864,0.12030287823572376
4227161,68.18047639747053
4227351,0.047450342988753474
4227554,76.21454897146236
4227998,82.85415309334817
4228365,0.008033158861230493
4231348,36.79184407056783
4232530,4.9950731751896855
4232559,30.68756415778804
4233025,50.62430011255484
4234072,69.20729529680597
4234332,8.059956772188439
4234338,66.413232710319
4235150,0.3717266481671958
4235620,8.071467370982276
4235843,0.7141028294495204
4236359,2.6489803141584467
4236725,0.1243576489862818
4240861,87.93831548258305
4240947,0.13799725779644845
4241028,66.28118134791112
4241195,0.0
4241278,0.06685289336380099
4241430,0.13652553203947926
4241561,8.716194312171549
4243522,1.8838730166915776
4244086,46.902336002178956
4244134,3.638760711854027
4244235,21.442320415260934
4244476,0.08514441480391995
4244685,76.83127028631968
4245175,4.188156914827833
4248788,0.3747105395950078
4249131,55.24984746717315
4250093,79.7831619412382
4250905,0.22638964635870068
4250908,1.643089282304683
4251839,0.08884027574770428
4251862,27.323397088973728
4251883,54.81779645864069
4252015,0.017595215186512168
4252172,0.0036887754796989026
4252443,0.1309008379272689
4252539,5.61156441940757
4255703,80.75838486327967
4256091,54.00008504644003
4256114,3.491197119504823
4257078,9.050838700374253
4257081,0.042217057517214135
4257249,63.593068148310635
4257306,0.3043351225444296
4257321,0.38519184332632467
4257343,3.367315231795439
4257354,72.68226762303428
4257392,11.533970804493185
4257627,52.3611895869163
4257892,69.40871084948324
4258054,0.07379388836591043
4258075,2.2436429170101717
4258186,0.6629743056001163
4258603,23.576437903667273
4258867,0.03248318110250508
4261029,32.78949338362396
4261691,10.512516866222127
4261693,76.79575470315724
4261951,0.14137688220397496
4262135,64.63453197480048
4262248,0.04838767579005994
4262738,0.577841934574194
4262976,6.953461824033876
4262990,0.15888257757768634
4263072,1.177350405919405
4263330,3.451662770863739
4263482,0.14080113011473241
4263624,10.22757666691261
4263802,21.310956342189677
4263880,8.135903366461495
4263944,41.9826454629246
4264188,2.3141902439966393
4265871,0.18791722321942494
4267133,0.1844440656438052
4270409,1.2579771769597474
4270462,0.053585869353794724
4270683,0.17925892745189306
4270689,0.16726110349679363
4271059,0.2776190392134513
4271119,71.16409468114504
4273931,28.636177579053896
4274443,1.2978404949697324
4274462,46.063491704459565
4274589,11.720432340652279
4274595,80.20462139794493
4274999,0.393879096839093
4276762,21.318866112160627
4277980,0.0
4278389,0.24135776405585832
4278717,20.51557110953367
4278801,0.21369014076111464
4279049,0.2511109127837659
4279260,31.424805000203648
4279323,0.03429541004580022
4279440,16.266335140500388
4279820,13.723382790883193
4280015,1.768223635748305
4280105,0.02261800295845707
4281898,67.87388945736467
4282178,67.3458952624963
4283264,4.486774250219139
4283462,0.02993583913352187
4284031,15.264656417446998
4284848,0.11356122163044614
4285465,0.0779488719097505
4285571,23.015836204535553
4285924,15.298448386360041
4286196,0.37251696896993475
4286584,3.1694084876924813
4286662,0.196034877296755
4287043,0.03384635997427142
4287079,0.054620181534281165
4287104,0.0
4287221,80.58928283408542
4287605,17.670431083625463
4288276,2.1769906134960113
4288330,60.00114097179566
4291015,0.821637502797435
4292165,10.811931072883612
4293935,15.607985662807366
4294546,17.66191482764533
4294617,10.25823517574904
4294640,0.03434803734428737
4295004,5.749196188541673
4295108,1.18979668108377
4295542,25.66522959207093
4296291,53.65980563786801
4296391,31.334047272394514
4296565,0.03050644154379078
4296588,0.046867869791233266
4296687,0.3143020757860451
4296724,0.04321756939253133
4296897,0.31529175555251615
4299536,30.805534961375855
4301625,1.458313506752799
4301678,0.0
4302109,10.982224649118216
4302562,3.7609049867051674
4302685,2.0504583594564054
4302952,15.99532704816846
4302970,65.87174866515159
4303730,24.532795724301895
4303825,2.074968886041798
4304369,4.885401319599607
4304822,67.7143996917731
4305044,0.03639553984886356
4305200,9.715522173888173
4307289,81.02805991746486
4308612,72.34774865807856
4308779,5.197876965709384
4308798,41.10574754754046
4309079,2.3405026779700284
4309384,1.9858990699603527
4310169,1.7400165838880033
4311233,79.70124033960282
4311532,0.6007359217865433
4311917,2.139739074502659
4311922,0.34389440236573693
4312298,1.596045843292529
4315579,2.310172556580193
4316648,30.790487525561765
4316987,14.028487819564454
4317815,1.5155738352397772
4318362,34.346211028410565
4322054,0.09005488247570478
4322146,6.707745546005568
4324007,0.47680786467562597
4324129,2.3855358854349857
4324166,0.9700668813004313
4324222,0.20139640068047351
4324388,64.26191581692466
4324468,0.06823741269904224
4325124,10.643268806222597
4325134,2.2382861627861055
4325220,0.8154765902070591
4325244,33.47768003076187
4325480,23.393227045169926
4325538,0.07662105811262493
4325724,0.0
4329822,0.31157472263128894
4330061,3.4215358505572446
4330251,16.024737739521505
4331582,2.0582164401067207
4332102,0.379072131006356
4332249,0.10470711909010495
4333204,3.1660968192348418
4333628,3.7907944332487746
4333942,1.6438725121416613
4334013,62.15575189167592
4334267,0.0
4334446,72.85917227254214
4334513,0.16070592361196007
4334735,26.412983035191132
4335752,0.7770766991846974
4338548,1.7199978096909423
4339188,64.64237177365762
4339690,36.74487494900284
4339924,37.949623206477334
4340161,82.36119360454674
4341158,22.254559473894155
4341477,4.541977056862475
4341664,48.844181737371024
4341998,0.10288152435832486
4342304,6.225378662566296
4342491,0.0
4343285,0.1090848763612832
4343401,74.8279805389795
4343474,4.503634888719872
4343597,0.06258322481163053
4344220,0.07711807304520897
4345691,63.009548749833634
4346933,0.21970232878088547
4347285,0.1481124591106129
4347410,2.4954802918807344
4347648,50.2640138091079
4348062,1.3567831806384705
4348161,3.883397805163673
4348826,0.9744903939715351
4349358,73.8559417587969
4349666,0.1654981713135293
4350391,2.7423054040707946
4350574,0.15875935616418654
4351166,13.938385057272901
4351262,0.693001101926467
4351563,0.0686696971178911
4352537,2.8889480067509012
4354764,49.04076475924167
4355876,21.887196550658572
4356329,2.3925816592831968
4356687,1.7598348544755333
4357014,0.005667053248155715
4357134,0.11361151070286339
4357298,0.0
4357464,0.2538669168318294
4357892,18.202498978709144
4358526,10.49225037876179
4358619,0.07717124310481396
4359109,74.79122840039618
4359219,2.6557348579012645
4359453,7.325369082472101
4359930,0.010205660417083168
4362345,1.5703858443128438
4362570,56.05937453358167
4362837,73.62287073824284
4362992,1.4209477776469654
4363116,1.6713763443038996
4363693,0.14479537673125736
4364573,1.4503683758520702
4364591,35.790200746892594
4364789,0.06008394199037666
4365018,0.002690802794724785
4365179,11.251472912884337
4365328,6.065358179166558
4365545,0.024443663101145218
4365833,0.929342360810397
4366792,11.918354296908786
4367233,0.2059127286961581
4368547,15.329589252702425
4369737,0.2061605050485795
4371673,0.0
4371855,26.661433304694587
4371878,47.67526346211962
4371917,2.9942860959535764
4372055,15.208441175497743
4372068,17.07236031668299
4372125,6.860496967840434
4372158,4.699928539544475
4374913,71.45345245762522
4375146,0.186358105988348
4375375,0.07516953372160011
4376144,0.7028927590496108
4377593,1.0851915172741555
4377929,74.94071689081221
4377999,0.1236944499500574
4378016,2.119038419660921
4378437,0.07637830636764768
4379181,79.00522928501925
4383457,2.0813118001900976
4383838,2.2328636727742817
4384035,81.58389219572045
4384442,3.5948766227241196
4384643,0.2419224568126587
4385990,1.3315243912826047
4386187,0.918374083199982
4386598,83.41604175856354
4387007,14.407804034889008
4387048,0.7268543965898528
4387234,0.15573803842406905
4387303,8.865599853318878
4387491,0.06693056557771357
4387507,0.8084997829876606
4387684,22.792391006167385
4388617,0.0
4391869,63.93992251374987
4392250,3.5332801266944713
4392402,0.0
4393057,1.5108152626828815
4393126,0.3298847145297474
4393502,9.84133072586849
4393519,0.1090012033903162
4393628,40.102472840992284
4394977,57.610961699675066
4395118,3.5055643958440252
4395303,5.208780968003443
4395490,0.10021342585405671
4395749,0.09039364907701278
4395770,0.04166399084487208
4395814,2.644555489605508
4396106,19.032627343391997
4396142,31.74301480440218
4396143,2.1767332459677475
4396299,4.709334442355388
4399625,0.11455509076145229
4400795,0.08814422929850974
4401013,81.93605838590055
4401396,2.582402932437547
4401441,0.29203157634747096
4401674,52.048095440317944
4402064,0.389029776865675
4402117,30.72953581798757
4402422,25.223016328532708
4403159,0.06837434631876133
4403831,0.026109258700118532
4404750,0.1367729827518666
4405946,22.4521442886654
4408381,50.284415072403824
4409074,4.437546134498561
4409328,1.6367693691828165
4410369,0.01831225202290273
4411927,0.09460881174803186
4412012,16.91574866321019
4412247,0.4082060365418025
4412332,1.5679748941923968
4412479,51.084550020101325
4415123,0.45856240712032903
4415259,9.613735297972788
4416190,37.9425308557181
4416761,0.23097555891524663
4417302,8.68223040082658
4417482,70.33367726316419
4418326,1.1319660367104933
4418714,2.7155031230453215
4418966,36.14272405653195
4421355,3.4904640143674968
4421679,11.482248856358652
4421826,0.017514137199435818
4421991,0.11425908466343294
4422017,0.049283519383461497
4422375,0.10654125810060877
4422494,0.5750298742002462
4422602,0.16274251376064539
4422686,83.4357127990441
4422975,0.015293582999850387
4423052,55.98018694163482
4423566,7.953116558581714
4423782,0.3260786199378669
4423814,0.11610079145644094
4424103,0.9718265693803468
4424261,4.8473829628338905
4424511,82.35979648501016
4426877,5.7008622668955375
4428140,10.319218614697416
4428477,28.042985838909058
4428906,3.4586226092170276
4429136,8.411256527776462
4429685,1.0677826086871178
4429816,6.758326271617859
4430179,0.16625457383440573
4430452,14.7598463037647
4430645,0.11664262096387154
4430747,0.8352952129702407
4430769,0.11219729512673
4430808,78.57345446908245
4430937,1.8061957311453083
4431202,1.5651763194693278
4431247,33.9434740177367
4431609,0.0899734058820324
4434943,58.20116180495577
4435213,2.023553235692273
4435766,0.14845518106303116
4436686,0.0
4436957,0.47565740831621606
4437053,53.33825832747355
4437362,0.33468260438553926
4438243,63.26052273093776
4438470,22.90339636814721
4438931,0.9853941977364973
4438996,25.21272064282277
4439528,1.436115566449562
4439774,0.014265770514253977
4440000,0.07637392669809476
4440176,0.07534580618530283
4440181,0.023048655609467263
4440432,5.082459441569548
4440611,2.576181753621707
4440773,0.0
4443012,0.047783035686502405
4444051,8.686855822290019
4444204,1.8163948172031936
4445185,7.205327736103993
4445613,0.378202901897663
4445954,2.562673249993444
4446024,0.906743240235571
4446636,0.051571064266142386
4446802,40.46099731242269
4447203,11.431839474989273
4447524,1.297636101319983
4447545,0.0
4447611,0.029895641577231107
4447845,0.07589082314273968
4447904,1.710547923575764
4447910,11.326484730372385
4448149,0.9933395190375521
4448668,7.570363208937115
4449058,0.7369864121997382
4449144,3.124257347396649
4449377,76.10799207705035
4449611,1.0060055186447754
4452723,22.696851340119046
4453150,1.4837930445047853
4453263,0.0
4453406,1.979264270410515
4453929,0.021671535018882866
4453969,3.6277064418958584
4454031,30.083002756387213
4454841,14.836875917356192
4456004,2.8987967952712603
4456094,27.071880238604248
4456555,2.116087752778025
4456880,16.6047825608111
4457015,0.1522521722206581
4460061,2.3204510557021245
4460160,0.8432193639471818
4461909,3.9441134056219376
4462365,0.009264073215365407
4462491,0.0219163237197844
4464402,8.0057611859565
4464616,0.2131491964457888
4465319,0.18980802061408986
4465420,5.3480961350377605
4466644,79.8829482232853
4466780,21.043280186300045
4468043,0.0
4468513,13.14535337334538
4469264,70.28030057609838
4469455,83.18793147514303
4469650,25.14384421499873
4469679,0.11912022733267745
4470166,57.27321521842975
4470810,0.1399194486218471
4471358,62.48671170355016
4471485,74.08983295959571
4471513,66.00086745211541
4472904,4.514401737326748
4472978,18.12226157963209
4473156,84.86530626618017
4473239,24.296217817013954
4473489,68.1812226353464
4473722,0.7183132810879432
4474258,71.47172364587632
4474558,1.84292263520558
4474958,79.64949091822997
4475003,1.9964931743606782
4475739,3.5656050811278996
4475778,43.09476960239783
4475786,19.155106755663876
4476119,51.337123519617535
4476620,0.3813400314400702
4476745,8.974715174038655
4476945,3.3599691176633284
4476998,1.7587703932946745
4477053,0.46199518946649415
4479418,45.03373468078557
4479556,0.024581517948488195
4479700,53.63488377835756
4480308,18.08157714209331
4481295,76.48705923895076
4482166,75.08000477517433
4483117,24.542444501172575
4483361,0.1335043439698705
4483835,3.114537924795186
4483867,53.12256031369788
4484212,0.40762684317210696
4484310,46.117186452187774
4484324,20.96309149521848
4484526,5.533841840205717
4484620,4.931658794461956
4484663,76.04407917331709
4484899,0.025677223916245443
4485031,30.919029120113343
4485286,0.05818302835832311
4489510,0.10888362874002684
4490107,0.1609167390433933
4490268,76.52525947577548
4491143,62.182154466210335
4491343,85.99525200015424
4492244,6.349818100765468
4492345,0.3254001226270587
4493385,0.5100878889220747
4493658,0.28852630531683454
4493937,3.1810960639029773
4494178,0.7668684706722627
4494258,5.032462593048001
4494364,31.082625972248774
4494581,45.49384372878732
4494582,50.79175871703905
4494588,0.8921335903177107
4494688,1.2134270279851807
4494795,0.052868312093958716
4494805,57.88074336889365
4495026,0.05385233670371617
4497294,0.15835581564561355
4497963,0.0592084186268663
4498288,0.19252306394556082
4498688,2.2801061287966995
4498927,46.82008902717336
4499340,8.234906416489842
4499498,24.99905159762845
4499976,23.54325855716877
4500530,4.760228504553863
4500615,0.06409428727001887
4500806,0.02896924366969089
4501410,2.046725281926669
4501541,42.77902375132402
4501901,0.037903438018027945
4502002,4.614616738460943
4502545,3.7441638992646142
4502596,82.10095653590372
4503432,16.324462929002717
4503742,76.67130232247716
4504302,69.46238004947726
4504353,0.315675940154797
4508587,0.07870337126322838
4509100,2.5685508878103365
4509357,9.674361101977706
4509694,0.09921653994242513
4510263,2.130211224519676
4510305,9.173830983624457
4511607,0.15400312837127214
4511780,5.749672319701852
4511852,49.40307589550463
4512045,0.7588271322308344
4512109,0.3661405603991168
4512329,0.21426738987485017
4513190,0.030321910474297376
4514042,0.5815225465434479
4514186,4.550797194969759
4516766,63.508310638194935
4516791,0.04050780439526304
4517117,37.48373547605537
4517177,20.059900296212074
4517456,0.0650434128058218
4517673,1.9013585967553155
4517853,1.4425300325917836
4518173,0.1292226999415881
4518242,0.24306629881952035
4518420,1.905748358107812
4519633,0.45916151703682756
4519764,0.0792203581529749
4520113,57.63383026891607
4520240,4.884703305328868
4520941,41.788046705731354
4522869,0.09792458263785375
4524163,0.17619685772635255
4524952,4.846297672235316
4525011,1.1932285626559784
4525438,0.18873831225760165
4526825,46.75816564059597
4529692,0.950289514107763
4530101,12.156751217711987
4530154,1.845419086116329
4530160,3.578039336312734
4531110,61.87576696502297
4531156,4.261237809853992
4531311,63.884490229707325
4531455,43.24059054625738
4531484,53.08392178448789
4531990,0.04646088811569308
4532202,13.009127687930478
4532435,4.24110883925456
4533010,74.33630314215463
4533140,4.518533968503075
4533347,0.09545002260244353
4536637,4.1664513383202895
4536674,0.3702657870714201
4536960,12.678685947188983
4537198,3.5450219664833433
4537389,0.09205884724737441
4537679,0.38136128394728447
4538140,0.9126524877019601
4538238,11.76940469470755
4538274,0.04694618948328119
4538345,0.14868645719284437
4538365,0.19984875216153206
4538739,2.8527663956918246
4538901,0.0066771622715865245
4539040,11.72642676214488
4539393,2.9758139858826387
4539483,2.6886402018166837
4540225,0.4994652289380556
4540408,4.997497573100729
4540478,0.10303979615766005
4540661,1.3099871194465391
4540667,5.675129265378197
4541027,46.824199257722775
4541080,0.13112928488913783
4541089,2.628305952529156
4545430,58.958689344682426
4545585,7.100611354116594
4545620,0.008593599293862072
4545881,78.32417897261479
4546034,2.106879741063225
4546074,12.60695575192142
4546146,1.6700551530957461
4546153,0.8620872469812726
4546490,13.677342621925746
4546609,0.6171639041233907
4546723,0.071533962495994
4546909,0.3625947243515126
4547143,0.041428910923729946
4548296,0.4969318327020992
4548313,0.2669547501996266
4549155,0.7057244762471212
4549248,0.1363142696519752
4549552,4.2484267657665065
4549555,5.8659772969682376
4549930,26.199489226512274
4550097,3.9334063858207466
4550272,0.09911643174011987
4550557,83.6421592521304
4550602,66.3105708252959
4550747,10.28585746330518
4553528,86.92527530452931
4553554,25.664350639211186
4553721,46.944501937606695
4554213,8.049262304460635
4554219,0.038069840404828324
4554220,0.1340737841194155
4554252,48.37139244604122
4554708,1.4323406266663683
4555149,0.0
4555241,0.026158812312149133
4555351,78.43040149416748
4555470,19.92393963755493
4556285,0.0
4556313,6.297745246315422
4556508,0.0
4556564,0.227987664407796
4557370,1.5662889652681076
4557907,0.16495864248572872
4558483,79.03069182980559
4558597,0.9649500558249193
4559096,82.11877356335651
4559134,8.491613039806014
4559138,0.026445182970039477
4559208,4.540301257754712
4559338,9.483281748395372
4559341,0.3596560626416264
4559421,5.110931195802707
4559590,0.2960465183895847
4559867,0.06725473503618781
4563365,0.03128792249176031
4564292,71.88978090599696
4564840,55.268196904802295
4565032,0.13713395515552046
4565076,0.10942389331561213
4565734,0.11494173461285086
4565976,3.099480112227086
4565981,0.8770287808518569
4566240,3.7434393268231116
4566340,0.16455623447135412
4566546,0.90969222667893
4567024,0.19839039833466188
4567433,72.92668365216633
4567541,0.26016710610973726
4567765,66.5868303386665
4567769,0.03015176183074998
4568184,0.16525603854626908
4568225,0.9486177944268035
4568228,3.056500880260745
4568238,17.914269189114567
4568601,43.11426955409343
4570993,0.5688847269839108
4571445,2.357502454058823
4571518,22.515673873867538
4572443,0.4107422920491112
4572520,0.0
4572920,16.664530756041962
4573354,0.6937185842800071
4573411,1.0959613359487876
4573484,0.31133359635581015
4573508,23.158139070700965
4573555,0.6791456178667993
4573564,2.855643831427674
4573728,67.20970999469264
4573897,52.47294510857493
4574029,9.685789060732397
4574189,0.09150174307464537
4574551,76.05279522671653
4575364,71.74585993067888
4575369,2.3875651136783107
4575689,1.3531000928990553
4575968,1.5870320287514585
4576231,41.69203464329011
4578471,0.15687972177835052
4579151,0.7747195811150362
4579314,1.4622259656683034
4579642,0.1630871394264467
4579780,0.13236815392511603
4579872,0.32478365480298277
4580594,36.61323583956225
4580643,1.4231712151869813
4580689,44.850664437855585
4581368,22.2100335807612
4581528,0.6888899228904102
4581556,82.63293249948505
4581788,0.030439195596809892
4581942,0.030764738749107456
4582781,6.434537741796761
4584944,14.391573464796895
4585979,0.45638550012828943
4587050,0.049799675725653025
4587321,0.1638760139232767
4587349,0.03812424031792683
4587361,0.586924429844698
4587898,0.12332849388438442
4588575,0.8908433659333791
4588610,4.121998310727661
4588689,0.03367698704884656
4588978,7.247281837656758
4588980,39.4904828521775
4589062,0.06992737224824237
4589150,0.8793219128263118
4589390,15.166579738310798
4589576,3.84483131519117
4592475,0.03336624888725942
4592900,0.3731892421811516
4594389,0.1601054667779712
4594620,0.09272798862760849
4594970,2.1653659360484383
4595090,29.04066089990958
4595344,0.1391778681361654
4595519,0.3021884241969064
4595609,0.040741627115931496
4596631,8.673389692219418
4597107,3.8754214669453715
4597637,18.38044128690184
4597780,0.42496499899017576
4597879,37.62373922397869
4598236,0.0
4598265,84.66781032058842
4599226,2.0038494479055355
4601325,0.021961222546725997
4601637,63.400300196213585
4602003,0.083284172822855
4602440,0.3480035446489837
4602978,0.10683852688179346
4603012,2.715078127136653
4603551,21.72039398384182
4603817,0.6104595343138978
4604151,0.05635631574614526
4604522,34.04573635479666
4604699,0.20070246440177605
4604851,5.736497537073697
4604991,48.530844603048855
4605071,0.24582873975476177
4605747,0.07278198794282825
4606204,59.21907445200208
4606368,55.82249315042072
4606385,0.049607801574372515
4607272,0.10693878218339757
4607403,0.1822996928166954
4607462,0.022108885276189368
4607486,28.045894915275348
4607923,13.423454310027596
4608139,70.75209706692297
4609521,0.13897607235528722
4610675,0.1999364189371559
4611203,0.4260119309499606
4611256,0.04360095054715859
4611295,0.047410355653297105
4612341,0.3704069346332901
4612401,0.0
4613084,0.31856156559950705
4613372,1.2464572786094028
4613681,0.4313510028392823
4614192,0.119904095271991
4614435,0.13692518799017386
4614525,2.5388075181256267
4614674,0.15059323324251309
4614838,2.7138639907260123
4614905,7.573947722290747
4615631,45.68331713262735
4615637,4.471653808332358
4615713,0.47062699389692303
4615887,0.27074143219991836
4615991,7.745357051602029
4616131,21.619283170120344
4616254,13.717746698858498
4616285,5.446686614634342
4616372,0.03467232558451562
4616452,0.8900838231032524
4616721,46.843397464425315
4616759,0.09120661444779743
4616923,0.24889904358960155
4619964,13.050265402794745
4620260,0.5050312644225103
4620262,4.316892627589399
4621618,60.360483258188054
4621823,0.1657920775971789
4621923,5.588811659409502
4622005,3.8774660575655
4623696,0.07075026500713212
4623771,44.7873317439601
4623867,6.590092192814063
4624141,48.034653095680795
4624521,4.406289616401178
4624657,0.6107990613322549
4625126,9.388329366282463
4627590,0.14493351192233592
4628291,0.3244272924427853
4628507,0.5963573193915409
4628511,0.22092316354860542
4628804,2.05799556702083
4628885,0.14970498196564375
4629050,0.14313949626152173
4629138,10.183285523765651
4629595,3.055719732464045
4629685,44.35547831695729
4629726,0.08079250875255146
4629753,2.527779462864607
4629864,1.0111078598913879
4629981,24.273614551775715
4630065,51.84164292149318
4630265,1.811366907491907
4630486,0.08799074962961102
4630906,0.07469367008048777
4631131,0.22436215990345346
4631365,0.0
4632284,0.494141673695846
4632644,0.0
4632661,1.1202726653421413
4632705,0.14829053815395374
4632787,0.13139311664885867
4632795,0.8563163195726538
4633258,1.6331009583365776
4636107,0.0
4636323,0.16346887061478763
4636874,1.4382114188006396
4637146,87.24833367650466
4637470,1.5829823232972293
4637858,8.713977659694445
4638086,37.6973290113168
4638668,0.046619708052055155
4638838,18.937618863760196
4638967,3.7450678059201303
4639185,1.1369353067424004
4639866,0.04156471094273227
4641291,0.09134482123588171
4641406,0.15774785626581195
4641610,0.02550127874301766
4641843,0.5683646004473245
4642269,6.671848523134408
4642354,1.00972369556217
4642539,10.681504329534699
4642913,1.8508023914137106
4643163,0.0
4643192,0.674429638003661
4643252,1.2728402295334673
4643420,19.902626510172528
4643977,1.3286695363947203
4644674,1.0099167108424218
4644828,4.211943704675458
4645170,52.64429422596303
4645285,2.9642688841028795
4645824,0.0
4645969,64.01713606091742
4649003,56.30882642491874
4649331,2.8102396465173136
4649415,0.3733860460898994
4649468,6.475461016658236
4649799,0.09074971334013679
4649871,58.36119960720764
4650662,0.5049364777575711
4651447,6.245123561343354
4652625,0.02392969451781213
4652629,0.025024306340994746
4652729,0.03183786604637544
4652793,4.075513348732106
4653025,0.045911285449320806
4653187,0.06545798273979811
4653196,0.12112573867976309
4654547,3.004374538118439
4654712,54.470153606168196
4655098,13.792245987806352
4656361,2.749503051983786
4656633,4.824257151925726
4656835,0.21389463370906892
4658293,0.3373412159920084
4658793,0.16099241549315027
4659046,17.259193386340847
4659661,2.865327598390097
4660386,0.04004855020801248
4661464,37.35179656813616
4661662,69.80335434996611
4662109,28.180506997587976
4662158,0.34370644678029044
4662174,2.984091211670915
4662215,0.15497415755299215
4662638,0.07741274662464517
4662679,4.450913177421943
4662840,0.18969313235567012
4663310,13.073377382330131
4663664,15.952430964320357
4663974,0.011595068970044056
4664672,45.79426054750544
4665192,2.4240667363109365
4666794,0.050129663532998796
4666928,0.6742646002114159
4667148,0.016845119124605595
4667362,0.1003334257244122
4667707,0.13951061165587303
4668178,3.618956471681062
4668298,43.7178959975924
4668620,2.4487779225541266
4669962,1.3270877367946463
4671475,82.16385452099219
4671552,0.3210725116878045
4671824,12.89346004886924
4672059,1.1196496854687674
4672445,53.61217432825192
4672452,17.503481783843313
4676650,0.09776844762785508
4676969,3.862903197957006
4677002,0.4177990943477599
4677056,0.40537803993644766
4677469,0.08336689517574188
4677544,0.21906593165617358
4678487,0.1182466329436699
4678641,0.2482069595949389
4678795,0.07802538527381159
4679325,0.11417280327799631
4679492,1.9100852488738898
4679967,1.6357720061695453
4680238,1.9979022193473446
4680566,0.31936821357364914
4680752,22.22769426843475
4683432,2.2176281106516544
4683780,1.0220002805929387
4685580,0.43659153710439097
4686657,0.17310814440576244
4687730,0.07317912902450097
4688091,0.16898087101543655
4688639,10.702533501856369
4689766,0.04072790446557778
4690677,0.17919604975553471
4692471,7.035759169381993
4693217,3.326235679631326
4693855,12.53542762669562
4694224,1.3857071829187655
4694228,91.66253680182982
4694480,68.32515185978824
4694519,0.02749771601812187
4694538,58.10461987130934
4694622,7.932517271480301
4694625,1.2850167301005546
4694639,0.4296008454816774
4694688,0.10579576524057872
4695243,1.5874506858252904
4695408,0.5740063722638467
4695428,70.04527958238785
4698079,1.284368895445032
4698314,0.02773563548831539
4698334,1.9724288734254012
4698451,0.0
4698567,0.06778493731515152
4698664,58.80324498522082
4699609,1.1418152106915005
4699710,0.6669890351003865
4700082,1.3825743023677963
4700265,0.11448164569300177
4700565,2.5422429051518645
4701370,1.8201668208239556
4701414,0.07482021825071303
4701425,2.8228503584924063
4701892,0.06086439711717151
4702264,0.3731116079699055
4704513,0.36418657020441214
4704939,0.056053636111826254
4705195,61.217065460736556
4705670,17.883632225318333
4706241,20.37599726578654
4706375,0.0882918210023635
4706641,0.2577939369943447
4706957,0.15747140310048657
4707077,0.09865963174864449
4707159,0.02580993466884242
4707247,0.40222395324850013
4707262,0.06694570386037632
4707285,66.7800763793191
4707667,75.81367403592577
4708279,22.50448494951107
4708314,1.9802778367153324
4708609,3.349011617705425
4708737,49.28058526404971
4708843,0.9982692882033094
4709274,0.3564618663080081
4709477,0.14734226952621698
4709543,0.32364988110453696
4710102,72.91242884417869
4710190,6.080081220251531
4710393,0.09735893099063044
4710488,0.07558131035339066
4710572,77.08423541054728
4710817,28.50500106544433
4710819,2.4458775407946396
4711148,41.72644717181673
4714600,0.07433299707734568
4714662,0.5848914117673449
4714745,0.10598502498971141
4715621,0.21134147033056824
4715692,17.537051239505622
4715693,0.0008167870525083271
4715731,0.19590106769752355
4716086,0.004546569264459361
4716349,0.016407147189308396
4716376,4.071825419264159
4716574,0.0
4717237,0.24400395064611974
4717239,0.0
4717267,1.4707192357577699
4717440,32.60000878786092
4718234,0.7167897291092028
4718452,20.125706370051123
4718747,44.879300741832296
4718978,25.295881999816917
4719231,0.15018928578667942
4719825,0.09042108622515721
4719918,1.357130642033739
4719931,0.10696890463929312
4720086,70.07095854605286
4720101,0.7029068773289304
4720231,0.5449778896093047
4720274,0.04074332511290478
4720326,0.05790490450180389
4720349,0.19648614791471927
4720414,83.8891100539156
4720506,0.04232119646617727
4720652,1.1189454443209679
4720725,0.5741279481510628
4720783,1.8000137509679686
4720789,0.11182993660363438
4720889,78.85385835160403
4721069,0.09563284866248249
4721439,2.783593554051147
4724661,1.1245804178110834
4724857,0.07161677867142377
4724867,0.6928539457624007
4724943,0.10612851767417189
4725034,0.4269381319020852
4725251,7.4653800855256245
4725438,35.98881748845528
4725525,0.40161055934899176
4725949,4.364922403510433
4725950,0.03503667395975104
4726448,75.53907005912549
4726477,2.380702331869121
4726737,3.0505420263808287
4726893,4.847987441816238
4726930,0.020983954737885467
4727222,11.114893056384233
4728060,9.12688767183232
4728092,1.5502556726383083
4728648,15.847970550829237
4728812,21.636887331765656
4728949,0.05707929309228421
4728981,0.6070745912283575
4729008,0.0
4729477,0.34835673225174385
4729579,0.0
4729714,0.12580508393501616
4729796,0.19214121678793802
4729854,51.55424805625325
4729927,5.29269906848079
4730021,0.004614308136683984
4730857,0.16202568114655277
4731947,31.778960141861024
4733608,0.1274157916381756
4734343,2.481009516906128
4734488,3.0267356134956453
4734544,61.649294185123814
4734691,0.0
4735483,0.5433930991647274
4735506,0.0
4735688,70.6336755098329
4735847,64.49163505317216
4736087,0.06468020392015789
4736126,1.0648458980107247
4736255,17.161773922113333
4736480,0.11600635131969672
4736912,0.03993056973442458
4737133,0.9547030487057045
4737392,24.915652896156274
4737830,0.06701074951465769
4737930,0.20665766860558785
4738075,0.7311399116099997
4738229,40.31005062944338
4738250,0.0
4738271,0.3064765482589639
4738391,2.064388246360636
4738406,0.20091687828880073
4738440,6.905601960684695
4738464,0.5724235902172954
4738489,0.24502300070749172
4738590,5.829409760053177
4738646,0.5411883061115526
4738814,57.46114814763329
4739015,0.23482172329352152
4739557,2.9680074093399984
4739703,0.11382018014949681
4742068,27.20194052889372
4742102,7.562241383963555
4742384,0.5142638656873885
4742579,0.0
4743172,0.0
4743338,1.2421442609923345
4743840,27.67163002587614
4744192,69.79953190541035
4744496,6.263251335038846
4745212,0.08025559611050778
4745419,0.14754921389893882
4746336,12.812921615529634
4746363,79.0234341135229
4746995,0.07222558737419907
4747001,0.2060319512238867
4747011,0.16178124307100053
4747059,0.8529729377361207
4749192,0.013209918199171255
4750486,80.20520865695384
4750578,0.020882121458893038
4751787,1.5641642940853488
4751861,0.4670839569266043
4752519,79.67883452683688
4752749,1.9794897881168876
4752870,79.54842498457542
4753280,0.029480834393625047
4753400,0.09522523233401708
4753434,0.12619092151097608
4753571,3.0164935521159713
4753639,3.2221029526275076
4753918,0.9251804834891002
4754132,2.8618352471534316
4754406,0.03667147910533688
4754646,0.065661024284309
4755815,42.960397594366306
4756551,75.30490780198451
4756578,0.19122023440678007
4757176,0.32581715852661625
4757219,0.0
4757501,0.06385340634379216
4757662,0.5304891444905009
4757941,13.940887155796052
4757984,0.013262759025331413
4757988,2.1016687926924043
4758028,0.20553302092341677
4758063,0.41619935646309436
4758405,3.0130957749113425
4758877,0.04769240778486191
4759145,0.4480310997249764
4759499,2.481880379408074
4759680,0.8971184431804795
4759687,0.0
4760053,0.1018671623036704
4760085,49.98470604182372
4760207,1.481770893874463
4760504,0.07896757170206017
4762718,0.07868113113142834
4763342,0.0
4764120,0.4075851604176786
4764643,0.13743007065817323
4764646,0.4601824619383993
4764877,2.162090260152166
4764999,5.3350483162505435
4766198,0.07918555790934333
4766218,8.96847595313906
4766262,6.308756442021639
4766468,0.06473181439053204
4766516,0.4552337508007248
4766699,0.37285586193373926
4766819,0.0
4766903,0.02063378537245836
4767139,1.1365899970339939
4767213,54.89587623361141
4767328,8.955494368236215
4767537,45.00518003780892
4767549,1.9161022179644
4767942,5.680964340851761
4768029,2.002740626735318
4768030,0.0
4768321,0.0945728592160214
4768574,4.0965418181604365
4768982,0.07220261243193943
4771229,0.13930275207377174
4771580,0.0
4771642,1.7318932290563018
4772123,0.26511071431432276
4772358,0.23148652103576714
4773463,0.0717270831848695
4773677,0.0867830072651177
4773998,3.9520551633173167
4774041,33.81593873761108
4774056,0.7207250239812046
4774190,43.2742457284738
4774283,1.9329554464640593
4774338,2.022025628523565
4774629,0.030520955203469348
4774924,20.293292650420668
4775547,66.7178175395567
4775584,1.4791695967658935
4775614,40.59890892963451
4775995,22.260622610451023
4776045,2.0919662070612333
4776101,0.0
4776437,41.295640644312456
4776645,1.9902673728166662
4776753,4.593520967995506
4777236,6.8790353301255145
4777269,13.322309616298877
4778077,0.1118313629255536
4778260,5.549152257543061
4778312,1.4029420791119203
4778638,4.2562818134803395
4782243,0.6910690960526361
4782252,0.03191816758669403
4782569,22.29565871053342
4783057,38.93174955190994
4783614,0.5395045545058516
4783674,0.023966447504796685
4783738,0.05545549783334023
4783756,20.91531450183381
4784037,1.0735754976975154
4784114,0.035027871097097624
4784211,1.342993134413516
4784224,0.21058410076617365
4784432,79.19945996896907
4784699,3.788935158266162
4785149,4.532257538397785
4785755,3.0924747919861106
4785856,0.45909397526324686
4786030,0.03461607058233555
4786440,0.010103878763999811
4786442,8.929559733830418
4786818,1.2160857818722115
4787040,0.2573385555281025
4788812,0.09142489567892981
4791542,0.05621829358308204
4791964,0.027119244584726213
4792342,12.620210821603585
4792705,38.46862355051914
4792748,63.688967753422155
4792908,0.7894870724087317
4792991,2.362233951484973
4793075,1.9613653427001518
4793240,40.7932589907136
4793637,49.44528800871508
4793763,3.6721530852741258
4794039,2.4769453111865944
4794247,0.706264320968935
4794353,60.487977381588
4794806,6.0776691768343785
4795029,0.03048132335951039
4795485,0.13863437431289097
4795500,0.23278147186054127
4795523,76.54690200985291
4795922,2.721746239097083
4796070,35.474939734193434
4796220,3.0011268633509136
4796255,0.4909912653374743
4796297,4.663088755125557
4798794,0.02753326183664441
4799245,0.0
4799751,5.4949099562552055
4799850,2.69846143966318
4799897,0.0
4800195,0.09315445595432759
4800262,2.084033343389792
4800397,5.525255577304907
4800551,0.22648474525509704
4800866,0.09510667329219641
4800925,3.2950669186873838
4801638,6.1967294191425655
4801661,0.9428964716461489
4802374,5.654011981908776
4802405,1.3319872787999993
4802574,0.1275002917875643
4802855,0.2799787811817578
4803048,14.185198777806235
4803118,8.400342472497254
4803133,0.13362274093889923
4803137,0.2648050001819863
4803623,0.026482354720489546
4803687,0.05566680849657541
4803696,1.9153665364906425
4803790,64.1420610252305
4804228,2.3680290575346787
4804242,5.815269323523707
4807244,74.78860482198978
4807362,0.8966172935745234
4807492,2.918190219561233
4807546,8.239814521049093
4807937,0.7611558660955582
4808340,0.681864375423039
4808457,60.33474673875369
4808505,18.397491342583095
4808540,0.04832607171511267
4809056,0.03802583223913381
4809347,2.413649292854485
4810148,0.310822116323734
4810267,0.48396801628745745
4810308,0.011117133881053905
4810916,0.1167243232255665
4812106,0.35387174531201876
4812432,6.528706912067906
4812462,0.3058733189261695
4812531,68.20108014198664
4812551,77.49074794116868
4812995,2.5991942460178414
4813236,0.0
4813503,71.38919988704924
4813712,3.0712207810244894
4813778,0.36508610707646755
4814018,0.6764960510706404
4814075,0.08062002381439518
4814392,0.23395682164366152
4815126,0.1420199970826851
4815177,3.441749770073745
4815464,0.05951309461943906
4815495,2.0109610371323043
4815848,2.0438112881185697
4815953,12.441840259629167
4816055,0.026982720912050902
4816236,27.889223968658314
4816830,0.20927769139862287
4816883,0.2365357953753937
4818422,2.256326509354351
4819238,0.013503007562665138
4819542,0.030503208853653728
4820119,7.415561615802474
4821218,1.9686606090284886
4821373,0.21012469280926538
4821715,2.303370162445003
4821786,0.0
4822057,4.84228407365364
4822548,1.6368397181201522
4822557,0.028734944763190367
4822668,0.012649262255163891
4822888,16.620677239701397
4822982,0.3328487911517437
4823025,1.5055555957673779
4823031,0.2174993258063372
4823069,0.12980745639833627
4823264,0.24074917301287374
4823529,61.421317066991655
4823682,2.149008970022169
4823722,1.4172434142189123
4823901,49.25665199518384
4824052,8.675263690392102
4824146,0.06783448796683172
4824310,6.963632735036462
4824521,59.952400192687804
4824808,0.0670857906766153
4825097,0.07613485208099095
4825135,6.953829289636233
4828258,0.0488651551403737
4828320,0.0
4829029,69.22906632478559
4829281,0.13601564982964923
4829571,3.706090360468687
4830203,10.618252515228594
4830213,0.19085581683004668
4830328,0.5791949188108135
4830487,3.9511191136361465
4830727,0.031363899475029336
4830902,0.21000531454334828
4831093,0.013828212042314826
4831130,4.50411503937274
4831222,48.04408196822473
4831470,7.000399166240741
4831603,0.11856346336799034
4831656,9.813761735127143
4831876,5.188176005708326
4832448,35.72623709874506
4833001,24.235232982659237
4833056,60.44573594346106
4833294,0.0
4833295,1.1621637342260511
4833414,14.908650500425134
4836517,49.627956172892766
4836824,74.79046668206605
4837158,4.238664462854221
4837813,0.04442793687446919
4837935,0.08910391598000565
4838124,4.020025694300579
4838260,0.030662654038753522
4838309,1.7139271956184674
4838523,0.11001116679720056
4838536,0.03509570174633951
4838757,0.29426528737000374
4839240,0.04369754389364368
4839805,0.05542846599019965
4839932,5.189726680911757
4840772,2.5113263669873276
4840841,0.06891767921951615
4840977,0.10519704638053401
4841187,4.024395286543995
4841248,0.29280957473740804
4841843,1.6694200060890863
4842054,19.31041865283608
4844012,3.777155297894279
4845032,0.02592868420851944
4845083,2.1064854966535504
4845155,15.72918685217254
4845702,0.7353355167296814
4846095,0.07886413993163795
4846122,5.48854652843888
4846138,0.12485438807024249
4846198,0.0422547122983708
4846411,0.5292011666618675
4846684,7.089277826122133
4847616,0.04677203161114258
4847624,0.09182034266006397
4847648,4.426258286416457
4848798,6.498630783839969
4848854,3.2729815157413054
4849173,0.01707863773472225
4849266,0.06901154544420078
4849390,55.267877855184906
4849603,1.4414800384857114
4849641,11.54522048165112
4849885,0.1825222610168182
4850106,1.9626066114722043
4851057,2.0144475327469773
4852773,5.6658522432741085
4853096,0.05581996401696454
4853287,0.04539680128151653
4853437,0.710893815575496
4853563,12.392160319650365
4853870,0.20349325877346666
4854224,0.10175898455865251
4854227,0.07310159776885067
4854417,4.364574096682576
4854732,0.053413235695143384
4855303,0.14050183157661367
4855570,0.17244704926265042
4855682,5.304896140390965
4855986,47.84580110467267
4856083,8.879070622424464
4856293,3.556717156473249
4856339,9.53032329447793
4856373,84.64164884366761
4856465,0.0
4856693,0.0
4857027,78.1627290366124
4857614,13.830487051838796
4858305,0.0825602349196453
4860430,9.023483921016728
4860876,28.98475787806402
4861046,0.03756787836489757
4861533,16.628106918180514
4862061,70.32770774486865
4862320,1.6604035868742912
4862702,7.778380997407517
4863176,3.3542445385971678
4864105,0.05364274679532761
4864856,0.06284089193835445
4866285,4.322234597181584
4866426,68.12855505019054
4866620,38.15809632459998
4866875,0.12235175382081714
4867016,1.4238851397761174
4867042,20.451648098677303
4867504,0.029589518253030092
4867749,0.06313835027849188
4867790,2.954332428689571
4867907,0.007581680818677567
4868023,0.09011363507395717
4868150,2.924866516213989
4868220,0.07022662525591558
4868434,2.4509165924076934
4868498,0.9609889938650691
4868692,0.28581987081798776
4869370,0.5193348396013439
4869988,43.77152357170642
4870239,3.7072739572138107
4870944,0.007277517429777427
4871477,0.008817797305842437
4871590,0.6353891629276677
4871659,0.0821127323659243
4871966,11.97914368628432
4872295,13.376812576978214
4872499,0.03869194933881219
4873223,0.38076133222662983
4873699,0.06802456664793083
4873774,2.9241338503472254
4874176,25.9397698408832
4874206,0.028596265906339683
4874334,0.8995529082732042
4874363,75.8615770091906
4874401,0.023029585048088056
4874990,0.057881022229351056
4876404,0.0
4878481,12.180640038155104
4878501,42.527774517554796
4878737,2.539086772124228
4879114,0.029536739752342868
4879165,10.793496731698172
4879332,0.10525026837478281
4879530,0.026185499589353116
4879728,1.1373078749011565
4880277,65.52578469834971
4880365,0.0
4880542,2.1850540276009323
4880811,72.52776313375995
4881131,2.883049240614113
4881551,1.285037882980583
4881989,49.78700183934916
4884465,3.5186983247678265
4884601,0.032855491256493015
4884661,14.611849152718442
4885240,0.04135323871817238
4885673,8.644691426175545
4885832,2.8631752073094883
4885966,0.0
4886334,0.03342779250074315
4887246,6.219908991453468
4887255,18.30600551052241
4887417,26.206770363208413
4887473,6.740637414627417
4887727,0.11277726616217906
4887774,0.0
4887835,75.89526878349737
4888040,0.3441871542672532
4888112,14.351161750858731
4889948,3.4809354580807703
4891378,0.17639778262992298
4893309,0.14143470235007707
4894009,1.3954687255926903
4895881,0.47496517905603286
4896619,0.3445910227449609
4899352,0.012412382262500393
4900630,0.15532382408356765
4901363,0.009990504347481092
4902912,70.44131423911699
4902967,66.54860344916531
4903029,3.6017956350484552
4904582,4.068337477759498
4907206,0.05532687942836265
4908032,0.0021441673407565105
4908223,54.36007527164239
4908335,0.03454628531660528
4908418,19.37209386194979
4908634,33.47307841451093
4908717,0.09626825594003445
4908922,0.22573173133545485
4909388,6.0301122375156435
4909427,0.46280517605823307
4909949,0.1386256399410672
4912146,2.3269385277000683
4912206,0.06856990018021115
4913277,2.6193357187631747
4914221,1.0684343915788064
4914545,19.55192499395361
4914789,1.05974209810891
4915217,0.03956303268943784
4915953,13.948157614914109
4915963,79.82538274473457
4916223,38.196926313781105
4916287,13.088520519676115
4916323,2.584395669675518
4917151,2.411251861732917
4917519,77.49952495195949
4918092,8.569450411548576
4918117,2.958567227646071
4918466,1.0435865672413094
4920912,0.037982230487607516
4921514,2.684463873776585
4922217,14.837597883011382
4922476,75.41896062604384
4922578,8.449470897775141
4924286,24.73756397654419
4924590,0.02260965562538522
4924816,0.06047461636854567
4925277,0.03962386040624897
4925278,0.002095648912922316
4925368,3.143423547534522
4925545,0.13959647316533513
4926024,16.599727172326283
4929108,5.609981464452025
4929275,0.05823823533254899
4929917,2.461530176315387
4930306,0.08202204347493651
4930613,0.6185898434233005
4930683,9.612522555607455
4930993,0.2779404971532887
4931132,0.07980005635441198
4931276,41.32327606114305
4931807,0.1514975362199036
4931962,1.2399809038729561
4932075,1.0947933887333388
4932157,38.15237740963457
4932714,3.223371218540833
4933043,0.44829627074918466
4933387,3.074552070042745
4935058,15.874836990946248
4935544,79.15212919207562
4935653,17.544333416962612
4935717,0.026324619905222908
4936091,0.31651389799967194
4936239,0.024635454426550088
4937401,0.0723074571703392
4940073,10.517921925567864
4942985,0.032587321121215714
4943027,20.780559308134027
4943086,0.5965095587820579
4943244,0.015016967715044866
4946510,1.1552845540791803
4946907,11.111712527496444
4947210,50.94739820151112
4947323,0.0
4947515,16.28526914233508
4948325,1.6701922193591754
4948345,0.10638730994539124
4948376,0.027830140615328073
4949866,0.012139210658401366
4951029,80.11801055566981
4951293,17.862301426167157
4951402,67.16314731381003
4955638,16.248112454354512
4956258,0.07961553437703943
4956451,0.12866315707308726
4957037,0.8293136220705901
4957395,2.5165894925285084
4958134,36.82365661517632
4958223,71.54947768483811
4958625,0.40835960607322513
4958697,6.610892768170004
4959569,0.4239886801130833
4961949,9.500146561095772
4962537,0.6239156115919046
4963349,14.284691569044153
4963511,2.9808450705279026
4963900,0.002962961200044071
4965152,2.136324933613599
4965865,29.686286558017652
4966041,45.389187468353796
4966559,0.36229409906089544
4966924,2.6558669202969423
4967004,4.125312374499627
4967272,36.64665221744261
4967289,64.33521013569612
4967738,1.0332976753564598
4967976,0.5937186458654921
4968633,3.0358152302892565
4970846,14.11579580207018
4971196,1.1442688140088035
4971951,4.254194054346452
4972979,59.48494853642824
4974298,49.51342196682163
4974583,0.024621997570618608
4974744,1.018397148869358
4974843,92.0
4976184,0.06418659084582753
4976218,61.32473407447603
4976450,0.39990037700217157
4976558,1.3560743733127956
4976848,4.3894196028295225
4977140,0.10267823721846073
4977384,18.69845935907086
4977449,0.03679808874973672
4977716,44.76634887237661
4977744,0.05636032817978634
4977906,2.41974384563316
4978021,0.5509382034650521
4978214,5.256198107576624
4978363,0.0
4978630,0.0836321153037631
4978798,0.007522021329707145
4978905,62.94643294557698
4979790,1.8718124860334084
4981192,35.88384717885874
4981857,10.52284024265419
4982969,0.1418551215978323
4983691,0.0
4983830,0.6245381262391034
4984907,3.1762962341853287
4984951,11.342785420856032
4984976,6.4874231762249
4985504,0.14687363021601507
4985662,89.54477941202673
4985759,1.80856398428662
4986926,0.14595302666986473
4987197,0.3237595993396033
4987238,12.487239886002797
4987950,9.494549825929655
4988633,71.60848030158634
4989054,16.858844004884322
4993488,10.83171823776457
4993692,0.0
4994058,0.7454457447604707
4994318,15.922797880168291
4995721,0.0
4995993,86.96832282525922
4996027,0.1923685808674231
4996333,1.0274966498582716
4996481,0.8416075213919276
4996712,2.655975448491975
4996877,0.8556565644795209
4997688,18.632421612440215
4998103,6.987131177214255
4998386,0.4216920474311939
5000964,65.80722505347549
5005539,0.0
5005766,47.43747496585991
5006113,2.879854930069918
5006545,9.014158092124784
5006927,0.021645003317305195
5009206,4.091378603208246
5009768,60.385409644723715
5010729,82.61483455287
5010895,1.7028230597040754
5010923,1.6219302914796154
5011234,4.117886209218301
5011499,2.2448765803501622
5011693,1.7135111181157436
5011893,0.15805935545171376
5012940,0.0
5013258,2.558047068395057
5013302,8.272225236651765
5013403,0.22843736588760605
5013556,25.27123685246243
5013797,0.36152298668887944
5014388,0.9274734651265597
5015281,0.24631571136269892
5018013,36.63799244425598
5018864,42.64783705707311
5019183,0.04701433416169305
5019531,0.5409659922235525
5021376,58.528022143333516
5021777,29.47650252654925
5021811,41.343807435637444
5021925,2.2913360989436806
5021955,0.09371368951775466
5025333,0.19571693338780857
5025771,0.39308714978128695
5026525,0.25517321865820597
5026612,0.0058719101642948435
5027162,0.5598577273894623
5027640,0.3775384270420986
5027790,0.07195119600728482
5027894,49.59190428941306
5028478,42.87444581129449
5029204,64.7682876079897
5029559,0.0472506729499563
5029703,36.40884903872729
5029887,0.2729167189133138
5029952,84.80640837930171
5030339,53.024101928987875
5030783,0.16409298083742646
5030922,0.020757042823083587
5031539,0.05160930770432662
5031569,31.6325461402591
5032074,1.587733654506601
5032779,0.10830462342320413
5035609,26.57464865959305
5036008,0.27572973385494637
5036261,49.60091552949224
5036776,2.9124677521099525
5040443,7.652616994897932
5040653,4.918871172769712
5041165,0.0
5041296,0.021214362182389687
5041729,0.13281679955332615
5041891,27.69396154290495
5045734,2.3470074604849067
5046189,7.948467463135706
5046894,1.8979678587080409
5046906,0.021866352530320373
5047608,0.08547889563942619
5048481,0.20724730059292754
5048487,7.367928796026186
5049113,0.0
5049575,2.480725604864782
5049853,0.10304952096866246
5050156,1.7529964132052482
5050586,25.767068615817735
5050587,1.2783474484930004
5050664,48.363269816232275
5050936,0.028559910342758607
5051065,41.20024110066395
5051236,6.411390994730741
5051551,61.743516532846506
5051691,0.0
5052112,1.2696817653443193
5054858,0.014918243814765949
5056895,0.0
5057533,1.1573643237102622
5058058,0.19170612357302516
5058359,1.4546952782055305
5059370,0.023761672888372866
5059402,0.02557322287283927
5059819,7.521927238382064
5060481,0.030525426857896887
5060771,0.06453755586680746
5061165,77.11454625253987
5061178,46.06929105348369
5061309,43.57519510621337
5061575,0.6924213407452169
5064648,20.330084370927683
5064921,0.8227237324167553
5065627,0.5688442652923289
5066883,0.3348120454315182
5066963,0.060332286258174446
5067529,0.7695234734036085
5068125,3.709936705449852
5068640,0.1660606302434176
5068702,39.2601381866486
5069131,3.1041049721679124
5069145,0.03648096301835365
5070378,0.0
5070914,21.284544123677822
5073851,6.348994040289444
5074322,0.029729479405462108
5075441,0.021039417365754664
5075530,0.07371115918944006
5075659,83.33653144519745
5075670,0.5094798483431601
5075810,0.3240511755965708
5078232,5.071216465383606
5078724,77.86831822238446
5078828,2.834460259304015
5079124,26.171726911195574
5082892,0.0
5083417,5.124338409913686
5085935,46.054981013894064
5086034,0.10738836775198898
5090974,0.06123691490102204
5091056,5.37626809679092
5093174,0.10245748087096643
5093690,0.322856303020359
5093803,1.3273205343757488
5094957,67.75549076950897
5095468,85.30845555916244
5099475,1.4846071419953353
5099709,0.1611237437504957
5101758,7.563170101982203
5101761,79.39242538023863
5102052,0.05160363923889529
5102132,0.10831001667908297
5102389,67.61094622821633
5102954,2.6250558351255457
5104489,0.20960356793894225
5104668,0.02089192589645296
5104964,0.8981435706419844
5105164,0.046313318545058026
5105632,0.03446522855237995
5105768,49.54610309920288
5106041,34.615831375409805
5106214,2.2731594033588465
5106252,65.51497141489475
5106749,10.660031981808237
5112097,10.53974380701442
5112311,83.96872451912571
5112534,0.9678675852173688
5113756,0.06192810652586315
5114347,10.673702197258422
5114716,0.39408238860330114
5115736,0.22869441501256044
5115952,0.3875538348893011
5116234,0.7595472087802835
5116726,5.8077764383099595
5116982,0.08418347756051024
5117177,38.55579679073097
5117339,12.528704286740568
5121847,0.1122692500778124
5122059,0.05199367145882526
5122518,0.14016581365325498
5124475,79.42977183409126
5124825,0.0
5125207,57.37038708739648
5125217,0.7714102566201352
5125575,6.176588117869993
5126391,52.869028676104236
5127625,0.12532243213912855
5131879,0.047555971993065944
5132555,0.5578465618598718
5132986,0.14100560554469424
5133155,0.13794561228926616
5134401,2.100295846477565
5135131,0.0
5141783,55.30080977566055
5142888,62.73850493812812
5143406,1.448061089132813
5143762,3.5568939129308434
5144478,0.05547024002744109
5144782,0.0297951391408914
5144917,1.478754328633199
5144979,8.739021155124885
5145439,0.07223481432580711
5145759,0.21820346475724378
5146173,11.864906155747512
5148859,0.44294523585601164
5149368,0.034226943873718337
5149930,24.164693319400783
5150489,1.4231526129439571
5150756,28.81626552562471
5152064,50.380492433670284
5152230,14.476526881541194
5152375,4.336956166074996
5152875,0.12860054631621454
5152924,3.2430687735861747
5153294,0.02155936676879407
5153500,20.7463820566456
5153725,0.022988890573781662
5156902,66.12532403900056
5159722,1.686997666932253
5159853,7.280803874659227
5159990,1.7240476722545985
5160363,0.872285143401038
5160871,15.600270843501331
5162470,21.612655012982703
5163198,7.5796114862377015
5163428,0.30723462341976115
5166769,0.15894580642287576
5173154,0.0
5175054,79.70774790741883
5178868,2.9550060049923497
5179493,0.03564379346698846
5179986,18.073486684547163
5180656,0.06694245235407761
5181488,0.022076220887941336
5182519,0.19365522527417814
5182846,0.28849959796342517
5183778,3.3284527293890265
5183931,16.25119174183235
5184145,12.622855367408333
5184230,8.422406231000435
5184441,0.7992752916827969
5184571,6.358261612297664
5184738,9.53842785283465
5184986,0.17468554862587732
5185539,14.263997012884127
5189640,0.1570156551898979
5190411,0.11868569128740658
5192219,90.4710768055738
5192459,0.05936810438179728
5192765,10.499391704758533
5193020,0.6759019947126423
5193421,28.347563103070502
5193748,0.3008569599892205
5194346,9.033049973645799
5194812,71.46153892493204
5195831,0.02182763140750079
5195885,0.11237835885902027
5200018,0.8951589860303464
5200203,6.5266105783667525
5200433,0.10509305706334109
5201371,2.536437628674073
5204141,0.002678539734487323
5204719,44.702854282009405
5205123,11.116110768724951
5205454,4.417017286530384
5208009,4.238985869262245
5208784,0.43628656966238544
5210757,2.2219189100635366
5211090,0.024923181438883037
5211479,49.96075148800796
5211902,70.85057627245214
5212051,1.5330422892797706
5212133,0.0928214674228704
5213086,0.6166780411924857
5213963,0.1630679923935998
5214511,0.1778889367622774
5216799,17.75065567928586
5217359,2.019546243215598
5217507,0.37735660168576146
5218189,1.2339603189627424
5218535,0.2578049163431347
5218768,6.749804563238445
5218839,0.47689622152544764
5221073,68.1378280504513
5221389,31.63908751054299
5223919,68.53240323877642
5224210,1.678981455525889
5225088,7.703585214148871
5225343,45.88392602700592
5226844,0.07651695009830152
5228061,9.136741295498306
5228220,0.06867040708135529
5230031,1.6359800588710796
5230712,44.493508172327445
5230764,2.3566090359895444
5231014,0.24514690596075853
5235742,0.8271608544753517
5235795,77.58404281717935
5238378,5.603934093651083
5239459,56.12263061587757
5239658,2.6693180771647924
5240837,0.2553626223073374
5241294,0.0023244393464245706
5241757,7.8916541344147
5241854,0.6470279489401578
5241870,0.3521048154223793
5242017,58.29817764639334
5242070,0.05330866610581237
5242131,0.8720557951734828
5242535,0.2748984645089773
5243259,1.4510538740298764
5248636,0.6718025529715863
5249202,1.4534705737828078
5251340,39.05087942005539
5251624,0.08843292237918522
5251686,0.08126392644501745
5252225,0.06335206528295895
5252559,77.28619587659786
5252792,0.055345489424849986
5253423,6.486425739590084
5256714,0.5036078336034866
5257237,0.021020741775032683
5259062,0.04005123861123504
5259131,5.481974257918599
5259767,0.044889117055510325
5260322,0.09190635373953847
5260386,1.0084153834460448
5261014,0.2833404135693951
5261209,20.828660441753673
5261865,2.6661087659518126
5261913,88.05072607284185
5262509,1.9273673437198298
5265475,72.83700895109554
5265614,6.1256706743397045
5266524,84.73074818825326
5267506,0.09871888985351371
5267509,52.442305454196955
5267542,10.99137424588108
5267544,8.574058296281914
5267773,0.4298451032559923
5268030,41.40277429714151
5268045,1.8304709851526266
5268818,0.23909996090647176
5268960,33.87764219402555
5269143,1.3840927139038548
5269784,19.220939768290645
5269840,68.51771228448479
5270589,0.035016212582776825
5271192,0.08304849250638364
5271500,3.6013479090080756
5272504,82.63928031542625
5274268,16.733523675134517
5276050,1.2036400162486907
5276396,23.343052565912032
5277242,1.5149193742203075
5277547,0.4499786578679074
5278765,0.15492474763391348
5278810,3.950875454719396
5279720,3.0861500666064274
5279758,0.14202328556571575
5279812,4.555055552696795
5279925,1.1944027907201809
5280429,38.03238451107096
5280615,0.7372481050016789
5284048,0.8460123043325463
5285240,8.334486646948983
5285358,69.68335969654275
5285553,12.705145246922688
5285674,0.0
5285867,0.06841937421631898
5286096,2.6100862660888224
5286711,3.8219893717009827
5286986,0.049492407684644364
5287414,4.784456132489738
5287485,0.5134215711637446
5287559,1.4283899788014105
5287643,0.06902540328990919
5287819,73.54085331548697
5291784,0.18962823851650515
5292764,2.350166209548034
5294260,0.3282781401685937
5296254,15.591378023101983
5297389,1.9499418937268247
5297660,0.06605311136692534
5298139,0.7348157240709713
5298299,0.08001369021441038
5298356,3.1916272182424907
5298458,0.0
5298896,3.3137911584219415
5298970,0.4942559951805221
5301003,50.608964131969365
5302719,0.0712131231658154
5303927,0.0300692316801282
5305288,0.1396036992833132
5305524,0.002319994187170779
5308047,0.644502474953652
5308117,19.260283750136846
5308466,0.32015482895895087
5308506,0.1401992421384312
5308539,0.836319359081004
5309621,0.25528332350403116
5309634,4.136431068506873
5309959,12.776942481637894
5310464,43.83162037450626
5310859,24.103616001469515
5314883,0.038099966689905805
5315798,0.053818189976953985
5315955,50.56110692092258
5316266,0.07819931640288383
5316660,0.18533253912999814
5316741,1.9410018979339116
5318322,25.0336163932828
5318845,0.024380800154945613
5319319,8.327863850217412
5319408,2.0181367977682965
5319637,0.7449981964234889
5319785,0.10408792656069689
5320267,2.2959697770295056
5320325,79.36588441028866
5320983,76.57901106168345
5321256,0.10020801147678277
5326138,0.5130802955730785
5326835,60.09844973716178
5326989,0.0
5327035,0.06375783728671243
5328185,0.1561108362108222
5329077,1.302878794104536
5329548,0.6227286220916074
5333452,0.14657362472132393
5333804,36.13287045971276
5336245,0.01502437874647164
5337757,8.484784572443527
5338293,18.69906428590804
5338885,34.7439636261265
5339915,86.56253474342755
5340020,72.82444275117817
5340262,83.16451805436448
5341379,0.0
5343122,0.236431762722869
5343821,4.840673830575896
5344281,0.46257947040699
5344850,3.6492305985732436
5345498,7.520699341451324
5345731,0.0817886345753824
5346665,0.21208225241818784
5347051,1.8106950162766382
5347479,80.92954490557969
5347776,41.339398187544646
5351702,50.01263319898218
5352301,2.119453648574508
5352802,0.4520135841973915
5353431,0.0771119364953375
5353509,11.808168896029441
5353612,24.839497465769966
5354632,7.119582154117475
5354796,71.26032475244207
5354979,0.3529398936027046
5359974,0.14552973057272614
5362279,17.59783591200489
5362461,1.0291598291186246
5363078,0.14526988945824754
5363210,0.5900003210028261
5364134,47.701339207936385
5364175,0.4726196401415288
5364228,0.006439948869014923
5364956,35.37113362599281
5365319,0.6334808157293802
5366126,0.03216969541296462
5370580,30.927637239788186
5370956,24.40420633079083
5371052,0.2659716820665941
5371463,38.24022417478641
5372082,0.12173713111736825
5372712,0.0
5372777,9.09426491897669
5373645,78.55514193677865
5373674,0.7943415536796646
5374226,10.755958510711888
5374901,70.44086713100126
5378919,7.695639601759452
5380048,0.030354186146086617
5381203,0.1912464934955684
5381209,2.068127231408642
5381230,4.1033371957523626
5382755,0.14902587687044128
5383235,0.06756227676870002
5383336,1.3753721598376347
5383841,6.147475019559573
5384337,61.16826280861608
5384971,8.283142519660013
5385793,63.783876618729046
5386100,6.63962619177715
5386242,11.470696989427369
5386846,2.572685304361348
5386890,22.463079464138282
5386990,46.4413719468526
5387217,0.0
5389907,1.3236332478706205
5390483,0.06385792491570674
5390738,22.273371218955965
5391140,0.0
5392517,0.160135331331513
5392891,66.19526604421354
5393359,3.448084174168311
5393564,0.4977344158477075
5395295,77.9453859095785
5395679,68.82011456239698
5396516,0.2756176432910064
5396671,0.1532289093528572
5397133,3.152388188330251
5397292,0.0
5400549,0.06977501498520057
5402583,35.64094357493821
5403109,0.9418192496843123
5404627,3.0522748209574218
5406041,48.93236768435674
5406067,32.84832209096464
5406143,1.6761761968839008
5406187,50.5436255604858
5406389,0.027479565351367786
5406556,1.0480271707401017
5406581,66.63886416866028
5409372,0.050902591650307305
5409427,76.2823228910356
5409725,1.7571195528827872
5410067,54.79558817861138
5410258,0.06593999439160912
5410899,0.2984127501929731
5412350,0.991899836531423
5412567,0.10685758726035653
5414178,0.06121019421858641
5414344,1.2064806600038527
5414458,2.551914862974321
5414503,1.7904876403459524
5414508,2.2620964151872935
5414911,61.255362545780585
5415365,5.761708046058757
5418807,81.13456565747222
5419405,0.1541943865412558
5420966,0.15958050992010828
5422535,78.55421006406513
5422832,0.03635267600871036
5423117,6.960419743534973
5423159,3.776092670251254
5424042,68.53456024029065
5424346,1.9053227156159087
5424359,0.21359113957534245
5428573,1.2467793661808517
5429769,0.03223552283074711
5430658,0.33071872455531937
5431845,15.098010042529618
5432178,0.6738026996650325
5432659,12.768798182174226
5432930,0.1223745174461101
5432938,0.024195627062505554
5433238,1.6537913930041173
5433746,73.3746196494084
5433766,0.6158333801326241
5433967,83.43425786942151
5434197,50.44261976031748
5434655,0.1320831221527287
5434678,0.22691824833561106
5434688,0.619707764433253
5434754,0.6181369075985063
5442313,1.7486195226815358
5442386,0.2009798205785443
5442426,0.222852217691015
5442977,0.5838178091982487
5445314,31.83067278530324
5446675,1.2744769589134108
5448644,0.07112807604318395
5454346,0.265544751461129
5455353,17.122595167887926
5457400,0.4526635133981584
5457860,73.82549860394052
5459693,0.17703734868167909
5459747,12.340646960028119
5465079,80.54136731749715
5467075,28.760199945767653
5469274,2.467142009590083
5470125,1.471236182987327
5470186,0.10549733153408944
5470215,9.737539679296058
5470350,1.0700187728913075
5470363,0.08074994251752736
5470531,5.1000818853442125
5472109,0.0
5476046,19.9525064223813
5476474,2.5198306953692002
5477034,0.023592335998595847
5477378,18.65194118112699
5478741,12.228595089621043
5479460,34.70296964832207
5479614,2.741015766188664
5480100,15.17061671993475
5481032,6.730412748761821
5481351,0.0
5481475,0.0
5481762,80.21020694828609
5481978,0.1009712157396904
5482031,0.05840406144322656
5482154,71.12406057200076
5488307,45.95317161074221
5488788,2.5163968325454893
5491063,0.6839770676397784
5491317,0.0
5492717,69.49853564733394
5492776,0.08718465116882423
5496999,56.491197895495425
5497654,2.9213575388468467
5498089,52.969571202043554
5498131,0.13808774912835836
5500426,1.457598831134149
5500740,14.154506696865583
5502264,0.0
5505535,0.813426739659916
5505592,0.02358674741110383
5506083,9.472432133965869
5506438,0.29968405776205875
5507784,0.5283123883230093
5509001,0.034977978899279887
5509665,6.482014551681157
5509771,69.72222781692082
5510725,1.313877761269796
5511067,1.3713315374274864
5511588,44.84945222190427
5512068,0.06404886627838383
5512118,0.0382609709854794
5512274,0.1458798392834637
5518116,0.03919585860172804
5520695,19.385265910439735
5520934,2.830795707093824
5521689,0.12197711453975939
5522518,0.3088583651742505
5522519,0.015688730015159268
5522642,10.859530341006328
5523876,0.5197554293814888
5524115,0.3609461571375118
5524262,0.14021939291039806
5524465,0.08816262483721016
5524488,55.525088977332416
5524942,47.855458219713775
5525186,0.18821758972539215
5525510,12.623566314149526
5525612,0.1424504006291021
5530878,1.5484676030192794
5531170,4.597680964778734
5531407,0.19023426756037234
5531649,21.451044252283886
5532582,8.597094881207132
5534747,65.55749438228301
5534795,85.00316486496432
5535142,2.664541002616562
5536390,0.07446563032596665
5536508,50.97233858461255
5536560,1.0810472915145173
5536998,33.98803878883864
5537069,13.885021894195617
5538353,1.0920670298973587
5538410,0.4109125904052826
5538720,27.505741601409063
5543210,2.5968273471444006
5543996,0.06828735806431747
5545470,78.28191949988873
5545629,0.025907216377100382
5545876,1.66386431418396
5546217,55.15434893549046
5546748,0.14626327791909793
5547367,25.072609825332915
5547802,51.322037483209115
5548710,0.389177166811606
5548943,0.11039005391638272
5549688,1.3632539101463734
5550236,2.038519704397427
5550377,0.6208381545985069
5550492,8.758252515159096
5555405,3.724931072537277
5555926,0.05640054255885976
5555971,0.0
5557091,0.0
5557097,63.93452799287808
5557133,64.42135382441874
5557135,2.318404818898208
5557381,82.18208758196765
5557684,4.062290994251144
5557903,0.07746681445395089
5558079,0.6402527566649016
5558179,0.08473996591829949
5558242,4.012557265468663
5558596,25.258915412042683
5558747,0.1290993845896656
5558981,1.3661549091294005
5559015,6.156539687115259
5559332,67.38833074539453
5559349,0.09466526048611557
5559559,6.6334329591710555
5559758,43.413102489116255
5560024,71.56055753148536
5560028,0.03716042183637511
5560165,0.439333286413381
5560227,0.04555760297060021
5560235,1.986255464060544
5560675,0.03334096663403739
5561046,1.2705249690047666
5561355,1.4617434965802045
5561693,0.008722409886187815
5562394,0.03350371441609466
5562412,0.14780284153906117
5562420,65.1453324464424
5562477,42.14159763458326
5562710,78.30068535468381
5562775,15.704733241091272
5562799,0.19816749726249935
5564891,4.09054467329508
5565638,55.507288356268965
5565799,1.727890699636709
5566792,3.3263856077124685
5567220,28.05552477015783
5567278,49.20050125042564
5567361,83.50271042418412
5568524,0.32571960309152814
5568574,0.05972918542500171
5568799,10.291090079155474
5569464,0.06693307808306369
5570633,2.58783952155567
5570843,0.09463156499127727
5570957,0.1263681714746818
5571716,3.268596365722137
5571951,6.508361717377759
5572393,0.8818888921592473
5574012,3.2733126914475825
5576670,0.10292143556361387
5577006,16.75030929237024
5577856,0.15865161068455536
5578475,0.13361124361216759
5579123,0.10599083559413912
5579147,0.12976294592151902
5580236,0.13597492713071357
5580648,0.0785436639287578
5581442,0.0588397573163095
5581522,0.009353661139073889
5586571,14.157699443144569
5586877,0.09796305140960648
5587063,0.29301900669253195
5587534,0.9444215979090597
5589159,56.880873208296414
5589222,4.386647041460308
5590348,0.7818798348980974
5590400,0.02912482077426974
5591026,27.815336112956462
5591612,17.11162302740329
5592012,9.54870005392896
5592034,1.8906298543098454
5592647,1.028239238227047
5592693,6.815151313495572
5593057,0.05384492868165024
5593975,1.656367030550393
5598429,8.152434306613724
5598741,0.016325579612077024
5598992,5.845071083994997
5599109,0.12367488912176386
5600614,0.07778430651104748
5601059,0.2719245369036906
5601147,0.04645438207529896
5602027,0.029654248372383556
5602097,0.0
5602369,4.901440732849507
5602494,0.06148357563967889
5602515,3.8548650977670342
5605209,70.37606890754085
5605822,64.06926033355491
5607094,37.44496434734905
5607244,0.3126968411415579
5611993,0.060438264669645914
5612231,57.22570238545168
5612772,44.32310210834587
5613334,0.026957263078747982
5613443,8.276072040983317
5613572,0.6476795424089125
5614816,4.127223583570386
5615531,0.03961619762256286
5615949,0.0
5616298,10.195820796718994
5617565,0.017129595560843643
5617698,0.9291332254951703
5618280,2.9998059557988466
5618865,3.6242407979596716
5619141,21.895036350362837
5619412,3.6456591565549674
5619696,0.0
5624179,0.3222177829316754
5624616,3.3494790816873232
5626957,0.14291511259392287
5627418,83.14846658573283
5627898,1.5019998024903232
5628013,5.774756649018615
5628539,1.3564386484049915
5629696,52.52848027873841
5632187,0.11937533204595244
5632195,13.565122122333586
5632551,0.3818591285830202
5633469,80.46395770253925
5636282,0.8203089789003212
5639029,0.2677006943234539
5640839,38.452977616731545
5641644,24.102422055948278
5641857,81.63224801118974
5642537,0.6560928280509989
5642609,1.3867260486887378
5643121,0.1485189539882215
5647101,1.074424482195125
5647213,0.006769399966859628
5648836,1.318596742106992
5648853,1.00645653211796
5649058,0.0088392459391654
5649741,0.0
5650386,1.6758311344854357
5650479,25.826326303149354
5651344,0.04286249332329266
5651523,28.15191525027928
5651944,65.29631228818633
5652542,53.9138024639171
5652654,3.56985302119186
5655080,1.3594933993042104
5655462,14.035781195789092
5656524,0.013669083628233002
5656740,75.77305320052528
5659626,0.18674167057080693
5659630,5.238995925127508
5660349,0.04160202655302873
5660972,0.0
5661080,0.8030478622203647
5663222,3.387851505408826
5663909,9.447722404396396
5665661,12.237867424737932
5665717,32.145135277818326
5666127,1.8060212536606488
5666270,0.009342252682003617
5668481,0.5771012109504187
5669670,6.041053702530021
5669995,82.3739872632755
5671406,3.1973202140614214
5671549,40.729023044098916
5671922,1.6709130739400428
5672471,0.025765037078019186
5672879,0.09222430862600167
5677210,86.63530564732173
5678143,69.08231126428183
5679209,0.10206015483722397
5679693,41.925618110268495
5679837,0.34487460519197977
5680505,32.061845025902706
5680714,7.143295418652352
5681742,2.598090487060881
5681778,62.14634223025268
5681914,46.96576125109616
5682277,0.18662020402983678
5682787,50.52356477334127
5682992,0.024240289106159215
5683160,62.27244345237513
5683212,47.422962171350775
5683505,9.085360095621711
5683737,18.45957738956241
5684147,0.16699156076642577
5685306,70.74985981569668
5685334,4.882925786666171
5685801,0.6270707033028365
5686255,81.61747171756448
5690718,0.10544037574217063
5691265,20.57080161326357
5691347,1.4015062624321992
5691755,27.407187837955046
5692212,1.6949524925025403
5692492,7.279126356193921
5692899,35.76013703253223
5693879,7.634023073787576
5694134,1.3316762984456887
5695509,0.0
5695523,25.22956882643821
5696062,0.8597199122235957
5696100,0.5491896998804747
5696723,3.085573814267218
5696950,1.9463943062842128
5697729,10.532180934123268
5697857,0.9004893010590068
5702463,4.868383406082556
5702479,0.947164805289376
5702904,0.0
5703259,0.2022024665363536
5704852,1.2001302611235194
5706045,22.54946544916104
5706259,5.782064936986177
5706340,0.0483100865078267
5707249,9.184319679869631
5707653,6.52933408010921
5707711,88.35046012174895
5709309,0.6612676230720759
5712004,0.2523045760730126
5712663,5.665383173445904
5713218,1.0189033476606417
5713601,0.5487901683951815
5714478,0.024870623858685197
5714811,3.158563058989082
5715079,0.2217879247984852
5716410,0.042608130690437285
5716982,1.833191089921241
5717346,6.022820999044043
5718454,84.5814502507776
5718603,0.1397974448916215
5719058,0.28672557981687735
5720066,0.13019886982610795
5720133,1.2585192233871993
5720569,6.8526143784281865
5725154,0.0839687136148343
5725475,45.34375007430058
5725566,52.57781731243024
5725698,0.11949111977280824
5725963,1.5348902609882404
5726103,9.166880307978863
5726139,0.022841059205206234
5727850,1.7448022880056497
5728014,0.835568861676233
5728171,18.754291363872994
5728500,55.27678357457705
5728502,13.109161172223983
5729118,25.95140927325689
5729143,79.36985059907109
5729145,1.4165609075208903
5729530,0.04604327849426838
5729989,2.656744467993661
5734275,0.03789831749197425
5734556,19.53196517075669
5735314,82.31204758528592
5735447,0.045373283721684095
5736925,83.75768077802996
5737178,77.85843202641969
5737903,4.710492483748919
5738880,45.30103489626169
5739187,5.3278149083728294
5739264,1.4334090581622227
5739567,0.016693098898732876
5740147,1.7348103201625507
5741241,70.0982117824686
5743959,1.9699590296286544
5744764,0.013961591621410085
5745591,0.04671130783881953
5745907,0.8748065390872742
5746544,17.482142919310483
5746781,16.831867801639895
5747481,1.0672983016919035
5747492,0.0
5747984,7.655441508694708
5748301,47.1714896097573
5748695,0.3443863657547205
5749477,11.023997773813468
5749514,0.0
5749569,55.66338332417398
5749651,67.06200826980246
5750006,0.06975417286635306
5750144,20.443761303689513
5750426,36.505270187785335
5750871,48.910649870270916
5751070,35.80009103763619
5755338,0.8766921590369191
5755559,5.363048376176501
5757333,0.7270471535853035
5757952,0.6469321833903517
5758632,1.3619548633604617
5758695,56.099542721025
5758972,0.12413106526004117
5759126,3.345697730959471
5760036,7.073457102905756
5760776,3.0760539397248983
5761032,13.723163496937604
5761908,4.6271506286548645
5762947,80.73200028620465
5767004,0.8337194289008065
5769180,1.5286053877988195
5769548,0.39949468040030967
5770283,0.0
5770320,0.7313482209706504
5771211,0.21358282448754945
5773199,4.217209893574567
5773455,0.0
5774245,0.0513552736935268
5774402,4.009625804598982
5774454,72.57288633474816
5774521,72.88931922033996
5774742,0.0
5775122,18.028465804894704
5775205,0.4289914592968325
5779752,2.3619953933394835
5780966,30.688886385531102
5781049,0.5981430805156668
5781782,0.027691880962955804
5782542,0.0
5782720,39.0033220815912
5783517,89.03238021918578
5783925,78.95375380743721
5784146,2.941872664608927
5784179,0.1413575497700622
5785402,7.334573862516675
5785674,3.2603393087422816
5786464,0.09929523472728273
5790611,37.7388704598755
5791394,2.8290408778677048
5791844,0.0
5792709,0.0994397617680062
5793388,0.060849156449317994
5793740,0.3622612026076877
5793821,0.04152320657957226
5795549,8.525592435024404
5796164,0.7220811036920851
5796405,0.6396880392471487
5796517,0.24985957782538962
5796803,59.88968662745758
5797398,0.06116189691563234
5797696,19.096029963026194
5802174,0.2267642417232628
5803068,22.25307944477844
5803141,1.1665586925095097
5803875,10.953971781238355
5804189,0.03210829017504571
5804451,23.78573492876085
5805232,0.29398723602818505
5805561,0.2585145238316893
5806377,51.63597747785822
5806687,0.0334647931574369
5806817,74.76263484256887
5809453,4.421288520053313
5810581,65.36256433682402
5810700,48.261346599116735
5811254,1.916387804742705
5812921,0.13002482816909644
5813588,2.4304978319103987
5813687,0.40751982418717636
5814016,0.02279877433038266
5814530,0.08409390216524171
5814583,0.0
5815437,2.6383865133562456
5815618,7.585603273483212
5816112,4.637380158009137
5816130,42.06104811328718
5816151,41.11692182337601
5816154,4.600859486736011
5818551,0.5598531392758396
5818641,0.12123902754144818
5820426,0.003390043924267009
5821386,0.814483189219026
5821886,0.03774136974812991
5822847,3.657706281356072
5823579,8.201603195851675
5823661,0.03796272699771715
5824688,0.09864707601130537
5825260,0.3731361481233532
5825600,0.21957963394001778
5825696,38.89937018364679
5825911,4.2053660978694465
5825986,51.22632110880437
5826013,76.55097597764336
5826129,18.170874260667443
5826468,0.0
5826475,80.10590219868396
5826716,70.7984511109879
5829214,3.5977819351625446
5830829,11.387228851628214
5833122,0.825051546027329
5833530,0.0
5834002,0.42405609188332666
5834075,72.71609878021748
5835673,0.04050112700103995
5835889,1.4021018205738216
5836186,80.76160134665507
5836274,6.467930957788465
5838302,1.7319469357658541
5838377,0.2022207952440399
5838638,1.6169668534155754
5839758,1.850304505601084
5839954,7.741801526145159
5840106,0.011044664044036203
5842970,0.1551735870745829
5844153,3.8588390470432863
5844420,3.2902816288384473
5844501,5.924277716616731
5846595,0.10102074142533832
5846654,0.2612497824218182
5846745,60.08359394251532
5848277,79.36173787005727
5849776,0.8216421502690037
5850148,18.450275461685123
5850712,0.3214525402370343
5851013,0.16376401742183452
5851054,3.506128916642628
5851071,1.5523113248801519
5851295,0.034758054697700394
5851500,38.54133272490372
5851649,74.41069419491475
5856557,68.87448403984985
5857212,0.04666267132548075
5857280,0.12480394216414123
5857515,1.3718887091775323
5858087,1.7139720089268384
5858313,0.2635041954982164
5858413,11.039608553031702
5858496,0.0
5858505,30.88492473583665
5858516,4.318525462748888
5858572,46.242818556296925
5858893,30.01654761364238
5859848,0.9898045940872892
5860837,82.44148109827576
5861236,16.103990927331164
5861766,36.76316634595169
5861890,1.6311794858629722
5862128,0.6249141216016771
5862200,0.3907444089579579
5862395,15.303027785218251
5863088,2.536182552330535
5863458,49.76991435922488
5863609,3.3436416537892675
5864956,69.06405064917865
5866656,1.1720338569901014
5868578,1.9613581125316455
5869058,0.2047456918283244
5869693,0.03103309925157106
5870127,89.60287626386996
5872177,0.4852336311391876
5872722,0.8300967178613691
5873218,40.27654590019876
5873343,9.882609892786991
5873714,19.36514119925474
5874013,0.061455854838745355
5874520,28.702564905487773
5874941,5.667436687441509
5875176,0.1455029839650398
5875665,4.971941882324413
5879269,0.10866294153148551
5879480,0.0
5879750,0.05322585685742197
5880064,5.571245534606698
5881122,0.18434350250300588
5882216,11.067830785914904
5882725,19.942996517411938
5883069,72.92585632445102
5883655,0.083317010612068
5884025,74.48425822504144
5884398,0.024455142401236342
5885201,44.748613885502714
5885673,5.079395597997017
5888002,0.5443994451805181
5888294,0.737933642459864
5888962,0.09034570165675515
5889937,0.13013279610945225
5889968,0.5983348154367051
5891358,4.323401075023682
5891574,1.5553570741281546
5892693,85.0897268403743
5892794,3.430355351994778
5893277,4.720292531868411
5893462,0.09157087654762971
5893581,1.1160278092676057
5893612,0.4969210195503199
5894720,7.90868717236478
5895016,7.104385104140793
5895056,59.406312880164094
5895082,65.11170920467404
5899299,1.017069889878291
5901993,0.6909354301411178
5902026,18.355867368475703
5903240,8.548107564241539
5903889,0.4444327875642505
5904490,0.07986910874563853
5904817,2.960384602474269
5905128,35.42591035609572
5905130,0.1523115433177391
5905501,73.9194321331136
5908365,0.4444012903889167
5910246,0.0
5911805,0.07698346986627343
5911997,18.998520627707837
5912017,0.028022241603763372
5912186,1.2048782854615812
5912394,0.15376327136850101
5912431,1.1657322209272594
5912437,0.10646825275225669
5913117,15.518089239788578
5913433,0.14180783786021903
5913880,0.26374868551248143
5916607,0.840016074000394
5916702,0.37439825578192387
5916926,2.2883776514332683
5916967,1.4933562695634368
5917190,0.3704084701976013
5917574,5.586395030906589
5917689,0.10312068683739616
5917981,25.456554629274883
5918002,0.02330910350587175
5918053,10.026151750835238
5918653,24.862081288263905
5919348,1.4819039424512193
5919646,2.235509051022867
5919967,21.425506090433352
5920088,0.04187324012685269
5920109,7.452809345590469
5924806,0.6306854738106645
5926506,0.12477835007307697
5926953,67.56855205470907
5927568,5.631665829933976
5927667,1.1352405659936864
5928954,1.3425889790065684
5929064,3.889886772443199
5929637,8.166480696970343
5929875,1.701871143259751
5929910,0.37608969211643023
5929986,1.3961293827953214
5932068,61.829222749438955
5932092,1.9489917547245261
5933801,9.356950450437566
5934051,2.079488257412325
5934255,41.611597124408014
5936796,0.009174639939646026
5940868,1.2237416193721833
5941556,1.7776264357133638
5941782,62.49958134609298
5941888,0.2609821293748699
5942682,2.149403126382051
5942843,3.514693228371734
5942962,18.025693027514684
5943265,2.607702523552251
5943508,0.17216276370462452
5944801,61.825461396889445
5945116,23.141725850056833
5945548,0.26743395147384647
5945685,24.032020040709845
5946137,0.12028997121188752
5946845,32.31371219893076
5947031,0.9377232431654712
5947159,32.689386737010125
5948498,0.24317504151180458
5954479,0.0
5954758,3.5982643702102033
5955722,0.7005222124788805
5956344,0.49745625776418795
5956573,0.2465807600483851
5956695,0.6643136495784394
5958299,31.01079593039051
5958772,4.323945437903128
5959211,0.17282454256549795
5959576,2.1588144098432154
5964902,3.355005442042957
5965198,30.772131444145575
5965489,23.019421719844473
5966669,0.09275309545839033
5967489,17.800090891374406
5967741,0.33120323964662784
5967998,29.384119606538853
5968683,0.4138947027172848
5969152,7.769720037438322
5969257,0.8945568757569297
5970229,0.9609687788769492
5970505,0.6429571097410474
5970552,13.690005629455236
5970736,0.0
5975179,79.86876363798903
5977861,10.74543656919668
5978202,12.544747733668578
5978558,36.948669573036675
5978999,85.47291137886849
5979675,9.136669339602975
5980191,52.72727954642842
5980214,0.0
5980403,0.5163138917969656
5983591,8.76198201551988
5986107,2.7909411084779614
5988468,1.2407254267665997
5989087,84.4542040592289
5989289,0.9387149662317539
5989511,0.003744371463544859
5989927,63.09191785960702
5990467,53.71049725255542
5991227,2.372991242958402
5991436,0.8907975154215673
5991511,0.041178367882970676
5991522,0.042647418670348304
5991675,3.0941047921508824
5992154,6.526895344987743
5993541,57.17054442629473
5998942,1.8163658742564242
5998978,0.00797743808257533
5999400,0.0
5999780,0.07457274638370616
5999786,9.785157993770996
6000785,67.0231672577831
6000898,19.816594811666274
6001031,0.2939516196465399
6001852,8.211903644740401
6002382,0.14607924267271777
6002432,29.252663129417773
6002889,16.71036370463523
6003650,0.599464135615937
6004012,32.86815534221746
6004200,0.17289197205835125
6004659,5.862503640024846
6004786,0.4675012808623034
6005078,0.14459299623715216
6005868,30.00606077815779
6005919,5.500886030026492
6006270,0.09043669638587948
6006711,0.028765229712634077
6006837,0.0759365050641328
6006934,0.6644033346770809
6007063,9.475826514059127
6011933,48.950470288214866
6012187,18.235911526691318
6013897,27.257351924319437
6014718,39.52904463977314
6015754,0.1271744042144633
6016357,9.132848474625407
6016379,51.83395253395698
6016943,0.6789271218482742
6017036,1.2444272566905041
6017043,0.14163702061615469
6017408,0.2271423739786157
6017870,1.0215733851704532
6018151,0.06142552297052411
6018773,9.58571098115168
6018947,1.3124842940802544
6019594,1.6415355781638388
6019950,6.526863517468658
6020055,0.07429165901983298
6020382,0.0
6023683,35.51349797455259
6026166,0.1688362629573868
6026762,9.148042853651749
6026840,0.2637024386753013
6027412,0.07245710243681659
6027434,19.07234091294885
6028165,17.339034723188654
6028920,0.0
6029117,79.82743258231373
6029277,0.31699075400916976
6029549,6.684817607383265
6029987,27.87550966377914
6030210,5.648923404227469
6031001,0.05149036040549067
6031045,0.4954026043811847
6031431,1.9336673263268744
6031615,0.03591720497734144
6032077,34.663911463554776
6032730,1.2390345886959562
6033169,18.129730879522317
6034467,46.37648724744291
6034581,69.08158791075368
6035510,56.608759477757836
6035520,83.14653937922537
6035534,70.13399243523652
6037422,7.564423437300077
6037761,77.71058017821244
6038158,34.658739700797646
6038392,60.3962857915869
6038534,0.34460486674594737
6038545,4.419106658072682
6038586,68.14825558088913
6039238,15.470704419910309
6040119,0.03637484270281439
6040704,0.0
6041377,14.41515238439393
6041914,0.3446820054679657
6042059,4.55088286301589
6042151,5.031441972809018
6042555,45.51644230510573
6043315,89.67397326539022
6043436,1.6820155372576722
6044648,11.635323968894351
6045049,0.03945722002110597
6045055,58.87308543072378
6045552,83.52235674327717
6047095,0.5925005181841693
6048412,0.11180178818121413
6048467,0.7754256455370127
6050825,0.15022015409133685
6051856,2.476667886513156
6053457,0.5577913535234381
6054194,0.0
6054335,7.858449139254339
6054605,0.2032274038828396
6054656,0.5279717009680969
6054864,3.2264549636091044
6056835,1.0128644349406122
6059556,0.9907562171945927
6062060,16.527477053881373
6062168,21.266838976936494
6062593,0.02037924059271666
6063050,34.719602827639896
6063060,0.049437763934813764
6063063,53.38752975187461
6063782,0.4438045283025828
6064471,66.11512397019499
6065370,0.7254587299666226
6065647,0.38106682232195643
6065786,0.531652446200121
6067536,83.08249747627092
6069703,25.83428311939944
6070550,2.9568937313166583
6071153,0.09403653177391055
6071347,4.737427084104504
6072842,1.5803515159221275
6073953,6.119628246270033
6074091,0.8904350232108272
6074676,6.209692802444217
6074746,1.0169278166716231
6074791,0.6059780961109154
6074975,33.119009447761336
6075330,0.028900706820603396
6076131,0.0956613446345357
6077282,0.8817987023795013
6077361,0.0
6078066,81.16502901158063
6078300,0.3292798126865476
6078694,0.2992181263199058
6078788,5.497137526666217
6078807,1.0909066407353547
6078896,1.7273827333299245
6078897,1.1662865160910283
6079079,46.75257129006298
6079378,0.060035318204457275
6082939,0.8601238814118851
6082991,1.0732727675107812
6084475,70.65643295722921
6085932,0.03617632210560286
6086137,0.275462329590006
6086460,5.890817054542948
6088813,0.020846398340552418
6088910,0.11407701583911252
6089007,6.287077846760165
6090216,0.176374036878483
6090396,0.1331942100371082
6090979,1.1028486821491523
6091224,2.4957907953414984
6091425,0.07122300840016538
6091493,25.690886111445334
6091850,71.90212726966767
6092004,1.069636404607365
6092130,0.16331441653755902
6092369,1.4516424953565101
6092625,26.70458228547198
6092743,17.027253930257324
6092992,2.7703139072949368
6093217,3.2420934032487794
6093459,1.5125209803717121
6093625,73.80661308595667
6094597,39.92233574757826
6098755,1.066893205426444
6098975,0.7519711023051429
6100031,6.26798815386112
6100514,1.3050443252849904
6101104,5.7725707804655055
6102693,2.0711021706549477
6102844,4.835200472108968
6103146,0.6954796319679648
6103273,61.85886925495022
6103761,16.217922246644775
6103774,70.453876410112
6104557,48.7104242803661
6104637,92.0
6105142,45.30722519811411
6105342,0.04366305455521963
6105581,39.39483209522393
6106273,4.288348101426354
6106445,1.5342523680080111
6106676,0.8151014406934982
6107289,5.639724471329557
6107592,28.48853687624363
6107614,44.87438754291072
6108703,7.109437400708273
6114300,0.3401580092167274
6114908,1.1361057661710605
6115275,0.01138758893932749
6115294,58.991849004386715
6117378,0.013376457176865319
6119473,2.3458913949906575
6120276,0.2988433612008054
6120501,0.02289315232694446
6120617,0.47730136917979654
6121052,32.88323916052092
6121231,0.3470393675704317
6122120,0.5334884742974532
6128347,0.2525529149129978
6128992,2.9083469419803483
6129137,65.10667628398066
6129825,0.009666323611228453
6130045,26.631940425584133
6130145,70.72964966847044
6130929,1.32677479948613
6131266,0.03579116316118716
6131606,48.16574149432659
6131748,0.03814622733196902
6132230,11.646126121080991
6134199,52.2445261031284
6134448,0.14081541224507862
6134600,0.0
6134906,51.28036901785519
6138423,2.5454498720210927
6138632,6.670794016303935
6139914,0.012189249132288835
6140465,1.4830735184380468
6140503,20.397273326747804
6141299,6.515039401699019
6141401,64.02326718520453
6141815,0.06206690769583267
6142363,3.408230610738702
6142603,0.9974267992495308
6142976,0.0510036812261363
6143307,0.7900134045842703
6145011,0.0
6145107,1.687009589745593
6145124,0.07576408467928793
6145263,0.05483258211552621
6145636,0.7351568035174023
6145657,78.26807583905345
6146238,0.12209983583761858
6146643,0.10759213518214987
6150778,0.10457648959389677
6151241,0.21297685063838098
6151450,0.6095828369420643
6152478,0.9762722080287057
6152725,64.01099112127552
6153194,0.0
6154291,0.9393178718637678
6155492,1.8244798531118713
6155626,48.93939190113382
6155904,3.4195993153062716
6156278,0.15615600218124737
6156319,0.02913043968595709
6159257,1.170952556027709
6161282,64.82300886777513
6163297,19.40473028120857
6163758,1.3078183156751615
6164338,0.410370821075117
6164719,11.604043348767322
6165032,0.04810339335948182
6165832,0.8704587410161584
6167141,0.5270032939284549
6167683,3.348347097635839
6168027,0.12844737759960484
6168663,0.9178698922340938
6168880,30.41363752796762
6169065,77.7078972959901
6169335,0.2024737203731469
6169377,0.08208857279106947
6169412,1.6404315666030123
6169981,1.7850611910880803
6170203,17.101127499719226
6170239,36.63618171936923
6170486,46.600737188904205
6170705,16.573744982334347
6170772,1.4578780800498514
6170933,0.15453136247099683
6170979,83.22612453065338
6171026,0.46232745190201596
6171318,3.5238129574895924
6171382,21.67549299685898
6176419,6.370372314529015
6178287,1.48523370206454
6179073,80.25530432086167
6179139,1.67699904820401
6179176,6.354574361610387
6180121,63.54396342489201
6180208,0.08902860899191094
6180244,1.7409108581027437
6181272,0.009994575683502791
6181309,48.290437990516864
6181957,0.03712807173042212
6182796,3.7264774922891863
6183925,0.5208128850156404
6184149,0.1086770086995748
6184285,30.174766233895916
6185426,5.622955167258
6185452,0.2770816582718757
6185599,63.516972710677294
6186089,0.0
6186325,0.3502542306727766
6186628,18.754201672932588
6187204,5.784988483839827
6188014,0.1118710683351708
6188022,0.3053864016119812
6192898,1.2775356764907755
6192999,44.35172497349309
6193057,2.050871449448073
6194377,65.99745044632667
6194718,0.050218844607585515
6195710,0.13124020118570479
6196354,65.71585446822071
6196481,0.0036285324640592895
6196860,0.24662004689630967
6197119,30.589795468419123
6197134,51.727709939086445
6197170,0.0
6197760,7.318252897212263
6198343,19.392613065011496
6199549,0.182000414486956
6199555,0.13042610148502345
6200390,22.72704285334599
6200457,63.363558205402164
6200613,0.0
6200619,0.01676130575900813
6201714,0.040668509675487706
6201730,0.00031800611954189506
6201900,58.84366334471996
6206462,79.01102837704568
6207839,0.2190371856518367
6208796,2.6842305687254426
6209084,5.774249121145423
6209147,48.96594042366702
6209200,0.32653684010806616
6209309,0.6134721374169758
6209427,0.1828612026369358
6209619,0.126162036404025
6210155,0.3938996715648551
6211055,7.44567398131574
6211624,0.12536669115906934
6212962,0.4115050720507433
6214452,0.5842862631054333
6214748,0.15591042816364786
6215083,17.74220696895673
6215984,30.420315155997837
6216166,3.2812873494930352
6216318,0.12155090896401542
6218730,9.823358188485294
6220085,5.609771508471219
6220514,15.41407042816497
6220699,0.22557521527004035
6222149,0.4333986243606708
6222376,0.8056147529174245
6223413,17.37651462552414
6224396,0.1579602598492652
6225153,0.10399696001722973
6225501,69.64573080230133
6225968,12.189659502532923
6225974,43.05792764140838
6227059,0.5060644443516479
6227345,61.62364066346943
6227944,1.105417725576981
6228019,50.93345117941089
6228461,70.66113811427498
6232150,2.2323903714628757
6232203,2.8425563888528904
6232720,75.69384296266853
6232987,0.029097057151546413
6233889,0.0
6234096,63.539852950786326
6234725,3.4821529481881752
6236899,17.205859516015387
6237065,0.30759145157531464
6237175,21.94958536530694
6237403,0.0
6237974,73.7667294866678
6238281,0.05142342331962369
6238314,0.8242187355005857
6238495,0.5542705121319239
6239016,0.1440493896792929
6239106,0.01977434888922668
6239508,64.79739423089018
6239658,1.165935039272032
6239848,2.388870071294435
6241464,0.21911468194731745
6242355,0.8300362291710193
6244089,4.816800184835214
6244309,0.23757550397698973
6245792,72.53206344667653
6246559,0.4538115116007037
6246562,1.822542737797511
6246681,1.3527592551048317
6246825,2.950240698851806
6247046,74.25257935579826
6248335,17.936623954351397
6249465,0.04048163652850694
6249946,0.029666459168632642
6252815,4.962980161463047
6255597,17.030556537550535
6256019,0.25553380780628654
6256149,50.32944591213597
6256470,8.26267188898463
6258065,1.0373897749332315
6260442,60.499339533851085
6261128,3.6713807283472764
6261610,28.479579211718356
6261696,78.28227731404571
6261940,0.6065475151393752
6262339,0.29282504758652494
6262496,0.046863937179242046
6262562,0.02492937321670335
6262631,2.8878449818194016
6262812,0.677558804707508
6267938,0.2328345382062034
6269027,0.12553385055997116
6269610,20.117929807469434
6269646,92.0
6269968,54.94351588608511
6269975,9.039202676223704
6270767,6.444510156678624
6271152,0.12152896903620836
6271429,0.8616781128627294
6271491,0.07512685443966695
6271692,0.6366319108361413
6271802,0.3112676412076661
6272125,0.02816725041295122
6272423,74.54504561978116
6272646,0.06499240986617084
6272810,1.2549243391598195
6273469,0.05054843135115078
6274316,0.7501951308797395
6274418,1.4539029337248373
6274981,0.39843236273111404
6276183,21.222609471819716
6276574,4.425363400363162
6276737,6.038765168903072
6277072,4.394686067575951
6277217,4.2810212229621545
6277387,36.39040787652608
6277470,74.13515433814275
6278161,56.410874007627996
6279160,0.04789230880285378
6282629,41.59077508806809
6283028,9.214879891305317
6283933,2.8228781915546675
6284161,0.0
6284318,0.31332548391627635
6284582,16.375932301346875
6284657,83.55844300421435
6285824,0.026539826924773587
6285844,74.88270626839737
6286112,0.1190220861999252
6286307,16.881969912701447
6287438,3.328321885752108
6287919,17.788015337702056
6287961,1.6516183843579504
6288004,74.82122936666966
6288635,0.26106452683600156
6289701,6.840973804557061
6289837,1.9735860662185
6290301,29.742937785126724
6291227,0.5977679962111635
6291371,20.956648083133565
6291454,0.10119600060113877
6291877,0.3820669411002804
6292069,2.1808894976945843
6292515,5.493030610160716
6292833,14.506329933499591
6292850,1.420481933889497
6292866,78.85930660239717
6296553,5.3448474360419675
6297613,0.7179414881830527
6298154,2.3277409269243057
6298807,0.09827734892317022
6299550,12.471320661705274
6299693,16.40766157128645
6300000,0.06772515357957817
6300191,10.727938391180944
6300353,6.336798685520327
6300424,0.0
6300653,0.02958936652614
6300876,0.02601299502254909
6301851,0.05352329422937374
6302159,0.0
6302346,8.151653191731365
6303109,7.737290029524771
6303611,0.08605753967709326
6303845,2.637095984539344
6303923,25.945711677977386
6303950,0.23796060711429987
6304126,0.4547502031430502
6304362,1.85508448405905
6304848,2.7685063311918867
6304948,0.732444952571923
6305097,0.9821424943860529
6310895,16.41205057300583
6311007,0.05975920611234986
6311555,1.3723289989634584
6311716,0.05116356647124449
6311978,3.931130503427747
6312512,0.34175295954961576
6313203,0.2757841706839277
6313673,0.026658880390097433
6313782,5.383278393042503
6313994,0.7488377214703381
6314214,1.1266856322703973
6314380,1.6484420695572946
6314389,14.804205044010205
6314561,0.026096219877274358
6314794,0.1391845440197184
6314972,2.8604010051995656
6315659,1.5634159166746477
6316005,59.00700628554391
6316666,0.0
6317673,14.576849923223318
6317763,0.15085378826151333
6318545,0.16740228212307628
6321475,4.359896293203103
6322079,0.288460147220471
6322362,27.17344176668461
6323324,69.20109387144414
6323824,0.3096927063704478
6324190,0.5903709063565328
6324222,9.904501876117779
6326345,5.869207847828212
6326477,76.51902508385864
6326865,11.822509490130528
6327529,0.0655187521394505
6327543,0.36089334076960883
6327601,5.3054199769432016
6329973,77.90978021105916
6331598,1.1525909804737533
6333659,0.03227950828124676
6334614,13.8014019083247
6334824,68.15487383720885
6334836,0.14260975953459318
6335429,0.06630516808063522
6335490,1.4295086100817493
6335541,0.016165623507502676
6336312,2.1505635722764382
6336391,5.545948142343381
6336701,0.0013451976857021177
6337001,79.38680236380561
6337031,26.29066100571904
6337200,0.04046947727913449
6337739,1.6044150570308182
6338068,3.9631981708644153
6341337,0.5160751369670353
6342493,1.0619155220723318
6342741,5.702966868265998
6343522,1.476679982323032
6343837,0.12770422371095932
6344052,0.02377172070657052
6344759,65.26256719891404
6344926,2.711677872474105
6344936,0.8470454134173843
6345234,0.07642944487322188
6345545,0.055318450961249994
6345728,6.4437645645732395
6346275,0.24223613414958534
6346456,0.14944959641612013
6346496,1.482671499540896
6347729,2.350187893760962
6347828,0.21485811355966197
6347853,1.7819579506504846
6348490,19.604364619720062
6348548,0.15278034687567346
6348625,0.035537622941071476
6348659,41.68370794712237
6348998,2.6713777673390133
6349151,67.43172452044404
6349304,6.38359708096552
6354789,1.1848659425175607
6355471,81.60396141119448
6355972,0.36001541520747404
6356102,4.43726789197125
6356197,0.03508265658128032
6356366,0.17838642626416112
6356569,59.446899108502144
6357416,0.016531284780867562
6358080,0.29078147115998365
6358641,22.882168562704653
6359111,29.656182721139412
6359526,3.1681681561030435
6359643,19.63419619396335
6359812,1.3948177510154527
6360200,87.39037387077329
6360224,0.016025740771996172
6360527,0.07341688519260393
6361102,69.39650532898138
6361204,0.0
6361313,1.2562698128966192
6362051,3.787363135259051
6362684,5.385520097780544
6363293,1.321130908035863
6363796,19.66786905936598
6364117,0.03664356189814877
6364150,2.0105773537762763
6364522,14.897818757866451
6364762,2.7208731273812585
6367973,45.21583189513074
6368139,52.67823510191797
6368482,23.216714273563944
6369389,2.320196214224335
6369795,0.3640927228045195
6370032,2.6666853469110507
6370396,5.2753507291873385
6370695,0.018373192036655453
6370702,59.13689541608676
6370755,0.09969701863308364
6371117,49.78709459555071
6371191,0.0645209967632334
6371241,0.061142356616583085
6371373,20.295707417455503
6371588,1.2176328651462305
6371593,0.7636652627159076
6371890,0.043864380905144856
6371982,20.24785199249864
6372728,0.17166089392712675
6373149,0.36451010724310484
6373238,3.4041167388219096
6373582,33.03170029785251
6373770,10.891654001894851
6373790,0.9667351315595242
6374332,0.7312762425012772
6374412,25.767625717506156
6374545,0.06394175874768267
6374694,8.648525574581702
6375331,1.3173384823608625
6375998,0.2901365210604304
6376008,0.18396149163676281
6376519,0.5217288263761168
6376606,0.9626363771646638
6376790,71.16767737597226
6377019,0.8505574209347238
6377384,10.415691793921853
6377527,3.0015892673533173
6377624,2.6636146568404278
6377669,1.869405230802413
6378279,0.185557580867499
6378804,3.491307741995203
6381574,6.635031776044924
6382031,6.424952064395652
6383035,0.42578162542160863
6383296,1.3008491082248437
6383557,54.84587389729174
6384003,0.0493900342559482
6384378,0.13904861506045024
6384544,6.039847701247539
6384560,0.05056246687723199
6384622,6.53174534786975
6384741,0.02614475865397264
6385039,3.878736741186661
6385199,0.9151071923732308
6385364,0.04868370243459844
6385528,0.11157158258193593
6386141,35.285970183378616
6386992,2.0379986696807046
6387424,0.06140211025847463
6387831,0.9744498370402283
6388047,0.0
6388137,0.078137531156429
6388154,1.9437327599175862
6388744,2.301098890860956
6389473,36.50895662788277
6389685,0.06458601710406887
6389979,34.163485738711145
6390282,0.11881193496700496
6390777,5.156923401044398
6391252,0.15637546953096487
6391438,76.26229059695362
6395425,20.033367092041903
6395433,54.755649836130715
6396519,0.07659993139676641
6397899,7.99672345517273
6397963,0.10268663682240431
6398393,0.14599964438774876
6399285,1.8023417358965206
6399305,15.64954690029388
6399885,70.15980126336352
6400170,52.366584713416955
6400255,0.04286617374134775
6400482,0.2036512805829706
6400705,37.014153298989896
6400812,6.598258558282956
6401158,0.07401990891352304
6402661,0.8885675442981705
6402712,0.03350027163967794
6402807,0.07362839244924069
6402808,3.3437174598291897
6403342,3.393081590981536
6403741,0.09206857367010868
6403745,0.33573062588938063
6403755,0.026762153223259356
6404432,1.7643239657972503
6404584,2.813553893433761
6405859,0.9091260230382541
6409060,0.2362343631985613
6409436,0.036536653252589604
6409834,1.8444601819325452
6410814,28.02938502886974
6410862,14.680435583272395
6412116,3.689316407819301
6412146,1.5627195501084439
6412693,45.75434499835631
6413009,0.11561177110324831
6413242,1.8664561014610697
6414410,21.045894521198626
6414925,62.89587164770877
6415974,0.8581741275316142
6416262,0.16043738778714714
6419491,0.0760506643456277
6420148,0.7184180756577396
6420850,0.01641340141028755
6421257,0.2476709852009814
6421335,0.2544206466890055
6421429,10.479058774282114
6421799,16.1307457167897
6421823,0.06970549991908997
6421977,0.3429514995649456
6422186,9.8231660127283
6422190,8.637867082925396
6422360,0.3575103669942645
6422646,0.2872778398569189
6422762,0.11772185430952427
6422875,81.13997346608106
6423130,5.376045798633035
6423589,4.496838426116613
6423870,1.946725836740269
6424203,0.27874982850699737
6424836,0.08637781798196426
6424952,54.835281198785225
6425071,0.2588143302611375
6425175,43.69950528613254
6425215,0.024147230558770934
6425221,0.0
6425751,18.974689613373688
6426250,0.39907996400285606
6427200,71.55950606955538
6428482,16.025652343767014
6428854,18.333375906979764
6428913,7.270594470855174
6428942,0.08098708210421451
6429418,80.02286203391651
6429856,0.13770946089395444
6429866,2.5311365694098247
6429905,29.21795029612443
6431878,13.22206747775414
6433445,3.972903199931271
6433811,0.016061983010748643
6434126,0.09290933632620886
6434646,2.5226323354416977
6434902,1.337436243586062
6436057,3.2953275473978687
6436433,0.09915840844061005
6436828,0.0
6436917,0.06852119770573144
6437069,78.69735135158307
6437194,0.01498941688042088
6437347,0.06953052441067657
6437367,0.3480601090161465
6437710,3.5683568432406823
6438254,0.059756792461309556
6438456,77.03473580357704
6438465,0.4933460148354548
6438520,4.648985458513215
6438856,78.59847637778255
6443330,0.03488694309215779
6443513,0.4422725568446269
6444497,0.12883388471406101
6445173,80.61446495992959
6445656,0.03012342932619848
6447136,11.239472369238825
6447332,84.86063702480565
6448687,1.95215303129093
6448899,43.05208536952868
6449002,0.10708854237028582
6449609,0.0
6449703,4.032843212025253
6449718,22.563952254060222
6450018,8.318675476970807
6450118,53.85058885097275
6450230,3.0648302702329144
6450240,0.08532754022522562
6450408,45.5523763039947
6450479,2.1263605173508036
6450749,4.346381790390735
6450846,0.14367008834436854
6450884,1.0374073328196363
6451722,1.607367248477442
6451855,1.5525194984645339
6451892,0.04628710158337732
6452188,47.96728705625862
6452225,6.189524909420528
6452251,0.06469549317602656
6452279,0.03547464889337544
6452402,58.03602610628399
6452448,2.954824485529774
6452519,0.0
6452534,75.93797903712112
6452618,12.312686005013543
6452764,0.0017264494265215161
6452788,1.799490259099712
6452940,15.215945314707971
6456733,14.984205511546767
6456851,3.1973821041432156
6457073,0.1440930164620043
6457367,76.73046491407598
6458689,0.6263998369666514
6458749,0.02720494987775888
6460349,37.75285523565054
6460353,18.432721959808358
6460588,44.65247254617333
6460909,4.710189506700978
6461723,0.7341308873863598
6461789,57.8998912973582
6462046,0.0
6462078,0.022276043625320728
6462192,49.39912213616477
6462362,0.2852580128209991
6462452,0.17525713671719084
6462513,85.99501730604318
6463008,2.5579781181158476
6463009,0.4085092688212196
6463288,0.3811984187964174
6464014,15.87013357257722
6464032,0.16899189872762965
6464070,1.9260547499574907
6464254,16.18141420553871
6465986,0.0672343586949039
6466315,0.48503190900424065
6466590,1.7039919318477303
6466613,0.6327386807693708
6466805,0.11482882650444137
6466821,0.0727800884544165
6466923,0.10773683277724803
6467167,0.07637294320138047
6467264,0.24880016372488553
6467319,43.42760919608836
6467509,0.5033876420146107
6467815,0.06198109547909176
6467956,82.61683513326437
6472718,0.1089799278176246
6472721,10.50811897613769
6473307,21.218051179039104
6474867,1.3562632460013238
6475263,0.11284962969060948
6475709,52.56027314519115
6476234,0.012871807209332543
6476426,3.326787660069109
6476702,0.08347211966134108
6476769,20.787546212079118
6477137,0.12799353316034454
6478141,0.023280656000384006
6478214,14.789487246887857
6478459,5.538325168490039
6478503,33.25000970394637
6478519,0.7026398913284031
6478995,84.47658632600316
6479193,0.09504563442743474
6479356,21.130113567240947
6479372,0.888089838154372
6479956,0.0483360963338492
6480042,84.23751874402606
6480467,0.11327646247225187
6480631,5.799201825737167
6480764,1.8218589321504934
6481286,0.24916898798170484
6481743,0.18595584717150584
6486137,0.10015676740931867
6486475,3.301577442145148
6486682,7.945519345029439
6487678,52.90313957402041
6487933,9.677346545203
6488411,0.06699888496955127
6488940,2.7318289355892165
6490196,0.13081657000172492
6490295,27.579786008344232
6490689,2.6162196521557304
6491190,0.01894097751100842
6491257,2.3114789920021357
6491619,15.415419854459447
6491692,10.6629240388119
6492144,0.3558152429901597
6492190,9.519619006859694
6492449,4.971136622102139
6492663,10.238418675427724
6492778,24.529970942383905
6492790,44.54884327350019
6493500,64.0422413059136
6493693,8.338590003233932
6493727,0.8269683868044247
6493737,0.03202900660275078
6493740,11.484612527050732
6493864,0.8093290683508785
6493985,0.08713617082770146
6494312,53.495509912885716
6494374,73.53657274334519
6494798,45.31609529348304
6499591,0.4478451389389866
6499870,0.9951283882482993
6500587,2.101449855227379
6500674,0.6794134978119885
6501082,7.913280734192236
6501308,1.656115178973759
6501865,0.10895261348009362
6501996,19.959364476836686
6502018,80.72662620148787
6503647,5.402908009385095
6504176,0.3128097834450146
6504196,0.04073538277638784
6504620,2.038632253934678
6504972,6.466274735721454
6505238,0.46369345355024416
6505424,0.5508381317354044
6505490,0.2650115894030823
6506191,0.18781875402455364
6506404,2.9758381425977367
6506449,0.0342683031797197
6507084,0.30025767218242655
6508781,67.81885400153129
6509750,0.11616770718154518
6510123,0.10538080717968713
6510646,1.3816304253145926
6511675,0.04661738555604439
6511720,0.04026869885287489
6511760,28.282854542565556
6512107,73.21198818984577
6512248,3.0200636324760195
6512429,9.257431990447817
6512627,0.14947864623402432
6512774,0.3614504769962984
6514160,29.263847077589894
6514596,42.46913855999824
6514861,0.15806903958934024
6514902,0.0
6514992,1.7534543632384816
6515263,49.53068874485264
6515318,20.91857998047242
6515475,0.18406209249010413
6515562,0.19604823327726936
6516045,4.94943471413429
6519873,21.080122355468784
6520005,5.499863031611898
6520350,33.27880227858176
6521734,0.0445589655522642
6522426,2.2491171847348594
6522629,0.5568281594754926
6522643,0.15670477680826492
6522849,6.023305190143661
6524331,75.90701509443723
6524590,23.216636101385586
6526579,1.7123957083921104
6527142,36.97122543073389
6527387,0.0
6528869,12.675780184214222
6529564,0.23425071050398233
6534409,0.035772866707342296
6536047,0.08057039444465623
6536702,0.0764881149929915
6536719,1.2189850373125801
6537985,34.99471052714474
6538963,78.7252939793464
6539114,0.14123418170786825
6539778,62.29998868685408
6540533,1.3680159594759802
6541532,76.16037305487221
6542929,34.708483055255336
6543312,1.608375883681616
6543609,0.2546331305301876
6543687,1.2087278881109922
6543852,4.151674859157924
6544243,65.08627443188986
6544315,4.618965227840353
6544347,1.8345785182844836
6544586,0.07420308994290549
6544638,3.9676756097833037
6544686,0.6526496118511766
6544718,0.34976239044163226
6545392,72.66088129298703
6545427,0.024053800643404923
6546187,37.41540237492311
6546196,1.0588615688435348
6546210,71.32141957159291
6549918,0.11270637681433145
6550380,0.05213208389153218
6550702,2.3291954785499684
6551650,1.1688416923646114
6552694,2.187190978865963
6552799,25.745006398723554
6553257,82.93817019233128
6553559,65.73664008293838
6553655,0.053613317556239645
6553874,3.1212683383194793
6553881,10.001943086045989
6553895,1.44563024475444
6554200,16.07730285803537
6554479,5.405141322617564
6554506,0.05910492768102939
6554731,4.97874036400898
6554910,0.1902882359437047
6555289,1.855748921203594
6555427,5.308899159026541
6555527,6.140957785779238
6555586,2.877131360227338
6555712,0.0597896306831247
6555997,2.0431943123390712
6556105,0.017498705328352192
6556843,0.10985163963100632
6557022,0.036043473475383114
6557095,43.2598447892591
6557211,0.0
6557289,0.0
6558650,0.058657270209613026
6559193,0.9139357715533436
6559232,8.585868228182658
6559538,0.34099767821577115
6559631,5.706431236851849
6559662,0.8960590947693001
6559926,43.66419096991307
6560165,2.7491895319578044
6560257,9.094470942307645
6560394,85.02715392432602
6560717,0.13438750458949006
6561192,0.029423164444310652
6561301,51.8409998466315
6561328,0.07824672099750406
6561509,1.7787919751275119
6567114,39.18636597583237
6567188,1.175985290687232
6567462,34.16905897150459
6567481,0.09663120568460427
6567966,32.00230972932688
6568008,1.2627905154656272
6568093,1.3166982511396614
6568302,1.0059240429273246
6568335,0.48617916726761196
6568363,0.3894217269316376
6568625,3.2680906023912897
6569403,0.03233662926440091
6569412,1.5295659367848822
6570350,0.0
6571441,0.38758165691820445
6571456,2.9166954942194456
6571682,1.7628012433085174
6571767,0.4775545366528726
6571860,0.76836781841393
6571890,47.518348717677256
6571943,0.1860187724643713
6572382,0.02384083701764
6572527,0.21614149552439488
6572570,72.09810096785687
6573229,2.1068062902300526
6573732,0.05988448847682923
6574353,0.03757643066865768
6574595,0.5275569357155311
6575083,2.109399009419711
6575789,75.78820203335489
6575873,14.4401019315149
6575907,4.106535894291127
6576027,4.418262902628514
6576336,79.21230983537299
6576463,77.64559701074995
6576557,0.5262540981976332
6576628,0.27721178429265875
6576633,0.01203617298928939
6576768,0.031125882731490723
6576933,5.8753156357213125
6577178,1.031933721496682
6577187,0.039725830225868244
6582117,22.353682683045854
6584626,0.36884651425042525
6585028,88.78280813009756
6585334,1.7957263819514098
6585424,1.9003086251782295
6585852,0.19112346943541222
6586028,60.97900582445139
6586181,60.45028673966313
6586663,68.33248793994017
6587414,3.9459778434686856
6587687,1.8043436440075629
6588935,3.202853111873334
6588947,0.5069953249901533
6589338,61.38738458176582
6589520,1.6945886295165242
6589561,38.60056479842918
6589884,1.1624923717849802
6590549,3.8247142360754105
6590570,78.27494945135349
6590612,0.9482128903268707
6591796,0.06891515830590521
6592944,69.18128357599662
6594136,8.4318106451815
6596268,10.36469591323048
6596562,49.22009719326265
6598720,0.47164161259424703
6599689,0.047061413752056636
6599950,0.006119896437482799
6599973,0.09129640707438677
6600078,1.1951644278821594
6600755,0.12848367324100946
6600878,67.96806268267879
6600953,0.13268474983218642
6601409,2.4148955848024314
6602762,0.11812128215018418
6603170,0.2852628446093174
6603534,67.33430283512595
6603602,13.201720687808564
6603756,7.691359698235459
6603830,76.13681176249601
6606910,8.433006311945975
6607086,16.72827615724664
6608246,18.781611313872308
6609871,8.288473748578378
6610629,0.5131376972106385
6611314,9.523099690365026
6611380,15.481022454865178
6611505,0.08392751896550962
6611547,85.37831117909984
6611557,16.98256948022089
6611857,10.75976678468235
6612664,35.29413698343662
6612744,5.041829779147099
6612751,68.90495069253893
6612902,0.0903016068986241
6612996,2.9479240631378496
6613154,0.29451067838874245
6614034,0.34897152080459687
6614078,7.508416908796675
6614105,0.12402118435053752
6614486,1.6076298219466754
6614604,0.6132980228083931
6619187,0.1321544182115688
6619518,6.356977255081427
6619768,25.226546899685584
6619984,13.15487328659798
6620407,0.153270862846833
6620897,0.045879802490647
6620912,0.05465276551973859
6621344,65.52456377742816
6622389,0.05225907663395297
6622401,34.57913161868872
6622792,0.5818159533631136
6623330,29.06619986705335
6623399,0.16320353512897748
6623425,0.3047710594931495
6624045,0.04111760805985838
6624467,0.10299873954296106
6625406,2.0225677945391807
6626027,0.025813609753513166
6626066,1.8346247824612176
6626121,0.04966289968740717
6626652,0.032447458822499324
6626894,0.21360878460529356
6626896,0.048799395690251324
6627254,0.6344782985115749
6627472,1.536226061474206
6627553,43.78424876340283
6627668,0.07224360944193385
6628092,15.497572726022629
6628117,0.08796814762265162
6628489,0.04346534739016923
6628599,66.25349837126063
6628731,1.4000430670708728
6629478,0.14487057859061964
6630037,6.311713816594674
6635179,79.69928242986498
6636401,1.670464094500102
6636906,0.4825769830274468
6636993,0.17752717740607762
6637311,1.0540832423660143
6637692,62.83966658375924
6637806,27.894442390454884
6637985,30.10856779965025
6638042,17.531617900477826
6638170,1.887171570381113
6638446,1.4653189846995578
6638953,3.9372193991232742
6639114,1.7609291450237337
6639120,76.21222639280275
6639226,4.657648359471279
6640227,0.04492764915259557
6640469,0.100449399366323
6640642,78.9707584770177
6640703,57.29695691815413
6641053,3.1423653840257604
6641564,0.0037264004546463596
6642469,49.88620347610121
6642884,49.00941196384116
6643754,0.012260023860268941
6644283,64.59196245332001
6644355,3.817449354158084
6644580,3.4534434784590764
6644582,0.08199387252767834
6644669,1.5736489444028212
6645108,2.4671298419695344
6645263,1.5226314880732101
6645306,1.3746333916429878
6645387,64.66215745267135
6645634,13.46970553384738
6645963,23.558510985709425
6646365,2.9940388226987467
6647744,0.4959100706633919
6649555,1.9954488551802625
6650886,0.32513068029808284
6651107,5.604785895365316
6651156,22.958597472656965
6651857,0.04136421657697486
6651949,55.37920463296646
6652170,0.7928581446868408
6653903,0.3515187919671398
6653986,0.23996465666809172
6654081,0.11300849336091506
6654202,7.199609931322115
6654863,9.815068885885754
6655895,3.439109114573693
6656441,0.06902430528569187
6656880,2.2645704964110394
6657134,0.5536382323530612
6657708,0.0036896136223583988
6658537,80.64584775816371
6659165,19.915161657053016
6659371,0.14869780300189542
6659963,0.34075849766375943
6660330,11.023135935534624
6660373,0.7780696499163627
6660511,12.708908047265782
6660835,52.92667487944321
6661170,0.18287425920807385
6661700,1.5348064402562789
6662208,0.07017117452644914
6662234,0.09740931050845236
6662257,0.021300530646978448
6662418,0.07014581980476473
6662487,59.1441707751009
6662495,11.411253761657584
6668981,8.789387236126329
6669183,0.36281764789847815
6669199,0.11343605044005693
6669443,0.30953908052157175
6669637,3.8210840495887215
6669950,0.05789897706097486
6670064,1.3959700120416652
6670272,0.0
6671179,0.5516357415689443
6671315,0.11471563588348355
6671557,8.41239227112424
6671805,0.046132126910746224
6672257,42.17368163352296
6673174,0.0
6673638,0.16953830272662815
6673748,18.70498804656531
6673773,7.319420909978033
6674155,5.112688518283102
6674342,0.37892651940133143
6674482,0.02402254141747415
6674505,1.0088896302491048
6674686,48.67542436326274
6675194,56.87135839011397
6676066,6.311862266329803
6676250,2.31003189237621
6676383,1.6184127292069814
6676721,0.05459755196054018
6677108,0.7847149993049258
6677109,0.1157966076321891
6677204,0.31155255536779375
6677292,0.9149976733977989
6677647,0.056477417136033006
6678163,0.30584934808304903
6678262,1.347915775623745
6678304,0.08712506779360157
6679063,0.1495825320413743
6684189,5.384382095679128
6684355,0.4696292452290586
6684697,16.54225321008107
6685156,4.186813219770665
6685697,40.61411531837673
6685818,1.996033420551902
6685873,0.07838932772522453
6686140,14.498577733342396
6686332,0.05036503009408121
6686629,17.32283033759578
6687404,0.3203826172770137
6687816,7.4921085610375595
6687855,0.20934647444427298
6687933,0.39711888708256965
6687976,0.2099205001764912
6688119,0.05125745355570792
6688207,0.06269893493477018
6689092,0.9163382503859137
6691005,0.0
6691723,1.6385253710948784
6692191,0.6931817598484812
6692571,53.87427778522942
6692586,0.0
6692633,15.603166919371853
6692735,1.6733345597889666
6692743,0.8133625820334877
6692786,1.8820708747666208
6692975,0.12413043427271268
6693788,0.018540459080464772
6693942,0.13883049637107758
6697715,0.18396994357797508
6698963,0.5251050614770321
6699103,1.5835427141113736
6699291,1.6973942043095531
6699826,0.060367697781337396
6699837,23.846569325759877
6699912,0.1617690133555649
6700345,0.9160622348318754
6700461,0.1959273734278468
6700541,78.36334047437785
6701002,1.8908870336525894
6701223,0.08313295362555247
6701543,0.0419816498881405
6701577,59.85885482413964
6701818,0.14289991653988643
6701970,2.157672547311958
6702293,0.3467991268106976
6702379,2.9625735801101665
6702648,0.0
6702816,1.8963231789201525
6702912,0.13285659014192172
6703091,0.08743448165526965
6703106,0.12523166454957532
6703191,0.11551737843062629
6704000,0.14500677015635213
6704247,0.8438314579142324
6704291,7.935324887923375
6705413,0.20255576872101194
6705606,0.6221682685402657
6705784,0.034779009969999754
6705858,0.08357719665340219
6705984,74.93883996143481
6706132,1.2962643069903939
6706263,1.8841685132166597
6706280,8.595122142988737
6706345,3.1010437054497717
6706703,0.20545685244239634
6706708,0.41156102889432833
6710367,0.14570525503570028
6710420,8.886243946125754
6711306,0.13147406011403107
6711524,0.05077461036812271
6711671,0.1042995696242649
6712618,0.1009408706464495
6713005,0.06671325970401823
6713114,1.58419494722834
6713436,0.0
6714006,0.08484120671213374
6714685,4.070442657028085
6715369,0.11971477955318949
6715399,0.4843160677657077
6716034,0.0955563856981557
6716147,1.7860225911561574
6716199,0.1809503222282961
6716218,0.05347783707910504
6716326,0.17853399265680966
6716340,14.149330950783165
6716400,0.17227105491163483
6716695,74.44879650155296
6717076,0.8562706720944939
6718257,0.19777557035884805
6719207,0.13153763536392823
6721253,0.7330090245453967
6722338,0.306888382362409
6723035,14.70507209170434
6723207,0.27779192368196215
6723500,5.487138963131108
6724266,17.80563155509967
6725463,1.1013411684640009
6725469,0.8025106702636371
6725819,0.7698996513379783
6726274,2.9805587508561477
6726308,0.2390277943425494
6726337,4.081231605012511
6726702,0.18315458040833665
6726748,15.72700609273748
6729250,3.5101182744950497
6729383,7.9793393019067596
6729778,0.3016608186252443
6730582,12.636859296669943
6730680,0.09094874229989956
6731170,0.21268415217605435
6731445,4.85212340158502
6731463,2.2784855977194107
6731830,1.2260899367248437
6732446,0.5472014716687281
6733842,43.68984683735625
6734340,0.6149767978883129
6737827,77.21203180746346
6738639,70.14413889357546
6739145,38.77639822365551
6739520,53.908228450024474
6739776,0.10208616603002695
6740143,0.24927306302047034
6740465,0.3353242280299548
6740606,0.4949517419701502
6740840,23.598887900114516
6741023,1.554450418842546
6741094,0.22724533413391826
6741111,1.047634462511802
6741922,0.21174870533551207
6742121,0.10824970819920204
6742244,0.28842389761466664
6742250,2.5374225300705415
6742680,20.595577613303494
6742993,0.10132323850904323
6743210,26.083563440309327
6743346,1.032367470817874
6743386,1.2497821784657275
6743813,0.21294426227736096
6746003,69.00080813255447
6746143,2.4256575285835327
6747106,42.59242431181213
6747109,57.16347022091942
6747193,47.12015782368612
6747308,6.539047211117252
6747552,47.72663257605989
6747708,2.092673041549423
6747958,1.2949031121798318
6748710,0.07013926900753735
6748848,0.15000559772843508
6748873,0.23460131786566127
6748886,4.868014253199051
6748952,0.38178022777781445
6748973,0.6423852479958557
6749285,77.63358732102039
6749427,62.39514170917052
6749485,3.180729935882795
6749612,55.29569851985407
6750178,0.24960340454917088
6750191,1.6501672486139165
6750251,0.3449771377896565
6750443,25.76858314395934
6753832,0.1885764496848726
6753970,1.1513225680309973
6756970,1.4920090920604792
6757769,1.2687827187302179
6757821,0.3816599869965737
6757929,0.13950835983983617
6758221,0.2712114993241323
6758402,6.44520327187703
6758550,1.0725233363164262
6758832,1.707783241481968
6758846,0.2963095136739539
6758857,42.34135572066273
6759052,0.14028028191526537
6759088,30.31935150661172
6759264,0.5848523409659033
6759527,0.354664232371852
6759722,14.081738529734357
6760370,26.45790219121995
6760510,0.9919077387603308
6760893,6.85482982066614
6761084,1.9638066557900657
6761135,0.43091458220206286
6761248,67.33695664992956
6761867,13.952771595025022
6763899,0.2625704980872024
6764999,3.295611993431723
6765002,0.46115360282623147
6765042,0.5964964172647543
6765065,1.6804376394020115
6765105,33.905003442252195
6765570,58.61995161710373
6765702,0.15150510344460438
6766259,2.9548024266511623
6766662,2.6113923933750676
6766806,1.8865687114281011
6766908,0.22229698715819257
6767252,0.1466134009374923
6767503,23.379001974202943
6767603,0.2127901016510775
6767811,0.1784213228355943
6770160,1.0096994817536535
6771374,1.3985000193006167
6773703,0.1487316191973377
6774866,20.777672257932686
6776165,0.17471819880402056
6776299,0.2937734788999191
6776698,56.10991409985556
6776711,1.5446919296576698
6777026,0.2062042108763761
6777408,6.516040779034631
6777603,36.5775584169778
6778238,15.453394901663412
6778322,2.088940930388115
6778619,8.618646912351819
6778747,79.56146029503935
6778776,0.8700965107800708
6779326,0.6581294939071609
6779905,0.1515083559059134
6779930,0.35690166138489393
6780207,0.1296603464288692
6780323,55.49786633287985
6780509,66.86387596413758
6781464,0.21855978744051607
6781685,0.13044858732574469
6781859,0.6151632362692422
6782211,12.336830438269512
6782212,3.0906793611257837
6782331,0.08099288113543203
6782407,0.17469788596276056
6782600,0.29320717449750794
6782841,14.620649622891639
6783518,0.5411883709608933
6783942,0.07865595631500884
6784171,0.34007222004083976
6784207,32.314005667053024
6784345,5.242533835228961
6784378,15.215326487131842
6784453,38.476579744944225
6784669,0.09793824436830018
6784807,10.972608693948043
6785290,3.3366830416194637
6788274,0.22777613481787257
6790870,32.561911602637785
6791173,0.14699045740622393
6791554,49.47174966954419
6791694,21.416472422272562
6791914,0.023754681713036206
6792722,0.8384653284160166
6792778,0.3905409725890659
6793249,0.04738392326932186
6793382,5.780849372199697
6793654,18.95351589130372
6794912,0.15599523363591658
6794977,4.268684183594821
6795252,0.26535901003394463
6795356,1.2678517396456808
6795568,76.10082420422556
6795657,30.8399431936443
6795918,0.5373767175822868
6796014,0.1531627633168833
6796031,0.15468917013985
6796058,1.2815072907477603
6796235,5.085750589100238
6796379,6.145215236087091
6796409,62.462385494654455
6796474,52.45330755297757
6796994,49.00874468824269
6797129,0.05343211351869655
6798855,63.99065752239856
6798874,6.338181852773602
6799517,0.7245870436891834
6799539,0.8296766449876652
6799542,0.8604988924321381
6799814,55.75439214851118
6799864,2.401000805634165
6799944,12.88660280183964
6799999,63.03723381784085
6800274,1.8211680062483806
6800336,1.9458719816557424
6800548,33.79281979981455
6800799,81.14845053919274
6804744,0.16161030863428164
6805513,0.23972069064027804
6805817,0.18102010644823902
6807079,1.2854697753098938
6807281,0.39371665145501283
6807297,0.2042392387522474
6807358,4.960285520115139
6807871,1.903875109427241
6808818,9.111791246306888
6808869,9.11008566924865
6810316,1.8107897897247498
6810789,21.801876216016264
6811252,0.0
6811364,0.4216053123007964
6811543,0.24865653719888545
6811817,1.982153779922866
6812409,23.069464012178088
6812444,45.50440987819487
6812539,64.33023381580746
6812888,1.1863584858562115
6812924,80.26534493480257
6813041,0.16445380437690305
6813682,0.052136518396118284
6817489,18.358236734033575
6817511,0.19354669638592575
6818783,0.37550201965781843
6818919,0.5600835603068129
6819732,1.429348949064926
6819990,19.36245200590951
6820129,0.4489102235535881
6820431,5.706593504548832
6820773,17.151936173616313
6821618,0.2090501398018092
6821916,67.84129968268347
6821978,0.15846174866176582
6822398,4.2617639095389
6822430,41.22610525759576
6822443,51.57724592708158
6822471,44.60151937519765
6822519,1.0203229644690546
6822535,8.179614091030622
6823578,0.1941030864737016
6824005,0.10040457475739056
6824090,1.0819370075688421
6828417,0.34805813966805305
6828889,0.22425288187110073
6829632,0.1607025097465156
6829681,7.647010167270096
6829746,0.16266442254759114
6829990,2.833925012933631
6832599,0.15997475679567977
6832606,18.896321231533506
6833000,2.0950271229175756
6833049,2.5668098680200755
6833263,0.33594172175571363
6834701,0.4621747573684771
6834972,0.29816638547863045
6835487,0.11305038521929361
6835688,0.4659560168803296
6836304,15.699199534266645
6836362,0.11348363882923422
6836485,67.99610726604595
6836879,0.11623667874652235
6837002,51.9114368516626
6837038,0.9372308315439214
6837529,0.2407069082511512
6837807,18.82970508161274
6839938,49.2153086876444
6842082,0.7406083429751728
6842636,0.2790056860591625
6842885,0.25412110853797387
6842919,0.2251806653915087
6843884,2.367495498761194
6844637,0.24958838636698655
6845913,0.4037864964333349
6846105,0.14071359215171905
6846464,2.6875866795464685
6846536,0.08203866606126752
6846956,16.96661104331847
6847053,0.15945643292798226
6847612,0.3658212908356667
6848064,1.3870400693710585
6848451,0.6819393775414944
6848862,13.635899611600811
6849332,0.365247438004947
6849470,0.32955414760189833
6849879,0.26207931543850654
6850373,1.8313329762658255
6850801,0.2796702303936775
6851685,1.545665978443893
6851748,2.8364936048756695
6852513,0.37584911746650324
6852626,3.263622308358925
6852664,0.21042844284575368
6853271,20.487673289471616
6853472,32.45564921554114
6853532,0.18751546660350568
6853661,0.2141061656237714
6853689,0.22031961288331253
6853752,1.0154010160211295
6853761,78.17850845343139
6854013,0.5707437979494057
6854104,0.20298477754414343
6854304,10.32347892528687
6854372,0.1250122742755256
6854662,20.229097009798263
6854803,19.166468703220048
6855034,81.78401435977803
6860656,3.1673438774988645
6860929,0.3427208738576817
6862191,0.1880081780961167
6862388,0.9422405628537585
6862600,0.35124972113493397
6863057,0.17457437697607145
6863540,1.5802714022058106
6863691,3.1012598322538962
6863948,0.2329260562332229
6863968,12.102613805741571
6864276,25.53900001249351
6865053,8.005643650448597
6865222,47.237760443659454
6865662,7.164654832710065
6866061,0.17309035819568028
6866290,0.10844678058573363
6866419,0.051697846151330315
6866594,0.446679847434699
6867094,1.506858610136415
6867321,51.16615669375436
6867325,18.946887281020757
6867897,22.379325864492145
6869099,8.31359114847861
6869369,30.9932307911371
6869459,0.02448639578319449
6869991,18.09396407248061
6870280,0.18645221169893267
6870543,0.1709002245741608
6870647,27.876574009223116
6871028,16.193624795884716
6871600,9.936746423704044
6871627,0.17448521551668797
6875917,1.4509695775600453
6878020,35.48889763499799
6878864,0.35586947759673876
6879039,5.802313305932346
6879485,0.04824743666959647
6880182,0.15027266072247109
6880311,0.0676805796053891
6880873,1.3262994275402409
6881043,4.6885196380011775
6881101,0.4470927067824883
6881827,0.2308833879353078
6881867,3.113695553763203
6882661,0.070292613586059
6883015,1.483514624148544
6883096,11.996719135615182
6883231,0.06432407683726298
6883404,1.8908947642700131
6883406,10.98622447163201
6883801,0.5831640000905751
6883897,49.467996399857185
6884130,0.12594379115731602
6884254,0.1399925204282842
6884663,0.2375000430805444
6885205,55.00638106637544
6885767,0.2128195847161694
6885805,0.19648206449484026
6885838,4.149122441471003
6886003,5.744752938208852
6886339,0.3640867429025852
6886455,61.64527839657729
6886575,63.346820517122545
6886662,1.2117487145858394
6886846,20.033554674010766
6887127,20.09862135086397
6887166,0.5435665396111152
6887308,73.75801497714563
6887595,17.651415255801993
6887755,66.96047172419627
6892425,0.979732177652916
6893767,50.98768701305193
6893829,0.34908549538168177
6894501,4.763674520608422
6894965,0.2788755136563019
6895270,0.15126881767287
6895727,39.84723859429311
6895837,2.1713388190025373
6896737,0.33785149455931135
6897597,0.14040407229847016
6897603,0.4321208592461354
6897911,67.496039052703
6898500,37.133106458037815
6898938,82.37286094815326
6899160,0.05577301694991172
6899456,0.11442406712000724
6899995,7.559025115770796
6900168,83.36437780055553
6900378,2.2573893477182168
6900518,0.2966486120481137
6901350,0.07112701231658951
6901541,0.5530848822876294
6901827,1.5777392907638144
6901892,0.2659966684142495
6902147,0.25010123149436625
6902589,0.2292014571300134
6902729,27.536540300225276
6902828,17.718426398864448
6904576,24.361799170379285
6907341,40.07773952946206
6907623,0.23378918711182356
6908140,1.3422494890153225
6908545,0.005880608107374674
6908603,0.8968928621452275
6908835,0.2888586353902724
6908837,52.22988796873698
6909128,34.50537335251989
6909460,81.58613154346165
6910034,0.0
6910614,44.13219009386328
6910706,9.674976917454469
6912077,0.6533551140494636
6912675,0.11030689835279693
6912998,0.257869295931087
6913503,0.39743685100253884
6913773,0.9651197804440365
6913903,0.17767637519717566
6913963,4.563687401734184
6913969,0.5912911811657661
6914332,53.910473887438656
6914516,0.2435177904084766
6915467,0.11219873422400507
6919797,23.074222467672598
6920568,4.121164902193952
6921004,2.4484483397711765
6921249,0.18840136075231234
6921404,0.04032663401604015
6921473,0.6626383630869371
6921921,9.214665485589562
6922107,1.6189309844811421
6922269,3.237971229784008
6922505,1.6279573997015528
6923000,1.8613802401731283
6923485,22.71893290277201
6924109,55.68869118422686
6924695,80.08002594804039
6924793,11.402810752407929
6924876,1.3112489956567874
6924942,0.11609925219086141
6925270,0.17273022775407249
6926006,1.7199319664471464
6926366,81.44638217277934
6926449,2.1891196608022057
6926528,10.758311122732119
6926727,17.661156690591774
6926838,0.9360393466944994
6927013,0.980105297318138
6927027,1.7973514300796747
6930780,84.57330777810795
6931057,64.4078942012723
6932760,3.422533811814009
6932898,0.20880751367638642
6932921,8.94099938397107
6933290,2.732547961793509
6933582,0.2558558574449749
6933878,0.405166952791838
6934015,1.4512756015471229
6934770,0.24069426301187957
6935184,23.0419768855553
6935582,0.18304619489176802
6936157,75.05753964119091
6936316,37.191920753026764
6936620,1.1412011452652542
6936794,6.579010914368331
6936837,44.377820655984515
6937027,0.3336720996867199
6937200,0.19933037216018404
6937262,0.07008790166405651
6937375,0.08184231230301536
6937480,0.25751502093583073
6937591,0.16296384165707384
6937897,0.07111021805638401
6938259,1.6055027965056632
6938484,0.7190203048895324
6938560,0.13509350602151418
6938678,0.47802868253691355
6938827,2.560102635248167
6939024,0.16042326780945929
6939054,0.5613018826321271
6939235,3.426773727543922
6939260,0.25841958333198944
6939638,0.7519301749810543
6939660,0.19639191381516435
6939668,0.13589108479892525
6939719,4.219304993309768
6939758,2.9560865027351864
6939859,0.18997456106928068
6940034,18.984230453311874
6940108,74.26103331450336
6940115,17.222489213270485
6940419,25.35731029233369
6941601,0.23024486267617694
6941644,1.2865011323130027
6942211,2.4289731627064173
6944665,0.1468179505632411
6947017,0.27996768876567824
6947196,0.6874902172120786
6947396,0.2319144412912073
6947477,0.22855438209581544
6947601,0.18393441304063907
6947730,13.442714841740809
6948441,1.3807718474216448
6948970,0.19202490184235535
6949104,0.33275418154650627
6949421,0.23948355152364656
6949526,21.03281941671952
6949554,1.3625944708598074
6949828,1.5735046238700054
6950065,10.12022806384575
6950365,0.7013842600211022
6950477,0.1439830710946978
6950736,0.21747310825794172
6951735,40.51156615508851
6951995,0.2044075496123208
6952235,0.352032537116957
6952592,7.698900740133934
6952639,1.0752557228366386
6952888,2.6195460333008342
6953066,0.2159850879247804
6953132,0.15368848293509288
6953449,0.08207973996013289
6953483,0.3729434407749558
6954483,5.243225046056322
6955973,2.8549818769849487
6956630,51.84406596548908
6956813,0.42682351139390806
6957008,0.15352548293317897
6957059,0.21863375221051937
6957272,8.810432929980784
6957328,12.58332887447314
6957385,26.847786707574997
6958924,19.942464216912107
6959359,0.16926190482702547
6960073,59.93583851455596
6964112,79.78908453975102
6965019,86.22886087720964
6965153,63.74385634647848
6965655,5.4288154756007305
6965689,0.8191441405594567
6966329,0.18596000663589296
6966519,0.6385157538382528
6966635,34.37062317080294
6966985,16.56326720530858
6967011,10.103717634552762
6967119,0.13950059131028816
6967235,30.183857515332
6967708,3.5411920378579818
6967723,64.52001256137032
6967980,0.16203648155199082
6968050,66.90629697215365
6968410,0.05376315149224774
6968488,0.19008607560609683
6968737,0.7235038395382555
6969425,3.853579793371738
6969473,2.0872877191329544
6970158,0.15393786798274037
6970429,0.03956101741812858
6970866,0.07614435653855867
6970925,0.22062468991748355
6970965,6.959840127180413
6971056,0.9482744364726874
6971955,30.262935765710615
6972046,0.20906023545935343
6972177,0.07063727065883654
6972238,1.2058760581558725
6972244,0.11961499971281614
6972473,0.11853243892858548
6972534,1.1490197508063593
6972554,0.16446389407102488
6972659,11.575909905494898
6973159,0.11758443097667937
6973286,2.36145630947016
6973292,42.155691956443505
6973473,46.71155412587164
6973544,0.08674286509763608
6974136,0.2760265288397977
6974206,29.058763895785017
6974728,11.267675232813296
6975129,0.20665272099244864
6975897,0.9577574820315632
6977444,0.25044216980438894
6978254,16.439593531346677
6980091,82.98630825475296
6980669,79.49432113368654
6982174,0.14876921857091938
6982563,0.20036354766414274
6984612,1.2720047663724467
6985716,0.20476022770338626
6985895,0.0
6986426,0.19039559395465033
6986600,2.859286315836554
6987465,0.2444006617117169
6987560,0.0714829227936915
6988265,0.2728415976479702
6988710,0.34691554055060275
6988794,0.31801183254404364
6989117,9.519471212947598
6989258,0.14603534065870535
6989436,72.8840610876493
6989515,46.91344351404302
6990436,0.2953019481079897
6990524,0.20035985077953306
6991324,34.51048918698023
6991421,0.28769378861562317
6991797,0.6363345806317854
6991902,1.4140277814153486
6991910,4.140154912986974
6992300,2.039604375084184
6992310,0.1706945054342985
6992770,81.76487436943434
6992831,78.36035372230133
6992939,0.19313830775430887
6992973,0.26359782379681385
6993265,0.48446608723950546
6993502,64.0846418698101
6993520,0.037918896392581045
6993538,0.19690085093026874
6993862,35.459008780708864
6994004,41.497641338040374
6994032,76.7255259123797
6994038,70.21997216098465
6994259,1.4180278513481925
6995408,1.0252786485445202
6999056,0.16690128795865936
7000630,0.1461647911064639
7001049,6.039006502638093
7001580,0.22164689300609924
7001872,15.9122903575133
7002250,0.6217504359256143
7002269,0.2090432068898849
7002406,0.20333415553867024
7002635,0.5203366911432816
7002943,0.21259570587459722
7003992,0.2534260155843297
7004770,0.6654457144264241
7006151,0.360801476783971
7006695,49.46127241850473
7007199,0.10936121596196086
7007597,0.8401817602665671
7007729,2.2350640515871376
7007972,4.898654786996766
7008819,12.411230596690748
7009122,3.06123044181468
7009152,80.44380498805977
7009209,0.42816606687243647
7009949,0.5587996254872621
7010001,2.502607181524796
7010003,1.8418398929608495
7010013,0.16606360048684418
7010135,0.2613274447869337
7010406,0.9186877962564833
7011808,6.873585422043388
7011887,0.12359948827940188
7015094,74.29175741812584
7015213,1.3156450526688368
7016626,0.2326942702615275
7018581,0.11644559603004348
7019534,1.7181297773238176
7021332,0.5401071628377796
7021346,0.18499616820551035
7021350,0.14318156230596366
7021851,74.65295811803827
7021938,0.31948167081735557
7021948,1.6357199166016287
7022570,1.9183433945269213
7023177,4.161330888375562
7023667,0.14335675031998768
7024138,4.586334730135575
7024303,0.1738530753460685
7024474,22.466808431588245
7024538,0.19840566301697582
7024618,2.1327082137280517
7024774,1.3652852374367237
7024778,28.275850619404732
7025113,1.135333127974166
7025134,33.49038374660983
7025563,25.084524285421285
7025760,0.13333545438179611
7026048,11.76080238858331
7026258,0.11231699347254494
7032396,0.26405223477241446
7032448,0.38984034637153725
7032474,2.084000049618661
7032855,1.9624905679985232
7032930,9.39919376866509
7033871,7.538043159231761
7034574,0.13938203411679043
7034787,0.24704647620944492
7034879,24.477176742590203
7034909,0.0426181818816358
7034947,1.8950898372339484
7035094,0.1543689069540578
7035239,0.18990957518238244
7035304,0.42169653288899245
7035403,18.647100931569312
7035441,32.734937806612635
7035513,52.134624617392966
7036021,4.771351887564061
7036079,3.5858877579055153
7036277,0.6008879498313735
7036285,0.1886123386479599
7036787,59.30947890021021
7037516,0.2550634017657082
7037537,6.526530235674636
7037585,0.08143558706537551
7037740,0.09903695937091471
7037791,73.53450552976572
7037918,73.4555993045068
7037999,0.562508852433282
7038049,1.8345614425006824
7038563,0.2775764279238262
7038604,66.58983152903171
7038875,57.700363262165034
7039103,34.75278098195584
7043746,67.44279683279142
7044822,0.11916390935250566
7044853,0.7491103649703109
7045422,68.9939765068906
7047076,9.80269256671695
7047329,6.57176962208041
7047808,9.966451550355654
7048418,0.11848379259476612
7048508,1.8665660862811602
7050316,0.14960694801798394
7050346,65.59552566736079
7050590,0.16710400824732738
7050595,72.76796328849534
7050731,0.15799400773799827
7050959,1.3461305195406201
7051619,0.24289270106450006
7051777,0.0704302155803946
7051938,0.08980011952690997
7052026,0.08645234352579137
7052234,0.09790256747765541
7052476,0.0725565701924524
7052546,0.7981760151014253
7052658,3.5211092117260114
7053044,0.13375998732953137
7053098,0.11613968621256973
7053336,0.10314245673371197
7053353,1.1440126496720284
7053737,9.54401957926157
7054048,0.10608769324297636
7054405,0.10991688507568412
7062144,0.30841483692266447
7062446,0.10528876050262936
7062469,27.382721501008124
7062987,0.5824859216852278
7063158,5.85388395336712
7063407,0.18741931685987587
7065121,0.2019048228397236
7065419,21.456277480695707
7065653,0.570065951274955
7065748,0.11048797179349949
7065858,0.0
7066122,3.5515386863021874
7066281,39.170487046305226
7066401,3.143502340781783
7066983,1.2206676570646111
7067220,0.14420050172963847
7067267,0.5574129078183477
7067406,45.93436326312412
7067504,43.27441504682517
7068150,43.20256162429426
7068659,0.18016063193532522
7069207,8.503503828149832
7069250,8.173925092788544
7069551,2.1585573970856666
7069789,0.6183368489958652
7070028,0.2653330148403162
7070404,30.974678323976853
7070461,1.2280567587674025
7070734,3.9181306902023336
7070947,2.7210326000665805
7071504,2.8892115794887645
7071657,0.22867200336484053
7071804,0.17224183369681426
7071858,0.4061517673823523
7071867,28.272622417515173
7072614,29.907803689201412
7072679,0.05805510740578053
7072777,0.012349413658133449
7072975,0.13615333727482387
7073291,0.13041390420544746
7073896,2.485683034406303
7074062,0.9252826242448492
7074118,3.1073063811828048
7074169,0.34088063074764563
7074232,0.13804337303293124
7074366,0.673715557893756
7074920,0.7683190487081928
7075449,0.22956997806045062
7081004,0.16757642761550892
7082752,3.8828445297913987
7082816,0.11425706063861998
7083264,69.83617556899696
7084130,0.19707534516207637
7084621,5.404884951662104
7085741,0.2511022754367531
7085903,47.7426735463456
7086101,0.35674015302118645
7086411,1.5969137996742697
7087124,0.025007594377670705
7087549,0.13247629188233404
7087752,0.1376943649768814
7087777,1.5914496438958938
7088033,5.356720065825302
7089310,12.413282201717989
7089639,0.09917273359713602
7090512,37.096118837503795
7090821,31.97811156270815
7090958,0.22756423949627175
7091014,3.191534407958274
7091056,85.68009962835653
7091125,78.88921345746293
7091660,7.450568501985118
7092135,0.3730662923980265
7092618,14.37605757979295
7092626,11.60289369947196
7093122,0.09486242741594884
7093646,0.8244718482707016
7093674,8.387135383560821
7093920,72.29254778567223
7093970,0.07611246476138875
7094807,1.892130243407393
7094866,0.3619894042083919
7095125,67.43423374060276
7095331,1.0984377794218738
7095570,0.4325661545169475
7095708,19.97092680747897
7095888,39.04358516655633
7096111,3.3944500106542543
7099737,1.9185556680859697
7101296,10.441515648324241
7101822,0.25952618184135884
7104378,1.120481202069103
7105913,0.20640767324592443
7107053,0.086351926921966
7108462,0.0007577499013091765
7108852,0.8564307980427962
7108992,0.10926878289738254
7110032,28.030749655157493
7110061,0.2593773752007116
7110176,0.1083705913259174
7110657,0.16272596769185985
7110954,0.9412993521314088
7111050,63.3406015873785
7111775,0.08907630673832378
7111838,2.3780209821783136
7111940,0.17342403639531284
7112684,4.3860361399891055
7113258,0.15530968023781758
7113826,0.04642319869031829
7114141,0.1743839835333054
7114231,1.1102923143323353
7114665,0.1071597211162075
7114790,3.485416031060306
7115746,0.5407844987446362
7116273,55.972521381742105
7116566,71.78145818112604
7116654,0.10319439021103619
7116670,0.20145897385761485
7116786,1.1230594280624426
7120477,2.4227806857830205
7122791,1.5396659067152594
7123455,4.041277009229171
7124396,1.7144456854175885
7124527,0.23837685635552142
7124850,27.053285867413344
7125294,7.686673503795829
7125385,35.861361215965665
7125792,0.1726524153967649
7126159,49.26489955156195
7126996,0.1140456478659624
7127458,11.579277966435647
7127844,0.0028914759978865886
7127988,0.10556175588474492
7130505,73.07844689763708
7130506,1.1829497257572712
7130845,0.1242798428926085
7131007,4.07038579832182
7132096,87.59079330615361
7132341,8.95768907354633
7132520,0.09163713636304391
7132891,12.713566421384577
7133005,0.0
7134127,3.2514723140058646
7134362,0.017170599426604014
7134550,0.11879248053599842
7134595,8.179524509329871
7135297,0.21538697953456346
7140665,40.111354909864275
7141549,1.0645167585749533
7142361,0.05908727705104539
7142734,41.606410818007355
7143142,48.4993149509251
7143146,0.0532541746970568
7143974,1.19680225464214
7144102,0.24757124862695773
7144145,61.62409366918769
7144807,8.292502698318568
7145333,1.257460085838943
7147955,0.1901782030132348
7148121,5.496991921345018
7148487,11.76737361983304
7148567,0.14887940963651483
7148680,1.1164791270621788
7148691,0.01529847949367123
7148721,60.385845846146815
7148730,1.0193716219855922
7148789,4.92902832334169
7148791,78.16608063789101
7149042,0.656906447205078
7149408,0.0600452537070368
7149691,0.8005578020232185
7149710,0.045635642145169124
7149836,0.06895710377242474
7155068,1.0266987367872427
7156481,0.035203759399590355
7156537,18.8720299944239
7158236,0.028861598752425756
7158408,90.67102142145616
7158916,10.489119602899585
7159258,4.545607386600962
7159259,0.033421683201443717
7160363,81.84093323449994
7160545,0.28693772944528295
7161112,0.019596294790186278
7161416,44.62495984104334
7162419,16.839567444868237
7162435,0.15643112407477577
7162441,0.08880202877089703
7163131,0.08200607502361706
7163349,0.5379236662396255
7163434,0.31837990733443366
7163999,0.4218038690868338
7168652,8.079173420526807
7170149,2.0321392174836204
7172107,0.21171945509630716
7173501,2.0669455750976202
7173574,0.12466767855252758
7173841,0.07237740149371782
7174361,4.074792803051115
7174695,0.4294953653405144
7178232,0.1166610136295496
7178361,0.39926923591691904
7178556,0.10774930981615628
7178827,16.0783225390343
7178887,0.05393816904464334
7179078,2.7314054534789447
7179131,30.000774380571727
7179291,0.641475047660669
7179339,0.07554574357811039
7180015,0.0866218517026613
7180568,0.0
7181242,35.563051975797094
7181422,0.08516945340727572
7181644,0.11040049876364626
7182105,6.810323077748501
7182243,14.198024012925087
7182523,0.16207350613678295
7189370,0.030630811016727214
7191373,0.18727959655224766
7191781,0.1383672902927935
7192484,0.2708751678084037
7192809,16.75022401708637
7193370,0.042525125090746164
7194042,9.715991987447575
7194843,0.7843197995608095
7195227,0.042287339987769824
7195473,6.469449581635274
7195888,0.05442209661152069
7196194,0.1346949350546938
7196427,0.1562595339120385
7197409,57.20139200328513
7197423,0.7556091556456952
7197860,0.0640246096322588
7198644,0.053144261983389854
7198878,0.06104757925580698
7198959,0.03202883270355919
7199049,2.510504894708866
7199258,75.67099089765726
7199464,0.1130379016660897
7201169,0.05289789694367413
7201615,0.0623886363050282
7202368,80.96037186530897
7202409,20.3567345558035
7202612,75.91019981447194
7203655,8.909131435775723
7203672,14.926394728898481
7203867,0.09520743430136956
7203943,0.055966979241495816
7203949,3.4931941359782637
7204171,31.741341301188285
7204409,26.517028821861484
7204443,71.3535343073552
7204547,0.08548364230473027
7204890,72.82526319100484
7205083,0.22260145831891515
7205241,8.694245409958445
7205533,2.208101412612189
7205903,2.4097132545004984
7205945,27.692553578049736
7206140,0.11971008887380924
7206489,82.65799673199602
7206796,75.5182559933289
7207910,48.90489920719625
7214055,0.050253596524167055
7215518,27.46337149779328
7215836,0.049775012473230386
7216079,6.213523355504965
7216784,35.58849044149297
7217157,0.10827452650717595
7217957,6.9786979669823745
7218076,0.21037102432101865
7218272,0.09030646560448492
7218368,3.012417407685841
7219051,49.22308645301309
7220651,2.2291667752930517
7221003,0.5350136011736978
7221712,0.1364031964127892
7223743,0.1990093125187808
7224086,2.5863978109025885
7224609,8.414723793089669
7224899,77.9934870482051
7225585,0.7542191868187617
7225593,7.977618009371887
7225598,0.10070201343398716
7225732,3.2278826218822823
7225919,30.756629872557344
7226069,4.197282713132978
7226543,2.201496888033707
7226624,0.024206547079689507
7226840,13.70752546004618
7227152,0.20442895648778048
7227418,6.548205475885654
7227555,0.6844275376931384
7227760,0.16346176426130996
7227988,45.47624564546158
7228397,0.12643599150586032
7228424,0.09585371840728671
7229757,0.12154062326973013
7233505,0.5084261958672642
7234538,0.09147354313756098
7235787,0.0892368981972548
7236337,37.24624701475373
7236487,0.9657232023897633
7236638,0.5786304273903079
7237484,0.046219618981495625
7237763,3.3258333370921327
7237848,3.3734074302580965
7238041,11.339741708409665
7238540,1.0712920045524894
7238562,0.13709046502405117
7239039,0.0061362856378312045
7239527,0.0491735850477054
7240056,3.3536460445821943
7240464,0.11394073118260388
7240997,3.3134826578301446
7242683,0.14498297120572817
7243067,9.284183168262338
7243708,0.14169612376176108
7244171,19.935440269277777
7244699,83.15253863083576
7244823,1.171343574129356
7245239,13.513700525578653
7245295,56.77765200820344
7245660,0.20248812866178062
7245793,6.969948430520185
7245876,0.7971207594124381
7246159,0.06512146868356565
7246373,0.5885789768085878
7246515,0.6657368993700645
7246533,0.07846030693213624
7246609,16.709881445358814
7246783,0.061310720507335985
7246903,22.426307863250386
7247357,48.99308142673971
7248189,1.8458721805217857
7252936,0.027663237695293684
7253330,82.87326309084621
7254436,3.506546742918138
7254969,0.06877033384634737
7255372,0.08112425676506388
7255568,1.271135808223137
7255653,58.45254144314292
7256000,2.4640379717822083
7256216,66.94713183439973
7256732,21.663514590399004
7256796,0.02063692546417447
7257163,42.919652564101405
7257303,8.059750001127513
7257465,0.761665587154922
7257922,0.20563021014157196
7258087,0.03290071123093703
7258864,60.451394342942976
7259369,0.13567319900899905
7259638,1.2367550786096195
7259804,2.8718883965002195
7261121,0.03425231165791624
7262042,43.21698307221564
7262304,1.7115552311720428
7262312,68.53743603558955
7262410,29.447192150076916
7262451,0.09118558561293102
7263510,0.3186507171560622
7263899,0.08106293877083483
7264287,0.06346731796668029
7264379,1.6726862914093654
7264496,0.25773071180827306
7264571,0.17194296359267602
7265079,65.41934586256737
7265118,3.2780612837287064
7265271,2.01363300686048
7265331,0.7122081538592163
7265407,10.367912462243044
7265495,71.46804728548793
7265571,7.644315192699921
7265918,9.026053036703233
7269771,72.31945200532489
7272453,0.1315335273763378
7273249,0.35433293065764476
7273562,0.133862795401661
7273752,3.884999012120452
7274100,8.71988072875735
7274216,0.12268112760287687
7274672,0.3205686744454064
7275169,1.255372036735479
7275569,0.8106764581190663
7275726,0.10427504780055825
7275822,0.9839919398749725
7276603,0.06658789251182567
7276620,11.906902434928435
7276862,0.0625701531045764
7277102,1.8375515987085271
7277143,0.11387631798565849
7277180,0.06412408307753419
7277230,73.88521337507132
7277600,0.1139263723758648
7277878,1.3533668084833506
7278293,26.90183623665952
7278383,0.024972468637790658
7278762,79.25945082381803
7279081,84.55296474828725
7279392,0.06713388221066602
7279583,26.308864088330257
7279612,0.052426664966255795
7279657,0.08703551504985049
7280322,0.10932213704322948
7280643,0.9115653177069433
7280861,63.28783532010305
7281309,72.37532317596155
7281340,0.15267624605643698
7285712,4.986153196179373
7286166,8.471306975515404
7286324,43.85656576170577
7287390,2.9005494675337227
7288168,26.9718672910539
7288752,0.7905990960267499
7288823,0.8395059523136844
7289134,0.1530198853185166
7289414,0.11397215584666316
7289496,1.1590297569565016
7289727,0.015937151161773244
7290379,0.630732096580042
7291229,45.979167658145705
7291438,30.666950363154633
7292011,72.18638458656167
7292020,2.110780511523811
7293098,0.06915532825884539
7293292,1.328584985762959
7293915,0.14442844387269838
7294013,1.085717455461103
7294129,50.542511940394576
7294234,3.3168220418722374
7295210,23.572204052136676
7301460,1.7084391124117344
7302070,5.5452844826842265
7303995,3.405502153663317
7304034,29.790924436056624
7304094,9.040707115161883
7304695,6.4376570610435255
7305139,0.7389070367935389
7305967,0.08686344701171056
7306108,77.92686389663804
7307027,1.4765169482309282
7307682,24.854900541590588
7308118,0.0061240168668120105
7309633,0.08785086339858011
7309708,9.5897519237169
7310097,0.7790106145816985
7310140,0.06950193053568499
7310144,0.14809959720961305
7310752,2.269085886105829
7310835,10.32583488897264
7310948,31.4490745950531
7311209,0.09266640585307565
7316104,0.06617082002131038
7317062,48.87706162389255
7317063,12.998339216377229
7318106,5.73588018639011
7318332,10.96980948694052
7319169,0.6094440303819831
7319582,0.059906675819838384
7321054,0.07994408842472969
7321292,0.10823914548313968
7321314,0.5226982234380587
7321343,23.092432800653924
7321443,0.09346929651014226
7322088,0.03707422498678875
7322656,0.058703671801680464
7324457,57.21979009890973
7324746,28.841457905067
7324952,0.06449476554321104
7325889,30.07912283994676
7326082,3.2425524134330153
7326201,2.765796938443718
7327841,3.2673948806752606
7328260,3.002945414568919
7328712,0.05323694004381089
7328754,3.5302461949945165
7328775,0.2674827720423784
7328783,86.13079165521692
7328852,11.304925980189307
7328890,0.12414605217457948
7329091,66.46209665384795
7329161,0.18380003156129857
7329694,0.0
7329699,1.386877021265962
7329781,4.147238329771224
7330216,77.25944302137515
7330257,35.22635252268849
7330270,0.16649712336967668
7330879,0.6541956277800525
7331083,0.12555140536940826
7331201,2.1212857168301906
7331850,0.2667162256945435
7332130,0.004759134781801016
7332552,0.4018735703444782
7333311,14.164075000334991
7334459,0.05317816586824389
7336658,30.241265415874604
7339012,1.576479212808711
7339716,12.515279967160955
7339994,2.2029845795357796
7340280,1.913166096555677
7340318,2.6511694258739427
7340771,0.2640196176896487
7341077,0.1275735256178232
7341406,50.006879817560325
7341424,5.614359756107911
7341500,0.034433540858906146
7341541,16.34553542893078
7341705,2.1193181028993786
7341912,1.6736422007617828
7341983,59.72645062945658
7343477,2.2686527853607896
7343512,2.5681637965852033
7344720,77.46375970901201
7344761,2.364694196527848
7345333,0.04349540813443163
7345443,6.190327477234376
7345708,2.223254426207632
7345789,54.426157223930424
7345807,0.020785645752642478
7345868,77.85524071742108
7346270,0.6124721730556603
7346434,0.08930186973337934
7347106,0.0
7347486,0.1406786141948677
7348509,0.05534977384557878
7348714,6.99132429986376
7348959,70.52187066911632
7349064,0.14803562013698388
7349372,0.8828569167382374
7349421,1.8990538481478005
7349556,2.916482754680674
7349633,0.1288355101454092
7349830,4.284345100685146
7350888,0.14322013113530213
7351078,0.3633840674329175
7356030,48.11543869336688
7356831,0.9208027752406531
7356890,0.12657813016899155
7358093,0.15273137382413057
7359313,0.06478628284185523
7360214,0.04479970198927655
7360402,3.2628342904758467
7363109,8.031574071734807
7363175,0.05052336724886187
7363608,0.5980217539460498
7363690,15.66280067578427
7364850,18.41566250597173
7365160,1.0962521096954976
7365481,2.2755144685897473
7366831,0.01062899384513311
7366839,7.381747163751652
7366982,0.020087385201882454
7367009,0.027348233234187665
7367029,0.8621905237408434
7367039,0.523069791543556
7367913,0.05036467837970816
7368173,0.4934721309223644
7368274,0.6272745382534938
7368444,0.1064978181786506
7368683,53.05415178534701
7368887,0.1164134032056967
7369097,35.81255781439858
7369427,7.755449251541186
7369806,0.2511766346129295
7376652,2.7643921771188245
7378058,0.07037047232301172
7379353,0.0
7380251,0.0
7380485,0.12449269017909301
7380663,0.20830518077876062
7381236,0.13804720914063534
7381816,41.079127807776544
7381893,2.9990290936007584
7381928,0.08630544472923916
7382200,0.02580782575327663
7382245,0.40245864629367584
7382396,19.487208076744853
7382573,0.10336776451641864
7382982,0.04232072976845975
7383173,3.2722643335967856
7383380,3.3761430959796983
7383722,0.12819868621643257
7384002,0.035601077588504684
7384040,0.04588497317726869
7384393,1.2725153850551791
7384633,20.379933267680453
7385589,0.5548111876747132
7385688,2.315911312197698
7386119,4.0339157595088615
7386158,0.7500997867598245
7387040,2.6237083155696483
7387093,44.46712336078279
7387604,48.58302971275764
7388240,35.59429122054146
7388254,1.3534564882366888
7388452,14.492072633195274
7388612,31.173559953450578
7389044,0.13076893963643949
7389278,0.06046370412597453
7389481,45.114136726343716
7389639,0.281315823379175
7389683,4.323043216948792
7391230,26.993315658252843
7393127,21.005860294923643
7394136,0.04905250323527068
7395202,0.06308987384724286
7396215,0.04192256395422057
7396507,0.06751789974355688
7396662,30.26424102857623
7396853,0.7775952594261635
7397226,0.035754028634805896
7397237,0.10556172415042966
7397649,0.031216488458736563
7397699,0.729963473850049
7398008,2.1119052755810452
7399178,0.07037363925781244
7399717,0.09136613723817179
7399754,4.342070669962083
7400940,0.09825253989217869
7401048,0.225588033156318
7401503,7.5261767185987845
7401512,9.824711026687702
7401514,24.86361574027612
7401573,3.9843040787463244
7402299,1.375072078199859
7402888,0.04423356012918531
7403009,0.5665200086768637
7403108,0.05778525039405907
7403320,0.3390398291260444
7403721,0.13752688308375227
7403758,0.08892729388422564
7410392,14.179211127436545
7412399,0.1639621298264296
7413605,0.5049124286931324
7413866,4.967920891291674
7415905,72.7317068904301
7417520,13.18252753938938
7418759,72.42590492731786
7418874,1.9298917756909295
7419238,4.325338455375852
7419253,0.1568451269473123
7419334,0.1225811715856444
7420849,0.05068884436935369
7421191,5.162087954486146
7421751,4.829869454976813
7421930,0.10725361709508413
7423596,1.1634203518655588
7426597,86.43936282816898
7427528,5.198499579903746
7428365,1.263094610717631
7428891,3.761196137013619
7429161,24.24947006035517
7430660,0.04369018104082232
7430873,22.69530903089481
7430991,54.23787731527791
7431316,0.08652746429165996
7431452,2.1094208077832355
7431609,0.36304391627572463
7432279,0.1506460932084469
7434061,0.0493762014856186
7434316,2.0747514582098154
7434350,0.9288509117077384
7434480,0.15048086592304258
7434615,0.113010175175026
7435200,1.285564351612872
7435223,72.28292985247029
7435430,19.157714405779345
7435466,0.0
7435577,0.40041756235241666
7435882,0.049091978340896715
7435904,0.18447868791315478
7436186,16.266206913393802
7438240,0.12270283400150549
7438896,27.151932091946314
7438925,2.292242788354394
7439092,0.28839502535894945
7439516,0.20894462180196324
7439751,3.1665503519191938
7440548,0.12191058156567969
7449531,0.1159794192529642
7450216,67.39923438239113
7451040,77.60961927574401
7451145,1.6079240132850658
7451599,0.057930151774704126
7451805,0.03324009958859364
7451911,3.341377149229148
7452230,57.56693601073379
7452390,4.682723069429564
7452454,0.14606620808005488
7452896,0.09555923278441901
7452987,6.51101986297628
7453537,47.18706083316886
7453831,60.69396530796914
7454031,0.09569340526303219
7454171,0.12230244574368566
7454326,0.05195896297555643
7454378,16.080185122630617
7454446,5.069773558428451
7454739,0.0
7454853,0.3356818367682074
7455059,1.2551247184921046
7455785,0.14315745467239543
7456166,23.38857428548169
7456692,0.013630887963376742
7456879,0.08451491605357407
7457099,71.03447944022643
7457101,0.12522454554573972
7457698,3.9379239005237805
7458382,0.6191878534035351
7459320,9.085376881213762
7459809,4.690701738925869
7459879,0.9827757151928005
7459928,41.22240952742625
7460009,4.169869990812097
7460265,1.9041097196620955
7460574,0.12968647776519124
7460748,1.7773756966614498
7460933,50.409225934914666
7461502,0.21813510309183076
7461785,2.038743696308927
7462057,2.993117918398671
7462785,67.99769255570568
7464214,0.12109315021922518
7468695,0.7302883937346711
7469908,69.68436002607883
7470123,0.06925248542081754
7470253,0.11660828590133408
7471116,0.1150041481170909
7471510,0.049490912840819024
7471599,0.46744683271348275
7471917,0.36645816113386465
7471933,40.4454522839791
7472384,0.0075395868975677745
7472465,0.10193609301521511
7472513,1.7559313622339108
7472710,51.50798669632422
7472870,3.827115682544663
7473642,0.06236560769650403
7473685,1.8504371051100763
7473909,3.677183403279547
7474172,0.02852207937314779
7474311,0.31474980500240246
7474816,20.762606344332283
7475552,14.619133039421747
7475708,0.04100907708765697
7476506,0.1340352104491068
7476713,0.11586705258608078
7478570,1.753820779595557
7478950,0.13952463098848314
7479939,26.015835695847745
7480189,1.8741658235474976
7480229,15.506140122228285
7480309,0.6907800223072229
7480729,37.309720672946696
7480853,26.9581514215234
7480890,52.801245723887824
7481844,1.615307964362177
7482524,3.25878587814225
7482767,0.025059617001945766
7482792,8.7407919327709
7482821,6.833913302215472
7482867,1.4426873526296926
7483113,0.39722235736894407
7483186,0.024725072099909165
7483940,0.747378084818647
7484548,16.504974516714636
7490151,61.87679212045356
7490286,2.332622268315855
7491108,3.464166299298153
7491590,0.5486757656805531
7491713,0.0014882757411420016
7492292,3.2266649274001646
7492539,0.038323865157442925
7493359,12.607016446940598
7494744,79.87498348987384
7495368,0.6750077596619865
7495477,6.264466993224467
7495768,0.1962648186020623
7496044,65.09379579423884
7496274,1.8108933260478268
7497287,1.0279344809096933
7497599,1.8577660846036763
7497652,0.0
7498271,46.55273027838189
7499708,51.464888486578694
7499919,0.03534008896168239
7500139,0.9078825428392832
7500228,60.876551924511745
7500641,0.2125424989769892
7500745,0.0
7500903,0.06010389161254248
7500966,46.88570850193339
7501292,15.658952817484908
7501556,2.5719226257063394
7501694,30.282797334932194
7501717,17.76192928137326
7501794,0.10933027797490256
7501806,2.149687992266143
7502141,77.73026569444653
7502146,18.092415217951448
7502549,0.5203360449222876
7503672,3.110420299732746
7508560,66.69576482082405
7508588,22.603987655512256
7509362,0.179191801708223
7510924,0.363789180979842
7510976,0.2666557719665716
7511452,79.8340801944648
7511919,0.03950874684777052
7512056,0.05689756999828884
7512116,0.12205706960858585
7512240,2.0004196970288883
7512767,2.160294073075974
7512811,0.04616580231026953
7513650,0.7261283122531306
7514135,0.0577606766480362
7514466,1.0577524768095223
7514849,0.0
7514964,0.25357269606444
7515499,0.21853583528224624
7515787,51.81331323802355
7515971,0.0
7515987,5.964149399188903
7516218,12.970902960353973
7516219,68.8670657962361
7516249,7.144090853780102
7516992,0.04990204214975424
7517207,1.4124628568463895
7517482,1.199532589533261
7517578,0.061118591377262714
7518146,4.336027950634098
7518301,0.0
7518450,0.06037922964507853
7518501,0.01670765934639529
7518559,0.0
7518967,3.2394563469803734
7519317,0.001465420056966676
7519448,78.3921278473632
7519959,45.361365262076205
7524934,0.04381397680410089
7525255,0.5206016187625138
7525375,4.249933411000769
7525874,0.2258339393770899
7525905,0.04446802328913543
7526088,0.5382491025422194
7526377,12.162186572912042
7526900,9.1649033639163
7526944,5.968538648383177
7527469,0.7068539636687172
7527607,0.752772249321967
7529231,0.03327443091211758
7529906,3.9025901504005054
7529908,3.698831456445986
7529943,0.02662318599871003
7530563,0.4695119861379324
7531309,0.04703249546607741
7531604,0.5166583619647815
7533321,0.019678550069006026
7533626,5.493165755582447
7533864,0.06310266795195679
7534169,0.02339988653245553
7534463,0.067046797572182
7534543,33.68719778706692
7534579,20.216912982350625
7534996,4.1180962411272
7535272,26.432949454305362
7535303,0.2506298464392101
7535450,24.63163714860001
7535868,15.47833109938156
7535873,6.427362764775964
7540025,1.156681290002556
7540104,80.38236988658198
7540256,0.196174047247886
7541249,45.860524146408515
7541444,2.4328950238627116
7542840,13.859047572934877
7543133,0.9017507134107394
7543232,0.13037871224946052
7543381,7.498646637196548
7544036,0.8534649443550562
7544344,0.8645532790840798
7544831,0.026699081225252077
7545043,0.03410448888815674
7545351,0.09726559556435
7545729,0.5264028101703829
7545751,0.026714450766668108
7546039,0.0857105633132324
7546171,0.5040007267100562
7546944,39.09753711887664
7547454,46.4878854092862
7547481,1.8202500793945489
7547536,72.72604622091652
7548106,0.14839619913021693
7548503,0.03799360041705551
7548659,0.7662022242385768
7549019,2.1038438785650606
7550058,0.48225044049501137
7554458,0.8471421530545525
7554629,4.093775990306403
7554634,55.00004125103298
7554902,60.304208256640884
7555676,1.6502018499165723
7556003,0.25883307229359725
7556587,0.0
7556715,0.33339498484413566
7557546,64.6692431405018
7557547,3.5031392543207938
7558578,0.721150098194718
7558596,87.61420634740043
7559593,9.16735469442809
7559955,39.36397841944076
7560016,15.489586085412146
7560291,0.412545528610481
7560658,0.027189292193472967
7561584,31.05602896335774
7561688,1.1844275759172092
7562042,49.77215778252524
7562061,1.0839318316919877
7562534,3.4422636989957067
7562837,0.0740883391690834
7563041,2.7841375891678877
7563426,0.031116019188076154
7563717,0.052394120862869195
7564276,1.005843968260562
7564577,0.0
7565120,6.678381026843782
7565221,0.05972625580077124
7570475,0.0255354332034336
7572534,10.549965826869435
7572637,3.124926430531387
7573103,0.10635763573645207
7573321,0.16087834726776434
7573681,0.0381144608773108
7573932,0.0
7574438,0.07256372038277502
7575352,0.20168939106353165
7575668,1.8027821701388838
7575934,0.9106901325349543
7576350,0.06987532795116816
7576897,58.807977830898835
7576910,14.842221319965365
7579241,24.705655396569384
7579396,5.450031723211466
7579619,0.9075143764933316
7579681,0.5279713068396114
7580481,32.76891835399095
7581316,0.0
7581334,0.0496435733544366
7581456,0.0012087390438305656
7581679,0.3229146150548193
7581727,0.06348432549892707
7582163,2.8707828697057707
7582168,3.1530720203618396
7582705,0.07716633458404659
7582706,0.06252593326572706
7583507,0.034011241300127025
7583981,0.0
7584224,0.05103251525161473
7584471,0.4074163268591616
7584660,66.0534185869994
7587270,1.3244762460809139
7588165,1.2086289430341621
7590712,55.730299116930816
7591467,0.9695593103669935
7591512,0.5575607627394813
7591595,1.210553604692933
7592976,0.0
7593263,86.49389446938771
7593556,27.192974081956766
7594093,1.6064458339483099
7594911,46.97348421904464
7596004,41.991460357197994
7596078,0.11650062489261943
7596341,0.07995587490887969
7596536,1.0263016026677412
7596687,0.06790827739187592
7596739,1.288903689026551
7596751,47.64061626456946
7596900,70.06114686751341
7597951,0.07674067750462614
7598279,0.0099594095972386
7598986,0.01903354544317917
7599311,0.20365491847973113
7599569,5.802667396537288
7599621,0.04540781435936674
7599873,0.08543090698730241
7600983,10.727455232208767
7601046,2.013761164425902
7601559,0.8674046656201005
7601632,0.03256033248981488
7601723,31.219850843669125
7601924,27.633037143064538
7601979,22.962066479787428
7602261,0.28785205492935273
7602442,0.002509865689495105
7602528,0.02191322485005638
7602563,1.7502571589082359
7602785,29.709671960404442
7602826,0.13548966911208135
7603070,0.1637592770180826
7603125,2.1670521701510226
7603341,2.3922412724145072
7603430,0.3007231000325019
7603440,3.4607588858790863
7603693,4.388529039964842
7604543,11.059153462357187
7606677,1.3697120294745402
7607537,3.3740863294332644
7608700,67.240533821345
7609843,41.98195492511828
7609957,0.2277825130072457
7610704,8.815524860445601
7613124,13.359725924989926
7613146,57.57488514161762
7613150,7.575328969861582
7613846,54.38668765618398
7615088,2.971626691142334
7615496,82.05945411581993
7615503,0.6788237469789885
7615626,0.7263868861579482
7615693,2.013698439042515
7615935,0.05764819714075293
7616025,1.0885580402558168
7617383,0.005626261633333029
7617589,23.36149143617828
7617694,21.84615001544612
7617812,0.02004272153423038
7617911,1.0829152757216283
7618476,1.4809204325907082
7618790,7.999101154839453
7618847,0.0
7619668,35.277898083683525
7619996,0.06923007750926381
7620029,0.28794222905106936
7620257,1.8579663483159548
7620592,1.9810806250195518
7620785,24.193102792149972
7621032,0.33476806208114135
7621131,55.288717052452256
7621381,3.7149636503274683
7621415,0.2031592126083057
7621629,0.033444032880757896
7621748,5.262319183881446
7621847,69.22413346797994
7622042,0.07302695222468077
7622051,45.66747890881869
7622697,0.16102274332097574
7625298,5.7643899683289295
7628442,0.07649563614340803
7628791,48.85981554691672
7629108,1.956880540473411
7629339,2.7926165000032848
7629563,0.06776310399268662
7629815,3.4475294706841146
7629972,1.6142805144498125
7630082,79.08813334332747
7630302,64.05056226741642
7630502,0.04816132008841294
7631203,32.60859535047595
7631233,0.10478994802644988
7632731,1.1234674432582719
7633057,28.50470675228116
7633239,0.9874417110494305
7633247,16.076653117800614
7633609,0.09014885384713128
7634327,9.294660772559515
7634805,0.05177698445476837
7635764,81.2421438050455
7636280,2.328227333318528
7636284,0.13270558447196082
7636455,2.4107529114955595
7636890,2.6264966310656415
7636954,0.1948076297402063
7637001,0.5192069093187192
7637047,0.03405498225836233
7637112,0.08203650183362572
7637197,0.032267548676348075
7637472,0.09413173599317175
7637896,2.933784614036612
7638216,64.88120654912011
7638848,28.716944800320473
7643399,7.924113702084342
7643428,6.953925187970223
7644203,4.694319306957918
7644505,0.3782305294152573
7644813,1.2978473635669725
7644838,1.3671850374253507
7645359,2.4569305363158835
7646522,8.864079768392594
7646602,50.57797248073582
7646751,59.51668211989485
7646825,2.0673456874999374
7647268,14.175743897824415
7647719,0.010065437006551717
7648634,12.65274787022602
7649526,4.71214311700555
7649846,88.58233025739672
7649902,54.182921594894324
7650597,3.49526555196705
7651280,0.11797170805855964
7651474,85.97544299728546
7651698,10.198994719844979
7651715,0.07758239609994409
7651885,31.767528743897824
7652100,0.0
7652181,10.181844171312736
7652345,0.4584099993748996
7652500,6.618365151447934
7652508,0.0043960468571280385
7654931,87.96509660415798
7655858,0.16671761154043144
7656412,1.9893880450477017
7656808,0.17460307153891014
7658409,19.237594213868828
7659042,0.013478258025008717
7660099,82.06481033367652
7660226,9.566032821582128
7660468,7.876762452951842
7661395,0.047959186917519846
7661915,53.241694285082076
7662069,0.013701250219027182
7662742,7.6153026969683415
7662874,21.12546060138413
7662981,0.8110072941533312
7663500,0.038630839010637096
7663617,0.1249740627797839
7663756,48.42474031136955
7664066,17.67170236717945
7664144,30.953022527480964
7664262,2.877418906890356
7664465,5.0113711384308095
7664855,20.142973312266268
7664863,13.352668962458788
7664959,1.4362086596678194
7664965,0.7894394997314095
7664991,46.9469978227585
7665230,0.01677707366027787
7666157,0.07039030878071198
7667953,0.049423282583858606
7669241,72.38974157401952
7670668,0.18312276953705425
7671984,17.730155162706943
7672306,57.750711961722935
7672361,13.97836065957388
7672571,0.19151150738473038
7672817,83.39969481772079
7673779,0.16002881768331217
7674659,8.586016274664814
7674796,0.04745481978208358
7675647,4.856784335304806
7675781,73.15262784991457
7675962,4.6743418561451024
7676145,77.66569843683969
7676301,0.10642540193514069
7676306,25.553203014550196
7676721,27.350899502368332
7677505,5.3187247675103055
7677597,2.2262180537571514
7678084,3.3815606609643987
7678187,0.07906538337795187
7678351,0.13956371129089049
7678386,0.2036570717976049
7678450,6.29660432758154
7678730,0.00522271957940919
7678743,46.10631965816504
7679047,14.574437981807478
7679086,1.430520310207176
7679094,1.6943732038115948
7679120,22.2477802004314
7679142,1.0404604479185067
7679541,19.277232341212073
7679714,41.59910551355076
7679818,0.0702089906057142
7679943,0.9307914803047184
7680278,6.0052936268795065
7680709,67.89609001384062
7680940,20.479713952564648
7681478,2.33285685356902
7682344,1.3654451341902492
7682866,0.11184073487627808
7686178,2.1392529374116043
7688130,86.16975709269113
7689495,1.3316324200272258
7689651,0.8656967187943273
7690729,22.908558951193626
7691006,0.1815240149703499
7691059,0.8843070713760098
7691790,73.21185032989466
7691908,0.0726576161113775
7692326,19.673970095602968
7692701,0.45942684949638424
7692866,0.16558529783498685
7693037,0.12738956468662552
7693040,0.036697800199582284
7693124,4.19874085186025
7693320,0.10471564946676137
7694064,16.72797935773073
7694654,26.89965541397753
7694852,0.2091635300991212
7695043,63.73116055106713
7695220,2.664763816121145
7695909,0.9025893232359121
7696314,0.03432903503530157
7696645,55.398996145009484
7696843,0.04993966015808471
7697025,0.25167089578445795
7697055,0.03878758677962535
7697082,0.06968042614149958
7697100,30.661594698549127
7697425,0.08015371684768276
7697603,3.381173989200358
7697792,0.03186479109658758
7697857,0.20920561263837323
7698190,12.96743850796214
7698521,21.28151584894347
7698530,0.1261941489326136
7698642,13.109856799462973
7698722,63.04039740795693
7698923,26.662229433783
7699037,3.4270631137179683
7699156,0.004450387127874504
7699220,0.06665543353855398
7699335,1.0240063511200854
7699366,0.17429177218466305
7699407,0.14733633694074647
7699703,0.035442645203136086
7699962,9.408949866931854
7700054,65.12738815254775
7700741,3.856757927216142
7701295,3.638591241338078
7704198,0.005800397539968684
7706406,0.0561959899370484
7706455,8.557999844116875
7706471,0.11787146570138227
7706593,7.587494818625848
7707191,0.06305256261684539
7707274,6.758032537413101
7707725,1.1623542386002368
7707789,77.78426832804303
7708148,3.934748639538683
7708671,0.10603931273515514
7708860,70.89008133981486
7708861,75.30769764878002
7708956,79.89605443534396
7709304,0.15252397684255262
7710159,0.14573979452721594
7710442,0.0
7711407,6.804051662453277
7711451,0.2833669493670087
7711804,27.40202304570816
7712639,0.731786801298263
7712849,0.11921654988278896
7713421,5.021766894977817
7713437,5.153440258320617
7713509,0.11146526583388029
7714152,82.55838926779778
7715192,1.8981677589132593
7715342,9.003231788755661
7715624,0.6222436917048622
7716148,3.4177773421896243
7716489,0.02234339413398357
7716776,0.002528068427487046
7716812,83.58858239155659
7717071,0.5428500384678244
7717284,0.06962316457930481
7717594,0.36527944412008
7718042,0.023471534128531677
7718894,0.4829143039450505
7718995,79.31937120000491
7722946,0.5381223678339446
7723494,18.587936252142068
7724031,0.23779628569760833
7724752,0.6440982271391725
7725030,0.3475803884102664
7725075,0.027523951924281222
7725197,0.27452676269469245
7725496,55.782999554161904
7725573,0.03342141158241542
7725825,21.141435325038223
7726274,15.296367316550317
7726982,4.9412173325673026
7727061,86.6278942240397
7727796,0.0660883966317563
7728018,0.44994887523246774
7728262,0.03146780558771343
7728265,0.4176233660525105
7728510,53.59726291880734
7728674,33.618774672613455
7728831,45.866154736225745
7729043,6.7618781948072435
7729215,8.698218366038885
7730160,0.0
7730527,0.08325571507660906
7730852,30.766340573782497
7731013,4.432348714596348
7731385,1.4338789609602496
7731765,4.494134410836495
7732060,3.8219539684629074
7733241,1.505408850026017
7733651,12.780648495634054
7733862,4.263168694177201
7733896,37.65776737075499
7734034,2.40718959741515
7734116,80.18556123550458
7734164,2.025257380139663
7734173,6.157667271935673
7734176,3.453602495835931
7734226,11.202509618989165
7734240,15.187031201504377
7734355,12.700893106667124
7734819,34.566305751848
7734957,61.32289833801646
7734995,31.293745784136398
7735348,54.93181597768762
7736787,0.049666469137745285
7741297,81.53899563066044
7742054,0.0
7742753,18.93280988065295
7743042,0.006297590926572575
7743202,2.0651941139807226
7743233,0.06541137176355875
7743323,12.547445304569964
7743340,1.102958430581843
7743601,0.09632651853672917
7743778,40.69096898066894
7744236,1.60944416465007
7744591,16.820622491052386
7744907,0.08662310959819076
7745417,7.887910764846188
7746019,0.05380027821874694
7746286,10.568366408570519
7746303,2.064279397898974
7746903,0.0199623388014075
7747016,5.2581953283402205
7747017,0.14699395971289103
7747237,1.0782874426115259
7748035,56.37407702997324
7748044,0.0214908074902189
7748135,1.1616058690116555
7748170,6.617705712951647
7748678,3.237349832820227
7748836,16.614902159362764
7749069,4.939577584785538
7749367,0.1320793396016482
7750044,27.576468260024377
7750282,0.053030414064881244
7750695,58.536943506934094
7750936,0.722810505183293
7754697,66.9108628402326
7754916,0.0
7754994,0.26092808292339736
7756015,0.6501983478106934
7756302,0.04038913464271791
7756711,0.11091949932160271
7756817,0.022163937724118656
7757619,1.79259857136572
7757818,11.443174763423801
7758257,2.329897147312269
7758673,0.22174397171802704
7759275,0.0
7759511,0.6908905589075394
7759637,32.77077313143522
7759823,0.5645079266092011
7759906,0.0
7760158,1.7809426118930312
7760204,1.303673665929847
7760566,7.822337773854927
7761083,2.562063070936679
7761161,25.623086702614945
7761191,0.06900257240737383
7762173,67.78422946523558
7762201,0.0865363324371671
7762343,0.0
7762394,0.13851395519716808
7762437,54.091172501940235
7762574,0.6000674068752918
7762866,31.140867022799092
7762930,0.9710036076563404
7763728,3.993273153203341
7763869,67.5459824993213
7763918,0.014488365125445199
7764285,6.800861079211269
7764314,1.269962329326983
7768278,0.5993447823710513
7768655,0.004100638104520161
7768661,10.325994106878248
7768999,36.134790716379094
7769660,0.4911648029482736
7770529,0.02289833895601623
7770747,0.0
7771170,0.5984329680719455
7771351,86.07503742585172
7771362,6.295961796755153
7771661,0.28348622487560576
7772281,2.042601426585123
7772377,0.10847702142489138
7772462,0.12242905332108774
7772479,5.529792235807221
7772724,0.02466406709080964
7773365,0.10031834203876104
7773386,16.883906009713275
7773645,0.13726042590617835
7773669,37.606633126734216
7773967,7.840626023064479
7774373,72.31649512179798
7774422,4.127414934167284
7774655,66.73286707042058
7774722,16.797348296362603
7775427,0.06731260811978439
7775431,5.256870435914744
7775455,0.04802524020489903
7775627,9.09139668198819
7775711,0.04137912079972288
7775924,0.030205481371767567
7776105,87.22439913361443
7779419,8.321189230346318
7780850,6.61408034641297
7781123,0.0
7781490,5.936058675471344
7781847,54.449695738285655
7782176,3.355160175498781
7782340,17.356859529165593
7784894,4.4924922485232885
7785052,0.40592744292960564
7785451,15.883192991998156
7785582,0.1556765950224287
7785655,78.40680077856506
7785745,0.12307038834726718
7786504,1.4270897801192821
7786536,1.9164645507775202
7786683,0.09384240428406512
7787223,0.10740309534390884
7787799,0.9119155380927325
7787962,79.28150154727292
7787983,52.765670749169004
7788438,0.12880015885946855
7788504,6.6702114574242914
7788688,1.2665012715151194
7789346,0.5491940113473023
7789408,1.6258800471487136
7789685,44.36182224485579
7789692,1.5026593242533404
7789848,0.22712616366630914
7789850,40.23281337759022
7790161,4.524338300605727
7790581,4.772619365872414
7790627,9.084733500444267
7790850,3.0677345627888934
7797213,1.568863815172096
7797490,0.0
7797733,0.2338401381410855
7798327,0.04060016413098344
7798559,31.22646573258486
7798633,1.0255961293850648
7798694,0.06874332015276632
7799096,0.7462226889421347
7799357,0.6632582436502078
7799410,5.2458983894747195
7799577,0.4209665647230626
7799787,3.3126511782718997
7799893,0.4796755662341795
7800824,0.6583670526254285
7801023,0.0
7801483,0.25511987245265033
7803063,10.866663105146667
7803319,0.0
7803399,0.16127094735479675
7803475,39.291482498378436
7803545,0.8413978394833915
7803683,0.4284051289138959
7803828,14.078144102637083
7804414,20.14297190949155
7804434,0.0
7805051,26.97683715938891
7805159,0.047264322750594494
7805295,22.808426134604016
7806103,0.41844636765521404
7806246,42.722196512127
7806322,82.93666479073939
7806890,3.137167828447272
7807175,0.21854834244346324
7807454,0.02685298598348542
7807792,0.3722231740895678
7808057,0.08540950063758215
7808182,37.99592800081565
7808346,2.142069473743037
7808374,0.0
7808452,40.8571070642692
7808484,0.2885035201002448
7808799,2.7175414551338033
7809295,0.047229905105898126
7809328,34.903572495060715
7809408,39.76591707713896
7809481,1.4889173753186207
7809535,34.07819559974608
7809629,1.3410904092324427
7809746,0.16230037737162423
7809878,3.0261541401743917
7810109,0.023546537951938888
7810500,0.04785132311394723
7811933,46.36218745036008
7812655,2.839101240962065
7814575,2.041280791701116
7815865,0.3210544822488341
7816930,1.3665815583932877
7817350,0.020885743042995498
7818601,0.06310591036525806
7818734,0.35244381317280576
7819272,0.913285871599954
7819465,1.5355030030416628
7819706,0.08122350820425321
7819909,14.466469442350844
7820556,0.8371171564404066
7820664,1.7998802270083887
7820861,54.02518899185233
7820916,2.4124648599307874
7820969,4.385527766589467
7823396,0.07524613798057397
7823474,8.3828533126013
7823495,19.673469201105775
7824374,46.19450801564671
7825487,0.06994535540948592
7825593,1.9846438085657179
7825663,9.286089957373234
7825743,0.16774927805551024
7826016,14.947780553295935
7826413,2.3334597089372338
7826478,8.301436975585974
7826517,31.269128978326037
7826573,0.2835783409691857
7826846,0.07123074783783426
7827525,9.134373255806326
7827531,16.44779990889232
7827616,1.403490735587326
7827817,70.07348805597273
7828204,0.7773646845237738
7828740,17.87903049747521
7831556,0.8173274072781989
7832138,43.84015108248531
7832737,6.37675586828821
7834112,0.14563728325082795
7834712,0.13640552019758678
7834769,2.046719006660319
7835198,0.1738352106443243
7835733,20.553595298490674
7835778,0.061586932249570285
7836258,3.8572917096729205
7836589,0.04709743585869038
7837347,0.06464758455936395
7837575,21.363375229987273
7837583,0.24980381352049727
7837632,3.2216230430043877
7837670,0.017018533875688
7837685,2.5458898436602055
7837852,2.875207750125522
7837859,0.0
7837963,4.053785797830398
7838393,16.066949990358204
7839087,5.809209402689685
7839545,20.93852152069648
7839930,71.79712718676852
7839972,0.1435937609886127
7840544,0.06144013684246122
7840798,0.32830830991136617
7841038,4.480517556577005
7841410,0.030981545226872593
7841464,0.08096154686289736
7841521,42.92074941135201
7841576,0.7651743965239923
7841904,3.2942743027717527
7842276,9.517274555995144
7842597,4.8693848972570315
7842650,5.347351423688693
7842939,22.080574039534707
7843582,7.382557276636744
7843604,88.34012426528612
7843781,37.54897069748607
7843902,4.850038369313459
7844206,0.7198641332340686
7844263,2.1827802702225663
7844947,0.23350774568131824
7846162,4.746000492855706
7849404,0.11095722955131222
7849755,11.824280312237104
7850400,27.9939099077342
7851371,0.032966126748039844
7851753,0.011641610411122974
7852297,0.03113247184199891
7852370,5.08218127698439
7853110,0.04364323592576889
7853584,0.25391460984689557
7853587,10.516949592655651
7854287,2.2269366327270133
7854307,79.80206661165178
7854426,0.6363427241583928
7854730,69.04979565350892
7854999,7.40627699637096
7855021,4.477582222561774
7855244,0.03479675877966968
7855499,0.19690589522867455
7856015,2.2063312022157677
7856187,0.1274509064143079
7856476,17.864578419237706
7856830,0.11517145445198239
7857050,2.3152634862149237
7857465,0.20935086292285307
7857504,27.716270056631522
7857685,0.5340255422214895
7857897,1.8582908280761672
7858338,50.14766459327771
7858468,81.01007561980607
7858629,2.9172682279242
7858644,0.04864603450235227
7858673,78.42415252468683
7858709,1.3332287108892087
7858731,0.061920034680604474
7858791,0.15411718957251588
7858824,6.746700926967723
7859293,3.386654751725294
7859840,0.8221165004568782
7859932,0.009466002912085101
7859978,0.37650023435422636
7862762,18.38774757956516
7865678,7.780408493322039
7866845,0.6899351147952371
7867205,0.29204962740423746
7867264,0.21794702721134446
7867321,0.22322193603688806
7867388,0.20539741898351999
7867494,25.867299150591986
7867623,0.13229927834664396
7867800,2.169944276953809
7868427,2.978959386293808
7868971,0.0017165389970399466
7869449,0.0567289751926034
7870403,33.934204163863924
7870442,0.1250820209812543
7871441,2.3785521972404458
7871699,0.9778871725575933
7871818,74.33551120452145
7872172,1.2013580426839672
7872617,1.9546637289349698
7872983,3.4138353381519404
7873215,0.0999464485659965
7873433,0.07767100626810154
7873524,0.10688105677474348
7873543,0.5616579960638209
7873940,0.885674854837743
7874697,9.465381376584931
7874958,0.052539622715458034
7875071,0.45160508569751984
7876954,14.562008140242442
7877599,12.968083295596394
7878795,43.311081344699325
7879486,68.00421231486943
7880066,50.08425078006601
7880799,77.96750651209214
7881023,3.0025979942014094
7881195,0.014760587238201615
7881469,0.16347315867794457
7881522,0.0
7881928,2.4598336013468485
7881985,0.0
7882127,0.032663738996860876
7882517,0.08389257040852548
7883220,0.7997875692048175
7883623,77.09927552917301
7883692,0.3764753111114276
7883798,0.04793394629542227
7884708,13.682120391891269
7885309,14.733813791467732
7885338,70.23891773763285
7885810,48.61161786637966
7886069,0.07530693492477968
7886635,67.7465607230382
7886670,0.7589496371045115
7886869,12.97583415369919
7887206,18.99587017481025
7892279,60.45117813874976
7893768,81.85521753051185
7894007,57.261979556266425
7894907,62.390370237632844
7894983,5.536271714218562
7895157,0.05984439001055512
7895935,0.0
7896396,15.867588017133293
7896536,50.12345311699066
7897114,2.619713742891801
7897229,4.99990634376273
7897307,60.73688867704539
7897312,82.23863997990934
7898106,6.775128531728583
7898302,0.025471220767618843
7899605,4.000866097180982
7899881,0.11715495005546844
7900119,0.029131274739430113
7900129,5.3456152563743675
7900437,0.05462104397032615
7900478,5.8905008593058215
7900575,2.4671891476053123
7900722,2.339000817265193
7900908,65.05301920512002
7901592,18.677948444820323
7901635,75.10698337050103
7901720,0.6027180760597578
7901766,0.3240363021514267
7901928,0.041756498686109284
7902074,0.02578108310864257
7902129,23.914279633735205
7902291,0.03424508226454668
7902409,6.164498329991698
7902445,65.07230219157779
7902617,1.0685855278640237
7903060,0.4920318375692358
7903374,18.073490238941577
7903627,63.293400449467306
7903721,0.21564328697921706
7908712,0.0943049151501151
7910635,18.162277784510717
7910702,0.030804873215668774
7911249,3.792126429237186
7911571,9.366985037239528
7912217,0.0666007338119071
7912652,2.5540708974755715
7913704,5.847190579354448
7914369,66.9516748336233
7914519,6.437299107151628
7915083,0.7854325236104305
7915327,3.1326564452433017
7915525,0.9164564002449974
7915596,77.56015894845184
7915844,1.2722381034147654
7915894,0.053964006765158924
7916103,2.551396437848698
7916684,0.0002339501382148113
7917604,1.407676093922887
7917755,0.0796835325599627
7917925,12.7294476196911
7918597,0.45622949811407104
7918660,52.21788573910267
7919214,73.59777145045021
7919303,0.14775724252710742
7919372,2.1205147680168306
7919636,0.06303147333382458
7919761,29.160246433017033
7919803,0.7575966296113483
7920394,28.446628446389163
7920508,1.6356907770145377
7920963,58.55267222442635
7920993,5.523016851789131
7921643,0.014522735372540839
7921666,65.65839358529018
7927838,52.765090340626855
7928493,0.03426005956487426
7928712,0.5208120517279251
7928756,0.0
7928917,0.024120298439831274
7928979,0.08093241079988175
7929441,67.7069069253371
7929718,0.8816746092962395
7930492,0.9535556878358776
7930857,0.07192672624366765
7931003,0.36116015039550026
7931180,0.05697300618323343
7932428,0.038651107179615264
7932907,0.5074776452879832
7933140,17.543526083623455
7933775,8.015146547055691
7933777,0.026088979791169812
7933896,0.036430204783564714
7933959,30.22885790822864
7934557,1.5705486440866818
7934867,10.061144336869722
7935386,65.39277107897475
7935508,0.06465200361052206
7935915,16.84946609070896
7935958,7.778556355628567
7936161,6.530280430720484
7936965,0.0
7936980,7.649517359186662
7937553,7.280306064093196
7938095,3.074476903674412
7938375,0.4148842407666283
7938434,2.9259520735012847
7938565,0.055956910335851
7938719,3.9984252957275057
7938793,15.075927198090714
7939074,0.2414998789503311
7939346,0.4924595777529992
7939575,0.7814265001574927
7939785,0.5347508373310974
7939788,0.27465661916820694
7945940,40.61999438770073
7946605,0.0
7946876,0.7214616928065113
7948163,24.762164596398936
7948395,2.1572460828504862
7948463,0.04365363441823085
7948903,0.035683449076681445
7949119,12.675554788088133
7949419,5.960053105896627
7949480,33.52419883996676
7949799,7.990332788607919
7949889,35.42582113580944
7950817,4.367975319704683
7951971,0.005281449285744391
7952315,7.407059795927383
7952963,51.29100847795121
7953220,0.050832946436283145
7953571,0.15966712874024291
7953690,0.7749833613677702
7954453,0.309717951000078
7954838,0.678835379170054
7954940,0.030413486763735394
7955150,0.08478021270685611
7955181,0.0585768811359046
7955427,2.4476363021960954
7955906,0.8794590715262878
7955965,0.04743219544638819
7956241,0.07870541238389228
7956290,0.020699399897728874
7956643,2.423136542635822
7956955,72.03051128228375
7956997,8.030093063558658
7957182,0.12212958397877431
7957339,0.18323464872913642
7958154,0.05035700890315191
7958390,24.907051345352837
7962950,53.039474719353834
7963278,52.7562738478301
7963444,0.5535795101648172
7963518,22.456095213267194
7964792,14.422367576795853
7964931,39.35965973802995
7965146,0.07992637331562849
7965264,1.775489266486563
7965953,13.73315704619622
7966943,7.605995848824037
7967112,0.4860786674127031
7967489,0.049025890089044476
7967875,0.20582152699361156
7967942,4.847853265957372
7968138,0.010475722125237594
7968283,0.017052014773755748
7968404,1.5328554996673
7968783,27.744912934830417
7968983,21.83310973366085
7969111,83.7128391918767
7969270,0.009101201425859901
7970450,0.0032881646684778747
7970479,46.94088069014633
7970533,24.828143365080894
7970578,5.91896379346895
7970631,0.011481776964568872
7970699,0.0
7970842,19.598719859471608
7971035,0.7415738971792855
7971379,0.06146745001195284
7971602,48.479910593102915
7972046,49.0338168441241
7972259,0.8039785372083568
7972332,0.7250023087767444
7972388,0.07176002998450418
7972462,1.0176786886489333
7973384,0.5207934306265198
7973491,2.0618501107844227
7973550,0.5677299484416731
7973730,0.10590182707006202
7973928,44.561730159358234
7973933,1.2686534030987122
7974899,0.5439279165143075
7979433,0.026939731823589955
7980488,55.111908192356736
7981341,0.03245231156145065
7982126,0.026705964717150733
7982976,3.918409827797558
7983099,0.16528411050302508
7983495,3.1159792618795366
7983565,79.26802188544738
7984128,11.342664472280212
7984245,2.4061741893633983
7984388,0.007911345088233997
7984555,1.097438576805162
7984904,0.010402397266071752
7986033,0.37721007000197565
7986074,0.08258568077034636
7986862,2.9806437498030878
7987167,19.667610915775505
7987209,55.925785082370986
7987288,0.30891973304944054
7987306,0.04467656607479719
7987971,82.00550009007148
7988012,20.003653898977664
7988084,5.913584730684719
7988156,86.14546320992845
7988259,3.0356393639247834
7988381,1.4249861101075112
7988477,5.770894764597476
7988867,1.284761915798956
7989884,44.687429929705125
7994086,25.739603892421584
7995293,0.0016714664326500173
7996391,1.4909902078146333
7996748,4.910842911820988
7996995,0.4750266443842271
7997358,8.275187916949907
7997723,57.94093961970137
7998020,0.3475979229314276
7998338,0.0
7998377,0.03367399765882275
7998385,4.476164739215201
7998624,7.777864992371723
7998921,0.0892350229324629
7999190,0.026886306687287722
7999290,3.1196579751407976
7999574,10.145678965282029
8000657,2.7775358659991984
8000716,19.141835470371568
8000972,5.772606027529803
8001051,52.47626467363497
8001287,4.699058277519812
8001339,3.6823842542380953
8001390,1.3625291892275417
8002080,46.357504238337015
8003337,1.3605695639545488
8005645,4.93174860861969
8006746,0.10615449330300339
8007908,25.057164195815922
8008601,1.1822645184256382
8009058,0.05189986664503033
8009332,49.119381159148084
8009566,0.04093384841655556
8009605,5.5416652047099175
8010585,29.528382578821038
8011048,77.03544449433072
8011289,0.761838075361626
8011605,0.3019805502926605
8011722,0.08953524831321484
8012041,0.2759518730639563
8012334,0.25589407998151004
8012793,0.16985380605668685
8013017,3.397980081909992
8013609,15.272112319580394
8013731,24.55230897739207
8013762,0.0
8013780,0.12144757790619136
8013947,3.0666738396331135
8013954,0.6991057827750828
8014173,2.5733836495127185
8014312,1.989678226645912
8014315,0.049300903545218454
8014654,0.07823687903375698
8014737,0.27098778904677795
8014811,0.05686894139443694
8015001,4.396194114544863
8015256,2.8481182861372814
8015894,28.141316503189845
8015895,0.0
8015959,7.790528701762596
8016148,0.0
8016260,15.706568415343037
8016420,61.30198622638708
8016435,1.135618479041093
8016681,0.09326027302422997
8016725,0.9035457884566264
8016728,6.796439798772457
8016763,0.2999966239186321
8016769,0.042588822101025006
8016946,34.25994751537655
8017041,13.836780757550528
8017078,0.308139674815615
8017399,3.7965796836276042
8017587,0.10170406259311567
8018074,0.0007395716806786083
8021647,36.04829738508142
8021726,34.06583046331207
8021914,83.40465268824691
8022623,30.748304260926755
8024051,3.9497318560392105
8024687,4.511624517569183
8024915,56.0435370990392
8025808,11.63612151506285
8026859,0.04363500131848309
8027690,0.5253685076613829
8028382,0.631624767312897
8029217,0.017513506352829063
8029331,1.8405112352652426
8029379,54.169699306232694
8029461,3.4456375581225185
8029907,9.305544225343608
8030123,0.2613967499756115
8030872,0.5137732703392414
8030918,0.4849102524618939
8031617,2.9824416034790215
8031703,55.38974681419317
8031823,64.72983463327253
8032151,0.05621727267120326
8032173,0.30728408174317573
8032689,0.03680472657606627
8033015,38.66681558153818
8033041,16.64579095831948
8033303,22.724665703938403
8033487,1.0018386302858424
8033491,2.9628848921294444
8033609,70.92421495559566
8033860,0.02717144252945452
8034433,0.020675461137439104
8034444,23.768462979889584
8034599,0.12277849135384364
8034664,0.019720491611089453
8035046,83.71562296333211
8035143,29.377592915748483
8035370,1.2275694451181354
8035373,20.86795321380419
8035441,49.02618909785604
8035557,27.37670231727526
8035731,3.4281853636533715
8035733,1.3562177231331036
8036193,5.60989146399048
8036326,0.2381947282053689
8036500,84.13661027483039
8036524,0.025720746709085193
8037006,0.6371600687426804
8037537,2.697563595879287
8040050,62.57511772796637
8041585,0.36150875402028393
8042732,1.8948941961151071
8043896,5.384796387357139
8044115,5.500852964130735
8044434,0.6396024304071501
8044779,1.0235967103681394
8044795,2.6014804449649183
8044856,61.1693435339092
8045117,1.7540236306372918
8045996,0.5026692085413533
8046173,0.22293531351524296
8047048,0.010489733836585382
8047775,1.7254957405232334
8047942,3.9785292788728066
8048022,0.0
8048480,0.0
8049303,0.015546032486126632
8049708,38.009331712887615
8049964,25.90267037697458
8049994,0.1493578265204003
8050265,0.7010752272692019
8050544,0.5509052325122774
8050747,0.24454865363367465
8051076,4.947523467897594
8051094,49.150599267588696
8052243,0.1047000372908698
8052398,0.0
8052679,59.865694654383674
8052841,30.57216688583725
8052900,0.024059560606056966
8053474,0.1752955548529715
8053664,0.08248292666844576
8053697,0.11615164299326802
8054051,0.8721740174511441
8054295,31.835506794971007
8054396,71.62416746560308
8054493,7.172770282992635
8054676,6.811126966384558
8055508,66.65426415212517
8055859,16.131272976714136
8058693,30.974891870864873
8062149,1.0346550894458872
8062793,0.037498159231037345
8062956,0.11757602168160215
8063109,67.28039339424905
8063277,5.779930156194952
8063845,49.29659096079312
8065068,0.9464566612386917
8065272,0.07709520596182112
8065751,0.04568605448830962
8065861,0.11866236140874085
8066253,37.34092470946527
8066924,22.46062596543239
8066925,1.167398499181646
8067449,0.027901024668602198
8067466,32.0017841282695
8068089,3.367018330739616
8068304,0.18476583365940272
8068363,18.38438729558953
8068609,39.06787470798388
8069765,0.062144976315578554
8069858,53.10229198731171
8069938,19.79245052038057
8070145,2.719711644561504
8070334,0.19482408676694232
8071250,0.5240702668966146
8071607,0.17224081719379142
8071961,0.5678128868087174
8072069,5.1323679254637184
8072579,0.12535397641851814
8072744,0.02244157977134997
8072802,79.99458679829677
8077721,2.5558677353860904
8079894,74.94436994096905
8079900,0.07905826121691166
8080954,1.6266610564456117
8081177,3.1402434452970547
8082331,0.4654006037664016
8082554,0.8833708922443524
8082651,10.5228298083501
8083931,0.018502123806552882
8084527,6.090722876181459
8084550,0.60241472534387
8084731,1.8735911140261985
8084878,0.06849732811640322
8085542,0.0
8085549,12.590977709147978
8085692,0.03987421960634375
8085930,0.0027052986061145293
8086465,1.0512782007548502
8087274,3.591005268905832
8087330,9.203616282712982
8087780,1.9563785068364639
8088779,37.288986627727624
8089062,29.95894146365293
8089722,0.06650726454212597
8089927,1.5834945572133687
8090023,0.06491984254382209
8090426,82.89227460354515
8090529,0.017424348316660784
8090698,2.2623767311062886
8091080,0.15473252326673398
8091243,1.5391707481825698
8091463,23.87599643970612
8092877,1.0901240772233003
8097123,2.5016096466192077
8098481,8.554874633975595
8098736,55.36177359914499
8098828,0.0963608822126214
8099205,0.4757039832326433
8099249,0.9158667484624607
8099478,0.421557733993735
8100787,0.050940643339660106
8101258,13.627819714688819
8101374,0.1664328428815831
8101581,3.4602673956391157
8101762,0.04277508448497032
8101848,0.048295737993236595
8102012,27.74415740205334
8102057,1.771423548466955
8102637,0.04637092698733538
8103140,4.274080922051904
8103342,76.92342130900012
8104879,0.1412230738299941
8105749,0.21904468721431294
8105752,1.0353459162543974
8106228,2.9766584522560375
8106428,0.43517486015684637
8106445,2.563064278524735
8106449,0.015122128093319934
8106619,30.377858153958424
8106774,53.115517559843674
8106830,0.058121031684781964
8106902,0.09665169110581276
8107212,10.539291308013695
8109092,1.23983896849757
8111686,1.1823574500906986
8112228,23.451376389116355
8112556,0.7525454124863803
8113145,0.6028379413387098
8113407,0.0
8115116,50.072121666945385
8115321,52.361182403447096
8116276,0.2758729907805585
8117019,0.765599036973098
8117161,0.45782004853880637
8117163,19.36087960468387
8117213,18.74443518104126
8117310,0.041678822858160276
8117482,0.1448006002216846
8117731,1.4635376799285862
8118605,0.5840009864905625
8119610,29.6913283108086
8121643,77.5493779765744
8125640,3.3755985322125235
8126091,0.8300485412427666
8126104,9.758857445122974
8126777,16.95376269028288
8126980,0.3516587349675383
8127123,0.5340068697012484
8127186,0.008278699424719262
8127517,0.09849672849338548
8127628,0.1476256787335346
8128539,0.08478459058274207
8129018,6.118112513735239
8129389,0.0646137872144103
8129669,0.04323232359796151
8130153,8.864318895124027
8130277,9.016969454318163
8130291,0.0
8130551,0.021020301684199716
8131356,1.32673789182964
8131765,0.0
8131995,9.793461926040148
8132046,3.1472459188478057
8132122,0.054943807894504246
8132430,0.0
8132629,84.20802834306568
8132699,0.06594410418755198
8132897,0.30093781872048986
8133275,67.5859873272636
8133345,13.446199180761196
8133932,0.4214938623902391
8135403,52.630793888548595
8135887,0.040468587295632394
8141318,2.488161379374842
8141967,0.041887812355228225
8143119,0.17600146143144613
8143588,0.2558840639065426
8143851,0.16097997413732582
8144339,1.2924062013224724
8144631,0.06545097782244146
8144709,35.24801436943932
8144798,0.056277056779856276
8145150,6.236160499585993
8145645,0.4578973462262176
8145653,1.0043199246273986
8145675,0.0
8146444,16.112784498366832
8146518,8.431703706158395
8147083,8.633043416587004
8147106,37.66873563503309
8147212,1.7211479548912991
8147633,0.0
8147928,11.09142103811693
8148182,3.5104375339177407
8148668,0.00014039841999664306
8149309,6.048338736974245
8149789,0.7700957997180262
8149849,7.256077500642489
8151268,2.493705699302314
8151645,3.6844407410640962
8151925,82.60104139725411
8152470,1.5193346373258676
8152513,0.6209476676787353
8152565,0.06050631833333362
8152675,60.23020533013398
8152697,0.30282937232916146
8153005,0.046936808782405005
8153044,5.800761832717044
8153128,5.533779807948006
8153235,2.6970043335724236
8153240,0.1080298542516514
8153639,0.0300939268203496
8154203,0.13660154287197185
8159329,0.24088450868239616
8160542,0.052865241387145046
8162214,12.988391331018766
8162587,1.6978679195635875
8162607,77.00942697057955
8162622,0.03603845473555513
8163275,23.845400685484602
8163625,0.8572248493981847
8165315,6.454066754915315
8165707,0.8532295680451712
8166218,3.461359586263284
8166617,4.3984284781860605
8166737,2.4089000498080626
8166752,1.4893269098738533
8167057,18.720285236592083
8167145,0.03607423380759257
8167783,0.7428321300556854
8168670,9.245961656564878
8169030,0.0
8169615,47.746946969599556
8169667,17.134276785003653
8170005,18.572215220459334
8170917,0.9480432881702057
8171241,3.864741875332111
8171295,0.30268988028676785
8171299,0.4313115278091216
8171873,0.17643097965774723
8172062,14.823276659567316
8172572,0.021074787625458172
8172653,0.1240261262286251
8172864,0.046192017341170906
8173170,0.027572295180174785
8173232,0.06120362627112133
8174249,0.4872193818063247
8174397,0.10767570736997185
8174840,8.078701276924942
8181170,0.0
8181864,0.4196704620140035
8182759,10.641451392705472
8182829,5.984079003007579
8183217,1.2762862356647366
8184624,0.18183893794694966
8184754,0.0
8185374,12.704934901629825
8185497,1.0218198955002555
8185787,76.20205985413325
8186234,0.33191678543670605
8186924,1.018093517849055
8186991,0.07441107950924863
8187334,0.0186196000258026
8187634,0.042773698821168986
8188176,0.5879827747981904
8188644,24.718637978736883
8189390,0.771427214427318
8190035,0.04746341835591034
8190071,0.8522206586371451
8190147,0.7715933813510509
8190190,65.42049540443244
8190747,0.2968354157232822
8190848,0.12640613778755178
8191540,18.214910379294082
8191699,3.691961244640154
8192079,0.07527486909113991
8192443,66.30794363369272
8192532,0.3125553815897142
8192768,37.56124977278377
8192808,0.02412413433679197
8192936,0.6273994066287554
8193000,24.70389785509622
8193127,0.12692338928069288
8193135,15.798478512631673
8193595,0.038888225257651246
8193625,36.14681700868154
8193768,5.32821739474419
8194194,0.010753809092811041
8194225,3.8180335842635724
8194283,5.326673729716245
8194369,2.5213464187778265
8194401,18.178682270227572
8194650,46.69479011142412
8194812,65.92961703713019
8195034,0.4376340330757216
8195094,51.68530884711794
8195117,0.5258635038501878
8195151,0.8781033250948699
8195335,0.06071657477210962
8195353,1.2977788291179864
8195521,0.0
8195719,0.8950581311725124
8195840,0.07278188834587516
8200729,48.06226867619643
8201629,1.3227318830061783
8202455,0.5330065003504153
8203294,0.0
8204392,0.038711266881809835
8205064,2.088421867933574
8205342,0.10356582703174301
8205555,0.869976344781461
8205701,55.19378458018501
8206060,4.900178319859606
8206718,6.947823695963101
8207350,5.746898790198822
8207701,0.12236858332180392
8207764,45.328059903333404
8208090,16.5967143892074
8208110,0.23456212209159039
8208824,0.09541802095873662
8208997,0.013302198019393197
8209242,1.8838077689365753
8209307,0.2034328658686228
8209412,0.0022328654783791385
8209746,0.278306538364592
8210384,1.5550247566710529
8210423,8.358154621872846
8210543,17.932699830802388
8210728,3.297280678979658
8210734,30.660508437774755
8211314,0.07391869476515049
8211513,0.1650125245226488
8211709,0.1720132253921103
8211852,0.11450105577455938
8212058,2.600029804709497
8212215,0.6007943520524037
8212592,1.3114301045767105
8212733,3.6787769633251877
8213019,0.05083139505629961
8213145,0.0449204681956786
8213362,2.768106747323375
8213444,43.04417981776455
8213800,0.15828361738811378
8214005,0.1186699602353701
8216392,1.8506913554862374
8217350,38.9568218985853
8217454,0.8179752022694979
8218942,3.9557512950867633
8219313,0.03490725585533207
8219404,10.211939715923535
8219648,82.09017729996509
8220331,0.2773901032964645
8220472,0.4440867180989616
8221965,3.8246081015654334
8222540,0.06730702845677257
8222831,39.819399240874446
8222857,0.0056834701974944925
8223756,0.13905806729356449
8224233,0.11891173468307961
8225210,0.20196131098801645
8225997,0.1508464899574704
8226137,0.034074713972122826
8226967,0.19441237654338156
8227361,22.58058672496552
8228217,3.963265321511829
8233117,0.0021558512163743545
8233484,24.671978497363096
8234295,0.05830339275094764
8234456,1.1534187619647662
8235667,0.550924972624645
8235820,0.02717466710306865
8236539,0.020590068688615133
8236660,0.657748735195822
8236773,0.11728715930169417
8237477,66.59197376083786
8237586,0.20765398516759226
8238028,8.59258012549187
8238581,0.1085688547380262
8238754,56.55415964153724
8238926,78.6178321264165
8239111,0.068303854265303
8239159,0.426068592870898
8239333,1.0312187517536096
8239352,39.26048649441087
8239394,4.241094662523519
8239534,1.5505948303346633
8240016,68.42206013485749
8240819,2.2659051616828827
8241237,0.30585927816648406
8241545,31.516116809948045
8241894,0.09776978625721379
8241975,87.09857519462517
8245639,18.59188333716204
8246555,0.26705272456410417
8246675,72.68999979902618
8250194,0.33731844227823654
8250576,0.133840584238982
8250729,37.493943224909174
8250925,67.90193558589465
8251209,1.0192137867872109
8252398,0.48188125880783783
8253057,53.06877844159379
8253376,1.6042434126465737
8254028,20.32570361382874
8254419,0.9202556693191795
8254640,0.11159820856295602
8255082,0.06164527111192828
8255329,0.019231901018718436
8255964,48.94975307636768
8256091,0.2180355687569755
8256749,69.37872254176877
8256789,0.2235145563184832
8256806,1.1019420291968713
8256930,9.38667590458091
8257222,10.76228916529114
8257590,2.1404032950988636
8257896,0.7638698168170853
8257999,4.210482626712714
8258394,0.08451922289982475
8265482,0.9469117048303319
8266485,6.491156055283282
8266871,0.0
8266933,31.453562167783275
8266969,0.06388669886790073
8267425,2.8637312944387388
8268219,0.22702468960503336
8268702,0.7921272049514666
8268876,15.471543661278728
8268976,0.06577611898888841
8269241,75.02617296587405
8269318,58.63961837074725
8269852,20.138603205990467
8269950,1.106828220660372
8271628,60.26462577087097
8271658,79.74326640821455
8271934,79.76780422140577
8272122,1.8663767516622407
8272216,0.1620050916357281
8272327,11.385900012412282
8272532,70.41508075388086
8272749,16.80357798405092
8273700,0.12756813711473938
8273730,0.36099494237724955
8274488,72.45326649844692
8274516,63.35628500896474
8274685,0.035472029383564425
8274723,73.20950656088195
8274917,0.02617253228189573
8275295,2.4133333807964945
8275421,16.631011087465996
8275455,3.761524777155444
8275474,0.12490755054962939
8275676,27.185694902739552
8275940,0.0
8276646,0.5700486442306157
8278733,1.881195226324881
8283594,20.359189707426857
8284223,69.08505811382105
8285198,0.5987230444335268
8285367,3.2000771754990875
8285693,0.03985503318788295
8285992,0.32232983302604984
8286034,73.32960512377714
8286139,0.05541329478881538
8286167,0.145728775025059
8286476,0.013630606483741817
8286494,11.22377657525432
8287001,4.5575426023125285
8287943,1.7143737575987599
8288098,81.68128586042506
8288774,0.36673572281341543
8290042,51.515027947214556
8290210,0.035248582123101925
8290278,53.18218617242549
8290587,3.653431199922614
8290724,15.88523151954728
8292078,68.25556505503843
8292095,38.222694787504025
8292129,67.02739686813922
8292343,3.007603351010546
8292595,2.0751978619383653
8292848,0.730335145753283
8292864,0.10832571230120629
8292919,0.4406863376229322
8293087,0.2234426775425345
8293222,8.35591786727001
8294144,21.688665807392947
8294502,19.46344288763176
8297694,0.3133043510878259
8299030,22.291263638868205
8299218,0.2883029112286244
8301159,26.549291046445095
8301768,42.06687297222127
8301850,13.54273050731831
8302619,0.05215951874566462
8302890,0.03510083632635139
8303074,0.44666920215850575
8304116,0.10745622310741136
8304243,0.06040986944405764
8304809,41.55686501588885
8305898,0.5317078044513626
8306292,18.519451351338148
8306427,0.07726140167335613
8307946,29.85417290112602
8308128,0.41528082672088046
8308176,0.11373970824590242
8308683,51.926242536359844
8308797,48.177043177298096
8308937,0.0
8309384,46.207319073686726
8309474,2.7570036228365775
8309502,0.7798602013970637
8309731,35.99034015288013
8309746,0.09566317149694384
8309886,0.0013570657323596876
8311468,0.018588858391997053
8311723,1.1891725592154305
8311762,64.33019274325706
8311783,51.94425499681787
8311933,0.20635921171658725
8311970,33.94489973885616
8311974,2.684821590313116
8312148,3.846107587518258
8313370,6.165129047132639
8313551,74.57001048737848
8316290,51.33313765496546
8316959,1.639104881852741
8317595,1.1223480235727668
8319351,1.0043221853357336
8319588,0.0619320078240442
8320198,0.6562636751353003
8320972,1.4260162952093152
8321354,0.23258172358755608
8321517,0.6430072461294598
8321524,0.061053918125175174
8322138,0.16654465300876778
8322881,9.334967492384106
8323944,22.552305379115626
8324080,1.626884988652328
8324481,9.853674976122248
8324941,0.0178797137702462
8325667,0.0
8326026,0.10994983593658728
8326337,20.645799739044556
8326389,0.20499732041866908
8326753,1.9655004960651068
8326835,2.1145370912884314
8327302,37.28462479654077
8327562,4.16318426786514
8327596,0.01244075574950313
8327773,84.1384293909485
8327930,60.847898551921666
8328213,14.209366558323095
8328670,1.1221842471054153
8328706,9.502546147996801
8328837,0.0
8329796,0.16485360802897614
8331648,14.446315860185367
8334273,0.04813890130450805
8334574,12.010334030366153
8335000,3.5414508549933763
8335100,3.149024564969943
8335481,2.3047545867054544
8335913,15.613964121873948
8336175,68.18255791718803
8336554,1.0335076764415596
8337535,0.0
8337536,14.113700081267996
8337597,0.07899229078430497
8337827,0.004535504609561288
8338312,2.7466807066061167
8339036,69.08059548522759
8340304,1.254857868207857
8340307,7.977725697162975
8340381,0.4325827907527315
8340400,4.569278864746453
8340553,0.2417784591121739
8341556,73.4359999370533
8341669,0.13168466651584718
8341734,61.755480930885625
8342009,8.412031153930164
8342200,0.06769025819023024
8342763,5.085606596821522
8342998,0.7571722612286594
8343210,46.12245895380886
8348413,50.66474282248079
8349397,63.44507698173022
8349835,19.066887573986993
8350557,0.04279418624161394
8350891,0.11311154140041166
8350952,0.16998190617801048
8351796,0.0
8353898,0.3209524578194344
8354383,1.069442220325801
8354816,0.7836185719547746
8354926,2.8432576676744423
8354988,14.902027646023123
8355319,0.05188819012083678
8355713,0.08293112412898773
8355776,0.13498694461576324
8355794,0.11134393479420693
8356465,1.5949104945956643
8356720,0.2432549070337963
8356743,3.574204301808778
8359098,0.18881544862482452
8362098,13.953832549418296
8362248,0.15785844001271704
8362676,9.169658967619542
8363084,0.1875511434893963
8364525,0.555218776543005
8365172,80.80303560382626
8366172,0.42695847149533056
8366891,52.69834523490616
8367125,1.1612448813048508
8367486,78.10670106191237
8367611,6.599844314716023
8367871,0.6238054450281633
8368708,1.024942170485512
8368723,33.55214406092372
8368794,2.151235271396519
8369857,33.462041639655624
8369895,7.266856894389112
8370140,2.1964094088179307
8370236,84.37506090983238
8371527,11.465072950245814
8371541,66.25176283866865
8372652,0.010318967640500254
8372912,1.5699038051037264
8378428,4.6210359640311856
8379136,4.459519479520747
8380868,4.992512760252321
8381173,8.405162035031905
8381388,2.498790996735106
8381514,0.6203624152229147
8381974,0.49355051756440455
8382055,23.155487360517583
8382592,0.13859905763967176
8382602,0.21457690056979026
8383187,0.02717165741396001
8383276,2.211371159476383
8383633,0.0736057411072825
8385014,0.40246364757849806
8385064,0.06698324229143336
8386528,25.519944359504912
8386694,0.0016860454321958943
8386829,0.007670463732273476
8386889,0.02432581268363765
8387338,0.11724923797496195
8387361,2.4748417740276962
8388235,2.6798130110637786
8388303,0.24728754353513016
8388309,0.0
8388864,0.05604778650721527
8389302,0.0
8389905,44.69747945104288
8390100,0.0054220916707865
8390444,0.0
8390605,0.05498720999559167
8390739,1.2557202125931566
8390906,0.3049711455197322
8391035,0.028962337240525306
8391105,2.594419512273474
8391111,0.08334355520705602
8391132,82.76524934636916
8391160,2.8288994151708953
8391534,0.4875239640573297
8391648,10.567467822907892
8392636,0.20963479706849603
8392760,86.7334457482366
8393139,2.6095764817272245
8395504,0.07183245048639514
8397623,77.09161663204233
8398120,1.1976312214047502
8398176,0.02236627218110454
8398566,0.04002003509636369
8398742,1.2650844531374323
8398955,72.13738687914076
8400121,1.5624084615298957
8400723,7.057024249766558
8401620,1.7666413148496105
8402207,60.76671014009221
8402380,1.2113561992915698
8402882,0.0
8403071,3.693931722275103
8403316,53.112370794121894
8403327,6.030651581156814
8403710,5.1023655445372285
8404181,0.09401936957421254
8404787,2.981598721768655
8405280,1.6153223510418047
8405664,0.8000056588173565
8405978,18.41087075734181
8406520,4.797493963483483
8406689,5.826781465029898
8407577,2.792521929492239
8407677,11.641714587159546
8407862,41.42512943921736
8408530,1.6808921483082222
8408534,0.03245116529060598
8408674,6.160498907425026
8408695,0.10404034370192733
8408768,0.09926589681988525
8408853,0.025371031874583398
8409178,19.776040659297703
8409300,1.9452052897285337
8409401,31.291601510938936
8409459,38.67729943970766
8409542,0.22086953016055344
8409573,0.03948279030137012
8409575,4.833432745190523
8409839,14.988663522978348
8410004,0.47672301855573407
8410450,58.90992947566779
8411164,1.5572916416531828
8411300,0.4640896133532195
8411390,2.2765780224446277
8411428,1.9015722784063513
8412352,0.03736641493549699
8416015,81.2057095198704
8416681,3.7561502981366925
8417134,31.917329356904798
8417805,0.9190209488637155
8417899,0.14384566455331457
8418154,1.2752249735651162
8418984,10.633021701001539
8419475,0.05814058839845599
8420343,46.70962508639616
8420572,0.6545141569921186
8420940,1.0899401187972162
8420972,12.75870889929675
8421416,0.00438541913393513
8421564,0.5716057448766254
8422085,26.23736052328558
8423554,0.06437203696293439
8423636,15.890615563060253
8423666,19.74186167220055
8424350,41.190191508721966
8424572,2.5210548099850505
8424577,0.03603326046268082
8424694,1.6647155722765719
8425058,5.417016631027119
8425177,0.04353819834533901
8426309,0.10036595979275997
8426521,0.0
8426584,22.7974811048163
8426753,0.5145420929543543
8426874,0.005204737859435104
8427013,3.798218470642339
8427400,36.550746940739835
8427638,27.36389024363472
8427707,0.0
8427735,0.09635429599787025
8427772,0.11245237948884534
8427997,0.5044753365957516
8428220,25.46378729962587
8428252,19.149456199939667
8428577,0.19617384718784875
8428777,0.0
8429515,0.008877255196329219
8434813,0.08988247066053169
8436188,2.099589030125437
8436762,0.11164230366572259
8436843,0.11309081658085958
8437111,0.0
8437115,5.7830405188676455
8437316,26.197749598210464
8438760,2.203829093636149
8438775,68.64455415367006
8438801,8.31281403843439
8439595,4.735244255116563
8439758,26.047589542007984
8440295,71.90113071837753
8440352,50.768620253217726
8440837,1.1800654073766994
8440866,71.5242981055459
8441574,15.79794865920264
8441969,1.0142714065563236
8442352,0.09720070877690153
8442672,3.523246794742638
8442997,0.9390732883175761
8443516,0.0998385003551581
8443684,41.815334033500235
8444040,9.145318129766961
8444115,27.54595193539522
8444227,34.269824211234315
8444555,61.14088736025696
8444619,17.709293805949887
8444730,2.3191065164265225
8444863,0.21835932034796507
8444940,31.523022624896917
8445382,0.0
8445681,0.0
8445883,0.0010813841386060332
8446914,44.46660390049229
8449994,0.03151191777381004
8450523,36.30480890166184
8453518,0.0
8454110,76.84182207842127
8454754,45.09662424629542
8455225,0.0013135009881184315
8455625,32.281185091493484
8456014,0.21047040989055793
8456220,0.0
8456805,35.56068885336342
8456825,44.70951580782559
8456902,0.26969134114314897
8457294,11.860284565929142
8458055,0.5420344341566926
8458068,32.67342255868749
8458125,0.10679547158614619
8458505,16.988990203610737
8458852,44.38158671017325
8458966,29.790878600710254
8459000,0.183609298922569
8459563,0.5419364685796794
8459574,1.0322472228087223
8459599,0.8078816855475018
8459660,0.4655985733660353
8459696,68.63752704310767
8461476,21.083468873059086
8463779,2.752187861551907
8466120,0.13788740248227352
8467862,0.11025455547415862
8468318,0.0
8468586,0.6997475546352798
8468662,0.9077997713500151
8468699,0.4932907005272662
8468745,0.21721513699408612
8468835,0.010893964316531399
8469889,0.0
8470130,0.039427578915899354
8470281,0.5538041292531489
8470491,49.7754065779578
8470559,0.7391415981250815
8470974,4.0269985287868835
8471007,16.798880816254382
8471061,0.009526666623795697
8471063,0.4257675332821943
8471233,0.13939495895104234
8471906,1.2891219025651175
8471927,0.8415140175155007
8472562,1.0914018901807871
8472673,0.8760062817912638
8472940,0.0
8472997,0.21388127117987626
8473327,92.0
8473353,0.0
8473374,10.392365737202717
8473480,71.28054516775032
8473484,1.16257351753548
8473571,84.6994114715888
8473623,0.03137634456082137
8473833,0.011421897166779908
8474015,0.45143866296251106
8474260,0.043531896070836865
8474472,2.7642844727420086
8474514,0.2734980180323932
8474702,0.300656149018319
8475392,42.20260379032195
8481680,0.0
8482165,0.016655339795485214
8483296,1.2416081188245112
8483688,0.026331882648776905
8483768,57.28278998226683
8484152,0.09015243170792445
8485053,1.872522131617373
8485057,24.82233900531674
8485529,0.20098397568571946
8485554,70.56719205913355
8485571,0.2561293909914945
8485651,1.2472708110858668
8485671,0.0
8486482,8.912371730492016
8486828,1.9854138001019108
8486894,62.67057169770524
8486946,0.07358773400103698
8487176,0.7524794215958561
8487297,0.038430558929525134
8487664,41.13137448463827
8487674,0.08455696965296766
8487757,0.040513006755764865
8487784,8.174083585605166
8487822,18.4076688355876
8488082,6.306458736022234
8488097,0.01359384192507388
8488273,14.817603346307305
8488308,9.551389032581461
8488322,61.234407101278094
8488834,0.5647836515264035
8489022,0.11827159969448789
8489308,0.41066114782907187
8494012,2.03032100813721
8494234,28.85633349510287
8496436,7.651639383337811
8496467,0.20730034626983646
8496632,47.73055463707932
8497248,0.006666979536574464
8497600,25.312556642878906
8497869,2.4300355899091897
8498379,2.5573386654167702
8498885,0.17566805169169925
8498969,1.5046766146457522
8499562,4.160997446372238
8499719,49.02089751550161
8500102,1.5730965738969873
8500649,0.8302467482736249
8500740,0.41701911874054876
8500983,0.08259695564784444
8501279,0.0
8501323,28.43881414678458
8501622,0.12670518909548026
8501697,0.34448652332048313
8501750,0.9323593049575922
8502567,0.0
8502915,0.09257493284559193
8503064,0.0
8503360,0.0
8503830,10.898226479650598
8504121,0.3305423434014092
8504231,0.051584933284479086
8504263,23.50927623018793
8504271,0.13675036308571362
8504708,20.700379704785217
8504788,0.925676333861108
8504811,0.08637538234932167
8504995,1.9999976502342374
8505031,0.01461092826186803
8505151,0.6374479282453203
8505175,4.948500301121609
8505591,1.1383716417075513
8505785,1.214217841271268
8506013,0.9884204677707081
8506035,3.2426372805035175
8506125,38.6735061702933
8506167,0.05556371854049279
8506284,9.341443313940887
8506755,0.03966199294830287
8506833,0.0481217400510121
8506835,29.165765166770164
8506855,0.01708347159659592
8506867,0.044446423070603126
8507768,14.297153961478745
8508269,0.0
8511404,0.1597685487925381
8513953,2.1994441542422587
8514177,0.7112287410021665
8514448,0.1075828929731127
8514620,0.28818752735995057
8515213,1.1850242794223895
8515432,46.90060104314624
8515886,4.488456599626494
8517554,3.7899798058196414
8517887,0.5752218455547204
8518186,0.4596392012017145
8518214,2.3297105948814116
8518280,6.6138706345633125
8518359,1.7753045928304119
8518364,0.0
8518657,45.97635269676543
8518878,0.02207370523119808
8520094,79.50833802863235
8520667,0.7112559067028957
8520693,52.451128127595744
8520836,0.1626546582870119
8521188,2.9926026285650345
8521666,54.57382689832983
8521692,21.28084396645006
8521720,37.008705444078466
8521884,22.729535309988105
8522062,51.50924567090312
8522326,33.26567481891518
8522395,40.006505647865595
8522756,0.03877214089595787
8522876,0.014504604848920211
8522878,0.17108922637231425
8522933,75.17772961940499
8523014,0.6388237196235693
8523027,21.74188072038575
8523046,61.313516935149224
8523065,3.2360366422383526
8523066,0.07868490046963152
8524648,0.0
8526633,14.292289999805433
8529957,6.961396892001267
8530825,0.2617183824392836
8530858,0.1368117660498257
8531691,2.222766855848127
8531772,1.757632760445045
8531976,0.14006243689982759
8532354,0.4724954187829757
8532520,0.26400603799346056
8532599,2.4357621624252808
8532763,73.56239106092706
8532825,0.008078986264057494
8532876,0.0
8532970,0.06440774136444727
8533035,0.0444032088028791
8534230,4.104256865846543
8534400,0.14519192204985892
8534893,41.6831362003202
8535041,0.20858696057129886
8535125,35.675959021841884
8535332,0.0
8535338,0.0
8535694,0.13408991530150127
8536589,3.2723051442515545
8536676,2.1673865722516075
8536829,0.369728338955009
8536911,1.9238389281795687
8536955,0.23254360822826847
8537400,0.03184455894329862
8537628,18.22444784019811
8539057,0.04353355072362961
8539544,0.16164313018148752
8539699,0.023176222458869317
8540113,0.02104802864812138
8540941,0.0
8541182,2.0873303444908733
8547442,0.03974285478636047
8547627,6.695986459932738
8548307,0.5038942599314639
8548407,0.10365160928370253
8548971,37.41777730316509
8549106,32.654774311990714
8550184,62.79174876398949
8550380,0.03455841307354925
8550516,1.6017160816360767
8550604,1.924927635094306
8550784,3.138705636130681
8550799,6.018875579565191
8551446,67.8831483437526
8552070,7.165461580131529
8552516,0.32860684206536933
8552616,0.0
8552838,10.728851356834118
8553166,0.7735565223295333
8553197,0.002446123214496206
8553204,32.414680223125984
8554567,56.11496593073252
8555036,0.08851169714953008
8555142,27.88088840153333
8555231,70.19030875717337
8555577,0.9310745404520195
8555721,18.885772971145208
8555964,0.04789601838850175
8556774,2.086549520013731
8556792,23.069871982812327
8556794,9.865314561200417
8557123,34.70876533482623
8558283,0.354149291303058
8563290,0.0
8563603,0.0
8564412,0.0
8564500,0.027185915566570955
8564804,1.1470411642268132
8564983,0.19723439394098569
8565339,7.789430299348636
8565340,0.0
8565548,27.975215699427235
8566525,62.1321459746987
8566780,2.28659429680326
8567173,5.828430162528241
8567307,0.08867503474856496
8567525,0.12441417055627439
8567664,2.1269003968451576
8567855,1.2887337884232148
8568137,37.82588669771528
8568363,0.03944665102260831
8568624,0.0028748904626434333
8568841,1.2562972653572
8569079,66.41413926952362
8569212,0.038087090010742314
8569951,54.47956929900409
8572460,0.0
8574047,9.274519735596051
8574120,19.420142543405145
8574289,0.2738512097154989
8576371,31.728139162808315
8576948,19.552765537314993
8577270,0.0408401733874069
8578817,0.2052751796674315
8579012,40.67703237080751
8579476,0.0
8580273,0.1432438545510881
8580467,27.95099194911942
8580704,22.0857090084015
8580746,68.62696113630892
8580947,5.82215554814505
8581068,0.008890842557755236
8581091,55.33840463741067
8581264,0.4071542996992507
8581716,9.67871014178888
8581784,5.69488992841391
8582163,71.4480135779807
8582643,2.1755663033783597
8582756,0.14627256753723025
8582762,0.0
8582786,46.22475321554912
8582976,0.06479289235756806
8583175,10.8858723045856
8584215,0.08216860077147399
8588016,4.940889095245887
8588141,0.03142557485445974
8588357,4.823913480274378
8589668,0.3212945039607836
8589729,33.378413251865595
8590198,6.31730340430318
8590275,0.0
8590822,0.24802056931182037
8590851,0.09735480285907676
8591707,0.0
8592122,1.7798668307972199
8592390,36.93584298340604
8592411,19.182452472069247
8592525,0.9642831571812166
8592757,6.902641473819532
8593656,62.233195877378655
8595036,39.84734960801779
8595191,0.0
8595346,1.0785643294512388
8595359,0.7162044151515075
8595415,0.12193661252295915
8595446,0.38836574911687033
8595450,5.837849412950143
8596015,1.0340384167128442
8596666,2.734092049497708
8597003,0.6534048529677794
8597141,10.061000070084065
8597265,0.0
8597976,8.843547939684772
8600189,25.11789420416925
8601145,43.17701321879863
8603891,0.016785402277413743
8604250,0.016010145400861066
8605214,3.706281055659492
8607283,8.72772661517065
8608243,8.092676902326227
8608793,16.662309774819054
8609467,0.20101070202110496
8609750,0.666038909405244
8609779,81.19120902669725
8610382,34.015379448485895
8610516,0.11510962558317304
8610571,1.177343996279506
8612715,3.381207728999097
8612724,0.0008657704292256233
8612906,1.1893950887038924
8613122,8.836551675696219
8613175,62.364881207300186
8613226,0.0
8613389,11.448369527984381
8613920,0.03318563939007176
8614204,5.511558836699014
8614388,53.53398240565949
8614461,1.577916269586321
8614498,1.51242313085944
8614751,42.56259390203451
8614884,1.0351027215814834
8615187,1.4186926438665954
8615333,0.0981192518236084
8615647,0.12419246777129299
8615671,3.4059857790603965
8615821,17.909665758664843
8615830,1.3669693935799565
8616102,0.0
8616221,2.2826174422701033
8616551,8.11374602874257
8616888,16.167244131141047
8618231,0.033158539806240596
8619067,2.731183051691368
8619510,2.0435247722877636
8620134,67.71837749815138
8622301,64.05999397785465
8622957,42.618259644266224
8623370,43.68734268328028
8623758,39.017331870915235
8624118,0.11064849916312346
8624833,21.023352213437384
8625398,0.06388107342768773
8625732,0.0
8625895,0.8244786313524782
8627060,10.178006244798834
8627394,0.08206816260663198
8627432,1.7011161863977713
8628042,0.33165947651932937
8628425,17.218247621236152
8629187,0.36463710029356033
8630001,0.5498564308973746
8630023,0.004540242948865842
8630560,10.534554815925588
8630599,71.46307329111762
8631355,2.9598595589605723
8631389,0.009498118659881398
8631819,11.567554933854778
8633243,36.4193739111797
8634024,0.05638292117254858
8634152,0.0
8634169,58.355681853930626
8634189,47.143850464850956
8634383,50.89526495701176
8635191,6.434347754888425
8635289,53.82536062737032
8635291,1.10008778150231
8635320,0.3849270022847933
8636057,42.91978575201273
8636089,0.19558891395752237
8636274,0.08526654695314154
8636411,0.14452586682289464
8636520,0.8790619575234146
8642133,0.3020491926406421
8642982,68.82069296784788
8643939,0.04872510464567915
8644070,17.210479940853425
8644087,0.02565513889849699
8644654,5.768245912118491
8645664,0.0
8645816,6.9438551153588755
8647106,1.1369738945271457
8647400,0.03374004788792244
8648051,10.949265986273698
8648134,0.06895244685510941
8648254,0.0
8648479,0.5007399994309913
8648668,0.0
8649087,1.123393632085777
8649144,6.491410609649261
8650177,11.564463671530604
8651132,0.903779251387693
8651260,0.022945468072724656
8651580,0.11999432176900862
8651786,1.8655878797694865
8652372,0.09036950503818084
8652556,74.02240880635765
8652866,80.95211678637557
8653072,42.11061473776429
8653444,6.601681874949855
8654577,0.10445403540218193
8661533,1.9933112764538081
8662610,0.030974259479947357
8662997,48.86634030843288
8663660,47.220397523544555
8665047,9.459166948697526
8665125,0.0
8665778,0.6743478244441335
8666528,29.68452794317496
8666705,0.0
8666925,0.03486396068778913
8668115,3.351425187177741
8668241,0.2552709857462111
8668928,0.17097044570834005
8670025,0.13918606768631558
8670231,0.0
8670765,1.1180784905062424
8670966,0.28495281575256404
8671752,1.1982644979204424
8672280,2.858835650064273
8673141,0.10274561049222931
8674025,1.1117489659424895
8674223,71.13693767438012
8676240,0.0
8678768,30.72456139080899
8680223,0.05802280607183195
8680473,2.5502041801866304
8680487,0.005452016902673468
8680642,0.6363596364677198
8680648,71.17149439885416
8680649,0.33934268696630954
8680891,1.2725380216053555
8681076,1.071526134435002
8681616,0.6495958286704304
8682738,0.0
8683033,0.08376159323799516
8683137,0.05504426491297454
8683432,22.448226526158482
8683482,0.047420951329170194
8683783,10.58716606141701
8684042,1.916813988364203
8684082,51.83636450745162
8684124,2.3518845295605586
8684292,0.0
8684600,1.0179612099678363
8685857,0.14836050963460234
8686167,3.488316603051074
8686361,5.458875308788212
8686886,0.7560406930695736
8687305,8.179873433620052
8688095,0.10574159988295614
8690394,2.4793059567192604
8690657,2.044429175105061
8690821,0.0
8695381,20.806549291552205
8696758,43.704005579636046
8696961,2.6671121964536217
8697198,4.509307542689019
8697491,0.018839364300394065
8697741,0.09402484150888912
8697809,1.7270510918208932
8697936,0.4213257036853421
8698459,4.837343984639663
8698673,0.6303534025001513
8698963,0.19473875877922053
8699229,0.379123592917025
8700748,45.30244429625767
8700870,61.27933680277443
8701055,49.26703387701845
8701169,0.26167930774574677
8701228,55.98530768226204
8702075,50.22957354352624
8702895,0.04110539891595292
8702930,0.001395797855311906
8703437,17.506275387742477
8703671,3.8119268875427337
8704112,0.6453996670757639
8704235,0.0
8704348,30.871684070037396
8704432,0.035944013519083155
8704606,48.491347437703624
8704666,38.84509101012766
8704821,72.02788818468463
8705505,3.8404354170260637
8709326,0.0
8712309,23.756613782664537
8712745,0.0
8714408,43.730846724059504
8714485,72.0998394445634
8714605,1.2916760790558464
8714613,10.736339772681909
8715038,20.463905939114923
8715361,0.19091936292122508
8715508,10.498204567900107
8716341,0.09649142365961191
8716577,9.86159538611933
8717373,0.18698693591462962
8717698,0.7093940560698354
8718032,12.275601754848292
8718423,3.063783071009961
8718572,29.453290959511047
8718819,8.159976667388632
8718970,45.35399969347166
8719013,0.4059394009495432
8719349,0.15609980100519316
8719788,0.06997649198640289
8719818,0.04109758082990005
8719948,31.560914723230965
8719984,0.7394845211881466
8720234,22.12221579509607
8720488,5.0602084450418054
8720693,7.473391389862593
8720865,2.407965835791548
8720930,0.0292404781696289
8722224,0.0
8722376,0.0
8722731,12.914322651474887
8722860,3.3007667083089234
8723462,0.9721568604200969
8727973,0.06506742642414409
8728639,0.006417212116474247
8729819,0.6906339948078853
8729945,3.054088044419877
8729960,2.5930851546182976
8730848,0.22936195052446026
8731075,0.015926260048489668
8731224,11.91687033739075
8731653,0.2281341348214128
8731667,1.603754494901758
8731752,0.0
8732244,0.020328842540547957
8734174,74.77478365130452
8734846,0.0252907947650987
8735320,0.0006384550170659697
8735399,4.712720742967787
8735633,0.0
8736296,6.041207886437654
8736788,0.11248756858738518
8736827,0.13221872656037492
8736934,0.00547253609466248
8737487,1.2625546257669278
8738451,39.97502547445788
8738535,6.449439516161601
8738713,2.481764512011392
8739034,18.872636003247795
8739228,0.0
8739326,1.2424085431357113
8739642,5.401361831314367
8739683,56.57524233943054
8739868,0.1643368555621168
8740079,0.07792491044115438
8740154,51.93314958580536
8740192,0.20648436285717936
8740241,28.22551011098645
8740344,0.7122482203756196
8740576,1.1655677138620486
8741049,0.0008795714454262846
8741124,20.525926511111816
8741289,0.0
8741297,0.014100330386408767
8741574,0.706993565881499
8741685,0.4005816718949434
8741896,9.032189396944666
8742374,2.3670611582801757
8742520,60.56868487243046
8742625,0.0785635797191259
8743269,1.2157946772827124
8743749,64.79793857290535
8744299,0.0
8745126,26.108582096772004
8749948,25.457728400266124
8750161,11.027869303452833
8750772,74.11115473974493
8751747,1.3593106806583883
8752471,10.835493898587881
8753832,48.801102324475146
8754186,0.3065184719771043
8754339,0.4240314863255284
8754465,0.11812026226355028
8754560,34.13509605951251
8755259,26.247142069984598
8755583,11.644841311707415
8755870,0.0
8756017,0.27009488238465923
8756139,4.806944867017649
8756619,0.13742493582842058
8756685,0.13066871144258463
8757726,34.63602834475465
8758146,1.7717795244538288
8758534,6.494381995758236
8758954,5.197544089306539
8760046,4.120193165298329
8760284,1.1909347479084416
8760442,73.88740031375708
8760489,0.1660654290752353
8760775,0.015477408794958661
8760844,11.613408092119839
8761031,0.020744145799230077
8761546,0.5618842710543045
8761854,35.301878025988046
8762004,0.015066920704125094
8762135,0.9568445443692669
8763547,3.894661757791047
8764232,0.0029309505382380174
8764617,0.9500578481532406
8768800,0.0
8770660,0.5719310441751089
8772268,0.30843400942234284
8772365,61.587605651821626
8772654,34.11185732217383
8773391,0.5645311207839944
8774175,16.44577364239383
8775344,0.0896614743236889
8775871,0.0
8776280,0.3049556866271981
8776479,0.12470180499088869
8777022,0.3066626194869308
8777263,0.013546464247329077
8777890,0.0017418422550320443
8778159,5.64139859692284
8778487,2.8980983928029795
8779268,1.1632026271457225
8779868,0.0
8780061,6.679324436811614
8780251,2.138481926113917
8780425,0.0
8781445,0.8437323992395711
8781592,32.353049746691134
8781736,0.2732180141773305
8781958,48.99622809736345
8782030,0.09889175726443793
8782407,0.11162615896414965
8782437,0.04694738164144313
8782605,0.001497612892527047
8782697,2.5039330649788414
8782984,1.5362895825241363
8783094,0.32928532379075476
8783194,0.062382415981029386
8783445,0.48973720918189684
8784461,28.838792373278718
8784649,42.881802597991495
8785114,0.5092971281272486
8789273,0.024108142567015677
8789310,0.0
8789372,30.36715634325445
8790941,1.5892816958743679
8791055,0.0
8791898,38.66652785408334
8792086,0.6081959932248762
8793503,54.435044679833574
8793642,10.117291828209842
8793683,0.22257376318422428
8794495,0.011170107468327474
8794911,64.29176664607735
8794998,0.0
8795849,0.0
8795858,72.93212895260588
8796283,71.61599142569155
8796655,7.840899868770394
8796876,3.0801344518706446
8797080,1.0808102039627812
8797385,0.14302067897522572
8797770,0.43991715391327546
8798227,4.421859597050937
8798404,7.756448463127154
8798499,2.6798153299755265
8798516,78.0222968468303
8798556,0.030388284312408552
8799166,3.944532693903187
8799384,68.30503534170293
8799529,2.4098505855849623
8800203,15.424491043496976
8800628,1.6998304604117334
8800632,0.16981348590340223
8801016,4.385752831381676
8801196,79.4477058000366
8801963,9.411651351057657
8802151,0.031855962549411754
8807611,9.690044008376416
8807842,0.0017338654939624326
8808301,5.518722353235045
8808863,0.014411133308991466
8808943,9.202156300361034
8809054,0.06630289107257174
8809420,0.08423266323719998
8809578,0.0
8809716,0.20065905651848331
8810710,0.46806683352419354
8810937,57.61160931017662
8811687,10.897048547371671
8812030,0.0
8812167,0.0
8812730,19.453306448860488
8813118,0.06305898470918034
8813271,0.0
8813547,45.37674135983821
8813968,0.37297790454406593
8814304,0.016269566444372746
8814574,3.4295247431016604
8814798,0.007794442013092284
8815050,18.853176977552213
8815099,5.875704797439544
8815120,1.5011616748835843
8815447,73.92316954872679
8815477,0.08687154322093314
8816030,1.1433471094841516
8816070,14.303787522179723
8816151,0.2604991536204886
8816420,1.4401101714286444
8816637,25.696508731129356
8816672,0.10313862840363665
8823897,10.387829916698086
8823924,1.9140927864937487
8824016,0.05468075995093896
8824532,12.585253661749501
8824747,0.0
8824809,1.031155506884862
8825458,39.78570214174615
8826124,20.81228187872673
8826129,0.029813186087367778
8826658,0.687365333767812
8826833,5.960664624149792
8827221,20.284300303854558
8827402,68.12981820834464
8828000,0.14524042219076974
8828448,1.1858599027859544
8828577,0.4730436271601574
8828613,0.0964114233721681
8829443,0.07181756577350348
8829753,0.14258849788627642
8830110,0.2617000063949845
8830119,1.1447751954937664
8830129,1.7562933574234505
8830246,8.871293459259839
8830394,12.415418639276337
8830505,0.0
8830529,0.7748261988255262
8830586,81.40964767562365
8830690,0.004040577657373368
8830952,0.9489212457395151
8831553,12.511335050439149
8831758,0.27125533969934396
8831792,1.4063699276435517
8831923,66.36879908042378
8831935,0.0
8835781,5.34880776549917
8836180,59.668845685145286
8837242,66.00031792827251
8838513,0.19035289832071378
8838861,0.30702735827182703
8838932,57.27642665418018
8839746,0.07395454644399053
8839938,0.025437327619542024
8840625,32.623233363251835
8840745,58.631540800651265
8840959,1.8859721956029694
8841528,0.649504060981313
8842080,21.652418303316924
8842185,0.06898718294742646
8842667,0.05661202904554672
8842793,0.07395513526294792
8842889,32.57879491475358
8843110,0.0204975653147947
8844402,28.499053393718967
8844652,0.09765903451880015
8844825,39.207111192757345
8845441,68.70467370737411
8845851,0.0
8845951,2.0947934789362317
8845982,3.5513625759966776
8846634,0.1066405606369505
8846781,0.7751319732381107
8847484,0.023292114023374434
8847542,64.32850132261092
8847577,1.5251688433993305
8847665,13.325791315153241
8847787,45.32895901293849
8847885,0.47937723495128515
8848090,40.425528544579194
8848125,0.1688977418622116
8848162,0.09109256469439006
8848547,0.795452014811224
8848794,0.6820399083631651
8849386,0.6226589604411984
8850025,0.14695307115575804
8853511,0.09631483330004988
8854748,0.04167694208354734
8855166,8.926339402477534
8855457,3.113995260626597
8856687,0.0900288744010568
8856741,40.16575768879131
8857528,0.9580057897459257
8857546,37.88445153503868
8858698,0.4957722919932686
8859006,6.774771440761333
8859710,0.0
8859802,1.0018847190230902
8860277,9.14853735049392
8860350,27.45381913590371
8860450,67.22692919948958
8860745,6.222561205755907
8861464,0.0
8861568,0.5984700399861094
8861719,0.13797547963111834
8861981,0.21461267121590924
8862793,0.11452442570746524
8862995,3.9372307027256634
8863005,0.012148617586884751
8863026,0.9968363710067207
8863296,24.05523935887768
8864003,0.8323960295361358
8864229,3.1824990228644623
8864262,27.373866247680933
8864404,0.0
8865338,0.21109582571023977
8866066,1.4309792349051613
8866335,13.065785400331162
8866381,14.400484160120573
8866826,23.619456033921594
8867112,0.18311630079466243
8867253,0.6378840689663209
8867531,0.0
8867650,0.010752090192085638
8867911,0.897304703645179
8868006,0.0
8868157,0.03645848802195072
8868258,5.721930055435269
8868429,0.053545561152435896
8868525,49.42243841228698
8868762,0.0
8869507,29.5004377133847
8869660,0.03556098196897496
8869702,2.359702212951148
8869871,2.5348910688409254
8870276,0.15599479513645864
8870310,62.68738658887836
8870422,13.782916523471238
8870472,3.9613528197192767
8870789,0.053284122710711715
8873479,56.84152399082235
8877042,8.913329507662336
8878181,55.84715476140183
8878282,0.0
8878544,12.644779161001981
8878750,34.54251441607563
8878976,0.5042841052838455
8879282,76.10557059379207
8879767,37.779611121770614
8879913,0.04225705604773791
8879975,0.27836548467723804
8880173,75.7741786171188
8880194,0.08826362390258051
8880524,2.1048954020002406
8881253,0.8803233023827208
8881451,0.2755204182339691
8881955,0.0
8882811,34.33065893734637
8883032,0.0
8883074,0.00954519206897806
8883269,53.90983507464292
8884228,68.47945690975855
8885968,31.52667448436354
8886036,1.9079903474617286
8886421,0.07108014474945067
8886624,0.3406958731143519
8886732,10.419748524428963
8886850,59.09278873970411
8886910,0.0
8887525,10.441201205950104
8887660,5.065661708817671
8887748,0.8992412352129043
8887908,42.77411660961982
8888082,0.617183354664456
8888084,0.2383292604072096
8888093,1.9610147400908609
8888481,0.0
8889858,3.5686383438107607
8892174,0.0778196513032777
8894114,1.8465141091770056
8894773,70.5269223449598
8895019,5.003671804805796
8896759,1.846358654280307
8897607,0.03505756281991847
8897775,0.08618326056454467
8898050,0.9881959149446631
8898742,0.2665734921573196
8899476,77.45061239640239
8899565,31.768452041809642
8900062,58.18433871586381
8900093,1.0408601852185027
8900200,0.0
8900997,2.110318788832725
8901469,50.30838228632882
8901538,9.074202115126035
8901901,0.30445979615359353
8902042,0.0
8902110,18.009703638945197
8902172,0.0
8902181,0.024753275841565465
8902347,1.4386796876968153
8902420,0.9416848364381823
8902804,5.631019858892441
8903056,0.0
8903395,0.350650939953186
8903721,6.023472395611703
8903837,0.9712016091600496
8903855,0.039670893769123715
8903943,0.2442372535649283
8903952,6.132348450163515
8904076,1.2719856398904767
8904160,3.6033410773300414
8904224,0.056290145525560595
8904488,2.6133628891296476
8904563,0.39248964492460586
8904662,0.016351510548302195
8905011,43.33990211820338
8905176,0.08272726323311058
8905345,9.06481432612181
8905609,0.031291777015223156
8905651,5.6069691369367725
8906054,36.5662725887272
8906176,2.137510524615691
8906260,28.83548873259487
8906379,31.735463293578828
8906489,0.0
8906532,1.1018282268756734
8906620,0.17528442349854628
8906712,0.1618917920279216
8906797,66.887448006066
8907184,79.58992064510616
8907362,1.485531977516533
8907476,17.123931803242307
8907580,3.014853238556337
8907592,10.343503630141862
8907598,0.3321235032002711
8907756,1.4866681996040252
8907844,1.782736642032525
8907901,69.84818573711837
8908518,0.9509249446717102
8908636,12.911701607399735
8908653,61.03380742290355
8913478,0.2022240696739681
8913672,4.558346095707793
8914876,0.022216159992563655
8915071,10.553755792112765
8915191,7.005547258450969
8915295,0.9444899069173645
8915836,0.0639943141162842
8916000,1.6168103772999778
8916480,0.1231980379575456
8916960,33.60918196137583
8917603,0.005157046304642409
8918151,14.052313692952106
8918177,26.771451837491128
8919326,0.03314869818306388
8920490,4.005460759510034
8920714,0.047461490067017935
8920794,2.4654968799143973
8920977,0.0
8920988,0.013763176394837597
8921687,2.935591296732915
8922585,2.399682729448745
8923020,53.60239681478162
8923833,0.0
8924504,68.68610312566479
8924552,0.08310222724509048
8924606,22.30302925742981
8924638,46.267807629166725
8924919,0.0
8924966,32.64459740702499
8925006,16.40320184899412
8925082,0.09369017677937454
8925214,0.25817581298399583
8925581,0.637421758981952
8925628,0.8176741858621189
8925866,9.083156172188815
8931189,8.395606505396694
8931436,0.64093169261462
8931562,0.4086223302788162
8931828,0.015584140480506055
8931888,1.387016743675696
8933153,16.20229739048772
8933384,0.0
8933398,0.8609905529082086
8933503,1.3965704012850417
8933629,1.4233051873589018
8933743,0.0
8935053,0.002013915630347279
8935067,1.3391921286444122
8935326,2.533689006466747
8935527,6.600679278776076
8935622,1.0089804312896058
8935628,8.714640002662058
8936266,6.283108756397344
8936511,7.122119852581142
8937186,0.17340025721234328
8938501,17.737744590732518
8938831,0.18836842243639168
8939341,8.773450189350756
8939409,40.87776928410484
8940683,11.689654962481367
8940709,72.47299359120284
8941082,10.551085326855953
8941366,48.27302753750279
8941980,0.2541883161544668
8942272,0.23891046972238053
8942467,68.88205317928288
8942502,0.20457686429890243
8942536,0.34883026096010905
8942654,51.35395290125308
8947588,3.2628437922610902
8947796,19.945694112041902
8949503,0.06666450536239381
8949622,0.04780056964983218
8949763,32.777485777762465
8950419,22.793738240422556
8950507,13.694265906627184
8950589,0.07852513739894298
8951081,1.3815868377006935
8951258,0.03439492334431863
8951319,0.09994812802305898
8951480,0.3150287891403846
8951763,7.622745322654183
8952044,1.1415329904397142
8952956,0.27655344863246256
8953066,0.0
8953104,57.54911028123534
8953404,61.638275191927384
8953570,0.05208823187359431
8954037,76.29659120970815
8954990,0.21150856622177028
8955133,0.11092093517287475
8955194,0.042012427522836605
8955543,3.175888120529191
8955558,5.171545970369453
8955695,3.1979387579709826
8955750,70.13397309361609
8955886,82.88001680106991
8956039,1.5618064414979171
8956253,23.661733778007637
8956471,0.19375796164731016
8956759,2.5370700718379267
8957008,1.6354782122060758
8957012,79.41382406416211
8957139,0.01798688552864352
8957189,0.05634578685013336
8957301,69.98258645968475
8963270,3.587712737992689
8963331,2.340198623534819
8963532,0.20356975384564355
8963690,20.35672675664446
8963758,0.05053711379045731
8964008,6.367764724119981
8964740,0.024228701689101306
8965178,1.0869549517471127
8965303,0.4792083424907065
8966074,0.9114756825648815
8966080,10.139249171820795
8966368,4.443463485193437
8966499,0.08336042208767663
8966576,0.5417102283154017
8966869,15.732720479586902
8967170,0.7631200054431736
8967396,4.673626547151992
8968741,30.261446432902034
8968789,48.58220907889035
8968898,23.549128583174447
8969047,1.938996026808024
8969658,0.09445669603028363
8969760,0.6851734761940533
8969877,0.44920808221857894
8970248,25.014312310837887
8970652,0.7049425831669044
8971606,41.045314359915395
8971670,0.01429238636787147
8972196,8.613898801306494
8972219,3.904375957051824
8972290,0.0611984937294949
8972353,52.016940726039024
8972382,0.20439486094999645
8972426,46.36574385765362
8972453,0.11195511756670005
8972540,1.1509186828004345
8972908,16.649538299128476
8972977,0.03154353881980612
8972994,0.008233474093793618
8973075,40.9829334352238
8973092,11.757066857120805
8973106,0.03396300607224867
8973131,0.13250517329636358
8973138,12.347017718336776
8973222,0.16614810169155392
8973682,0.0
8974365,0.037781799985004784
8975201,73.11284286492133
8975583,0.06472944196988158
8979762,31.735114807021347
8979852,30.575675621337215
8980708,3.4588520104419054
8981725,0.10661081411010911
8981866,2.975674722773411
8982166,65.56719336360422
8983353,34.901488766974204
8983609,8.786537216933011
8983870,7.957512984470012
8984777,13.109575183254897
8984863,0.11377437328974195
8985316,1.940139886697136
8985856,0.3831943175438397
8986308,0.025134895727435574
8986585,71.96546406505098
8986634,0.15283108580679394
8986821,0.0
8987250,7.736457327765831
8987419,0.22409030225561996
8987462,26.453672073979106
8987930,0.08864993202811504
8988451,22.461687936283447
8988495,0.2061417622280706
8988707,0.1494535630335152
8989205,72.32632328799248
8989235,0.04269846652267842
8989320,83.24038866951628
8989333,38.59543935231816
8989380,4.302875911962365
8989544,0.2065399875155501
8990063,0.0496663232537378
8990100,0.32343072028659375
8990368,0.1726883361061478
8990630,0.6177904467871244
8991157,0.12051250348724969
8991521,0.08127278056925953
8991767,77.97363615281088
8992224,0.0014380437212510096
8992423,0.06404569549399743
8992859,84.18970317846929
8992881,3.468089279785126
8992894,7.123015548431802
8992905,80.49276667030324
8993290,0.5786560555003806
8993313,1.4923084610393849
8993757,0.2375307293442161
8993871,45.08747838383366
8993887,48.42012400951253
8993901,1.6739275217729235
8994025,5.033097440710125
8994197,0.021119898778824787
8994220,4.320646988891322
8994363,21.248189351026106
8994480,0.05704807333290247
8994529,24.65182551677918
8994904,0.015103156011439344
8994917,13.545841518887737
8994928,6.474671499055092
8995119,3.7942288968272178
8995120,0.18177081337777531
8995279,0.7172179663685077
8996181,0.0008962795443846372
8996204,0.0992833700765839
8999205,60.22087779205866
9001999,0.0732521572876807
9002096,0.07284090659009952
9002524,42.50738890107046
9002703,0.07913320219348569
9004652,0.09153937172650123
9004661,1.286693650612789
9004664,33.927742532509825
9004813,0.12805517579933692
9004948,14.302732071935853
9005771,0.17339174674139973
9006032,0.14880866587720168
9006090,0.12588144265677462
9006204,0.09657633906978044
9006249,0.15337709473260783
9006557,1.0152002233912705
9006703,0.00020130801679344332
9006818,0.12496322289321296
9006873,0.9372009426837288
9006942,20.2153126997866
9007043,0.08581022340199759
9007095,22.541425004558967
9007249,0.019339744212737563
9010023,0.061661924813396725
9010371,46.45918698187233
9010379,0.031997131257833863
9010431,3.3976521670771036
9011614,0.04782630583252642
9012130,0.3126509946610097
9012169,0.22715914222905234
9012173,3.461963528310056
9012470,39.93419571302677
9012540,0.0
9012814,0.0
9012913,2.6301844952324305
9013350,1.2382220520793807
9013904,1.1878200157848704
9014166,0.20617737824236035
9014320,3.2312407485527954
9014352,2.7773303097925095
9016178,1.0441951496645967
9016650,77.39409130372472
9018851,0.05020148263636115
9019702,0.09650937040822555
9019941,0.551844154594921
9020184,53.79470780495239
9021572,75.16391836898563
9021755,0.4167540870145405
9021829,15.115691603211857
9022047,0.20174315639143978
9022118,5.321287153477706
9022318,4.021066305950843
9022797,0.19996046239068152
9022864,60.23257067998605
9023240,2.036724958665692
9023423,1.456163447832935
9024500,0.20471878551774175
9025101,0.07171221056285924
9025154,0.08784951468243501
9025218,1.2099945563875314
9025310,3.4728582403388097
9025379,1.7708575901733998
9025887,0.2289043064220776
9026157,0.0785892919811644
9026203,50.76758096748247
9026860,0.4753721174843926
9027109,1.1244410393930973
9027283,7.512610392641891
9028105,0.18683970987314313
9028493,16.596658331585655
9028599,0.10800359895915214
9028856,44.29234041713551
9028916,3.5812328200554897
9029138,0.13487933772119534
9029289,28.758627779541417
9029345,0.08671391403391346
9029469,0.10721038817016887
9029740,25.445728265198113
9030345,6.494006306479395
9030678,0.051137537081481964
9030684,0.13017433763942235
9030997,80.13829383942375
9031081,64.30103850989349
9031172,18.642580952033924
9031189,7.84118515327279
9031216,0.42048549668645363
9031272,11.557286111956746
9031411,0.03860868059969779
9031847,9.873999412431617
9032243,0.15812340076784834
9033218,1.523546560189143
9033229,25.788566884422803
9034645,54.46004945030826
9035181,0.17746639139858894
9039236,0.07817264925482008
9039548,2.782387639776316
9039772,0.03802245115890396
9040796,0.24802701477161623
9041068,81.18715885028945
9041410,0.15659924420374668
9042110,0.07877306125001703
9042177,20.992133233140496
9042594,0.149270801274331
9043628,56.847873731205794
9044466,23.320250599181374
9044642,0.6231957382808873
9045358,4.618698626332953
9045655,28.222762952447162
9045818,82.13306141614262
9045876,52.006445815710194
9046203,79.80000019942655
9046274,0.004913737064043996
9046808,0.014003582806816234
9048374,13.66543815500244
9048434,5.844243152878904
9048630,4.657536368928043
9048729,0.08955435124998458
9048963,0.0
9049013,0.08782955682788844
9049505,0.06211456660355307
9049607,0.46439689256766314
9049656,0.07054360624365642
9049810,0.08666397647313623
9050105,65.18731846323102
9050144,0.06814616270708573
9050373,24.042020324179482
9050388,1.099533444300993
9050443,0.01995377730917708
9050672,0.28710926355345023
9051248,9.702934225687732
9051314,0.8463461927245729
9051442,81.83762396590781
9054109,4.524465604499504
9056113,0.09788484466064946
9056282,1.4668534029466014
9056804,0.10641301812904079
9056858,5.3979137140749
9057395,0.17869832814756145
9057937,0.5529057152941612
9058111,42.02239419145329
9058258,0.10663002238303383
9058854,9.552175533262178
9059314,11.605371385706578
9059418,13.4552860689215
9059783,60.30879231489526
9059854,3.7137504417484584
9059931,20.7676659446317
9060062,0.9253306744610372
9060448,51.155044652905886
9060925,7.002858659933412
9061117,0.04655003090417647
9061145,8.384722715260043
9061331,8.758147194607227
9061821,0.7660777093998365
9061899,5.742476853101242
9062929,55.59561587148786
9063028,0.11718189475203425
9063266,2.6243921897319162
9063304,0.10026620479411823
9063376,0.0843567358435555
9063523,4.064176502467283
9063972,0.31779369884692815
9064211,0.18937551700111468
9064394,28.464067564173515
9064723,47.07208815131032
9064820,2.2304817532252765
9065219,3.233404690457206
9065474,0.08895305342244628
9065665,0.24160911874144433
9066198,2.017648265498933
9066654,0.06635164139530017
9066788,0.19029158242510852
9071813,0.051480638119212406
9072538,0.048178506314968686
9072759,0.07809435575115874
9073438,31.959317109507584
9073600,0.07069766593062703
9073987,1.0522942766245538
9074530,5.941089200069777
9074702,2.831293837304235
9074963,0.013853069316387245
9075249,0.0977662163606433
9075398,0.16160616776415612
9076464,0.4271136234317987
9077315,2.041296863099911
9077548,0.09151265498426175
9077610,0.7044567052003238
9077858,2.470869875911223
9078183,6.07181540004177
9078187,92.0
9078339,0.8970460787337019
9078340,14.76268217926928
9078357,2.189823172437778
9078632,78.92232617142284
9078739,63.45196628229959
9079330,0.0022054616966508357
9079807,0.013272722016587217
9079871,77.31086116077675
9080467,0.10738759407092395
9080886,0.17902780242297353
9081009,0.5397888365614645
9081032,7.1335420431092365
9083471,0.0
9085154,19.419714665553627
9085598,0.08471378515019355
9086629,0.0068319043827408275
9087160,3.2183866096511937
9087285,0.1708939164077603
9087566,2.1204769164765422
9087923,0.06806954536874403
9088278,12.14382292433956
9088331,0.01786421007587786
9088444,0.30496528790855476
9088480,0.23068439220200057
9089397,0.2681565778024755
9089732,2.843946398680193
9090606,0.03879440735634419
9091714,50.23586386546258
9092024,0.04386793124391
9092331,0.6324546726782121
9092845,16.746708284289838
9093032,0.021353674051276906
9093168,0.45338812656514405
9093261,0.05063492752281371
9093446,0.10632464768370015
9094134,0.07566997441979996
9094496,0.4366152110077212
9094789,0.07067733127608515
9095053,1.071922217876121
9095086,1.307129772385488
9095319,40.05353546244581
9095433,0.05961802032475644
9095482,34.49278815519908
9096327,0.019070687729458507
9096381,26.351439318030852
9096383,0.967804006990197
9096535,0.9290630238261077
9096938,3.7512100244795934
9097056,22.29440156437094
9098234,2.214065469475426
9098690,0.09888370722536144
9103692,0.8853708363614344
9104108,1.2445418689628178
9104954,0.4872325093536713
9105518,2.3714127713229525
9105853,0.021477427350615697
9106568,16.03139469281176
9106735,2.8228304725715687
9106751,0.05110401394695892
9107046,0.05912392134962504
9107062,0.41376704477290893
9107118,0.03329799662561679
9107261,12.412739667420935
9107450,0.1618042605426178
9107681,0.6771828065933932
9107772,19.445863939602486
9107788,4.005972769422602
9108110,0.06399777674162069
9108196,58.69560400825347
9108295,0.14281311329674484
9108419,19.581715002792343
9109215,0.14175033413241644
9109385,32.06609154811619
9109675,0.3918070475328902
9110135,45.51313913055059
9110810,0.0
9110811,18.237108960451312
9111254,1.5911564841197952
9111266,0.5504511406574514
9111561,0.007213697245491619
9112024,0.012923512901997506
9112676,26.526590668150615
9112776,0.10285560240336375
9113032,66.35316041984369
9113404,2.3400674714957406
9113414,27.16915092360097
9113702,0.0
9114234,0.06203860684819073
9114309,5.190474333487409
9114773,0.6286454412309211
9115627,24.709135282098032
9115635,0.7254130494339528
9116203,87.07087859564581
9116479,0.07510890693706254
9116850,0.04618812046216254
9116868,7.125674366550208
9116914,0.1500033047979196
9118355,27.321025909206647
9118545,37.77777858809916
9118958,2.2083093923770223
9119254,0.8613458101401361
9120050,0.0
9121555,9.755798648717922
9121896,4.164239043884424
9124500,2.030366241795569
9125631,0.05130332817129859
9125862,0.09136052755093114
9125932,5.808984165089301
9127698,0.20249761764300708
9127871,0.07839728791573679
9128491,1.2135877924108756
9128606,0.0
9128798,0.15016556670382386
9128987,0.03416905641631112
9129016,15.814629863347935
9129357,71.91981871527499
9129381,0.4553513178545701
9129491,0.08144208463822983
9129846,42.09691126258108
9130235,0.947972370547189
9130275,74.24959991002952
9130519,7.4082443324308
9130634,74.42524507973066
9130824,33.017354780118
9131682,1.1793261266155024
9131802,6.657350307400886
9132442,0.12021199070243481
9132449,12.22681276284962
9132614,1.2307059934376308
9132648,2.4383099325436532
9132731,3.656154585819263
9132956,0.0
9133116,0.06834760537768828
9133129,17.10357535249329
9133818,79.27809325946679
9134939,1.4823497649477073
9135080,53.240001802008756
9135633,0.08276706884892439
9135888,0.11353986877465867
9135895,1.6397420468804145
9136206,0.009252801522696622
9136814,6.93044692964742
9137140,1.2049530159499704
9137149,0.08492858529947644
9137365,76.80296006492979
9137480,1.833264384271935
9137533,18.59310786492695
9137941,0.03216926033463498
9138246,74.94619186793793
9138319,0.04723768282983006
9138452,13.139396941950794
9138932,13.317460287379133
9139174,47.27351499972126
9139495,0.011906424409781367
9143104,0.36092845637459636
9144999,0.0592856306131588
9145070,73.76830250613288
9146583,2.9558507384544677
9146709,0.1219911005057283
9147250,0.06811753646770509
9147288,0.0
9147335,1.0562460814904049
9147431,45.06383676832849
9147463,0.01374800698120232
9147557,0.20206509863409836
9148123,0.7147864908161937
9148471,0.48854968278431804
9148647,1.0329536989622208
9149182,0.10778290770783042
9149435,0.016790265410108814
9149797,5.0783831115742
9150194,24.457308377584965
9150647,1.6937964634919251
9150710,0.033043176366685904
9151490,0.10076082086302604
9151677,0.12789753803377243
9152795,72.85152602052949
9152840,0.10164558961428076
9152932,0.043547845736208894
9152965,0.18321832990392853
9153075,0.09823455744901613
9153235,1.0706575232720459
9153695,0.024469138215632492
9154045,10.052042535277481
9154773,0.18758269710348657
9155119,3.075612939440421
9155206,17.831133690122485
9155212,2.426852750670101
9155404,0.2074695217083825
9155496,0.1385346854400831
9155704,59.98349458401333
9156011,51.557604086602495
9156095,1.1753292761896401
9156108,0.22357197574534726
9156331,0.09695888624010982
9156577,46.824625543478994
9156650,0.05761083181920321
9156676,59.109252443590705
9156678,7.551716255143864
9157402,0.2504113718823945
9157483,0.17793848558280312
9157504,0.17402046294878953
9157604,16.945168509814977
9162161,0.34569347764521346
9163561,4.954369968229044
9164247,1.1393168677344756
9164770,0.026566493419540503
9165191,2.69370295253526
9165244,60.48519892682187
9165670,0.14596911895514852
9166211,0.01828525369670378
9166769,27.953854553795498
9167308,0.10329906361342214
9167798,0.8873970269254934
9167936,68.46980770629442
9168009,0.6228335085088049
9168813,3.5010499653832765
9168954,0.3863231234307497
9169181,0.0221407793229056
9170129,64.90612833497049
9170584,1.244106965755681
9171140,0.0020024720921339267
9171302,0.1595517876716455
9172067,2.524963042506635
9172192,79.0046007635132
9172277,0.28320947836018656
9172421,0.16498139878099938
9172470,0.02576143032402316
9172493,0.5441205371635804
9172576,0.11757719906934612
9173096,29.346933416056526
9173352,0.33898299496165163
9173925,28.04507646981178
9174180,0.08840135147810976
9174208,4.336620725241812
9176859,68.74255408173029
9177858,10.656105694557441
9179751,0.06291166024754098
9180626,0.0190305278899223
9180770,0.09508297450338934
9181301,0.7609252191760185
9181506,0.19267398116010456
9182008,22.714380203562605
9182754,14.170386116228142
9183045,0.7008149366530138
9183276,3.7213610659974754
9184124,74.68126199328773
9184855,19.852840224589727
9185291,0.017935166708744923
9185416,0.18090728636646497
9185696,33.98491287561962
9185806,0.03400427753012311
9186341,1.0243712896883923
9186662,0.3163091956434501
9186862,41.32390047131552
9187622,3.492403128409812
9187924,0.02863345190260058
9189339,2.7753319419399776
9189459,0.10747974754333116
9189521,2.9695302317736894
9189745,1.6372067692436452
9191908,0.04222544052632664
9193390,0.020017910654151788
9193975,0.0
9194620,1.648708855404424
9195534,0.0
9195601,0.21495782871153776
9195901,3.4906715323363127
9196017,4.331251854971576
9196297,63.58788536674731
9196408,0.6077551435852313
9196539,21.80422936447052
9196915,1.5408619759028899
9197311,0.0829616042617509
9197433,3.877364221187461
9197573,24.929829057691492
9197704,6.440172321148716
9199020,7.43317461816415
9199104,0.18921891420432407
9199185,59.22578135735077
9200387,2.894266305143871
9200880,2.0252817954432207
9201458,0.09073927523304683
9201989,0.07676347661722419
9202257,2.187228820514216
9206211,0.05216328737015378
9207023,0.020685946461080587
9207049,33.428338664540505
9208071,39.46551457059027
9208531,0.028232707851082943
9209464,0.0
9210071,0.025885058237414865
9211534,0.08767681872997869
9211585,0.07656390016743134
9211719,0.061832746204733224
9212890,0.020820630975691094
9212994,0.030075347494140463
9213448,33.12461100905317
9213504,65.90272036371088
9214901,0.14570899091304715
9215155,2.3339074750204216
9215400,4.344242345008057
9215423,0.07944143115414874
9215618,1.619891846115288
9216366,0.13319595392757896
9216519,3.4466617010434524
9216815,9.096457097174875
9216865,76.81901080710266
9217460,2.7142639988504618
9217571,0.0
9217688,0.04827151912379485
9217770,0.09287840760895252
9217797,9.422513546884975
9217837,1.4723707491756504
9218051,0.019697774710932
9218655,5.023294201110712
9218728,0.047784097190789965
9218745,0.12238884447192697
9219049,23.58490336836472
9219127,0.02657883109135166
9219472,50.85662076047204
9219569,32.04040100216483
9219616,0.7321379537306579
9224907,2.1285271041572287
9225536,0.6872255364629373
9226737,0.27045371587947686
9228310,2.7547156511375155
9229199,68.52916615005559
9229730,0.3019001051087324
9229896,8.92569854238542
9230690,0.14934224952624311
9230698,2.320921912207047
9230864,76.1319300440626
9231083,2.327072722709769
9231455,0.04352717771575945
9231618,1.4347907245741731
9231653,4.206456728550838
9232087,0.21704504965430874
9232242,0.06356825557198972
9232501,2.866180352683031
9232724,0.2307757532498357
9233130,7.897261173532781
9233613,0.21713924689221725
9233636,38.59045623737423
9234256,1.2142665261624603
9234415,5.860747507758488
9234429,1.0522322575967236
9235166,3.19208460911935
9235946,10.95408870502814
9235960,0.1040466299496876
9236078,53.834872785960556
9236305,22.684431494320425
9236394,65.79592135571873
9236852,0.05679304072523109
9237147,2.478664190021717
9237709,0.07962630556516061
9237725,0.0
9237857,1.40892691235792
9238046,2.289750843727612
9238061,0.2278240344356946
9238295,0.236528581769769
9238507,3.0950232874742434
9238560,34.29324014354857
9239068,4.772763576865394
9239250,9.03279873642603
9239252,0.06388764608501771
9239268,0.28626426812119554
9239436,0.2397498388227473
9239583,34.332994987609624
9239637,12.135420019446643
9239679,5.095811459250409
9239738,0.18412873156253018
9240025,8.232564809749858
9240138,0.780392653259399
9240499,0.04222016110362202
9240615,26.461481972368635
9240659,0.8658677667716577
9240784,5.511061675070896
9240833,0.18139043162008
9240869,0.1024396209095537
9241147,46.04657247851942
9242243,0.2113066071567448
9247750,19.11643622478777
9248049,75.01260723959585
9248163,0.12104046530083282
9248222,0.05093845403269601
9248558,1.1213374110715209
9248934,0.19682233770197594
9249597,1.6629357039417156
9249776,0.04487786846426893
9250212,6.829383011344062
9250241,0.2935977080153452
9250340,0.060819078353614164
9250348,0.015257844726654961
9250374,2.299277413934009
9250470,51.9568245990595
9250644,0.0
9250731,5.822762647443828
9250895,62.71251248999038
9251298,2.641889899759429
9252156,0.10470795767453452
9252257,0.0018616882156266374
9252443,8.748086875111364
9252484,0.03321159593320662
9252835,39.75432894843639
9253282,11.64313018566868
9253505,0.017141843546740886
9253638,3.87048713245548
9254332,19.457371057010384
9254533,71.18100894834367
9255115,0.08514318134736037
9255297,1.1251932123922181
9255470,0.19705616230482553
9256323,6.793454399174484
9257315,1.7428773352658065
9257904,67.55304327027264
9258236,17.77424446927764
9259254,0.09571839384070499
9260328,0.15312420526696593
9260587,11.503479219408476
9260911,72.59943714008618
9261392,81.67235983954457
9261610,60.87992919208671
9263535,1.108515430690046
9265785,0.8893391016634251
9267641,2.1836530332192146
9268702,0.144596657828718
9269126,11.941346589408612
9269191,61.487654441542446
9270006,1.347712615422782
9270122,1.499120499159977
9270176,0.24610579554475
9271322,9.315350468543343
9271567,3.9388638181746676
9271742,66.72591119120541
9272841,0.14737087039807623
9273010,7.4514049196525685
9273345,21.679476056384704
9273903,19.986287091548675
9274832,0.049111654272276005
9274960,0.011997662713446555
9275691,12.833702262875335
9275885,4.965042939190605
9275941,2.157986180067752
9276535,0.11155471494571347
9276587,3.913389883837636
9276877,0.11714018015668112
9277581,7.824241853532984
9277635,22.07957125380769
9278568,0.12088163947217181
9278723,12.712643089472312
9278786,0.06254206933379781
9279054,0.1561978120811109
9279146,0.8651851228899374
9279308,19.928435924127594
9279343,47.27513447861889
9280117,0.214764656804109
9280184,7.946394238018343
9280474,0.0720125805843364
9280667,0.05560817367188321
9280872,63.00216856125828
9281146,1.6857681245512968
9281201,32.16534064547711
9281881,0.08057228434502224
9281947,56.615763776245224
9281978,2.222854163579253
9282008,0.033126181789859196
9282368,2.7788595056537075
9282437,0.22009933127316514
9282443,5.264415487781496
9282692,20.383659364782698
9282872,7.406298323130886
9283228,0.01559239656595944
9283561,0.10088041089415624
9288358,4.615542508596834
9288652,1.8407997125554942
9288977,0.7209717889856615
9289352,0.4157758844380892
9289871,0.028156136735048225
9291285,0.09255463067828529
9291537,0.6424639491686865
9291870,0.10749787759717033
9291998,4.740468931647746
9292183,0.09975615804830054
9292449,4.269325073591952
9293319,0.07419217339475426
9293571,7.033320331640558
9294074,5.9447133331288216
9294257,0.1434900913605108
9294446,0.2470406581083842
9294872,2.332449390920404
9295261,0.2065298881020887
9295345,0.6575316874753158
9295725,23.410784263940787
9295846,3.045811959098569
9296089,0.10961183532482814
9296132,74.05893678437688
9296598,0.0
9296742,0.15678611186582728
9296744,7.77803602832375
9297237,0.14290524569221708
9297603,0.38140510273665346
9298319,67.58228593010496
9298426,13.934632258347836
9298746,0.15173672356670234
9298802,0.034807445728168615
9298825,2.4988780745406234
9298992,0.5991900998219456
9299035,0.04751693945132368
9299042,0.061263862463575784
9299164,1.1540199110537364
9299210,5.15631791647176
9299256,0.0755776353430559
9299672,67.53254793833395
9299921,1.0555372036511441
9300033,0.5447282681456407
9300478,0.15502404230548172
9300634,0.08426548531328182
9300701,6.540159772721154
9300714,36.265426751006935
9301402,0.4131300723987686
9301562,0.13247253908344678
9301647,0.18819321555143867
9301755,0.026177844045242437
9301784,0.026864059030085378
9302048,0.026606577373150406
9302654,0.19520758209340563
9302921,59.243076524138665
9303376,0.1255058353563401
9307115,1.035074685750348
9308016,0.11516315539105737
9308944,0.6511363478497789
9309301,30.8049472207463
9309328,2.260505481534986
9310119,0.7887502036044075
9310252,36.263729032792284
9310518,26.28039981331778
9310777,33.44828566766694
9310896,1.1703437572865354
9310923,3.267732740620578
9310939,4.955261168100161
9310972,0.06551739661905852
9311032,0.07432286453974347
9311348,1.0315519074141564
9312164,0.1393665860882108
9313792,7.030915464255216
9314004,1.1605201840605428
9314036,1.733229762393449
9314474,78.34358014013503
9314873,0.24784368110602986
9315152,0.6968515968120522
9315478,0.38311026566254985
9315559,71.37121256811703
9315567,12.935069651307092
9316006,0.0
9316033,0.6659890850297315
9316060,0.9819970938565181
9316086,0.016061522059390102
9316143,0.24190290171537662
9316287,1.3748825597308645
9316305,60.07222808918993
9316815,1.205123615799007
9317303,1.16344949880881
9317573,0.0762775020763985
9317622,70.66238299061567
9317907,0.14177116914534282
9318239,0.2050715945058548
9319328,0.8025182712218816
9319569,43.44471499527118
9319688,0.9993119926542852
9320053,0.018467149891209875
9322463,1.7260745862883298
9322949,0.5085586058514251
9323310,0.08342506942219995
9324448,11.130318801810228
9324521,54.07909546326824
9325853,0.0
9325887,0.03768024626493258
9326851,6.537434112233264
9326969,0.07386874404400116
9327507,26.533223011425125
9328355,29.54628585921331
9328396,56.40660870324654
9328481,1.283470225675558
9328578,36.56258281661389
9328896,59.84553519987933
9329170,8.862573214612926
9329425,4.517480344185613
9329658,0.07106383719310946
9330231,0.011682095833560615
9330321,23.78886167019833
9330440,1.1269343174106545
9330813,0.22256750713017573
9330884,0.630710154352683
9331214,4.3415498892292375
9331257,15.74578815884132
9331413,1.2983138832957608
9331444,0.1800528934414335
9331520,79.72277980533306
9331558,1.2376572485176227
9332396,0.07017460394883518
9332872,62.00666651373839
9333039,8.041645288064867
9333310,0.7223405867061138
9333364,22.128926320976046
9333433,0.1849449285410357
9333460,4.606325458708084
9333533,5.576876329786652
9333739,0.0742083628489229
9333862,1.1588840630541415
9334192,0.1220084547568805
9334228,2.094687469978981
9334365,0.05627674880886994
9334427,2.8334183012384972
9339092,8.688099279669244
9339253,0.3695409856615111
9339308,35.248852188378635
9339334,8.857537593984317
9339373,24.609131088373292
9340975,4.0016155111422576
9341196,0.14399625402726693
9341252,5.835205523343664
9342019,19.551128202601056
9342263,12.907736619626677
9343759,0.10532813578165356
9343896,0.6452597444024739
9344000,18.617814668011956
9344016,0.7528729828310315
9344626,0.04513314510293086
9345523,0.01743731151457921
9346357,0.04472933091454478
9346456,0.09487329705873083
9346752,51.09269544398442
9346899,0.011211514175445792
9347278,1.4934787010754762
9347368,3.042455994307783
9347422,0.06288834522912655
9347752,0.3583535727516653
9347803,0.12461812546034509
9347830,0.18159093912445565
9348249,0.06500423635654044
9348389,17.05208530293573
9348923,54.7233176753493
9349116,0.10092347678118185
9349221,11.778705079795957
9349483,0.036539031176135314
9349542,0.04955783601689427
9349755,88.62353529346332
9349866,0.14495623512678216
9349949,7.130625244106648
9349950,35.96784284931302
9350060,71.5734354837848
9350103,0.031502816025768036
9350125,0.7556455371302376
9350164,6.469395412099579
9350295,16.860686690710008
9350729,2.199758105909458
9350889,0.1456444696113936
9351006,49.76611137360063
9351013,1.6465018786355274
9351036,24.35651146207018
9351769,0.1018676313406489
9352684,0.17122186278831059
9352791,5.511621993479163
9358718,0.0
9359064,11.281807482570386
9359438,24.567231820645755
9359827,0.20224736435496576
9359933,0.15904657397950528
9360072,0.20849898520011131
9360968,39.86489637592935
9361107,70.91005693109902
9362100,0.21898675948016155
9362269,35.46669969677762
9362280,59.125329080190774
9362315,0.0
9362344,63.23227106778883
9362388,10.535664282911693
9362527,0.3619289556517008
9362648,0.1650648758911707
9363046,0.044781427991617155
9363340,0.0
9363344,0.009836868784155454
9363417,4.040571571380779
9363741,0.02173705787508722
9363749,2.234263763600454
9363823,2.2932811220411233
9363970,0.6323381444326731
9364043,0.3488530250070967
9364096,3.5083482193924813
9364257,0.9141286154514411
9364352,0.0
9365025,0.06383098243220915
9365259,0.020386750498285866
9365581,50.750421475934836
9365929,0.057028776748742155
9366483,0.43807069570618884
9366680,1.5710636950801153
9367054,7.505818002497638
9367337,57.78536274128541
9367472,1.496338199827557
9367562,0.5423627432339001
9367571,6.508336502671409
9367923,0.20665610739632603
9368365,0.09726939868940374
9368377,2.9237223946022275
9368845,0.026046342153312363
9368969,0.4067222850701551
9369032,0.14927908315252866
9369087,0.05465105382835453
9369116,81.20553604346863
9369127,4.3547245677709965
9369514,7.057791950481634
9369699,0.09517247406010981
9369705,1.397566757106237
9370059,0.6263116920539544
9370370,72.80034928324575
9370382,16.044842574849632
9370403,2.656257998612581
9370501,0.33057908313776185
9370513,13.359186155852493
9370896,9.34405838118269
9371009,3.6840495367405657
9371045,0.06038275254800911
9371138,0.09714668451307809
9371163,67.68790978437364
9371171,58.41671997997271
9371173,0.10773088253005544
9371349,0.2719251929906327
9371362,1.5069163690225627
9371645,0.12034919366778062
9372147,4.020983458443698
9372158,0.2713318278309366
9372527,0.5519189040576851
9372859,4.124952282804755
9372941,8.706322332483523
9373011,0.8919165901295227
9373100,9.967214907711913
9373167,3.742555576421934
9373919,0.1769583483841176
9374060,0.9778551172823194
9374169,1.0754267117500633
9378184,80.71469026269376
9378785,0.04853529073418869
9380291,5.4448157103705785
9380429,0.0
9380912,3.71753026578644
9381224,4.8410885909518795
9381259,51.27326521982239
9381315,0.22007470409964547
9381697,1.9108211000589124
9381790,0.09248578843898245
9382195,6.782400447052463
9382321,0.04777050529566565
9382719,58.69044806129163
9383044,0.18805936581961594
9383071,2.1012066957130364
9383634,17.681248758851815
9384231,0.012980253467054231
9385566,0.63605850836834
9385743,0.1552709282436901
9385790,4.373447270525676
9386602,0.0
9386675,0.10953537647342725
9386678,27.74217666940387
9387165,0.020622899246581925
9387349,0.037796367126395704
9387437,29.507139203263822
9387631,0.09802487693028183
9387676,51.91758078134029
9387913,15.410631454349415
9387914,2.0021124760426976
9388254,74.89015433460412
9388397,0.26332840546371533
9389037,1.721925463773036
9389575,19.352580457213048
9389620,9.129168111626313
9389656,1.1048346281529497
9389827,48.33604842602399
9389977,0.09194699058975717
9390033,0.5186431589873439
9390061,10.136335984142145
9390084,0.09138427189788609
9390885,0.16940449134015242
9390925,0.13168443959993412
9391149,25.98968885706092
9391333,71.45706075283886
9391509,74.51270783732343
9391567,0.024894573734896588
9391829,0.7893750428567906
9392048,24.13095517004156
9392095,65.18279900122604
9392315,6.929869531568248
9392466,61.00933559468948
9393005,0.11113970656344058
9393322,76.41578448298868
9393343,2.094337537406977
9393417,0.07292604405430496
9393674,74.36236989987633
9393783,1.5793596454108076
9393873,9.77108027345446
9393884,3.042505119631173
9393966,11.346121999808325
9394477,2.509253839367631
9394510,0.0
9394565,0.0
9394635,19.38584132540694
9395060,0.046261170485623206
9396442,16.028236292424424
9398776,11.314465287188636
9400975,4.042836436837385
9401166,2.207730266861986
9401453,0.6912693627468565
9401896,61.65348751081737
9401974,6.060795197768479
9402649,0.07206862367636191
9402760,70.94955975041613
9402952,59.89861327985219
9403351,0.020425229716622074
9403419,0.09536324782050341
9403626,80.92510458725089
9403766,0.22132985913796946
9403872,2.783549552476483
9404123,86.1762116157101
9404455,21.04259570646566
9404707,21.21510973518922
9404709,29.252493521568102
9404985,76.92971658318011
9405150,0.1199153051206751
9405162,2.281780440249748
9405488,50.98117086487949
9406234,0.25585782930227247
9406699,74.791448765532
9407912,9.596422426094342
9408107,0.6035849520705318
9408178,0.3377296838577474
9408218,76.17974059609075
9408391,0.06068081912052303
9408494,1.031303748267214
9409245,2.2700553968187975
9409367,76.7493246409447
9409457,69.9122553759739
9409873,1.455482850104767
9410042,3.856126051252936
9410510,47.31288394407091
9410527,0.15715744921547248
9410846,72.63440346646799
9411126,69.37727959479184
9411379,3.5378022993582783
9411743,20.7300003938001
9411914,0.0
9412082,0.03097329375557067
9412351,0.2221121162259912
9412375,5.036714014693356
9412522,13.449013806917419
9412617,7.078024034493396
9412652,0.30656013308301694
9412891,0.17493382375724226
9412913,0.2018046480250596
9413287,0.15708164503529998
9413386,1.2317782140409779
9413501,0.7152132159563568
9413603,63.031376508510895
9413642,0.19700279538160506
9413779,6.803658591520145
9413794,71.9430169550901
9413809,30.81275675692636
9413861,4.641681254351006
9414019,34.179902438161115
9414036,0.1412986400185675
9414237,0.15245022264068156
9414521,0.20026097110799287
9414929,2.6630162850549337
9415125,1.010019774642685
9415426,11.340093020920627
9415450,4.636297074410645
9415577,8.215015197307478
9415661,0.023907635697858587
9415828,6.046355730027751
9416000,0.5753744587321092
9416039,0.05817291840785785
9416084,1.246764618737551
9416198,80.45586740940986
9416560,4.509563390158675
9416852,0.10427504892387232
9421542,0.5505458820697536
9422196,0.5297287224974343
9422273,0.9026949042845347
9422331,0.5148617516051623
9422915,53.64873736542061
9423397,58.22106053901097
9424118,63.91383533115796
9424217,0.041510329116497595
9424314,33.1908841450477
9425074,6.674252862131679
9425835,3.311454273952452
9425847,51.45150478287189
9426095,1.2795228403251324
9426345,4.932725993994978
9426418,0.1082890548697408
9426526,0.9635191597498743
9426612,60.64470753740048
9426786,6.920787825935774
9427101,0.0
9427341,28.437947907773083
9427418,0.0
9428609,5.346679273319175
9428684,2.262886905812246
9428696,2.0895174796739733
9429015,18.850203255996725
9429038,76.04359526672447
9429451,0.25377586329222407
9429554,2.965128147324028
9429658,0.0
9429855,2.290937870482997
9430133,0.6881768578692833
9430326,0.08485262902779898
9430623,0.032453823318547355
9430740,3.4483379901572557
9431085,73.50350801671424
9431369,67.00542903668011
9431865,0.31081855101172656
9431992,34.68840309439548
9432750,5.141729316953378
9433234,19.434485714996377
9433334,2.699222566682042
9433824,0.2696462592974643
9434105,69.09920519044137
9434213,78.89854366390058
9434495,47.88611662204042
9434513,42.32756143688787
9434781,0.12761260568579724
9434801,23.993880346263666
9435148,0.420839882623309
9435234,7.373281495184644
9435462,4.648289531368097
9435568,30.142975099860802
9436038,0.6777258646562669
9436315,1.6326395487422987
9436559,0.8900761463473553
9436650,0.28483670654563215
9436968,0.060732528064209625
9437085,0.0729992424278243
9441186,60.63050524443326
9443463,4.799695843991666
9443647,0.009061682711187126
9443733,0.5561030270298494
9444300,2.433490557496982
9444819,0.037054715041747135
9444997,16.311675134368276
9445501,0.6125422034813062
9445652,37.78385297754934
9445687,2.548354751366815
9445757,77.52822764618516
9445766,89.76814253600179
9445789,1.6497523037827142
9446298,0.16251818422404862
9447019,8.498903423440195
9447137,1.3471830627855161
9447198,0.05208253382464304
9447274,0.4821499130718364
9447707,0.20427156568847338
9447954,0.37897180993751955
9448029,0.3777118601317331
9448135,70.65860711677526
9448279,0.2934079043173183
9448558,0.16876223640486954
9448978,12.357388697049602
9449002,0.4465148397605436
9449323,6.760557421942634
9449361,0.05447913666601272
9449603,48.109571919851305
9449713,13.961802750986218
9449718,65.07252103945737
9449888,40.00269546298021
9450671,3.0128436221368804
9450738,5.87215102802044
9451025,0.12652415678400145
9451126,77.84751671723167
9451165,10.582625432143647
9451184,4.346981197607802
9451250,44.83941526542555
9451334,0.1417741752478389
9451597,63.47862388646693
9451768,0.044534980136369084
9451784,4.875751000274982
9451805,3.831244201525588
9452037,0.21442113110943567
9452061,0.11185285847323602
9452113,6.105809055775728
9452124,78.32186831094661
9452127,36.52590092178191
9452354,0.6039041061110639
9452399,0.11289570208638508
9452425,0.0
9452454,23.740788082618167
9452728,60.55895219225055
9453126,63.18386242741506
9453245,0.05459947478249957
9453249,0.06646754835039606
9453266,1.8583147687889716
9453302,45.88762655405888
9453356,4.72149206392364
9455269,80.79387255791606
9455454,0.6765190273428288
9457202,0.09725386462273496
9457285,63.4052896665296
9458150,2.1340755436496304
9458247,0.8206943939701453
9458372,6.286563202687447
9458393,0.148559763425859
9458811,32.11024375622453
9459910,7.958849975775749
9460093,0.009127716423496109
9460513,1.4041284777124254
9460661,13.371611620642195
9461085,1.389573694118218
9461086,0.7505564235741397
9461187,0.030749411513839232
9461214,49.95138661888281
9461238,79.2953084457238
9461634,15.598022616928754
9461660,0.023663082326074072
9461747,0.14145625445408533
9461779,0.2791634847646061
9461801,0.33485824735308944
9461836,0.013207166964653847
9461963,2.0475038113716857
9462015,7.065014386918923
9462070,0.5872163562927991
9462208,8.566783187203963
9462694,0.12393581217757359
9462850,0.05755772599917829
9462884,0.6659524720196565
9463039,0.8494600952023431
9463130,0.11120064981029269
9463628,12.3328174678149
9463681,0.7346016495402716
9463692,60.29660910688966
9463790,0.09656092558143291
9463804,8.082070839750633
9463830,0.0
9464046,0.2675793050446981
9464098,2.0201949825904646
9464195,0.2602574333770476
9464235,0.04212280277279688
9464267,0.16004397042655144
9464507,0.012964338656048355
9464528,0.4742169093617811
9464560,0.0
9464605,0.3366798171278386
9464672,0.6180333904293752
9464780,0.0005690398894047227
9464876,19.45669484999277
9464900,0.0
9465382,2.1904376603744584
9465717,0.012753462558985053
9465778,0.12394469617019889
9466759,43.97897780500378
9468563,82.36489123074644
9469014,0.19070448825164285
9469655,0.7931167342928759
9469827,0.05522214353964151
9470048,0.03456640267356048
9470121,0.18148254515467663
9470148,0.46236700738822356
9470554,0.1583535442393491
9470677,79.41519568624372
9471498,0.23486734071968673
9471715,64.59007665591169
9471807,0.0
9471997,0.11533764733775018
9472829,25.081076962546167
9472966,0.08098983668117801
9473014,5.336490640614211
9473393,0.10005735721777284
9473484,68.99861921914669
9473646,38.60022818090383
9473663,0.0
9473798,4.110750753391162
9473828,0.11687895980913206
9473837,0.02501802105218738
9473852,0.02032347549065993
9473889,4.83793459336559
9474161,0.7974490500290817
9474495,0.6040868576507041
9474607,2.6445784192696062
9475494,0.03696998102724463
9475501,0.0
9475631,0.026395320935699493
9475703,7.91890356343155
9475894,2.8370223300794772
9476212,0.07640419557575331
9476243,2.3388928724525964
9476293,0.23281711171071295
9476353,81.27502256809633
9476397,0.08470470294152228
9476551,37.68924844756603
9476759,81.20537674212558
9476831,0.13742094591889567
9476850,69.47807926681723
9476857,0.0
9476882,4.788004256527843
9476900,0.3550886424900313
9477000,0.0
9477010,5.080920565265903
9477096,0.022509637733310158
9477211,10.054036018283211
9477349,1.2541613865117265
9477653,0.3176989703976719
9477830,0.1828070177774292
9477888,0.3811088085376293
9478169,0.18130628442833635
9478196,16.7045575935034
9478446,67.30536492796303
9478506,0.0
9478577,61.96771098971405
9479348,15.676549102391805
9479421,1.6655731213427292
9479513,7.370981266491472
9479608,0.035841659140433864
9479647,0.02881855995569466
9479656,1.0687191012380692
9484148,0.055410807213465724
9484158,0.07082430613083236
9484208,1.1655441102199189
9484892,0.09132233086920424
9485047,43.76681161010324
9485301,19.140253503399567
9485606,74.17030069633196
9485989,0.052945915940480384
9486300,9.767535710142981
9486332,0.06426394822151447
9486575,0.036027103678911016
9486678,16.61764434604489
9486698,0.25961230093798376
9486784,0.11086533019871234
9486786,4.167289121094212
9487251,77.01501214466983
9487327,0.9492216826234435
9487684,1.7820879433023609
9487692,1.1614290581255726
9487838,0.10988613092093512
9488408,9.396460275432922
9488860,0.5190758993772798
9489421,2.0123356423974634
9490080,0.17340774862631247
9490137,79.80356075521094
9490199,0.03221177960267656
9490272,81.94876464419322
9490415,1.5371109315531235
9490541,20.490598427922105
9490600,0.10479004139918194
9490639,0.059962152796117205
9490889,8.607513638468946
9490926,0.010839103669541704
9490959,19.37706469086926
9491126,0.0536787160683927
9491872,0.16726793316639074
9491922,0.03578097487094756
9491947,1.8133574874322034
9492011,67.78701168684584
9492024,3.3621769493612814
9492069,0.17239322405544605
9492165,0.32902906474401755
9492398,82.03458031251434
9492640,71.7820736587631
9492750,45.63694680618937
9492860,0.046489080880949565
9493086,5.975288585158012
9493269,0.006179782553689074
9493306,62.90093242917922
9493360,1.643094698296005
9493403,0.645402072708102
9493699,0.3581333828222645
9493786,0.033691487467991305
9494534,0.127349950696971
9494701,0.22311179492708844
9494786,0.4543690546506409
9494826,77.41016124921005
9494900,0.44621303606197904
9494965,0.0
9495007,22.455836809317788
9495140,0.06752876935788539
9495424,1.9280972317557417
9495502,0.23163551407338265
9495982,0.4376466593023412
9496026,0.2664147833493361
9496094,1.4731636572574875
9496206,62.745596583583165
9496371,0.0
9496372,0.042755712266741165
9496398,0.10866320732807877
9496502,46.10842576838246
9496845,34.13050587286559
9497062,1.730964952779404
9497080,37.19512682355167
9497513,2.1603292088796366
9498138,0.20434382315471522
9498940,0.2645178142880118
9502016,14.561397402486975
9502150,17.53809525954291
9502712,10.540820523968842
9502981,9.851182110173182
9503704,6.865822015036079
9504072,28.281818000262053
9504882,30.501586635291606
9504968,42.69249021521251
9505047,0.5893269828916115
9505105,45.16623897772016
9505111,44.563625033252265
9505158,0.43015354397163086
9505268,0.1932387819195712
9505512,76.0720258541103
9505563,0.008555552022166383
9505602,0.14599859751473745
9505686,6.057469933862607
9505762,83.69733500845042
9505990,1.1549800584345813
9505991,6.5698196023571676
9506306,41.88100238305231
9506526,0.3801243701760648
9506861,71.09246218824954
9506882,0.7932388151821406
9506945,2.442597199012058
9507042,0.6029729784059495
9507132,1.8645138136435917
9507244,1.6839592122113545
9507596,0.09959193933846704
9507794,0.10784134366435912
9507915,0.0
9508057,0.07386634362867234
9508105,0.22545278133767277
9508137,73.61478528801904
9508162,2.302243906767237
9508288,6.772501362678989
9508497,0.0
9508668,1.3536976423026612
9508780,0.21014403062682036
9508962,0.6611594317706039
9509148,29.17340676649637
9509369,5.7321244463080285
9509529,0.020540874972231424
9509672,33.424443517494204
9509686,0.12374460631225541
9509691,22.271503045914958
9509922,18.17335574655316
9510151,0.07047755321077556
9510158,22.381441663091845
9510370,0.15673832648698466
9510385,5.4001459928811
9511073,1.7362111028317917
9511112,7.070152887732437
9511119,0.05411380673242598
9511370,0.15384245936082114
9511559,0.01714968452356171
9511851,0.08550471920746303
9511865,3.7469215191420955
9512164,0.0
9512347,2.0494924261241487
9512419,11.087518527179526
9512472,0.034599751047873405
9512594,74.21533993451658
9512612,0.7965142735942264
9512773,6.338250262015342
9512844,48.69828494451279
9512888,0.04067717119134079
9512941,0.103041790482287
9513248,0.03845283117383075
9513261,0.530459478947829
9513312,0.1497606548129104
9513357,3.6320895863948137
9513408,66.84064747945091
9513511,2.939888311522772
9513743,16.39443523304434
9514368,0.13962831136919682
9514432,8.131088290137535
9514549,0.0619939860521519
9514670,0.2477411315081776
9514721,50.396641947281346
9514730,0.09732046239483369
9514772,0.17076498464992496
9514832,0.023241312223429126
9514839,0.12853649679477816
9514935,0.0
9514937,2.927079125606123
9515409,1.0800888920395402
9515597,0.017429134379876424
9516142,41.22546575625164
9517488,0.6124534689365099
9517507,43.43939567972216
9519514,1.574914294234569
9521009,0.058572455880145036
9522516,32.6052087723877
9522986,0.07717301896533012
9523023,7.936686989138747
9523125,0.3580533978080252
9523156,57.77442972192744
9523627,1.8224942663804473
9523761,1.0035396127298801
9523762,0.7921905037031904
9524047,12.24159088729163
9524129,7.8916895290247915
9524141,0.5127346601683129
9524433,2.442158581198637
9525001,0.5321261403543044
9525096,18.49066810064337
9525173,0.09600118517107899
9525241,6.022890167112527
9525335,0.03402592022241996
9525377,0.0771941833896419
9525490,0.22664804624065077
9525531,5.356074692770337
9525925,59.889895759522354
9526313,0.1373635181063947
9526314,11.312956893637676
9526794,16.17700405698173
9526879,0.02750783554420241
9527244,1.3592780079556226
9527407,30.50573365683594
9528568,0.021104784130811564
9528648,32.54263532470228
9528987,1.0300743588997974
9529306,0.11384519139827409
9529332,71.90244310370072
9529431,0.040338042704748715
9529493,17.703318898893567
9529607,0.6756904101797641
9529662,51.48769712830403
9530079,1.388426958270716
9530083,2.6897873335495843
9530287,0.0895004247504332
9530381,82.21196813592925
9530714,67.99522042294839
9530797,65.99058288684165
9531565,0.7475722483254168
9531676,0.02400762749480492
9532024,0.3110608189986285
9532048,0.007629697577954954
9532435,69.0074573705311
9532913,0.7744810267908461
9532973,0.4334423183235022
9533089,0.5251349397025712
9533144,0.18866697391415288
9533222,0.20472110139448213
9533818,0.01691492306889066
9533889,4.825715945133178
9534209,0.7206932255289427
9536965,18.702330791716143
9539111,0.18899956844261434
9539212,1.4856366116383366
9539397,0.0
9540005,51.60849822950501
9540147,21.0932612950648
9540193,31.529923555153193
9540974,0.0
9541017,0.04912551959422094
9541094,0.14485844942092557
9541320,1.123634224430442
9541514,0.04605977439396141
9541921,0.5677113882562786
9542140,14.321562013732244
9542572,6.362450528088533
9542827,0.0009838060473496277
9542872,0.04624860950451891
9542984,1.8591796065805013
9543637,2.278332843344847
9543640,1.886911905508024
9543678,10.467448203886722
9543824,1.3874789011881077
9544410,55.76922720414959
9544597,6.2896028506369825
9544653,0.3881762504567392
9545059,0.012459575816529695
9545164,19.205557355027285
9546184,0.189766323621822
9546215,1.0783240974640018
9546267,0.02686408068493395
9546587,7.535009796182047
9546711,19.693657664107665
9546808,0.24782181402057646
9546888,0.3594924003389491
9546943,5.385162608616056
9546944,0.0
9547019,17.446873870906536
9547160,3.1766035482846693
9548120,3.4232980664597568
9548191,37.09124756208288
9548427,3.790079572551843
9548693,8.015794532314667
9548728,0.2401316290705666
9548756,0.04245702809782322
9548788,0.048228206598173264
9548866,8.593890697049796
9549076,2.144550191375677
9549078,1.167111312316966
9549118,0.2009694679486518
9549223,0.1353372847790878
9549572,0.08406649281754228
9549790,5.68753347566636
9549937,0.1642416241150561
9549987,12.490525061517895
9550142,3.739082001457553
9550147,80.72156846235768
9550276,0.32217738770541415
9550306,0.5005201574543151
9550392,0.5159119313846824
9550423,0.5541172040662272
9550501,0.4021927909262594
9550620,35.016529506043575
9550750,5.21350553642267
9551158,29.679156911982314
9551417,5.982794361639586
9551672,0.22391780225065125
9552317,0.9655540201488777
9555580,0.06614845277476235
9555648,69.01433850109491
9555679,0.04647720816292713
9556966,9.978791746397599
9557136,0.03348803219110909
9557226,68.36636875230653
9557775,42.50814794958882
9557776,0.5878545792325308
9557816,0.2268175971555816
9558085,4.641214663411091
9558152,0.42748748554824073
9558396,1.0184129774191102
9558500,1.593216823559579
9558860,0.3828943517333175
9559115,0.170723849527768
9559548,0.02340752735068863
9560057,0.04377326283734022
9560089,2.551193476318419
9560141,1.0492503742876012
9560526,0.18794207330734408
9560832,0.0
9560834,1.5609997118076482
9560902,0.1443110102691591
9561222,28.182550580275038
9561332,0.7468597617862951
9561448,0.22762034204398626
9561631,2.0930408725660126
9561664,0.2661209936051023
9562515,13.345458783529581
9563063,0.0
9563210,0.3492175171389534
9563266,56.93965705666177
9563436,19.284582006789034
9563766,0.24785332769501642
9563868,69.58254524424578
9563873,30.68935209849135
9564057,0.12452869707096093
9564140,0.3152292324476796
9564260,0.702383440474216
9565788,48.77669352590366
9565831,67.72627366680152
9565934,2.136553315281684
9566067,0.38662531740160605
9567875,0.12796995179002602
9569572,0.9112836751739619
9570366,0.11713707535627435
9570519,0.07437828806702347
9570939,1.9286774486898508
9571263,0.2969043864415718
9571369,6.956144768397539
9571516,0.08035042966110408
9571623,2.331843074755723
9572219,37.52855520813124
9572653,0.2127479174542133
9572779,0.052632082334365844
9572909,0.9449730992110358
9573394,0.13062373397760133
9573507,31.72698624118506
9573564,0.23407519342150207
9573606,0.9365858426357155
9573876,0.11548092586665971
9573898,3.178827288208778
9574455,3.4921555368391757
9574877,0.11955092005874057
9574933,4.40645699236365
9574936,47.41294740074798
9574953,0.8664368919689621
9575049,45.35455311053312
9575089,11.576291805511675
9575138,9.989138544766602
9575226,1.072377556094516
9575236,0.14537530802448867
9575285,0.10160216694231294
9575298,0.1658085264390802
9575320,0.06533773573046285
9575455,2.997805770818654
9575562,3.4687930417627917
9575682,4.170465803539584
9575809,0.01957989244159608
9575930,2.443272776824827
9576155,65.21082952774688
9576274,70.60805577785683
9576329,0.10650517611461882
9576342,0.08767009352386239
9576344,0.019253866906237777
9576478,72.05504608827101
9576906,0.06358523179521991
9577543,0.45945481506180075
9577556,0.06619491282017292
9577644,5.26278714269847
9577660,0.08362071222899928
9577748,0.10872372273007161
9577777,53.67507713491557
9578255,3.732601794900369
9578438,63.9680742827617
9578639,2.7229495428389368
9578683,73.27024872401873
9578848,0.07820986124376875
9578857,0.8227311231032147
9578960,1.0183280439511386
9579067,1.2068478103088776
9579770,0.9737779288686962
9579927,82.65238228035712
9580372,0.10656593089516964
9584779,0.030312575267978422
9585027,0.3675139050990971
9585055,3.509361544691922
9585339,0.7833758682991206
9585440,0.9242302533422733
9586086,1.2764158766214906
9586258,0.20857340023839538
9586691,0.2569292976350405
9586958,2.364636320072931
9587066,0.21121806939614138
9587846,0.061708467305178205
9588053,0.28910044174096144
9588164,0.5104731726171498
9588196,0.11224062223335712
9588888,1.4016314923639248
9589030,9.932922137823926
9589676,0.4314554209657433
9589722,0.23341525517871825
9589764,2.419003240985813
9589879,7.129175266849914
9590048,0.26501844324768803
9590519,8.176971264831572
9590861,32.434476257331006
9590866,0.06650676634088128
9591135,1.8862239605880253
9591645,0.1408362000745646
9591966,0.1765100167988813
9592032,0.0
9592159,0.7215468536586449
9592562,20.785681833326933
9592585,61.003258828243546
9592655,0.045649384344996415
9592725,8.651421164305386
9592975,0.3793305426353887
9593065,2.604000755765767
9593075,0.8826376362213587
9593737,0.24374346589811535
9593794,13.833412290745688
9594046,0.0
9594188,0.1168334838680052
9594568,67.03827899211221
9594885,0.5495560552458071
9594936,15.081140890258306
9594976,25.117183917085868
9594995,76.95493338463048
9595063,0.10311159258391958
9595099,22.86595933914575
9595779,0.025122973732882373
9595836,64.59712676354022
9596042,0.06424399766815975
9596089,0.6347514688998536
9596207,0.07986252192875494
9596299,4.432973661248363
9596561,0.17577388001637928
9597325,38.379855948633285
9597422,11.01283341001835
9597627,37.40958078683657
9597676,41.60801047292966
9597931,4.3565418134767215
9603395,3.2239777206839824
9603611,1.634143866401828
9603991,0.031200408052180745
9604011,3.899685704613657
9604045,1.6486967812204958
9604498,3.7259878457033633
9604629,0.03906818826480887
9604772,2.950425221070578
9605039,4.817267137587448
9605192,34.74753196041566
9605259,0.7299832051734398
9605451,0.19890924240338048
9606229,9.452415847228352
9606360,26.268018758618695
9606504,0.0
9606578,73.31299729092186
9606642,8.947462919611477
9606704,0.12873539251164115
9606773,1.3213858613426352
9606832,0.09849551429229077
9607275,0.6205045762031155
9607482,0.16238981698703014
9607920,60.35504360363925
9607952,28.024489625104163
9608639,58.50493856470764
9608753,11.091371334604839
9608814,42.73662952039864
9609140,72.76725918963876
9609246,0.008252757050463853
9609356,3.0456540286121907
9609588,0.6250268291341006
9609800,5.237759438405244
9610258,36.71813748717832
9610982,0.22767253406587162
9611059,57.81106042233698
9611216,0.38354375071162666
9611372,2.759194216791893
9611469,0.16556230733108934
9611593,0.0
9611656,0.16144118725205306
9611659,31.240792750008886
9611741,0.12365362347938093
9611968,5.592238937867813
9612260,12.296512799385706
9612294,18.126171104423808
9612676,0.09979441563544772
9612732,6.036043928950922
9612758,15.682953865351458
9612946,0.05220740265208046
9613420,0.2794403675845932
9613465,20.287065901678883
9613532,79.15868570021692
9613541,0.11299077346362349
9613565,0.028233791899253076
9613574,5.823340434680388
9613781,45.919696918341316
9613813,0.1984616565932672
9613850,0.24326114173958932
9614123,0.3456081654668969
9614672,0.0
9614688,15.133296078385953
9614785,75.49986823167053
9614889,0.12303974770743344
9615209,1.2888158909466305
9615352,0.18425653229727765
9615422,0.026986013677777223
9615504,2.814393520411756
9615576,4.144556273847154
9615644,0.08217515362137917
9615976,0.1718623950626862
9616080,0.07897130914496396
9616400,1.9913083748647313
9616453,0.03710259166307542
9616534,33.57940527202221
9616635,5.750968003321395
9616729,0.03697535858035987
9616842,22.633559674315457
9617219,63.20267323783306
9617349,0.31393521224170223
9619848,0.7773197924861884
9621849,15.333536485790823
9624177,0.14223338259056198
9624220,0.550021335044048
9624796,28.869729766568994
9625125,0.10015773387817481
9625266,0.566274169078602
9625344,0.04325549781402399
9625346,44.811732537573796
9625731,38.97879711026641
9625790,2.399293237097164
9625889,37.19879226915716
9625926,0.6790816035612052
9625955,0.2574435186744783
9626145,0.16562245897441033
9626150,0.581139867936655
9626243,0.9983379617408211
9626477,1.2519752732793148
9626509,0.18455003345169196
9626675,14.054078444123999
9626760,2.401185141442893
9627012,21.035620683638264
9627442,0.2711203982522715
9627513,10.32143429125162
9628198,52.00183072787816
9629171,1.5170617116616016
9629178,0.35208837488541345
9629194,0.1511116039282227
9629345,0.092992469708328
9629551,9.18472392028022
9629581,26.453010124459574
9629672,4.003880898015306
9629811,1.0139630895573841
9630011,1.7787756824829684
9630336,0.03950670945221812
9630730,0.09987170703133959
9630970,29.115733694087393
9631175,0.0
9631444,0.26182463706111914
9631808,36.53009589563784
9631903,8.207352642155067
9631959,0.033247856721646894
9632372,12.807786443482607
9632692,1.7334739566605772
9633323,28.052764514634152
9633579,4.900089404428977
9633608,6.959751011454561
9633740,6.306594754474799
9633920,0.3305265969333455
9634829,1.7360383675013713
9634880,15.271145111311755
9634995,0.0
9635160,0.8382962658263483
9635555,0.08571021526755619
9635607,21.392620219621243
9635880,8.178536180016641
9635981,12.090102558030448
9636009,0.15111848088122476
9636293,1.1738617769537782
9636675,0.16707890401635223
9637133,0.3007402114002728
9642518,74.58166572123048
9642915,0.08558309838513921
9644037,1.213972505980097
9644386,56.54966246514654
9644430,0.0703334090959304
9644444,64.55389525903246
9644961,0.44066678487648486
9645272,78.97159517352308
9645338,1.858942630311446
9645422,4.480129161452982
9645934,3.0477540784186186
9646181,0.06541050232418943
9646272,0.7080899455765894
9646357,7.516514374447957
9646412,38.92941371380903
9646678,0.027589265127012888
9646745,8.91568408535715
9646918,0.8037248578096632
9646958,0.07955211847144932
9646972,2.0003620748760076
9647025,0.015489923586686778
9647396,26.504629795616935
9647450,1.5059038765092787
9647486,2.0609020796021205
9647790,7.9726316418602
9648225,2.7308333484367817
9648874,2.754664870554476
9649261,0.03271412219094152
9649376,0.019301911084138357
9649623,1.0247437790918765
9650667,76.37597797419058
9650946,4.6035365380417055
9651083,0.039027713813265745
9651616,0.016567989493492818
9651926,35.800143292180714
9652348,0.4540328544700828
9652413,0.041466383692559956
9652591,43.38813052239123
9652624,4.0787945158217545
9652665,0.14159968254775507
9652787,12.277548443489227
9653005,0.1428146847000816
9653297,0.4264679818219759
9653305,2.766198074477949
9653314,1.9427710839368393
9653433,0.7768961104956228
9653464,0.2231658810570454
9653481,0.601756017793596
9653592,4.424959953800194
9653738,23.81469101304114
9654509,0.004071827283871842
9654775,0.1790158294333343
9655327,1.0092687777335851
9656161,53.45339175033266
9656326,0.22773875009293365
9659670,1.6866284918645593
9659869,2.6407579287690863
9660636,0.0
9660912,7.064659377746894
9661762,2.043074898580874
9662136,63.667990329601
9662298,0.2679114421059104
9662571,34.85104475442388
9662622,0.06076096152024199
9662691,2.6601736680699295
9663306,3.3517958497785
9663776,0.7238644214756164
9663956,3.7459304813958196
9664369,0.3072314199716258
9664378,0.11700200290203439
9664414,21.894290490559882
9664497,6.648580655845783
9664537,15.088779233542413
9664630,0.14673181554589912
9664861,0.4082443727840981
9665117,0.06669145998695132
9665125,8.900789357732238
9665170,74.17112253427935
9665364,1.3599127550226857
9665579,1.6275920026918953
9667527,0.0
9667733,0.0
9667868,0.49453280656932597
9667996,49.35560891666963
9668363,0.5322925688286404
9668485,76.9464031181884
9669172,1.7297225550438053
9669578,2.0096772607932714
9669703,43.1265092967559
9670233,38.91401802607979
9670576,9.726838601126909
9672054,58.056909863850166
9674509,7.917665367009836
9675806,0.13968590465861833
9676890,0.0
9677343,0.29548803699533877
9677640,0.4992074692895588
9677912,80.99844879701817
9678146,3.02687274028873
9678389,7.741035438243894
9678870,0.11705400633918052
9679058,15.37223586571607
9679278,0.8435904989680921
9679310,0.0354104926228177
9679337,3.844571427399888
9679369,0.07032218146893172
9679670,0.8618567178552906
9679720,46.11609410066202
9679900,1.4471371339152357
9680804,0.04035213398294663
9680940,54.96972703600692
9681391,0.12306420281452482
9681693,0.05819817906877065
9682135,0.21495562604275384
9682617,35.64090603532346
9682862,0.4007868379235673
9683022,39.21476397714148
9683079,8.13537265507358
9683147,0.7761512319229085
9683421,6.9151499645495385
9683429,8.502293431415719
9683691,0.035032073256582794
9683828,0.0931427710761873
9684188,10.018239892509666
9684223,0.5069653274425591
9684309,0.3225272403171084
9684366,0.011966102269603485
9684732,0.03538176885926382
9684923,0.27148807095913696
9685075,0.207379559362989
9685213,0.025053996515325947
9685336,0.0
9685465,0.16750226142840746
9685669,0.3842489571329737
9686090,2.7728909781675912
9686167,4.438532284950288
9688802,3.2506912969293373
9689276,51.53334646172719
9689707,0.1292998973566486
9690915,0.2285963356247303
9691204,0.07677244781342371
9691391,16.953267705764837
9691588,0.016857010776399815
9691842,0.13576801326199459
9691957,1.9996625683091285
9692016,1.9636183845473545
9692205,0.05992254194418477
9692365,0.2906874270093675
9692740,0.041577426896029515
9692905,1.9437709693942273
9692978,0.1146869927550337
9693107,0.0
9693262,19.022501647121867
9693279,1.0437063081181617
9693816,0.1727985326762589
9693821,0.471160805218581
9693948,4.217805571810868
9694001,0.07898431603821944
9694633,0.30025012256580513
9694758,0.46320516188628225
9694950,0.5567719800230408
9695450,0.43095969936397666
9695491,1.675432647856363
9695714,2.409179018913381
9695932,0.10549803389348608
9696264,19.041585513264568
9696560,0.3875116033840224
9696622,3.078795635107759
9696720,0.08397821732698346
9697064,1.4724447103090628
9697111,0.43135570213615293
9697193,0.04913207579737334
9697622,9.571478073748954
9697664,3.793800428796349
9697726,3.9880618766800753
9697969,0.2548399232003316
9698101,8.166856106996594
9698250,0.03215785965228425
9698613,0.062074383578689676
9698691,0.07421659027268097
9698992,17.632127384328985
9699493,11.674615994407693
9699559,0.1966332336347597
9702796,0.5786478135827311
9705782,58.54853512075706
9705958,0.09187402130689515
9706212,0.6775026030855855
9706511,0.4845461420867789
9706724,3.3141752415908505
9706977,2.210316068971718
9707426,0.8585649601556347
9707531,2.411666166338382
9707579,0.08289394998556066
9707684,0.0
9707807,0.07797723440640238
9709067,0.14087564155311447
9709178,12.659331670867141
9709801,0.0
9709989,0.6141557265612255
9710117,0.030079035255236506
9710538,0.007288413613843704
9710620,0.14831867981644808
9710712,0.10089688589114801
9710927,0.6124220605152539
9710967,0.06012488612203801
9711488,0.016306349138866697
9712020,1.2919495421297478
9712682,57.34478437649029
9712796,0.1373333586214023
9713048,3.457722968005546
9713493,77.2676186586343
9713594,12.662540047597416
9713736,0.18572286250098669
9713840,0.6744819340867835
9714004,22.84700265387161
9714250,16.86929591164423
9714531,4.195901065632231
9714629,0.5881646252195091
9714734,0.9212484056659511
9714880,0.0
9714995,0.12723776776656986
9715017,1.7775658709482958
9715092,0.1065556538421862
9715183,1.1145238192398719
9715287,0.4653312262051605
9715404,0.02615616624222089
9715592,0.2853504548075045
9715641,0.09286237651339065
9715684,0.13351689907863593
9715759,0.08898017762225985
9715956,7.532682633687513
9715973,0.14476895271064005
9716123,55.596397135934225
9716204,0.27747433164474
9716223,2.8350082765015183
9716233,0.11266381793588374
9716234,51.88395656608027
9716424,3.1654431735303645
9716437,7.485544861975928
9716737,1.581954576611898
9717662,0.0
9717727,0.4364274572027952
9717781,1.9284240505482424
9718529,20.721919071032286
9719091,0.1144276046259546
9720191,0.4328817567631859
9720713,0.3646450491879488
9720809,1.6323220107407233
9723296,14.55818188199971
9723899,0.08308566034170742
9724452,0.06530772972694614
9725232,71.31960866400574
9726784,0.22176684197510999
9726939,6.497644107675902
9727373,0.23249320626709877
9727404,0.18572050074869478
9727821,0.2961655195003008
9728188,0.3207772333693968
9728203,0.6743049938895747
9728525,16.298539923868663
9728739,0.18846563501582367
9728852,0.1767873502544813
9729872,0.4060428758596448
9730110,0.3557579448515706
9730111,1.3858643877320829
9730306,0.06373177961949401
9730397,1.3696301245342297
9730432,47.79556588439399
9730645,0.3609766291853532
9730654,31.668636199478964
9731008,51.205984700020934
9731041,0.1735169655470223
9731134,48.090197398989474
9731178,1.6012620579157892
9731237,18.402344969842936
9731566,1.0114643509841064
9731879,0.0
9731957,0.08321541820174293
9732828,0.030986400618731102
9732845,0.6791204406864721
9733138,0.14878343618175272
9733250,15.873007611492993
9733280,10.899393301828031
9733470,0.09185036293276831
9733730,4.698460368967734
9733741,77.25722238974159
9733788,0.2163803386205588
9733795,0.07673353689772731
9733862,3.2176962635801534
9734232,0.857644797079614
9734448,0.45500400455583967
9734618,2.315270995502552
9734667,12.473772372722182
9734718,3.0374193805141196
9734844,0.03595780457193754
9735085,0.0
9735392,1.2903458793762999
9735503,6.562697860341451
9735931,6.411873706707946
9735957,1.0938857623000788
9737065,1.3422500136719586
9737132,0.04296036304733377
9737171,71.2712516704896
9737254,0.26621606433071243
9737293,0.07573867008328079
9737348,0.1830948932341549
9737352,1.8113392965956279
9737362,10.774074440073665
9737479,0.08928316076373456
9737516,0.09002598250042616
9737659,0.010369572946538586
9737665,0.027266505315490096
9737691,0.0
9737710,0.05440734267052469
9737719,0.15222691634652774
9737794,5.508898775382967
9737805,0.613849856795056
9737840,76.9777744200652
9738044,0.021486081250915046
9738048,0.08421749166208777
9738094,0.39784385327416644
9738193,2.1211053521182697
9738355,2.844296415298688
9738438,74.17126333058064
9738605,0.023501050294541533
9738632,7.232281636179368
9738756,1.1303163976657093
9738805,0.09893284415329713
9739586,0.9313333390099168
9739888,0.03131654449726468
9740264,21.37134692419781
9740581,0.09298816584701455
9745378,0.3731878126311689
9745385,6.094930102599826
9745484,22.96598913263227
9746837,0.024071330361270207
9746864,0.14654211339598822
9747044,4.222890342031953
9747117,0.09399314897664943
9747186,59.56524753697222
9747497,0.14402296112032803
9747647,0.9164567734176255
9747777,37.81832603715544
9748230,0.1103623276210741
9748759,31.093462662339107
9748800,0.06548055028516377
9748877,0.39188258412773835
9749046,0.5713452088629417
9749285,72.84043404731607
9749320,0.08542940829650156
9749603,0.11704435077721562
9749853,0.7041047682626266
9750209,0.05333869050085534
9750308,14.920845332691105
9750406,0.03347083639799076
9751394,23.402358516677182
9751696,0.23823888015569525
9751729,0.24274681427458442
9751732,0.13662748373006903
9752166,1.3490183858684839
9752548,48.3466303411026
9752573,0.7731310365940495
9752655,4.553623486632505
9753456,0.4905752797077527
9754392,2.2473602593623947
9754466,0.09611464899487042
9754624,0.04756766329353476
9754626,0.4374548316808568
9754747,1.1502635535724668
9754751,0.5872191600229323
9754968,7.4314358700014305
9755064,33.76634689057202
9755074,17.08363096282008
9755270,0.15231061941843635
9755301,2.675516708282038
9755382,0.24898059688148222
9755479,0.02647427023474737
9755543,13.636903147987717
9755679,0.6938685811721913
9755736,47.21034982610557
9755785,0.11317023680764471
9755907,4.081850039139818
9755951,0.829568434674105
9756054,0.1695733853664176
9756141,10.972113756746081
9756236,0.032188577325313196
9756699,4.664094226219287
9756729,0.0
9756886,0.05230307918320891
9756891,0.26766464933084955
9757018,0.14287547459207806
9757581,12.710067629091915
9757785,64.78105177664844
9757801,0.03637840831428532
9757913,0.18923982920750557
9757966,6.708078029861588
9758040,0.03420012173845605
9758291,2.847638453790866
9758406,1.239829878264947
9758512,0.04812277934658967
9758755,0.018110700633259216
9758923,32.180721885127404
9758953,0.02918300101790328
9758964,13.548745747200945
9759204,0.6572399133436366
9759331,0.941815740003289
9759704,0.021455958819792134
9759865,0.0
9759957,0.5851223887272922
9760148,0.3593093577637674
9760401,0.0
9760675,0.2842448869754859
9761238,0.05566572855389288
9761918,0.5519034484488248
9764969,15.147544527560493
9765117,0.021992115111835662
9765553,1.032107019415934
9765726,0.029655970881892042
9765900,0.22444488043515393
9765944,0.37875800680472466
9766404,0.1856722786410771
9766498,0.05408751418471188
9766922,0.04298590610626907
9766959,0.05455408419079637
9767098,0.018475034565988414
9767864,65.34403804530861
9767929,0.02685368379415183
9768199,2.731461567013149
9768333,0.15360264496091838
9768492,0.09686918728073887
9768768,0.25412250368114386
9769423,65.87804217541165
9769814,0.07614448149226488
9769910,26.556013243292682
9770016,30.655069000237912
9770249,77.71693612488794
9770294,14.735705059118132
9770447,0.03714449744539362
9770459,3.6233355294880196
9770880,0.13117928681542307
9771013,0.02374417540920363
9771370,0.20980609438175035
9771535,0.1644737082548843
9771811,15.190495574090178
9771836,0.7138977504742832
9771896,0.056936428238210594
9771983,0.04268012690721689
9772152,43.05937038058999
9772379,76.9194846913579
9772730,0.34410717157135384
9772819,0.1846725812465836
9773158,2.3500664951382646
9773244,16.37964041059727
9773544,5.574898352114014
9773852,73.85352387892556
9773902,0.026414311611306727
9774346,0.0
9774477,1.8723787402377428
9775055,0.07218197320176141
9775167,0.13897766183190952
9775237,45.342100689097464
9775397,0.0
9775801,0.07346591562359299
9775847,2.7537310516283737
9776054,78.1019872651283
9776245,79.15870165937702
9776318,0.110746342107279
9776832,0.05914147484182667
9777174,0.32313624285399367
9777422,0.07104326969230751
9777511,0.17392176195377965
9777530,69.98495076014724
9777601,0.0
9777652,0.883548522820345
9777883,0.04097143162902574
9778050,0.0
9778372,71.81994724806297
9778505,44.76386881322857
9778583,0.030510699913882697
9778655,4.339968625694117
9778734,0.10712263548948248
9778748,0.07495172493252616
9778960,0.1008831886278246
9778978,4.220339134777712
9779357,0.36857210869097706
9780023,78.78564494022392
9784125,0.07269983508475161
9784272,0.023009127724463615
9785063,0.05166231837610407
9785349,0.20409150335691048
9786021,0.021674522832461438
9786182,68.13055365146741
9786470,0.07426647971398274
9786543,4.773755704143399
9787323,1.5297893688585114
9787400,0.46084846521051603
9787590,0.13587700625319143
9787634,3.761294486505814
9788114,65.81398397882418
9788134,0.06296283055339055
9788345,23.948077744241413
9788375,25.171395585858708
9788396,1.2608362050707749
9788521,46.11453002051999
9788564,0.10526745295547013
9789045,24.106999301550847
9789339,0.18587780210119345
9789350,18.909164750379137
9789392,7.496342749471494
9789792,0.9358416340010269
9789885,77.56150012810672
9789937,0.533067668880558
9790098,0.007572121275021059
9790328,0.12129557611308936
9790354,0.0955886798950945
9790462,5.842475135216168
9790807,0.08420438911908573
9790840,0.15879409282680026
9790949,61.93081347483089
9791282,0.07241349754499089
9791355,0.8471272365534385
9791753,0.025782893875991312
9792286,59.57495568610503
9792440,0.09416151703598714
9792485,2.0558428955326065
9792631,2.4067452653264834
9792720,0.04134976366232379
9792836,0.279849098736911
9792911,0.11445459420643238
9793041,0.403300975261307
9793213,0.0
9793250,11.703097983836411
9793413,2.371954445379427
9793440,0.0
9793465,8.119143062725513
9793665,0.27004711554347627
9793668,64.77424552105062
9793722,0.05279526933282934
9793983,48.11432464612578
9794058,0.06022896424257481
9794077,0.01995287316849331
9794083,41.14623411091163
9794364,59.02414352135065
9794958,0.0644343304858661
9795124,2.8616761503368355
9795850,0.0
9795890,0.6494660781677877
9795958,0.09791680977034287
9796114,49.914512347594176
9796155,0.032971818886241976
9796198,0.024015125593578147
9796283,3.1730091587484144
9796314,0.1707350131339618
9796386,0.15074183146653072
9796419,3.9440887259619335
9796442,0.22994646706915856
9796491,0.777903661482281
9796501,65.88273972107163
9796548,0.9192821385305425
9796856,0.17223146823459687
9797293,0.7693002036374976
9797333,0.09027866563300456
9797997,13.531135890702563
9799789,0.32283323009271314
9800346,0.34885830165080106
9800489,0.06850915029773806
9801016,1.8524731503297889
9802333,0.24731105198436656
9802368,54.42047295597159
9802654,0.031433512943283025
9802971,0.01984815206304384
9803574,11.9055969246569
9803686,1.203100939531787
9804299,0.006274235888697944
9804368,71.19893119341978
9804673,0.018643860982279534
9804849,1.5553288674982362
9805128,2.74485542368238
9805346,0.033931806563003916
9805563,2.5475395030334727
9805748,0.040515831405837366
9806434,0.0
9806444,5.186576733255012
9806606,3.022727798089523
9806634,1.0721216530304991
9806752,0.3132444485552676
9806996,0.43459425038552196
9807059,0.3529638775389822
9807494,14.478088386613955
9807758,0.024867330206041236
9807848,65.76395636462291
9808055,0.04310103267706992
9808248,0.0
9808637,1.8594552112287408
9808640,0.05837560228128902
9809229,19.215659757213132
9809716,0.6403959685964011
9809911,1.6560730824351027
9810009,1.2746731204877404
9810125,1.0874598846617516
9810187,0.1469481538278183
9810235,0.0796866928175953
9810427,0.24316843365737675
9810530,0.11421311057087774
9810696,67.43026723862164
9810854,0.12944435482107772
9811273,0.03902032955219879
9811274,0.245533864995004
9811434,0.18395470630874367
9811614,0.3051884216525132
9811717,0.08012769138499505
9811958,2.5358632103114367
9811997,0.11071765674389543
9812150,0.9117735892795705
9812606,3.7589125158447474
9812759,5.93663785893421
9812787,0.21088080496819459
9812826,1.3856819050285343
9813359,2.1307321003640043
9813364,0.054688920395665454
9813567,3.226466638051557
9813570,0.18890058016169956
9813585,2.3100122837815573
9814018,0.20406980394936938
9814108,5.295867853217104
9816578,3.041298348702565
9818465,0.44761843021470593
9818469,0.11393731270004848
9818669,0.5860082139321497
9818825,33.180316453888125
9819018,3.6244793582467123
9819038,20.512494922138988
9819437,0.2440140338987683
9819589,0.05251030406116296
9819772,0.34912842742735806
9820035,0.35043030658499963
9820068,0.89875416485149
9820408,1.3190198781133593
9820483,0.09787615010196003
9820533,19.612261149673046
9820724,3.004209637829556
9820829,0.0783273431981743
9821024,0.0892786791002429
9821183,0.04552846078655358
9821208,0.2466959586565358
9821303,0.07370958632993496
9821370,59.25879476509143
9821911,66.70104919189383
9822032,0.6382059349601859
9822101,28.495702391419396
9822153,3.6009588448780825
9822507,3.773531204136734
9822635,9.68815616886241
9822738,0.08843035760630565
9822823,74.23705280822529
9822983,0.013507086709110322
9823143,78.8324681425309
9823182,67.6710343283077
9823320,77.06254418187405
9823444,0.2215723870209923
9823880,7.4094684056049465
9824042,14.328644646106714
9824112,0.047991560332293404
9824247,4.00328175665322
9824287,0.19255946058657392
9824547,73.66963756872018
9824613,4.061190750990465
9824682,0.04942095197417713
9824982,0.652626068321058
9825066,0.0
9825180,0.0
9825197,0.0
9825420,0.3268702836748512
9825939,0.05010516879058026
9826062,23.644382149073813
9826081,4.0731816292321605
9826160,0.9195538250673081
9826267,0.15100982703759003
9826493,19.71151366285389
9826628,67.35264495155344
9826678,0.08166620793866698
9826940,1.172957224743604
9827236,0.001869133861057285
9827799,11.423434518939146
9827800,0.0
9827988,6.597258589716382
9831813,61.117532104857666
9832641,74.66907348508526
9832730,23.880184405206883
9832882,0.10915277677976332
9833212,0.8605195006302581
9833340,0.08955549459466687
9833558,0.1375971458293282
9833742,0.05646621187018841
9833962,36.00394597195172
9834074,0.18446178974412739
9834456,0.9890707032701299
9834706,0.3779948254990519
9834943,0.10710442304081046
9835017,0.07530052673838696
9835140,0.27978564401383393
9835315,2.477050201508203
9835350,62.66006993154433
9835402,0.11912466575131385
9835880,0.32312790998516955
9836020,0.13020729468915593
9836127,1.6438823475569648
9836212,0.047138600614140935
9836505,0.3671309748149271
9836642,0.19976260117721026
9836966,0.16868992656197543
9836970,0.0785680512080554
9838145,0.6601156805787458
9838297,9.137806856972361
9838443,0.030445908533515996
9838543,38.6302674874148
9838832,3.7127209768128204
9838920,0.2557028586993572
9839223,0.14586227428566872
9839263,0.5109767831981101
9839300,0.05525589835312766
9839341,0.0
9839346,12.976435823811471
9839378,3.5801566801195635
9839800,43.29659918038175
9839812,0.0
9839956,0.3002481119336823
9840192,17.66290281209663
9840261,0.23128025650875533
9840280,44.79781409091938
9841139,0.03735013611192651
9841168,14.69497656818572
9841215,4.408208993167652
9841548,12.070947738416706
9841671,0.143110201718069
9841695,2.8890168352542993
9841890,0.6161979777506768
9841907,0.5151044052527236
9841949,0.5290822045283737
9842117,48.72820213951697
9842239,0.07675299224751497
9842323,0.12254217305717986
9842363,0.23313561055589546
9842420,0.03130263711317312
9842447,0.0
9842492,62.25689565393088
9842493,0.038511863682010504
9842765,0.0329776095010045
9843052,0.0709036053335667
9843468,0.9504955266432016
9843531,5.2495652068732195
9843634,4.598746847514918
9843643,0.20441521729752993
9843646,0.3080159923406854
9843826,2.900180208706582
9843851,0.13469186311787132
9843884,43.96191466533933
9843892,0.9166320939688679
9843914,1.4312750555758385
9843951,0.6713491243634505
9843956,14.052116774208468
9844407,0.07648031310586975
9844408,0.31830819044636965
9844439,3.188256471021059
9844482,19.6602737710674
9844489,73.33516706902658
9844509,0.12034486453974276
9844593,39.79650302271216
9844603,2.6536007934544235
9844805,3.6772452766718424
9844884,50.252644327948175
9844892,0.06876701994567128
9845314,3.185164490639965
9845341,1.1237617752478226
9845454,73.42380565180986
9845558,0.12441199653415319
9845652,6.62923022186084
9846015,1.449521058359349
9846120,0.06654269778296777
9846222,2.908348858739517
9846468,0.1775463289651529
9846591,0.07965997386115128
9846660,28.466243077618127
9847867,2.3697289168562743
9847917,0.015198832909336608
9851704,5.726155471815242
9853063,0.08885664174169068
9853382,8.347184218571755
9853884,0.09899388757207113
9854141,0.09506904280524443
9854477,2.7251308713847324
9854746,3.871067100591048
9854778,0.3374009622399255
9854899,1.5973953528347942
9855153,0.47649451056151554
9855415,0.30700703755357467
9855458,34.35544776711721
9855772,5.2892233396832635
9855793,0.06734066798123237
9855979,14.141926104992242
9856135,7.168681225745692
9856151,0.04772677076772903
9856683,5.01894515460511
9856730,34.15601093443071
9856757,3.313235543423716
9856995,68.59966383138017
9857438,0.10709679496294681
9857914,0.027320216293312702
9857967,2.396821349204913
9858029,2.7074812465330527
9858093,0.28518418024917314
9858112,0.514291176500574
9858221,0.273753766590533
9858527,0.1286124076455824
9858642,1.2764507758201278
9858645,0.11326644124598545
9858687,46.45645761148151
9858696,33.370909665424186
9858717,20.114933644645863
9859081,69.88776834486202
9859181,16.187930956336636
9859195,10.685061176626455
9859602,27.716911111829152
9859856,0.14763042686485014
9859861,63.619170095016685
9860303,2.099900949379465
9860416,0.08195063149965252
9860455,0.07275956973760334
9860631,3.4552337619262405
9860720,3.2772169102833626
9860752,0.08070744830901279
9860758,1.3172601234313044
9860774,57.1307731398576
9860989,8.525722684189356
9861118,0.04600441651445143
9861124,10.334402778262795
9861135,0.03309870676631945
9861136,0.10412027950708869
9861196,0.056207121685713346
9861553,0.10875414676910172
9861625,83.82184803517882
9861747,1.2748318648018502
9862049,0.07365497100597707
9862199,0.12454065382186758
9862364,0.041284234568350876
9862883,0.12341385127051267
9862913,0.04280769414778222
9862945,0.7676964730583626
9863035,0.10391423932317333
9863091,0.09500351304643728
9863626,0.0754903694853488
9863678,0.6443084155019296
9863860,2.3499603648677194
9864121,0.095622182245479
9864137,1.4805684826399905
9864230,1.4419855498428025
9864324,0.2675391067520406
9864427,4.189875354466685
9864749,0.07701402664409278
9864796,0.26324242541834125
9864820,8.634788289737585
9864900,0.020755772758865778
9865226,0.0
9865262,0.17769112072772142
9865344,2.279702732884944
9865363,3.4273662280890678
9865374,0.1531893196468357
9865398,2.1639774360480915
9865506,12.525111646610346
9865659,0.3656609626975504
9865939,0.13400509019286125
9866287,3.9334215511351833
9866617,0.15939043507636044
9866971,1.2628880227822619
9867264,0.3944269086630099
9867398,2.585874425963598
9867454,0.5250079244084545
9867521,41.196238515989215
9867629,27.216273100187674
9867803,0.13938242208147106
9868032,0.27967962180726336
9868799,1.1456858807773833
9869156,1.0764688940815392
9872904,0.07054200634039869
9873079,0.051249999548861815
9874042,4.835352304887817
9874289,0.24716352269301042
9874454,0.11574882549765234
9874794,0.11616014882604189
9875002,3.1285562572021988
9875109,0.23045833860632509
9875134,0.0644685604799152
9875450,1.3061252016436773
9875822,0.07575714285905673
9875883,48.031211136806164
9876042,0.06275853839147702
9876335,5.863560768777926
9876447,6.818501276741187
9876474,16.60869596473764
9876492,0.10659396027621862
9876902,0.08080671749581217
9876930,0.6197240744450266
9876971,21.753043395580452
9877196,0.0
9877436,0.13111885331520845
9877684,0.1552518208739519
9877776,2.6836321526527613
9877933,0.04357890484600732
9878121,0.2953629238527763
9878361,0.3265446902339396
9878593,1.969730810474184
9878659,0.7012009453989766
9878851,0.1227291336107614
9878922,26.596712596004107
9878929,63.072422422073636
9879216,0.1694581456757464
9879235,18.39043345129253
9879796,0.4446082809591369
9880140,3.968888423058238
9880294,0.1960621738285241
9880664,6.71674387561561
9881037,60.13372435518799
9881146,22.85789230982612
9881195,0.07287403220416667
9881516,0.38797917665452514
9881685,0.06779773091484849
9881769,0.6119043529770021
9882134,0.026440710606479133
9882187,0.1461706601783244
9882254,85.18749177166735
9882537,0.04176854151576003
9882838,1.0991664777359504
9883145,4.526281618806887
9883197,0.16283709326807122
9883391,0.18906846904701113
9883768,0.08869936422005337
9884430,17.28079456589952
9884516,0.16991939009232665
9884667,69.55786753608102
9884870,0.18478630097845347
9884880,90.19578105307417
9885264,1.1456314571660686
9885280,14.781852518927622
9885430,0.14265490055236488
9885501,64.03430828262121
9885720,0.06862201191478753
9885817,1.5761262166169525
9885941,0.03466658777411922
9886015,0.049236337223944895
9886034,0.050010502988850784
9886073,1.5180873677488713
9886220,0.024334738062808167
9886514,0.9624604670967307
9886516,54.50069410838492
9886606,3.3543999490628242
9886735,0.36164183084436535
9886867,0.007991917629748577
9886912,0.7804657926190924
9887276,0.06893254271229242
9887396,9.354555915752513
9887654,69.55751710681335
9887698,0.029866735475801178
9887763,7.164191873615048
9888076,18.38696033006691
9888533,10.996649928132207
9889720,0.14789803958372943
9890574,23.145144892217733
9894255,0.06025275659994441
9894297,31.932604208458876
9894526,11.808716450492549
9894565,1.667790046449684
9894707,1.6824841013764953
9894820,0.14104865182311224
9895802,0.0
9896292,5.1809433477948685
9896546,0.08169887966077037
9896594,0.12153022712585548
9896627,0.01671229031734801
9896824,59.82289434465371
9896889,0.33305599407500946
9897073,0.16424737200982584
9897378,0.506871421748072
9897418,0.18260992865867937
9897611,0.14174660077648985
9897820,1.0323404255274018
9897854,0.030908838746031248
9898112,20.446858874412435
9898150,9.21239735233502
9898344,59.64040875385718
9898485,72.00902323926219
9898619,1.2702508962709251
9899132,74.25149052572822
9899499,0.4428138137961348
9900048,0.05228427941835188
9900120,0.07983892770622333
9900484,0.004999300527716475
9900560,54.90506610837111
9900572,0.041587820104718606
9900885,0.031312889574022874
9901202,1.2371807970491435
9901329,0.6633154495495936
9901468,0.08821619331895414
9901613,0.047877615738147666
9901986,0.08119877756995733
9902057,0.8061663206797567
9902123,21.885628085320114
9902314,1.0071502704458335
9902395,0.2584622260872285
9902590,2.5035260940853625
9902711,0.46557452265059546
9902915,0.06714501912895031
9903132,3.840068106944073
9903150,0.25239329328817717
9904259,0.3392056812376882
9904320,0.19080280340768635
9904460,85.38235022654736
9904613,0.22265221005549196
9904929,60.85800334757495
9905076,44.77605385029919
9905682,0.6377591791239869
9905894,28.359868316977884
9905905,1.0243478831325958
9906178,0.21705429416332814
9906359,0.20210112517055115
9906425,0.6769660976590548
9906631,21.39360842092876
9906918,0.09895317459614335
9907167,48.44141841948473
9907257,1.3536488037194838
9907307,82.49969969326142
9907690,0.6366634157374071
9908424,0.05627350939281544
9908719,85.59888083541168
9908732,6.385233097113998
9910619,0.043594416036398735
9911083,0.1487571544953471
9911887,14.452004249548208
9914098,0.04959888023805743
9915643,5.47446257239483
9915819,3.4455553417012843
9916357,0.08612494896818695
9916475,9.023648820022677
9916767,55.88103859989986
9917384,0.07875980649750301
9917669,3.7285526600964616
9917797,2.8268684311158863
9918126,25.32450904455497
9918567,0.0
9918817,1.4339355563133056
9919042,0.10346982813531835
9919053,0.301743570214209
9919127,16.806448077580033
9919143,0.5664166166134222
9919450,0.20907328351314292
9919518,0.06294365878295535
9919641,0.060931180577295574
9919727,19.341715088464486
9919959,0.0629388032709291
9920117,4.0144508646013675
9920313,2.4369463048545223
9920383,0.07071910852916932
9920406,83.72970443673378
9920458,2.1192906752040277
9920459,0.10576002671015183
9920607,0.22469922599330922
9920752,0.07431524122117782
9920941,4.576931558743099
9921109,0.11036832287837721
9921366,0.196559795780339
9921389,20.095122725494072
9921774,0.09353791323446248
9922192,0.2017705168043261
9923382,0.07024081159507896
9923402,0.13706945237376897
9923452,2.2156551075631516
9923478,0.05042733942866699
9923485,0.07777980940476774
9923887,2.10749267118245
9924665,2.6077339311212997
9924723,19.971929318102717
9925140,1.2928385414501158
9925349,0.1000135962385515
9925507,53.482298527286034
9925518,0.7756979606242109
9926044,45.05296664785042
9926058,0.0
9926171,1.6685067549698653
9926599,0.0
9926781,0.5865191808987873
9926792,7.797015305169949
9927252,0.039380078077116756
9927314,0.0
9927385,0.5159625721887087
9927397,1.9194038917846032
9927400,0.02433325518523215
9927495,0.0
9927666,25.800780391198725
9928281,0.11846346298906511
9928794,0.5681172947163929
9928937,5.112573960335462
9933792,25.35302741367605
9934510,0.021049461309608566
9934593,20.418033567602453
9935340,0.2517886438788814
9935354,46.84462172336508
9935613,9.612543778175684
9935833,0.6027115588000935
9935894,0.40308569665471167
9935949,0.014519730363740586
9936139,0.08815800808710227
9936259,0.4556536008180717
9936805,0.15819980767690817
9937145,1.0195913788222175
9937220,2.0730332494620756
9937307,0.39394478645276626
9937434,3.1920507205028965
9937667,0.052625409880144865
9938208,0.0
9938299,65.50947944791989
9938471,7.629735283552675
9938520,0.059071949789466616
9939023,2.6514756812440945
9939177,0.17885924112656565
9939202,10.489668439879484
9939843,21.04673613647998
9939962,7.945960337700198
9940253,2.5951696355702794
9940300,87.26735553573648
9940443,0.16002147221722549
9941282,12.977275380967459
9941890,71.4507331942381
9942157,57.903488905813305
9943207,51.875401591769766
9943258,0.11562966784512596
9943345,1.142411784129275
9943382,0.26137102854812333
9943801,0.18507188468048577
9944013,0.04003162781930887
9944331,0.5000290074570067
9944426,11.974506017071269
9944788,34.64002947980706
9944808,1.4762640729820635
9945127,4.298500646086452
9945206,6.263802221353104
9945481,8.974676586103516
9945496,19.08088596991841
9945515,51.412445132766635
9945730,32.36786627750127
9945750,0.3355662073773378
9947155,76.76430281377112
9947824,74.95514402322358
9949396,9.331594329860192
9950923,0.09741715704074752
9951506,9.299968691259298
9951705,0.19268473114432652
9951750,0.07545904146056961
9952191,0.11890529636707729
9952400,4.111032046800109
9952429,0.1900304981448578
9953121,14.55972480051215
9953601,81.09598903748561
9954123,3.1299360274513663
9954145,59.27380633712124
9954426,1.0580645085539047
9954573,0.22995496618561878
9954585,0.6578254297198233
9954688,3.301518601010265
9954700,0.0
9955490,37.29882602950185
9955493,12.487665962984659
9955545,0.01890107127489204
9955736,65.61556456056817
9955765,2.2468906369907082
9956082,0.12199426100818206
9956388,12.161184176438036
9956781,0.9758322657551045
9956834,55.12318304387825
9957384,67.80162789417435
9957436,0.0
9957646,5.9467693066714125
9958312,0.4152478351584986
9958387,0.1540351571408464
9958442,0.3272873600943487
9958456,55.593768982127166
9958472,0.08451888570668231
9959006,0.17313517863215172
9959084,0.5980788027428938
9959100,53.575888379783876
9959169,64.8053426785288
9959175,3.2646832865643867
9959180,71.44278878326041
9959187,38.76843506610503
9959190,65.96590332511495
9959194,66.20952111682963
9959246,0.03908347225844574
9959521,23.235501030650102
9959562,0.12121867979797683
9959975,0.5898586503467841
9960876,0.034458838380315035
9960970,0.03981755638302407
9961313,1.8232812748193599
9963988,40.194933333282606
9965305,0.1257024703537476
9966717,0.03405369255381696
9967046,70.15005713755176
9967141,22.013700267227367
9967218,3.2647939702651763
9967314,14.60852883000109
9968094,1.2961313754941224
9968223,60.25771000295751
9969073,0.2543219356945131
9969761,14.892566639036628
9969773,0.15745074648178264
9969781,0.079299608287426
9969936,6.695080257582784
9970118,1.436460601524628
9970637,0.032109868040191836
9970995,0.11170953045293164
9971319,0.11000529380484181
9971730,8.95617670665546
9971794,6.919183576403916
9972046,9.123320717669534
9972062,0.22597185663573063
9972403,0.1323251068323036
9972742,0.5422979175557916
9973003,9.402043524781085
9973134,0.07590620228836023
9973190,24.17482970361345
9973654,0.5269662660191233
9973680,0.2461191051611287
9974135,8.564073505445968
9974153,89.04746612458287
9974484,0.044260831004385014
9974646,2.2601692526356154
9975089,0.45237679322857893
9975344,13.867892458341364
9975382,0.16793906230344938
9975425,41.92204608995593
9975839,17.608373421979632
9975846,12.562321480491766
9975872,0.5605645310522612
9976190,0.053318575948527215
9976222,0.02456037172642432
9976264,20.23613414163338
9976626,2.3023254442825416
9976644,1.0945915664792087
9976784,0.09416364660176618
9976820,3.1563547581209286
9976827,21.89154665661258
9976839,13.321403636180221
9977283,0.19016344813473463
9977470,0.6977659626885323
9977595,0.04877754919902907
9977982,0.011165732303515556
9978348,0.14980980644846187
9978426,1.054197671814547
9978536,0.05768434993734116
9978589,8.547888960270203
9978633,8.24815296553995
9978664,0.3891023930480967
9978722,0.7433920135428469
9978768,58.1233890065865
9979548,0.03837447082529925
9979608,2.538215639584928
9979707,2.09089105782174
9984143,0.2835295085616735
9985812,0.5267249655576247
9986609,0.08351978958225537
9986770,0.76175687663932
9986969,2.0611433820219633
9987222,1.7872849564186724
9987456,0.1133413256815266
9987543,1.3531016075727718
9987549,6.901023213628452
9987907,0.05038470458698205
9987983,2.4209402847854764
9988353,6.97098279147768
9988556,48.83704754610695
9988907,0.7259222141659313
9989028,0.08492314122817644
9989842,0.04135606774980529
9990026,0.09562516824315484
9990117,0.0841531521521388
9990403,0.03651753515151846
9990560,59.76467365424774
9990571,0.3936904837090564
9990611,1.3382446455013823
9990959,19.98620687663004
9991143,0.6918834401369544
9991265,6.843551846901372
9991374,0.23950942303119327
9991391,0.17181492396410603
9991577,5.166193698468606
9991919,1.325030349689716
9991949,0.4957115470294091
9992236,2.8342372811370606
9992479,0.03396607125757249
9992858,19.732311282008215
9992903,16.438835651548843
9992945,19.693683603971635
9993137,0.06816436466376873
9993138,2.034939907385399
9993183,0.6424750028151535
9993463,0.24129446295655582
9993516,0.09205634191070639
9994062,1.329048262626574
9994185,0.4365315947017576
9994744,2.551256151343129
9994973,0.04636635043411645
9995163,58.79650356819874
9995322,3.3581938570373113
9995513,0.049888553586690754
9995634,0.7563290332476945
9995669,0.04933365275871939
9996144,16.99638338974301
9996402,11.374451057304542
9996535,0.0014456977279214613
9996642,75.9676239153828
9996793,0.8210876227325509
9997006,0.14031505696940924
9997045,0.8210606378365467
9997702,1.158786996606754
9997980,17.970919750616762
9998091,0.4425268533815678
9998152,0.06805421932247596
9998154,0.0
9998362,0.041277765455991336
9998688,1.9027847194374574
9998898,0.09266632213942248
9998930,9.164926647683977
9999117,0.38973151359099806
9999220,0.109987376808149
9999351,11.432823347042254
9999372,0.5323301789825658
9999398,0.20223043894238965
9999513,0.9086144548948172
9999646,0.0
9999878,4.880775779161409
9999919,18.05476992588805
10000070,9.456628259582596
10000137,0.14202567571941416
10000254,0.0036652934540152954
10000470,15.4819188961809
10000717,0.04683233729496897
10000834,0.149465571725625
10000943,20.02576854474934
10000975,25.775860918571404
10001011,0.15772089957207502
10001022,0.056936247571923226
10002317,0.6647826848249012
10006913,0.08498518924180182
10007761,6.964414105479169
10007793,0.09897169358564804
10008109,0.11244400119140315
10008874,0.10184086913534325
10009390,0.1293944160781316
10009531,0.32145826462231525
10009737,0.7453498557527214
10009762,0.03921623042533712
10010119,5.562196090452552
10010250,0.05456471867144854
10010321,0.06908898416641433
10010345,72.58696324421142
10010434,3.874261103628526
10010507,1.464278079008076
10010717,0.09828949604849538
10010845,46.655471449828994
10010914,1.7691766260874042
10011009,0.16906903988180932
10011168,24.18346398431595
10011509,7.458668424662904
10011677,0.020655540885580973
10011763,19.079166347982397
10011850,0.05245128714828855
10012011,3.3017028973902303
10012292,0.4795060293100366
10012551,0.5369960623240073
10013027,64.809551965249
10013355,0.07297124412004002
10013379,44.1361452878266
10013582,0.1154272400549167
10013750,12.47906935776958
10014261,0.2692561182103067
10014269,0.9398432101141146
10014417,1.908797697672683
10014499,1.6910225625994406
10014849,0.9136847566404689
10014975,5.679327574295844
10015336,0.0
10015642,11.504008476796793
10016124,0.3785260330599093
10016343,0.0827467825076131
10016412,0.04446141730740457
10016601,0.06737751471658605
10016602,0.8597205400333762
10016803,7.924200478468013
10016832,0.0
10017050,0.111043074785302
10017265,0.3148141086720749
10017345,0.199316970706094
10017692,43.00856435006185
10017822,0.2517732538385244
10018379,3.634957532604274
10018549,63.3305246054401
10018895,0.0510001892525496
10018963,46.800859973548285
10019018,0.0
10019159,2.7634338652264603
10019335,0.0732752743576828
10019420,13.297679369083044
10019504,0.32028152172574237
10019508,44.150934250143465
10020060,0.06325521028286664
10020104,0.28141078472157893
10020125,7.066759412806665
10020217,1.3031419044235495
10020815,0.10601770906570317
10021252,0.1699385192245042
10021301,48.57212808990674
10021499,0.04665377620003932
10021680,47.466717204102665
10021699,0.841714798882722
10021700,0.27213007215842683
10021707,0.03685564534690485
10021820,0.6448308566782924
10021869,0.06380199191969514
10021915,5.689973083984476
10022348,55.629825291737816
10022414,0.0
10022503,0.037426673372468335
10022610,0.07514132191162202
10022730,1.6443465143561222
10023252,73.55047367309731
10023498,29.5877921926758
10023618,0.13411493335629981
10024702,61.16266620808886
10030073,0.11078741846658355
10030753,0.08946263281634825
10030874,0.03463355781472648
10030997,7.576292933671672
10031014,2.428066423892536
10031436,0.0772888165354039
10031574,14.655982848135592
10031678,0.8395591873332465
10031965,56.52282938984486
10032285,0.8621110853647007
10032406,57.959262054021345
10032560,27.856996176752276
10032842,0.1736821597264689
10033005,0.6553410900550222
10033096,0.04090137489401287
10033238,11.03809086352325
10033336,0.34634040162497826
10033734,0.9367895819847474
10034083,0.0388360362973851
10034090,0.0
10034493,0.05051418102584544
10034597,40.827432118248744
10035023,0.9658072471453693
10035098,0.06527139294449635
10035132,4.892288867005841
10035525,0.1881876449442884
10035596,6.694942734540131
10035643,0.24833297530678786
10035846,41.62136801485556
10035920,78.35651252861301
10035950,0.14697701556478893
10036295,0.1569416877529157
10036394,0.03535694220918057
10037088,0.5680272454699284
10037097,0.08962189743891139
10037770,69.91712236929332
10037800,6.513319758198744
10037946,74.37899575511743
10037962,1.8098950792744415
10038211,6.713697805536484
10038560,8.785225011880561
10038598,0.18796666568546935
10038633,0.026706210619616134
10038695,0.05624089320232422
10038721,1.3323757819705029
10038731,9.845444128453156
10038776,71.58093843695437
10039012,2.615706656167042
10039375,0.06251671033880402
10039817,2.6533400982584054
10039961,0.6394417536158777
10039968,0.9427681643597727
10039975,21.57650785490934
10039992,2.4400185961948804
10040472,1.8812671407198684
10040563,2.2489259839494182
10040798,0.18443067188548562
10040942,1.7949555936613437
10041002,8.232457922766407
10041028,0.2015347218181055
10041157,2.002995092574336
10041376,3.1129160363051387
10041518,8.049577150248075
10041531,0.0765985927970616
10041589,1.969895128128132
10041889,4.646313318900887
10042322,3.9897941787543334
10042484,5.561458490249021
10042505,1.6423605432731525
10042563,55.8449519331934
10042625,15.805254637181879
10042929,1.7158081679419008
10042932,0.46579032398940456
10043064,0.1305519888106208
10043153,31.363698241932457
10043624,56.84988100454139
10043694,2.428901353704605
10043750,0.0
10043854,12.329662071881197
10043942,50.710233282593904
10044457,33.88067622558797
10049070,0.0
10049335,0.20809082933699144
10049360,1.8492473074334361
10049589,0.04851651256688163
10049766,0.03295235774588951
10050035,0.050992017762949836
10050536,4.455164426567719
10050665,2.672273220112373
10050847,17.526895065836648
10050860,0.03867535494444525
10050866,0.07726900218309683
10051853,0.008621727111203077
10051911,0.047289710420431286
10051946,0.0864734521684034
10051959,0.9413038593899792
10052324,3.496590966436494
10052336,0.0679924984334384
10052409,0.6346402182590212
10052466,0.4819983914895507
10053223,0.04995337663549801
10053330,1.4086582330595596
10053523,0.25328614805655636
10053592,0.16043650134292292
10053602,0.15584749999722183
10053943,2.6787795566034003
10054404,0.0
10054500,0.655729885467748
10055189,2.97333223512661
10055475,0.12554364113237093
10055764,9.261787040016458
10055872,0.038755657207082565
10055925,7.368719488278312
10056170,3.180876112851648
10056358,3.107988731472575
10056449,0.8193890700241274
10057529,0.060278850918167454
10057986,0.04645635715046632
10058014,46.455801574859635
10058137,0.08195592663070646
10058176,1.6515660102120773
10058491,53.41782689305951
10058633,8.77934949565806
10058639,62.52061655146685
10058944,0.04444632865960219
10059219,2.218943761213268
10059573,0.04850077138570685
10060147,0.04798783971180194
10060776,2.062984964076326
10061628,12.376635532177467
10062378,0.13434216295711637
10063216,0.04868162642190498
10064209,2.481041780270969
10064218,10.95322220240879
10064959,71.48058789046392
10065056,0.06703899649242948
10065873,0.14142875000371793
10066131,0.16482559775146405
10066452,3.316463357150591
10066508,0.003512329549125144
10066843,9.924602943722494
10066875,0.07597669488002343
10067614,20.912834604567472
10067932,0.1723157802782841
10068145,0.025787926166931357
10068269,0.06599945492159011
10068329,2.610105238156406
10068386,75.07753325074387
10068450,0.05774002487205361
10068539,0.37259130613424657
10068693,0.1050041538887569
10069099,0.4468165421144753
10069174,0.06519912733296163
10069185,51.02430595341911
10069373,0.1511808784732076
10069376,8.770685988024969
10069755,0.02369241919467758
10069795,0.07816045368973433
10069885,1.7154377988818892
10069923,0.27158916350028817
10070145,54.49928515832343
10070235,0.03303263974692723
10070294,2.615929603941708
10070457,10.378714277396636
10070582,0.07360998259426861
10071118,20.663190452409864
10071225,0.16736049898093858
10071254,0.44387860891935527
10071373,0.13511072031034313
10071464,5.212631971543881
10071681,0.16859331053730975
10072007,0.19957904548151376
10072750,1.4155371081943544
10072898,0.6940126873703363
10073973,3.0646777970979016
10073975,0.05636899511679971
10073995,0.11044060961599111
10074185,0.10911477615287651
10074282,0.16104880929183796
10074308,0.041867265252569515
10074362,12.880727574767391
10074524,0.004902861410176509
10075014,0.3566243423295968
10075528,0.0763925576570361
10075730,78.09201385563969
10076024,12.929338226664568
10076231,0.30929502613219373
10076836,0.9322687486820581
10078736,31.764247281994642
10080979,0.08921947174498875
10081576,0.029801744161123064
10081958,0.05503107947336059
10082054,0.11377697786192056
10082287,0.08169121435255866
10082414,6.081086170803615
10082575,0.05973775426025668
10083580,3.9742714834154462
10083670,0.01808651413965384
10083881,0.04204431670804848
10083970,0.017744010946154076
10084178,0.0736457908710035
10084191,0.036260563779195044
10084382,1.9694373609915667
10084631,2.0172612941131156
10084735,2.0368367041306032
10084751,0.3557263903249961
10084769,48.44719790646982
10085436,15.884772971413136
10085457,2.967328725517609
10085478,9.385021225025397
10086307,16.965946409555983
10086396,54.064737113834525
10086520,12.45070815003499
10086656,27.351854632229756
10086861,4.932922533129508
10086874,1.608106644837182
10086882,0.1534097831339371
10086885,34.14864353527778
10086888,0.14831093825171945
10086976,71.55339196477748
10086994,0.029363177973440294
10087253,18.46773509191015
10087575,3.2653358288065473
10087590,4.800092182327601
10087609,2.537631798118206
10087623,0.022571754061910695
10087811,0.694873749528679
10088464,0.0806892119167123
10088720,8.807304959107817
10088886,63.016688978640644
10088889,0.031179984312042653
10088956,57.428291073233844
10089529,0.9829777748162863
10089694,3.703041093528944
10089720,0.6257589500155365
10089727,0.6993541135154508
10089841,0.06306101977405479
10090579,0.06453410600880828
10090599,0.12258604198325652
10090894,1.0257502229791045
10090922,50.05160098264012
10091021,6.802421914210563
10091438,0.1472903584564194
10091829,0.07649598147958027
10092202,2.280874739508604
10095611,43.13319555131601
10095913,0.20519060680743118
10096707,20.22282099393009
10096773,0.05092314625405136
10097709,27.56820809308366
10097911,0.22936117901748468
10097957,1.9921657883468675
10098262,3.3431355974483608
10098593,52.951464382030096
10098890,0.04217816142772764
10098921,0.14385344886012522
10099080,0.12437173120674629
10099459,0.043618829313848057
10100202,0.2508228157332496
10100348,0.05116486084916821
10100453,0.21694781597118062
10100474,1.6595737014078369
10100613,1.7204494274158628
10100659,0.16370652213422762
10100799,5.182434150217711
10101023,0.46205949649909184
10101046,0.41031066745327116
10101097,60.04568585298677
10101765,92.0
10101791,0.8972437782116756
10101804,0.13945066956839314
10102005,0.5989462197515898
10102206,0.08781228392631063
10102632,0.14977974973524283
10102723,0.08784226693607743
10102792,0.03843815681191707
10103405,2.065363762273509
10103770,0.046120179885659356
10103877,0.6657473648288518
10103895,0.10209778377962986
10103934,0.3327707492300906
10104068,4.7425816357981
10104118,0.04602740417368164
10104130,0.062273302595407025
10104246,0.38848923062971336
10104337,6.392420450553504
10104410,0.09070360735439352
10104806,0.0225864570857492
10105128,1.6446883287045218
10105556,2.755878398627986
10105606,50.6975429054289
10105690,9.79018980222673
10105732,3.4585853693951707
10105917,2.298356297965584
10106188,21.538433194162874
10106335,26.398191762754884
10106480,1.5677439141392508
10106530,2.0959075286598985
10106768,51.273535815313565
10106802,2.698767740042964
10107113,0.7277093098023469
10107182,0.04873850366287645
10107260,0.05358978756230117
10107452,0.16060187263740391
10107606,0.0
10107689,2.367511550559156
10108417,0.8088818107887366
10115193,0.03643963243854856
10115298,10.995276397752194
10115372,17.009994716752857
10115375,0.05461448177817633
10115419,8.176040162689336
10115937,0.05684411409664738
10116151,8.091445189185736
10116440,7.205697058940551
10116671,0.113941586465303
10116778,0.053974544480464924
10117060,0.20584262571381948
10117283,0.6720954973563275
10117624,1.2996798099522058
10117649,0.6794518601382422
10117807,7.139405912306757
10118042,2.6776828567032696
10118796,4.469647638866118
10119392,0.39098890067980235
10119590,1.8518479818141977
10120055,22.314756374528944
10120206,69.16250822157713
10120384,0.010783078567945966
10120414,0.08774000181076652
10120476,68.35085259291387
10120478,0.31561709400970234
10120514,0.09308711221713205
10120578,0.03524036354943752
10120691,0.020355179138816907
10120829,18.259544099904062
10121376,21.388671074007792
10121380,66.33524918373149
10121746,0.05405844600498818
10121950,0.06236110690311519
10122016,0.6715655603173686
10122650,0.02838240762044869
10122700,10.704579189433522
10122880,1.3758561524245987
10123450,0.09679058566307808
10123594,10.59252465115224
10123678,3.30289685243732
10123923,0.0955003441913362
10124008,1.407999399690963
10124136,22.675180885626695
10124161,0.015250684695239644
10124212,0.09577359252927432
10124443,12.93012645233388
10124550,0.05412148657963902
10125030,0.29672510128126295
10125211,6.844994478406342
10125395,5.999781695140221
10126114,0.07771241241912297
10126402,1.7276718526235564
10126521,5.129068680657868
10126560,0.0
10127534,4.613248765871098
10129759,4.069278181842697
10130963,2.6052896055345904
10132356,0.06644329197050071
10132572,0.01479973826141751
10132633,68.21879754300494
10132818,0.13929904921199082
10133027,0.013863346915831362
10133147,12.816683843552218
10133350,16.554686682666024
10133559,0.04016459703505474
10134071,3.889838750753688
10134298,1.3991290056954886
10134309,0.6115334716934663
10134443,1.3978294726733083
10134546,13.296958497050348
10134557,0.5270796785219729
10135104,11.713096409048374
10135523,79.16625675765279
10135531,75.86115741715999
10135852,21.01045934252169
10136199,0.03244559747194054
10136256,0.4752087698606887
10136750,0.01406913845964859
10136861,0.20538689487103717
10136980,1.6940984551280744
10136994,2.8630412930048665
10136996,45.52106522618814
10137006,2.726100868914979
10137028,43.913710867404944
10137143,8.750707504582333
10137236,0.912669194646456
10137315,0.10827792516621704
10137499,61.93672465813298
10137757,0.04849625011781265
10138218,54.553679398586475
10138533,13.653605513732467
10138870,8.835414644696023
10138872,21.533416069311624
10138888,0.09866688833475343
10138958,1.6855635725819282
10138996,0.0
10139093,1.2261171047525157
10139332,0.21923251809688543
10139347,1.1226998644218287
10139617,0.9525055117217441
10139724,4.320937540812616
10139922,75.66586888012989
10140164,22.55185244709402
10140275,2.1728662855282592
10140368,58.707792443189696
10140462,0.8889238138943
10140604,0.5731151660672886
10140729,2.679266368479187
10141276,0.07923596697907208
10141718,27.098538332017306
10141933,0.05398523153674126
10141998,0.61231472634511
10142067,6.18067128977448
10142499,43.99541416350941
10142867,0.09647932699424641
10143231,0.014624559991851695
10143655,21.87731340093118
10144140,73.40324748718035
10144398,0.011874554111859956
10144422,79.12670105831168
10146747,0.0
10148197,0.0
10148581,1.664534411769251
10148955,0.36376359114951856
10148969,48.83255692987047
10149393,0.18372784801581848
10149932,0.1663505698540273
10150224,0.18628170249786224
10150643,0.0687344563794355
10150648,39.19979903752904
10150723,1.2932617279240122
10151054,0.7295665794842079
10151209,18.795597142460558
10151488,10.725387955863502
10152015,9.670425738840477
10152029,2.024607526066945
10152091,0.10852408541509868
10152738,0.5370780274374372
10152758,24.475013817617302
10152936,0.4588199648247088
10153267,11.880024303376635
10153349,0.11427634424764137
10153363,32.59910961011453
10153654,0.16578809020276278
10154118,24.402030851604138
10154397,0.05642964420330131
10154449,0.21099974841555574
10154762,30.559403382178573
10155029,0.0
10155159,52.57308644595163
10155167,13.390468573580975
10155628,1.7688068562697297
10155672,5.26885890895385
10156213,0.15947530096677473
10156290,8.901146450991723
10156314,0.06813339273626896
10156340,1.1356678548799888
10156342,0.538892843600901
10156960,59.060856456085524
10157171,0.024591525767560154
10157289,4.078431024372152
10157294,0.13257206894203996
10157426,13.70272025643586
10157789,0.38017134212150416
10157939,0.16522524830479438
10157977,25.963750751858065
10158141,0.09053375030428983
10158203,0.056300789798420875
10158490,0.5983319819332417
10159182,0.18574096051484604
10160921,0.9499856349978912
10161081,0.06730018918683385
10161401,2.4742543496316878
10161557,0.6691860755501602
10161583,0.03455306793473792
10161705,10.71200081673473
10162621,8.569571868710673
10162932,0.07525557610832835
10163231,1.2308999150133821
10163240,0.05498213787081681
10163536,7.654310689188564
10163683,0.6034987964680494
10163724,0.06943889833768926
10164008,1.1787242596210994
10164145,0.08656845676683701
10164331,71.41381412458699
10164606,0.0
10165064,86.00087398398632
10165181,2.857928226387135
10165410,0.3171121322638976
10166365,4.766897176578304
10166624,0.24970304590012862
10167401,12.417787242197047
10167665,0.13637526912885112
10167797,26.669935075244993
10168049,0.07047960154325891
10170115,0.1889855060280375
10170471,0.14705414074732762
10170638,0.23503918580415478
10171644,11.663065903457083
10172540,0.3783423058016887
10172586,2.4238053392684544
10173271,0.056856193627323255
10173304,6.833931298037758
10173687,1.5167041722442334
10173750,0.041589762538404934
10174133,0.6285838065037586
10174324,78.93555420243727
10175133,2.0719330580657216
10175187,0.6092109617512096
10175678,0.3740733530046798
10175969,0.21115821071411792
10176405,2.1967382457037488
10176512,0.04941452715299533
10176696,0.12990577937297568
10176730,3.330820121296962
10177183,3.680633188605751
10177753,0.24525111084427045
10178082,0.6278697844413058
10178685,9.922051888131731
10179187,0.18764622206856196
10179372,0.027545272893501664
10180231,0.062410685769342604
10180427,18.280262585801907
10180766,0.03212259051768382
10184638,15.328400084041006
10185913,10.95557538052546
10185960,6.182161809092439
10186192,75.47146805132626
10186688,0.3506049748446719
10186767,0.033882730596473135
10186787,0.3831510776003878
10186876,0.0851772454945374
10187307,0.10821945212598065
10187402,73.53313365614046
10187515,0.14275810836401706
10187685,1.3641733370973474
10188121,0.21736161840715915
10188296,2.5844882834288576
10188405,0.18632885149172626
10188806,1.051799300544196
10189351,22.943699909327236
10189803,0.06164549902977432
10190770,53.61404678499994
10191142,79.58601755206296
10191601,55.23822582007743
10191942,0.045965520039088006
10192564,8.737990576126212
10192898,0.037728463751142735
10193009,3.7710448844532976
10193753,1.2147672731537593
10194616,18.111208761654648
10195493,0.8766713373129814
10197242,74.84194069746536
10199699,0.045374983473725435
10200787,14.235691638446552
10201295,3.557173803709748
10202641,3.7455623521030192
10202655,0.06537463852515205
10203071,17.188691394316407
10203087,14.619805470540365
10203095,35.66983929338645
10203097,0.29862599335628925
10203236,30.03660568546935
10203556,0.032965199469123324
10204097,12.922246161510355
10204208,17.249934417768706
10204245,3.374454129018801
10204327,24.068897734776076
10204479,0.5784933173853748
10204999,0.59773181707833
10205130,50.270642708775
10206269,3.633382224039002
10207945,1.0616349824164628
10208716,0.13690471909477864
10208854,0.29029023369507256
10209102,1.2882929111567516
10209283,11.33900453171524
10209396,3.542093638045549
10209403,0.04795766057700625
10209471,64.32176832962524
10209654,4.409042201876614
10209973,1.829199921987986
10210556,0.0
10210667,72.32280887268509
10211109,0.2081538499596797
10211935,67.8610847743305
10212686,0.15853247461954573
10213080,0.05449589213977609
10213280,2.1369385528328255
10213355,2.6572126777941887
10213711,5.51830104864274
10214197,0.055518345974774425
10218027,69.82532602836379
10218475,92.0
10218975,0.1364655356690315
10219639,0.06164742860856069
10221640,5.793505152027117
10221874,62.66601955996916
10222715,0.23429227417419474
10222998,57.28304015814266
10223260,0.0447268166475428
10224321,0.8245758187966736
10224557,0.0016398013526319984
10224564,1.2387318533711107
10225827,48.87581761458419
10225915,10.681170751545004
10225972,0.5683080331400688
10226208,3.2374764043253346
10226269,0.32670981907708274
10226431,51.85333961440513
10227067,0.1815655443182974
10227297,0.05830581464086658
10227402,1.0938303306386206
10228720,6.9729763715839255
10229049,52.01613476385782
10229094,44.159464579178
10229187,0.038740315803094914
10229340,0.1253806763346052
10229579,0.615554044858932
10230344,1.1634604266006834
10230429,18.527466398995518
10231834,53.805029248088374
10232039,63.93281339915476
10232344,0.06266911393664104
10232605,0.012186508563275215
10233244,15.197737944352987
10233795,0.0
10233905,27.2803703213789
10234090,2.1987298796823387
10234589,10.150395633610426
10234713,28.153498636074133
10234715,0.05099510881988415
10235033,21.004267694041474
10235938,3.1018964975975427
10236033,0.07572061884400609
10236389,3.75197122672467
10237991,1.39881503623591
10240092,0.29793006804617944
10241021,64.94470460889974
10241950,17.058055114909212
10242138,39.66265138005481
10242249,2.8832247374426654
10242330,0.0534113633974032
10242936,48.549461227550516
10243326,0.11880131242518918
10243454,0.25107083823916876
10243497,6.843606108869027
10243648,0.09832596772512864
10243895,47.85125767572297
10244388,0.3435518215896451
10244450,77.38452572180306
10245584,3.1221406297236634
10245677,0.08672322341488041
10245880,4.586396781985349
10245953,0.5670649616217444
10245959,26.744288150497567
10246002,0.07515474778003466
10246013,0.09824453930785398
10246134,84.8146455985068
10246816,0.11790928633730437
10247250,1.2977652317383956
10247376,0.25878663918509864
10247679,0.0
10247766,0.04487723163904114
10247793,0.14408694987173118
10248067,0.03149691349923256
10248539,0.06077065409342144
10248690,2.2320713078536447
10249411,0.8805811555859314
10249886,47.623365734558256
10249927,0.20181837134531008
10250438,5.495218265526699
10250621,10.050167181600461
10250647,0.20600542720397716
10251082,65.95047726370233
10251114,2.011713634648282
10252387,0.27082974932684606
10252499,1.821053181347029
10252712,14.749978974065442
10252908,0.47394750171437816
10252921,77.61543168727484
10252962,0.177006652457742
10252999,9.00226533933978
10253367,0.08097811848638006
10253408,0.1951855341139238
10254619,0.07875916426872763
10254681,0.8465764724784604
10255192,0.13630454651616045
10256457,13.232099234899746
10257476,4.999380126478612
10260862,0.01297443867746071
10262379,71.50187990034108
10262580,0.1081457633811794
10263284,0.6586228483499988
10263395,0.09584351708081666
10263516,44.302739788069566
10264880,0.014111040430163329
10265675,0.02258351525899197
10265814,0.03074559294035643
10265988,10.821225822949458
10266171,0.4942938486496183
10266428,0.5865319208137005
10267034,11.589210193096344
10267050,0.09458109892341156
10268145,0.34208666325533343
10268712,26.275483326095973
10270687,56.66898049589391
10271848,0.14678965453029552
10271884,34.02097547972847
10272000,0.0
10272326,0.041748166964348236
10272840,0.37078351215856337
10273206,0.48832831279429645
10273251,37.651567269398534
10273462,0.021102821868256533
10273647,37.528949372732
10274257,61.75859974857969
10275361,51.14792331992163
10276934,0.055545619502073325
10277543,0.04789962990733769
10277812,0.29404095866192387
10278229,0.1184132511827581
10278364,0.026646253964077007
10278507,0.0
10279573,0.07696046460016202
10279737,55.91756572930981
10280355,0.08740309185133728
10280391,5.036689753554607
10280416,0.12940412138998972
10281169,0.47794120050339617
10281702,2.2408055586855227
10282058,0.8046611652079465
10282063,46.46383663603692
10282176,0.09067927768487095
10282278,16.124146932279444
10282292,8.510217574868
10282408,0.01143122361299862
10282713,0.4981024916051704
10282857,0.037071166577201796
10283008,32.83635338675299
10283038,63.24464715714165
10283688,5.143751551170228
10289124,64.25422092844632
10289394,0.22154989885511459
10289872,21.404283079557544
10291680,0.09140876045809537
10292088,0.09384962857401477
10292231,23.10113338962343
10293298,5.366024405456365
10295156,0.03306417931353513
10295857,8.797614795207114
10295995,2.044037783704083
10296063,0.11167006149537295
10296588,0.42301438521707807
10296902,1.0179352026812603
10298106,0.871641903487725
10298550,47.629856630069305
10298748,16.42165801139168
10298824,8.81470933844004
10298845,0.047959566285743584
10299477,67.7305546952198
10299725,0.1585842568619774
10299827,0.13344836048655986
10299870,0.41858752829009477
10301140,5.930669536976583
10307179,12.139198803764591
10307776,0.15715901361195872
10307958,37.35712160672097
10308738,58.55917871594547
10309007,0.3010628671655952
10309115,0.3088926337440351
10309255,58.022141097412295
10309942,2.959057959670956
10310103,1.1502243091775963
10310874,10.813519367727615
10311049,0.7769341036798725
10311299,0.09728303413510188
10311898,0.3603921084219287
10312071,0.9916003625635653
10312309,0.03606427717565642
10312486,6.32843933742537
10313271,0.08035550447465652
10313703,54.303838628254006
10314379,1.1720418060340452
10315444,0.7434226540909932
10315973,6.32723993292657
10315976,0.10353791080263018
10316547,0.5164154898577865
10316551,68.04662614196266
10316575,0.23376726829662467
10316743,0.03846841963937958
10316923,0.023515230530475894
10317919,18.104505473313296
10318220,1.4893802704940857
10318395,51.78258539717341
10318675,1.7490718869495496
10318684,17.39376201921521
10318776,13.216677522260104
10319189,68.86745013283421
10319730,1.4784587043405935
10319795,0.05560681259100148
10319866,0.17162268429513466
10320083,0.06333340549399594
10320928,0.4091020002871736
10321100,34.68485715949021
10322621,0.1448197349212557
10323094,54.34777748767822
10327434,0.42033946681414697
10328424,3.9468364754437846
10328582,4.463144356872038
10328877,0.7660136519877134
10330927,28.361168513804333
10331878,0.8412425120671514
10332161,3.2291733157681954
10332440,45.39495877123609
10332767,0.058579983410071014
10333143,0.07875468784574859
10333304,1.864936670987459
10333496,0.11413254567567173
10333985,1.1718160948397411
10334259,0.052056449710805835
10334881,8.505973094538362
10335191,50.76144848638032
10335793,0.21236894581156926
10335950,4.037929503631601
10337293,0.22064006601301484
10337511,0.0
10337846,0.05064872364636243
10338678,17.268142100994265
10338696,1.397921052988978
10338770,0.511536568729156
10338833,0.04643189529474708
10338839,4.383427150408723
10339044,78.01507533494512
10339057,6.480829363384673
10340247,49.32905008499056
10340745,0.003058605527351619
10340849,0.1283733591196931
10340867,16.63466084986654
10340994,2.9501146759604655
10341262,0.0
10341271,72.70309465770313
10341382,0.15944460822897785
10341439,0.7788593775476459
10341640,1.3177004755047814
10341932,75.6053290901726
10342005,0.4948629759718152
10342059,0.07762888001253604
10342295,5.628942366342921
10342404,0.07647207541138479
10342448,3.0802586710992115
10342646,0.2767455194744192
10342713,11.858347207437482
10342743,1.1562245166800904
10342806,2.021038859354159
10344882,0.04543768201556954
10345066,0.0
10345574,0.22742810252640924
10350120,0.048734409224738845
10350911,68.82727305280784
10351249,79.99330273801563
10351366,4.382554606162802
10351753,0.04274794970498433
10352410,0.09368930167728202
10352632,2.8096400612882677
10353449,63.842587642294646
10353711,0.0689025025817447
10354038,23.883515331156435
10354208,0.1521817478208262
10354471,48.387028502921446
10354742,0.19738729283309597
10354815,0.2708162029154938
10355928,0.5117985816919045
10356080,0.05840306150667283
10356239,12.842795400631738
10356808,1.9489965288330906
10356916,32.48232853053805
10356966,32.04278608228337
10357730,4.895202038795188
10358093,0.8195069420977561
10358311,83.57381092634313
10359485,0.07001469392349581
10359486,13.528547624921819
10359492,42.79344970457525
10360144,4.795273796286968
10360180,83.30637840985003
10361285,0.5659813145192033
10361844,25.66596984721004
10362013,0.06237915815964533
10362016,39.96783252902135
10362194,0.6572162936408311
10362710,8.469527813578612
10363093,1.197712967775341
10363118,0.6222184576275264
10363197,0.0
10363852,0.05155869434328178
10364229,0.01960384938797141
10364442,0.19523296982547217
10364566,5.595368171703074
10364604,22.292115026129718
10365451,0.01850265818364712
10365516,59.93067412457737
10365862,12.727176295133688
10366096,4.9908480100428445
10366137,0.3874251817990789
10366219,22.03794707189909
10366441,1.4432598942429318
10366570,71.4825340093175
10366904,0.3500301248512448
10367519,0.0893858967874437
10367650,0.020802455606348854
10367677,0.45861517774141536
10367884,11.107719564372374
10368055,11.30885377670027
10368358,33.93789020053398
10368714,41.78603714812384
10369062,0.04198642479780045
10370374,0.12359124685051345
10370929,0.18041083121582843
10376078,0.1364749862957658
10376622,37.071975603272726
10376627,22.552475947750235
10376897,0.10514836175401514
10377156,9.401126382984446
10377405,8.033570369536044
10377445,0.0
10377924,75.98743554498022
10378518,0.0
10378774,0.19011303445904446
10379439,82.87451282696735
10379700,4.100693219543502
10379735,68.57380185891
10380644,15.0864915295559
10380993,4.0162883725114185
10381123,0.7219780661200559
10381492,0.5072526409818928
10381777,54.30613351074016
10381888,69.01744259378307
10382377,56.26898911970433
10382430,0.0
10382822,0.022611971749950374
10383636,0.16566415239699853
10383904,17.420513573070107
10384098,0.10937600042729692
10384216,0.20813211300352719
10384319,5.25549909155326
10384698,0.028164890392700172
10385807,0.09633297860559456
10386341,79.72548746587911
10386789,0.09297904612911598
10387132,68.05997967488346
10387320,0.09057123270961547
10387851,0.4599909545800538
10387852,0.0860667414491691
10388054,19.64323268624963
10388543,0.19992003392267768
10388585,0.0
10389715,36.200965223846396
10389934,0.9569921665135522
10390088,13.0970432754479
10390220,1.4676418619922316
10390274,0.21106588293241393
10390481,0.32745410521899637
10391118,1.3484998973386
10391229,4.922973237159535
10392041,0.10386297356312847
10392472,1.6853753988308782
10392932,0.08649389332783233
10393166,0.05772093979783242
10393619,0.46221139483898765
10399663,11.8508175982098
10399893,0.8880583641643026
10401534,0.39751275581400747
10403667,0.07630240989079369
10404087,0.18330169842653812
10404385,0.33762084903325323
10404638,90.13492127429564
10404671,10.6122933660935
10405094,0.3256587337357553
10407271,18.215761893791885
10407723,66.63466790886903
10408631,0.12066927061218569
10408789,8.835416925489115
10408816,0.04796846943018091
10409494,4.6666799808461406
10409669,16.35957872221539
10409905,1.8117140974885628
10410022,0.08574299602257701
10410597,0.62114305060603
10410795,8.231936216211956
10410959,4.012743257904289
10411533,0.35986461015529264
10411665,6.878958304424313
10411679,0.8505183631585242
10411803,16.842125627442755
10412006,0.04088471903503665
10413100,0.0904672955589032
10413124,0.31682520199939235
10413262,0.12814819792167828
10413399,79.18209957902171
10413491,4.262961406074833
10413567,0.09074878438922587
10413576,58.45886383703765
10413642,2.3702402591409144
10413927,54.9683086589103
10414065,0.08501127308736978
10414445,0.09933293786123071
10414777,44.47750085920917
10415070,27.35939666720933
10415370,10.239224622276135
10416461,0.05303072511852712
10417214,1.3455469611964892
10417430,56.33935862599063
10417797,2.775769404159863
10422846,10.939221107169553
10425030,0.3023667437795285
10425759,47.01258391744333
10426358,0.6157095475526464
10426976,0.09909081643413965
10427362,76.0228288884906
10428054,5.384137566512173
10429094,0.06471909281560097
10429702,0.21275751203143692
10429779,0.06442793039540616
10429806,0.0
10430006,0.01119170598299612
10430127,0.1411907863427052
10430287,0.28005347695111305
10430591,1.3926600690358977
10430628,1.143875094693341
10430662,0.03508756612354609
10430715,0.3225332214997565
10431267,1.350365389309767
10432610,0.053373379894723655
10433284,0.03170739320372056
10433841,0.03387847924165783
10433860,0.3575091293994553
10433918,0.06527374696918349
10434438,0.0919854591102748
10434573,9.096512908826615
10435225,0.8803511085431108
10435577,9.922846292524202
10435733,37.69384714828929
10435862,1.4507377488911022
10436554,0.21003841473187496
10436734,2.263270292139893
10437027,0.8340202246233914
10437634,0.04449802008287923
10437777,0.05550909596119656
10437811,25.210106504242237
10437826,1.1054433708249811
10437887,0.1186048554197983
10438257,0.9960121940579135
10438280,0.0034954853033809367
10438662,60.94673795376581
10439184,0.6818345848249425
10439885,0.0180440610022375
10440798,0.0353150482398713
10441075,17.524823357829565
10445597,0.2383913610585508
10445864,1.5889208392395116
10447227,0.07570075006928055
10447360,0.062108330844918
10447691,0.020232871882309454
10448600,0.061740022554807525
10448885,0.6720613699376297
10449111,0.2658786653020011
10449466,0.009126119459155339
10449728,8.487203916746092
10449941,0.36549686660053976
10449964,56.48556090725593
10450688,57.769008894386786
10451057,0.05780795435608056
10451267,0.03746768236579496
10451359,0.4700306989815484
10451489,4.099572542584362
10451508,0.5903745662691648
10451613,0.6641278730041614
10451701,0.09022478505996413
10452249,18.77043028617599
10452524,6.218254056076769
10452541,44.81774848041585
10454253,0.34354905791408036
10454628,28.011929107586145
10454801,0.16233137566505285
10455138,2.4465322718676688
10456631,0.7669277719860654
10457363,0.0
10458115,1.6626390374753803
10459237,0.6238954723602058
10460113,14.415684059556071
10460302,0.022123156516042408
10460315,0.06485641546301621
10465447,7.542665838764911
10466072,1.8619828843124238
10467179,1.0246568584984388
10467390,21.870728323096337
10469243,0.2177969651919443
10470083,10.26191013604155
10470258,65.47313611068654
10470375,0.4571958324248469
10470455,0.03290060693902106
10470677,5.045988404653636
10472004,0.8205109017651881
10473730,3.5092632563723685
10473849,0.1094900496134007
10474225,0.06250952919396058
10474722,8.440307895204677
10474780,10.25627989320588
10475237,55.60146827263195
10475319,0.07056305270991374
10475700,0.15933016897462385
10476119,7.437404064922037
10476135,0.0
10476319,0.2796444918753035
10476556,63.53224348550158
10476782,0.4035376212125506
10477683,78.29768363209678
10477698,11.245382789313638
10477978,0.3397988470144675
10478904,0.9196073940903509
10482486,0.1541522661260271
10482554,71.11141486995594
10484019,11.783914635993822
10486974,0.0
10488146,64.30203503590248
10488206,3.18723474744392
10488464,1.0396601248399648
10488831,21.05525857642847
10488915,1.7066815023348927
10489306,0.5387867328656804
10489326,57.190863730956316
10489896,0.15981341043557284
10489923,0.1140564642104548
10490134,0.6289508166605862
10490263,62.12940049284024
10490373,6.509205621135872
10490929,12.949691415366807
10490947,0.5596694129908564
10491070,0.5542842765013307
10491137,0.07921979865688404
10491340,2.906585658362082
10491594,25.458862244481924
10494337,0.2826661202426837
10495299,0.08053559577975725
10495620,6.756887843639397
10495884,0.11131597442779606
10496401,0.05128283067891501
10497886,0.04011493092394227
10498577,0.27613427812800423
10499025,0.13376357732831767
10500033,0.04092258167250114
10500085,0.0
10500222,0.26492037750651914
10500406,13.763696772379424
10500815,0.15673492138773543
10500873,0.086585527756641
10500992,0.3876055146094298
10501331,53.701301168224326
10501920,8.695951636383937
10503392,47.90553255964604
10504508,0.21551906710645183
10507161,0.5054079205333137
10510846,1.2003064461954505
10511064,0.24941584306768327
10512466,0.053687922945452105
10512812,11.531088629733658
10512817,1.2304508536281213
10513228,37.88244348339235
10513499,0.4656435258856371
10514152,0.05619072910860438
10514166,0.15179078535818014
10515677,0.16639883154308496
10515838,20.604618087896096
10515875,9.54735868274417
10515993,12.595629899498428
10516322,37.07168618488325
10516424,10.269160611095144
10516610,0.6063960368147109
10516626,19.209372518187436
10516819,19.23073887279583
10518694,0.01732543588708155
10518896,0.6769077326906365
10519216,0.0
10519429,3.4565518734129888
10519519,1.8531389997464216
10520431,0.17383522377312371
10520668,0.1753914653376267
10521059,0.5281463052193786
10523618,28.85249865179251
10524365,79.77259669837255
10524460,0.7865320681410369
10524938,0.419645986122288
10525851,4.304413324151993
10525911,27.075215635211205
10526346,0.18958174396210103
10526871,61.65093240541939
10526955,0.13399753352762678
10527013,0.03841226069974481
10527274,1.217977811117918
10527486,29.233998982566025
10527956,1.043074815802767
10529176,0.30301988858422635
10530373,8.706364414640966
10535630,0.16876460575489313
10536156,0.06217056439108516
10537216,12.68360555648776
10537769,0.009365765181685403
10538427,30.0190924561455
10538536,0.23484384557110566
10539491,62.230878080175565
10540175,11.965163634481607
10540927,51.87105667120376
10541080,3.7226910825101167
10541201,11.516500222708482
10541260,0.15596874686557075
10541488,1.868682063833679
10541837,0.1732747227641113
10542167,0.18794098662722034
10542347,28.33979966682666
10542668,0.2603088959887358
10542679,23.011221806430232
10542965,0.14629835439021174
10543277,0.4958787206435456
10544439,0.0639440370319275
10545027,12.175310127061934
10546254,31.849751284106187
10546396,0.5252594746898491
10546568,0.06750325322455437
10546606,0.06726688949134305
10547353,0.06889607035817148
10548910,1.8541976083473573
10549054,51.94755153558742
10549445,10.44227173794393
10549650,0.049296353676475134
10549714,0.24617804674074253
10549781,2.433035480782513
10550240,3.8841338807417056
10550349,0.12767557712595792
10550543,0.1661651877221406
10551087,0.041042757924186817
10551675,22.998558989392475
10551825,0.38381791913062663
10552168,0.18827392305524684
10552983,24.803212524376583
10554070,1.3821675295614453
10560148,0.09493301220782448
10560986,0.1433929456941431
10561130,0.06066458569979133
10561771,1.8190307446883534
10562085,0.04862070147896976
10562462,15.37763504271158
10562668,5.9088279863739075
10562789,31.68239000241063
10562990,0.24323316041286025
10563076,0.1775850750304435
10563387,0.04580961231307765
10563493,0.14875688128031028
10563586,2.9930547881404634
10564163,6.329862693012665
10564375,0.9704293348564689
10564483,3.246444761298491
10564621,1.8762805960773798
10564702,0.13244734308743095
10565686,0.0
10566302,92.0
10568153,2.3053185345966196
10568208,59.76332887691305
10568646,0.0638851245764832
10568695,0.4537158634465515
10569249,31.04306214515645
10569568,0.28147473252334726
10569804,0.03236614179548664
10569865,0.49402443965158677
10569945,4.763636867019341
10570156,7.123307045226263
10570447,15.370679872259128
10570660,0.15293150060044933
10571112,0.29126572311929055
10571255,0.04392716641652885
10571323,0.5505703082790757
10571889,1.6755037766868113
10572094,69.06529920181131
10572807,13.957720395695192
10573225,83.75884002577735
10573273,0.014355282945450857
10574604,1.2889509753552468
10575811,0.13053333119929422
10575817,0.06116076276413506
10576118,0.0
10576813,0.06823620225831331
10577023,18.63637807810238
10579428,5.183737298350519
10582297,22.575338294189226
10582695,13.242770652987703
10585446,0.14591401836308687
10586336,10.875369990581595
10586633,0.07702053080754293
10588057,0.020231627426396406
10588705,8.349545910579486
10588741,0.15541466790537675
10589684,67.12540347493879
10589700,0.09845856494692917
10589945,13.318949847284378
10590105,0.0
10591112,0.1496422369781386
10591234,0.22683096260995628
10594419,35.74745609402836
10594705,0.9783782824626281
10595000,62.969151123704485
10595374,73.08686333022288
10595677,16.21006121940133
10595963,0.47380270545232667
10596279,4.880076948709573
10596295,0.102484462723616
10596315,0.05783623203501753
10596652,0.16477750505320626
10596990,0.2841337340684795
10597161,51.49436168391389
10597695,0.04660821571766194
10597780,2.2624487531425626
10598043,0.01868536920875126
10598766,0.23938528459504488
10598941,2.5533254936289054
10599045,0.14343961985387305
10599796,0.7791076079172976
10603050,0.08396190474985402
10605445,52.11246789862423
10606531,0.3045777378534899
10607372,0.0640323925477804
10608844,76.33635748898188
10608956,0.06216099296957663
10609213,0.03529415421106308
10609249,30.408908074939436
10609274,8.23995276472803
10609790,14.395840408405588
10609963,0.09857263625222043
10610434,1.7275443350613207
10612067,82.77027002157806
10613007,0.2730728877914778
10613607,0.5546196724168878
10613823,28.723916027883906
10613950,0.0
10614204,8.758850922745374
10614832,1.8790293929091642
10615116,13.164376664095569
10615184,2.1168200514985993
10615569,0.5434822221597507
10615883,39.94737501803426
10616998,0.04370871245228615
10617247,0.11771886526059963
10617859,0.054175024658869364
10618948,16.647038499103246
10619208,1.9178421982317204
10619400,0.014647828229127668
10619886,16.307130180325004
10624485,1.3867928805055196
10625435,0.7118295019330344
10627621,1.4472690626029234
10627898,18.215063074678014
10628495,0.12605578260273445
10628593,5.987468676452732
10629434,0.14398912214354087
10629596,0.20420159014651634
10629860,0.09707815948005517
10630302,77.8418273988059
10630738,0.9796590366161393
10631005,0.13981006346326924
10631165,0.038114092892100576
10631279,0.024211383988442768
10631426,0.6730828213196285
10631540,0.06869884018453627
10631930,1.7401175589257714
10632141,0.12509938252676678
10632572,0.059673663333305774
10632893,1.4898071486834525
10632936,5.010665360716186
10632973,0.010116130092600512
10633603,1.2816260929627812
10633895,0.02096559241251419
10634051,0.29663163266069786
10634446,1.8805197467411348
10634652,0.06945925491919165
10634933,2.1839404255800976
10635913,0.03169921618925381
10636394,0.3289695420061376
10636576,0.18406990422287892
10636755,0.41788388233761453
10637378,25.896171687640646
10644142,0.07929197965064821
10645518,0.0
10645546,1.016484845970938
10646179,6.133693838527985
10646642,0.86077792597894
10647051,0.04206462753120246
10647977,24.85910509475144
10648481,40.88164381644991
10648628,0.2748028866665964
10649625,20.787941320018973
10650496,0.14288146314001265
10651786,13.808451241273207
10652203,2.7629375461588714
10652427,0.04456598575994236
10652993,0.2840749894990238
10653607,0.21881480109450183
10653956,75.19374666349792
10654319,43.277836513420404
10654803,0.07178427906966423
10656197,0.32152422933039065
10656360,0.04352108861388787
10656617,0.0
10656844,0.05862976343886485
10657080,47.86191638864212
10657771,2.619338460328637
10658613,40.93529931403687
10659041,0.040239377674402416
10659552,0.7053064500547721
10659808,0.9788224615305112
10659825,0.8596305806634181
10659999,1.6732537575914623
10660058,0.0
10660121,73.28823155046852
10660502,0.05376629115904313
10665558,2.6683499382348486
10670128,12.22755534437004
10670635,2.0221157955962084
10670716,8.614582750689179
10671323,0.8360456440349286
10671380,0.20943134979499586
10671576,0.2851849415473072
10671589,0.17520294727238306
10672723,9.220039589332352
10672907,4.759752410979051
10673293,6.922847439786645
10673957,62.026328701988625
10674299,13.39620720627418
10674385,0.0376422869513155
10674836,0.04015848556099863
10674978,1.396198655581623
10675210,2.788778332495186
10675218,0.012359783339685607
10676073,75.00815324931608
10676246,0.24615143602563216
10676766,0.09675222892997558
10676786,0.12455061458376672
10676937,0.33791523203085067
10676959,9.331020764736522
10679350,14.602657253604013
10679588,11.432272776382485
10679702,67.07985314938004
10679740,0.0015508744302910242
10679868,8.93718155416224
10680344,20.4313501517319
10680375,0.29466101137752415
10681362,0.06761528148418877
10681535,86.17014950234284
10682536,3.2414937417943546
10683459,0.2293533659149432
10683993,5.639550672172437
10684138,5.677244474995231
10684159,27.739298549762154
10684164,0.1778003447198088
10684258,66.3293091046345
10684843,0.05723182814515636
10685439,63.05597026360597
10685883,81.55172948439412
10685892,76.16871650081569
10686406,0.02780453307578949
10686719,7.380771143109587
10686990,42.30224349226111
10688178,56.88902006610164
10695412,0.1568349949102122
10696356,0.7578803292065681
10696570,49.20456416025123
10697332,0.006096498476041524
10697868,0.13974065200087912
10698161,0.01613812407767154
10698557,0.0
10699318,80.55713811354575
10699546,4.948288935370088
10699580,43.94373074720506
10700115,0.6705117207646243
10700310,0.6067533600596071
10700393,1.1322422867586088
10700458,0.5254428582117042
10701112,0.21886041553508587
10701343,0.04279337324405206
10701872,2.977862805468428
10701931,0.05315607830789532
10702087,0.043142057290373105
10702489,26.521627248185833
10702506,0.6595204582710459
10703299,3.8328337682546527
10703534,0.05036447858737488
10704883,0.47147971459741095
10705086,0.20459320702884465
10705110,2.3191741667833097
10705585,0.4631293950502829
10706099,23.547760807443535
10706430,0.03653171334544796
10706850,6.119658940288564
10706857,6.655680623737848
10707557,0.23966019988917375
10708420,3.5633456846594798
10708561,2.651618675219108
10708584,0.7598799447900649
10708789,0.17469275531475448
10708999,40.04680327305362
10709205,68.67654587050016
10709249,81.27097241727624
10709570,0.03380867858016749
10709859,53.810666137183816
10710788,0.20456212684904262
10717518,42.14669053502985
10718789,30.12194739855645
10719319,21.20991493119615
10719585,0.0
10719995,0.3988942198507175
10720124,0.15264120823754837
10720191,0.2242917310880515
10721301,0.09797914702775355
10721609,0.0
10721909,0.09942826377640965
10721957,0.35580047817795996
10723142,1.0461413649219322
10723230,0.11721757566090697
10723310,34.74308798991505
10723651,0.149539236403276
10724150,9.231247131043565
10724373,7.58778295327085
10725310,0.4505367900507102
10725410,0.1453416462896372
10725467,14.16684219186468
10725570,0.11296971489999726
10726217,15.697837367610507
10727010,36.95782189310313
10727155,0.776032619363749
10727559,0.23800804490128594
10728067,0.9206945710489178
10728750,0.04166924683124004
10729016,71.49211684376496
10729421,65.22046271477673
10729750,3.4056732594820414
10729911,0.032715708983612736
10730260,2.516378783188597
10730693,72.66157598736667
10731317,8.166107855772504
10731545,62.80617847058751
10731673,0.1302617577441144
10732265,0.22406365443806037
10732441,0.7088286795102734
10732564,1.4796681213695464
10732710,5.150954641012502
10732830,0.031448153502687134
10733012,0.4190794492709642
10734081,0.7436044243581998
10737301,0.20151402348385972
10741013,0.3611506560562053
10741445,0.40299900946090605
10741638,0.2384767168633059
10743361,0.0
10743445,33.907368569789625
10743488,0.0
10743489,0.0
10744110,0.041963625084196335
10744427,0.0
10745696,43.87960283974954
10746029,0.2001211324324272
10746511,1.2362105133211274
10746785,0.04750247244780126
10747030,0.11163319954242416
10747093,0.18462540139285658
10747346,0.16456099946340808
10747810,7.099707817560313
10748040,45.905193085663875
10748496,0.048630723284512366
10748793,5.061097762923543
10748860,0.1710824278650597
10749081,1.749144616454615
10749273,0.16164901040342314
10750143,0.06699696862982979
10751336,0.05980148791573706
10751938,0.4356437018759333
10752111,0.0
10752798,0.003609570484361369
10753120,0.07539596478822294
10753199,18.328650172549736
10753967,0.0
10754079,0.5756036543923826
10754087,78.66395166473954
10754796,0.05011044768300476
10755235,0.8179104300478662
10755415,0.07749962929322779
10755419,0.07391083441948101
10756521,6.797304882801178
10756804,0.28213995981259254
10761649,2.164283491815338
10761792,0.3903603367637934
10765525,26.580185753610735
10765607,27.975469441553823
10766138,0.053267720123758036
10766262,0.18906883563198262
10766309,25.941632812188907
10767935,0.09334122383623089
10768289,0.013031692336049363
10768463,0.030442808395180508
10769127,38.83455500596041
10769208,65.92466542354296
10769917,0.003464127554608419
10770507,34.14368790509125
10770541,6.361002591263828
10770544,9.507978300487743
10770650,73.33068646400217
10770759,0.0
10770836,0.09753492354588938
10771026,0.03780928277761732
10771052,0.041836554253581126
10771754,16.358250614495457
10771959,0.8565234947496955
10772141,1.745311241134777
10772535,0.5711953767635348
10772764,0.2019470887008743
10773150,0.10301416284563833
10773475,29.056264872527077
10774201,0.06720846691486008
10776367,0.06904668416255924
10777069,0.20747759288756032
10777581,12.138122413419142
10780568,0.044740164626619
10780675,0.20424144753234422
10781170,0.2971743301365488
10781583,1.0567786009823892
10781865,0.1291809695451406
10782390,18.666204782160694
10782463,0.06364373560854425
10782753,5.8038542936669755
10782966,0.05079081694427634
10783044,2.980760583873296
10783175,1.3459286025657804
10783448,0.015309445346447417
10783750,0.20173727038000971
10784969,1.033827231443735
10785643,0.013051965692387302
10785752,0.07096510580096184
10785755,8.067543855573762
10786255,1.0729744668222476
10786393,2.0257393157435506
10786987,58.281973056208685
10787042,4.8537210132635735
10787056,0.9802001852562588
10787314,6.056170226302391
10787316,0.2897914282127622
10787482,0.5974886878386325
10787823,0.0014809238270568526
10787897,0.5137372374277016
10789121,0.007318532543265523
10789163,10.940043923393887
10789551,0.027443861968775993
10789664,0.002167227354165251
10790087,47.54908195526721
10790425,42.15153321818233
10790817,0.06099775810054239
10791008,23.13594770640283
10791190,0.7369250654613996
10791277,0.48063761431173657
10791753,0.05465525680419776
10795948,26.179784371139444
10798454,3.4153030383084695
10798550,0.47894015191129713
10798553,3.364261288980063
10799408,73.95591465347606
10800831,0.24001262217769262
10801360,1.371971888770867
10801738,0.02088984825595143
10801937,0.08589452516568376
10802342,0.053382022814587975
10802654,5.156329314448877
10804123,0.8192158258653064
10805436,0.19210832189655594
10805658,0.0
10805767,0.10395011004288007
10807423,8.001695362013828
10807460,0.11739905159055562
10807685,0.0937122183463003
10807702,0.0714695239300628
10807789,51.844443970234494
10808108,2.5201390027789277
10808493,0.044741221610786114
10808999,28.47410030234533
10809205,0.43686143723172705
10809542,4.169631911157508
10809958,0.004857383601189969
10810042,7.563610071342605
10810141,0.10309731912420805
10810728,0.0688500689551761
10810807,0.11321119657972617
10811112,0.92202426028324
10811496,0.48266957932795646
10811581,0.2866953339016003
10811591,0.11041064762881848
10812641,0.227059177138072
10812960,0.040887253098071806
10813793,0.012258496794653873
10822131,0.06843984635301312
10823515,1.6515353595491256
10823991,0.32404813562110235
10824027,0.34242907891838487
10824378,0.07857484215772231
10824492,0.10663151002885156
10824756,0.1014344568434894
10825308,0.19864173332638013
10826224,72.0242400489117
10826734,0.0323221603047184
10827051,2.111610112817838
10827093,0.2433034728082674
10827307,0.9016267005340701
10827567,69.55760963881538
10828985,58.79429177043995
10829384,48.5898086926803
10829701,5.122736051948868
10830580,25.545504256164126
10830815,15.012815846133071
10831241,22.545963763884743
10831913,0.0005899616744345043
10832123,0.7613086856413908
10832131,0.15705458390581642
10832172,0.03832374333140882
10832913,0.038140211999466246
10833173,0.15799986494199408
10834145,20.190008152704827
10834514,4.732113519314994
10835173,0.08311766394181987
10836657,0.027828232657234567
10836760,0.03796921391058641
10836805,24.135945076256526
10836896,1.282668994528881
10837242,0.7686285925732036
10837349,7.719655262846139
10837442,0.0303748688100458
10837508,2.583858094052878
10837866,79.64674519802445
10838084,25.180834943517688
10838188,0.22758199442546861
10838791,0.6019467876234724
10839036,0.0
10842610,9.301896045578992
10843988,59.370589099303636
10846184,0.00668920503891178
10847986,0.03196118932158152
10849426,0.049006498970034416
10849516,11.308762287274686
10850026,32.43710811093439
10850072,0.0
10851299,0.707339761434633
10851925,0.11408827103977949
10852007,0.34667533949410906
10852152,3.813175741807049
10852790,0.213840458978154
10853313,57.38414340805091
10853573,0.21769675296471905
10853955,40.017277490326386
10854168,17.382451888067028
10854585,5.678311089949486
10855312,0.37868488678499457
10855464,52.569806163497994
10857325,0.8298695343221025
10857432,0.15693764452350106
10857723,0.7951720137068754
10858150,3.18382080003481
10858331,1.829433068754564
10858411,0.03906136147694847
10858582,0.16205215406139367
10858699,0.07227429053024456
10858829,32.27090540934209
10859514,0.03161082012084238
10859773,0.6849223593045313
10860176,19.250380557010295
10860601,0.1425994441618236
10861130,3.8262041090224375
10861663,0.05958922521839977
10861883,0.14079849984780346
10863069,0.10438501970363659
10863335,0.02424649299517894
10863853,1.4798706294856887
10864062,5.931765308191147
10864782,0.2932300611376283
10864852,2.6509323974049246
10865235,0.1628778023704421
10866450,0.03561781997433115
10869804,0.0946416773645228
10870670,0.06192676013113815
10871497,4.492404936229561
10872646,0.03626996938667266
10872842,4.750244367471173
10873150,0.1662179676146255
10873374,1.1600834628453986
10873946,6.074881438263727
10874577,0.17274125639202742
10875244,0.07249172711468592
10875296,0.35276756218307975
10875500,3.016931156316081
10875536,0.5149128989008512
10875630,0.001501570491503474
10876137,0.5464790678156672
10876317,0.2605163350776667
10877191,58.888532879857564
10877214,0.05723001146633881
10877433,0.7015446049581363
10878243,0.7134434035193474
10879117,0.46153806716157875
10879246,0.5418876680699266
10879253,5.29242952425474
10880196,3.189726573498208
10880486,0.33949921404301514
10880846,0.9244865283378294
10881075,0.05011081797896463
10881347,2.6882180429584133
10882414,0.04900852227719938
10882692,0.056500902522521546
10883121,8.866103721158709
10883292,0.04248690909734704
10884185,0.1166801495389477
10884260,43.94971724952425
10884683,0.668907575682298
10884990,4.5376033878953885
10885414,19.125717115517826
10886453,17.986689627778237
10886532,0.7617668613951785
10886689,50.016601587574776
10886778,1.350590423126794
10887091,0.11432837880098509
10887262,3.549798901972952
10887265,55.4677788983828
10887433,0.0
10887444,0.029559533867765317
10887645,12.843033413388202
10887847,68.16484384167107
10888320,59.563694379715926
10888404,0.07127653990494179
10889543,0.0
10895011,0.0
10896274,0.07512899341180422
10896750,0.09104113313843346
10897696,81.31307247239268
10898205,0.16586666395824778
10898458,0.09455869811596603
10898767,0.0
10899030,1.7536040374683743
10900130,66.73049570800333
10900270,0.340102939764105
10900511,0.9031282889061201
10901062,1.594387355377785
10901255,18.704619403701006
10902014,1.4995757097493567
10902729,4.517286084356247
10903055,10.980595527294701
10903419,15.775622832296907
10906344,7.0610403174851015
10906862,28.01854042957026
10907380,0.021020209468927575
10907477,0.04896292929607075
10908209,41.58830655656202
10908338,0.0
10908520,0.49253664680721243
10908616,0.06232545045613621
10908904,0.19768327278172246
10909367,0.2101326619196943
10909389,0.08901932790439374
10909743,4.222170015076895
10909987,70.18124928455092
10910332,0.10229133456025088
10910694,0.5500884520435811
10913636,0.8444505154355494
10914578,0.030211020644185207
10914679,0.002938182936759162
10915008,0.018826463144926708
10915617,0.0
10918507,32.20242266869505
10918885,8.7877310031816
10919060,0.12257564650282339
10919160,36.20265466988509
10920487,0.0527297397921916
10920758,0.9737510139873873
10921091,0.01890423391463938
10921135,0.04258604097662126
10922736,2.425215439135845
10923161,41.66799922182884
10924986,0.027673078074492843
10925158,60.0784575043971
10925844,0.04651322658022635
10925899,1.1278961963998488
10926381,0.9384996681861764
10926473,0.05939622326085556
10926625,0.03874829600113025
10926997,0.4099789568176784
10927228,0.0
10927972,0.08595019159129587
10928176,0.12751109737671099
10928250,14.114491701974533
10929569,0.07355057234267774
10930222,0.18691972453648037
10930244,0.12177862281307035
10931273,0.337638499425615
10932059,0.5123393140292605
10934694,2.2301060928035352
10937904,0.0
10938202,1.4852967728164475
10938519,32.0829774387992
10938544,10.830323331785756
10938850,6.239746878909925
10939168,76.13547024164633
10939344,6.303140525612451
10940099,0.37789232410980117
10940182,0.43088323363898157
10941326,2.2197400668180114
10941625,1.2107054927074363
10941748,0.23363530653363898
10941762,63.8361861028903
10941782,0.015221809570222313
10941982,0.17028824395842837
10942806,0.06550761390744012
10942986,0.016640005767298877
10943005,72.43475695162401
10943065,0.3003956061907681
10943114,0.023542061272723312
10943909,0.03304733446690863
10943915,47.57655549893253
10943951,10.02971725928792
10944323,0.000619548681101675
10944989,0.23628982153476805
10945456,0.007458656469317857
10945536,0.04109053034398541
10945632,49.76439605145539
10945985,3.4271780229198496
10946644,51.32696796788861
10947377,0.15380634720611394
10947965,2.829732989487323
10948538,2.145148400519428
10948619,0.17450279158348744
10948774,0.030511198317261
10949026,0.10921150473078714
10951019,57.193853995545474
10953231,0.02133987568234766
10955799,0.015663268296369912
10956433,36.47406266778432
10957003,0.045568180211404914
10957579,0.08804326168860312
10958169,10.554389973764206
10958463,65.03124925503221
10958668,0.0
10959341,0.03933101181032133
10959754,0.0
10961231,56.796909518163076
10962164,1.1010310522564373
10962323,0.0707451953001997
10962507,0.10594590311931444
10962710,0.09357373700529736
10963122,35.31010915039249
10963433,66.7517991603879
10965252,0.08924117082671607
10965574,0.9293404310343324
10965810,0.05166051178273913
10966022,0.4228634596873
10966240,0.0
10966471,0.15717272579813613
10967026,35.98354874572249
10967404,2.027601688418329
10967698,0.3098157305913987
10967760,0.041757738663232576
10968498,0.3789970855708086
10968828,0.0765404518506291
10968894,13.326634223229025
10968972,0.24042431535096953
10968982,5.39270192424066
10969203,8.0851565579666
10969492,0.0
10969864,2.4473512810242695
10970314,54.66966454002614
10970381,13.235856255598716
10970872,2.1596486775896033
10971200,4.225016857517844
10971444,0.1467424508417149
10971590,1.435523219319762
10971781,0.029964155456236867
10974609,0.08537480822379133
10975762,0.0
10978055,0.0649776921351683
10978135,34.10184266641858
10980266,0.10751571875648472
10980554,0.16400057738734697
10981677,3.809842035593117
10982173,0.8212935496415996
10982449,0.6393813914660093
10982490,0.020058055962442468
10983426,61.103676801247644
10983433,28.240108113351877
10983794,1.2982644427060948
10984202,0.053053192534711406
10984340,2.4300909206241323
10985093,13.169311408947866
10985169,0.031037984908516225
10986007,0.22971481910648528
10986246,0.23682504366211116
10987024,78.32636836288071
10987342,7.861158544833486
10987461,0.5807324369529028
10988431,1.2874670393065735
10988682,59.522647346309725
10988898,3.1820579958942523
10989359,0.4409583361440066
10989958,49.767809314833926
10990088,0.004232973638762836
10990123,2.152698921466066
10992628,92.0
10994503,60.31397830737326
10994530,11.712770084474895
10995025,0.10303443602391346
10995810,0.056556879928886215
10995951,0.856235053676421
10996034,0.41491833251708987
10996215,0.08128620405385224
10996416,5.3844353703123025
10996424,0.3356683003144261
10996466,0.5537875183380179
10996543,0.0
10996946,2.420968350411714
10996977,3.2791960909917135
10997172,1.0258578954030957
10997236,31.763057303707917
10997410,0.4097461273831451
10997789,35.96898168089662
10998154,0.08288639112003268
10999819,1.956569555816475
11006092,0.11651015227818838
11006093,1.9464296849403848
11006134,0.19426185128272835
11006779,67.36069358476801
11007370,0.43017149385138437
11007719,2.8895186613398014
11007827,0.2091871795947045
11008081,0.014961634457890262
11008371,0.04607654480392936
11008530,25.106040906989755
11008877,0.43224206634831785
11009445,0.3180449754739359
11009529,58.980855806600935
11009761,2.5704433505577615
11010008,72.83202141942294
11010920,0.04730172205480507
11010923,0.07257385835214526
11012185,0.10814298733195102
11013121,0.0
11013385,2.7615294242871866
11014002,3.5407811760565777
11014386,0.12744268123678876
11015270,2.102562884101861
11015920,0.22490700450766282
11016267,0.1392529582781849
11016289,0.03950109285023174
11016751,0.8918447830785223
11017918,19.46332142994392
11018410,0.4456591784453149
11018744,67.21711324872972
11019597,2.3262219479766495
11019971,0.6621779469351045
11020405,0.0
11020862,47.70473412524159
11021048,0.15886607115359283
11021108,15.176908868479417
11021148,4.55685038539305
11021160,9.998108134543473
11021221,29.831153274610937
11021376,3.8354217410699962
11021593,7.008382341148678
11021889,0.05297253167070612
11022274,29.356883087907526
11022523,2.355509228848408
11022864,9.099608931719596
11022939,0.09453480566847228
11030761,12.850387820430365
11030995,0.18483061327429662
11031876,0.006596529008763031
11032098,0.06251819236951997
11032472,45.16903107882921
11032561,0.057563962610944625
11032614,2.7435980481103996
11032615,0.0675212707781163
11033331,0.4881014335071567
11033476,0.019931232290773912
11035490,5.129780213773484
11035722,0.7512105000912819
11036133,15.476668547186652
11037105,0.16723339820731398
11037414,0.2710803630388185
11037425,74.97681596200272
11037514,0.10753872140379894
11037962,1.5203713940918284
11038817,1.4252846121327518
11039124,0.0
11039158,2.3636701758569556
11039221,2.6083015197716466
11039478,2.264243093298775
11039689,0.03605129845960121
11040114,0.08184687375471325
11040513,0.07234366619545265
11041690,9.138065625855019
11043453,1.9215203676550385
11043651,0.04913474533386353
11043804,0.5846098567753988
11044169,0.086722505032065
11044229,0.02673278770842823
11044326,7.4505777161705256
11044369,0.15537166634308747
11044383,0.2522446292593042
11044397,2.2755943521682087
11044578,9.240562261152087
11045609,8.460773127400124
11045683,0.8919787996439504
11045981,0.015022086612366082
11046564,0.9408603946813294
11046590,1.9541246026945744
11046598,69.73878615243322
11046693,23.604115687241663
11046801,12.708421782555861
11046858,8.814938007405447
11046927,11.191463641943812
11046995,0.045809580604808775
11047173,48.66715592368276
11047193,0.07460603423821478
11047353,0.275978139883374
11048669,70.1546502035274
11053833,2.052041072227684
11056821,0.0
11057141,0.05043767019881841
11057184,1.2545593871268068
11057942,4.1188861374366175
11058643,0.1029783345028727
11058935,0.9683377588508011
11059197,0.0
11059952,70.2201174433854
11060328,48.718661682791655
11060380,0.08133433787362145
11060513,0.13218740727639258
11061063,0.35788765967035074
11061197,1.0427955045428305
11061511,27.295944072800314
11062031,0.38722041300636406
11062629,0.044611816666536755
11062697,0.29172849850918603
11062704,0.6478679784627069
11063065,0.005593283472951537
11063451,0.24155852494820723
11063535,0.026967656932690563
11063671,0.3299394138178936
11064012,7.230933413641365
11064671,8.169372309124595
11064777,0.05758902786394562
11065571,0.13017278524512665
11065633,0.026836641517844973
11065965,4.683487447452171
11067629,0.0
11068187,0.3938938869771668
11068630,0.8962751494872727
11069031,4.8059784764814175
11069102,15.564730018527769
11069164,0.636765583327546
11069291,0.0
11069663,0.10642808072602508
11070137,67.91639142743345
11070633,0.0
11070795,1.550072479306512
11071503,0.090403578661221
11072683,3.3186376810307228
11077282,32.02801645352304
11078285,0.14483249993836322
11078388,0.0
11078640,0.05100661762171752
11078859,0.24947157501551795
11079022,16.646807351301184
11079478,0.17238041356411524
11079731,39.636080601079584
11081261,3.516249368950276
11081447,0.30841256219723073
11081671,0.21027649741319884
11082443,6.776583004473857
11082830,0.1222034446433642
11083755,26.382205549730326
11084143,57.855292939806574
11084436,53.97106275321881
11084965,1.0877164448165815
11084990,0.035110758532704844
11085012,7.586697922769306
11085352,0.0
11085397,0.06787033409397242
11086379,0.0
11086720,74.4220979365642
11086972,4.615650167816833
11088381,7.48376595966257
11089123,12.672289864213024
11089290,0.511553575873074
11089397,11.747840306644125
11091488,0.1373470907252566
11091565,0.23516279912635674
11091711,0.049893766493872414
11095719,46.55687186415019
11095796,5.523133400494919
11096034,2.2828021246648222
11096605,24.633504709644562
11098152,0.6460761058283673
11098335,8.90982229003578
11098551,7.630152224311321
11098587,13.449751458642252
11098829,4.279254109611129
11099089,6.3280407787085
11099853,0.6215543512874439
11100352,0.3234658029139571
11100490,79.5879899040472
11100541,57.00661123120111
11100996,0.07470833369663268
11101525,1.1387030774177458
11101926,47.4436421798401
11102164,0.0
11102712,0.24060427512543586
11102976,0.040575544543529615
11105182,0.2591413006768374
11105331,0.10542642404002453
11105457,45.06514619345977
11105533,3.2244346300217104
11105968,0.7757164106324415
11106206,1.369722363071609
11111303,65.24636579600427
11113333,0.27628081671961946
11113554,0.3630233708714721
11115324,0.08613383282598795
11115426,8.658544926195315
11116289,0.18469016427859608
11117800,0.0
11117896,1.2901295549815992
11118404,1.2415585353366179
11118437,9.454688459364428
11118670,0.0
11120851,10.770617580417092
11121029,56.50820585743724
11122003,66.54124881345511
11122042,50.84797056239909
11122822,6.532339983322954
11123276,1.6720422398940458
11123735,27.613930956498884
11124058,0.053444853829162316
11124422,0.06257703411012805
11124613,19.922295554269077
11124655,37.92779750093829
11124862,0.4589606653277906
11124954,0.28821933592465265
11125166,82.1252517106612
11125209,57.530827285144106
11125724,0.25711699037940716
11125894,0.07376064430026226
11126103,0.21775094005674922
11126226,0.060465257721545804
11126621,2.5532219302102703
11126759,10.381526680014833
11126767,0.12994894770929985
11126883,2.51265006415775
11129145,0.05199840953456473
11131304,10.025638334166288
11132775,0.14218113903053034
11134972,0.16723264184381312
11135512,1.2397500712044347
11136050,0.0
11136924,0.15438447443873263
11136996,0.1497984443846863
11137712,0.01060285256131003
11137758,42.271052803026244
11137966,0.20629052249286361
11137993,0.03289437907994582
11138618,0.11248713800536864
11138823,69.77655452722831
11138901,0.04241210618411387
11138910,1.7296723900795996
11139180,0.2853651713250038
11139968,11.85873904039401
11140165,14.151197937406222
11140302,66.79448985192623
11141939,2.9391099478653557
11142154,2.0868442705400723
11143122,2.9434837620074603
11143222,0.2643176460326637
11143462,48.69630051537435
11143545,0.09545930392196719
11143891,0.632602107435445
11144011,0.04266018735047369
11144409,0.05191000275494299
11144496,0.02765770898641485
11144544,7.050008961763797
11144715,46.193151565798644
11144797,4.071251839327132
11145222,2.0357146453451036
11145523,0.07895170272851725
11145689,0.04180781792679294
11145913,9.087360263385543
11146017,5.820731250096683
11146432,70.22663541682388
11146488,0.299058361822909
11146502,0.0450602236262198
11147172,0.656025968048234
11147693,0.1485440071729747
11147823,0.0
11147918,0.4260590037917748
11148320,0.35488932811809637
11148342,1.836130097111441
11148433,0.5747035485914719
11148990,3.898054914885793
11149221,6.293436448011258
11151100,1.3165833455605322
11151103,3.816509883651586
11153891,0.2624877993537754
11153996,0.3303375346664474
11155963,2.4191914144102284
11156427,3.896823169928391
11158544,0.3325176133178915
11159093,5.167579208339147
11159400,0.35615373496702657
11159720,0.10803225941451114
11159859,0.0987931731059077
11160167,11.9726150170934
11160700,0.39491084033613094
11160734,0.8848225557029648
11161067,11.189849621954314
11161207,0.04266900762503792
11161660,82.86500764331524
11161908,4.038751420764
11162192,0.15827073242243164
11162475,2.456609196793699
11162591,0.31952816042856624
11162906,0.0
11162977,7.665931429092974
11163043,0.1798849444517075
11163136,0.15850357290175762
11163491,4.037879868592203
11164047,7.471331598158841
11164714,69.07968848444749
11164743,0.143248243508255
11164967,1.6268828906974444
11165063,0.0
11165126,62.091585075040165
11165328,6.174563517373091
11166113,54.628504561343895
11167085,0.25294719088102063
11167183,0.4386196851819554
11167381,18.152236346909852
11167618,10.86269708477306
11168007,0.20787612726484875
11168411,0.0
11168514,0.018099731252219215
11168825,29.49605214924075
11169660,1.4319532186239239
11169926,0.1531198416353983
11170165,26.593313102672
11170320,0.11244093498866264
11170672,1.8601760886560708
11175261,19.902985007556538
11175685,58.70870706327808
11176944,0.43869982743098546
11177192,0.044791534958470804
11177205,0.0
11177756,3.88136396285436
11177837,66.15409299556852
11178582,5.520360527350134
11179088,0.038782887240216286
11179160,0.15242131258553862
11179453,0.3286550360060857
11180110,0.8946089154785382
11180903,15.493134379885573
11181379,0.03065494828509174
11181405,80.05872374496886
11181948,0.27736600818727913
11182179,0.44121486313741115
11182302,7.885175463318528
11182804,11.40115647761524
11182862,0.22459598387087787
11182867,22.3346995236208
11183391,13.819565316684788
11183669,0.16720341539787703
11183868,18.116625164151415
11183878,12.046707753647839
11183989,0.01873788381424096
11184440,0.07218722567934956
11185068,0.39281728167450164
11185197,0.14608793024050556
11185707,0.06288100345961019
11185729,28.13428381223099
11185849,0.0842364948681131
11185993,0.6639695885760285
11187424,57.64090716251225
11187722,29.709475420070078
11189017,0.12695410398498688
11190071,0.3528169415377626
11190248,69.6033821012963
11190303,0.037813611560271125
11190306,0.03936906470095719
11190497,23.479295326567833
11190511,7.699089262815218
11190515,0.047853430685983925
11190519,12.380319815634667
11190604,0.26149344562450066
11190698,60.32222682635705
11190701,0.04421435550141499
11190831,37.993420345533224
11191242,49.728844063203496
11191459,0.3150335156611669
11191474,0.4998295081447107
11191763,0.025125954977414166
11191899,0.024555663490987534
11191992,0.038218595840854554
11192139,0.14381121158413449
11192178,1.3692022295165054
11192257,14.176177777396951
11192516,0.39683461341260085
11192586,0.043401641613841115
11194693,80.07519728906463
11199636,0.1918898621836268
11200375,3.76062796864946
11201486,0.11466931830618363
11201676,74.3166758525628
11201707,0.2467769349914184
11202061,0.058784309928659864
11202399,0.2001934249215362
11202569,14.751940078370438
11202649,41.185359895629425
11202870,15.697359406228905
11203313,0.06844728961881474
11204732,0.22629600502651898
11205241,0.23082739308210054
11205265,1.7889607706379411
11205447,1.6017633245064122
11205980,0.052968932360105414
11206340,2.3891927562934394
11206364,0.44781356381165655
11206528,0.9019550245629102
11206920,1.6037186014286826
11207036,14.533180726451253
11207101,4.272459497248913
11207181,0.02402872960258547
11207238,0.07151621712308759
11207722,0.06249914933621406
11208218,1.25993799929313
11208635,0.010985954836258287
11208720,0.0
11209647,2.151040716889972
11209798,59.66491708302381
11210604,6.070763382012673
11210913,0.1861942402439961
11211310,0.09364272265335423
11211589,2.2899776267987626
11211612,0.009055158097969869
11211665,0.017313563688882077
11211669,0.21597867759412284
11211865,2.208744266792437
11211985,0.12634386725261007
11212177,5.884964518549914
11212449,47.85814970915316
11213730,0.25419979502177154
11214883,1.483737067958164
11215771,0.7741221976775291
11216394,0.0
11216492,0.20074134014905035
11216918,0.5554607865406782
11217893,0.028083851963705685
11218116,0.017199114203121084
11218246,0.9878211542556843
11219929,3.0490397875895017
11220997,0.004821049497883868
11221125,27.44198150880049
11221362,0.0868194598250191
11221482,0.34964418615931425
11221821,12.154850971190868
11221835,10.633872661881275
11222408,11.940306946607171
11222927,0.018665032837392022
11222933,26.941773861335705
11223389,64.17683924831242
11223800,0.5286635925732954
11223995,4.1585150855248525
11224460,0.040422336287801564
11224970,0.5632725624781438
11225219,1.7311315624877412
11225591,2.096378036265737
11225819,0.16204116811312338
11225849,0.03137700685974669
11226397,4.776272547000745
11226985,0.12919296545333028
11227489,7.777383802446298
11227558,71.21312769324139
11227612,0.04281575191660001
11227620,0.3296650734252429
11228416,0.02890626128369186
11228502,0.35861287158758237
11228512,0.08050522710810358
11228726,0.10005160925440225
11229663,3.0773301060772615
11234656,1.192297100493238
11235102,0.023415117099414982
11235370,1.916812659765738
11235824,49.38925548376973
11236956,0.07581097774493475
11237554,0.011421985501766865
11237750,0.21036785652582285
11238039,0.04098346466202273
11238591,0.2238292870527675
11238744,15.525786661257504
11238936,0.39523793419927966
11239248,16.927458042283877
11239295,0.538850411918378
11239332,0.7899689950459764
11239716,0.6660355490060493
11240074,0.04820910425225461
11240470,0.06438747964188625
11240749,0.25368404069907746
11240758,0.012632886476569774
11241043,0.08361585632436047
11241381,0.17871735764253957
11241637,0.06756685317620113
11241794,2.435550516129987
11242039,1.078573638641673
11242292,0.0
11242310,0.05848481259335172
11242469,0.1423460658622138
11242777,49.175657447813336
11243434,80.44717769966908
11243444,70.10264697527494
11243621,1.4512803507022343
11244622,30.368475398989933
11244946,0.0
11249069,0.0
11250755,2.007172129109946
11251296,82.83518598704495
11251308,41.648180552034034
11251511,0.8330238286799
11252576,0.0016794307301535
11253076,1.0471460861613262
11253351,0.0
11253929,75.49206977883067
11254338,0.011303208669674205
11254551,0.1821600317202607
11254989,4.904816400731962
11255088,0.012036179457680677
11255157,81.0696520142025
11255694,29.07856620673041
11256539,0.058270691715816794
11257441,1.9079697824409023
11257497,0.3440477813146521
11258093,0.0902803119893248
11258391,2.8580139694888897
11258564,5.0477080394485325
11258581,2.432465711947988
11259306,4.345573823814271
11259376,0.42323587768673104
11259488,0.11931249254578263
11259989,0.0
11260360,0.020312941689430437
11260417,0.4153401998859451
11260657,0.12650799476271732
11261409,0.20361028740916634
11261571,0.0019610482868344607
11261600,3.9557519175423566
11261753,0.013148960164689695
11261870,11.858214889210108
11262072,0.0
11267601,0.47569013091185275
11270724,1.5705076269489957
11270782,0.1545442221200717
11271818,0.8214260808710069
11272475,0.42156713102422605
11274554,0.8599278249911843
11274685,0.5263004882369499
11274790,0.0715430289516655
11275850,0.3974188871591943
11275898,2.5390600053718146
11276353,37.48906713192209
11276602,75.23281919454608
11276876,0.10148210926995929
11276915,0.4449383985598373
11277343,0.007599233241914997
11277765,0.46737876386060245
11277955,0.09948699076137665
11278290,0.0730694054547111
11278868,1.9980363922756021
11278993,73.66166508592585
11279405,0.0
11279652,0.03606030976233514
11279820,0.04930173114817868
11279847,10.56143085966739
11280089,70.82696303754986
11280391,15.242585056582623
11280429,0.009438246826952983
11280492,0.07507839117353174
11280583,35.261780404515456
11280866,24.733227443149364
11281365,81.23649642224585
11281393,69.1938253288928
11281913,0.04173576853311128
11282325,16.53963555096763
11283088,0.0668932838781775
11283535,0.01968912202263532
11284186,0.5990836008367691
11284626,0.051315344902552344
11291158,0.2490354536917086
11291559,9.6494610508928
11292217,0.0
11292338,64.79947372259821
11292496,0.11230334581484204
11292970,0.048914194054191326
11293006,7.363813043008631
11293662,0.0
11293767,0.09518499251097212
11293937,17.97612132679889
11294494,0.0
11294538,0.4654265599896627
11294902,0.010065992265697002
11295457,0.0
11295630,0.047538838846118696
11296409,20.522488149042474
11296590,2.0080184110073414
11297941,4.129778431818152
11298162,68.52636751514247
11298300,0.0
11298511,0.01908909052863083
11298615,0.16179792159639803
11298718,0.005807179846300475
11298867,0.0
11298955,0.7245622898232601
11299099,0.12998474295441473
11299717,0.0
11299824,69.33112576638183
11300198,0.44824957239288055
11300414,0.1843665179734227
11301286,0.41452136576023985
11301359,0.6407760954727689
11302298,0.019111513389231
11302389,0.0
11302521,0.4541287641853861
11302886,15.312656244587913
11302971,0.03609688797876154
11303015,0.017394031353269918
11303236,0.011959039664491973
11303306,0.3712886156173083
11303478,0.05731961201027916
11303624,8.359933910071645
11303818,0.032516853685170294
11303934,72.08130760987976
11304069,9.60569191653654
11304325,1.8011008462107023
11304805,6.131571083764795
11305815,16.7015415705378
11306483,0.0864921599244592
11314451,20.863525655657117
11314756,1.1958097910956307
11315042,0.13935133364332597
11315425,0.0
11315578,37.14603933795664
11315644,65.39749641405746
11315999,53.923593509175504
11316411,0.41070427360893597
11316674,0.4848048830376678
11317742,4.672115754100876
11317816,0.10714398977646439
11319105,65.88805837236099
11319762,14.522396819521848
11319858,0.10456610903112527
11320246,14.117555198705702
11320849,40.150921145542036
11321005,0.0
11321410,2.009604032383524
11321484,0.03465439661867589
11322077,2.522454445859545
11322263,0.08845621584314972
11322323,0.4428310020081865
11322391,1.0477605028504944
11322591,2.471462742180304
11323007,0.11043759774642849
11323397,60.637785751305465
11323433,56.771247406373604
11323444,52.518428953561965
11323476,0.0
11323526,43.43942547033606
11323529,55.69700987130127
11323545,0.24666360421931038
11323583,29.055713402140803
11323609,61.25065010838124
11323801,11.128808073878146
11323922,0.029802996505391924
11324173,67.47970733985932
11324200,0.5130393427801374
11325050,20.901727955714524
11325485,0.0
11325499,0.009239929101281151
11325635,61.097023196784754
11325656,0.284135816925503
11325695,2.1684259569734112
11325775,2.179292181836906
11325941,1.6298127869105374
11326009,2.4446863988492016
11326272,11.688572443114367
11326908,0.021544274423631184
11328979,1.7577486216282792
11333478,4.6679378496688075
11334476,27.824434458240823
11335160,0.5615804642611805
11335302,1.104875119388631
11335747,42.245793022581765
11335931,25.11387330175659
11338624,0.057193545324337215
11338807,7.08199955116483
11338848,0.8211956858709497
11339046,0.04684286472212598
11339377,0.5053846818953974
11339876,0.46812129314013384
11340424,0.021792769490309085
11340542,0.0
11340781,7.407565770534469
11340871,0.06227957439746698
11340884,2.5992883482257483
11341650,0.0010331834447841718
11341723,0.0
11342027,0.0
11342626,0.02347650044901685
11343196,41.38791646659392
11343331,7.70612691573705
11343728,0.9062414733271336
11343779,0.23986899191822028
11344102,14.63657851732858
11344203,0.0038454614503011944
11344745,0.07369176480405008
11344750,59.389021139640064
11344902,3.2587356914941084
11345083,0.18971719917671317
11345116,0.40100857568161247
11345723,0.12463249818552839
11346699,0.0
11347963,0.0
11351798,2.921417771641868
11352165,0.08833612906983676
11352494,39.727539872257786
11353310,0.4241435310360308
11353885,0.21750820508671886
11354002,0.20024482025078683
11354781,0.09730543015106165
11355823,17.294737061764394
11355871,0.053276223418022725
11356941,23.444146592516983
11357052,0.2431720560949835
11357182,4.247170129575012
11357237,14.620461582332164
11357269,53.73314027755634
11357606,0.12479165738198666
11357735,5.334921747320172
11357801,48.20310058058926
11359026,0.5663644455208455
11359610,2.7142434673305207
11359701,0.2111834856697701
11360407,5.915701047466639
11360854,2.2427247209800605
11361106,64.98665289117127
11361320,0.3105776331927939
11361471,14.009962556375685
11361502,0.23166149300488736
11361791,0.11508077073253553
11362029,0.18546569038934885
11362387,38.044920383355255
11362414,1.4315637237481964
11362506,0.15096981542954485
11362675,0.0
11363037,4.668153095785975
11363459,5.201338445457059
11363537,0.0
11367687,0.053805793939455435
11368277,0.4834724296644118
11369211,1.2594533346904861
11369889,1.7538596628160465
11370129,5.201111696635806
11370914,0.9978230510397286
11371510,0.03792989023353359
11371773,0.9848422569944405
11371974,0.23044412446600496
11372088,0.010009702714765659
11372929,0.0
11373637,0.04604547063751456
11373899,0.6516449631839524
11374189,0.8532943528077659
11374317,28.401635350141582
11374387,1.7548683595914851
11374404,0.4342774900203617
11374453,2.898734781041096
11374542,0.21774381486998326
11375128,0.12190971614723699
11375235,0.35512580598056837
11375733,0.07011811907212244
11375875,0.0027858605380915937
11375909,0.3471505454677704
11376516,54.715598627376
11376684,63.2315481371426
11376730,10.093434884333993
11377233,27.271928932357792
11377308,0.16490182051242006
11377582,39.71030450409696
11377665,9.824835583136068
11377777,0.5651327544602507
11377966,0.005264967817834174
11378048,1.640695042038171
11378146,5.843283613662998
11378821,2.1296446636940876
11378856,0.1256556110911062
11379331,0.39188723309924683
11379978,0.2552875131274461
11380176,1.3305805813517209
11381288,3.967103494208686
11387191,69.74567047982342
11387473,0.017090978758302067
11387731,0.9494262718593544
11387925,0.036697117952294495
11389328,0.0
11390263,0.024174784159654746
11390265,0.0
11390786,0.5592632886190068
11391101,3.9232596687342327
11391284,12.391109545899514
11391457,8.278671536548313
11391476,0.012307945699434854
11391541,0.37697024025630593
11391713,0.49451149888023477
11391811,0.19846262374988868
11391863,7.888567767131822
11391896,0.03502747679919681
11393199,54.944166195643625
11393822,0.1632384178981594
11394189,37.994796784581865
11394389,22.281809019599894
11394722,0.03749326756032131
11394906,0.8470805793311899
11395511,25.602290704390104
11395752,0.0
11396083,28.329067255623528
11396198,8.09328225970953
11396906,13.258037225121495
11396922,0.6782453583173425
11396943,0.0
11396957,0.8640270642027601
11397010,0.05693448929580257
11397187,45.14647725101025
11398266,0.11762245849731108
11398939,0.00033484803200492644
11399642,0.7501462104508047
11400001,20.31984549192397
11400460,26.417237292658594
11405149,0.4599292666626679
11406174,0.14917002018520173
11406761,0.6125941036923888
11406814,0.022507714690561408
11407817,0.0
11407839,45.34518798471135
11408491,0.0
11409352,1.4840887940481176
11410116,83.46133407276353
11410580,0.1507835118257223
11411111,0.12676169338313045
11411552,0.3358677319732341
11411760,11.917029713627723
11411839,5.662404785517147
11412104,7.11748450359023
11412169,0.5038728411846134
11413034,17.122676807372606
11413562,0.31833278288998246
11413728,0.040871046102484834
11414531,69.03709693051013
11415685,0.03729903209512148
11415772,27.280724243124748
11416121,0.004327179384563514
11416321,2.656829658739788
11416953,5.074730836130864
11417214,0.0
11417447,8.488632799590444
11417923,11.565192979592394
11417985,0.4721780736442038
11418784,0.04309919498228711
11418938,68.51021344205803
11419133,0.053405926092101506
11419305,1.5977777483264888
11419407,18.20487500812365
11419481,0.018792905518636074
11419565,0.08401457621612023
11419801,0.2055705827042106
11420657,0.11118884987945599
11420814,3.7382526078252227
11420840,30.96386862765127
11421292,66.7714969290688
11421345,24.57259440081614
11421477,14.637544484485737
11421502,10.02695276396848
11421608,35.479197644377294
11421679,0.010640939663512055
11421969,17.24912521985412
11421994,58.88500377580614
11422056,74.19360755986101
11422256,0.1495514600154236
11422359,4.260246080901133
11422779,8.786464273684484
11422825,0.39178838921504916
11423050,0.4123200378051603
11423260,0.0
11423400,0.14763979759330284
11426779,0.1601365850694192
11427854,0.26110651925910416
11428129,0.06921345453002739
11430572,57.32636707201945
11431669,0.0
11432120,45.85255655495893
11432431,0.7790326210140333
11433851,0.03502512704093505
11433954,0.03178487066240841
11434047,0.14383683372009645
11434565,0.4461034252978415
11434934,14.322777261167037
11434982,2.09646416501686
11435373,66.854298078071
11435419,0.3359563847864286
11435529,0.2579615781574573
11435841,62.20785576927478
11436132,34.49968180653856
11436982,0.19215022054794365
11437323,7.089849617903083
11438045,0.44202362825345104
11438561,18.763876668799035
11438999,0.005787867172174184
11439208,2.5443544895179326
11440004,0.21167368115927704
11440243,0.007953727915903288
11440548,3.2277431234029788
11440798,10.55377755274227
11441130,0.05646990739205529
11441138,34.92197835027789
11441293,8.529065093310642
11441498,0.057839877663389105
11442376,0.0
11442670,4.134849526176823
11442701,0.0
11443028,0.027848673269050883
11443205,4.57713570117952
11443421,6.79024986627264
11443837,0.04674234611695612
11444224,6.3831296260268955
11446915,4.864849426891574
11447448,16.46201160251555
11447550,23.723021422179354
11447572,15.222672841837465
11448534,0.1436576310025655
11449801,0.025340413063822224
11450241,0.10124989686938535
11450458,1.098443453748208
11450791,0.0254753471280663
11451597,53.84399539026205
11452958,0.0
11453557,0.017748429253811336
11453815,0.2021370226984499
11455062,1.093758174841866
11455267,0.3400284251423723
11455351,0.6153477407956289
11455873,18.9643291270736
11456014,1.3586208590675168
11456047,0.0
11456088,0.0
11456179,0.013881406199031145
11456753,0.6397995497451727
11457332,14.899819769413757
11457547,36.938437523131306
11457577,0.4672123896728614
11457693,0.0053854157047158666
11457714,0.12806262545327632
11458219,10.896924692812505
11458475,0.31046518759353064
11458516,0.8347584029173998
11459084,8.9475602674121
11459099,0.3856415027909767
11459958,62.426008928967626
11460617,2.1873724425604184
11460773,20.02441216141772
11460933,0.786543243713974
11461331,3.3712861373200664
11461509,0.20698488699811884
11461813,23.431877387508052
11461918,0.0
11461980,0.2298510565165145
11462136,68.53530931937811
11462148,0.0
11462241,0.02509596803644478
11462440,0.04478212825073197
11462446,9.847256883024697
11462720,71.30820864315439
11462828,0.08568924740329714
11462836,0.7499587369236889
11463363,1.0788503737790434
11464188,0.00487205847877268
11470197,0.030640604145648835
11470210,52.57757263401125
11470530,17.74207895485905
11471104,1.8380442264384749
11471120,12.942170765430498
11471575,0.2374336810181623
11472013,0.03636083979264892
11472060,0.017029347371108953
11472593,1.1179055111129426
11473571,2.349648640873937
11474206,0.09168795915423016
11474440,0.07492436929965704
11474496,0.23421326842617077
11474664,71.0653286565945
11474958,37.01909056281174
11475174,0.0
11475664,0.28408949789328913
11475777,0.0922175043191241
11475963,77.95560044661326
11476271,0.3587163685310289
11476912,0.835332160340242
11476971,0.1443659337517443
11477187,17.498352481776674
11477203,73.99474997314417
11477302,1.183657877122142
11478453,0.45899177334864427
11479296,2.8317993463393707
11479550,0.28979816064363173
11480726,1.2453415827248102
11480835,0.0
11481357,0.1526072696357012
11481544,1.7758141192754349
11481548,21.98323001450713
11481656,30.30603360179549
11481723,0.057346617500561387
11481822,0.1900444767834407
11483117,1.7351058199690934
11483376,41.00726835443691
11486357,0.5632747661888119
11487102,0.44646622640698613
11488475,16.65672743911885
11489613,5.879536196987853
11490330,0.0
11491051,0.007001820171004828
11491092,0.514323944034081
11492508,10.663180525695708
11494114,19.219667641913276
11494226,0.18712317472114465
11494510,0.0
11495048,0.5290185666641378
11495797,7.049804397562767
11496387,0.01658806291475949
11496584,7.203188605323002
11496607,52.373114581054935
11496968,63.01794845425311
11497341,42.056545234991134
11497449,9.742996245402601
11497469,0.05542821304726577
11497474,1.188204274613906
11497677,0.0015776223150684705
11497760,0.08161961526560942
11497795,0.8165337401746978
11497826,5.451653054109319
11497855,0.7019300679819883
11497883,0.014236626192524693
11497938,18.713409807542245
11497996,0.012514625243779366
11498017,2.5968031471174835
11499224,0.9676537916180827
11499514,0.0
11502010,5.778712514273448
11505351,0.0
11506248,2.0373776173487355
11506960,0.0011290771640173906
11507286,0.018904037860420768
11507817,33.3903039618462
11507900,0.056459683391312916
11508105,9.277400396948584
11508499,11.649010356759767
11508642,67.70091379709083
11509497,0.45405766363595823
11510417,20.80332241130769
11510483,27.99239816388801
11510524,0.26052857312023997
11510624,0.04171885341731492
11511154,0.24217802281799714
11511197,1.3520902280749725
11511431,32.9317457282133
11511507,2.8552632456197755
11511592,2.365730060531628
11511603,56.638168566301864
11511643,0.9322812634180891
11512267,0.0
11512366,1.808878869346493
11512404,0.5060453801439035
11512622,0.9775727937311582
11513249,0.565423600876525
11514229,5.1819234449838705
11514943,0.5729667257444923
11517530,3.0058076664063957
11518206,4.013319986910832
11518834,53.52969626269177
11519438,6.322999442226105
11521111,0.0
11521447,67.74273118968851
11524437,1.8829146690900378
11524783,0.5082310436219574
11525495,0.6017317106720453
11525851,0.42857289572338597
11525940,0.0800104187465949
11526771,0.12340126637712334
11526816,0.031609084318528366
11527477,0.17899270579562576
11529467,0.49765368474757415
11529598,41.41204986308433
11529701,32.36754521840142
11529770,0.8423418524821705
11529778,75.7756779346765
11530592,0.6652389698400522
11530668,8.667618583366657
11530851,75.79055737402557
11531130,0.0
11531134,5.218400319172078
11531322,2.4458172113490106
11531338,0.0
11531356,0.12253097061347748
11531434,0.22245542804407473
11531570,0.16689732729536455
11531708,0.21231375857657428
11532045,4.792821732172139
11532391,0.17101557347836574
11532526,0.31920170297792116
11532531,16.279410540880818
11533402,0.0
11533501,58.03915985721903
11533760,2.2510204808618086
11534035,52.54300678353475
11534543,0.8480288132130577
11535351,66.34081875596969
11540867,5.601118431123324
11543031,0.19959885990828435
11543818,0.24751741944459416
11544234,0.09192774835689645
11544408,15.445240664047782
11544438,39.34274512624193
11544737,0.0033333496000429084
11545979,12.874546788873294
11546021,32.74163587693025
11546119,2.626996751010925
11546336,0.08116354403864988
11546520,0.2671109113204269
11547352,0.052893896137596465
11547379,18.53464792605772
11547400,8.339862693680873
11547596,0.0
11547640,52.18212372841888
11547967,24.13314588104892
11548043,0.0
11548429,5.972124893187091
11548744,1.4339110419582946
11549061,0.38986992529740405
11549213,0.07534439020774264
11550670,21.009935768219542
11550967,0.15003957346862312
11551271,0.22995130485560777
11552402,70.37765637518878
11552627,0.38404209823988167
11552651,11.840396611020024
11552717,0.33015490928227487
11552808,22.9428224963734
11552907,0.9091878498090011
11553357,4.879993144641368
11553359,0.3816565187491259
11553403,14.382251715611961
11553451,0.06766813584978089
11553484,46.96563876426511
11553543,15.127334403128195
11553749,0.5186086063427991
11553908,0.008007186327525078
11554076,0.14910449317208674
11554091,11.228791732015754
11554113,15.369395429699999
11554172,0.028937629477095685
11554224,0.3370008522986521
11554428,0.5007287278984338
11554894,30.203656220331276
11554990,0.10241361412818752
11555360,1.0931577345911987
11555593,9.029576767468503
11555646,0.004708148010669167
11556043,0.020683966178914007
11556421,0.0
11559698,3.3792259169320733
11561228,1.4074736938243713
11561251,46.59491257680898
11562827,0.034842237477130084
11563472,14.421012898799436
11563484,0.02974475685586688
11563582,0.04483669485107424
11564228,0.42628068956167886
11564448,0.01818496567789899
11564742,14.389832345953632
11564960,0.0
11565062,0.23877643742303314
11565272,4.452480454221293
11565394,0.40349514358543753
11565841,5.842619150627516
11565921,6.400031676158838
11566457,0.021936889862281865
11566577,19.759555137496005
11566601,0.00986295153587366
11567620,0.29926702858169446
11567648,0.0371773005655751
11567964,0.1060243623668599
11567978,73.83984439239849
11568026,0.5463176367052051
11568039,0.0
11568343,0.13421733112225556
11568637,67.46945923870915
11568937,0.20117592592250225
11568987,74.43357906311893
11569226,60.03196491559191
11569354,0.2004504126616321
11569560,1.1036445787007705
11569882,0.33417007810915134
11570121,0.17749774923073736
11570148,0.0
11570191,0.11489700319160212
11570685,55.03407430625117
11571119,50.57301648342178
11571180,0.14448249417597914
11571416,37.22279117753243
11571525,10.7613971003005
11571619,0.018814079329618635
11571841,49.216238554723475
11572181,82.99338750695259
11572529,72.39083379158802
11572967,21.171443341098037
11573090,0.23342379595616677
11573143,0.07951648624086267
11573155,4.863204259524096
11573249,0.07983770872633515
11573269,1.6620763641869485
11573316,0.2982949741332422
11573695,0.012102183254845965
11573939,7.560919578807755
11574057,0.010593091231761392
11574461,57.74268461243646
11574674,65.77068124062119
11574679,0.0
11574785,37.87408310860044
11574884,23.61609069351012
11575767,22.9134972633598
11580884,0.0
11581423,0.49916013508176327
11581475,0.04466089098781283
11582733,7.028908030338584
11582842,1.80999550196119
11583591,57.37797975609544
11583798,4.225867704434202
11584182,1.0010732662023805
11584344,20.31972665195868
11584535,31.062998695357376
11584823,0.11045043817918294
11585072,0.0838436880206443
11585163,7.100326654844034
11585636,30.39573056374663
11585740,1.595061049592843
11585873,0.21681942099959356
11586599,0.21059836924596448
11587722,26.67307311005521
11587779,0.13726927373227663
11587800,0.09209402028253892
11588003,0.03206713945250238
11588098,0.35911596730239426
11588250,76.75529499718151
11588364,0.0
11588746,0.42968688339876454
11589448,3.582155216851818
11589713,0.006646978633946597
11589772,2.0818907868154195
11589822,1.4396057951880334
11590013,0.5750583876105693
11590585,2.681553115470542
11590855,0.09356262076117577
11591118,0.9843946330904838
11591141,0.0
11591276,0.200749353595655
11591283,13.92285916832854
11591497,0.0
11591546,72.4082585677343
11591700,9.045997469469519
11591798,78.25851677630995
11591840,72.89557751365173
11591921,10.241723970867099
11591983,0.12433146745851859
11592367,3.776819731125497
11592831,48.68427594625642
11592893,0.0
11593012,35.85719901298958
11593187,43.323516994144946
11593290,0.049407876457107966
11593514,0.0
11593690,19.073259645295547
11593727,55.1078758957053
11594063,1.2898400432604311
11595466,2.80491231190148
11597942,0.41458314410385044
11598370,0.05624572739146599
11598905,0.0
11600477,0.01716426965373652
11601086,0.0
11601567,0.6077795412093047
11601634,12.755747690570026
11601695,3.4315313085496353
11602485,0.010168115036413024
11602574,2.749320588483043
11603201,0.4153400347293184
11603328,0.0044425191412280525
11603588,59.26886961248264
11603613,0.19325950506158915
11603642,0.1217671067168761
11603903,5.613233774430264
11605696,20.699482700133053
11605983,4.77485280843975
11606320,0.0
11606898,7.707778871418282
11607591,5.069120301254051
11607729,58.08226363244073
11607764,0.16131614906557995
11608343,21.360332894628826
11608528,0.0
11608984,0.10275824074933629
11610197,0.12784888986985374
11610260,6.596099858073592
11610570,0.23813970839325346
11610853,1.0491272585083482
11611063,0.17853163413107886
11611213,85.6177808431407
11611273,0.006456214986282579
11611809,0.13650161976978706
11611999,32.57789002300211
11616521,0.05900988519336489
11616592,70.47695963564783
11617720,1.4321261317434655
11617815,30.20545040228724
11617817,0.06272778152203382
11618854,32.03741209139981
11619028,0.05017341669582368
11619103,18.019810561617987
11619278,8.443118053974493
11619483,0.2779384097601464
11619832,38.73286942284794
11620137,4.196014161912998
11620335,0.48909914420968365
11620541,1.6082011942862855
11620688,8.30856546799825
11620706,4.4766827337378485
11620931,0.06459285089077647
11621452,74.85115691342605
11622588,0.33239011386675066
11622703,26.092670888593336
11623281,8.57996551264241
11623480,0.02395250521525986
11624287,34.956342715839
11624657,2.6955082601687264
11624694,64.68347294235834
11624922,0.0667276584817721
11625244,66.77516070856512
11625274,5.145351315989955
11625684,79.77427779228182
11625822,0.26944145950139003
11625980,1.1033110535930628
11626139,41.665600657841466
11626620,0.06978704398266113
11626697,0.17933029730350522
11627479,1.9695861079234194
11630834,0.08676778305105379
11631639,0.9128209429767501
11632742,0.10100283363238015
11633183,1.219682368432841
11633413,1.2972120047182794
11633999,6.398812357545221
11634140,59.07149805138865
11634797,1.2908385737921642
11635265,0.038194752367141836
11635505,10.156427392494
11635760,1.988280099052064
11635764,0.19298725478001244
11635791,2.7970663496693393
11636784,46.8290150896943
11637131,0.2849973679511947
11637245,0.051847201113841716
11637669,42.04377135561368
11637733,1.9837174204312935
11638070,1.7775668450177424
11638187,0.07202222206763982
11638339,0.0
11638534,1.3329027498091728
11638577,78.42768185098207
11638693,1.1620270756538436
11638727,0.9869948952990046
11639109,0.0
11639708,0.6052662084126892
11639754,0.1303472885857787
11639940,0.4298817804564024
11640318,0.1277977417064802
11640637,1.523896415085196
11640682,0.04152843421276322
11640800,0.8435269241138067
11640894,0.45155164431371775
11640978,0.0
11641041,86.12263858799929
11641222,0.195039414014935
11641258,3.3263161364688316
11641273,0.20372326239652688
11641793,0.2723268641445062
11642165,0.03134119315034656
11642198,51.41525235877075
11642973,0.0
11643472,25.05917358765848
11643809,1.061207710650299
11646243,31.24507347540711
11646875,8.538308510905885
11647383,1.251399860841921
11647490,0.7134505121618174
11647618,64.31250618760738
11647648,63.32261466005355
11647692,70.41193513685438
11647799,0.13941485616945823
11648163,67.97465359228929
11648365,0.0518966008200015
11649096,35.55155607448613
11649217,0.8081872438849839
11649561,1.5313329725623686
11649885,0.8792322788913054
11649961,0.7976641987337559
11650429,24.741665254136894
11650504,0.12011912074996299
11650735,0.10482034736008689
11651142,7.935582213801707
11651505,62.314694733003805
11651528,0.0
11651929,0.8776235763474397
11652232,48.96320346489662
11652262,1.8986938919312994
11652282,0.005206894203764946
11652590,3.202961921182679
11652843,0.1646424621826296
11654370,0.2671240691408511
11654372,0.001994571589298163
11654477,0.037062239361472876
11655500,10.201398668294962
11656227,0.0016009502310965365
11656367,0.8346867672575017
11656393,3.8804546001576496
11656567,0.0
11656721,0.14845199746150972
11657101,20.614692577148233
11657418,7.199099674173404
11657426,0.0
11657520,11.87803648017994
11657552,0.27121933848773955
11658232,0.9405015061338965
11658358,1.0076410931399506
11658372,0.04525503842152418
11658539,0.1274475435621893
11658608,0.21139541207918786
11658674,50.29769860824767
11658678,0.0
11658855,0.103742103389633
11658885,50.18184063596503
11658950,0.2925547816002729
11659175,84.10891785329912
11659180,34.304630973738846
11659218,0.3640218328975098
11659296,21.252986088873396
11659603,1.9002645548678938
11659676,48.616485783716335
11659792,1.052646949928577
11660835,1.8799581173230044
11661839,0.01843819650194078
11665165,1.5873842909784057
11667127,1.7236998366962195
11667455,0.1543736502302106
11667910,50.00321201353645
11669704,33.32600609722919
11669852,21.593899895578236
11669908,39.23853960524459
11670701,36.83195740742873
11672849,6.518747513698462
11672888,3.9874595738938075
11673320,13.650592223030793
11673451,0.21083030846678016
11673544,0.5286750385321989
11673719,72.58052466342647
11674081,10.723695570925628
11674858,1.9776086513053672
11675156,0.5225330427210164
11675341,7.000735446379545
11675540,0.6171481403428155
11675634,1.3785555344558564
11675715,39.635172631453514
11675817,2.423866322854928
11676726,0.11769729940575391
11676920,45.624191592054345
11676953,1.2824753280374952
11676973,67.39931471036961
11677431,0.5665697510345191
11677489,22.101082810692766
11677499,2.472803637236693
11678073,0.021979843115171024
11678148,1.183057925636734
11678410,30.86146834109815
11678620,0.0
11679032,72.13432637072094
11679128,32.268757311410155
11679758,0.3318051670676792
11681311,9.315081115931731
11685868,19.926532918263153
11687348,55.87127671138522
11687703,4.090546490933625
11688507,0.0
11688806,1.656066131560297
11689494,43.76546038730159
11689603,12.124603936965023
11689818,1.9749848065298006
11690405,0.054070285180313406
11690836,0.0
11691154,8.364894217798032
11691166,5.6361485473952255
11691284,0.9144843603780106
11691402,42.04334200209943
11691825,16.676477556080854
11692436,2.088336181887682
11693165,0.08746128115752824
11693343,15.029225507522458
11694274,7.439461544230141
11694707,0.3219757994565023
11695028,0.5421778442655596
11695674,3.114764745612889
11696214,0.14477055984927836
11696852,0.0
11697031,58.1783936549384
11697284,0.20283530141918413
11697324,0.13171581365107235
11698028,50.11215651784388
11698323,0.8805559108656131
11698352,0.4924373970546486
11699131,0.12251458732122245
11699192,59.497211911573096
11699256,34.743048716904
11699367,13.496186616940339
11699462,0.4162625287677931
11700121,1.1723707083660266
11700127,58.81672876715913
11701304,40.308659053256754
11701408,1.8332303868706963
11702691,35.39914950018246
11707576,27.052423641680118
11708045,0.026171644774787336
11709747,41.66543057969724
11710235,0.27026006688063386
11710348,39.77449985152137
11710582,5.162877611612613
11711294,92.0
11711636,0.1569391918046141
11711957,78.88881222582916
11712250,0.574656107245159
11712318,81.95241282424851
11712388,0.14684497143049713
11712550,39.365825310175985
11712801,0.06285332963406053
11712888,0.030816792989704432
11712912,0.05156007831896193
11713533,0.03737099350024829
11713627,59.453258611475846
11713659,0.05421463799456327
11713848,36.90107993297471
11714140,0.009452684543460882
11714323,41.30793637156644
11714524,35.341263424481326
11714956,3.108482032572264
11715723,0.7968261208233708
11716677,6.024792663747504
11716947,1.2995384513709023
11718329,0.20024641990359374
11718547,49.6320245634962
11719769,0.3360486271334557
11719771,0.26781186416191494
11719939,4.365886246752332
11720348,0.12438848777993795
11720909,87.70071302416383
11721748,0.7191183656741446
11721959,0.4504224720351743
11722329,0.7124088840277055
11723385,1.6315023297125013
11724036,2.1575742435194996
11724873,67.3161209787114
11729955,0.2559815848163247
11730187,90.72674962617025
11730569,0.02686116753207627
11731412,1.728989573999445
11731896,0.10128824445318924
11732377,0.1491053175230437
11732851,18.171435677419083
11733119,0.01835868816984186
11733156,0.011791931455916196
11733179,0.20557361806136423
11733555,0.046753395849288226
11733721,11.971762014563586
11733833,1.0273285251941535
11733844,0.9839136722678326
11736177,0.5555128866974991
11737524,70.85379649670432
11739399,2.0477077564332338
11740742,24.94886079738505
11740802,57.68695193234243
11741711,5.154819954115187
11742244,0.877353937457729
11742329,0.6078235818185929
11742527,14.603251744545027
11742689,0.15322462179907287
11743257,11.11591132340891
11743278,52.73853670304485
11743826,0.7746279745965363
11744004,67.04671254242797
11749623,0.0
11750599,0.14832923574996287
11751006,0.5442284896100844
11751470,6.67567539484981
11751521,0.5796352625099114
11751916,0.14389797612779698
11751951,0.4720408183443651
11753066,0.10807363267536775
11753199,3.9607082780111353
11753237,0.010275946924294746
11753579,15.23083226955441
11753645,32.7251434264311
11754084,12.269373010345463
11754131,0.08485220855886269
11754563,0.07848560940118375
11754686,0.1824030866884567
11755010,1.9869055246172482
11755946,4.187293861999743
11756349,35.37946712568976
11757587,1.3155935058355464
11757792,0.20971895044055547
11758562,20.92137024308405
11759044,0.11496565334175529
11759202,0.6790172081150353
11759457,1.9200974584573651
11760186,33.09540246164102
11761002,50.44483322283546
11761373,2.7910274244549726
11765880,0.022718175554452325
11766492,40.73000427767104
11766670,8.437692913747552
11767697,1.5062785019165859
11768657,0.2722621817945308
11768746,0.22901825177738994
11768873,0.669854525669642
11769396,3.602892136935318
11769983,1.6326746873356635
11771293,0.18761015817493512
11771422,0.0
11771515,4.745209064710216
11772890,0.03776851528796781
11774332,2.782623295168713
11774793,0.10740265759568912
11775342,0.07087097481891866
11775483,52.73076628977072
11775601,0.13836415711834218
11775730,0.0
11775838,3.7851038348696364
11776117,0.04510374004004913
11776141,4.344039362564557
11776931,0.3716685660660237
11777182,56.15914494672869
11777797,0.3339648759985749
11778465,1.4915073106364414
11778570,0.04894086402309603
11784410,13.478371383428923
11784650,0.0
11786452,0.1958518724807981
11786894,0.15399484567975888
11786930,10.166527240548309
11787014,8.084406059983193
11787290,1.6344908853615172
11787813,0.015198658136773074
11788075,0.17370280513985717
11788542,0.7593528922590191
11788559,23.155492063486864
11789014,5.6876223954503375
11789224,0.0
11789422,9.017068355377763
11789696,0.16557861784704414
11790536,49.434894423074276
11790749,0.19593644151868653
11791225,2.2153792048156276
11791673,30.900622564813343
11791968,24.828882280480542
11793542,0.0
11793601,2.5649829106227338
11794695,0.07854363459758987
11795407,1.9861679099577534
11795579,0.22517387907495248
11796068,22.45033218367342
11796761,1.8218513108832475
11798095,0.0
11798398,23.7415457838963
11798590,0.2135715034106199
11798782,0.7847621135135574
11798956,2.861367456283086
11798983,0.13408999727964552
11799819,0.1881338387941115
11800120,65.91832650955085
11800658,0.0
11800723,1.5600505567282745
11800886,0.0
11801018,7.168568420890079
11801105,0.004196256482120879
11801772,0.07175561294091717
11801825,0.0
11802158,0.0
11802367,57.089948103976376
11802539,0.5550024616137446
11804245,4.838018043700699
11804381,1.0388839341732126
11804400,1.500146707034596
11807243,1.7179618164813104
11808073,83.42572504934691
11811342,0.0
11812076,76.37794358818894
11812649,42.83722369867944
11812819,22.219690042835317
11813229,0.1149914707168922
11813543,25.308980030220415
11813695,0.3421559437147833
11814079,21.92492920121789
11814184,0.0
11815686,0.2088845691872791
11816370,5.329957035006102
11816814,18.94988115976406
11816864,13.177247990798781
11816944,0.054234607753631876
11817037,1.4649201347747796
11817305,3.1647662898383113
11818015,0.031231714922347366
11818137,72.71931915198181
11818197,3.8058790947106123
11818542,73.56409068617246
11818728,40.747808936651424
11819422,2.1647214549132854
11820877,0.4085383198577255
11821119,0.1876282176732112
11821352,7.946262783180655
11821371,0.6038253728451228
11821404,49.10928505922245
11821421,7.6295124237367205
11821428,79.05570729209161
11822115,0.0
11822193,0.06929146011105254
11824236,73.48766190839504
11824245,63.983261872567475
11824915,79.6439939874973
11825145,0.20277262929666276
11825529,72.16471670784279
11825702,0.05530162677931903
11825759,4.538986576499272
11825771,0.0
11826123,0.0072994705441776575
11826442,29.54563600747703
11826465,1.0060650684314758
11826602,3.0328891542793066
11826853,0.16584711442194033
11827175,3.239845033476266
11827224,0.09644428611533806
11828091,49.27567463657339
11828207,4.815376314021783
11828473,0.0
11829322,0.41505950971843847
11829328,1.314110595872929
11829628,0.0
11830682,0.8288429032433733
11838349,49.393919820862685
11839615,0.0
11839633,40.10446534672564
11840771,71.444261194592
11841163,1.1837689197836523
11841335,0.22844931678459962
11841449,69.44876406774922
11841988,0.014281182535729188
11842200,68.59548340563647
11842300,0.042623163668378074
11843935,0.7385549462418887
11844556,29.52682106297876
11844833,0.9038558628425484
11844839,9.124906588463512
11845193,0.0
11847204,4.57266779083503
11847369,6.711404150157869
11847762,15.411797197300109
11847891,25.528088457328288
11847989,14.949999107757014
11848146,37.557994386818585
11848926,0.10829734989706351
11848985,28.811305257430792
11850012,0.36923716729752865
11850106,5.142806623128682
11850262,0.40347942403566883
11850334,0.1430029723106231
11850410,7.797820539909275
11850448,2.1587142455800703
11850502,19.45384664908163
11850771,3.1997417216914887
11850782,24.09698794268457
11850865,0.0
11851186,0.03664149699985128
11851560,35.69335320060926
11851653,0.12164116114983961
11851715,17.762068029904665
11852071,0.2580854740212887
11852768,30.68722947808828
11858047,5.06750769267924
11858737,0.0
11859900,0.0
11859901,2.951744032733957
11860589,0.07980692281004671
11860672,17.62091493025526
11860918,20.425081151506593
11861329,0.2689021085031642
11861360,0.9365956402450524
11861696,0.05142211921243709
11862330,0.4094523517128698
11862411,24.223017604261614
11862690,0.0
11863794,0.0
11864042,0.35082407725139125
11864066,0.6054041426634618
11864922,0.003149868073469856
11865196,80.08608138276468
11865398,3.3602734697683663
11866434,0.21218713894535898
11867104,0.36887220972299045
11867112,72.08038671377574
11867277,62.82682862423291
11868177,0.014661542592383048
11868703,1.3473249118450568
11868730,72.23437961213583
11869365,25.18870963143901
11869735,0.0
11869989,19.282179809289218
11870183,0.29645494118859805
11871539,0.0
11871645,25.296835226642937
11871646,0.09352551569576846
11871836,26.185478396153
11871993,47.43916345654502
11872222,0.365154401992874
11872316,1.664332567741689
11872357,0.502145285476112
11872558,0.032461576512034074
11872643,1.835679180516485
11873075,6.184375644381754
11873575,0.3308705157200508
11874080,0.045274242477959456
11875118,89.20879660108041
11880126,5.64313816074382
11880675,1.4510231286602417
11880867,30.773088114449763
11881719,0.8087935882792887
11882026,0.5910414039027058
11883388,0.017760384759652734
11884317,41.74730082162954
11884931,20.238556294399796
11885997,0.11614077352209047
11888277,0.17198518117216033
11890279,28.78779388107268
11890343,71.44848293699792
11890537,76.84435759733489
11890794,43.31927847154602
11890882,0.478773930110729
11891164,7.706858934204378
11891181,0.0
11891268,1.0918203893878655
11891358,0.34405674940803527
11891606,15.003692326105341
11891831,15.355356136041484
11891901,0.0
11892023,0.5442105284275781
11892476,4.119929005616872
11892986,13.91950359912737
11893359,25.439010510150545
11893613,0.24824965645420943
11893817,1.2398543313426822
11895700,0.12989834954137092
11896016,0.2782603774943193
11899574,0.7391087417939789
11903589,0.24709412264375638
11904345,63.04623169431361
11904610,56.47688464134389
11904802,0.0
11904821,0.5281325106092618
11905003,0.868633595875214
11905035,0.21371741124708268
11905635,22.954484794726117
11906184,60.70231596548814
11906376,2.110026111129384
11906584,2.009373366495229
11907019,60.97670626065251
11907285,3.4310067273513325
11908036,0.006117136489046519
11908538,28.387873622805202
11909028,78.51858488368529
11909308,85.76378548097726
11909349,0.0414144423377199
11909622,0.0
11909668,72.0049101696853
11909798,0.005886810385143495
11910225,0.5316873981794423
11910257,0.0
11910586,21.94726535258878
11910984,0.5538494783766127
11911381,0.09535662276135258
11911486,4.2030787513126775
11911820,5.389924338662398
11911879,23.263303390888517
11917067,0.05111369964736428
11918530,2.365601964664465
11918575,0.3353712481440194
11919385,0.42988511798053763
11919593,10.376333198347927
11919920,0.20346962524606338
11920151,14.32089178534609
11920660,13.0120286766863
11921650,0.0
11922580,65.29245515533962
11923036,0.38669780840897394
11924022,0.0
11924595,0.31330876062169327
11924804,0.0
11924943,1.8904608904361604
11925257,9.87760408173039
11925501,0.23146394575491663
11925767,64.00470871074688
11926111,0.17392631586717824
11926477,10.850652440124069
11927300,0.8659668532144496
11927793,0.7633320662607875
11928980,0.10574455444424787
11929230,0.0281121567178247
11929908,2.164360926881662
11933088,0.41242157895152975
11933676,59.572650484982375
11935301,11.235902141101645
11937039,13.0788400286869
11937618,68.9677349781723
11937647,0.056258573503521314
11937764,63.16781762455684
11939213,5.921936121885913
11940204,1.8197628313796403
11940527,6.879528006081869
11941183,6.350769105048471
11942185,0.012472327131511302
11943649,0.5387933889993705
11943700,0.145814969457312
11943758,0.0
11943834,47.80660541562803
11944384,6.58496267914678
11944641,2.643403363059335
11944668,41.32019024473146
11945851,0.0925730826924489
11946206,1.6336027710055194
11946219,12.122193377062613
11947316,1.2119350205629196
11947651,2.6095578254586296
11947686,0.0535161567216153
11947855,80.76942368818173
11949632,0.01606418424578861
11949712,17.947720275468363
11950107,2.4222985983647813
11950302,2.0059339609689975
11950973,0.5231997159872698
11953072,0.1370277998719952
11954872,1.3521250758479733
11960101,0.3531707789828339
11961344,0.06273701101824393
11962284,0.0
11962712,59.112989409347215
11964132,0.623094171899478
11964327,0.17916907646094668
11964592,0.16054055620667332
11964607,4.146849892264661
11966139,58.99790452150032
11966838,4.779081952847323
11966874,1.6969678001233093
11967620,0.6066996035706932
11967963,30.63569783179347
11968539,6.041726108871008
11968958,1.16802942854621
11969329,0.3528518913861107
11969336,4.2514746014368425
11970048,0.2274638259535272
11970212,46.89895868257962
11970285,15.183904846009904
11971016,52.786632687571164
11971023,43.81237425171536
11971078,34.486340025267275
11971405,31.521980275084346
11971778,0.09693552166353558
11971986,3.433274582066502
11972141,0.15994511729720357
11972321,58.639271006180095
11972356,0.4762403623268986
11972950,0.09338059527680186
11973003,5.008065667307522
11973178,51.62378884962242
11973328,0.0
11973611,0.5700058133416992
11978602,0.0
11980373,1.2105418483803416
11980390,23.142639155038147
11981145,0.251983600350769
11981360,0.4630237042048263
11981665,0.133465985796819
11982174,16.327084205919856
11983581,40.970749978468426
11984206,3.3845480733612345
11985355,0.0019772795229241608
11987038,0.0
11987197,0.07139529886162425
11987376,0.28464742394941733
11988689,17.279514840025275
11989606,57.56829346446983
11991044,22.05149717759041
11991081,51.71278905071811
11992103,69.0061259146989
11992348,4.672341123536093
11992387,0.0917086504373685
11992626,0.012768601965622793
11992839,58.33089757069593
11993790,63.41573313636888
11999777,37.03752993133996
12000515,20.91570739458744
12000617,18.59453929349384
12000983,20.202724480567063
12001000,61.34650180244172
12001101,55.78294331224311
12001233,0.7694237436452224
12001695,3.9232434330190156
12002291,0.07897904512240826
12002943,0.3944348766558975
12003009,52.54733900658908
12003542,0.15712815488492626
12003600,0.004079249148347306
12004008,14.002228116258559
12004408,6.392400614084994
12004744,0.5327142043650148
12005195,29.01320308785422
12005978,0.8925264042422317
12006287,2.5252483283354334
12007517,12.054563493566407
12008897,6.662486637742544
12009001,0.3625241885301248
12009678,12.395051897490458
12009779,8.975816745683487
12009821,5.294613781089971
12009985,18.393813563023542
12010980,1.6109452788767546
12017589,0.945567744335703
12017677,0.19134263305006521
12017780,16.969320074100605
12018095,0.6058958163595427
12018612,5.761933418625645
12020077,0.04025853401380573
12020225,0.0
12020688,34.771791921172564
12020835,28.806424539098327
12022098,66.37108898476788
12022746,0.6977845226913523
12022833,0.5968734614957895
12023054,2.287945276428045
12023424,4.174664192641856
12023576,10.765489387400294
12023792,2.0855906927829686
12024663,0.35091895896449105
12025076,56.19307986129373
12025168,36.670573453050785
12025968,69.41989426958241
12026175,0.18149458570635282
12026305,1.7039274671313294
12026418,31.04994419986815
12026686,56.65050480025367
12027198,68.44431890128455
12027413,22.81097151737216
12027963,84.18098661468622
12028198,28.940505196981196
12028495,0.03203242717947139
12028753,58.75381170131438
12033408,30.736307709037092
12034608,48.94218635752045
12034640,3.7814145732168494
12034848,2.1426453146346534
12035657,63.219746126407124
12037003,23.904476277648058
12037304,0.25143379684772676
12037554,60.110539735463256
12038181,0.0
12038270,0.06609548304564133
12038468,3.455577547673043
12039383,13.035060081276947
12039579,1.6475260274927779
12040933,36.2191232117729
12042253,26.190699032673745
12042353,0.5194223514627323
12042866,6.040235171418027
12043311,5.214951691826115
12043534,0.9853206225278903
12043641,45.3306324271374
12043694,5.360197763917878
12044303,1.5862079459348601
12048637,22.276806385632067
12050280,0.006118514691575906
12050897,0.8161017279269744
12050932,0.9536699906171825
12050938,0.20137908313449887
12052721,0.13565443492483384
12053105,10.769145681110665
12053427,53.13242917249026
12054152,81.76622423962166
12054259,0.2894955433767778
12054516,24.398815633456504
12055395,0.08238913378645737
12055738,7.246866330929257
12056095,44.05525444059336
12056132,7.534493218744449
12056517,0.5496359054809908
12056684,57.048282372087286
12056851,0.0
12057444,54.20269668425054
12057450,12.413985059383965
12060119,0.4205059333833426
12062027,12.121169602971774
12062331,0.0
12062599,3.812834241147635
12062827,0.6784268571150714
12063331,2.86901842918737
12063562,28.02717905679727
12063968,23.794942286384742
12066474,0.0
12067155,0.02267325822715702
12068031,19.75572390602321
12069170,1.6514235445753853
12069655,6.703615770717516
12069877,3.427010710524235
12070541,0.6767419355154696
12070890,0.476703360558001
12071282,78.1849490885007
12071454,10.802084132123294
12071650,2.4191527107866113
12071735,0.0
12072069,40.34476975105845
12072266,24.6585873517215
12073240,0.09729410347152216
12074125,52.12275264344046
12077177,1.2071927978543402
12078123,1.0540449243255496
12079099,0.7264420167928473
12079942,19.49200356131635
12079993,58.47649322286109
12081492,22.383155429605733
12082111,1.8971798831052973
12082184,0.0
12082561,10.329950085205184
12082737,0.0
12082781,18.410649365431254
12082855,1.9279123460418042
12083640,1.0604972665920127
12083942,1.6821298926937371
12084976,6.277730436857821
12085498,0.0
12086351,1.1122290216662205
12086527,0.11011915671510905
12086603,0.5459840455531187
12086852,0.07381800890814055
12087785,9.13483846666003
12087945,12.501539876379157
12088526,4.998600232346985
12088888,79.69445910934995
12089463,0.0
12089661,0.13642322885504124
12089692,57.878710557138376
12089972,10.43593099155395
12090468,63.81458791289228
12090903,2.207918668738838
12091820,19.28100882752794
12091900,0.0
12092445,0.0
12092786,4.369322103403113
12092816,0.08035663462597568
12092894,7.0835516736855055
12092938,0.16055867893930015
12092981,76.38996378749599
12093078,45.837008378212836
12093499,0.6966688045853466
12093559,3.000071450257631
12094242,0.07670192366114698
12094765,0.008336362514279015
12095084,0.3557704591461932
12095636,25.674164949405547
12099115,0.03240137416930011
12103284,0.0
12106772,0.009964172616742853
12106836,0.14044783935504587
12106946,28.94978319413507
12106963,11.354949370815728
12107027,0.008579551709820834
12107534,32.1966621263364
12108140,14.347938520070928
12109853,0.04605061954496232
12110777,2.3142366310334577
12112284,4.645581656837864
12112602,0.0
12112808,0.0
12113015,77.83987398207061
12113077,0.11823156757740942
12113232,0.1457182134352357
12113235,72.81487386695846
12113489,9.279776899626796
12114017,66.44682554624114
12114228,30.72024052310811
12114304,15.44626690814312
12114319,6.79247370940907
12114511,27.634203838220614
12114628,9.226121006744812
12114756,0.11668808158127035
12114810,56.59798492164944
12116392,0.0
12123648,2.9627582182927568
12124356,5.815769132798157
12124848,0.0
12125142,1.4436930719577423
12125285,0.7523707562444365
12125830,0.029206607594163887
12125920,53.03687946672997
12126104,4.9803592934951135
12126359,6.774595834785252
12126363,18.296925883941203
12126789,19.334018518585584
12129472,7.662919659232122
12129822,0.6143935678967504
12130093,6.567710326350903
12131310,0.3520438585743791
12132030,3.926614593238731
12132126,17.795794365837995
12132772,13.285736042206088
12133168,0.7406713104512949
12134113,39.54240501756914
12134652,33.191965191909325
12134654,0.0
12134914,15.249340773476113
12135387,0.5919836582014789
12135856,0.7787843327307183
12135895,0.3295762365019361
12136917,2.39744857226937
12137113,0.9312872953596261
12137645,0.6025084556151453
12142921,92.0
12144168,19.97376269965026
12145787,2.9504536229709397
12146317,59.313503563286446
12146707,4.799779704392429
12146964,0.0
12147982,0.9133214948172002
12149019,0.09053884372452431
12150471,52.392753032344636
12151638,21.33853629345024
12152452,2.9022656125207766
12153338,7.152065230684584
12153489,70.83062287173149
12153508,1.9593475872764559
12153709,0.11711468691707251
12153900,1.8827220652820684
12155544,0.3458410846822322
12156007,0.007748996307565668
12156452,27.984234585836138
12156475,4.8336773191959574
12157468,0.313055079466808
12158013,17.47395739421963
12158649,0.1355811567687648
12158766,70.09053042704825
12159172,9.291524691186282
12163560,6.608546356280822
12165437,0.19416992754833726
12166451,0.07703633585329588
12166896,4.62923749212317
12167268,13.967612870440826
12167819,42.69306033565173
12167857,1.1758776096506027
12168087,28.518439595470383
12168212,12.170795520772215
12169731,16.555581456873536
12170304,2.507614624301824
12171671,61.57610064045454
12172054,4.607546405246985
12172102,0.1054787205437093
12172121,31.845821692299907
12172890,0.0
12173205,62.17752230753476
12173233,37.53323683712202
12174524,4.728914668468949
12175636,0.5871433079703963
12176140,0.0010960575987769305
12176285,0.4510132732627408
12176725,0.9901168709459055
12180383,0.08562336219870205
12181485,42.46235003978324
12182560,0.0
12183916,33.08889343559996
12184956,1.5396336036742653
12185223,0.04980578597372539
12185225,39.78036914425137
12185578,1.5341722900305819
12185843,0.14681229930581147
12186007,8.765356136728355
12186034,1.1854329443807379
12186615,30.460064895110087
12187068,0.041412063408400375
12187513,47.315196403460604
12188122,29.601282869317835
12188184,8.657266900964641
12188651,20.976082255535612
12188908,3.651539967686649
12189021,3.339541345026304
12189059,0.0014365961757489916
12189997,72.2224005055606
12190337,14.16375539867974
12190607,0.0
12190921,0.6504882137837781
12191643,0.12082963497081824
12194513,0.0
12196647,0.06680245839015848
12197263,0.1080029240974494
12197272,0.7826972174916315
12198481,7.621034749891577
12199008,0.1118000761188441
12199236,2.7991271405538765
12199977,15.441680549867623
12201917,73.77995627458577
12202511,4.278513856907594
12202839,2.020010727179444
12205604,67.36103540766553
12206029,1.2012160973852946
12206323,24.958174041582232
12206339,14.963809071740021
12206831,0.6483685847412977
12207062,0.19818709505318152
12207964,61.60919008255302
12208061,8.493458619200966
12208341,0.35336890058451625
12208842,14.285563041033653
12208970,47.976652617036784
12209447,0.5504519225500021
12210198,2.8788117582393014
12210323,18.709388996139104
12210448,49.57024131141283
12210616,0.0008248109451412775
12210920,0.2371451679085729
12211018,8.19855575723173
12211085,0.12330305524174813
12211168,0.1293343074674916
12211917,0.08472875083525055
12218763,30.91893865378341
12221270,6.277104762761333
12221970,10.120739737392958
12223738,25.987451009604875
12225321,26.09901639202078
12225802,5.931885157740207
12227135,11.999525580567907
12227784,63.760852129579355
12228023,0.0
12230921,4.7565228513837665
12231160,28.13332296477336
12231185,1.6438143236223375
12231534,65.12592252470446
12231662,32.34896795523369
12232392,67.86441935720704
12232580,0.0
12232858,60.01663787898904
12233808,4.291429101727459
12242672,0.0
12243367,0.49907627422203954
12243598,17.97743623296593
12245236,23.11385219005977
12245694,3.0443106250838126
12247584,0.23677932727109147
12247913,1.1614558857564223
12248870,73.36675331790602
12249461,0.9417232170400692
12249574,27.298329861055173
12251517,0.11646014341114111
12252271,1.1465282806198749
12252375,1.1769313412031417
12252504,0.0
12252956,0.4984522873049155
12253338,0.0
12253343,64.57854559885692
12254895,0.0
12256716,0.0
12261352,0.0
12265503,0.6671468913131203
12267599,45.06907207191128
12270481,1.1904163504948126
12270664,1.4432010152534973
12271089,0.1738188779102877
12272376,0.0
12285217,10.118792230150765
