PropertyID_test,Pred
795,0
2515,56
2595,6
5099,32
5107,27
5110,1
5136,5
5178,83
5270,76
5441,33
5552,25
5754,0
5803,54
5857,33
5945,9
6111,0
6365,63
6476,5
6848,39
7097,36
7258,6
8024,18
8025,6
8258,18
8293,59
8343,7
8371,6
8477,3
8490,10
9518,56
9668,70
9704,57
9782,81
9896,8
9972,1
10423,70
10767,3
10962,53
10994,27
11174,26
11900,45
11931,2
12048,78
12192,73
12303,11
12382,64
12543,12
12579,3
12596,16
12622,2
13050,49
13076,4
13414,20
13488,67
13910,2
13974,21
14287,7
14374,72
14377,49
14434,11
14435,6
14694,3
14699,2
14983,0
14991,3
15049,18
15220,62
15338,37
15341,7
15396,13
15491,5
15880,6
15940,52
15962,37
16008,26
16284,13
16421,77
16422,3
16486,7
16580,71
16583,6
16595,24
16701,11
16794,47
16949,42
16971,18
16974,67
17037,53
17135,28
17226,3
17535,44
17669,5
18195,4
19043,8
19169,63
19319,27
19601,19
19812,19
20300,0
20311,14
20611,75
20661,4
20734,68
20755,7
20913,76
21293,43
21677,27
21794,24
22562,5
22673,6
23269,48
23481,47
23501,11
23586,14
23606,0
23628,0
23844,12
24189,23
24215,52
24261,17
24281,59
24285,56
24686,6
25192,1
25235,65
25406,19
25805,47
26012,22
26238,61
26362,66
26520,11
26590,5
26933,5
26954,8
27024,85
27159,90
27403,3
27531,86
27644,29
27659,7
27759,5
27883,2
28055,16
28062,5
28083,6
28224,47
28342,4
29012,25
29013,46
29414,45
29455,71
29594,10
29628,75
29683,53
30031,59
30222,72
30255,18
31332,3
31425,31
31555,12
31998,1
32023,41
32037,48
32244,35
32291,14
32331,29
32411,2
32965,63
33009,66
33156,18
33223,82
33263,55
33656,3
34824,0
35548,3
36133,50
36703,11
36934,9
37042,0
37106,10
37197,42
37214,0
38663,18
38771,32
38788,5
38833,66
39267,87
39282,64
39567,50
39586,76
39755,7
40039,4
40453,3
40966,2
40989,57
41348,54
41679,1
41959,74
42530,9
42580,82
42882,66
43533,4
43656,11
43711,11
44096,30
44145,25
44161,76
44288,37
44461,9
44619,57
44973,46
45282,37
45556,56
45637,7
45689,69
45703,47
45936,22
46544,34
47199,57
47370,1
47868,0
48620,17
48719,13
49048,6
49715,61
50541,8
50623,0
50726,11
51485,68
52123,21
52251,3
52757,10
53212,55
53359,1
53758,17
53843,49
54040,7
54158,85
54213,3
54453,4
54486,86
54544,17
54626,28
54712,2
54846,16
55371,1
55467,74
55505,21
55587,17
55668,35
55737,68
55902,50
55959,53
56467,67
56525,10
56612,4
56859,71
57161,47
57166,5
57468,79
57874,69
57901,7
58062,8
58101,73
58286,5
58294,1
58364,7
58467,12
58471,0
58729,11
59293,1
59628,1
59832,15
60037,7
60084,6
60308,16
60611,76
60666,61
60680,31
61406,0
61470,8
61492,51
61694,1
61747,36
61832,7
61869,8
61887,0
62038,1
62264,7
62427,12
62430,61
62461,71
62787,79
62891,71
62903,8
62925,69
63154,7
63260,2
63360,74
63462,42
63565,0
63573,6
63588,4
63610,20
63815,12
64000,2
64277,47
64334,63
64361,31
64627,37
65018,1
65019,34
65131,9
65255,23
65556,2
65660,46
65813,5
65933,25
66008,39
66222,50
66251,15
66275,13
66718,75
66974,12
67145,10
67208,74
67272,33
67445,0
68099,22
68305,34
68444,28
68716,2
68735,48
68774,2
69137,4
69266,1
69460,5
69755,53
70226,67
70279,11
70595,64
70609,45
71483,0
71507,33
71534,81
71970,0
71999,1
73413,1
73586,57
74073,1
74240,28
74333,5
74680,70
75167,7
75193,7
75612,2
75727,10
76761,84
77455,13
77799,7
79635,67
79749,2
80700,3
80834,27
80924,22
81526,18
81739,1
81771,23
82132,37
82525,36
82928,49
83243,79
83474,0
83656,13
84010,2
84480,5
84659,84
85213,3
85252,62
86215,38
87279,21
87566,4
87853,83
87987,8
89205,7
89621,74
93313,18
93540,5
94005,8
94477,86
94783,64
95706,4
95883,5
96804,10
97587,10
98259,16
99913,3
100023,24
100368,37
100433,30
101633,29
102995,42
103311,4
103555,10
103806,67
104970,2
105416,6
105469,2
106363,84
106647,30
107415,14
107690,18
107799,8
108175,14
109891,57
110576,6
110739,62
110762,3
110784,5
111308,3
112648,2
113265,72
114353,23
114388,1
114940,17
114969,22
115959,12
116940,75
118061,25
118231,11
118266,1
118267,2
118430,19
118541,1
119008,21
121473,27
121687,2
121861,13
123784,33
124777,1
125053,18
125163,12
125265,3
126067,8
126443,68
126982,83
128205,3
130632,4
130731,12
131747,12
131757,78
131892,8
131918,0
132024,5
133025,66
134387,80
135320,7
135393,69
135465,60
135706,0
136398,48
136493,13
136923,46
137303,3
137558,12
137635,58
138968,2
139207,2
139624,32
140053,6
140133,53
140195,71
140223,64
140237,68
141154,82
141177,3
141335,19
141500,43
142069,1
144148,1
145064,4
145988,0
146808,1
147004,2
147586,65
148182,1
148187,21
148259,30
148568,3
148825,73
149287,1
150444,4
150804,5
151916,2
152259,62
152263,64
152453,5
152520,7
152783,12
152819,34
152883,82
153309,6
153388,1
154934,5
155296,22
155958,3
156385,2
157673,16
158061,10
158290,7
158901,36
158913,2
159019,40
159815,4
159913,2
160824,10
160952,5
161394,1
161996,63
162429,8
162565,6
163627,78
163809,7
165653,7
165824,0
165960,72
166006,80
166172,21
166279,4
166809,60
167030,9
168042,6
168084,17
168775,21
168810,1
169063,7
169152,71
169479,5
169480,55
169532,22
170215,0
170286,48
170441,5
170847,13
171256,10
171562,22
172445,16
172675,72
172870,47
173072,16
173742,33
174966,47
175069,60
175720,28
175902,5
176129,25
176653,8
177606,14
177709,10
178491,0
178651,0
178744,6
179234,15
179925,6
180053,6
180201,1
180524,2
180653,21
180822,81
181972,50
182062,50
182069,56
182095,25
182225,0
182649,78
182727,11
183344,4
183691,1
184189,0
184638,25
185266,4
185478,47
186305,39
186730,12
186871,1
187167,2
187956,24
187979,44
187986,3
188087,54
188146,2
188622,0
188803,7
189135,16
189181,2
189732,67
190105,32
190542,10
190968,21
191075,17
192263,4
193105,26
193240,16
193333,9
193853,11
194034,4
194154,19
194691,4
195027,4
195123,46
195240,15
195971,64
195989,77
196100,19
196983,36
197155,44
197253,2
197389,2
197390,1
197753,85
197931,54
197942,77
198028,14
198478,50
199195,40
199425,0
200059,0
200625,0
201173,13
203907,28
204065,45
204833,6
204894,9
204959,56
205735,42
205968,10
206316,18
206957,81
207049,15
207249,7
208095,32
208191,47
208499,73
209087,2
209232,2
209287,4
209378,74
210531,2
211078,78
211152,6
211974,8
212109,2
212848,87
213330,23
213447,57
214227,42
214325,59
214474,22
215746,5
216015,84
216563,9
218224,12
218358,9
218508,65
218793,2
219066,16
219245,1
220413,70
220946,72
221097,62
221823,44
222054,8
222304,8
222340,61
222913,80
223926,42
223930,12
224510,11
224699,6
225306,61
225354,4
225887,60
225926,21
226700,8
227715,75
227735,12
228132,3
228517,12
228888,69
229212,41
229367,86
229728,0
229874,2
230194,60
230321,5
230449,6
230854,84
230956,18
231145,63
232084,4
232331,10
232564,2
232618,60
232706,1
232866,8
232894,7
233189,51
233963,66
233979,12
234034,23
234184,30
234730,1
234909,73
234990,47
235552,23
235595,16
235666,15
235951,40
235960,43
236671,43
236788,41
236806,1
236811,38
237734,14
238208,43
238746,5
238814,61
239410,4
239733,12
239934,54
240314,75
240709,7
241021,8
241140,7
241862,3
241969,2
242479,30
242532,17
242585,17
242643,21
242768,71
242789,86
243229,7
243352,51
243700,3
243714,7
245175,27
245430,12
245504,79
245544,54
245607,10
246134,7
246434,4
246896,2
246938,83
247756,0
247890,11
248029,28
248713,10
248865,4
248871,50
248966,10
249582,0
249626,2
249867,4
250369,13
250420,0
250536,4
250619,69
250973,64
251056,1
251262,77
251277,33
252076,67
252607,9
253332,9
253466,7
253471,2
253537,59
253612,8
253623,8
253800,8
253803,4
253811,4
253839,2
253846,2
253956,31
254168,3
255487,23
255601,80
255650,1
255672,12
255957,5
256153,67
256467,0
257568,19
257802,2
258284,74
258397,42
258412,67
258774,31
258865,32
259887,13
260004,32
260407,41
260618,70
260672,10
260732,0
260755,0
261259,0
261366,0
261491,25
261781,5
261869,64
262343,21
262583,55
263360,65
263502,1
263776,26
264083,39
264323,65
265145,0
265626,14
265831,4
266492,0
267294,11
267376,0
267425,56
267490,7
267553,1
267652,4
267663,12
268281,21
268392,9
268449,4
268481,1
268549,56
268868,32
269134,4
269208,23
269215,8
269283,25
269327,4
269337,16
269404,1
270165,6
270226,4
270681,0
270776,0
270929,16
271083,65
271130,26
271279,42
271510,2
271694,0
271954,49
272026,16
272146,0
272473,0
272738,11
273895,0
274085,33
274127,5
274270,21
274376,4
274743,0
274946,0
275271,71
275443,0
276014,16
276120,80
276491,3
276734,0
277128,6
277133,5
277313,4
277372,15
277883,5
278151,53
278631,0
279102,0
279857,38
280393,8
280419,2
280477,9
280480,7
280688,33
281067,67
281097,1
281143,6
281192,11
281220,52
281238,25
281521,0
281690,0
281703,4
281851,40
282443,34
282856,6
282863,30
283194,18
283272,8
283550,1
284095,1
284096,75
284866,65
284973,1
285344,24
285442,0
285469,8
285492,12
285853,20
286134,2
286662,70
286747,0
286838,1
287272,28
287338,0
287481,30
287523,0
287814,46
287845,22
287908,3
288043,34
288077,13
288224,2
288726,23
288930,3
289020,14
289288,44
289576,1
289665,73
289995,25
290193,5
291017,1
291051,0
291468,80
291622,1
291673,1
291682,0
291714,17
291825,65
292047,54
292266,7
292281,0
292314,19
292585,22
292800,42
292973,44
293328,4
293724,2
293973,1
294239,8
294250,30
294280,4
294490,9
295279,10
295366,15
295485,0
295998,29
296345,51
296361,55
296717,7
296854,0
298202,34
298782,62
298788,25
298854,0
298920,86
299078,71
299778,16
300062,51
300140,77
300162,3
300668,1
300976,0
302057,66
302758,5
303462,1
303725,17
303851,35
304634,34
305211,79
305554,51
305670,28
306190,55
306576,66
306798,52
307264,5
307344,49
307729,0
308241,15
308823,0
309354,1
310152,1
310272,30
310338,16
310420,6
311142,3
311356,50
311965,82
312104,17
312429,21
312664,30
313093,4
314407,0
314442,0
314456,3
315421,1
315711,9
316079,40
316925,0
317131,8
317192,13
317662,32
317838,34
317938,20
318187,12
319790,13
319844,11
320524,3
320876,68
321014,5
322923,19
322974,60
322982,38
323059,53
323512,13
323706,32
323994,0
324000,2
324517,56
326908,65
326946,29
326956,22
327778,0
328040,1
328693,56
328744,7
328798,34
329385,9
329933,1
330347,0
331986,22
332525,2
332740,34
334714,7
334724,63
335778,10
335797,53
335820,53
336085,4
336449,3
336756,34
337468,5
337922,2
338706,3
339386,1
339451,8
340082,0
340365,1
341314,0
341982,11
342027,5
342995,20
343119,59
343273,1
343971,62
344068,0
344092,24
346527,16
346805,12
347360,2
348753,37
348862,46
350435,10
350525,34
351859,9
352651,10
352938,21
352990,6
353801,18
354514,71
355224,66
355563,3
356712,1
357224,0
357509,26
358565,79
361811,13
362813,0
364043,80
364275,37
365227,58
365439,1
366519,21
367516,1
367810,5
369411,83
369626,27
369671,20
370288,3
371138,0
371594,5
371835,2
372843,53
373783,1
375076,2
375136,84
375249,6
378846,7
379002,2
379326,67
380416,19
380730,21
380923,5
382524,3
384379,0
385326,65
385632,0
385657,2
385824,32
386507,2
386744,66
386799,23
387377,26
387410,1
387898,4
389050,41
389482,16
391948,7
392549,11
392794,43
394076,16
394111,10
394292,16
394395,19
394474,87
394529,7
395613,20
396780,0
397034,0
397420,46
398682,58
399640,3
399946,52
400039,63
400546,80
401022,0
401039,73
401553,4
402201,84
402273,49
403068,62
404923,80
405408,63
406926,61
406992,4
408133,43
408143,0
408491,1
408983,23
409293,53
409734,28
410249,5
410694,31
410704,6
411336,64
411525,17
411918,66
412061,50
412092,34
412180,4
413528,1
413605,37
413709,72
413721,6
413775,0
413815,11
414553,3
414801,41
416108,1
416426,6
416557,21
417064,45
417710,18
419678,0
420001,14
420010,0
421554,44
422877,32
423015,54
423818,41
424192,8
424298,36
424744,63
424870,41
426008,13
426044,69
426491,4
428180,82
429504,0
430615,3
430920,1
431330,44
431344,6
432090,60
432858,8
432870,2
432897,22
432950,60
433060,77
433267,46
433914,47
434792,41
435579,33
435946,64
436510,7
436780,11
436912,18
437906,1
438513,43
438773,9
439750,11
439955,2
440171,11
444430,32
445377,57
445437,21
446367,12
447766,0
447875,1
448048,21
448049,57
448603,18
449034,69
450009,73
450011,7
450492,6
450530,11
450699,2
450769,4
450905,1
451381,0
451626,4
452068,0
452728,24
452824,1
453099,6
453161,6
453255,4
453449,5
453922,76
454188,1
454763,10
454961,3
455743,35
455947,58
456190,81
456280,75
456457,7
457829,72
458134,42
459319,1
459810,1
461338,39
461480,6
462385,8
462986,38
463833,5
465267,9
465407,11
465803,0
466395,19
466402,1
466457,61
467302,45
467634,79
467866,43
468613,0
469806,3
470061,42
470370,27
470591,29
471562,76
471712,72
471758,2
471845,1
472376,4
472673,5
473035,6
473592,41
474090,18
474261,48
474694,67
475456,0
475472,51
476260,7
476841,50
476851,0
476899,5
476983,87
478242,19
478385,63
478464,6
478604,3
478949,1
479263,12
479285,21
481022,71
482365,9
482802,1
482969,11
483485,85
483505,31
484312,22
484722,7
485200,66
486902,20
486915,78
487816,35
488211,42
488309,2
488327,57
489086,38
489276,77
489708,44
489962,46
490989,8
491123,42
491496,26
491891,2
491977,0
492785,23
492931,10
492933,12
492977,1
494191,12
495611,0
496095,0
498038,37
498052,29
498120,0
498693,70
498794,4
499274,0
499683,18
500845,65
501082,47
501541,3
502108,2
502309,58
502429,39
503460,7
503529,4
503722,14
503791,11
504322,8
504362,23
504405,11
504507,48
505029,11
505315,38
505716,9
506121,88
506280,0
506403,0
506409,3
506443,1
506527,0
506571,14
506629,48
507393,66
508080,64
508117,32
508391,23
508583,28
509537,10
509933,0
509989,34
510264,1
510447,26
510543,5
510624,13
511385,3
511638,31
511733,1
511911,14
511960,4
512144,17
512209,31
513327,0
513688,66
514451,4
515392,29
515456,4
515552,25
516461,14
516508,1
516643,0
516936,6
517600,72
518566,0
518576,29
518960,82
519310,74
519615,2
519805,71
519983,5
521672,54
521820,0
522081,47
522160,23
522240,6
522349,5
522837,25
524111,61
524114,27
524182,8
524919,75
525120,25
525293,65
525725,1
526532,6
526887,39
526923,8
527318,1
527422,73
528251,9
528464,4
528485,6
529046,1
529340,12
530135,67
530576,38
531208,3
531258,11
531363,6
531486,6
531769,1
532288,61
532323,5
532398,0
532641,32
532749,55
533444,15
533731,27
533927,61
534897,14
535095,6
535119,1
535129,1
535352,24
535457,2
535631,76
535834,20
536578,4
536799,27
536859,3
537324,56
537337,19
538012,9
538905,0
539110,0
540191,14
541653,6
541725,40
541993,59
542017,0
543733,3
543776,1
543792,74
544039,0
544256,2
544324,35
544331,6
544956,1
545252,32
545257,61
545296,0
545597,2
546383,80
546442,2
546504,0
548056,74
550288,1
550809,18
551074,1
552141,42
552502,8
552519,71
553516,31
553565,13
554165,10
554669,3
555206,22
556874,7
557098,0
557356,4
557865,6
557902,54
557927,5
558029,6
559118,1
559505,2
559811,0
559863,2
560097,1
560231,6
560287,1
560867,49
561179,7
562098,46
562302,13
562449,1
562479,1
562524,14
564447,68
564540,0
564614,14
565531,18
565907,1
565942,1
566835,72
566911,1
567281,84
568392,4
568743,66
568846,20
568933,25
568966,6
569255,29
569651,1
570363,18
570458,15
570549,5
571564,78
573671,26
573801,1
573815,14
575873,4
576020,75
576142,3
576426,7
577824,0
578239,18
578274,3
579604,67
579716,67
579817,19
580144,1
580153,46
580943,28
581180,37
582669,0
582764,7
583102,7
583159,4
583224,4
583337,17
584386,43
584428,45
584523,1
585260,13
585300,8
585937,55
586640,1
586983,5
587077,47
587519,1
587554,7
587698,24
588631,39
588677,2
588919,3
589708,80
590903,6
591025,19
591046,21
591112,20
591135,16
591602,0
592282,4
592342,32
592376,4
592785,17
592831,2
592853,11
593292,88
593350,10
593642,19
593900,63
593923,37
594020,57
594036,1
594311,2
594521,0
594524,21
594611,4
594639,10
595321,0
596346,1
596373,80
597584,3
597624,7
597668,6
599847,2
600129,5
600434,1
600626,3
600877,0
600891,35
601479,69
602142,5
602453,15
602603,1
602729,13
602783,5
602966,0
605670,29
606386,22
606623,1
607525,19
607735,49
607891,44
609126,1
609198,4
609213,3
609429,1
609559,50
610118,3
610596,29
611791,0
613776,61
616290,58
618477,20
618557,17
618836,1
618916,8
620473,67
620540,20
621220,0
621269,0
622082,3
622541,0
623852,1
623962,7
624222,6
627432,35
627505,65
627835,62
628064,1
628100,3
628198,5
629000,6
629105,7
629624,0
629793,13
629855,4
629949,43
630620,31
631134,5
631561,72
632347,82
632692,51
633162,70
633276,51
633969,2
634328,24
635282,65
635842,45
636391,4
636915,1
638822,43
638894,0
639199,41
639267,27
640255,57
640910,5
640990,47
641012,3
641027,5
641439,15
641817,21
642070,60
643328,79
643529,2
643591,5
643814,3
643877,8
643910,56
643948,85
643951,7
644001,3
644559,0
644575,19
644841,1
645693,77
645942,16
646298,19
646325,21
646378,12
646453,7
647656,2
648246,9
648263,8
650867,7
651375,33
651438,10
651475,83
651544,28
651761,8
654005,22
654232,3
655705,46
656913,12
656975,27
657161,16
657217,84
657243,1
657727,49
657734,1
657885,1
658008,64
658257,62
658294,59
658932,2
658963,22
659875,8
659888,58
659952,20
660016,75
660036,28
660542,55
660812,82
661839,2
661847,67
662298,48
663668,4
666443,9
667375,16
667432,14
667502,59
668121,46
668382,8
669774,3
669939,23
670064,77
670212,4
671022,5
671303,4
671402,11
671544,0
671593,37
671633,40
671765,82
672616,0
673061,6
673107,3
673152,9
673760,70
674231,3
674620,2
675793,0
675817,0
675824,31
676752,79
677162,32
678001,0
678068,26
679756,5
680104,7
681361,73
681582,30
681599,29
681805,60
681989,33
682027,4
682032,27
682706,6
682996,84
683106,12
683183,0
683821,11
684941,0
685364,41
685381,2
685435,6
686153,84
686384,29
686696,65
687679,1
687794,12
687845,10
687964,17
688663,4
689900,18
690643,17
690675,4
690680,0
690960,85
690972,35
691049,29
692657,7
692736,1
693479,1
694374,5
695216,35
695261,2
695568,0
696464,29
696593,0
697765,7
697923,63
698298,4
698327,3
698894,2
699645,57
700317,1
700916,59
701363,75
701397,5
702213,28
703125,0
703971,7
704047,1
704669,34
704746,0
704838,43
705783,24
706347,3
707302,1
707358,1
707387,0
707443,64
707695,1
707736,8
708358,40
708374,82
709271,0
710283,4
710290,17
711393,3
711462,4
711635,43
711881,1
712127,17
712136,32
712200,11
712260,23
713616,14
713857,60
714028,7
714939,5
715073,14
715544,15
715615,71
716350,2
716433,5
716780,1
716949,78
717725,3
718761,17
718796,43
719393,3
719621,28
720221,0
720242,6
720274,2
721719,20
722399,0
723362,33
723457,13
723468,2
723507,22
723560,65
723786,39
724806,8
725509,75
726692,4
727414,71
727512,13
727835,49
727964,3
728409,69
728493,45
728498,32
728573,0
728837,1
728857,6
729386,0
729678,48
729684,41
729714,24
729740,0
729811,15
730634,9
732397,1
732700,14
732818,4
733207,0
734514,59
736061,44
736187,40
736743,2
737100,0
737126,67
737330,5
737356,3
737500,4
738008,19
738263,0
738283,13
738588,7
739458,63
739738,0
739815,63
739890,11
741154,6
741345,0
741354,7
741456,86
741509,0
741740,1
741783,81
741797,7
741806,23
741862,13
742779,6
742795,44
743429,5
743468,11
743549,50
744078,45
744096,9
744227,6
744418,12
744638,13
744913,2
745037,37
746088,70
746346,81
746362,58
746393,24
747159,68
747316,17
747401,8
747636,1
748118,52
748277,30
749362,41
749455,84
749534,18
749738,35
750946,0
750984,0
751818,59
751851,1
752150,46
752455,3
752811,66
753399,9
753687,67
753718,22
753983,22
753991,84
754190,32
754353,5
755032,13
755312,8
755392,5
755525,4
756611,71
756767,60
756861,1
756892,2
756924,71
756928,8
756941,1
757187,15
758782,4
759181,44
759901,69
760088,10
760556,4
761835,15
761848,2
762015,21
762088,6
763546,53
763809,20
763824,78
763833,59
763878,48
763932,22
763962,51
764753,75
765288,0
765315,55
765335,10
765542,0
765569,19
766228,4
766814,1
766915,0
766948,18
766964,0
766973,26
767286,5
767571,69
767771,0
767797,0
767969,36
767983,4
768106,80
768162,32
768797,20
769279,11
769448,81
769740,13
769899,3
771396,0
771430,6
771464,2
771625,16
771647,11
772667,3
772679,10
773041,60
773259,5
773813,2
773993,73
774791,40
774899,1
774948,5
775016,4
775233,1
775280,54
775311,0
775447,78
776381,10
776500,44
776820,2
776845,4
777097,3
777327,23
778291,0
778381,7
778390,77
778615,0
778968,13
779001,67
779217,61
779607,16
780205,10
780238,1
780322,30
781486,73
782063,2
782681,1
783307,74
783341,44
783397,3
783705,81
783818,5
783964,38
784024,40
784169,77
785003,1
785097,6
785366,1
785508,68
785953,9
786105,3
786481,3
786696,2
786843,70
786955,54
786967,11
787567,0
787593,2
787941,39
787968,2
787992,8
788683,74
789302,16
789593,33
789596,9
789686,0
790018,5
790032,40
790059,82
790074,43
791049,9
791087,1
791135,16
791191,61
791223,6
791541,0
792061,2
792187,24
792251,0
792418,10
792457,6
792609,15
792748,10
792808,3
793493,49
793951,15
793986,8
794020,4
794156,44
794318,10
794362,7
794413,3
794427,21
794457,28
794496,63
794535,2
794567,32
795198,21
795752,59
795775,0
798100,14
798108,0
798128,5
798429,79
799319,63
799467,30
799829,62
799836,69
799900,12
800408,6
801058,4
801370,54
801626,7
802651,16
802677,5
802983,7
803071,3
803237,9
803257,26
803267,25
803835,66
804040,1
804494,11
804815,19
805218,28
805271,0
805405,3
805411,24
805973,5
806038,66
806205,11
806314,73
808680,0
808774,5
808836,15
808851,71
809567,40
809929,15
810346,8
810431,0
810681,0
810830,18
810867,32
811117,0
811198,7
811457,1
811801,1
811950,7
812462,13
812467,9
812532,4
812695,75
812925,14
812938,21
813155,8
813459,4
813470,4
813554,32
813645,9
813736,56
814556,4
814890,2
815045,22
815386,25
815450,0
815465,73
815637,0
816503,86
816875,6
816907,14
817007,22
817188,14
817355,23
817412,7
818030,35
818084,30
818252,23
818253,14
818259,1
819228,25
819419,61
819504,0
819956,17
819984,7
820070,21
820146,31
820225,5
820801,2
821135,42
821252,27
821266,21
821506,11
821584,2
821585,0
822119,8
822164,30
822172,4
822263,42
822266,5
822297,1
822298,36
823245,4
823631,21
824163,11
824421,0
824515,7
825129,39
825486,62
825545,32
825550,1
825664,3
826236,0
826603,24
826642,3
826990,5
827796,23
827802,12
828130,21
828218,5
828553,6
828685,33
828915,13
829215,5
829935,15
830370,6
830482,48
830949,54
832005,17
832096,75
832157,0
832281,1
832810,15
832855,45
832947,67
833860,41
833927,74
834559,0
834600,10
834962,0
834982,3
835138,7
835231,62
836411,6
836513,0
836519,12
836947,1
837134,0
837164,6
837284,4
837430,3
837471,33
837503,79
838489,79
838586,5
838669,77
838974,3
839058,5
839336,87
840118,10
840371,29
840516,57
840616,50
840731,23
840794,7
840914,1
841192,2
841211,6
841292,4
841463,2
841484,29
841978,3
842167,14
842176,56
842279,38
842484,15
842740,6
842973,2
843003,2
843033,4
843472,0
843491,35
843499,1
844023,0
844025,0
844278,19
845074,2
845362,3
845417,16
845495,6
845514,86
845669,0
845999,1
846101,4
846224,1
846272,0
846275,68
846407,0
846431,5
846508,0
846671,11
846698,27
846854,46
846857,10
846948,10
847591,0
848071,27
848174,3
848220,81
848699,69
848707,18
848722,46
849567,16
849574,15
849703,72
849927,15
850093,27
850097,58
850260,3
850324,66
850338,72
850359,5
850388,1
850943,4
851366,6
851952,0
852483,8
852709,70
852949,0
853263,0
854095,8
854396,7
854736,22
855150,75
855300,0
855386,44
855412,14
855462,1
855542,2
855549,59
855894,1
855919,13
855959,8
856386,1
856396,6
856428,7
856440,11
856976,2
857941,10
859045,62
859521,11
859596,12
860401,69
860827,85
860837,63
861561,37
861689,19
861759,10
862890,2
863199,56
863209,40
864031,6
864271,7
864981,59
865033,77
865992,9
866890,36
867020,43
867694,1
867717,1
867721,66
867749,3
867803,22
868966,1
871030,16
871079,10
871835,1
872008,61
872069,16
872897,76
872981,1
873024,45
873373,7
873602,30
873610,0
873701,77
874577,1
874615,37
874683,11
874706,59
875460,17
875543,1
876488,57
876792,28
876916,4
877067,12
877394,5
877412,3
877431,6
878525,9
878844,6
879111,46
879238,1
879244,10
880424,64
880452,47
880811,3
880870,7
881159,18
882523,3
882590,35
883517,13
883919,74
886808,37
886821,6
887129,56
887292,71
887526,29
888127,1
888554,7
888583,10
889247,9
889376,74
890605,6
890855,2
892080,18
892210,2
893556,25
894093,38
894988,25
895253,15
895429,4
895431,4
895447,5
896443,26
898263,0
898264,0
898669,37
898839,2
898861,32
899948,0
902528,4
902709,76
904060,9
904371,35
905314,24
905425,62
905694,5
906058,49
906829,0
907966,9
908015,21
908275,8
908346,1
908469,20
910366,23
910976,40
911964,5
913177,6
913816,7
914245,78
914325,11
914355,9
914594,1
916105,3
916836,7
916837,33
917699,0
918239,23
918398,6
918610,39
919212,35
919269,0
919491,61
919581,9
919830,40
919955,9
919978,80
919990,0
920930,1
920951,2
921034,8
921203,14
921585,40
921695,4
922695,9
922764,74
923053,12
923741,7
924600,19
925010,3
925458,2
926337,10
927075,78
927408,51
927597,22
927987,8
928004,65
929790,19
929833,14
929891,66
930701,35
930809,63
931780,54
932241,0
932277,7
934224,16
935695,5
937396,0
937448,6
937840,1
937876,1
939035,83
939260,1
939411,67
939657,70
939724,63
940046,75
940856,41
941077,1
941563,6
941642,73
943891,66
943929,0
944040,8
944755,67
944840,7
945297,83
945820,4
949194,1
950038,0
950777,3
951944,17
953275,45
953284,0
953437,4
953821,5
953960,60
954105,56
955354,17
955489,58
955542,8
956412,80
956554,79
956573,15
956887,0
956943,64
957289,8
957592,4
958222,10
958353,10
959349,4
959779,10
959788,53
959791,12
959871,0
959948,9
960495,7
961477,82
961830,7
961877,81
962056,10
962620,9
964118,49
964514,40
966104,35
966167,8
966663,2
968848,5
968921,69
969115,0
969463,2
970659,56
970715,16
970949,58
971247,61
971253,62
972366,2
972426,11
973128,31
973371,69
973535,84
973791,10
975229,29
975250,13
975359,2
975369,16
975636,12
975656,65
975897,3
977152,7
977267,3
977290,60
978615,67
979560,10
979656,43
979851,8
980018,2
980098,14
981494,0
983220,5
983625,80
984380,6
985273,62
985642,5
986540,11
986727,83
986936,10
986939,0
987329,24
988991,15
989241,32
989423,6
989488,55
989925,0
989976,41
990171,85
990703,12
991396,1
992186,13
992508,21
992598,62
993011,33
993040,87
993785,1
995169,1
995187,54
995341,0
995367,7
997028,1
998023,3
998896,1
999984,50
1000264,78
1000871,1
1001367,59
1001405,61
1001447,46
1002469,1
1005558,38
1005763,4
1006292,71
1006493,2
1006697,28
1006699,19
1007266,2
1007724,18
1009018,3
1010683,2
1011326,11
1011449,12
1012203,12
1012321,38
1012337,7
1013235,36
1013363,4
1013647,63
1013779,0
1014305,4
1016004,61
1018769,84
1018858,1
1019111,5
1021122,12
1021414,23
1021668,9
1022180,6
1023117,3
1023754,5
1023833,4
1024113,6
1024135,13
1024342,1
1024364,29
1024932,6
1024949,17
1025847,3
1026385,0
1026592,55
1026683,7
1027022,0
1027162,2
1027808,37
1027934,4
1028139,0
1028158,2
1028222,14
1028263,30
1029845,80
1030254,9
1030780,23
1032127,1
1034106,37
1034911,0
1035717,1
1036734,70
1037017,6
1039045,3
1039215,76
1039931,55
1039983,9
1039984,52
1040018,10
1040182,75
1041218,3
1041334,26
1041512,37
1041574,1
1041746,3
1041974,0
1042416,68
1043046,36
1044502,59
1044917,23
1045155,0
1045491,76
1045633,15
1045897,73
1046454,0
1046615,21
1048382,3
1049153,80
1049207,1
1049224,48
1050389,44
1050955,81
1051859,13
1052960,6
1053375,2
1053504,42
1054201,70
1055135,2
1055674,6
1055863,0
1056119,67
1056597,44
1056657,69
1056754,78
1056804,45
1058361,2
1058791,70
1058872,1
1059025,82
1059889,0
1060019,65
1060080,1
1060553,81
1062796,0
1063020,83
1063060,52
1063678,22
1066079,2
1066660,1
1066769,89
1067022,44
1068924,2
1069287,5
1069429,1
1071138,73
1071394,1
1071743,20
1071760,0
1072481,80
1073635,84
1073780,8
1074360,8
1074564,61
1075314,0
1076873,29
1077179,20
1078889,13
1079675,6
1080543,14
1080674,2
1080797,8
1080839,12
1081932,6
1082406,48
1082849,54
1083888,13
1084294,33
1085529,4
1085566,7
1085916,51
1086322,15
1086468,1
1086598,9
1086819,3
1086958,54
1087354,6
1089143,6
1089619,4
1089766,13
1089994,36
1090380,5
1090567,35
1090732,2
1091534,80
1091582,24
1093570,90
1093977,5
1094623,0
1095278,1
1095472,60
1096511,69
1097464,82
1098967,8
1099387,3
1099680,2
1100421,54
1101035,79
1101097,15
1101224,11
1101525,29
1102853,9
1104208,2
1104567,38
1104762,11
1106282,14
1107092,13
1109092,12
1109388,53
1109582,19
1109624,2
1109826,1
1110193,25
1110533,0
1111854,39
1111882,78
1111981,66
1112070,29
1112407,21
1112484,20
1112504,0
1113258,17
1114788,18
1114858,0
1115349,30
1115381,1
1115438,19
1115576,21
1117181,2
1117632,0
1117958,21
1118062,7
1118213,0
1118479,3
1118547,4
1120033,1
1120210,1
1120392,66
1121448,13
1121502,18
1122462,13
1123077,0
1123237,0
1123879,15
1124394,0
1126656,14
1126669,71
1128681,9
1130240,0
1130680,83
1131422,61
1132242,0
1132907,13
1133211,3
1133254,2
1133341,9
1133460,0
1134369,57
1134553,53
1134635,3
1134988,41
1135315,1
1137768,5
1138727,36
1140461,1
1140837,7
1140912,3
1141071,58
1141076,3
1141120,28
1141150,17
1141632,67
1141759,10
1142034,31
1144171,0
1144809,7
1145134,75
1145488,0
1147507,3
1147754,0
1147884,7
1148380,2
1148451,0
1148759,0
1149845,69
1150382,12
1150398,29
1150400,6
1150514,0
1150914,3
1151388,47
1151980,59
1154609,1
1155475,11
1155885,79
1156423,0
1156634,40
1156733,9
1156977,5
1159142,6
1160028,2
1161838,37
1163484,65
1163969,11
1164046,8
1164370,21
1166538,40
1167009,7
1167219,34
1167314,6
1167395,1
1167444,43
1167658,74
1169928,7
1170261,76
1170401,1
1170656,0
1170887,6
1171342,70
1171581,0
1171674,64
1171955,5
1174479,0
1174619,1
1174944,24
1175304,47
1175394,0
1175536,7
1177156,10
1177395,0
1177725,46
1177986,0
1178231,34
1178389,3
1179080,74
1179938,1
1180159,0
1180296,10
1180473,1
1180618,1
1182186,12
1182668,20
1183172,70
1183517,1
1183567,20
1183628,6
1183632,26
1184848,18
1185525,16
1186153,16
1186569,62
1186653,24
1186746,80
1186761,49
1187220,0
1187411,15
1187588,75
1189738,63
1191082,1
1191144,17
1191606,31
1192845,85
1193072,0
1193793,15
1194525,16
1195177,3
1197135,7
1197645,9
1198231,1
1198681,1
1198874,43
1199878,9
1200033,0
1200359,8
1200456,2
1200707,45
1201426,2
1202883,34
1203737,62
1203799,0
1205103,78
1206407,0
1206525,14
1206643,3
1206859,1
1207489,0
1208461,3
1208742,58
1209350,7
1209492,2
1209684,30
1209921,36
1211777,3
1212319,11
1213991,22
1214133,68
1215951,8
1216084,21
1216905,57
1217046,66
1217670,23
1217823,3
1217875,0
1219919,26
1220962,6
1221172,7
1221503,13
1221511,13
1221576,51
1223230,6
1223755,80
1223980,66
1224056,9
1225060,13
1225604,47
1226176,0
1226480,84
1228698,38
1229086,19
1229289,79
1229463,4
1229536,7
1229566,8
1230956,0
1231104,0
1231273,14
1232212,8
1232433,56
1232491,3
1233186,3
1235205,8
1236489,53
1236705,52
1236788,15
1236914,0
1237275,15
1238624,0
1239265,0
1239293,3
1239421,11
1239563,76
1239842,4
1240213,2
1240698,34
1240885,0
1241905,14
1243308,1
1245343,5
1245624,3
1245714,12
1245855,59
1246123,3
1246287,0
1246670,7
1248477,3
1248527,2
1249419,10
1251294,2
1251889,2
1252565,32
1252680,0
1252770,44
1253039,5
1255964,3
1256152,0
1256275,0
1256290,0
1256707,9
1256768,41
1257416,9
1257994,45
1260619,9
1263964,82
1264663,0
1264695,51
1264701,0
1264732,46
1264887,52
1264920,0
1267945,50
1267954,57
1268083,10
1268126,57
1268154,42
1268175,17
1268218,3
1268226,67
1270420,0
1271297,24
1271312,0
1272282,5
1274530,4
1274738,0
1275942,49
1276054,50
1276554,0
1277955,6
1278469,9
1278506,7
1278784,62
1279185,3
1279189,5
1279234,0
1279449,19
1279855,0
1280188,22
1280427,1
1280533,16
1280916,18
1281023,11
1282638,75
1282763,1
1283523,65
1283701,2
1283928,6
1284189,9
1284990,34
1285927,35
1286024,25
1286933,44
1286972,80
1290336,23
1291490,13
1291558,5
1291561,13
1291913,80
1292184,62
1292585,77
1294267,18
1294417,86
1294438,73
1294721,0
1297663,16
1300191,0
1301227,4
1301259,4
1301262,1
1301321,6
1301507,44
1301986,76
1302596,7
1302684,6
1304459,25
1304604,7
1305590,23
1306749,13
1307405,8
1307723,4
1308355,8
1308877,0
1309707,19
1310672,30
1311399,4
1312178,6
1312228,3
1313020,0
1313141,16
1313258,65
1313768,5
1313885,50
1315676,8
1315753,8
1316175,0
1316416,1
1316538,1
1316691,55
1316747,2
1317648,1
1319855,2
1321174,19
1322432,6
1322917,82
1323485,0
1323528,63
1323789,7
1324295,1
1325432,41
1325472,12
1325473,9
1325759,14
1326566,4
1327940,26
1328032,0
1328080,77
1330056,30
1330753,7
1330775,39
1331231,4
1332345,5
1332570,7
1332663,17
1333269,4
1335550,47
1335634,83
1336390,1
1336435,7
1337124,18
1337193,8
1337609,5
1338900,0
1339672,28
1340568,30
1340982,8
1342296,37
1342928,15
1344128,18
1344262,18
1344474,0
1344551,75
1345712,14
1346389,1
1346822,2
1346989,0
1347103,45
1347175,5
1347204,36
1348306,15
1348655,28
1348885,2
1349187,0
1349237,75
1349503,7
1349834,77
1351217,61
1351364,4
1351404,27
1351427,6
1351683,0
1351889,20
1351915,2
1352657,5
1352916,5
1354042,10
1354415,84
1354775,6
1355859,15
1356513,0
1356545,9
1356889,10
1356895,4
1358179,1
1359411,20
1360781,1
1360820,0
1360873,4
1360926,28
1360932,0
1361428,9
1362512,33
1362925,28
1364584,9
1364921,25
1365505,2
1367775,1
1368568,0
1368674,69
1369559,4
1369670,0
1369799,2
1370064,5
1370154,2
1370405,88
1370600,2
1371114,14
1373456,11
1373541,1
1373655,59
1374144,0
1376820,11
1377134,39
1377478,32
1377622,0
1378088,0
1378111,0
1379616,59
1380326,5
1381569,0
1382245,6
1382256,6
1382607,7
1384858,0
1385985,0
1386742,71
1387166,3
1387361,4
1387839,6
1388569,5
1391999,35
1392144,23
1392330,71
1392390,18
1392398,6
1393169,0
1393419,23
1393994,0
1397839,1
1399187,7
1399273,5
1399352,60
1401578,1
1401826,5
1402731,58
1403323,0
1403827,49
1404586,5
1404629,0
1407364,32
1410197,30
1411349,25
1411811,49
1411979,0
1412531,11
1413795,15
1414196,5
1414747,7
1415738,41
1417215,15
1420335,3
1420559,3
1421077,17
1421933,10
1422237,0
1423063,13
1423112,13
1423957,0
1426302,7
1426436,0
1426643,0
1426738,2
1427401,58
1428371,0
1430650,57
1431246,28
1431373,61
1432694,2
1433326,56
1433337,34
1433849,4
1436810,12
1437044,3
1437163,5
1437903,0
1438369,80
1439295,23
1440363,79
1440512,0
1441260,4
1441931,0
1442450,3
1442799,86
1443077,23
1444924,2
1445250,30
1445813,2
1445842,3
1445876,2
1445957,7
1445977,5
1447952,8
1448691,34
1449546,28
1450568,17
1450685,58
1453049,11
1453998,16
1454920,18
1455061,22
1455407,7
1456142,4
1456352,80
1456430,10
1456565,1
1457003,5
1457042,9
1458645,24
1458995,6
1459724,2
1459862,51
1461721,49
1461822,5
1461965,68
1462270,1
1462341,10
1466053,0
1466081,47
1466534,31
1466592,3
1466688,0
1467025,38
1467030,78
1467618,7
1469244,26
1469955,7
1470117,0
1470698,22
1470969,8
1471201,0
1471244,10
1471265,10
1471952,12
1472166,1
1472842,1
1474887,5
1475661,7
1476085,2
1476244,25
1478084,1
1478270,3
1478468,7
1479113,12
1481753,3
1483688,35
1484077,47
1484207,19
1486963,39
1487222,7
1490223,10
1491731,4
1491991,14
1492810,2
1492856,62
1494527,80
1494817,0
1494934,1
1496319,4
1499572,5
1499650,13
1503296,6
1506284,73
1507437,3
1507929,2
1507974,12
1508461,34
1510830,1
1511048,2
1511216,47
1511303,65
1511933,31
1512006,77
1515026,6
1515135,6
1515522,22
1515611,10
1515979,46
1516048,6
1518302,60
1519621,3
1519799,37
1520136,2
1520651,11
1520813,36
1521091,7
1521256,7
1521536,2
1521862,4
1523865,0
1523892,0
1524562,69
1524610,18
1524948,14
1525121,2
1525143,6
1525580,0
1525602,72
1526129,1
1526274,3
1526416,0
1526741,57
1528339,0
1530561,67
1533652,36
1533807,10
1534078,5
1534109,5
1538944,0
1539361,0
1539462,8
1540562,17
1541353,3
1541832,25
1542279,31
1543023,0
1545525,14
1545924,16
1546380,26
1546748,12
1549413,74
1551044,41
1551078,30
1551916,5
1552576,80
1555500,1
1555853,7
1555919,7
1557326,52
1557548,0
1557778,18
1557803,2
1559912,8
1560573,13
1560606,2
1560957,6
1561735,0
1564553,65
1565808,2
1566714,82
1567003,14
1568777,7
1569396,54
1569444,4
1569842,1
1569906,1
1570096,28
1571050,21
1573068,7
1573753,10
1574097,27
1576724,15
1576883,2
1577575,26
1577913,30
1578996,46
1581223,0
1581466,70
1582263,1
1582540,2
1582875,44
1582940,9
1583111,24
1583128,22
1583258,0
1583673,0
1583971,1
1583985,28
1584167,16
1586304,3
1586454,8
1586489,34
1586608,19
1586773,54
1588221,8
1588903,10
1589715,10
1590214,73
1591811,82
1592879,0
1593444,1
1594395,4
1596169,5
1596314,1
1596603,16
1596669,1
1597002,1
1598518,4
1598722,17
1598863,1
1598950,12
1601704,2
1601776,0
1601955,70
1602731,25
1602793,48
1604324,20
1604488,57
1606115,3
1607335,8
1608567,2
1609799,0
1611089,0
1611398,0
1612489,3
1613419,16
1613539,1
1613859,6
1614925,0
1615083,81
1616807,4
1617264,0
1617443,36
1617488,1
1618034,2
1618877,2
1619312,7
1619538,5
1619695,58
1619756,72
1619841,5
1621986,1
1623013,57
1624451,8
1627297,34
1627696,55
1627949,8
1628003,9
1628138,1
1628156,57
1628564,22
1628643,58
1628878,67
1629248,7
1631938,12
1632416,29
1632592,56
1632833,1
1633331,21
1633453,0
1633924,72
1633941,17
1634856,13
1635672,12
1636349,51
1637178,12
1637346,8
1639145,7
1639762,52
1640521,0
1640610,9
1640992,7
1640995,7
1641022,0
1641291,29
1641665,12
1644133,5
1644146,78
1644357,1
1645086,25
1645105,8
1645181,53
1645667,77
1646541,55
1646607,6
1646910,1
1646949,31
1649844,6
1649994,0
1650470,2
1652380,0
1652426,54
1653872,2
1654170,0
1654282,3
1654444,21
1654551,7
1655027,82
1655291,73
1655390,49
1655713,13
1656621,78
1656884,0
1658703,18
1658988,22
1660838,23
1661749,0
1664716,0
1665017,25
1665300,76
1665498,5
1665686,1
1665792,13
1668176,40
1668328,80
1669664,32
1670623,11
1672433,9
1672938,1
1673849,7
1675694,0
1677887,17
1678467,2
1678889,7
1679211,81
1681814,2
1682282,67
1683227,0
1683415,2
1683897,2
1686941,2
1687184,18
1687592,1
1688650,67
1688724,0
1691188,7
1691681,3
1691702,1
1692166,3
1693524,11
1695731,0
1696332,1
1697047,66
1699132,4
1699934,24
1702032,0
1702413,8
1702581,88
1702694,2
1702695,0
1702916,13
1703222,0
1703303,18
1703798,7
1703844,0
1704798,70
1706103,37
1706997,21
1707422,0
1707850,10
1708262,74
1708541,2
1708757,0
1709042,48
1709089,17
1710430,22
1710729,0
1711248,5
1711379,11
1712077,1
1712660,69
1713896,7
1716395,26
1716640,9
1716857,1
1716923,0
1717058,19
1717149,0
1717215,1
1717226,8
1717499,45
1717579,5
1717793,0
1717870,5
1718001,2
1718287,65
1718791,9
1718989,10
1720971,0
1721103,1
1721415,1
1721695,0
1722358,5
1722622,80
1725295,63
1725297,1
1725858,4
1727536,56
1728256,48
1728437,16
1728625,13
1729145,73
1729247,4
1729679,0
1730855,0
1730937,8
1731046,4
1731097,5
1731245,67
1731351,0
1731969,9
1732322,73
1732471,2
1732542,21
1732612,10
1732866,43
1732893,65
1732939,6
1733157,79
1733447,53
1734167,5
1735545,56
1736064,2
1736456,73
1737891,22
1741622,14
1742471,17
1742601,1
1742654,40
1743221,11
1744216,41
1744921,47
1745172,0
1746582,4
1746726,49
1747440,51
1747833,26
1749563,78
1750443,8
1750679,65
1750701,64
1751967,17
1752112,11
1752206,52
1753671,5
1753699,1
1753974,2
1754527,23
1755831,1
1756076,0
1756174,0
1757909,1
1757982,2
1758391,75
1759154,60
1759292,13
1760411,4
1761101,2
1762997,2
1763008,2
1763209,59
1763367,16
1763520,9
1763615,5
1763863,7
1763977,1
1764106,0
1766890,22
1767037,82
1768235,0
1769124,38
1771965,64
1771989,60
1772650,1
1772824,16
1776732,36
1777869,22
1778294,5
1778588,4
1778700,10
1778792,1
1781052,0
1781687,18
1781697,11
1782056,22
1782079,16
1782437,34
1783069,4
1783102,5
1784987,1
1785141,4
1787728,0
1788026,0
1788210,3
1788754,31
1789715,4
1791502,4
1792520,0
1793091,85
1793411,8
1793606,14
1797001,0
1797025,41
1797476,29
1797523,0
1797661,8
1798256,3
1798308,11
1798324,25
1801036,0
1803130,39
1803475,16
1804505,78
1805150,6
1806378,32
1806994,19
1807106,74
1807515,7
1807757,7
1808497,10
1808550,59
1809547,13
1809719,15
1810457,63
1810653,1
1810781,3
1811012,9
1811051,40
1813348,45
1813409,25
1813452,0
1813681,0
1814010,19
1814279,85
1814366,8
1814757,15
1815099,10
1815211,63
1815423,15
1815512,85
1815523,20
1815526,1
1817647,42
1818411,61
1818430,67
1820307,18
1820516,1
1820858,19
1820992,5
1821168,1
1821541,12
1821787,11
1821973,4
1822436,0
1822872,5
1824808,26
1826188,0
1827525,0
1827962,19
1828063,30
1830154,2
1830244,2
1830335,2
1830949,0
1831050,82
1831337,3
1832210,24
1832223,4
1832286,11
1832617,35
1832659,4
1832680,1
1832755,0
1835122,8
1835149,27
1835396,33
1835865,1
1836322,1
1836859,28
1837384,0
1838904,20
1839818,12
1839878,61
1840303,0
1840649,1
1840820,59
1841356,7
1841399,4
1842739,45
1842931,60
1843674,81
1843772,3
1844088,21
1844094,59
1844254,2
1844489,17
1844915,10
1844973,20
1845249,4
1846100,18
1846580,71
1846722,12
1847261,12
1847379,30
1847434,74
1847620,1
1850705,9
1851559,23
1853656,5
1854757,7
1855848,0
1856027,26
1856219,84
1856261,2
1856418,52
1856803,10
1857078,76
1857351,1
1858492,18
1859322,0
1859901,31
1860313,0
1861281,1
1861493,38
1861773,1
1861873,2
1862436,5
1864660,1
1864691,0
1864757,42
1866051,2
1866128,78
1867237,0
1867843,65
1868169,8
1868817,1
1869202,13
1869432,1
1869497,11
1870021,66
1870853,1
1871261,0
1871545,38
1872028,8
1872169,0
1872829,5
1873304,82
1873333,70
1873453,1
1873582,7
1875082,64
1875850,2
1876083,3
1876168,4
1877244,80
1877255,71
1878868,2
1879762,1
1880345,2
1880539,26
1881103,4
1881801,18
1882252,0
1884398,0
1884489,0
1884921,1
1885682,17
1885714,47
1886240,0
1886820,5
1886978,43
1887003,63
1887239,22
1887291,32
1889685,2
1890125,3
1890143,63
1890467,0
1891017,8
1891118,6
1891670,12
1891816,1
1892319,29
1892680,20
1893225,13
1894120,8
1895196,80
1895516,3
1895544,0
1897092,0
1897447,78
1897623,6
1899076,78
1900616,14
1900780,44
1902092,1
1902962,0
1903322,39
1905865,8
1905918,10
1906763,0
1906804,78
1906993,3
1908290,21
1908767,0
1909128,14
1909648,3
1910105,17
1910210,3
1910306,19
1912425,3
1912468,4
1913282,2
1913317,3
1913722,2
1913803,71
1913835,1
1914185,2
1914320,12
1914544,21
1914590,62
1914630,4
1914787,48
1915154,75
1916456,1
1917226,6
1917286,13
1917872,20
1918693,75
1918903,79
1919490,2
1919647,13
1919766,70
1920085,7
1920310,0
1920568,0
1922967,1
1924317,61
1925247,1
1925406,45
1925703,80
1925709,0
1928005,1
1928556,0
1928973,8
1929041,4
1929614,3
1930283,0
1930469,52
1931136,6
1931855,37
1932110,16
1933687,64
1933904,8
1934382,5
1934444,1
1934447,1
1934512,7
1934746,0
1935109,77
1935826,3
1936089,37
1936772,51
1938391,69
1939106,10
1939283,24
1939417,1
1939757,0
1939857,16
1940956,62
1941048,6
1941439,5
1941495,35
1943012,6
1944087,38
1944211,17
1944641,53
1944686,0
1944805,22
1945393,0
1945437,22
1947400,1
1948333,0
1948494,75
1948745,8
1949334,0
1950157,45
1950276,0
1950311,17
1950342,5
1953461,32
1954003,10
1954146,0
1954310,3
1954404,4
1954495,0
1955003,12
1956677,41
1956726,17
1958765,38
1960031,7
1960556,45
1960562,50
1960821,2
1961157,0
1961288,35
1961361,0
1961533,18
1961937,8
1964864,31
1965103,12
1965712,1
1966173,0
1966349,57
1966407,0
1966903,0
1967045,10
1969100,12
1969854,40
1970017,6
1970177,30
1970466,1
1970574,18
1970587,10
1970697,7
1971200,72
1971528,0
1971983,5
1972126,50
1972163,14
1972330,0
1973889,79
1973934,14
1974398,5
1974455,0
1974700,11
1974901,48
1975069,5
1975168,5
1975236,1
1975519,0
1976094,5
1977800,7
1978394,22
1978445,3
1979113,1
1979127,68
1979160,0
1979502,23
1979848,0
1981410,18
1981669,12
1981921,6
1981977,19
1982013,8
1982408,0
1982909,15
1983188,3
1983466,89
1983677,6
1983976,0
1984378,0
1984486,28
1984871,15
1986737,9
1986831,18
1987504,3
1987546,11
1987939,1
1987949,1
1988392,19
1989731,1
1990045,0
1992421,0
1992676,5
1992751,0
1993323,1
1993623,10
1993835,70
1994398,14
1994574,42
1994679,1
1995090,1
1995454,5
1995509,67
1995605,9
1995717,0
1998829,54
2000611,17
2001022,64
2004909,0
2006452,5
2006671,1
2006699,0
2007323,0
2007357,6
2007504,74
2008217,10
2008227,73
2008441,27
2008809,3
2008898,0
2010429,0
2010787,1
2010839,11
2010943,13
2011212,10
2011504,47
2011521,38
2012029,17
2012360,0
2012368,83
2012750,1
2013807,85
2013882,52
2014701,6
2015094,55
2015168,83
2015586,2
2015996,1
2016502,0
2016834,11
2017012,0
2017316,2
2017397,33
2017517,16
2018602,0
2018951,6
2020576,54
2021064,0
2021284,5
2021634,32
2022126,1
2022520,1
2022728,13
2022729,85
2022938,11
2023081,23
2023454,76
2026088,7
2026434,1
2026697,0
2027350,0
2027406,37
2028056,0
2028268,0
2028272,4
2028432,23
2028625,1
2028787,2
2028925,47
2030001,35
2030357,3
2030899,0
2031495,9
2031673,5
2032345,0
2032727,5
2032879,1
2033605,5
2033730,57
2033924,0
2034359,30
2036105,54
2036424,11
2036690,1
2037130,2
2037582,7
2037951,2
2038017,33
2038314,8
2038381,10
2038471,0
2039945,62
2041041,46
2041837,3
2042764,15
2043060,8
2043289,73
2044392,1
2044873,54
2044889,18
2045488,1
2045556,59
2045727,76
2045847,9
2045929,7
2046173,33
2046584,3
2046789,45
2048479,0
2048796,5
2049363,21
2050039,1
2050060,10
2050368,16
2053822,8
2053926,15
2054032,1
2055303,59
2055614,13
2055671,2
2056307,3
2056330,0
2056789,3
2057295,12
2057315,9
2057326,14
2057358,1
2057534,2
2057553,4
2057944,19
2060612,44
2061563,18
2061811,3
2061814,26
2061897,40
2063239,1
2063922,4
2065391,27
2065985,0
2066046,83
2066165,41
2066451,2
2066623,0
2066846,5
2067115,0
2067359,7
2067365,0
2067773,14
2067928,22
2069027,0
2069709,2
2069779,0
2069864,21
2070083,2
2070542,6
2070612,49
2071021,0
2071265,0
2071420,79
2071446,63
2072126,7
2072321,0
2074833,15
2074912,14
2074985,4
2075568,53
2075619,30
2075758,0
2076018,11
2077748,0
2077763,0
2078075,5
2078687,0
2078886,0
2079671,11
2079686,23
2079789,50
2080861,83
2081177,5
2081394,3
2081408,0
2081438,0
2082694,0
2083547,25
2083671,20
2083749,30
2083940,12
2084109,31
2086828,11
2086868,0
2087020,3
2087343,45
2087898,4
2088095,3
2088158,1
2088272,0
2088316,8
2088389,1
2088444,70
2088725,31
2088969,5
2089173,18
2089273,3
2089492,16
2089581,1
2089745,36
2089773,1
2091204,0
2091483,0
2092422,45
2092611,7
2092976,2
2093477,8
2093858,8
2094213,3
2094262,0
2094265,49
2094411,1
2095829,7
2096581,14
2096641,82
2096968,69
2097205,0
2097607,1
2097795,7
2097912,2
2098030,5
2098664,0
2098850,0
2100174,19
2101112,21
2101167,60
2101200,14
2101323,25
2101884,22
2102492,31
2102493,5
2103480,0
2103544,0
2104119,55
2104472,25
2104539,5
2104622,3
2104626,3
2104910,63
2105618,53
2107372,0
2107939,67
2108424,8
2108481,4
2108635,0
2108784,4
2108851,29
2110493,2
2110938,79
2111172,35
2111463,11
2112808,18
2113934,6
2114989,2
2115424,24
2115662,26
2115773,4
2115809,4
2116940,5
2118063,21
2119582,1
2120677,62
2120808,13
2122613,0
2123079,21
2123284,4
2124414,4
2124473,0
2124536,28
2124808,8
2124906,0
2124910,69
2126194,0
2126830,0
2126987,0
2127377,5
2127767,46
2128464,0
2128761,10
2129515,6
2130312,3
2130315,44
2130742,14
2131089,0
2131349,8
2131472,10
2131515,30
2132248,3
2133714,4
2135434,23
2135489,52
2136200,1
2137111,1
2137165,5
2137823,47
2138787,3
2138900,4
2139532,4
2139828,20
2140284,79
2140434,4
2140544,3
2141411,71
2141549,87
2141612,65
2141667,78
2142130,1
2145209,0
2145620,67
2145759,69
2146145,2
2148025,76
2148625,10
2149184,0
2150596,6
2150727,0
2150750,3
2151235,13
2151558,13
2152948,23
2153173,27
2153435,77
2154313,8
2155583,43
2156111,27
2158022,2
2160591,21
2160982,27
2162874,1
2162974,0
2163313,20
2164135,57
2164707,59
2164992,2
2165107,4
2165549,1
2165679,4
2165795,6
2168443,0
2168753,0
2168932,43
2169722,15
2170025,15
2170383,25
2170618,0
2170644,1
2171340,0
2171701,38
2171712,45
2171809,0
2171886,12
2172544,21
2172601,0
2175577,0
2175879,73
2176017,63
2177753,3
2177876,2
2177930,0
2178042,0
2178408,5
2181941,16
2182077,24
2182804,28
2182810,10
2183423,73
2183826,10
2186138,0
2186452,0
2187682,14
2188869,44
2189115,0
2189129,0
2189742,48
2191591,3
2191612,0
2192845,27
2193537,6
2193896,57
2194263,8
2196666,3
2197283,62
2197725,1
2198112,22
2200247,9
2200962,0
2201581,4
2202422,0
2202858,0
2203154,0
2204022,1
2204313,26
2204397,10
2204672,0
2206900,0
2206957,0
2207015,5
2207684,0
2209445,0
2209653,16
2209722,6
2210281,6
2210421,1
2210675,39
2210906,12
2213715,28
2214256,56
2214323,64
2214534,1
2214689,3
2215631,2
2216470,0
2217686,24
2219962,1
2220415,1
2220431,8
2220830,0
2221988,26
2222889,10
2223289,1
2223399,2
2223628,8
2225865,0
2226217,6
2226305,39
2227377,0
2227913,4
2228824,83
2231564,3
2231814,0
2232600,8
2232697,29
2236318,4
2236458,0
2237063,3
2237495,9
2237851,1
2238030,3
2238389,12
2238435,0
2240038,8
2240196,1
2241434,1
2241816,45
2242066,6
2242525,15
2243081,9
2243180,7
2243184,15
2243266,12
2243275,0
2243321,42
2243540,0
2243984,0
2244009,3
2247803,66
2247822,3
2248204,0
2248215,6
2249059,7
2249872,21
2249928,0
2250790,6
2252844,0
2253397,0
2254269,0
2254428,7
2254469,0
2254505,2
2254654,29
2255005,1
2255501,6
2255578,8
2256415,65
2256979,0
2257190,3
2259344,0
2259483,23
2260342,0
2260572,3
2260659,0
2261018,1
2261215,0
2261269,2
2261693,0
2262805,61
2262865,0
2262934,28
2263248,1
2265778,0
2268084,3
2268632,2
2268888,3
2268947,1
2271504,0
2271792,34
2272080,1
2272242,0
2272500,0
2272739,0
2273473,0
2273613,2
2273733,2
2273936,60
2274334,26
2274651,6
2274687,16
2276666,28
2277287,9
2277707,4
2277785,0
2278677,4
2279335,1
2279433,3
2279517,12
2280843,2
2281041,1
2281142,0
2281829,1
2281866,1
2282122,7
2282819,7
2282962,0
2283001,37
2283101,8
2283304,19
2283499,0
2284013,2
2284027,84
2284454,0
2284809,0
2284894,5
2285132,2
2285167,10
2285201,1
2285351,0
2285355,0
2287415,15
2287894,0
2289119,0
2289612,83
2290017,40
2290620,6
2290645,86
2290915,0
2291291,6
2291536,1
2292275,10
2295816,30
2295924,0
2296024,4
2296312,0
2297058,20
2297259,1
2297549,37
2297963,1
2298711,0
2298731,26
2299633,1
2302589,1
2302803,1
2303039,8
2303583,0
2303955,30
2304663,2
2304963,7
2305025,2
2305890,10
2307448,4
2307885,5
2309289,9
2309559,1
2310275,31
2310791,25
2312939,12
2314398,13
2314406,19
2314930,3
2315543,23
2316244,0
2318157,73
2318184,36
2318229,19
2319613,1
2320028,83
2320581,47
2322972,16
2323502,47
2323714,84
2324453,3
2324519,0
2326595,5
2328686,76
2328749,2
2330911,0
2331148,1
2331154,18
2331499,18
2332006,8
2332284,25
2332880,4
2332990,0
2334411,54
2336995,35
2338082,22
2339411,0
2339446,17
2341778,10
2342930,13
2342957,4
2343208,77
2343665,56
2344751,12
2344783,1
2344953,1
2346089,0
2346243,1
2346296,9
2346416,84
2346671,7
2350664,17
2352953,3
2356684,10
2356850,0
2356989,10
2357070,22
2360565,37
2361050,7
2362207,21
2362306,5
2362357,44
2365645,1
2366509,19
2366524,1
2367243,1
2367254,16
2367767,0
2370610,6
2371377,0
2371632,71
2372540,65
2372591,63
2372629,1
2372740,24
2373339,25
2373363,2
2373948,50
2374700,0
2374963,5
2375015,4
2377695,34
2378593,17
2379786,0
2385251,0
2385779,71
2386897,4
2387035,1
2387693,7
2389329,6
2390214,0
2392301,38
2392861,19
2395670,0
2396249,4
2398423,9
2398691,72
2399434,21
2399671,24
2400073,18
2400215,59
2404708,54
2405613,1
2407196,47
2410200,59
2411866,5
2412294,0
2412940,15
2413507,14
2414063,3
2416016,56
2416104,11
2416191,0
2417509,1
2417616,7
2419242,1
2419890,11
2419950,9
2420026,80
2420589,3
2424646,15
2425222,2
2425318,9
2425980,1
2426057,2
2426507,0
2429575,9
2431607,17
2431784,0
2432032,14
2432545,72
2432622,4
2433604,65
2435576,11
2435838,45
2437594,29
2437965,78
2442330,0
2443113,0
2445093,21
2445715,72
2445856,7
2445905,9
2446430,51
2446543,0
2446954,0
2447138,1
2447171,1
2447467,59
2447634,1
2447847,84
2452769,66
2453608,1
2453739,5
2453855,1
2454667,9
2455215,4
2457182,2
2457754,0
2457755,18
2458095,0
2458512,33
2460303,0
2460578,30
2460683,1
2461562,5
2461673,79
2461829,2
2462248,1
2462451,0
2464673,16
2464679,3
2464886,56
2465460,2
2465962,1
2466627,7
2467546,6
2467882,0
2467963,10
2468167,0
2468171,1
2468186,16
2472215,5
2472461,0
2472636,22
2473110,18
2473861,52
2477444,1
2477543,12
2477717,10
2478415,71
2478441,83
2478825,16
2479144,70
2479193,5
2480788,3
2482319,0
2483196,5
2483497,0
2484057,4
2487569,0
2487728,37
2488022,0
2489313,9
2489407,78
2489615,19
2493176,5
2493201,9
2493601,10
2495596,0
2495691,10
2495824,73
2495893,26
2496331,70
2500087,0
2500390,8
2501519,1
2501809,4
2505219,0
2505890,1
2506158,61
2508024,5
2508175,0
2509822,73
2510394,32
2511914,3
2512871,0
2513351,0
2513706,0
2513864,0
2514272,4
2514760,20
2514831,57
2515147,0
2515634,3
2515876,1
2516206,14
2516430,4
2517989,13
2518372,0
2518907,0
2519112,46
2519255,0
2521691,0
2523629,6
2524034,78
2524523,25
2526386,5
2526437,4
2526673,8
2528636,44
2529170,8
2530004,3
2530057,0
2530145,3
2530757,2
2531212,2
2531815,0
2532144,0
2532197,14
2532443,1
2532731,4
2534869,41
2536263,1
2537390,22
2537745,74
2538248,75
2539413,0
2539759,0
2539811,4
2540173,9
2540393,0
2543303,15
2544154,31
2547198,64
2547570,3
2547619,8
2550012,10
2550075,7
2552636,13
2553097,53
2553391,49
2554110,15
2558392,5
2560334,3
2560546,43
2561229,86
2562621,9
2563135,16
2563967,19
2565071,9
2565611,4
2566451,0
2568543,1
2568874,64
2569108,1
2569323,5
2570488,53
2571133,57
2571217,37
2571283,4
2575762,1
2576206,0
2578731,2
2586199,0
2586328,1
2586484,20
2586788,14
2592080,51
2592259,3
2594067,8
2594162,0
2594380,15
2598145,13
2598767,4
2600692,1
2601449,86
2603870,42
2604156,0
2605015,72
2605966,7
2606145,0
2606370,4
2606383,7
2607517,1
2607575,1
2608391,7
2608483,6
2608680,1
2608700,0
2610922,1
2611765,1
2612011,1
2612572,72
2613681,5
2613864,1
2617515,9
2618627,5
2620661,33
2620837,9
2625214,3
2625559,67
2625766,19
2626256,0
2627425,5
2628191,4
2629613,76
2632699,57
2633717,3
2634235,85
2634554,84
2634573,6
2634576,16
2635078,3
2635711,48
2636396,6
2636643,0
2636744,4
2636762,86
2636987,86
2640467,39
2643039,0
2644542,4
2645448,1
2645558,22
2645561,5
2648761,1
2648957,23
2651107,0
2651125,15
2651650,16
2652871,1
2653186,17
2653411,0
2653544,7
2653644,25
2656101,4
2656619,6
2657213,53
2657689,0
2657791,80
2658113,28
2659165,4
2659448,76
2659732,3
2661098,5
2664975,11
2665579,85
2668311,26
2668770,13
2672220,0
2673792,62
2674784,71
2674884,25
2676453,45
2676692,5
2677617,0
2677643,7
2677706,9
2679171,59
2682471,14
2682974,6
2683387,12
2683438,21
2684480,1
2685701,5
2685819,78
2685940,30
2686412,79
2686639,51
2687332,13
2687464,0
2687567,42
2690557,38
2693580,17
2694111,13
2694288,22
2695042,59
2695367,19
2698206,12
2698645,81
2699454,42
2700296,15
2701047,5
2701572,5
2701910,0
2701991,80
2702053,78
2707344,1
2707450,74
2707819,7
2708262,3
2709923,8
2709979,15
2710417,1
2710543,13
2712028,0
2713695,4
2716762,0
2716889,10
2717461,7
2721778,87
2721883,1
2722391,0
2722983,33
2723019,1
2723303,26
2724993,15
2725385,81
2727166,18
2727766,5
2728126,79
2729395,19
2729913,66
2730497,47
2730652,13
2736264,7
2737955,0
2738161,0
2738377,7
2738669,75
2739112,73
2739832,0
2740125,18
2740253,2
2740389,83
2743443,0
2743624,3
2747058,7
2747712,3
2747978,20
2748016,0
2748239,1
2748493,5
2752482,35
2754006,79
2754728,1
2755951,0
2756525,82
2756829,4
2756847,2
2757036,22
2759978,0
2760590,24
2760968,84
2761390,0
2761766,3
2763303,6
2763675,13
2764392,12
2764516,22
2768188,0
2769505,3
2769623,2
2770230,5
2770914,2
2771141,7
2771668,71
2773698,6
2773754,13
2774189,84
2774381,6
2774934,81
2777719,1
2781747,14
2783786,17
2784311,1
2786015,68
2789724,24
2790742,0
2791400,0
2791848,43
2793630,3
2794880,34
2798608,21
2800150,5
2800327,7
2801603,61
2803462,7
2803507,8
2803785,12
2804065,13
2804103,1
2806791,88
2808257,8
2808477,1
2808880,0
2809027,3
2809975,28
2811585,2
2811703,66
2814076,2
2815748,60
2815750,3
2816854,1
2818471,72
2818530,26
2819086,5
2821079,0
2823012,77
2824253,82
2824484,28
2824553,71
2825322,13
2825336,2
2825539,5
2827615,27
2829821,38
2829832,0
2831378,1
2831639,0
2833834,8
2833998,4
2834328,1
2834421,40
2835159,0
2835738,36
2836345,65
2838319,6
2842830,47
2843185,2
2848235,81
2848276,8
2848532,36
2849477,10
2851945,1
2853085,11
2853557,84
2854979,73
2855220,33
2856036,2
2858010,67
2858120,3
2858430,0
2862466,66
2862900,7
2864385,0
2864480,3
2864637,1
2865370,2
2866217,35
2867463,7
2872666,2
2874602,0
2874695,1
2874932,13
2875203,5
2875509,41
2875653,0
2876055,39
2879157,4
2880895,22
2881692,0
2886357,0
2887581,0
2887761,22
2888261,0
2888818,18
2888877,0
2889781,11
2892280,9
2892709,63
2892830,67
2894055,0
2894146,5
2895820,79
2897100,69
2897471,69
2897985,4
2898338,1
2899082,1
2899116,1
2904571,0
2904661,27
2905572,70
2906940,21
2908258,3
2908420,0
2909690,10
2912886,0
2913960,55
2913978,1
2914445,48
2917698,19
2918225,29
2918704,0
2918764,1
2919081,12
2919287,0
2919377,5
2919875,0
2925138,0
2925888,0
2926508,1
2927005,9
2927487,45
2931544,5
2931859,25
2932027,60
2933406,14
2935329,2
2935897,46
2936054,33
2936192,75
2939514,11
2939670,38
2939958,1
2940007,0
2940762,1
2941688,18
2942129,57
2942211,19
2943334,4
2943641,34
2943724,11
2946155,5
2947668,2
2949128,39
2949790,0
2950178,0
2950627,27
2952861,2
2953058,2
2954989,12
2957425,32
2958344,1
2959168,55
2959682,0
2960080,8
2964260,1
2965557,10
2967375,50
2967792,8
2968070,87
2968964,14
2969663,3
2969722,0
2969803,66
2969919,36
2973962,1
2975389,1
2975604,9
2976875,1
2977232,81
2977482,0
2977643,11
2978053,4
2978697,3
2978825,6
2979650,13
2979775,4
2979871,11
2980355,71
2983952,10
2984662,0
2985279,9
2985678,74
2986847,51
2987015,2
2988045,6
2989428,12
2989596,32
2993952,24
2994536,7
2994541,38
2994648,3
2994659,24
2995368,47
2996823,2
2997377,3
2997824,2
2998230,0
2998911,1
2999527,5
3002478,11
3002746,0
3003127,8
3003386,59
3004348,87
3004969,6
3005261,26
3005990,3
3005994,11
3006318,68
3010571,9
3010978,16
3011058,26
3011417,7
3011497,0
3013136,57
3013158,1
3013383,1
3013404,14
3013668,1
3015711,17
3016563,81
3018278,0
3018422,1
3019264,0
3021617,1
3022063,51
3022247,12
3022777,41
3025885,40
3026737,12
3027445,2
3028186,23
3029723,1
3031514,16
3031660,2
3032110,49
3032355,0
3033723,6
3035054,33
3035621,29
3036132,1
3037002,1
3037740,9
3038732,1
3038781,7
3039186,51
3039888,2
3040654,20
3040917,0
3041889,11
3042547,29
3042553,66
3042980,74
3043127,6
3043416,0
3043425,29
3043548,18
3047340,0
3047757,74
3047903,1
3048226,89
3048321,4
3051679,4
3052214,7
3052285,5
3052726,38
3057844,1
3058995,4
3059025,84
3059383,50
3060745,21
3060766,12
3061093,0
3061221,65
3063513,1
3064153,68
3065612,29
3065812,1
3065911,50
3066652,9
3066976,38
3067062,5
3067277,1
3068047,0
3070876,24
3072242,8
3072757,10
3073195,0
3075343,3
3075657,1
3076051,0
3079237,18
3079567,71
3081281,11
3081335,0
3081454,0
3081756,72
3082406,51
3082988,0
3083026,67
3083249,65
3083966,43
3085185,3
3089264,5
3089577,8
3090315,4
3090922,16
3092322,8
3093240,74
3093762,4
3095016,11
3095023,75
3095119,29
3095348,3
3095550,47
3095682,1
3098703,61
3099573,2
3100440,1
3100555,0
3100927,20
3101746,0
3103596,3
3103784,10
3104253,34
3104543,1
3105086,18
3105137,14
3105572,7
3105712,64
3105849,4
3106051,1
3110281,0
3111195,68
3112608,52
3112872,0
3112953,6
3112966,2
3115710,9
3116166,0
3116327,2
3116519,0
3120723,0
3121011,57
3122230,0
3124456,1
3125426,67
3129731,6
3129888,15
3131794,3
3131982,3
3133055,35
3133621,0
3133754,3
3136014,0
3136318,6
3136535,5
3137069,0
3137906,48
3137920,0
3138699,0
3138937,0
3139073,28
3139181,0
3139489,40
3139623,10
3140375,6
3142216,0
3143311,3
3144094,0
3152039,0
3152701,38
3152724,2
3152841,0
3154590,3
3156460,52
3156969,83
3157330,0
3157420,2
3157747,11
3164639,4
3165063,7
3165190,6
3166540,9
3166564,14
3166797,0
3167520,1
3168163,0
3172778,1
3173148,26
3173685,42
3174292,54
3174902,0
3174948,0
3175023,79
3175204,76
3175209,49
3176553,0
3176781,9
3176874,81
3180308,9
3181376,0
3182176,4
3183018,7
3183201,11
3183339,8
3185037,50
3185529,17
3185712,0
3185718,0
3185829,32
3185840,0
3185977,1
3186147,18
3191358,3
3191450,8
3191779,0
3191925,20
3192969,0
3194049,33
3194510,6
3194552,0
3196836,2
3198114,3
3199022,53
3199633,24
3199891,49
3200713,31
3200785,58
3201161,0
3208196,65
3208864,56
3208895,1
3208908,0
3208922,17
3209319,1
3209685,0
3209866,0
3209980,71
3210405,54
3212922,8
3213127,32
3213712,0
3215660,83
3215722,0
3216134,23
3216238,10
3216247,1
3217153,7
3217196,2
3217684,72
3217808,12
3218526,73
3218787,71
3219401,0
3219928,0
3220028,3
3220178,37
3220820,75
3222262,74
3222510,4
3224913,35
3225390,56
3225440,4
3225975,22
3226454,0
3226489,74
3228049,5
3229157,4
3231562,25
3235070,18
3236301,27
3236919,8
3237048,8
3237052,2
3237069,8
3237524,4
3237602,1
3238109,0
3238431,10
3238517,12
3240903,9
3241074,4
3241287,11
3241486,44
3241882,31
3242138,0
3242167,2
3244360,1
3246086,0
3247463,77
3248306,12
3250448,77
3250977,19
3251113,10
3251148,54
3251638,0
3251901,0
3254762,1
3261569,45
3261740,4
3262760,9
3262855,1
3262961,22
3263039,0
3263260,39
3263561,0
3263650,0
3263680,0
3264261,12
3264348,0
3265410,24
3267114,0
3268008,26
3269126,1
3270428,7
3270809,3
3271549,7
3271767,0
3271893,8
3272159,0
3272161,15
3272201,10
3272466,2
3272610,0
3272721,1
3272778,4
3273170,51
3273182,0
3276963,2
3277079,1
3277684,7
3278158,68
3278436,3
3278631,0
3278758,50
3279446,0
3280787,0
3282274,27
3282726,72
3283019,1
3283284,3
3283405,8
3283729,4
3283741,0
3283782,30
3283867,1
3284019,24
3284085,10
3284230,20
3288710,22
3289376,6
3290309,26
3291524,7
3292042,38
3292224,11
3293357,5
3293488,2
3293528,84
3293577,1
3293918,74
3294131,23
3297016,29
3297255,0
3299862,27
3301118,7
3302259,41
3302463,21
3302921,58
3303165,75
3303211,3
3303273,0
3303335,11
3303382,63
3303873,17
3304163,3
3304307,62
3304505,86
3304670,26
3304732,0
3307936,3
3308942,0
3309377,2
3309572,36
3309761,0
3309982,44
3310662,3
3311235,7
3311412,83
3311821,38
3311830,79
3311834,77
3312276,53
3312417,38
3315355,41
3316191,15
3317039,0
3318524,1
3319685,15
3320635,1
3321432,5
3324203,81
3324250,7
3325297,19
3325310,18
3325584,5
3325617,81
3326000,15
3329145,1
3334360,0
3334616,2
3334756,1
3337585,4
3337808,3
3338062,7
3338552,0
3339205,0
3340276,5
3340780,46
3341682,3
3341986,15
3342681,4
3343299,1
3343671,1
3344168,6
3344400,4
3351165,11
3351364,10
3353282,3
3353422,0
3354484,8
3354795,12
3354829,1
3355024,18
3357882,13
3359768,77
3360896,28
3361203,42
3361370,4
3361783,6
3362302,0
3362363,1
3363182,6
3363845,1
3363926,1
3364021,0
3364669,0
3368441,12
3368609,31
3368741,38
3369100,50
3370103,23
3370151,16
3370435,0
3371089,8
3371155,1
3371770,22
3372573,7
3372925,0
3373030,29
3375448,86
3376567,19
3377193,9
3377697,0
3378268,39
3378289,5
3378627,77
3380197,62
3380546,5
3382507,41
3383066,4
3383382,11
3383516,4
3383816,2
3384323,0
3384875,35
3385332,0
3385338,68
3386226,47
3386269,3
3386587,13
3386696,75
3386746,1
3390242,9
3391220,7
3391548,0
3392418,9
3393705,7
3393798,6
3394798,59
3395099,7
3395681,13
3398697,1
3400645,7
3400739,64
3400929,0
3401175,2
3401937,64
3402068,5
3402415,6
3402562,13
3404247,1
3404313,47
3404472,86
3404668,82
3404892,2
3408897,14
3409820,77
3409926,28
3410470,36
3410557,4
3410850,2
3411006,67
3411086,85
3411380,9
3411815,6
3411912,1
3412893,1
3413783,1
3413981,0
3414084,18
3414182,2
3414653,47
3414843,1
3414885,14
3415582,8
3415829,1
3416118,30
3420223,9
3420526,63
3420546,64
3420707,14
3421020,31
3421589,4
3421605,64
3421607,0
3424943,91
3425054,9
3426149,69
3429765,41
3430107,1
3430453,75
3430612,0
3431377,19
3431378,69
3431674,3
3434075,4
3434284,67
3434454,14
3434471,1
3439131,65
3439207,6
3439298,2
3439664,37
3439687,2
3439781,0
3440226,0
3440523,1
3440741,3
3441127,2
3441221,4
3441604,4
3441729,5
3441930,80
3442067,9
3442140,0
3445138,11
3446036,32
3447361,63
3447448,2
3447964,0
3448303,3
3448563,12
3448776,2
3449575,47
3450210,2
3451983,11
3452009,22
3452623,9
3452809,43
3453624,25
3453750,2
3454212,6
3454343,47
3454662,1
3454893,3
3456576,85
3457338,0
3457802,0
3457822,75
3457987,0
3458525,40
3459384,33
3460129,12
3461872,1
3462475,0
3462561,70
3462626,2
3462871,0
3462975,0
3463475,78
3464645,28
3464706,1
3465310,45
3465329,1
3465351,9
3465407,6
3465604,7
3465607,4
3465651,52
3465972,15
3466675,17
3466842,1
3466991,0
3467257,5
3467267,7
3467587,5
3467959,10
3468044,69
3468092,8
3468914,0
3468919,4
3469115,9
3469771,80
3473305,24
3473778,12
3474011,4
3474320,72
3475693,2
3476105,36
3476131,0
3476195,1
3478624,4
3478813,1
3479461,28
3479614,61
3479639,61
3479881,14
3482707,15
3483278,0
3483699,1
3485146,3
3485641,14
3486029,52
3487236,49
3487445,1
3487886,6
3488283,3
3488332,1
3489004,2
3489242,6
3489450,58
3489484,77
3489608,13
3490209,17
3490317,85
3490322,0
3492910,20
3494876,6
3496438,0
3496976,1
3497198,5
3497765,73
3498602,43
3498763,12
3498895,11
3499016,1
3499174,15
3502581,20
3503249,0
3503403,8
3505276,15
3507112,16
3508355,1
3510705,28
3510790,5
3511778,17
3511898,7
3512428,44
3513138,77
3513270,15
3513303,71
3513651,3
3513960,47
3516700,75
3518114,22
3518682,59
3519172,19
3519923,64
3520094,12
3520756,21
3521124,11
3521318,64
3522329,9
3522472,1
3522513,7
3528438,34
3528709,1
3529442,7
3529888,10
3529893,3
3530395,1
3530517,45
3531018,78
3531190,0
3531681,74
3531850,0
3532067,21
3532338,28
3533180,22
3533208,3
3533549,0
3533669,12
3533777,57
3534012,80
3534137,3
3534256,0
3534379,60
3534443,49
3538463,82
3538727,0
3539882,1
3539952,1
3540722,64
3541464,1
3542044,27
3542523,64
3543227,49
3543534,4
3544113,9
3544719,4
3544796,0
3544899,46
3545066,5
3545591,0
3548133,37
3548393,8
3548691,6
3549126,35
3549478,42
3549798,71
3549819,2
3551598,83
3552405,6
3553361,3
3553398,0
3553679,23
3553713,30
3554230,5
3554287,0
3556241,0
3556615,21
3557570,14
3557831,16
3558578,0
3559005,1
3559450,1
3559515,5
3559871,0
3561338,72
3561417,0
3562245,11
3562445,9
3563035,1
3563047,40
3563251,4
3563271,61
3569229,1
3569570,18
3570201,7
3570470,48
3570528,1
3570985,3
3571021,8
3571154,12
3574063,4
3575238,1
3575453,1
3575487,0
3575859,3
3575918,0
3576390,0
3577101,62
3577693,22
3578028,1
3581652,9
3582007,0
3582449,3
3584455,50
3584703,2
3585049,13
3585334,12
3585754,3
3586203,0
3590337,45
3590483,0
3592179,6
3593311,0
3593385,10
3593491,7
3593824,14
3594671,5
3595484,1
3595503,1
3595554,55
3595987,0
3596230,6
3598245,9
3600457,77
3600961,6
3601086,6
3601377,3
3601447,2
3601900,7
3602534,14
3603287,0
3603366,12
3603426,9
3603979,5
3604199,29
3604551,4
3605076,0
3605287,1
3605524,38
3605626,7
3605896,20
3606459,0
3610854,16
3613067,19
3613161,26
3613612,7
3613761,11
3613854,3
3614079,43
3614621,7
3615796,41
3616001,1
3616769,48
3617350,2
3617430,5
3617494,50
3619399,1
3619705,36
3622012,2
3622797,86
3623201,8
3623673,8
3623946,25
3624380,3
3624387,12
3624653,13
3625075,12
3625713,0
3626302,83
3626408,0
3626719,0
3627326,3
3627468,6
3628190,9
3628228,1
3628267,27
3628961,2
3629141,47
3629217,58
3629381,1
3631473,57
3633634,10
3634361,7
3635322,19
3635348,67
3635420,0
3635624,4
3635919,0
3637029,5
3638053,1
3638235,2
3638852,7
3641687,0
3642033,0
3642278,8
3642325,14
3643392,57
3643801,3
3644017,11
3644037,1
3645072,5
3645866,5
3645996,1
3646059,37
3646212,1
3646638,12
3650207,0
3650528,16
3652230,20
3653037,32
3654420,40
3654510,5
3655367,72
3655688,1
3661644,49
3661864,0
3662198,2
3662795,38
3663178,87
3663423,1
3663798,45
3664094,7
3664473,2
3664481,0
3664892,2
3665721,18
3666015,1
3666146,25
3666617,22
3666653,78
3666884,4
3667653,0
3667692,0
3667717,3
3667895,2
3667915,23
3671653,50
3672455,0
3673772,82
3673774,34
3674594,15
3674757,67
3674937,0
3675270,0
3675568,29
3676461,25
3676625,5
3677309,44
3677436,7
3677466,0
3677638,10
3677737,3
3677995,12
3678064,5
3678357,60
3678829,8
3679179,9
3682839,64
3683236,3
3684302,18
3685591,2
3686256,0
3687840,4
3688197,8
3688368,7
3688940,5
3689140,66
3693008,5
3693222,10
3693262,19
3694030,40
3694268,4
3694441,9
3694643,0
3695178,59
3695375,54
3695463,14
3696043,18
3696224,11
3696746,16
3696946,9
3697432,36
3698241,17
3701381,12
3701890,11
3703129,59
3704081,0
3704297,75
3704729,5
3704891,1
3705030,1
3705088,2
3705368,11
3705495,29
3705534,1
3705673,3
3708542,16
3709294,79
3709567,45
3710434,0
3710483,2
3710661,67
3711096,7
3711208,0
3712133,10
3712330,74
3712846,12
3713028,3
3713031,62
3716193,69
3718713,3
3719330,16
3719701,11
3721036,1
3721826,0
3721904,42
3725902,17
3726665,66
3727206,26
3727861,0
3728240,6
3728953,0
3729469,16
3730645,52
3731388,11
3731534,3
3731689,3
3731871,1
3732008,48
3732059,1
3735175,8
3735483,8
3737180,4
3740402,17
3740809,4
3741457,60
3741504,1
3742373,2
3742413,0
3742519,0
3742785,0
3744465,22
3746945,5
3747392,9
3747505,3
3747567,46
3747855,1
3748401,0
3748684,42
3748804,16
3749338,19
3749528,0
3749971,13
3750568,64
3750917,0
3751570,52
3751737,20
3751894,83
3751919,4
3751932,46
3752352,0
3752605,4
3752872,18
3755001,5
3755474,4
3755748,11
3756098,9
3756488,5
3757178,12
3757461,63
3757859,50
3758296,40
3758495,12
3758686,78
3760029,59
3760158,13
3760740,13
3760824,2
3764301,1
3765411,8
3765646,5
3767079,56
3767267,18
3767674,6
3767801,8
3768796,67
3769052,35
3771687,28
3772617,0
3773787,3
3774556,0
3775379,3
3775659,36
3775857,0
3779523,2
3780206,6
3780715,44
3782016,78
3782082,0
3782283,0
3782441,0
3782457,0
3782579,20
3782925,60
3783173,7
3783231,0
3784298,0
3787893,4
3788637,19
3789400,0
3789685,5
3790048,17
3791176,5
3791464,0
3792227,2
3792507,0
3792523,33
3792732,1
3792910,72
3793002,7
3797867,82
3798941,83
3799541,29
3799598,83
3799995,7
3800187,5
3800332,0
3800789,1
3801007,17
3801368,86
3801701,19
3801950,5
3801977,1
3802218,84
3802538,74
3802582,3
3802908,16
3803154,8
3803194,4
3803201,18
3803622,11
3806630,0
3807983,16
3808405,3
3808709,2
3809988,3
3810334,73
3810864,1
3811171,74
3811578,1
3811639,82
3816424,0
3816450,62
3818259,65
3818298,22
3818999,2
3819304,18
3819656,0
3819946,71
3820498,4
3821364,0
3822296,46
3824057,2
3825362,7
3825437,2
3825743,24
3826908,21
3827231,10
3827442,15
3828097,12
3828098,4
3829387,0
3832444,9
3832863,11
3833644,26
3834786,29
3835052,28
3835132,6
3835244,27
3835334,0
3835345,4
3835611,0
3835681,79
3835740,41
3835948,35
3836180,6
3836199,59
3839258,9
3839365,58
3839717,2
3840200,16
3840286,12
3840719,12
3841033,3
3842694,30
3843916,7
3847681,0
3848431,3
3848810,0
3848877,21
3850182,9
3850237,5
3850254,8
3850967,9
3851183,13
3851498,26
3851571,14
3851719,18
3851770,4
3852141,3
3852261,56
3852538,55
3852580,0
3852660,0
3852988,5
3853079,17
3856570,28
3856583,39
3857180,9
3857462,9
3857687,17
3857863,69
3858386,15
3858785,0
3858822,4
3860590,79
3860762,4
3861299,14
3861301,0
3861569,3
3861713,4
3861885,5
3862154,1
3862328,76
3864528,0
3865141,91
3866389,21
3866536,5
3866540,21
3866888,2
3867293,0
3867351,81
3867525,0
3867632,1
3867739,7
3868052,11
3868344,49
3868719,0
3868981,64
3869282,1
3869335,48
3869436,13
3869967,13
3870158,19
3870187,15
3870317,13
3870502,2
3870793,4
3870797,25
3873453,0
3874023,41
3874702,30
3875294,6
3876269,0
3876850,4
3877193,28
3877362,29
3878067,7
3878579,0
3878621,73
3880863,12
3880985,1
3881808,13
3883020,11
3884052,6
3888470,7
3888689,64
3888752,74
3889773,0
3890018,36
3890947,3
3892700,88
3894446,2
3894449,6
3894674,20
3895455,5
3895930,25
3896579,3
3896588,0
3896778,32
3897387,35
3897667,8
3898329,1
3898625,3
3898736,6
3901806,26
3903173,10
3903747,5
3906483,49
3906942,17
3907279,17
3907413,76
3907603,66
3907848,80
3907852,10
3908008,12
3908094,4
3908191,3
3908257,47
3908361,5
3911393,10
3911451,10
3911536,2
3911632,56
3911804,27
3911826,41
3912794,39
3912900,3
3913674,1
3913873,11
3914910,3
3915799,0
3915933,11
3916062,0
3916312,10
3916525,48
3916572,1
3916775,15
3916962,1
3917007,0
3917163,18
3917367,30
3920357,0
3920562,75
3921600,8
3921900,0
3922214,13
3922314,1
3922967,6
3924325,36
3924619,25
3924820,65
3925359,2
3925418,2
3928833,2
3929317,33
3929669,7
3930410,1
3930878,5
3930967,5
3931242,10
3932374,1
3932970,0
3933552,84
3933571,83
3936759,10
3936970,69
3937103,0
3937482,1
3937630,0
3938401,8
3938956,30
3939086,13
3939128,1
3939929,0
3939974,7
3940234,1
3942409,9
3943594,1
3943630,0
3943738,3
3944200,25
3944233,57
3944625,78
3945449,7
3945636,13
3945680,4
3945836,11
3946018,31
3946024,0
3946201,10
3946245,1
3949890,12
3950991,16
3951043,0
3951363,0
3952264,12
3952328,8
3952502,3
3952676,0
3952793,3
3953585,12
3953602,70
3954544,12
3959177,0
3959369,0
3962389,11
3963168,14
3965787,3
3967123,10
3967467,1
3967613,0
3967945,84
3968371,57
3968434,36
3968501,3
3968742,0
3969366,3
3969705,18
3970224,5
3970345,13
3970626,54
3971498,0
3971534,3
3971775,1
3971852,2
3971900,10
3971948,0
3972408,0
3972453,81
3972524,24
3974464,2
3976928,80
3976991,34
3978092,54
3978364,6
3978543,56
3978632,6
3978680,5
3979504,0
3979522,0
3979611,4
3979815,66
3980324,0
3980611,85
3984077,8
3984207,2
3984681,53
3985088,10
3985458,8
3985673,2
3986953,45
3987097,12
3987571,85
3987599,12
3987655,86
3989564,86
3992814,14
3993388,77
3993392,10
3993553,0
3994287,34
3994638,81
3998498,36
3999079,25
3999735,16
4000133,1
4000309,1
4000530,0
4000561,1
4003179,0
4003220,77
4003231,36
4003515,55
4004700,47
4004883,5
4006068,20
4007689,0
4007784,58
4008362,0
4011323,16
4012280,0
4012558,43
4013339,46
4013685,2
4013920,10
4014004,24
4015354,85
4015422,1
4015442,0
4016109,7
4016121,1
4016142,13
4016791,3
4020957,1
4021884,4
4021957,82
4023232,10
4023565,5
4023713,12
4024413,0
4024936,38
4025313,1
4025325,33
4025355,11
4025913,75
4026150,73
4031463,25
4031668,16
4033422,49
4033521,77
4033709,3
4037008,6
4037379,3
4037426,16
4037522,11
4038816,4
4039450,4
4040395,17
4040489,2
4040900,22
4041351,1
4041583,2
4043470,4
4043830,18
4044625,1
4047638,24
4047751,1
4047785,0
4047795,10
4047979,8
4047989,64
4048013,12
4048043,71
4050765,20
4052514,61
4052771,16
4052940,0
4053152,1
4053470,0
4053558,4
4053564,17
4053804,3
4053987,7
4054332,60
4056741,9
4057099,37
4057361,4
4058316,20
4058515,2
4058615,6
4058949,40
4059037,2
4059214,51
4059826,10
4060149,1
4060400,1
4060446,16
4060526,9
4060993,4
4060994,0
4061171,23
4063357,62
4065300,18
4066179,4
4066224,22
4067136,6
4067200,58
4068216,81
4068273,3
4068760,66
4069211,79
4069228,38
4069341,4
4069363,36
4069584,69
4070027,3
4070133,63
4070140,0
4070169,72
4073641,5
4073957,0
4074011,0
4074344,66
4075252,0
4075963,10
4076000,1
4081707,4
4081926,58
4082635,5
4083049,17
4083306,62
4083380,2
4083790,3
4084541,0
4084603,2
4085413,0
4085570,67
4085939,22
4086156,1
4088506,25
4088979,6
4089417,2
4090358,73
4090748,13
4092010,10
4092724,3
4092751,14
4092796,9
4093053,4
4093403,43
4093591,3
4093885,3
4095945,7
4096193,0
4097284,44
4098052,0
4098497,4
4098642,70
4098656,43
4098814,62
4099088,4
4099553,47
4099710,1
4102936,82
4103007,17
4103146,3
4103165,6
4103323,3
4103528,46
4103623,13
4103974,5
4104160,2
4104264,0
4104740,0
4104884,0
4104980,34
4105037,7
4106001,83
4106051,9
4108143,2
4108658,6
4108799,8
4108838,80
4108987,11
4109104,1
4109846,5
4110242,0
4111353,0
4111722,32
4112236,0
4112322,0
4112924,6
4113219,1
4113459,44
4115327,44
4116557,1
4117128,1
4117817,5
4118244,20
4119422,0
4119780,12
4120232,0
4120245,52
4121234,3
4121879,80
4122050,74
4122052,78
4122066,2
4122105,23
4125486,5
4125559,9
4125884,0
4126073,0
4126245,6
4126437,63
4126452,14
4126676,32
4126690,0
4126816,21
4127402,13
4127524,0
4128314,9
4128337,85
4129195,44
4129212,5
4129365,18
4129487,56
4129491,0
4129664,4
4129992,11
4130225,2
4130266,7
4130536,22
4131851,0
4132116,30
4133713,59
4134035,32
4135645,84
4135674,1
4135876,53
4136032,7
4136596,44
4136832,3
4137306,29
4137414,0
4137415,55
4137524,11
4137526,32
4137681,61
4137979,82
4141567,1
4141987,8
4142125,0
4144162,45
4144849,0
4145018,7
4145301,10
4145491,3
4145494,35
4146226,13
4149673,0
4150060,54
4151641,0
4151722,5
4151780,5
4152366,81
4152752,80
4153555,1
4154042,8
4155012,0
4155643,2
4155661,2
4156015,17
4156239,6
4156921,69
4157064,2
4157226,3
4157228,4
4157294,2
4157451,23
4157602,0
4158078,3
4161013,86
4162119,17
4162219,65
4162519,24
4162562,0
4162957,45
4162997,82
4163020,0
4163168,79
4163710,8
4163728,17
4163781,10
4163804,0
4164931,69
4165037,66
4165038,6
4165158,1
4166474,7
4166480,10
4169840,0
4170372,0
4170460,61
4171272,0
4171692,79
4172551,1
4173038,14
4173107,28
4173396,21
4173622,0
4173751,12
4173764,3
4173969,2
4174286,2
4174387,4
4174444,18
4174475,3
4174716,77
4177768,10
4178830,7
4180818,40
4181449,0
4181828,51
4181887,0
4182262,20
4182771,73
4182844,22
4183095,1
4183328,3
4183801,67
4184577,38
4187860,0
4187918,12
4188766,11
4188807,86
4188848,0
4189428,2
4189696,6
4189795,0
4190002,1
4190240,8
4190259,0
4190301,0
4190463,28
4191038,8
4191802,1
4191968,0
4194010,0
4194302,28
4195677,40
4195902,32
4196266,28
4196308,0
4197235,10
4197396,48
4197645,4
4197760,73
4198153,35
4198575,20
4198667,7
4199123,12
4199156,39
4199411,0
4199782,76
4201905,0
4202213,35
4203424,5
4203428,3
4203517,39
4203524,70
4203606,0
4203686,0
4204024,0
4204083,82
4204496,80
4205224,1
4205289,71
4205784,0
4205815,81
4205816,8
4206034,31
4206087,0
4208547,29
4208639,41
4209182,1
4209503,11
4210004,2
4210232,41
4211276,1
4211459,36
4212249,65
4212389,82
4214733,74
4214852,0
4215595,50
4216183,0
4216435,2
4216813,64
4216900,24
4217642,6
4217793,5
4218067,11
4218098,0
4218196,14
4218499,1
4218929,3
4219851,21
4221999,28
4222400,4
4223782,10
4224091,65
4224391,0
4224659,1
4224751,0
4225050,5
4225738,23
4226098,73
4226521,27
4226535,6
4226549,0
4226864,1
4227161,63
4227351,0
4227554,72
4227998,82
4228365,0
4231348,43
4232530,11
4232559,32
4233025,45
4234072,74
4234332,21
4234338,74
4235150,3
4235620,19
4235843,4
4236359,11
4236725,0
4240861,85
4240947,1
4241028,74
4241195,1
4241278,0
4241430,0
4241561,15
4243522,10
4244086,52
4244134,10
4244235,27
4244476,0
4244685,74
4245175,9
4248788,2
4249131,73
4250093,75
4250905,1
4250908,4
4251839,0
4251862,65
4251883,66
4252015,2
4252172,0
4252443,2
4252539,14
4255703,86
4256091,52
4256114,8
4257078,13
4257081,1
4257249,80
4257306,1
4257321,3
4257343,8
4257354,84
4257392,18
4257627,57
4257892,69
4258054,0
4258075,11
4258186,4
4258603,34
4258867,0
4261029,31
4261691,9
4261693,83
4261951,0
4262135,63
4262248,0
4262738,2
4262976,16
4262990,2
4263072,6
4263330,11
4263482,2
4263624,18
4263802,24
4263880,17
4263944,59
4264188,7
4265871,1
4267133,0
4270409,3
4270462,0
4270683,0
4270689,1
4271059,3
4271119,67
4273931,47
4274443,4
4274462,54
4274589,14
4274595,81
4274999,2
4276762,29
4277980,1
4278389,2
4278717,35
4278801,2
4279049,2
4279260,47
4279323,0
4279440,29
4279820,24
4280015,1
4280105,0
4281898,69
4282178,70
4283264,7
4283462,0
4284031,28
4284848,0
4285465,0
4285571,45
4285924,20
4286196,2
4286584,9
4286662,1
4287043,0
4287079,0
4287104,0
4287221,71
4287605,21
4288276,9
4288330,66
4291015,4
4292165,19
4293935,30
4294546,21
4294617,18
4294640,0
4295004,9
4295108,4
4295542,38
4296291,58
4296391,44
4296565,0
4296588,0
4296687,8
4296724,0
4296897,2
4299536,38
4301625,4
4301678,0
4302109,14
4302562,11
4302685,6
4302952,37
4302970,64
4303730,26
4303825,5
4304369,11
4304822,68
4305044,0
4305200,16
4307289,82
4308612,69
4308779,10
4308798,48
4309079,10
4309384,7
4310169,5
4311233,80
4311532,3
4311917,8
4311922,1
4312298,5
4315579,8
4316648,57
4316987,28
4317815,11
4318362,50
4322054,0
4322146,14
4324007,4
4324129,6
4324166,4
4324222,4
4324388,76
4324468,0
4325124,23
4325134,7
4325220,2
4325244,38
4325480,34
4325538,0
4325724,0
4329822,2
4330061,12
4330251,23
4331582,5
4332102,4
4332249,0
4333204,7
4333628,8
4333942,5
4334013,72
4334267,0
4334446,70
4334513,1
4334735,29
4335752,3
4338548,5
4339188,73
4339690,48
4339924,77
4340161,84
4341158,23
4341477,14
4341664,51
4341998,1
4342304,8
4342491,0
4343285,2
4343401,73
4343474,8
4343597,0
4344220,0
4345691,63
4346933,1
4347285,1
4347410,8
4347648,54
4348062,3
4348161,10
4348826,8
4349358,72
4349666,0
4350391,8
4350574,1
4351166,24
4351262,3
4351563,0
4352537,10
4354764,44
4355876,29
4356329,5
4356687,5
4357014,0
4357134,0
4357298,0
4357464,3
4357892,25
4358526,17
4358619,0
4359109,78
4359219,8
4359453,30
4359930,0
4362345,5
4362570,65
4362837,69
4362992,3
4363116,4
4363693,1
4364573,3
4364591,49
4364789,0
4365018,0
4365179,22
4365328,4
4365545,0
4365833,4
4366792,14
4367233,1
4368547,32
4369737,1
4371673,1
4371855,29
4371878,49
4371917,8
4372055,19
4372068,25
4372125,10
4372158,15
4374913,74
4375146,2
4375375,1
4376144,1
4377593,2
4377929,79
4377999,0
4378016,7
4378437,1
4379181,70
4383457,8
4383838,4
4384035,82
4384442,11
4384643,3
4385990,5
4386187,6
4386598,82
4387007,14
4387048,6
4387234,1
4387303,18
4387491,1
4387507,2
4387684,36
4388617,0
4391869,69
4392250,8
4392402,0
4393057,8
4393126,3
4393502,16
4393519,1
4393628,42
4394977,63
4395118,7
4395303,14
4395490,1
4395749,0
4395770,2
4395814,6
4396106,24
4396142,39
4396143,7
4396299,17
4399625,0
4400795,1
4401013,85
4401396,8
4401441,0
4401674,69
4402064,3
4402117,39
4402422,30
4403159,0
4403831,1
4404750,1
4405946,34
4408381,50
4409074,8
4409328,3
4410369,0
4411927,1
4412012,24
4412247,1
4412332,4
4412479,61
4415123,1
4415259,20
4416190,46
4416761,0
4417302,14
4417482,67
4418326,3
4418714,8
4418966,32
4421355,13
4421679,14
4421826,0
4421991,0
4422017,0
4422375,1
4422494,3
4422602,0
4422686,89
4422975,0
4423052,62
4423566,13
4423782,0
4423814,0
4424103,4
4424261,19
4424511,85
4426877,12
4428140,17
4428477,40
4428906,7
4429136,14
4429685,0
4429816,10
4430179,1
4430452,20
4430645,1
4430747,5
4430769,1
4430808,77
4430937,5
4431202,4
4431247,39
4431609,0
4434943,58
4435213,7
4435766,2
4436686,0
4436957,2
4437053,54
4437362,1
4438243,60
4438470,36
4438931,1
4438996,27
4439528,1
4439774,0
4440000,0
4440176,0
4440181,0
4440432,11
4440611,10
4440773,0
4443012,2
4444051,19
4444204,6
4445185,10
4445613,3
4445954,2
4446024,3
4446636,0
4446802,48
4447203,26
4447524,4
4447545,0
4447611,0
4447845,1
4447904,6
4447910,17
4448149,0
4448668,18
4449058,1
4449144,9
4449377,77
4449611,3
4452723,51
4453150,5
4453263,1
4453406,7
4453929,0
4453969,11
4454031,40
4454841,33
4456004,7
4456094,25
4456555,7
4456880,32
4457015,0
4460061,9
4460160,2
4461909,10
4462365,0
4462491,0
4464402,16
4464616,1
4465319,1
4465420,17
4466644,82
4466780,29
4468043,0
4468513,20
4469264,71
4469455,85
4469650,45
4469679,1
4470166,52
4470810,0
4471358,62
4471485,73
4471513,61
4472904,12
4472978,26
4473156,82
4473239,32
4473489,69
4473722,1
4474258,81
4474558,9
4474958,81
4475003,5
4475739,13
4475778,47
4475786,24
4476119,53
4476620,3
4476745,14
4476945,10
4476998,6
4477053,4
4479418,52
4479556,0
4479700,65
4480308,20
4481295,78
4482166,69
4483117,44
4483361,0
4483835,8
4483867,56
4484212,3
4484310,56
4484324,44
4484526,16
4484620,17
4484663,77
4484899,0
4485031,45
4485286,1
4489510,0
4490107,1
4490268,79
4491143,70
4491343,81
4492244,9
4492345,2
4493385,2
4493658,1
4493937,11
4494178,1
4494258,13
4494364,47
4494581,58
4494582,59
4494588,3
4494688,5
4494795,0
4494805,55
4495026,0
4497294,1
4497963,0
4498288,1
4498688,6
4498927,53
4499340,16
4499498,27
4499976,29
4500530,11
4500615,2
4500806,0
4501410,8
4501541,48
4501901,0
4502002,10
4502545,7
4502596,80
4503432,29
4503742,76
4504302,70
4504353,2
4508587,1
4509100,7
4509357,18
4509694,0
4510263,6
4510305,15
4511607,3
4511780,21
4511852,56
4512045,6
4512109,0
4512329,1
4513190,0
4514042,3
4514186,13
4516766,67
4516791,0
4517117,44
4517177,29
4517456,1
4517673,13
4517853,3
4518173,1
4518242,4
4518420,6
4519633,2
4519764,0
4520113,60
4520240,13
4520941,39
4522869,0
4524163,1
4524952,9
4525011,4
4525438,1
4526825,56
4529692,2
4530101,17
4530154,5
4530160,7
4531110,79
4531156,7
4531311,66
4531455,52
4531484,55
4531990,0
4532202,23
4532435,10
4533010,70
4533140,9
4533347,0
4536637,12
4536674,0
4536960,18
4537198,9
4537389,0
4537679,2
4538140,5
4538238,19
4538274,0
4538345,1
4538365,2
4538739,4
4538901,0
4539040,21
4539393,8
4539483,8
4540225,0
4540408,18
4540478,2
4540661,3
4540667,14
4541027,59
4541080,1
4541089,7
4545430,66
4545585,13
4545620,0
4545881,80
4546034,7
4546074,21
4546146,13
4546153,0
4546490,14
4546609,0
4546723,1
4546909,2
4547143,0
4548296,4
4548313,2
4549155,4
4549248,0
4549552,9
4549555,11
4549930,35
4550097,4
4550272,0
4550557,87
4550602,64
4550747,19
4553528,83
4553554,36
4553721,54
4554213,18
4554219,1
4554220,1
4554252,49
4554708,4
4555149,0
4555241,0
4555351,78
4555470,28
4556285,0
4556313,12
4556508,0
4556564,0
4557370,5
4557907,1
4558483,76
4558597,4
4559096,83
4559134,18
4559138,0
4559208,12
4559338,14
4559341,1
4559421,4
4559590,0
4559867,0
4563365,1
4564292,81
4564840,58
4565032,1
4565076,0
4565734,1
4565976,8
4565981,4
4566240,8
4566340,1
4566546,5
4567024,2
4567433,68
4567541,1
4567765,57
4567769,1
4568184,1
4568225,4
4568228,14
4568238,26
4568601,62
4570993,3
4571445,13
4571518,55
4572443,3
4572520,0
4572920,30
4573354,3
4573411,3
4573484,1
4573508,41
4573555,4
4573564,7
4573728,66
4573897,64
4574029,17
4574189,1
4574551,77
4575364,62
4575369,8
4575689,4
4575968,6
4576231,46
4578471,0
4579151,4
4579314,4
4579642,1
4579780,0
4579872,2
4580594,40
4580643,4
4580689,47
4581368,27
4581528,3
4581556,85
4581788,0
4581942,0
4582781,15
4584944,24
4585979,3
4587050,0
4587321,0
4587349,0
4587361,1
4587898,2
4588575,1
4588610,9
4588689,0
4588978,15
4588980,60
4589062,1
4589150,2
4589390,34
4589576,9
4592475,0
4592900,0
4594389,0
4594620,1
4594970,6
4595090,38
4595344,1
4595519,0
4595609,1
4596631,19
4597107,11
4597637,27
4597780,2
4597879,46
4598236,0
4598265,85
4599226,7
4601325,0
4601637,58
4602003,0
4602440,0
4602978,0
4603012,7
4603551,25
4603817,2
4604151,0
4604522,35
4604699,1
4604851,10
4604991,56
4605071,0
4605747,0
4606204,60
4606368,57
4606385,0
4607272,1
4607403,1
4607462,0
4607486,45
4607923,19
4608139,73
4609521,0
4610675,0
4611203,4
4611256,0
4611295,0
4612341,0
4612401,0
4613084,2
4613372,8
4613681,3
4614192,0
4614435,0
4614525,6
4614674,1
4614838,6
4614905,15
4615631,40
4615637,10
4615713,2
4615887,1
4615991,13
4616131,43
4616254,24
4616285,14
4616372,0
4616452,4
4616721,54
4616759,1
4616923,1
4619964,22
4620260,2
4620262,13
4621618,64
4621823,0
4621923,13
4622005,7
4623696,0
4623771,52
4623867,13
4624141,56
4624521,7
4624657,2
4625126,14
4627590,1
4628291,3
4628507,3
4628511,0
4628804,5
4628885,0
4629050,0
4629138,14
4629595,11
4629685,53
4629726,1
4629753,8
4629864,5
4629981,37
4630065,52
4630265,5
4630486,0
4630906,4
4631131,0
4631365,0
4632284,3
4632644,0
4632661,3
4632705,1
4632787,0
4632795,4
4633258,4
4636107,0
4636323,3
4636874,4
4637146,85
4637470,5
4637858,15
4638086,42
4638668,0
4638838,29
4638967,6
4639185,3
4639866,0
4641291,0
4641406,1
4641610,1
4641843,2
4642269,12
4642354,3
4642539,15
4642913,5
4643163,0
4643192,4
4643252,6
4643420,31
4643977,4
4644674,4
4644828,9
4645170,61
4645285,3
4645824,0
4645969,64
4649003,56
4649331,7
4649415,2
4649468,13
4649799,0
4649871,62
4650662,3
4651447,13
4652625,0
4652629,0
4652729,0
4652793,16
4653025,1
4653187,0
4653196,1
4654547,11
4654712,63
4655098,27
4656361,7
4656633,7
4656835,2
4658293,1
4658793,0
4659046,23
4659661,7
4660386,0
4661464,53
4661662,72
4662109,34
4662158,2
4662174,7
4662215,0
4662638,0
4662679,10
4662840,1
4663310,33
4663664,21
4663974,0
4664672,51
4665192,4
4666794,0
4666928,3
4667148,2
4667362,0
4667707,2
4668178,10
4668298,54
4668620,6
4669962,8
4671475,78
4671552,3
4671824,14
4672059,4
4672445,60
4672452,24
4676650,0
4676969,8
4677002,2
4677056,1
4677469,0
4677544,0
4678487,2
4678641,2
4678795,0
4679325,0
4679492,9
4679967,6
4680238,9
4680566,4
4680752,27
4683432,10
4683780,3
4685580,1
4686657,0
4687730,0
4688091,0
4688639,41
4689766,0
4690677,3
4692471,18
4693217,9
4693855,22
4694224,5
4694228,90
4694480,71
4694519,0
4694538,60
4694622,17
4694625,10
4694639,2
4694688,0
4695243,4
4695408,1
4695428,81
4698079,5
4698314,0
4698334,4
4698451,0
4698567,0
4698664,70
4699609,4
4699710,2
4700082,4
4700265,0
4700565,3
4701370,8
4701414,0
4701425,7
4701892,0
4702264,2
4704513,2
4704939,1
4705195,64
4705670,25
4706241,37
4706375,1
4706641,1
4706957,0
4707077,0
4707159,0
4707247,4
4707262,0
4707285,59
4707667,75
4708279,36
4708314,6
4708609,17
4708737,64
4708843,5
4709274,1
4709477,1
4709543,1
4710102,74
4710190,15
4710393,0
4710488,0
4710572,68
4710817,40
4710819,9
4711148,40
4714600,0
4714662,2
4714745,0
4715621,2
4715692,30
4715693,0
4715731,1
4716086,0
4716349,0
4716376,14
4716574,1
4717237,3
4717239,0
4717267,4
4717440,33
4718234,2
4718452,23
4718747,52
4718978,31
4719231,0
4719825,1
4719918,8
4719931,0
4720086,70
4720101,1
4720231,2
4720274,0
4720326,0
4720349,3
4720414,82
4720506,0
4720652,5
4720725,2
4720783,8
4720789,0
4720889,75
4721069,1
4721439,9
4724661,5
4724857,0
4724867,2
4724943,0
4725034,3
4725251,22
4725438,42
4725525,3
4725949,11
4725950,0
4726448,83
4726477,6
4726737,7
4726893,9
4726930,0
4727222,23
4728060,17
4728092,6
4728648,27
4728812,32
4728949,0
4728981,2
4729008,0
4729477,4
4729579,0
4729714,0
4729796,3
4729854,46
4729927,15
4730021,0
4730857,1
4731947,39
4733608,0
4734343,10
4734488,7
4734544,52
4734691,0
4735483,3
4735506,0
4735688,73
4735847,64
4736087,3
4736126,8
4736255,26
4736480,1
4736912,0
4737133,6
4737392,36
4737830,0
4737930,0
4738075,3
4738229,46
4738250,8
4738271,2
4738391,7
4738406,1
4738440,9
4738464,3
4738489,4
4738590,12
4738646,3
4738814,54
4739015,2
4739557,10
4739703,0
4742068,34
4742102,11
4742384,4
4742579,0
4743172,0
4743338,4
4743840,28
4744192,68
4744496,13
4745212,0
4745419,0
4746336,23
4746363,70
4746995,0
4747001,1
4747011,1
4747059,7
4749192,0
4750486,84
4750578,0
4751787,9
4751861,5
4752519,78
4752749,9
4752870,83
4753280,0
4753400,1
4753434,0
4753571,7
4753639,8
4753918,3
4754132,9
4754406,0
4754646,0
4755815,40
4756551,81
4756578,2
4757176,3
4757219,0
4757501,0
4757662,2
4757941,41
4757984,0
4757988,6
4758028,2
4758063,2
4758405,10
4758877,0
4759145,1
4759499,6
4759680,6
4759687,0
4760053,1
4760085,50
4760207,4
4760504,0
4762718,0
4763342,0
4764120,2
4764643,0
4764646,4
4764877,6
4764999,14
4766198,0
4766218,16
4766262,15
4766468,1
4766516,0
4766699,1
4766819,0
4766903,0
4767139,6
4767213,55
4767328,16
4767537,43
4767549,7
4767942,27
4768029,7
4768030,0
4768321,0
4768574,8
4768982,0
4771229,0
4771580,0
4771642,6
4772123,2
4772358,1
4773463,0
4773677,0
4773998,7
4774041,58
4774056,1
4774190,35
4774283,3
4774338,4
4774629,0
4774924,25
4775547,65
4775584,8
4775614,31
4775995,39
4776045,6
4776101,0
4776437,47
4776645,7
4776753,9
4777236,9
4777269,18
4778077,0
4778260,16
4778312,4
4778638,6
4782243,2
4782252,0
4782569,34
4783057,43
4783614,3
4783674,0
4783738,1
4783756,35
4784037,5
4784114,0
4784211,5
4784224,0
4784432,81
4784699,12
4785149,12
4785755,9
4785856,1
4786030,0
4786440,0
4786442,14
4786818,3
4787040,1
4788812,0
4791542,0
4791964,0
4792342,18
4792705,39
4792748,59
4792908,2
4792991,7
4793075,6
4793240,53
4793637,48
4793763,17
4794039,7
4794247,3
4794353,64
4794806,23
4795029,1
4795485,0
4795500,1
4795523,79
4795922,6
4796070,40
4796220,11
4796255,3
4796297,12
4798794,0
4799245,0
4799751,14
4799850,13
4799897,0
4800195,1
4800262,5
4800397,11
4800551,1
4800866,0
4800925,10
4801638,17
4801661,8
4802374,12
4802405,4
4802574,0
4802855,0
4803048,32
4803118,13
4803133,0
4803137,1
4803623,0
4803687,1
4803696,3
4803790,58
4804228,8
4804242,23
4807244,73
4807362,2
4807492,6
4807546,14
4807937,4
4808340,3
4808457,54
4808505,22
4808540,0
4809056,0
4809347,8
4810148,2
4810267,2
4810308,0
4810916,0
4812106,1
4812432,24
4812462,0
4812531,67
4812551,80
4812995,7
4813236,0
4813503,57
4813712,6
4813778,0
4814018,4
4814075,0
4814392,2
4815126,1
4815177,8
4815464,0
4815495,6
4815848,7
4815953,28
4816055,0
4816236,33
4816830,0
4816883,1
4818422,5
4819238,0
4819542,0
4820119,14
4821218,7
4821373,0
4821715,6
4821786,0
4822057,15
4822548,4
4822557,0
4822668,0
4822888,24
4822982,1
4823025,5
4823031,1
4823069,2
4823264,0
4823529,66
4823682,9
4823722,6
4823901,50
4824052,12
4824146,0
4824310,14
4824521,62
4824808,0
4825097,0
4825135,14
4828258,0
4828320,0
4829029,72
4829281,0
4829571,9
4830203,23
4830213,0
4830328,2
4830487,12
4830727,0
4830902,1
4831093,0
4831130,8
4831222,52
4831470,18
4831603,1
4831656,14
4831876,14
4832448,46
4833001,40
4833056,65
4833294,0
4833295,4
4833414,16
4836517,48
4836824,74
4837158,13
4837813,0
4837935,0
4838124,5
4838260,1
4838309,5
4838523,1
4838536,0
4838757,2
4839240,0
4839805,0
4839932,7
4840772,5
4840841,1
4840977,1
4841187,12
4841248,1
4841843,6
4842054,27
4844012,9
4845032,0
4845083,13
4845155,25
4845702,2
4846095,0
4846122,17
4846138,1
4846198,1
4846411,3
4846684,14
4847616,0
4847624,0
4847648,13
4848798,23
4848854,10
4849173,0
4849266,1
4849390,61
4849603,4
4849641,28
4849885,1
4850106,9
4851057,5
4852773,22
4853096,0
4853287,0
4853437,3
4853563,11
4853870,1
4854224,1
4854227,2
4854417,10
4854732,0
4855303,1
4855570,0
4855682,9
4855986,51
4856083,12
4856293,14
4856339,18
4856373,80
4856465,0
4856693,0
4857027,77
4857614,27
4858305,0
4860430,20
4860876,28
4861046,0
4861533,23
4862061,70
4862320,7
4862702,35
4863176,7
4864105,0
4864856,0
4866285,7
4866426,68
4866620,40
4866875,0
4867016,4
4867042,28
4867504,0
4867749,0
4867790,11
4867907,0
4868023,0
4868150,8
4868220,0
4868434,10
4868498,3
4868692,2
4869370,3
4869988,46
4870239,7
4870944,0
4871477,0
4871590,7
4871659,1
4871966,17
4872295,17
4872499,0
4873223,2
4873699,0
4873774,6
4874176,33
4874206,0
4874334,1
4874363,67
4874401,0
4874990,0
4876404,0
4878481,21
4878501,58
4878737,10
4879114,0
4879165,16
4879332,1
4879530,0
4879728,3
4880277,61
4880365,0
4880542,5
4880811,67
4881131,7
4881551,3
4881989,54
4884465,9
4884601,0
4884661,22
4885240,0
4885673,14
4885832,11
4885966,0
4886334,0
4887246,15
4887255,26
4887417,27
4887473,12
4887727,1
4887774,0
4887835,80
4888040,1
4888112,26
4889948,12
4891378,1
4893309,0
4894009,3
4895881,1
4896619,0
4899352,0
4900630,1
4901363,0
4902912,78
4902967,69
4903029,11
4904582,10
4907206,0
4908032,0
4908223,56
4908335,0
4908418,26
4908634,39
4908717,0
4908922,0
4909388,16
4909427,6
4909949,1
4912146,8
4912206,0
4913277,6
4914221,13
4914545,26
4914789,6
4915217,1
4915953,18
4915963,77
4916223,45
4916287,28
4916323,7
4917151,8
4917519,79
4918092,18
4918117,8
4918466,4
4920912,0
4921514,4
4922217,23
4922476,72
4922578,20
4924286,27
4924590,0
4924816,0
4925277,0
4925278,0
4925368,9
4925545,1
4926024,35
4929108,18
4929275,1
4929917,9
4930306,0
4930613,2
4930683,15
4930993,1
4931132,0
4931276,61
4931807,0
4931962,2
4932075,4
4932157,46
4932714,8
4933043,3
4933387,8
4935058,26
4935544,84
4935653,29
4935717,0
4936091,2
4936239,0
4937401,0
4940073,21
4942985,0
4943027,27
4943086,2
4943244,0
4946510,7
4946907,14
4947210,52
4947323,0
4947515,25
4948325,4
4948345,0
4948376,0
4949866,0
4951029,86
4951293,28
4951402,76
4955638,18
4956258,0
4956451,0
4957037,3
4957395,8
4958134,48
4958223,74
4958625,1
4958697,12
4959569,1
4961949,10
4962537,2
4963349,25
4963511,3
4963900,0
4965152,6
4965865,37
4966041,55
4966559,2
4966924,8
4967004,8
4967272,36
4967289,71
4967738,3
4967976,2
4968633,6
4970846,24
4971196,0
4971951,13
4972979,62
4974298,48
4974583,0
4974744,4
4974843,86
4976184,0
4976218,60
4976450,3
4976558,6
4976848,9
4977140,0
4977384,24
4977449,0
4977716,45
4977744,0
4977906,9
4978021,2
4978214,10
4978363,0
4978630,2
4978798,0
4978905,66
4979790,6
4981192,32
4981857,17
4982969,0
4983691,0
4983830,4
4984907,12
4984951,21
4984976,13
4985504,0
4985662,88
4985759,7
4986926,1
4987197,5
4987238,23
4987950,22
4988633,68
4989054,21
4993488,38
4993692,0
4994058,4
4994318,25
4995721,0
4995993,83
4996027,1
4996333,2
4996481,1
4996712,9
4996877,3
4997688,34
4998103,17
4998386,3
5000964,66
5005539,0
5005766,47
5006113,6
5006545,26
5006927,0
5009206,16
5009768,60
5010729,81
5010895,13
5010923,4
5011234,13
5011499,6
5011693,6
5011893,0
5012940,2
5013258,14
5013302,18
5013403,2
5013556,28
5013797,3
5014388,1
5015281,1
5018013,40
5018864,42
5019183,0
5019531,3
5021376,64
5021777,32
5021811,46
5021925,4
5021955,0
5025333,1
5025771,1
5026525,3
5026612,0
5027162,3
5027640,2
5027790,3
5027894,48
5028478,51
5029204,71
5029559,0
5029703,46
5029887,2
5029952,82
5030339,54
5030783,0
5030922,0
5031539,1
5031569,26
5032074,5
5032779,0
5035609,34
5036008,0
5036261,36
5036776,3
5040443,13
5040653,9
5041165,0
5041296,0
5041729,0
5041891,29
5045734,7
5046189,17
5046894,5
5046906,1
5047608,0
5048481,1
5048487,14
5049113,0
5049575,7
5049853,0
5050156,5
5050586,35
5050587,4
5050664,65
5050936,0
5051065,48
5051236,11
5051551,65
5051691,0
5052112,4
5054858,0
5056895,0
5057533,10
5058058,0
5058359,7
5059370,0
5059402,0
5059819,17
5060481,0
5060771,0
5061165,81
5061178,61
5061309,53
5061575,2
5064648,32
5064921,3
5065627,2
5066883,2
5066963,0
5067529,5
5068125,13
5068640,2
5068702,47
5069131,8
5069145,0
5070378,0
5070914,77
5073851,15
5074322,1
5075441,0
5075530,0
5075659,81
5075670,3
5075810,2
5078232,14
5078724,73
5078828,6
5079124,39
5082892,0
5083417,13
5085935,63
5086034,1
5090974,0
5091056,13
5093174,0
5093690,6
5093803,3
5094957,73
5095468,86
5099475,6
5099709,0
5101758,16
5101761,77
5102052,0
5102132,1
5102389,66
5102954,5
5104489,1
5104668,0
5104964,4
5105164,0
5105632,0
5105768,43
5106041,40
5106214,9
5106252,67
5106749,15
5112097,14
5112311,80
5112534,3
5113756,0
5114347,25
5114716,1
5115736,1
5115952,3
5116234,8
5116726,14
5116982,0
5117177,47
5117339,15
5121847,1
5122059,0
5122518,1
5124475,84
5124825,1
5125207,60
5125217,3
5125575,17
5126391,63
5127625,0
5131879,0
5132555,2
5132986,0
5133155,1
5134401,7
5135131,0
5141783,48
5142888,73
5143406,5
5143762,11
5144478,3
5144782,0
5144917,6
5144979,26
5145439,0
5145759,1
5146173,17
5148859,4
5149368,0
5149930,34
5150489,3
5150756,22
5152064,52
5152230,20
5152375,8
5152875,1
5152924,14
5153294,0
5153500,32
5153725,0
5156902,69
5159722,5
5159853,28
5159990,5
5160363,3
5160871,20
5162470,35
5163198,26
5163428,1
5166769,0
5173154,1
5175054,78
5178868,11
5179493,0
5179986,29
5180656,1
5181488,0
5182519,1
5182846,1
5183778,6
5183931,20
5184145,19
5184230,34
5184441,1
5184571,12
5184738,17
5184986,1
5185539,34
5189640,0
5190411,0
5192219,83
5192459,0
5192765,22
5193020,3
5193421,36
5193748,1
5194346,20
5194812,68
5195831,0
5195885,0
5200018,6
5200203,14
5200433,0
5201371,6
5204141,0
5204719,44
5205123,18
5205454,9
5208009,9
5208784,9
5210757,7
5211090,0
5211479,51
5211902,69
5212051,5
5212133,0
5213086,5
5213963,1
5214511,0
5216799,31
5217359,5
5217507,1
5218189,3
5218535,1
5218768,14
5218839,2
5221073,64
5221389,44
5223919,82
5224210,11
5225088,14
5225343,36
5226844,0
5228061,12
5228220,0
5230031,7
5230712,54
5230764,8
5231014,1
5235742,2
5235795,81
5238378,23
5239459,56
5239658,9
5240837,2
5241294,0
5241757,20
5241854,8
5241870,2
5242017,62
5242070,0
5242131,4
5242535,2
5243259,3
5248636,4
5249202,7
5251340,43
5251624,0
5251686,1
5252225,0
5252559,77
5252792,0
5253423,18
5256714,3
5257237,0
5259062,0
5259131,9
5259767,0
5260322,0
5260386,4
5261014,0
5261209,18
5261865,7
5261913,76
5262509,5
5265475,80
5265614,17
5266524,80
5267506,2
5267509,68
5267542,36
5267544,21
5267773,10
5268030,43
5268045,6
5268818,7
5268960,41
5269143,4
5269784,31
5269840,62
5270589,0
5271192,1
5271500,11
5272504,72
5274268,20
5276050,2
5276396,33
5277242,4
5277547,1
5278765,0
5278810,11
5279720,17
5279758,2
5279812,11
5279925,4
5280429,39
5280615,3
5284048,3
5285240,21
5285358,73
5285553,21
5285674,0
5285867,1
5286096,6
5286711,9
5286986,1
5287414,17
5287485,3
5287559,5
5287643,0
5287819,76
5291784,0
5292764,11
5294260,3
5296254,16
5297389,3
5297660,0
5298139,7
5298299,0
5298356,7
5298458,0
5298896,7
5298970,2
5301003,57
5302719,0
5303927,0
5305288,1
5305524,0
5308047,3
5308117,26
5308466,2
5308506,0
5308539,4
5309621,3
5309634,10
5309959,18
5310464,53
5310859,32
5314883,0
5315798,0
5315955,46
5316266,0
5316660,0
5316741,9
5318322,30
5318845,0
5319319,26
5319408,5
5319637,0
5319785,2
5320267,4
5320325,75
5320983,83
5321256,1
5326138,3
5326835,52
5326989,0
5327035,0
5328185,2
5329077,13
5329548,3
5333452,0
5333804,42
5336245,0
5337757,11
5338293,19
5338885,36
5339915,76
5340020,76
5340262,79
5341379,0
5343122,2
5343821,13
5344281,0
5344850,9
5345498,14
5345731,0
5346665,1
5347051,5
5347479,76
5347776,45
5351702,58
5352301,14
5352802,0
5353431,1
5353509,16
5353612,27
5354632,15
5354796,75
5354979,1
5359974,1
5362279,25
5362461,4
5363078,2
5363210,1
5364134,41
5364175,1
5364228,0
5364956,33
5365319,2
5366126,0
5370580,35
5370956,38
5371052,0
5371463,38
5372082,1
5372712,0
5372777,16
5373645,75
5373674,7
5374226,14
5374901,78
5378919,13
5380048,0
5381203,1
5381209,8
5381230,8
5382755,2
5383235,0
5383336,6
5383841,11
5384337,61
5384971,20
5385793,70
5386100,14
5386242,14
5386846,5
5386890,32
5386990,44
5387217,0
5389907,5
5390483,0
5390738,35
5391140,0
5392517,0
5392891,62
5393359,5
5393564,1
5395295,76
5395679,77
5396516,2
5396671,1
5397133,15
5397292,0
5400549,0
5402583,43
5403109,4
5404627,4
5406041,40
5406067,55
5406143,4
5406187,56
5406389,0
5406556,3
5406581,65
5409372,0
5409427,73
5409725,6
5410067,59
5410258,0
5410899,4
5412350,7
5412567,0
5414178,0
5414344,4
5414458,6
5414503,6
5414508,5
5414911,58
5415365,13
5418807,59
5419405,1
5420966,1
5422535,71
5422832,0
5423117,13
5423159,11
5424042,67
5424346,6
5424359,1
5428573,4
5429769,0
5430658,4
5431845,20
5432178,3
5432659,16
5432930,0
5432938,0
5433238,5
5433746,74
5433766,3
5433967,84
5434197,57
5434655,1
5434678,2
5434688,2
5434754,18
5442313,5
5442386,2
5442426,3
5442977,2
5445314,42
5446675,9
5448644,0
5454346,1
5455353,26
5457400,2
5457860,77
5459693,0
5459747,20
5465079,78
5467075,34
5469274,7
5470125,3
5470186,1
5470215,19
5470350,5
5470363,0
5470531,13
5472109,0
5476046,24
5476474,5
5477034,0
5477378,24
5478741,24
5479460,30
5479614,8
5480100,34
5481032,14
5481351,0
5481475,0
5481762,82
5481978,0
5482031,0
5482154,70
5488307,49
5488788,9
5491063,0
5491317,0
5492717,71
5492776,0
5496999,56
5497654,10
5498089,52
5498131,0
5500426,4
5500740,33
5502264,0
5505535,8
5505592,1
5506083,12
5506438,3
5507784,3
5509001,0
5509665,16
5509771,68
5510725,8
5511067,4
5511588,42
5512068,0
5512118,0
5512274,2
5518116,0
5520695,41
5520934,6
5521689,0
5522518,4
5522519,0
5522642,28
5523876,9
5524115,3
5524262,2
5524465,2
5524488,52
5524942,65
5525186,1
5525510,18
5525612,0
5530878,9
5531170,13
5531407,0
5531649,28
5532582,17
5534747,70
5534795,89
5535142,9
5536390,0
5536508,58
5536560,6
5536998,39
5537069,21
5538353,5
5538410,3
5538720,37
5543210,6
5543996,0
5545470,79
5545629,1
5545876,3
5546217,54
5546748,1
5547367,35
5547802,58
5548710,0
5548943,0
5549688,7
5550236,4
5550377,1
5550492,11
5555405,8
5555926,0
5555971,0
5557091,0
5557097,71
5557133,66
5557135,8
5557381,76
5557684,10
5557903,0
5558079,0
5558179,0
5558242,11
5558596,29
5558747,0
5558981,6
5559015,13
5559332,71
5559349,0
5559559,14
5559758,61
5560024,67
5560028,0
5560165,1
5560227,0
5560235,11
5560675,0
5561046,4
5561355,2
5561693,0
5562394,0
5562412,2
5562420,64
5562477,63
5562710,80
5562775,18
5562799,1
5564891,10
5565638,45
5565799,6
5566792,9
5567220,43
5567278,56
5567361,88
5568524,2
5568574,0
5568799,18
5569464,0
5570633,12
5570843,0
5570957,2
5571716,12
5571951,18
5572393,4
5574012,6
5576670,0
5577006,24
5577856,1
5578475,0
5579123,0
5579147,1
5580236,1
5580648,1
5581442,3
5581522,0
5586571,24
5586877,0
5587063,1
5587534,10
5589159,63
5589222,11
5590348,3
5590400,0
5591026,35
5591612,18
5592012,16
5592034,5
5592647,8
5592693,21
5593057,1
5593975,4
5598429,19
5598741,0
5598992,32
5599109,1
5600614,0
5601059,1
5601147,0
5602027,0
5602097,0
5602369,9
5602494,0
5602515,9
5605209,80
5605822,65
5607094,38
5607244,3
5611993,0
5612231,46
5612772,46
5613334,0
5613443,11
5613572,3
5614816,32
5615531,0
5615949,0
5616298,43
5617565,0
5617698,3
5618280,9
5618865,13
5619141,29
5619412,13
5619696,0
5624179,0
5624616,8
5626957,0
5627418,78
5627898,1
5628013,12
5628539,12
5629696,51
5632187,0
5632195,22
5632551,2
5633469,85
5636282,5
5639029,1
5640839,39
5641644,34
5641857,83
5642537,2
5642609,5
5643121,0
5647101,5
5647213,1
5648836,5
5648853,5
5649058,0
5649741,0
5650386,6
5650479,28
5651344,0
5651523,41
5651944,59
5652542,51
5652654,5
5655080,4
5655462,19
5656524,0
5656740,73
5659626,3
5659630,13
5660349,0
5660972,0
5661080,1
5663222,13
5663909,17
5665661,18
5665717,43
5666127,3
5666270,0
5668481,2
5669670,12
5669995,80
5671406,8
5671549,34
5671922,5
5672471,0
5672879,1
5677210,83
5678143,75
5679209,0
5679693,61
5679837,0
5680505,34
5680714,14
5681742,8
5681778,66
5681914,55
5682277,1
5682787,57
5682992,0
5683160,64
5683212,55
5683505,19
5683737,31
5684147,0
5685306,77
5685334,14
5685801,2
5686255,69
5690718,1
5691265,26
5691347,6
5691755,35
5692212,1
5692492,14
5692899,40
5693879,20
5694134,3
5695509,0
5695523,37
5696062,4
5696100,2
5696723,12
5696950,7
5697729,19
5697857,3
5702463,12
5702479,2
5702904,0
5703259,1
5704852,6
5706045,26
5706259,13
5706340,0
5707249,17
5707653,11
5707711,78
5709309,3
5712004,2
5712663,12
5713218,4
5713601,2
5714478,0
5714811,9
5715079,1
5716410,0
5716982,5
5717346,11
5718454,77
5718603,1
5719058,2
5720066,0
5720133,6
5720569,18
5725154,0
5725475,52
5725566,60
5725698,1
5725963,4
5726103,14
5726139,0
5727850,7
5728014,4
5728171,30
5728500,58
5728502,21
5729118,30
5729143,79
5729145,7
5729530,0
5729989,8
5734275,0
5734556,32
5735314,84
5735447,0
5736925,81
5737178,84
5737903,17
5738880,45
5739187,10
5739264,4
5739567,0
5740147,4
5741241,72
5743959,5
5744764,0
5745591,1
5745907,4
5746544,24
5746781,24
5747481,4
5747492,0
5747984,16
5748301,53
5748695,0
5749477,16
5749514,0
5749569,59
5749651,70
5750006,0
5750144,25
5750426,40
5750871,45
5751070,45
5755338,6
5755559,9
5757333,3
5757952,3
5758632,1
5758695,47
5758972,0
5759126,11
5760036,16
5760776,10
5761032,14
5761908,10
5762947,70
5767004,4
5769180,8
5769548,3
5770283,1
5770320,4
5771211,1
5773199,16
5773455,0
5774245,0
5774402,8
5774454,71
5774521,70
5774742,0
5775122,19
5775205,5
5779752,8
5780966,45
5781049,2
5781782,1
5782542,0
5782720,49
5783517,84
5783925,80
5784146,6
5784179,0
5785402,15
5785674,9
5786464,1
5790611,38
5791394,9
5791844,0
5792709,0
5793388,2
5793740,1
5793821,0
5795549,20
5796164,7
5796405,2
5796517,0
5796803,61
5797398,0
5797696,38
5802174,2
5803068,33
5803141,7
5803875,16
5804189,0
5804451,37
5805232,2
5805561,0
5806377,46
5806687,0
5806817,63
5809453,8
5810581,65
5810700,54
5811254,5
5812921,2
5813588,7
5813687,3
5814016,2
5814530,0
5814583,0
5815437,6
5815618,15
5816112,19
5816130,53
5816151,47
5816154,24
5818551,1
5818641,1
5820426,0
5821386,5
5821886,0
5822847,32
5823579,26
5823661,0
5824688,0
5825260,6
5825600,1
5825696,33
5825911,9
5825986,53
5826013,77
5826129,25
5826468,4
5826475,79
5826716,79
5829214,11
5830829,27
5833122,5
5833530,0
5834002,2
5834075,75
5835673,0
5835889,6
5836186,74
5836274,14
5838302,6
5838377,1
5838638,5
5839758,6
5839954,24
5840106,0
5842970,1
5844153,12
5844420,6
5844501,15
5846595,0
5846654,1
5846745,63
5848277,82
5849776,7
5850148,33
5850712,2
5851013,1
5851054,10
5851071,5
5851295,0
5851500,31
5851649,80
5856557,71
5857212,0
5857280,1
5857515,4
5858087,5
5858313,2
5858413,17
5858496,0
5858505,29
5858516,5
5858572,52
5858893,35
5859848,3
5860837,76
5861236,34
5861766,49
5861890,5
5862128,14
5862200,2
5862395,25
5863088,14
5863458,57
5863609,19
5864956,78
5866656,5
5868578,5
5869058,2
5869693,0
5870127,84
5872177,2
5872722,2
5873218,54
5873343,28
5873714,27
5874013,0
5874520,33
5874941,22
5875176,1
5875665,12
5879269,0
5879480,0
5879750,0
5880064,13
5881122,1
5882216,22
5882725,36
5883069,65
5883655,1
5884025,73
5884398,0
5885201,49
5885673,13
5888002,4
5888294,5
5888962,1
5889937,0
5889968,5
5891358,10
5891574,12
5892693,84
5892794,7
5893277,10
5893462,0
5893581,6
5893612,4
5894720,15
5895016,16
5895056,72
5895082,65
5899299,7
5901993,7
5902026,25
5903240,15
5903889,1
5904490,0
5904817,14
5905128,41
5905130,0
5905501,80
5908365,5
5910246,0
5911805,0
5911997,26
5912017,0
5912186,5
5912394,5
5912431,7
5912437,2
5913117,25
5913433,1
5913880,0
5916607,1
5916702,2
5916926,5
5916967,13
5917190,3
5917574,12
5917689,0
5917981,30
5918002,0
5918053,20
5918653,66
5919348,5
5919646,7
5919967,32
5920088,0
5920109,15
5924806,2
5926506,1
5926953,67
5927568,7
5927667,3
5928954,4
5929064,11
5929637,21
5929875,6
5929910,2
5929986,4
5932068,63
5932092,6
5933801,14
5934051,6
5934255,44
5936796,0
5940868,3
5941556,2
5941782,60
5941888,1
5942682,4
5942843,15
5942962,26
5943265,6
5943508,0
5944801,61
5945116,24
5945548,2
5945685,34
5946137,0
5946845,46
5947031,3
5947159,39
5948498,2
5954479,0
5954758,10
5955722,4
5956344,2
5956573,1
5956695,3
5958299,45
5958772,21
5959211,2
5959576,7
5964902,9
5965198,30
5965489,32
5966669,1
5967489,33
5967741,1
5967998,32
5968683,8
5969152,15
5969257,2
5970229,3
5970505,3
5970552,26
5970736,1
5975179,75
5977861,27
5978202,21
5978558,50
5978999,84
5979675,19
5980191,62
5980214,0
5980403,7
5983591,22
5986107,6
5988468,11
5989087,81
5989289,4
5989511,0
5989927,67
5990467,57
5991227,7
5991436,3
5991511,0
5991522,0
5991675,14
5992154,11
5993541,68
5998942,4
5998978,0
5999400,0
5999780,0
5999786,24
6000785,71
6000898,30
6001031,2
6001852,13
6002382,1
6002432,40
6002889,28
6003650,3
6004012,38
6004200,1
6004659,14
6004786,4
6005078,0
6005868,34
6005919,24
6006270,0
6006711,0
6006837,0
6006934,3
6007063,32
6011933,59
6012187,38
6013897,36
6014718,44
6015754,1
6016357,17
6016379,54
6016943,2
6017036,5
6017043,0
6017408,2
6017870,3
6018151,1
6018773,19
6018947,11
6019594,7
6019950,18
6020055,0
6020382,0
6023683,51
6026166,1
6026762,21
6026840,1
6027412,2
6027434,28
6028165,35
6028920,0
6029117,75
6029277,2
6029549,14
6029987,36
6030210,13
6031001,0
6031045,5
6031431,5
6031615,0
6032077,40
6032730,4
6033169,23
6034467,64
6034581,79
6035510,62
6035520,79
6035534,70
6037422,18
6037761,84
6038158,51
6038392,66
6038534,0
6038545,16
6038586,72
6039238,30
6040119,0
6040704,0
6041377,29
6041914,2
6042059,16
6042151,10
6042555,59
6043315,85
6043436,9
6044648,18
6045049,0
6045055,56
6045552,78
6047095,4
6048412,1
6048467,6
6050825,1
6051856,6
6053457,5
6054194,0
6054335,14
6054605,2
6054656,2
6054864,8
6056835,14
6059556,4
6062060,23
6062168,24
6062593,0
6063050,40
6063060,0
6063063,54
6063782,2
6064471,63
6065370,4
6065647,2
6065786,3
6067536,75
6069703,32
6070550,13
6071153,1
6071347,9
6072842,4
6073953,13
6074091,1
6074676,11
6074746,6
6074791,2
6074975,42
6075330,1
6076131,0
6077282,1
6077361,0
6078066,80
6078300,4
6078694,1
6078788,11
6078807,11
6078896,8
6078897,3
6079079,61
6079378,0
6082939,4
6082991,3
6084475,71
6085932,0
6086137,2
6086460,19
6088813,0
6088910,0
6089007,15
6090216,0
6090396,2
6090979,4
6091224,11
6091425,0
6091493,28
6091850,72
6092004,4
6092130,1
6092369,4
6092625,31
6092743,32
6092992,18
6093217,3
6093459,5
6093625,76
6094597,38
6098755,4
6098975,3
6100031,16
6100514,11
6101104,20
6102693,10
6102844,11
6103146,1
6103273,70
6103761,21
6103774,63
6104557,49
6104637,77
6105142,48
6105342,0
6105581,46
6106273,10
6106445,6
6106676,7
6107289,9
6107592,32
6107614,61
6108703,17
6114300,1
6114908,6
6115275,0
6115294,69
6117378,0
6119473,15
6120276,5
6120501,0
6120617,3
6121052,33
6121231,3
6122120,2
6128347,0
6128992,6
6129137,70
6129825,2
6130045,38
6130145,70
6130929,2
6131266,0
6131606,56
6131748,0
6132230,18
6134199,56
6134448,0
6134600,0
6134906,60
6138423,5
6138632,17
6139914,0
6140465,6
6140503,31
6141299,13
6141401,62
6141815,1
6142363,14
6142603,4
6142976,0
6143307,4
6145011,0
6145107,12
6145124,0
6145263,0
6145636,0
6145657,83
6146238,0
6146643,0
6150778,0
6151241,1
6151450,3
6152478,4
6152725,66
6153194,0
6154291,1
6155492,2
6155626,57
6155904,10
6156278,2
6156319,1
6159257,6
6161282,66
6163297,25
6163758,4
6164338,3
6164719,21
6165032,0
6165832,4
6167141,3
6167683,8
6168027,0
6168663,3
6168880,37
6169065,75
6169335,3
6169377,3
6169412,6
6169981,11
6170203,33
6170239,48
6170486,52
6170705,21
6170772,6
6170933,1
6170979,78
6171026,1
6171318,8
6171382,35
6176419,15
6178287,6
6179073,88
6179139,4
6179176,10
6180121,65
6180208,1
6180244,9
6181272,0
6181309,41
6181957,0
6182796,17
6183925,3
6184149,0
6184285,37
6185426,16
6185452,2
6185599,66
6186089,0
6186325,0
6186628,23
6187204,10
6188014,0
6188022,2
6192898,9
6192999,52
6193057,9
6194377,85
6194718,0
6195710,0
6196354,68
6196481,0
6196860,0
6197119,38
6197134,52
6197170,0
6197760,9
6198343,29
6199549,2
6199555,0
6200390,39
6200457,61
6200613,1
6200619,0
6201714,0
6201730,2
6201900,67
6206462,80
6207839,1
6208796,8
6209084,14
6209147,57
6209200,2
6209309,5
6209427,1
6209619,3
6210155,2
6211055,15
6211624,0
6212962,2
6214452,4
6214748,3
6215083,21
6215984,43
6216166,9
6216318,0
6218730,18
6220085,26
6220514,23
6220699,1
6222149,3
6222376,5
6223413,29
6224396,1
6225153,0
6225501,75
6225968,15
6225974,43
6227059,4
6227345,64
6227944,6
6228019,73
6228461,72
6232150,10
6232203,9
6232720,80
6232987,0
6233889,1
6234096,69
6234725,4
6236899,29
6237065,0
6237175,29
6237403,0
6237974,75
6238281,0
6238314,5
6238495,7
6239016,1
6239106,0
6239508,67
6239658,3
6239848,8
6241464,0
6242355,4
6244089,12
6244309,1
6245792,74
6246559,2
6246562,10
6246681,7
6246825,7
6247046,74
6248335,27
6249465,0
6249946,0
6252815,17
6255597,25
6256019,1
6256149,66
6256470,19
6258065,5
6260442,60
6261128,19
6261610,37
6261696,81
6261940,4
6262339,2
6262496,0
6262562,0
6262631,6
6262812,2
6267938,1
6269027,0
6269610,26
6269646,88
6269968,69
6269975,15
6270767,14
6271152,1
6271429,2
6271491,0
6271692,4
6271802,1
6272125,0
6272423,71
6272646,0
6272810,4
6273469,0
6274316,5
6274418,4
6274981,3
6276183,26
6276574,11
6276737,13
6277072,10
6277217,17
6277387,42
6277470,78
6278161,57
6279160,0
6282629,50
6283028,13
6283933,11
6284161,1
6284318,3
6284582,22
6284657,75
6285824,1
6285844,74
6286112,2
6286307,20
6287438,7
6287919,41
6287961,6
6288004,75
6288635,1
6289701,9
6289837,10
6290301,35
6291227,9
6291371,28
6291454,0
6291877,1
6292069,6
6292515,19
6292833,48
6292850,6
6292866,76
6296553,20
6297613,7
6298154,8
6298807,0
6299550,20
6299693,18
6300000,0
6300191,16
6300353,15
6300424,0
6300653,0
6300876,0
6301851,0
6302159,2
6302346,14
6303109,28
6303611,0
6303845,11
6303923,40
6303950,2
6304126,2
6304362,6
6304848,7
6304948,3
6305097,4
6310895,21
6311007,0
6311555,4
6311716,0
6311978,15
6312512,2
6313203,0
6313673,0
6313782,20
6313994,4
6314214,3
6314380,4
6314389,18
6314561,0
6314794,0
6314972,6
6315659,4
6316005,61
6316666,2
6317673,19
6317763,1
6318545,2
6321475,9
6322079,1
6322362,37
6323324,71
6323824,2
6324190,4
6324222,16
6326345,14
6326477,73
6326865,10
6327529,0
6327543,3
6327601,13
6329973,77
6331598,4
6333659,0
6334614,23
6334824,63
6334836,0
6335429,1
6335490,8
6335541,0
6336312,9
6336391,13
6336701,0
6337001,78
6337031,31
6337200,0
6337739,5
6338068,11
6341337,4
6342493,5
6342741,12
6343522,4
6343837,1
6344052,1
6344759,72
6344926,22
6344936,6
6345234,1
6345545,0
6345728,12
6346275,3
6346456,2
6346496,6
6347729,5
6347828,1
6347853,4
6348490,28
6348548,3
6348625,0
6348659,70
6348998,5
6349151,72
6349304,15
6354789,8
6355471,81
6355972,0
6356102,11
6356197,0
6356366,1
6356569,59
6357416,0
6358080,1
6358641,26
6359111,38
6359526,8
6359643,27
6359812,6
6360200,82
6360224,0
6360527,1
6361102,59
6361204,0
6361313,14
6362051,11
6362684,8
6363293,2
6363796,34
6364117,0
6364150,7
6364522,34
6364762,8
6367973,66
6368139,57
6368482,25
6369389,4
6369795,2
6370032,15
6370396,10
6370695,0
6370702,61
6370755,0
6371117,48
6371191,0
6371241,1
6371373,33
6371588,6
6371593,3
6371890,0
6371982,17
6372728,1
6373149,3
6373238,9
6373582,44
6373770,17
6373790,5
6374332,1
6374412,42
6374545,0
6374694,15
6375331,12
6375998,1
6376008,0
6376519,1
6376606,6
6376790,76
6377019,3
6377384,13
6377527,8
6377624,9
6377669,8
6378279,2
6378804,7
6381574,18
6382031,15
6383035,1
6383296,4
6383557,59
6384003,0
6384378,1
6384544,13
6384560,0
6384622,11
6384741,0
6385039,11
6385199,5
6385364,0
6385528,0
6386141,36
6386992,13
6387424,0
6387831,7
6388047,0
6388137,0
6388154,10
6388744,8
6389473,36
6389685,2
6389979,38
6390282,0
6390777,13
6391252,1
6391438,80
6395425,35
6395433,53
6396519,0
6397899,19
6397963,1
6398393,0
6399285,8
6399305,22
6399885,66
6400170,51
6400255,0
6400482,1
6400705,43
6400812,24
6401158,1
6402661,6
6402712,0
6402807,0
6402808,8
6403342,11
6403741,1
6403745,2
6403755,0
6404432,7
6404584,8
6405859,7
6409060,4
6409436,0
6409834,8
6410814,37
6410862,17
6412116,3
6412146,8
6412693,53
6413009,5
6413242,2
6414410,20
6414925,64
6415974,7
6416262,2
6419491,0
6420148,2
6420850,0
6421257,1
6421335,1
6421429,18
6421799,22
6421823,0
6421977,3
6422186,16
6422190,24
6422360,1
6422646,0
6422762,1
6422875,87
6423130,12
6423589,17
6423870,7
6424203,0
6424836,0
6424952,68
6425071,3
6425175,42
6425215,1
6425221,0
6425751,23
6426250,2
6427200,71
6428482,31
6428854,22
6428913,11
6428942,1
6429418,85
6429856,0
6429866,8
6429905,30
6431878,20
6433445,9
6433811,0
6434126,0
6434646,10
6434902,3
6436057,8
6436433,1
6436828,0
6436917,0
6437069,77
6437194,0
6437347,0
6437367,2
6437710,12
6438254,0
6438456,78
6438465,2
6438520,10
6438856,80
6443330,0
6443513,0
6444497,1
6445173,74
6445656,0
6447136,16
6447332,84
6448687,6
6448899,49
6449002,0
6449609,0
6449703,13
6449718,26
6450018,14
6450118,69
6450230,10
6450240,0
6450408,43
6450479,11
6450749,11
6450846,1
6450884,2
6451722,4
6451855,14
6451892,0
6452188,48
6452225,13
6452251,0
6452279,0
6452402,68
6452448,9
6452519,0
6452534,73
6452618,32
6452764,1
6452788,6
6452940,24
6456733,23
6456851,9
6457073,0
6457367,81
6458689,1
6458749,0
6460349,51
6460353,35
6460588,52
6460909,9
6461723,2
6461789,63
6462046,0
6462078,0
6462192,47
6462362,2
6462452,1
6462513,78
6463008,6
6463009,1
6463288,2
6464014,23
6464032,0
6464070,4
6464254,33
6465986,0
6466315,1
6466590,4
6466613,3
6466805,2
6466821,0
6466923,0
6467167,0
6467264,2
6467319,42
6467509,3
6467815,0
6467956,86
6472718,0
6472721,21
6473307,26
6474867,4
6475263,1
6475709,61
6476234,0
6476426,8
6476702,2
6476769,24
6477137,0
6478141,4
6478214,24
6478459,14
6478503,30
6478519,4
6478995,86
6479193,0
6479356,31
6479372,5
6479956,1
6480042,83
6480467,0
6480631,15
6480764,5
6481286,1
6481743,1
6486137,0
6486475,9
6486682,23
6487678,51
6487933,17
6488411,0
6488940,6
6490196,1
6490295,37
6490689,10
6491190,0
6491257,6
6491619,21
6491692,16
6492144,1
6492190,15
6492449,12
6492663,24
6492778,35
6492790,57
6493500,60
6493693,18
6493727,5
6493737,0
6493740,23
6493864,8
6493985,0
6494312,53
6494374,79
6494798,45
6499591,4
6499870,5
6500587,6
6500674,3
6501082,14
6501308,5
6501865,0
6501996,30
6502018,77
6503647,11
6504176,1
6504196,0
6504620,6
6504972,14
6505238,1
6505424,1
6505490,1
6506191,0
6506404,9
6506449,0
6507084,1
6508781,65
6509750,1
6510123,1
6510646,3
6511675,0
6511720,0
6511760,31
6512107,73
6512248,9
6512429,19
6512627,4
6512774,1
6514160,41
6514596,67
6514861,2
6514902,0
6514992,8
6515263,58
6515318,46
6515475,0
6515562,1
6516045,12
6519873,28
6520005,11
6520350,31
6521734,0
6522426,4
6522629,5
6522643,0
6522849,17
6524331,79
6524590,55
6526579,5
6527142,41
6527387,0
6528869,17
6529564,0
6534409,6
6536047,1
6536702,3
6536719,3
6537985,33
6538963,75
6539114,0
6539778,66
6540533,5
6541532,78
6542929,32
6543312,7
6543609,1
6543687,4
6543852,11
6544243,81
6544315,11
6544347,6
6544586,0
6544638,12
6544686,1
6544718,1
6545392,83
6545427,0
6546187,47
6546196,4
6546210,73
6549918,0
6550380,0
6550702,6
6551650,2
6552694,8
6552799,27
6553257,77
6553559,68
6553655,0
6553874,9
6553881,16
6553895,4
6554200,24
6554479,9
6554506,1
6554731,10
6554910,0
6555289,9
6555427,10
6555527,17
6555586,6
6555712,0
6555997,5
6556105,1
6556843,2
6557022,0
6557095,65
6557211,0
6557289,0
6558650,0
6559193,4
6559232,24
6559538,2
6559631,16
6559662,3
6559926,46
6560165,10
6560257,12
6560394,87
6560717,0
6561192,0
6561301,47
6561328,0
6561509,7
6567114,43
6567188,4
6567462,34
6567481,0
6567966,42
6568008,4
6568093,5
6568302,4
6568335,6
6568363,3
6568625,9
6569403,0
6569412,10
6570350,0
6571441,2
6571456,7
6571682,5
6571767,2
6571860,3
6571890,54
6571943,0
6572382,0
6572527,1
6572570,75
6573229,7
6573732,0
6574353,0
6574595,3
6575083,4
6575789,77
6575873,22
6575907,8
6576027,8
6576336,74
6576463,62
6576557,4
6576628,1
6576633,0
6576768,0
6576933,12
6577178,4
6577187,0
6582117,36
6584626,2
6585028,82
6585334,6
6585424,4
6585852,2
6586028,73
6586181,65
6586663,68
6587414,10
6587687,12
6588935,7
6588947,2
6589338,65
6589520,4
6589561,36
6589884,9
6590549,8
6590570,78
6590612,4
6591796,0
6592944,75
6594136,14
6596268,13
6596562,53
6598720,3
6599689,0
6599950,0
6599973,2
6600078,1
6600755,1
6600878,65
6600953,2
6601409,8
6602762,1
6603170,0
6603534,64
6603602,28
6603756,16
6603830,72
6606910,14
6607086,27
6608246,25
6609871,18
6610629,2
6611314,24
6611380,19
6611505,0
6611547,88
6611557,23
6611857,17
6612664,35
6612744,10
6612751,70
6612902,0
6612996,7
6613154,2
6614034,2
6614078,7
6614105,1
6614486,13
6614604,9
6619187,0
6619518,16
6619768,37
6619984,31
6620407,1
6620897,0
6620912,0
6621344,67
6622389,0
6622401,40
6622792,2
6623330,36
6623399,1
6623425,3
6624045,0
6624467,0
6625406,8
6626027,0
6626066,10
6626121,0
6626652,0
6626894,1
6626896,0
6627254,2
6627472,1
6627553,48
6627668,0
6628092,26
6628117,0
6628489,0
6628599,64
6628731,11
6629478,0
6630037,15
6635179,74
6636401,5
6636906,4
6636993,2
6637311,5
6637692,66
6637806,31
6637985,46
6638042,24
6638170,5
6638446,5
6638953,9
6639114,6
6639120,76
6639226,14
6640227,1
6640469,1
6640642,81
6640703,56
6641053,8
6641564,0
6642469,45
6642884,49
6643754,0
6644283,68
6644355,4
6644580,7
6644582,0
6644669,6
6645108,9
6645263,7
6645306,3
6645387,69
6645634,29
6645963,34
6646365,8
6647744,4
6649555,9
6650886,6
6651107,14
6651156,25
6651857,0
6651949,59
6652170,6
6653903,2
6653986,1
6654081,0
6654202,10
6654863,35
6655895,7
6656441,0
6656880,5
6657134,4
6657708,0
6658537,82
6659165,40
6659371,1
6659963,1
6660330,23
6660373,8
6660511,17
6660835,55
6661170,4
6661700,5
6662208,0
6662234,0
6662257,0
6662418,0
6662487,68
6662495,25
6668981,16
6669183,4
6669199,6
6669443,6
6669637,10
6669950,0
6670064,6
6670272,0
6671179,3
6671315,1
6671557,18
6671805,0
6672257,48
6673174,0
6673638,0
6673748,23
6673773,19
6674155,17
6674342,1
6674482,0
6674505,5
6674686,57
6675194,57
6676066,13
6676250,6
6676383,4
6676721,1
6677108,4
6677109,1
6677204,1
6677292,8
6677647,0
6678163,3
6678262,6
6678304,0
6679063,1
6684189,14
6684355,2
6684697,18
6685156,13
6685697,54
6685818,5
6685873,0
6686140,18
6686332,0
6686629,23
6687404,3
6687816,13
6687855,2
6687933,5
6687976,2
6688119,0
6688207,0
6689092,2
6691005,0
6691723,4
6692191,2
6692571,57
6692586,0
6692633,19
6692735,9
6692743,5
6692786,6
6692975,0
6693788,0
6693942,2
6697715,0
6698963,2
6699103,3
6699291,5
6699826,0
6699837,22
6699912,0
6700345,4
6700461,3
6700541,76
6701002,22
6701223,0
6701543,3
6701577,69
6701818,0
6701970,10
6702293,3
6702379,10
6702648,1
6702816,5
6702912,0
6703091,0
6703106,0
6703191,1
6704000,0
6704247,7
6704291,23
6705413,1
6705606,2
6705784,0
6705858,0
6705984,77
6706132,2
6706263,5
6706280,17
6706345,6
6706703,0
6706708,3
6710367,0
6710420,16
6711306,0
6711524,0
6711671,0
6712618,0
6713005,0
6713114,5
6713436,0
6714006,0
6714685,10
6715369,1
6715399,4
6716034,1
6716147,7
6716199,0
6716218,0
6716326,0
6716340,26
6716400,0
6716695,68
6717076,3
6718257,1
6719207,2
6721253,3
6722338,0
6723035,30
6723207,0
6723500,11
6724266,26
6725463,2
6725469,4
6725819,2
6726274,7
6726308,0
6726337,10
6726702,0
6726748,22
6729250,10
6729383,12
6729778,3
6730582,14
6730680,0
6731170,0
6731445,12
6731463,5
6731830,5
6732446,8
6733842,53
6734340,7
6737827,82
6738639,66
6739145,43
6739520,55
6739776,3
6740143,1
6740465,2
6740606,2
6740840,37
6741023,4
6741094,0
6741111,8
6741922,0
6742121,0
6742244,2
6742250,6
6742680,28
6742993,0
6743210,26
6743346,9
6743386,3
6743813,0
6746003,66
6746143,9
6747106,45
6747109,65
6747193,52
6747308,12
6747552,49
6747708,7
6747958,5
6748710,0
6748848,0
6748873,0
6748886,12
6748952,0
6748973,2
6749285,81
6749427,64
6749485,16
6749612,54
6750178,0
6750191,9
6750251,1
6750443,32
6753832,0
6753970,3
6756970,7
6757769,7
6757821,1
6757929,0
6758221,1
6758402,10
6758550,2
6758832,6
6758846,0
6758857,49
6759052,0
6759088,40
6759264,5
6759527,0
6759722,23
6760370,30
6760510,3
6760893,15
6761084,7
6761135,1
6761248,70
6761867,19
6763899,0
6764999,7
6765002,2
6765042,2
6765065,11
6765105,49
6765570,63
6765702,0
6766259,7
6766662,7
6766806,6
6766908,0
6767252,1
6767503,35
6767603,0
6767811,0
6770160,7
6771374,6
6773703,0
6774866,20
6776165,0
6776299,0
6776698,78
6776711,2
6777026,1
6777408,13
6777603,46
6778238,39
6778322,5
6778619,23
6778747,72
6778776,4
6779326,7
6779905,1
6779930,1
6780207,1
6780323,50
6780509,63
6781464,1
6781685,0
6781859,2
6782211,22
6782212,9
6782331,0
6782407,0
6782600,1
6782841,22
6783518,2
6783942,1
6784171,3
6784207,35
6784345,14
6784378,25
6784453,44
6784669,0
6784807,18
6785290,7
6788274,1
6790870,39
6791173,0
6791554,42
6791694,32
6791914,0
6792722,5
6792778,2
6793249,0
6793382,10
6793654,38
6794912,0
6794977,17
6795252,0
6795356,1
6795568,79
6795657,34
6795918,2
6796014,1
6796031,0
6796058,8
6796235,12
6796379,11
6796409,56
6796474,61
6796994,49
6797129,0
6798855,68
6798874,13
6799517,2
6799539,3
6799542,4
6799814,61
6799864,9
6799944,30
6799999,64
6800274,5
6800336,6
6800548,38
6800799,81
6804744,0
6805513,0
6805817,0
6807079,4
6807281,1
6807297,0
6807358,12
6807871,5
6808818,19
6808869,20
6810316,4
6810789,26
6811252,1
6811364,1
6811543,0
6811817,5
6812409,36
6812444,46
6812539,66
6812888,3
6812924,86
6813041,0
6813682,0
6817489,22
6817511,0
6818783,1
6818919,3
6819732,4
6819990,30
6820129,1
6820431,12
6820773,28
6821618,1
6821916,67
6821978,0
6822398,9
6822430,55
6822443,59
6822471,59
6822519,17
6822535,17
6823578,0
6824005,0
6824090,3
6828417,1
6828889,0
6829632,0
6829681,19
6829746,0
6829990,7
6832599,0
6832606,31
6833000,5
6833049,9
6833263,1
6834701,1
6834972,0
6835487,1
6835688,7
6836304,25
6836362,1
6836485,76
6836879,0
6837002,51
6837038,6
6837529,0
6837807,30
6839938,51
6842082,4
6842636,5
6842885,1
6842919,0
6843884,6
6844637,0
6845913,1
6846105,1
6846464,7
6846536,0
6846956,40
6847053,0
6847612,2
6848064,6
6848451,2
6848862,26
6849332,1
6849470,3
6849879,0
6850373,4
6850801,1
6851685,4
6851748,0
6852513,2
6852626,7
6852664,1
6853271,27
6853472,46
6853532,0
6853661,0
6853689,1
6853752,5
6853761,73
6854013,3
6854104,0
6854304,30
6854372,0
6854662,39
6854803,30
6855034,84
6860656,8
6860929,2
6862191,0
6862388,3
6862600,1
6863057,0
6863540,6
6863691,11
6863948,0
6863968,20
6864276,35
6865053,20
6865222,44
6865662,17
6866061,2
6866290,0
6866419,0
6866594,2
6867094,6
6867321,67
6867325,43
6867897,39
6869099,15
6869369,33
6869459,0
6869991,21
6870280,0
6870543,1
6870647,34
6871028,32
6871600,15
6871627,1
6875917,4
6878020,47
6878864,0
6879039,12
6879485,0
6880182,0
6880311,1
6880873,3
6881043,15
6881101,0
6881827,1
6881867,8
6882661,0
6883015,3
6883096,28
6883231,0
6883404,4
6883406,24
6883801,3
6883897,56
6884130,0
6884254,0
6884663,0
6885205,59
6885767,0
6885805,0
6885838,9
6886003,15
6886339,0
6886455,55
6886575,60
6886662,3
6886846,24
6887127,24
6887166,2
6887308,79
6887595,24
6887755,67
6892425,3
6893767,55
6893829,2
6894501,13
6894965,1
6895270,1
6895727,45
6895837,4
6896737,1
6897597,0
6897603,3
6897911,69
6898500,38
6898938,81
6899160,2
6899456,0
6899995,42
6900168,81
6900378,7
6900518,1
6901350,0
6901541,2
6901827,4
6901892,0
6902147,0
6902589,0
6902729,33
6902828,30
6904576,31
6907341,50
6907623,2
6908140,6
6908545,0
6908603,4
6908835,0
6908837,44
6909128,41
6909460,77
6910034,0
6910614,43
6910706,22
6912077,0
6912675,0
6912998,1
6913503,4
6913773,3
6913903,2
6913963,10
6913969,3
6914332,62
6914516,0
6915467,0
6919797,22
6920568,12
6921004,6
6921249,0
6921404,1
6921473,3
6921921,10
6922107,7
6922269,7
6922505,7
6923000,5
6923485,36
6924109,49
6924695,85
6924793,15
6924876,3
6924942,0
6925270,0
6926006,10
6926366,79
6926449,8
6926528,15
6926727,22
6926838,3
6927013,5
6927027,4
6930780,85
6931057,67
6932760,11
6932898,0
6932921,20
6933290,11
6933582,1
6933878,2
6934015,16
6934770,1
6935184,32
6935582,0
6936157,78
6936316,39
6936620,4
6936794,13
6936837,44
6937027,1
6937200,1
6937262,0
6937375,0
6937480,0
6937591,0
6937897,0
6938259,4
6938484,2
6938560,0
6938678,2
6938827,12
6939024,0
6939054,3
6939235,9
6939260,2
6939638,3
6939660,1
6939668,0
6939719,6
6939758,9
6939859,1
6940034,22
6940108,62
6940115,24
6940419,34
6941601,0
6941644,5
6942211,6
6944665,0
6947017,0
6947196,1
6947396,1
6947477,0
6947601,0
6947730,15
6948441,4
6948970,0
6949104,0
6949421,1
6949526,23
6949554,4
6949828,3
6950065,27
6950365,3
6950477,1
6950736,0
6951735,41
6951995,0
6952235,1
6952592,13
6952639,3
6952888,9
6953066,3
6953132,4
6953449,0
6953483,0
6954483,13
6955973,8
6956630,55
6956813,2
6957008,0
6957059,1
6957272,16
6957328,17
6957385,31
6958924,29
6959359,0
6960073,60
6964112,76
6965019,82
6965153,70
6965655,14
6965689,4
6966329,1
6966519,4
6966635,41
6966985,33
6967011,31
6967119,1
6967235,50
6967708,17
6967723,67
6967980,1
6968050,66
6968410,0
6968488,0
6968737,6
6969425,6
6969473,6
6970158,0
6970429,0
6970866,2
6970925,1
6970965,10
6971056,2
6971955,43
6972046,1
6972177,0
6972238,8
6972244,0
6972473,0
6972534,2
6972554,0
6972659,19
6973159,0
6973286,6
6973292,41
6973473,52
6973544,0
6974136,1
6974206,46
6974728,19
6975129,0
6975897,2
6977444,0
6978254,23
6980091,84
6980669,82
6982174,0
6982563,1
6984612,4
6985716,1
6985895,0
6986426,0
6986600,7
6987465,0
6987560,0
6988265,0
6988710,2
6988794,0
6989117,15
6989258,0
6989436,69
6989515,46
6990436,1
6990524,0
6991324,41
6991421,0
6991797,2
6991902,3
6991910,4
6992300,4
6992310,0
6992770,78
6992831,79
6992939,0
6992973,0
6993265,2
6993502,66
6993520,1
6993538,0
6993862,44
6994004,53
6994032,79
6994038,68
6994259,4
6995408,6
6999056,0
7000630,0
7001049,13
7001580,0
7001872,23
7002250,3
7002269,0
7002406,0
7002635,1
7002943,2
7003992,0
7004770,5
7006151,1
7006695,54
7007199,1
7007597,3
7007729,11
7007972,13
7008819,27
7009122,7
7009152,80
7009209,2
7009949,3
7010001,9
7010003,6
7010013,2
7010135,0
7010406,12
7011808,16
7011887,0
7015094,73
7015213,6
7016626,0
7018581,1
7019534,4
7021332,3
7021346,0
7021350,0
7021851,79
7021938,0
7021948,3
7022570,5
7023177,11
7023667,0
7024138,14
7024303,0
7024474,24
7024538,0
7024618,5
7024774,4
7024778,47
7025113,5
7025134,35
7025563,31
7025760,1
7026048,22
7026258,2
7032396,1
7032448,3
7032474,6
7032855,6
7032930,13
7033871,19
7034574,0
7034787,2
7034879,23
7034909,0
7034947,5
7035094,0
7035239,0
7035304,1
7035403,32
7035441,40
7035513,61
7036021,10
7036079,10
7036277,1
7036285,0
7036787,60
7037516,1
7037537,14
7037585,1
7037740,0
7037791,74
7037918,73
7037999,3
7038049,6
7038563,0
7038604,69
7038875,67
7039103,37
7043746,63
7044822,0
7044853,6
7045422,76
7047076,16
7047329,21
7047808,15
7048418,0
7048508,8
7050316,0
7050346,72
7050590,2
7050595,79
7050731,0
7050959,4
7051619,1
7051777,0
7051938,0
7052026,0
7052234,1
7052476,0
7052546,5
7052658,6
7053044,0
7053098,0
7053336,0
7053353,3
7053737,16
7054048,0
7054405,0
7062144,0
7062446,0
7062469,33
7062987,1
7063158,10
7063407,1
7065121,9
7065419,23
7065653,1
7065748,0
7065858,0
7066122,10
7066281,53
7066401,12
7066983,3
7067220,0
7067267,3
7067406,45
7067504,42
7068150,55
7068659,0
7069207,19
7069250,18
7069551,7
7069789,1
7070028,1
7070404,31
7070461,3
7070734,11
7070947,5
7071504,8
7071657,1
7071804,0
7071858,1
7071867,41
7072614,42
7072679,0
7072777,0
7072975,0
7073291,0
7073896,2
7074062,3
7074118,8
7074169,1
7074232,0
7074366,2
7074920,3
7075449,0
7081004,2
7082752,11
7082816,0
7083264,67
7084130,0
7084621,9
7085741,2
7085903,47
7086101,0
7086411,8
7087124,0
7087549,0
7087752,0
7087777,8
7088033,17
7089310,17
7089639,0
7090512,46
7090821,52
7090958,1
7091014,5
7091056,81
7091125,74
7091660,20
7092135,5
7092618,18
7092626,25
7093122,0
7093646,5
7093674,24
7093920,75
7093970,1
7094807,9
7094866,2
7095125,68
7095331,4
7095570,3
7095708,23
7095888,40
7096111,7
7099737,9
7101296,21
7101822,0
7104378,3
7105913,0
7107053,0
7108462,0
7108852,9
7108992,0
7110032,40
7110061,3
7110176,0
7110657,0
7110954,3
7111050,65
7111775,0
7111838,7
7111940,0
7112684,12
7113258,0
7113826,0
7114141,0
7114231,0
7114665,0
7114790,7
7115746,3
7116273,61
7116566,74
7116654,0
7116670,1
7116786,3
7120477,12
7122791,6
7123455,11
7124396,10
7124527,4
7124850,31
7125294,16
7125385,40
7125792,0
7126159,59
7126996,0
7127458,36
7127844,0
7127988,0
7130505,83
7130506,3
7130845,1
7131007,8
7132096,87
7132341,19
7132520,0
7132891,19
7133005,0
7134127,8
7134362,3
7134550,0
7134595,13
7135297,1
7140665,54
7141549,5
7142361,0
7142734,45
7143142,58
7143146,0
7143974,4
7144102,2
7144145,75
7144807,19
7145333,8
7147955,1
7148121,12
7148487,31
7148567,0
7148680,6
7148691,0
7148721,77
7148730,6
7148789,19
7148791,83
7149042,3
7149408,0
7149691,4
7149710,0
7149836,0
7155068,10
7156481,1
7156537,45
7158236,0
7158408,91
7158916,15
7159258,12
7159259,0
7160363,78
7160545,3
7161112,2
7161416,41
7162419,23
7162435,0
7162441,0
7163131,0
7163349,3
7163434,3
7163999,7
7168652,12
7170149,7
7172107,1
7173501,4
7173574,0
7173841,0
7174361,8
7174695,1
7178232,1
7178361,2
7178556,0
7178827,20
7178887,0
7179078,10
7179131,32
7179291,2
7179339,2
7180015,0
7180568,0
7181242,50
7181422,0
7181644,0
7182105,14
7182243,17
7182523,2
7189370,0
7191373,0
7191781,1
7192484,2
7192809,22
7193370,0
7194042,16
7194843,2
7195227,0
7195473,12
7195888,0
7196194,0
7196427,1
7197409,60
7197423,6
7197860,0
7198644,0
7198878,0
7198959,0
7199049,13
7199258,77
7199464,0
7201169,0
7201615,0
7202368,78
7202409,23
7202612,77
7203655,18
7203672,21
7203867,0
7203943,0
7203949,15
7204171,41
7204409,40
7204443,72
7204547,0
7204890,72
7205083,3
7205241,22
7205533,4
7205903,9
7205945,28
7206140,0
7206489,82
7206796,76
7207910,53
7214055,0
7215518,43
7215836,0
7216079,21
7216784,45
7217157,0
7217957,18
7218076,1
7218272,0
7218368,9
7219051,46
7220651,10
7221003,0
7221712,0
7223743,2
7224086,6
7224609,19
7224899,75
7225585,1
7225593,18
7225598,0
7225732,8
7225919,43
7226069,14
7226543,6
7226624,0
7226840,19
7227152,1
7227418,15
7227555,3
7227760,1
7227988,76
7228397,1
7228424,0
7229757,0
7233505,1
7234538,0
7235787,0
7236337,42
7236487,2
7236638,1
7237484,0
7237763,13
7237848,8
7238041,19
7238540,9
7238562,0
7239039,1
7239527,0
7240056,7
7240464,0
7240997,6
7242683,2
7243067,17
7243708,1
7244171,37
7244699,84
7244823,2
7245239,23
7245295,67
7245660,1
7245793,18
7245876,3
7246159,0
7246373,4
7246515,1
7246533,0
7246609,22
7246783,0
7246903,38
7247357,62
7248189,4
7252936,0
7253330,85
7254436,14
7254969,0
7255372,0
7255568,3
7255653,59
7256000,9
7256216,67
7256732,27
7256796,0
7257163,42
7257303,17
7257465,2
7257922,0
7258087,0
7258864,69
7259369,1
7259638,4
7259804,7
7261121,0
7262042,51
7262304,5
7262312,72
7262410,42
7262451,0
7263510,3
7263899,0
7264287,0
7264379,2
7264496,1
7264571,1
7265079,69
7265118,8
7265271,13
7265331,3
7265407,23
7265495,72
7265571,18
7265918,20
7269771,73
7272453,0
7273249,5
7273562,0
7273752,13
7274100,21
7274216,0
7274672,1
7275169,2
7275569,2
7275726,1
7275822,4
7276603,0
7276620,19
7276862,0
7277102,5
7277143,0
7277180,0
7277230,73
7277600,0
7277878,4
7278293,38
7278383,0
7278762,77
7279081,86
7279392,0
7279583,39
7279612,0
7279657,0
7280322,0
7280643,5
7280861,65
7281309,76
7281340,2
7285712,8
7286166,11
7286324,63
7287390,8
7288168,35
7288752,1
7288823,3
7289134,0
7289414,0
7289496,3
7289727,0
7290379,4
7291229,46
7291438,34
7292011,65
7292020,6
7293098,0
7293292,1
7293915,0
7294013,4
7294129,61
7294234,10
7295210,37
7301460,5
7302070,9
7303995,9
7304034,30
7304094,35
7304695,14
7305139,1
7305967,2
7306108,84
7307027,3
7307682,26
7308118,0
7309633,0
7309708,14
7310097,3
7310140,0
7310144,0
7310752,8
7310835,13
7310948,38
7311209,1
7316104,0
7317062,58
7317063,19
7318106,7
7318332,17
7319169,3
7319582,0
7321054,0
7321292,1
7321314,1
7321343,29
7321443,0
7322088,3
7322656,0
7324457,58
7324746,59
7324952,1
7325889,43
7326082,8
7326201,16
7327841,9
7328260,9
7328712,0
7328754,8
7328775,2
7328783,88
7328852,17
7328890,1
7329091,67
7329161,1
7329694,0
7329699,3
7329781,11
7330216,74
7330257,55
7330270,0
7330879,3
7331083,0
7331201,5
7331850,0
7332130,0
7332552,2
7333311,17
7334459,0
7336658,34
7339012,5
7339716,21
7339994,8
7340280,6
7340318,10
7340771,3
7341077,0
7341406,51
7341424,13
7341500,0
7341541,22
7341705,0
7341912,6
7341983,65
7343477,11
7343512,10
7344720,72
7344761,3
7345333,0
7345443,12
7345708,3
7345789,58
7345807,0
7345868,77
7346270,1
7346434,0
7347106,0
7347486,1
7348509,0
7348714,16
7348959,71
7349064,1
7349372,8
7349421,5
7349556,11
7349633,0
7349830,13
7350888,2
7351078,2
7356030,53
7356831,4
7356890,0
7358093,0
7359313,0
7360214,0
7360402,10
7363109,16
7363175,0
7363608,0
7363690,20
7364850,23
7365160,5
7365481,7
7366831,0
7366839,7
7366982,0
7367009,0
7367029,4
7367039,3
7367913,0
7368173,2
7368274,6
7368444,1
7368683,49
7368887,0
7369097,41
7369427,20
7369806,1
7376652,6
7378058,0
7379353,0
7380251,0
7380485,1
7380663,2
7381236,3
7381816,56
7381893,8
7381928,0
7382200,0
7382245,3
7382396,31
7382573,0
7382982,0
7383173,7
7383380,11
7383722,0
7384002,0
7384040,0
7384393,4
7384633,42
7385589,5
7385688,8
7386119,7
7386158,3
7387040,14
7387093,56
7387604,50
7388240,48
7388254,4
7388452,18
7388612,49
7389044,0
7389278,0
7389481,55
7389639,1
7389683,12
7391230,37
7393127,32
7394136,0
7395202,0
7396215,0
7396507,0
7396662,33
7396853,4
7397226,0
7397237,0
7397649,0
7397699,3
7398008,7
7399178,0
7399717,0
7399754,9
7400940,0
7401048,0
7401503,13
7401512,13
7401514,23
7401573,11
7402299,6
7402888,0
7403009,2
7403108,0
7403320,3
7403721,1
7403758,1
7410392,24
7412399,0
7413605,3
7413866,17
7415905,77
7417520,23
7418759,72
7418874,5
7419238,9
7419253,0
7419334,0
7420849,2
7421191,10
7421751,10
7421930,1
7423596,1
7426597,88
7427528,14
7428365,6
7428891,18
7429161,26
7430660,0
7430873,42
7430991,61
7431316,0
7431452,5
7431609,2
7432279,1
7434061,0
7434316,6
7434350,2
7434480,0
7434615,0
7435200,4
7435223,70
7435430,29
7435466,0
7435577,2
7435882,0
7435904,0
7436186,20
7438240,0
7438896,45
7438925,4
7439092,0
7439516,0
7439751,7
7440548,2
7449531,2
7450216,62
7451040,78
7451145,8
7451599,0
7451805,1
7451911,3
7452230,69
7452390,13
7452454,0
7452896,1
7452987,11
7453537,57
7453831,67
7454031,0
7454171,0
7454326,0
7454378,19
7454446,12
7454739,0
7454853,1
7455059,5
7455785,0
7456166,30
7456692,0
7456879,0
7457099,67
7457101,1
7457698,11
7458382,3
7459320,14
7459809,10
7459879,3
7459928,52
7460009,7
7460265,6
7460574,1
7460748,5
7460933,58
7461502,1
7461785,3
7462057,11
7462785,70
7464214,1
7468695,1
7469908,72
7470123,0
7470253,0
7471116,0
7471510,0
7471599,5
7471917,2
7471933,44
7472384,1
7472465,0
7472513,8
7472710,50
7472870,6
7473642,1
7473685,1
7473909,7
7474172,0
7474311,2
7474816,35
7475552,27
7475708,0
7476506,0
7476713,1
7478570,7
7478950,0
7479939,41
7480189,9
7480229,25
7480309,4
7480729,41
7480853,43
7480890,58
7481844,4
7482524,8
7482767,0
7482792,23
7482821,17
7482867,4
7483113,2
7483186,0
7483940,9
7484548,24
7490151,67
7490286,7
7491108,6
7491590,3
7491713,1
7492292,9
7492539,0
7493359,30
7494744,82
7495368,3
7495477,15
7495768,1
7496044,66
7496274,4
7497287,6
7497599,3
7497652,0
7498271,53
7499708,59
7499919,0
7500139,2
7500228,66
7500641,0
7500745,0
7500903,0
7500966,47
7501292,24
7501556,6
7501694,36
7501717,19
7501794,0
7501806,4
7502141,78
7502146,28
7502549,5
7503672,9
7508560,65
7508588,26
7509362,2
7510924,1
7510976,3
7511452,76
7511919,1
7512056,0
7512116,0
7512240,12
7512767,4
7512811,0
7513650,3
7514135,1
7514466,4
7514849,0
7514964,0
7515499,2
7515787,55
7515971,0
7515987,11
7516218,26
7516219,78
7516249,16
7516992,0
7517207,11
7517482,2
7517578,0
7518146,8
7518301,0
7518450,0
7518501,1
7518559,0
7518967,10
7519317,0
7519448,82
7519959,58
7524934,0
7525255,2
7525375,10
7525874,2
7525905,0
7526088,4
7526377,23
7526900,15
7526944,17
7527469,2
7527607,3
7529231,0
7529906,11
7529908,10
7529943,0
7530563,1
7531309,0
7531604,2
7533321,0
7533626,18
7533864,0
7534169,0
7534463,0
7534543,38
7534579,24
7534996,7
7535272,34
7535303,0
7535450,52
7535868,20
7535873,17
7540025,7
7540104,75
7540256,1
7541249,51
7541444,5
7542840,26
7543133,4
7543232,1
7543381,11
7544036,5
7544344,5
7544831,0
7545043,0
7545351,0
7545729,1
7545751,0
7546039,0
7546171,3
7546944,44
7547454,58
7547481,10
7547536,73
7548106,2
7548503,0
7548659,8
7549019,6
7550058,4
7554458,3
7554629,12
7554634,59
7554902,55
7555676,10
7556003,1
7556587,0
7556715,1
7557546,61
7557547,10
7558578,1
7558596,82
7559593,17
7559955,58
7560016,21
7560291,6
7560658,0
7561584,43
7561688,4
7562042,56
7562061,0
7562534,21
7562837,0
7563041,8
7563426,0
7563717,1
7564276,3
7564577,2
7565120,12
7565221,0
7570475,0
7572534,21
7572637,6
7573103,0
7573321,1
7573681,0
7573932,0
7574438,0
7575352,1
7575668,4
7575934,1
7576350,0
7576897,59
7576910,18
7579241,26
7579396,22
7579619,3
7579681,1
7580481,39
7581316,0
7581334,0
7581456,0
7581679,2
7581727,0
7582163,21
7582168,8
7582705,0
7582706,0
7583507,0
7583981,0
7584224,1
7584471,2
7584660,62
7587270,6
7588165,4
7590712,59
7591467,4
7591512,2
7591595,4
7592976,0
7593263,83
7593556,31
7594093,5
7594911,58
7596004,50
7596078,0
7596341,0
7596536,5
7596687,0
7596739,5
7596751,54
7596900,66
7597951,0
7598279,0
7598986,0
7599311,1
7599569,13
7599621,0
7599873,1
7600983,15
7601046,6
7601559,1
7601632,0
7601723,42
7601924,40
7601979,35
7602261,1
7602442,0
7602528,0
7602563,6
7602785,37
7602826,1
7603070,1
7603125,7
7603341,12
7603430,1
7603440,6
7603693,14
7604543,21
7606677,5
7607537,15
7608700,60
7609843,48
7609957,2
7610704,16
7613124,16
7613146,64
7613150,18
7613846,60
7615088,7
7615496,77
7615503,3
7615626,2
7615693,5
7615935,0
7616025,5
7617383,0
7617589,34
7617694,27
7617812,0
7617911,4
7618476,7
7618790,14
7618847,0
7619668,42
7619996,0
7620029,1
7620257,6
7620592,5
7620785,28
7621032,2
7621131,60
7621381,8
7621415,1
7621629,0
7621748,17
7621847,74
7622042,0
7622051,62
7622697,0
7625298,18
7628442,0
7628791,55
7629108,5
7629339,9
7629563,0
7629815,7
7629972,4
7630082,81
7630302,65
7630502,0
7631203,68
7631233,0
7632731,2
7633057,33
7633239,3
7633247,25
7633609,5
7634327,19
7634805,0
7635764,84
7636280,7
7636284,0
7636455,9
7636890,12
7636954,1
7637001,2
7637047,0
7637112,0
7637197,1
7637472,0
7637896,14
7638216,66
7638848,36
7643399,10
7643428,20
7644203,9
7644505,2
7644813,5
7644838,8
7645359,6
7646522,17
7646602,61
7646751,60
7646825,10
7647268,21
7647719,0
7648634,15
7649526,15
7649846,84
7649902,59
7650597,15
7651280,2
7651474,86
7651698,14
7651715,0
7651885,41
7652100,0
7652181,17
7652345,0
7652500,12
7652508,0
7654931,80
7655858,1
7656412,7
7656808,1
7658409,26
7659042,0
7660099,79
7660226,15
7660468,19
7661395,0
7661915,53
7662069,0
7662742,15
7662874,27
7662981,6
7663500,0
7663617,0
7663756,47
7664066,31
7664144,71
7664262,6
7664465,11
7664855,36
7664863,28
7664959,7
7664965,4
7664991,45
7665230,0
7666157,1
7667953,0
7669241,72
7670668,5
7671984,28
7672306,64
7672361,21
7672571,1
7672817,80
7673779,1
7674659,17
7674796,0
7675647,8
7675781,84
7675962,11
7676145,76
7676301,2
7676306,27
7676721,32
7677505,13
7677597,14
7678084,12
7678187,0
7678351,4
7678386,1
7678450,13
7678730,0
7678743,53
7679047,22
7679086,4
7679094,4
7679120,29
7679142,4
7679541,22
7679714,48
7679818,0
7679943,3
7680278,8
7680709,79
7680940,30
7681478,12
7682344,5
7682866,1
7686178,6
7688130,84
7689495,5
7689651,1
7690729,28
7691006,1
7691059,2
7691790,70
7691908,0
7692326,25
7692701,2
7692866,0
7693037,0
7693040,0
7693124,7
7693320,0
7694064,24
7694654,35
7694852,0
7695043,67
7695220,8
7695909,1
7696314,1
7696645,65
7696843,0
7697025,2
7697055,0
7697082,0
7697100,42
7697425,0
7697603,9
7697792,0
7697857,0
7698190,29
7698521,29
7698530,1
7698642,16
7698722,62
7698923,28
7699037,14
7699156,0
7699220,0
7699335,4
7699366,2
7699407,0
7699703,0
7699962,26
7700054,62
7700741,4
7701295,17
7704198,0
7706406,1
7706455,15
7706471,0
7706593,13
7707191,0
7707274,13
7707725,7
7707789,84
7708148,8
7708671,0
7708860,78
7708861,77
7708956,81
7709304,1
7710159,3
7710442,0
7711407,13
7711451,3
7711804,40
7712639,3
7712849,0
7713421,16
7713437,11
7713509,3
7714152,84
7715192,7
7715342,25
7715624,0
7716148,9
7716489,0
7716776,0
7716812,83
7717071,2
7717284,0
7717594,4
7718042,0
7718894,1
7718995,84
7722946,2
7723494,23
7724031,2
7724752,3
7725030,0
7725075,0
7725197,1
7725496,53
7725573,0
7725825,24
7726274,28
7726982,15
7727061,85
7727796,0
7728018,5
7728262,0
7728265,1
7728510,46
7728674,36
7728831,47
7729043,17
7729215,14
7730160,1
7730527,0
7730852,51
7731013,11
7731385,4
7731765,14
7732060,13
7733241,5
7733651,22
7733862,12
7733896,43
7734034,6
7734116,72
7734164,5
7734173,16
7734176,8
7734226,17
7734240,21
7734355,16
7734819,48
7734957,73
7734995,42
7735348,58
7736787,0
7741297,74
7742054,1
7742753,31
7743042,0
7743202,6
7743233,0
7743323,29
7743340,5
7743601,1
7743778,54
7744236,4
7744591,24
7744907,0
7745417,14
7746019,3
7746286,24
7746303,4
7746903,0
7747016,12
7747017,1
7747237,5
7748035,69
7748044,0
7748135,6
7748170,19
7748678,10
7748836,16
7749069,10
7749367,0
7750044,28
7750282,0
7750695,54
7750936,4
7754697,66
7754916,1
7754994,0
7756015,1
7756302,0
7756711,1
7756817,0
7757619,3
7757818,18
7758257,9
7758673,0
7759275,0
7759511,9
7759637,40
7759823,9
7759906,0
7760158,9
7760204,4
7760566,12
7761083,12
7761161,28
7761191,1
7762173,66
7762201,0
7762343,1
7762394,3
7762437,67
7762574,2
7762866,32
7762930,3
7763728,12
7763869,69
7763918,0
7764285,15
7764314,5
7768278,8
7768655,0
7768661,15
7768999,54
7769660,2
7770529,0
7770747,0
7771170,4
7771351,75
7771362,17
7771661,1
7772281,16
7772377,0
7772462,0
7772479,14
7772724,2
7773365,0
7773386,22
7773645,1
7773669,44
7773967,25
7774373,67
7774422,9
7774655,69
7774722,30
7775427,0
7775431,13
7775455,0
7775627,15
7775711,0
7775924,1
7776105,78
7779419,12
7780850,12
7781123,0
7781490,19
7781847,61
7782176,9
7782340,26
7784894,8
7785052,4
7785451,22
7785582,0
7785655,77
7785745,0
7786504,5
7786536,4
7786683,0
7787223,1
7787799,2
7787962,83
7787983,47
7788438,2
7788504,14
7788688,5
7789346,2
7789408,5
7789685,48
7789692,4
7789848,1
7789850,37
7790161,4
7790581,11
7790627,32
7790850,7
7797213,10
7797490,0
7797733,1
7798327,0
7798559,37
7798633,4
7798694,1
7799096,1
7799357,4
7799410,11
7799577,4
7799787,6
7799893,2
7800824,2
7801023,0
7801483,2
7803063,24
7803319,0
7803399,1
7803475,44
7803545,5
7803683,3
7803828,18
7804414,28
7804434,1
7805051,34
7805159,0
7805295,28
7806103,1
7806246,40
7806322,83
7806890,12
7807175,2
7807454,0
7807792,3
7808057,0
7808182,42
7808346,8
7808374,0
7808452,45
7808484,3
7808799,7
7809295,0
7809328,59
7809408,44
7809481,3
7809535,39
7809629,4
7809746,2
7809878,6
7810109,0
7810500,0
7811933,47
7812655,13
7814575,6
7815865,2
7816930,3
7817350,0
7818601,0
7818734,2
7819272,8
7819465,4
7819706,0
7819909,28
7820556,1
7820664,6
7820861,55
7820916,6
7820969,10
7823396,0
7823474,18
7823495,25
7824374,46
7825487,0
7825593,6
7825663,15
7825743,0
7826016,30
7826413,9
7826478,16
7826517,36
7826573,0
7826846,0
7827525,16
7827531,23
7827616,4
7827817,66
7828204,5
7828740,32
7831556,3
7832138,54
7832737,12
7834112,0
7834712,1
7834769,5
7835198,2
7835733,31
7835778,0
7836258,4
7836589,0
7837347,0
7837575,31
7837583,2
7837632,9
7837670,0
7837685,7
7837852,13
7837859,1
7837963,11
7838393,22
7839087,29
7839545,38
7839930,78
7839972,1
7840544,0
7840798,3
7841038,13
7841410,0
7841464,0
7841521,39
7841576,6
7841904,8
7842276,15
7842597,12
7842650,12
7842939,38
7843582,13
7843604,81
7843781,48
7843902,10
7844206,2
7844263,6
7844947,2
7846162,17
7849404,0
7849755,16
7850400,36
7851371,0
7851753,0
7852297,0
7852370,14
7853110,0
7853584,0
7853587,18
7854287,6
7854307,79
7854426,5
7854730,69
7854999,18
7855021,12
7855244,0
7855499,0
7856015,11
7856187,1
7856476,20
7856830,0
7857050,6
7857465,2
7857504,31
7857685,3
7857897,8
7858338,58
7858468,83
7858629,5
7858644,0
7858673,78
7858709,2
7858731,1
7858791,1
7858824,15
7859293,7
7859840,3
7859932,4
7859978,1
7862762,25
7865678,16
7866845,2
7867205,1
7867264,1
7867321,2
7867388,0
7867494,35
7867623,1
7867800,7
7868427,19
7868971,0
7869449,0
7870403,40
7870442,0
7871441,5
7871699,2
7871818,68
7872172,4
7872617,5
7872983,3
7873215,2
7873433,0
7873524,0
7873543,5
7873940,4
7874697,19
7874958,1
7875071,8
7876954,27
7877599,15
7878795,57
7879486,64
7880066,52
7880799,77
7881023,8
7881195,0
7881469,1
7881522,0
7881928,6
7881985,0
7882127,0
7882517,0
7883220,2
7883623,78
7883692,1
7883798,0
7884708,22
7885309,30
7885338,70
7885810,55
7886069,0
7886635,69
7886670,3
7886869,20
7887206,23
7892279,66
7893768,81
7894007,67
7894907,67
7894983,14
7895157,0
7895935,0
7896396,21
7896536,50
7897114,5
7897229,11
7897307,60
7897312,69
7898106,15
7898302,0
7899605,9
7899881,0
7900119,0
7900129,19
7900437,1
7900478,16
7900575,6
7900722,7
7900908,64
7901592,23
7901635,75
7901720,2
7901766,0
7901928,0
7902074,0
7902129,40
7902291,0
7902409,22
7902445,70
7902617,6
7903060,7
7903374,22
7903627,59
7903721,1
7908712,0
7910635,32
7910702,0
7911249,13
7911571,16
7912217,1
7912652,18
7913704,10
7914369,68
7914519,14
7915083,3
7915327,7
7915525,7
7915596,80
7915844,6
7915894,0
7916103,8
7916684,0
7917604,3
7917755,0
7917925,24
7918597,2
7918660,59
7919214,74
7919303,2
7919372,6
7919636,0
7919761,38
7919803,10
7920394,47
7920508,4
7920963,62
7920993,13
7921643,0
7921666,60
7927838,48
7928493,0
7928712,3
7928756,0
7928917,0
7928979,0
7929441,73
7929718,7
7930492,6
7930857,0
7931003,1
7931180,0
7932428,0
7932907,2
7933140,28
7933775,18
7933777,0
7933896,0
7933959,41
7934557,2
7934867,19
7935386,60
7935508,1
7935915,30
7935958,17
7936161,13
7936965,0
7936980,15
7937553,12
7938095,10
7938375,1
7938434,7
7938565,1
7938719,12
7938793,25
7939074,1
7939346,3
7939575,3
7939785,3
7939788,4
7945940,46
7946605,0
7946876,1
7948163,30
7948395,5
7948463,0
7948903,0
7949119,32
7949419,14
7949480,29
7949799,15
7949889,41
7950817,19
7951971,0
7952315,13
7952963,51
7953220,0
7953571,0
7953690,2
7954453,2
7954838,1
7954940,0
7955150,2
7955181,0
7955427,7
7955906,2
7955965,0
7956241,0
7956290,0
7956643,5
7956955,69
7956997,16
7957182,0
7957339,0
7958154,0
7958390,28
7962950,55
7963278,53
7963444,2
7963518,26
7964792,27
7964931,42
7965146,0
7965264,7
7965953,19
7966943,16
7967112,1
7967489,0
7967875,1
7967942,9
7968138,0
7968283,0
7968404,4
7968783,35
7968983,29
7969111,85
7969270,0
7970450,0
7970479,47
7970533,30
7970578,12
7970631,0
7970699,0
7970842,29
7971035,1
7971379,0
7971602,48
7972046,51
7972259,5
7972332,2
7972388,0
7972462,6
7973384,5
7973491,10
7973550,2
7973730,0
7973928,54
7973933,5
7974899,4
7979433,0
7980488,63
7981341,0
7982126,0
7982976,10
7983099,2
7983495,14
7983565,79
7984128,21
7984245,13
7984388,0
7984555,3
7984904,0
7986033,2
7986074,0
7986862,14
7987167,26
7987209,47
7987288,1
7987306,0
7987971,77
7988012,32
7988084,13
7988156,87
7988259,8
7988381,16
7988477,9
7988867,3
7989884,57
7994086,36
7995293,0
7996391,1
7996748,19
7996995,1
7997358,9
7997723,51
7998020,0
7998338,0
7998377,0
7998385,13
7998624,12
7998921,1
7999190,0
7999290,14
7999574,18
8000657,17
8000716,23
8000972,11
8001051,65
8001287,19
8001339,23
8001390,4
8002080,49
8003337,3
8005645,15
8006746,0
8007908,26
8008601,4
8009058,0
8009332,47
8009566,0
8009605,12
8010585,31
8011048,80
8011289,4
8011605,6
8011722,1
8012041,1
8012334,2
8012793,2
8013017,11
8013609,26
8013731,23
8013762,0
8013780,1
8013947,8
8013954,3
8014173,6
8014312,6
8014315,0
8014654,0
8014737,1
8014811,1
8015001,11
8015256,6
8015894,31
8015895,0
8015959,17
8016148,0
8016260,30
8016420,75
8016435,4
8016681,4
8016725,4
8016728,19
8016763,2
8016769,2
8016946,39
8017041,19
8017078,2
8017399,8
8017587,0
8018074,0
8021647,55
8021726,42
8021914,81
8022623,36
8024051,16
8024687,5
8024915,43
8025808,25
8026859,0
8027690,3
8028382,4
8029217,0
8029331,5
8029379,58
8029461,9
8029907,15
8030123,0
8030872,3
8030918,2
8031617,10
8031703,45
8031823,63
8032151,0
8032173,2
8032689,0
8033015,37
8033041,31
8033303,28
8033487,4
8033491,6
8033609,76
8033860,0
8034433,0
8034444,33
8034599,1
8034664,0
8035046,72
8035143,40
8035370,4
8035373,25
8035441,45
8035557,35
8035731,7
8035733,11
8036193,18
8036326,2
8036500,86
8036524,0
8037006,2
8037537,9
8040050,63
8041585,1
8042732,4
8043896,23
8044115,13
8044434,10
8044779,3
8044795,8
8044856,60
8045117,5
8045996,1
8046173,2
8047048,0
8047775,4
8047942,7
8048022,0
8048480,0
8049303,2
8049708,46
8049964,37
8049994,1
8050265,2
8050544,2
8050747,1
8051076,10
8051094,46
8052243,0
8052398,0
8052679,65
8052841,31
8052900,0
8053474,0
8053664,0
8053697,0
8054051,4
8054295,43
8054396,72
8054493,11
8054676,14
8055508,75
8055859,27
8058693,44
8062149,5
8062793,0
8062956,4
8063109,75
8063277,13
8063845,48
8065068,3
8065272,1
8065751,0
8065861,0
8066253,44
8066924,31
8066925,4
8067449,0
8067466,35
8068089,11
8068304,1
8068363,27
8068609,41
8069765,0
8069858,60
8069938,28
8070145,5
8070334,1
8071250,2
8071607,0
8071961,2
8072069,10
8072579,1
8072744,0
8072802,87
8077721,9
8079894,74
8079900,0
8080954,7
8081177,9
8082331,2
8082554,2
8082651,17
8083931,0
8084527,12
8084550,3
8084731,5
8084878,1
8085542,1
8085549,23
8085692,0
8085930,0
8086465,6
8087274,8
8087330,16
8087780,8
8088779,45
8089062,42
8089722,0
8089927,7
8090023,0
8090426,78
8090529,0
8090698,9
8091080,0
8091243,7
8091463,36
8092877,7
8097123,13
8098481,18
8098736,58
8098828,0
8099205,1
8099249,6
8099478,3
8100787,0
8101258,15
8101374,1
8101581,14
8101762,1
8101848,1
8102012,35
8102057,4
8102637,2
8103140,12
8103342,66
8104879,0
8105749,1
8105752,2
8106228,6
8106428,4
8106445,8
8106449,0
8106619,36
8106774,52
8106830,4
8106902,2
8107212,21
8109092,1
8111686,10
8112228,30
8112556,4
8113145,3
8113407,0
8115116,50
8115321,51
8116276,1
8117019,4
8117161,2
8117163,38
8117213,23
8117310,0
8117482,1
8117731,1
8118605,2
8119610,38
8121643,77
8125640,8
8126091,4
8126104,21
8126777,25
8126980,3
8127123,1
8127186,0
8127517,1
8127628,1
8128539,0
8129018,15
8129389,0
8129669,1
8130153,20
8130277,14
8130291,0
8130551,0
8131356,4
8131765,0
8131995,20
8132046,8
8132122,0
8132430,0
8132629,76
8132699,0
8132897,4
8133275,64
8133345,23
8133932,1
8135403,52
8135887,0
8141318,6
8141967,0
8143119,0
8143588,0
8143851,0
8144339,14
8144631,0
8144709,42
8144798,0
8145150,16
8145645,4
8145653,2
8145675,0
8146444,19
8146518,23
8147083,18
8147106,49
8147212,7
8147633,0
8147928,18
8148182,12
8148668,0
8149309,14
8149789,2
8149849,10
8151268,14
8151645,7
8151925,83
8152470,9
8152513,4
8152565,2
8152675,61
8152697,1
8153005,0
8153044,14
8153128,16
8153235,9
8153240,0
8153639,0
8154203,0
8159329,2
8160542,1
8162214,17
8162587,5
8162607,82
8162622,0
8163275,22
8163625,6
8165315,17
8165707,4
8166218,8
8166617,10
8166737,7
8166752,5
8167057,31
8167145,1
8167783,2
8168670,14
8169030,0
8169615,59
8169667,40
8170005,34
8170917,3
8171241,9
8171295,4
8171299,2
8171873,1
8172062,24
8172572,0
8172653,0
8172864,0
8173170,0
8173232,0
8174249,4
8174397,1
8174840,20
8181170,0
8181864,2
8182759,18
8182829,13
8183217,5
8184624,0
8184754,0
8185374,25
8185497,3
8185787,78
8186234,1
8186924,4
8186991,0
8187334,0
8187634,0
8188176,3
8188644,31
8189390,2
8190035,2
8190071,4
8190147,4
8190190,63
8190747,1
8190848,2
8191540,27
8191699,11
8192079,0
8192443,73
8192532,2
8192768,37
8192808,0
8192936,2
8193000,32
8193127,0
8193135,25
8193595,0
8193625,42
8193768,12
8194194,0
8194225,16
8194283,10
8194369,9
8194401,22
8194650,45
8194812,65
8195034,1
8195094,52
8195117,2
8195151,4
8195335,0
8195353,5
8195521,0
8195719,3
8195840,0
8200729,49
8201629,3
8202455,2
8203294,0
8204392,0
8205064,7
8205342,0
8205555,3
8205701,59
8206060,9
8206718,11
8207350,16
8207701,0
8207764,51
8208090,34
8208110,3
8208824,0
8208997,1
8209242,7
8209307,0
8209412,0
8209746,1
8210384,3
8210423,19
8210543,24
8210728,8
8210734,36
8211314,0
8211513,4
8211709,1
8211852,0
8212058,11
8212215,3
8212592,1
8212733,13
8213019,1
8213145,1
8213362,8
8213444,60
8213800,0
8214005,0
8216392,5
8217350,32
8217454,3
8218942,8
8219313,1
8219404,15
8219648,82
8220331,0
8220472,0
8221965,11
8222540,0
8222831,45
8222857,1
8223756,1
8224233,0
8225210,0
8225997,2
8226137,0
8226967,1
8227361,29
8228217,12
8233117,0
8233484,32
8234295,0
8234456,1
8235667,3
8235820,0
8236539,0
8236660,12
8236773,0
8237477,68
8237586,1
8238028,18
8238581,0
8238754,63
8238926,78
8239111,3
8239159,2
8239333,4
8239352,55
8239394,10
8239534,10
8240016,74
8240819,9
8241237,2
8241545,45
8241894,0
8241975,82
8245639,31
8246555,2
8246675,77
8250194,2
8250576,0
8250729,41
8250925,79
8251209,4
8252398,2
8253057,65
8253376,4
8254028,23
8254419,4
8254640,1
8255082,1
8255329,0
8255964,52
8256091,0
8256749,71
8256789,2
8256806,1
8256930,16
8257222,24
8257590,8
8257896,4
8257999,12
8258394,0
8265482,2
8266485,16
8266871,0
8266933,39
8266969,0
8267425,6
8268219,0
8268702,5
8268876,28
8268976,0
8269241,73
8269318,61
8269852,30
8269950,3
8271628,68
8271658,80
8271934,78
8272122,5
8272216,0
8272327,19
8272532,63
8272749,21
8273700,1
8273730,1
8274488,73
8274516,67
8274685,0
8274723,76
8274917,0
8275295,7
8275421,30
8275455,9
8275474,0
8275676,34
8275940,0
8276646,4
8278733,3
8283594,29
8284223,71
8285198,5
8285367,7
8285693,1
8285992,8
8286034,79
8286139,0
8286167,0
8286476,0
8286494,18
8287001,10
8287943,5
8288098,83
8288774,4
8290042,55
8290210,0
8290278,57
8290587,9
8290724,23
8292078,63
8292095,42
8292129,73
8292343,8
8292595,5
8292848,3
8292864,0
8292919,2
8293087,0
8293222,15
8294144,30
8294502,33
8297694,1
8299030,39
8299218,3
8301159,44
8301768,45
8301850,18
8302619,0
8302890,0
8303074,2
8304116,3
8304243,0
8304809,40
8305898,0
8306292,35
8306427,2
8307946,39
8308128,3
8308176,2
8308683,57
8308797,40
8308937,0
8309384,46
8309474,11
8309502,8
8309731,48
8309746,0
8309886,0
8311468,0
8311723,7
8311762,66
8311783,58
8311933,1
8311970,44
8311974,11
8312148,8
8313370,17
8313551,62
8316290,53
8316959,4
8317595,0
8319351,3
8319588,0
8320198,3
8320972,4
8321354,4
8321517,2
8321524,1
8322138,0
8322881,21
8323944,29
8324080,4
8324481,17
8324941,0
8325667,0
8326026,1
8326337,24
8326389,1
8326753,7
8326835,8
8327302,43
8327562,13
8327596,0
8327773,83
8327930,63
8328213,25
8328670,6
8328706,13
8328837,0
8329796,1
8331648,19
8334273,0
8334574,22
8335000,10
8335100,4
8335481,8
8335913,17
8336175,65
8336554,4
8337535,0
8337536,21
8337597,0
8337827,0
8338312,8
8339036,69
8340304,3
8340307,14
8340381,1
8340400,6
8340553,4
8341556,75
8341669,0
8341734,61
8342009,14
8342200,0
8342763,16
8342998,4
8343210,48
8348413,46
8349397,69
8349835,22
8350557,0
8350891,2
8350952,2
8351796,0
8353898,1
8354383,2
8354816,3
8354926,10
8354988,24
8355319,0
8355713,0
8355776,2
8355794,3
8356465,6
8356720,0
8356743,10
8359098,0
8362098,22
8362248,0
8362676,14
8363084,1
8364525,2
8365172,77
8366172,3
8366891,52
8367125,4
8367486,78
8367611,18
8367871,1
8368708,2
8368723,41
8368794,8
8369857,29
8369895,17
8370140,6
8370236,84
8371527,35
8371541,67
8372652,0
8372912,3
8378428,7
8379136,10
8380868,7
8381173,20
8381388,8
8381514,3
8381974,2
8382055,25
8382592,2
8382602,1
8383187,0
8383276,7
8383633,0
8385014,2
8385064,0
8386528,25
8386694,0
8386829,0
8386889,0
8387338,1
8387361,9
8388235,7
8388303,2
8388309,0
8388864,0
8389302,0
8389905,69
8390100,0
8390444,0
8390605,1
8390739,7
8390906,2
8391035,0
8391105,3
8391111,0
8391132,70
8391160,14
8391534,6
8391648,29
8392636,2
8392760,78
8393139,6
8395504,2
8397623,71
8398120,4
8398176,0
8398566,0
8398742,4
8398955,84
8400121,5
8400723,23
8401620,5
8402207,59
8402380,6
8402882,0
8403071,15
8403316,58
8403327,21
8403710,10
8404181,0
8404787,8
8405280,5
8405664,9
8405978,25
8406520,10
8406689,11
8407577,16
8407677,23
8407862,49
8408530,9
8408534,0
8408674,22
8408695,1
8408768,0
8408853,0
8409178,28
8409300,9
8409401,42
8409459,43
8409542,2
8409573,1
8409575,11
8409839,28
8410004,2
8410450,59
8411164,4
8411300,6
8411390,9
8411428,5
8412352,0
8416015,82
8416681,11
8417134,42
8417805,4
8417899,1
8418154,5
8418984,23
8419475,0
8420343,51
8420572,4
8420940,8
8420972,19
8421416,0
8421564,1
8422085,33
8423554,0
8423636,32
8423666,21
8424350,42
8424572,15
8424577,1
8424694,5
8425058,12
8425177,0
8426309,0
8426521,0
8426584,48
8426753,2
8426874,0
8427013,16
8427400,41
8427638,31
8427707,0
8427735,0
8427772,1
8427997,1
8428220,38
8428252,32
8428577,1
8428777,0
8429515,0
8434813,0
8436188,11
8436762,2
8436843,0
8437111,0
8437115,17
8437316,24
8438760,5
8438775,71
8438801,14
8439595,12
8439758,49
8440295,75
8440352,58
8440837,8
8440866,80
8441574,30
8441969,3
8442352,0
8442672,8
8442997,3
8443516,0
8443684,63
8444040,10
8444115,35
8444227,35
8444555,58
8444619,30
8444730,5
8444863,2
8444940,42
8445382,0
8445681,0
8445883,0
8446914,51
8449994,1
8450523,38
8453518,0
8454110,67
8454754,48
8455225,0
8455625,44
8456014,0
8456220,0
8456805,58
8456825,46
8456902,1
8457294,19
8458055,2
8458068,44
8458125,0
8458505,18
8458852,51
8458966,41
8459000,1
8459563,2
8459574,3
8459599,7
8459660,3
8459696,75
8461476,34
8463779,8
8466120,1
8467862,0
8468318,0
8468586,3
8468662,4
8468699,3
8468745,1
8468835,0
8469889,0
8470130,0
8470281,2
8470491,60
8470559,3
8470974,8
8471007,25
8471061,0
8471063,6
8471233,1
8471906,5
8471927,5
8472562,12
8472673,2
8472940,0
8472997,1
8473327,86
8473353,0
8473374,19
8473480,74
8473484,4
8473571,86
8473623,0
8473833,2
8474015,8
8474260,1
8474472,12
8474514,1
8474702,1
8475392,47
8481680,0
8482165,0
8483296,4
8483688,0
8483768,65
8484152,1
8485053,6
8485057,33
8485529,0
8485554,71
8485571,1
8485651,5
8485671,0
8486482,11
8486828,10
8486894,64
8486946,2
8487176,9
8487297,0
8487664,46
8487674,0
8487757,0
8487784,16
8487822,34
8488082,12
8488097,0
8488273,25
8488308,18
8488322,63
8488834,6
8489022,2
8489308,5
8494012,5
8494234,33
8496436,10
8496467,2
8496632,55
8497248,0
8497600,43
8497869,9
8498379,7
8498885,0
8498969,6
8499562,7
8499719,57
8500102,5
8500649,2
8500740,3
8500983,1
8501279,0
8501323,43
8501622,1
8501697,3
8501750,5
8502567,0
8502915,0
8503064,0
8503360,0
8503830,18
8504121,3
8504231,2
8504263,31
8504271,0
8504708,29
8504788,8
8504811,1
8504995,4
8505031,0
8505151,1
8505175,12
8505591,9
8505785,5
8506013,6
8506035,16
8506125,42
8506167,0
8506284,21
8506755,0
8506833,0
8506835,44
8506855,0
8506867,0
8507768,27
8508269,0
8511404,0
8513953,15
8514177,3
8514448,1
8514620,4
8515213,4
8515432,55
8515886,8
8517554,10
8517887,3
8518186,0
8518214,11
8518280,8
8518359,7
8518364,0
8518657,46
8518878,0
8520094,82
8520667,5
8520693,51
8520836,1
8521188,8
8521666,62
8521692,31
8521720,42
8521884,34
8522062,47
8522326,38
8522395,46
8522756,0
8522876,0
8522878,2
8522933,75
8523014,3
8523027,38
8523046,62
8523065,15
8523066,0
8524648,0
8526633,36
8529957,9
8530825,3
8530858,1
8531691,9
8531772,7
8531976,1
8532354,5
8532520,1
8532599,7
8532763,74
8532825,0
8532876,0
8532970,0
8533035,0
8534230,14
8534400,3
8534893,52
8535041,2
8535125,39
8535332,0
8535338,0
8535694,1
8536589,8
8536676,10
8536829,2
8536911,8
8536955,1
8537400,1
8537628,25
8539057,0
8539544,2
8539699,0
8540113,0
8540941,0
8541182,6
8547442,2
8547627,12
8548307,3
8548407,0
8548971,44
8549106,33
8550184,63
8550380,1
8550516,11
8550604,3
8550784,9
8550799,13
8551446,65
8552070,17
8552516,1
8552616,0
8552838,21
8553166,5
8553197,0
8553204,32
8554567,66
8555036,0
8555142,44
8555231,77
8555577,4
8555721,37
8555964,0
8556774,6
8556792,35
8556794,19
8557123,43
8558283,1
8563290,1
8563603,1
8564412,0
8564500,0
8564804,0
8564983,3
8565339,12
8565340,0
8565548,36
8566525,69
8566780,9
8567173,15
8567307,1
8567525,0
8567664,5
8567855,4
8568137,58
8568363,1
8568624,0
8568841,4
8569079,65
8569212,0
8569951,65
8572460,0
8574047,17
8574120,23
8574289,1
8576371,35
8576948,26
8577270,0
8578817,1
8579012,46
8579476,0
8580273,0
8580467,40
8580704,33
8580746,69
8580947,15
8581068,0
8581091,57
8581264,4
8581716,18
8581784,13
8582163,73
8582643,7
8582756,1
8582762,0
8582786,42
8582976,2
8583175,19
8584215,0
8588016,13
8588141,0
8588357,13
8589668,3
8589729,47
8590198,13
8590275,0
8590822,1
8590851,0
8591707,3
8592122,6
8592390,55
8592411,19
8592525,3
8592757,12
8593656,69
8595036,47
8595191,0
8595346,7
8595359,1
8595415,1
8595446,5
8595450,18
8596015,4
8596666,5
8597003,1
8597141,20
8597265,0
8597976,22
8600189,32
8601145,53
8603891,0
8604250,0
8605214,7
8607283,18
8608243,32
8608793,29
8609467,0
8609750,5
8609779,84
8610382,39
8610516,1
8610571,5
8612715,11
8612724,0
8612906,3
8613122,12
8613175,76
8613226,0
8613389,29
8613920,0
8614204,10
8614388,57
8614461,10
8614498,8
8614751,56
8614884,6
8615187,7
8615333,0
8615647,0
8615671,10
8615821,32
8615830,3
8616102,0
8616221,8
8616551,20
8616888,32
8618231,0
8619067,10
8619510,11
8620134,68
8622301,72
8622957,63
8623370,50
8623758,47
8624118,0
8624833,33
8625398,0
8625732,0
8625895,5
8627060,23
8627394,2
8627432,5
8628042,2
8628425,25
8629187,3
8630001,3
8630023,0
8630560,20
8630599,73
8631355,6
8631389,0
8631819,21
8633243,35
8634024,0
8634152,0
8634169,64
8634189,63
8634383,69
8635191,17
8635289,54
8635291,5
8635320,1
8636057,40
8636089,2
8636274,0
8636411,1
8636520,1
8642133,3
8642982,72
8643939,0
8644070,32
8644087,0
8644654,15
8645664,0
8645816,16
8647106,4
8647400,0
8648051,20
8648134,0
8648254,1
8648479,2
8648668,0
8649087,4
8649144,14
8650177,24
8651132,4
8651260,2
8651580,3
8651786,10
8652372,1
8652556,74
8652866,83
8653072,51
8653444,16
8654577,1
8661533,3
8662610,0
8662997,53
8663660,59
8665047,15
8665125,0
8665778,4
8666528,31
8666705,0
8666925,1
8668115,13
8668241,2
8668928,1
8670025,6
8670231,0
8670765,6
8670966,1
8671752,6
8672280,8
8673141,0
8674025,4
8674223,73
8676240,0
8678768,34
8680223,0
8680473,10
8680487,0
8680642,0
8680648,76
8680649,2
8680891,4
8681076,10
8681616,4
8682738,0
8683033,2
8683137,1
8683432,37
8683482,0
8683783,15
8684042,13
8684082,56
8684124,10
8684292,0
8684600,2
8685857,2
8686167,11
8686361,13
8686886,4
8687305,22
8688095,5
8690394,14
8690657,7
8690821,0
8695381,36
8696758,52
8696961,5
8697198,11
8697491,0
8697741,0
8697809,10
8697936,3
8698459,13
8698673,2
8698963,2
8699229,2
8700748,59
8700870,66
8701055,53
8701169,2
8701228,66
8702075,55
8702895,0
8702930,0
8703437,36
8703671,11
8704112,2
8704235,0
8704348,45
8704432,0
8704606,50
8704666,42
8704821,73
8705505,9
8709326,0
8712309,29
8712745,0
8714408,52
8714485,72
8714605,4
8714613,19
8715038,30
8715361,1
8715508,29
8716341,2
8716577,17
8717373,2
8717698,3
8718032,24
8718423,7
8718572,37
8718819,18
8718970,70
8719013,0
8719349,1
8719788,0
8719818,0
8719948,37
8719984,4
8720234,31
8720488,14
8720693,21
8720865,6
8720930,0
8722224,0
8722376,0
8722731,31
8722860,14
8723462,2
8727973,0
8728639,1
8729819,5
8729945,6
8729960,8
8730848,8
8731075,0
8731224,22
8731653,1
8731667,5
8731752,1
8732244,1
8734174,78
8734846,0
8735320,0
8735399,14
8735633,0
8736296,15
8736788,1
8736827,1
8736934,0
8737487,8
8738451,45
8738535,18
8738713,6
8739034,23
8739228,1
8739326,5
8739642,4
8739683,56
8739868,1
8740079,0
8740154,57
8740192,0
8740241,32
8740344,4
8740576,4
8741049,0
8741124,27
8741289,0
8741297,0
8741574,2
8741685,1
8741896,38
8742374,11
8742520,65
8742625,0
8743269,5
8743749,77
8744299,0
8745126,44
8749948,35
8750161,37
8750772,78
8751747,5
8752471,18
8753832,63
8754186,2
8754339,5
8754465,2
8754560,48
8755259,32
8755583,23
8755870,0
8756017,1
8756139,13
8756619,1
8756685,0
8757726,39
8758146,5
8758534,15
8758954,13
8760046,10
8760284,6
8760442,74
8760489,2
8760775,0
8760844,27
8761031,0
8761546,3
8761854,48
8762004,0
8762135,7
8763547,9
8764232,0
8764617,5
8768800,0
8770660,3
8772268,2
8772365,67
8772654,56
8773391,3
8774175,27
8775344,1
8775871,0
8776280,1
8776479,0
8777022,5
8777263,0
8777890,0
8778159,17
8778487,10
8779268,5
8779868,0
8780061,13
8780251,6
8780425,0
8781445,3
8781592,37
8781736,3
8781958,54
8782030,1
8782407,0
8782437,0
8782605,0
8782697,6
8782984,4
8783094,1
8783194,0
8783445,3
8784461,33
8784649,60
8785114,3
8789273,0
8789310,0
8789372,33
8790941,6
8791055,0
8791898,64
8792086,3
8793503,68
8793642,27
8793683,0
8794495,0
8794911,68
8794998,3
8795849,0
8795858,76
8796283,71
8796655,14
8796876,11
8797080,6
8797385,2
8797770,3
8798227,9
8798404,12
8798499,7
8798516,82
8798556,0
8799166,11
8799384,63
8799529,14
8800203,22
8800628,5
8800632,1
8801016,12
8801196,82
8801963,12
8802151,0
8807611,15
8807842,1
8808301,23
8808863,0
8808943,25
8809054,0
8809420,3
8809578,0
8809716,1
8810710,2
8810937,43
8811687,24
8812030,0
8812167,0
8812730,38
8813118,0
8813271,0
8813547,43
8813968,3
8814304,0
8814574,8
8814798,0
8815050,27
8815099,22
8815120,7
8815447,78
8815477,1
8816030,9
8816070,33
8816151,1
8816420,4
8816637,32
8816672,1
8823897,22
8823924,5
8824016,0
8824532,20
8824747,1
8824809,7
8825458,37
8826124,39
8826129,1
8826658,5
8826833,22
8827221,36
8827402,73
8828000,3
8828448,2
8828577,1
8828613,1
8829443,1
8829753,0
8830110,1
8830119,5
8830129,5
8830246,19
8830394,26
8830505,0
8830529,4
8830586,75
8830690,0
8830952,6
8831553,17
8831758,3
8831792,7
8831923,70
8831935,0
8835781,11
8836180,58
8837242,67
8838513,1
8838861,1
8838932,70
8839746,2
8839938,0
8840625,47
8840745,64
8840959,4
8841528,2
8842080,23
8842185,1
8842667,0
8842793,1
8842889,40
8843110,0
8844402,36
8844652,1
8844825,46
8845441,74
8845851,1
8845951,13
8845982,12
8846634,2
8846781,4
8847484,0
8847542,74
8847577,5
8847665,21
8847787,52
8847885,2
8848090,58
8848125,1
8848162,1
8848547,3
8848794,2
8849386,1
8850025,1
8853511,1
8854748,2
8855166,22
8855457,12
8856687,0
8856741,47
8857528,9
8857546,52
8858698,3
8859006,14
8859710,0
8859802,5
8860277,17
8860350,31
8860450,73
8860745,13
8861464,0
8861568,3
8861719,1
8861981,2
8862793,1
8862995,10
8863005,0
8863026,6
8863296,40
8864003,2
8864229,13
8864262,35
8864404,0
8865338,0
8866066,10
8866335,19
8866381,24
8866826,43
8867112,4
8867253,7
8867531,0
8867650,0
8867911,1
8868006,1
8868157,1
8868258,13
8868429,0
8868525,56
8868762,0
8869507,39
8869660,0
8869702,3
8869871,5
8870276,1
8870310,72
8870422,22
8870472,9
8870789,0
8873479,63
8877042,20
8878181,61
8878282,0
8878544,29
8878750,37
8878976,2
8879282,78
8879767,37
8879913,3
8879975,1
8880173,76
8880194,1
8880524,6
8881253,5
8881451,2
8881955,0
8882811,46
8883032,0
8883074,0
8883269,53
8884228,80
8885968,45
8886036,6
8886421,1
8886624,3
8886732,19
8886850,55
8886910,0
8887525,16
8887660,10
8887748,6
8887908,49
8888082,3
8888084,1
8888093,6
8888481,0
8889858,9
8892174,0
8894114,8
8894773,74
8895019,13
8896759,7
8897607,0
8897775,4
8898050,4
8898742,1
8899476,84
8899565,37
8900062,55
8900093,5
8900200,0
8900997,7
8901469,60
8901538,18
8901901,5
8902042,0
8902110,26
8902172,0
8902181,0
8902347,6
8902420,7
8902804,12
8903056,0
8903395,3
8903721,15
8903837,9
8903855,0
8903943,1
8903952,10
8904076,4
8904160,11
8904224,0
8904488,7
8904563,2
8904662,1
8905011,42
8905176,1
8905345,25
8905609,0
8905651,20
8906054,52
8906176,10
8906260,36
8906379,44
8906489,0
8906532,5
8906620,1
8906712,0
8906797,79
8907184,82
8907362,4
8907476,30
8907580,6
8907592,19
8907598,10
8907756,3
8907844,8
8907901,67
8908518,4
8908636,26
8908653,64
8913478,1
8913672,15
8914876,0
8915071,24
8915191,18
8915295,1
8915836,0
8916000,6
8916480,1
8916960,40
8917603,0
8918151,21
8918177,30
8919326,0
8920490,8
8920714,0
8920794,8
8920977,1
8920988,0
8921687,16
8922585,7
8923020,58
8923833,0
8924504,73
8924552,0
8924606,36
8924638,44
8924919,0
8924966,41
8925006,23
8925082,0
8925214,5
8925581,4
8925628,6
8925866,23
8931189,11
8931436,8
8931562,4
8931828,0
8931888,5
8933153,30
8933384,0
8933398,3
8933503,8
8933629,9
8933743,0
8935053,0
8935067,1
8935326,5
8935527,3
8935622,3
8935628,20
8936266,11
8936511,21
8937186,1
8938501,31
8938831,1
8939341,21
8939409,52
8940683,19
8940709,78
8941082,14
8941366,55
8941980,2
8942272,2
8942467,71
8942502,3
8942536,1
8942654,64
8947588,13
8947796,35
8949503,0
8949622,0
8949763,34
8950419,29
8950507,26
8950589,0
8951081,4
8951258,0
8951319,1
8951480,4
8951763,29
8952044,3
8952956,2
8953066,0
8953104,68
8953404,60
8953570,0
8954037,75
8954990,3
8955133,0
8955194,0
8955543,6
8955558,12
8955695,8
8955750,68
8955886,67
8956039,5
8956253,35
8956471,0
8956759,12
8957008,2
8957012,77
8957139,0
8957189,0
8957301,68
8963270,11
8963331,10
8963532,1
8963690,36
8963758,0
8964008,13
8964740,0
8965178,7
8965303,13
8966074,1
8966080,36
8966368,10
8966499,1
8966576,2
8966869,26
8967170,3
8967396,11
8968741,44
8968789,49
8968898,26
8969047,9
8969658,1
8969760,3
8969877,2
8970248,32
8970652,3
8971606,48
8971670,0
8972196,18
8972219,15
8972290,1
8972353,50
8972382,1
8972426,63
8972453,0
8972540,7
8972908,36
8972977,0
8972994,0
8973075,41
8973092,20
8973106,0
8973131,0
8973138,21
8973222,0
8973682,1
8974365,0
8975201,70
8975583,1
8979762,41
8979852,38
8980708,8
8981725,1
8981866,13
8982166,74
8983353,52
8983609,16
8983870,24
8984777,25
8984863,0
8985316,10
8985856,2
8986308,0
8986585,80
8986634,1
8986821,0
8987250,11
8987419,3
8987462,33
8987930,0
8988451,37
8988495,1
8988707,0
8989205,71
8989235,0
8989320,75
8989333,39
8989380,15
8989544,1
8990063,1
8990100,0
8990368,0
8990630,2
8991157,1
8991521,0
8991767,82
8992224,0
8992423,1
8992859,86
8992881,6
8992894,19
8992905,84
8993290,4
8993313,5
8993757,0
8993871,46
8993887,57
8993901,3
8994025,11
8994197,0
8994220,13
8994363,26
8994480,1
8994529,22
8994904,0
8994917,20
8994928,16
8995119,14
8995120,0
8995279,5
8996181,0
8996204,0
8999205,58
9001999,0
9002096,1
9002524,59
9002703,1
9004652,0
9004661,11
9004664,35
9004813,2
9004948,26
9005771,0
9006032,1
9006090,2
9006204,1
9006249,0
9006557,4
9006703,0
9006818,2
9006873,5
9006942,32
9007043,1
9007095,30
9007249,2
9010023,0
9010371,59
9010379,0
9010431,9
9011614,0
9012130,1
9012169,2
9012173,8
9012470,27
9012540,0
9012814,0
9012913,8
9013350,4
9013904,5
9014166,1
9014320,7
9014352,10
9016178,4
9016650,84
9018851,0
9019702,0
9019941,3
9020184,55
9021572,70
9021755,0
9021829,18
9022047,0
9022118,26
9022318,8
9022797,3
9022864,52
9023240,7
9023423,4
9024500,1
9025101,0
9025154,0
9025218,6
9025310,10
9025379,2
9025887,1
9026157,1
9026203,50
9026860,3
9027109,6
9027283,14
9028105,1
9028493,28
9028599,0
9028856,44
9028916,11
9029138,1
9029289,29
9029345,1
9029469,0
9029740,43
9030345,18
9030678,1
9030684,0
9030997,72
9031081,65
9031172,25
9031189,15
9031216,1
9031272,31
9031411,0
9031847,14
9032243,1
9033218,6
9033229,28
9034645,58
9035181,0
9039236,0
9039548,9
9039772,0
9040796,0
9041068,75
9041410,1
9042110,0
9042177,32
9042594,1
9043628,58
9044466,25
9044642,5
9045358,7
9045655,32
9045818,80
9045876,55
9046203,75
9046274,1
9046808,1
9048374,29
9048434,15
9048630,15
9048729,2
9048963,1
9049013,0
9049505,0
9049607,0
9049656,0
9049810,1
9050105,67
9050144,0
9050373,32
9050388,8
9050443,0
9050672,1
9051248,15
9051314,4
9051442,76
9054109,9
9056113,0
9056282,4
9056804,0
9056858,6
9057395,1
9057937,2
9058111,50
9058258,0
9058854,24
9059314,18
9059418,29
9059783,55
9059854,14
9059931,17
9060062,4
9060448,54
9060925,11
9061117,0
9061145,12
9061331,23
9061821,3
9061899,17
9062929,58
9063028,0
9063266,9
9063304,1
9063376,1
9063523,8
9063972,2
9064211,1
9064394,42
9064723,50
9064820,8
9065219,8
9065474,1
9065665,2
9066198,8
9066654,1
9066788,1
9071813,0
9072538,2
9072759,1
9073438,38
9073600,0
9073987,7
9074530,14
9074702,11
9074963,0
9075249,0
9075398,1
9076464,3
9077315,5
9077548,0
9077610,4
9077858,11
9078183,15
9078187,83
9078339,2
9078340,33
9078357,7
9078632,77
9078739,69
9079330,0
9079807,0
9079871,79
9080467,0
9080886,0
9081009,1
9081032,15
9083471,0
9085154,30
9085598,1
9086629,0
9087160,11
9087285,3
9087566,10
9087923,0
9088278,24
9088331,0
9088444,2
9088480,1
9089397,3
9089732,4
9090606,0
9091714,62
9092024,0
9092331,2
9092845,23
9093032,0
9093168,4
9093261,0
9093446,1
9094134,0
9094496,3
9094789,1
9095053,1
9095086,6
9095319,49
9095433,0
9095482,26
9096327,0
9096381,46
9096383,8
9096535,2
9096938,9
9097056,34
9098234,8
9098690,0
9103692,4
9104108,5
9104954,3
9105518,10
9105853,0
9106568,29
9106735,6
9106751,1
9107046,0
9107062,2
9107118,0
9107261,21
9107450,1
9107681,1
9107772,28
9107788,7
9108110,0
9108196,62
9108295,0
9108419,30
9109215,1
9109385,30
9109675,1
9110135,47
9110810,0
9110811,28
9111254,7
9111266,2
9111561,0
9112024,0
9112676,35
9112776,0
9113032,69
9113404,6
9113414,43
9113702,0
9114234,1
9114309,21
9114773,1
9115627,26
9115635,4
9116203,80
9116479,0
9116850,0
9116868,24
9116914,0
9118355,34
9118545,46
9118958,5
9119254,2
9120050,0
9121555,23
9121896,12
9124500,9
9125631,1
9125862,1
9125932,18
9127698,1
9127871,0
9128491,14
9128606,1
9128798,2
9128987,1
9129016,33
9129357,80
9129381,1
9129491,0
9129846,46
9130235,6
9130275,75
9130519,19
9130634,75
9130824,33
9131682,3
9131802,11
9132442,1
9132449,20
9132614,5
9132648,18
9132731,8
9132956,2
9133116,2
9133129,29
9133818,77
9134939,6
9135080,61
9135633,0
9135888,0
9135895,4
9136206,0
9136814,14
9137140,5
9137149,0
9137365,82
9137480,5
9137533,26
9137941,0
9138246,78
9138319,1
9138452,17
9138932,21
9139174,53
9139495,0
9143104,1
9144999,0
9145070,74
9146583,10
9146709,1
9147250,0
9147288,1
9147335,8
9147431,47
9147463,0
9147557,1
9148123,2
9148471,3
9148647,5
9149182,1
9149435,1
9149797,12
9150194,34
9150647,4
9150710,1
9151490,2
9151677,1
9152795,71
9152840,1
9152932,0
9152965,1
9153075,0
9153235,3
9153695,0
9154045,18
9154773,1
9155119,15
9155206,27
9155212,12
9155404,0
9155496,0
9155704,72
9156011,60
9156095,9
9156108,2
9156331,1
9156577,66
9156650,0
9156676,64
9156678,19
9157402,2
9157483,1
9157504,0
9157604,29
9162161,2
9163561,11
9164247,3
9164770,1
9165191,12
9165244,62
9165670,0
9166211,1
9166769,33
9167308,1
9167798,2
9167936,61
9168009,4
9168813,8
9168954,2
9169181,0
9170129,66
9170584,6
9171140,1
9171302,1
9172067,7
9172192,76
9172277,2
9172421,0
9172470,0
9172493,3
9172576,0
9173096,37
9173352,4
9173925,41
9174180,0
9174208,16
9176859,68
9177858,29
9179751,0
9180626,0
9180770,0
9181301,3
9181506,2
9182008,25
9182754,32
9183045,2
9183276,23
9184124,70
9184855,29
9185291,0
9185416,0
9185696,39
9185806,0
9186341,4
9186662,0
9186862,40
9187622,12
9187924,0
9189339,6
9189459,1
9189521,2
9189745,7
9191908,0
9193390,0
9193975,0
9194620,4
9195534,0
9195601,1
9195901,7
9196017,14
9196297,60
9196408,3
9196539,35
9196915,5
9197311,0
9197433,6
9197573,35
9197704,16
9199020,16
9199104,2
9199185,64
9200387,8
9200880,8
9201458,0
9201989,1
9202257,8
9206211,0
9207023,1
9207049,39
9208071,45
9208531,0
9209464,0
9210071,0
9211534,0
9211585,0
9211719,0
9212890,0
9212994,0
9213448,35
9213504,71
9214901,1
9215155,6
9215400,7
9215423,0
9215618,7
9216366,0
9216519,6
9216815,20
9216865,78
9217460,7
9217571,2
9217688,0
9217770,1
9217797,24
9217837,15
9218051,0
9218655,12
9218728,0
9218745,2
9219049,32
9219127,0
9219472,67
9219569,39
9219616,3
9224907,5
9225536,4
9226737,1
9228310,5
9229199,77
9229730,1
9229896,31
9230690,0
9230698,6
9230864,71
9231083,6
9231455,1
9231618,6
9231653,14
9232087,1
9232242,0
9232501,12
9232724,2
9233130,11
9233613,2
9233636,34
9234256,6
9234415,7
9234429,2
9235166,9
9235946,18
9235960,2
9236078,57
9236305,32
9236394,64
9236852,0
9237147,9
9237709,0
9237725,0
9237857,4
9238046,12
9238061,1
9238295,2
9238507,11
9238560,44
9239068,11
9239250,18
9239252,0
9239268,1
9239436,1
9239583,33
9239637,17
9239679,10
9239738,2
9240025,17
9240138,3
9240499,0
9240615,34
9240659,2
9240784,17
9240833,0
9240869,0
9241147,51
9242243,1
9247750,21
9248049,72
9248163,1
9248222,0
9248558,3
9248934,5
9249597,6
9249776,0
9250212,13
9250241,1
9250340,0
9250348,0
9250374,6
9250470,56
9250644,1
9250731,15
9250895,63
9251298,10
9252156,3
9252257,0
9252443,8
9252484,1
9252835,48
9253282,19
9253505,1
9253638,14
9254332,25
9254533,80
9255115,0
9255297,3
9255470,1
9256323,19
9257315,3
9257904,65
9258236,47
9259254,0
9260328,0
9260587,24
9260911,69
9261392,73
9261610,52
9263535,6
9265785,4
9267641,7
9268702,0
9269126,19
9269191,59
9270006,11
9270122,7
9270176,1
9271322,21
9271567,10
9271742,71
9272841,3
9273010,15
9273345,31
9273903,37
9274832,1
9274960,0
9275691,25
9275885,8
9275941,9
9276535,0
9276587,6
9276877,0
9277581,13
9277635,26
9278568,0
9278723,26
9278786,2
9279054,0
9279146,5
9279308,25
9279343,57
9280117,1
9280184,20
9280474,0
9280667,0
9280872,69
9281146,6
9281201,36
9281881,1
9281947,53
9281978,7
9282008,0
9282368,4
9282437,1
9282443,11
9282692,38
9282872,19
9283228,0
9283561,0
9288358,13
9288652,6
9288977,4
9289352,1
9289871,0
9291285,0
9291537,1
9291870,2
9291998,9
9292183,0
9292449,18
9293319,0
9293571,11
9294074,10
9294257,1
9294446,2
9294872,2
9295261,0
9295345,4
9295725,31
9295846,6
9296089,1
9296132,83
9296598,0
9296742,0
9296744,19
9297237,0
9297603,5
9298319,69
9298426,23
9298746,0
9298802,1
9298825,9
9298992,4
9299035,0
9299042,1
9299164,5
9299210,13
9299256,0
9299672,64
9299921,2
9300033,0
9300478,1
9300634,1
9300701,17
9300714,46
9301402,1
9301562,1
9301647,3
9301755,0
9301784,0
9302048,1
9302654,0
9302921,59
9303376,0
9307115,4
9308016,1
9308944,3
9309301,38
9309328,5
9310119,5
9310252,44
9310518,28
9310777,40
9310896,5
9310923,9
9310939,10
9310972,1
9311032,0
9311348,4
9312164,0
9313792,22
9314004,3
9314036,6
9314474,85
9314873,2
9315152,4
9315478,3
9315559,63
9315567,36
9316006,0
9316033,3
9316060,3
9316086,0
9316143,1
9316287,5
9316305,58
9316815,4
9317303,4
9317573,0
9317622,60
9317907,1
9318239,2
9319328,9
9319569,53
9319688,3
9320053,0
9322463,6
9322949,5
9323310,2
9324448,25
9324521,51
9325853,1
9325887,0
9326851,14
9326969,1
9327507,41
9328355,55
9328396,63
9328481,6
9328578,38
9328896,62
9329170,24
9329425,11
9329658,1
9330231,0
9330321,29
9330440,12
9330813,1
9330884,7
9331214,7
9331257,27
9331413,5
9331444,1
9331520,82
9331558,3
9332396,1
9332872,65
9333039,16
9333310,4
9333364,29
9333433,1
9333460,15
9333533,16
9333739,1
9333862,3
9334192,0
9334228,5
9334365,0
9334427,4
9339092,10
9339253,2
9339308,49
9339334,26
9339373,25
9340975,12
9341196,1
9341252,19
9342019,30
9342263,24
9343759,0
9343896,1
9344000,23
9344016,3
9344626,0
9345523,0
9346357,0
9346456,0
9346752,72
9346899,0
9347278,6
9347368,8
9347422,1
9347752,2
9347803,1
9347830,4
9348249,1
9348389,28
9348923,52
9349116,0
9349221,28
9349483,1
9349542,0
9349755,78
9349866,0
9349949,17
9349950,43
9350060,68
9350103,0
9350125,5
9350164,13
9350295,24
9350729,10
9350889,1
9351006,53
9351013,5
9351036,26
9351769,1
9352684,1
9352791,14
9358718,0
9359064,24
9359438,40
9359827,1
9359933,3
9360072,2
9360968,48
9361107,71
9362100,2
9362269,40
9362280,64
9362315,1
9362344,69
9362388,28
9362527,2
9362648,2
9363046,0
9363340,1
9363344,0
9363417,9
9363741,2
9363749,7
9363823,5
9363970,2
9364043,0
9364096,6
9364257,2
9364352,0
9365025,1
9365259,0
9365581,71
9365929,1
9366483,3
9366680,5
9367054,17
9367337,51
9367472,5
9367562,3
9367571,18
9367923,2
9368365,1
9368377,9
9368845,0
9368969,3
9369032,1
9369087,1
9369116,79
9369127,10
9369514,19
9369699,3
9369705,6
9370059,4
9370370,75
9370382,31
9370403,10
9370501,3
9370513,16
9370896,22
9371009,9
9371045,0
9371138,0
9371163,63
9371171,59
9371173,1
9371349,3
9371362,8
9371645,4
9372147,8
9372158,1
9372527,5
9372859,13
9372941,14
9373011,4
9373100,23
9373167,7
9373919,1
9374060,8
9374169,2
9378184,79
9378785,1
9380291,14
9380429,1
9380912,12
9381224,8
9381259,53
9381315,1
9381697,6
9381790,1
9382195,14
9382321,1
9382719,56
9383044,2
9383071,6
9383634,30
9384231,0
9385566,2
9385743,0
9385790,14
9386602,0
9386675,2
9386678,38
9387165,0
9387349,0
9387437,38
9387631,0
9387676,49
9387913,25
9387914,5
9388254,75
9388397,3
9389037,6
9389575,37
9389620,19
9389656,5
9389827,52
9389977,1
9390033,5
9390061,40
9390084,1
9390885,1
9390925,1
9391149,31
9391333,74
9391509,77
9391567,0
9391829,4
9392048,19
9392095,65
9392315,16
9392466,61
9393005,1
9393322,77
9393343,7
9393417,0
9393674,73
9393783,5
9393873,13
9393884,9
9393966,14
9394477,5
9394510,0
9394565,0
9394635,28
9395060,0
9396442,27
9398776,22
9400975,8
9401166,7
9401453,3
9401896,65
9401974,16
9402649,1
9402760,72
9402952,58
9403351,0
9403419,1
9403626,81
9403766,1
9403872,6
9404123,77
9404455,39
9404707,30
9404709,34
9404985,74
9405150,2
9405162,7
9405488,54
9406234,0
9406699,79
9407912,23
9408107,4
9408178,1
9408218,76
9408391,0
9408494,4
9409245,7
9409367,69
9409457,77
9409873,6
9410042,6
9410510,58
9410527,2
9410846,69
9411126,67
9411379,10
9411743,29
9411914,0
9412082,0
9412351,2
9412375,12
9412522,23
9412617,10
9412652,1
9412891,1
9412913,2
9413287,1
9413386,10
9413501,3
9413603,65
9413642,1
9413779,20
9413794,74
9413809,38
9413861,12
9414019,39
9414036,1
9414237,1
9414521,1
9414929,10
9415125,5
9415426,24
9415450,15
9415577,26
9415661,0
9415828,13
9416000,4
9416039,0
9416084,5
9416198,77
9416560,9
9416852,1
9421542,2
9422196,3
9422273,6
9422331,0
9422915,56
9423397,63
9424118,66
9424217,0
9424314,40
9425074,10
9425835,11
9425847,69
9426095,6
9426345,16
9426418,0
9426526,4
9426612,59
9426786,19
9427101,0
9427341,45
9427418,0
9428609,19
9428684,11
9428696,8
9429015,33
9429038,79
9429451,1
9429554,6
9429658,2
9429855,7
9430133,2
9430326,0
9430623,0
9430740,14
9431085,70
9431369,69
9431865,1
9431992,49
9432750,12
9433234,34
9433334,6
9433824,2
9434105,77
9434213,74
9434495,58
9434513,46
9434781,0
9434801,43
9435148,5
9435234,26
9435462,14
9435568,75
9436038,4
9436315,6
9436559,6
9436650,1
9436968,0
9437085,1
9441186,67
9443463,13
9443647,0
9443733,4
9444300,10
9444819,0
9444997,28
9445501,3
9445652,41
9445687,9
9445757,76
9445766,83
9445789,8
9446298,1
9447019,19
9447137,6
9447198,0
9447274,4
9447707,1
9447954,2
9448029,3
9448135,75
9448279,1
9448558,1
9448978,14
9449002,4
9449323,14
9449361,0
9449603,57
9449713,23
9449718,61
9449888,39
9450671,10
9450738,5
9451025,1
9451126,77
9451165,19
9451184,9
9451250,43
9451334,1
9451597,75
9451768,0
9451784,10
9451805,8
9452037,0
9452061,0
9452113,14
9452124,82
9452127,35
9452354,7
9452399,0
9452425,1
9452454,37
9452728,58
9453126,69
9453245,0
9453249,1
9453266,2
9453302,51
9453356,6
9455269,77
9455454,5
9457202,0
9457285,65
9458150,5
9458247,5
9458372,13
9458393,1
9458811,38
9459910,15
9460093,1
9460513,2
9460661,19
9461085,12
9461086,3
9461187,0
9461214,61
9461238,84
9461634,18
9461660,0
9461747,0
9461779,2
9461801,2
9461836,0
9461963,3
9462015,14
9462070,2
9462208,14
9462694,1
9462850,0
9462884,7
9463039,7
9463130,0
9463628,14
9463681,5
9463692,61
9463790,1
9463804,9
9463830,0
9464046,2
9464098,5
9464195,0
9464235,0
9464267,1
9464507,0
9464528,2
9464560,0
9464605,11
9464672,3
9464780,0
9464876,33
9464900,1
9465382,11
9465717,1
9465778,1
9466759,50
9468563,82
9469014,4
9469655,5
9469827,1
9470048,0
9470121,3
9470148,2
9470554,1
9470677,76
9471498,4
9471715,63
9471807,0
9471997,0
9472829,32
9472966,0
9473014,23
9473393,1
9473484,79
9473646,47
9473663,0
9473798,18
9473828,2
9473837,0
9473852,0
9473889,10
9474161,5
9474495,3
9474607,12
9475494,0
9475501,0
9475631,0
9475703,14
9475894,5
9476212,1
9476243,7
9476293,1
9476353,82
9476397,0
9476551,50
9476759,85
9476831,1
9476850,75
9476857,0
9476882,10
9476900,5
9477000,0
9477010,13
9477096,0
9477211,23
9477349,12
9477653,2
9477830,1
9477888,2
9478169,1
9478196,31
9478446,68
9478506,0
9478577,72
9479348,21
9479421,6
9479513,18
9479608,0
9479647,0
9479656,7
9484148,1
9484158,2
9484208,3
9484892,1
9485047,55
9485301,32
9485606,74
9485989,0
9486300,19
9486332,1
9486575,0
9486678,24
9486698,1
9486784,1
9486786,8
9487251,73
9487327,3
9487684,5
9487692,5
9487838,1
9488408,20
9488860,2
9489421,3
9490080,1
9490137,73
9490199,1
9490272,81
9490415,4
9490541,30
9490600,0
9490639,0
9490889,20
9490926,0
9490959,37
9491126,1
9491872,1
9491922,0
9491947,7
9492011,66
9492024,9
9492069,0
9492165,3
9492398,83
9492640,64
9492750,41
9492860,0
9493086,13
9493269,0
9493306,61
9493360,4
9493403,2
9493699,3
9493786,0
9494534,0
9494701,1
9494786,2
9494826,77
9494900,3
9494965,1
9495007,34
9495140,1
9495424,4
9495502,1
9495982,3
9496026,1
9496094,9
9496206,67
9496371,0
9496372,0
9496398,1
9496502,53
9496845,46
9497062,9
9497080,42
9497513,3
9498138,2
9498940,3
9502016,30
9502150,28
9502712,20
9502981,27
9503704,15
9504072,39
9504882,32
9504968,48
9505047,5
9505105,52
9505111,50
9505158,1
9505268,0
9505512,68
9505563,0
9505602,2
9505686,14
9505762,79
9505990,5
9505991,17
9506306,47
9506526,1
9506861,73
9506882,6
9506945,9
9507042,3
9507132,7
9507244,5
9507596,2
9507794,1
9507915,0
9508057,0
9508105,0
9508137,74
9508162,15
9508288,16
9508497,0
9508668,4
9508780,1
9508962,4
9509148,42
9509369,13
9509529,0
9509672,36
9509686,0
9509691,34
9509922,36
9510151,0
9510158,29
9510370,2
9510385,9
9511073,5
9511112,20
9511119,0
9511370,2
9511559,1
9511851,1
9511865,9
9512164,0
9512347,11
9512419,18
9512472,1
9512594,72
9512612,2
9512773,14
9512844,50
9512888,1
9512941,1
9513248,0
9513261,4
9513312,5
9513357,7
9513408,78
9513511,5
9513743,31
9514368,2
9514432,10
9514549,0
9514670,1
9514721,68
9514730,1
9514772,2
9514832,0
9514839,1
9514935,0
9514937,10
9515409,7
9515597,1
9516142,44
9517488,3
9517507,65
9519514,10
9521009,0
9522516,38
9522986,1
9523023,25
9523125,2
9523156,60
9523627,6
9523761,6
9523762,5
9524047,17
9524129,11
9524141,3
9524433,6
9525001,6
9525096,24
9525173,0
9525241,14
9525335,1
9525377,1
9525490,1
9525531,13
9525925,60
9526313,1
9526314,35
9526794,26
9526879,1
9527244,3
9527407,38
9528568,0
9528648,44
9528987,6
9529306,0
9529332,72
9529431,0
9529493,25
9529607,3
9529662,65
9530079,5
9530083,7
9530287,1
9530381,87
9530714,69
9530797,70
9531565,3
9531676,0
9532024,7
9532048,0
9532435,70
9532913,2
9532973,3
9533089,12
9533144,2
9533222,1
9533818,0
9533889,19
9534209,2
9536965,28
9539111,1
9539212,2
9539397,0
9540005,64
9540147,27
9540193,43
9540974,0
9541017,0
9541094,1
9541320,4
9541514,1
9541921,2
9542140,28
9542572,20
9542827,0
9542872,0
9542984,8
9543637,8
9543640,7
9543678,17
9543824,5
9544410,58
9544597,10
9544653,2
9545059,0
9545164,33
9546184,2
9546215,6
9546267,0
9546587,18
9546711,34
9546808,2
9546888,1
9546943,13
9546944,0
9547019,21
9547160,10
9548120,9
9548191,54
9548427,12
9548693,14
9548728,1
9548756,1
9548788,1
9548866,14
9549076,8
9549078,5
9549118,0
9549223,2
9549572,1
9549790,16
9549937,1
9549987,22
9550142,8
9550147,71
9550276,1
9550306,6
9550392,4
9550423,2
9550501,3
9550620,39
9550750,17
9551158,54
9551417,26
9551672,2
9552317,4
9555580,0
9555648,70
9555679,0
9556966,16
9557136,0
9557226,64
9557775,44
9557776,4
9557816,4
9558085,5
9558152,2
9558396,7
9558500,8
9558860,2
9559115,2
9559548,0
9560057,1
9560089,8
9560141,4
9560526,0
9560832,0
9560834,6
9560902,2
9561222,41
9561332,11
9561448,1
9561631,10
9561664,2
9562515,22
9563063,1
9563210,3
9563266,66
9563436,31
9563766,1
9563868,80
9563873,38
9564057,1
9564140,2
9564260,7
9565788,61
9565831,64
9565934,8
9566067,2
9567875,2
9569572,4
9570366,1
9570519,0
9570939,7
9571263,2
9571369,20
9571516,0
9571623,6
9572219,52
9572653,1
9572779,1
9572909,9
9573394,1
9573507,34
9573564,1
9573606,4
9573876,1
9573898,13
9574455,8
9574877,1
9574933,15
9574936,48
9574953,6
9575049,51
9575089,22
9575138,11
9575226,4
9575236,0
9575285,1
9575298,2
9575320,1
9575455,7
9575562,18
9575682,8
9575809,0
9575930,7
9576155,80
9576274,70
9576329,0
9576342,0
9576344,0
9576478,70
9576906,0
9577543,3
9577556,0
9577644,12
9577660,0
9577748,1
9577777,51
9578255,13
9578438,76
9578639,8
9578683,76
9578848,1
9578857,2
9578960,9
9579067,3
9579770,4
9579927,82
9580372,2
9584779,0
9585027,4
9585055,19
9585339,6
9585440,5
9586086,8
9586258,2
9586691,3
9586958,6
9587066,2
9587846,1
9588053,1
9588164,2
9588196,1
9588888,6
9589030,16
9589676,1
9589722,1
9589764,7
9589879,16
9590048,1
9590519,10
9590861,52
9590866,1
9591135,7
9591645,0
9591966,2
9592032,0
9592159,6
9592562,33
9592585,66
9592655,1
9592725,17
9592975,0
9593065,12
9593075,3
9593737,1
9593794,33
9594046,0
9594188,1
9594568,71
9594885,3
9594936,26
9594976,29
9594995,81
9595063,1
9595099,24
9595779,0
9595836,57
9596042,2
9596089,1
9596207,1
9596299,12
9596561,0
9597325,40
9597422,14
9597627,47
9597676,49
9597931,19
9603395,9
9603611,5
9603991,0
9604011,8
9604045,5
9604498,9
9604629,0
9604772,8
9605039,18
9605192,46
9605259,3
9605451,1
9606229,24
9606360,44
9606504,0
9606578,75
9606642,16
9606704,0
9606773,7
9606832,0
9607275,2
9607482,3
9607920,67
9607952,37
9608639,69
9608753,21
9608814,55
9609140,79
9609246,0
9609356,15
9609588,2
9609800,9
9610258,35
9610982,3
9611059,63
9611216,2
9611372,7
9611469,1
9611593,0
9611656,1
9611659,40
9611741,2
9611968,11
9612260,23
9612294,22
9612676,1
9612732,8
9612758,21
9612946,0
9613420,2
9613465,34
9613532,79
9613541,0
9613565,0
9613574,14
9613781,53
9613813,1
9613850,2
9614123,2
9614672,0
9614688,19
9614785,68
9614889,0
9615209,4
9615352,0
9615422,0
9615504,7
9615576,10
9615644,1
9615976,1
9616080,0
9616400,8
9616453,1
9616534,42
9616635,14
9616729,0
9616842,41
9617219,62
9617349,2
9619848,3
9621849,30
9624177,1
9624220,3
9624796,26
9625125,0
9625266,3
9625344,0
9625346,44
9625731,60
9625790,6
9625889,41
9625926,2
9625955,1
9626145,1
9626150,2
9626243,6
9626477,3
9626509,0
9626675,33
9626760,13
9627012,35
9627442,3
9627513,22
9628198,53
9629171,5
9629178,2
9629194,1
9629345,1
9629551,27
9629581,33
9629672,12
9629811,4
9630011,5
9630336,0
9630730,2
9630970,33
9631175,0
9631444,0
9631808,41
9631903,15
9631959,0
9632372,22
9632692,5
9633323,31
9633579,15
9633608,18
9633740,22
9633920,2
9634829,8
9634880,27
9634995,1
9635160,4
9635555,0
9635607,33
9635880,24
9635981,19
9636009,2
9636293,8
9636675,1
9637133,1
9642518,81
9642915,0
9644037,8
9644386,58
9644430,1
9644444,59
9644961,4
9645272,80
9645338,5
9645422,13
9645934,8
9646181,2
9646272,4
9646357,15
9646412,54
9646678,0
9646745,22
9646918,2
9646958,0
9646972,9
9647025,0
9647396,45
9647450,4
9647486,4
9647790,16
9648225,6
9648874,7
9649261,0
9649376,0
9649623,4
9650667,77
9650946,13
9651083,0
9651616,0
9651926,38
9652348,2
9652413,0
9652591,50
9652624,13
9652665,1
9652787,22
9653005,2
9653297,1
9653305,2
9653314,5
9653433,2
9653464,0
9653481,1
9653592,9
9653738,33
9654509,0
9654775,2
9655327,3
9656161,52
9656326,2
9659670,7
9659869,7
9660636,0
9660912,14
9661762,9
9662136,63
9662298,3
9662571,38
9662622,0
9662691,11
9663306,8
9663776,5
9663956,12
9664369,1
9664378,1
9664414,36
9664497,11
9664537,29
9664630,2
9664861,3
9665117,0
9665125,22
9665170,76
9665364,5
9665579,11
9667527,0
9667733,1
9667868,4
9667996,59
9668363,1
9668485,78
9669172,8
9669578,1
9669703,49
9670233,45
9670576,14
9672054,61
9674509,19
9675806,1
9676890,0
9677343,2
9677640,3
9677912,49
9678146,15
9678389,20
9678870,1
9679058,26
9679278,5
9679310,1
9679337,12
9679369,0
9679670,5
9679720,54
9679900,6
9680804,0
9680940,55
9681391,1
9681693,0
9682135,0
9682617,41
9682862,2
9683022,44
9683079,17
9683147,5
9683421,11
9683429,16
9683691,1
9683828,0
9684188,25
9684223,8
9684309,1
9684366,1
9684732,0
9684923,2
9685075,0
9685213,0
9685336,0
9685465,1
9685669,6
9686090,12
9686167,16
9688802,9
9689276,63
9689707,1
9690915,1
9691204,1
9691391,35
9691588,2
9691842,1
9691957,2
9692016,11
9692205,1
9692365,2
9692740,0
9692905,6
9692978,1
9693107,0
9693262,25
9693279,1
9693816,1
9693821,3
9693948,12
9694001,1
9694633,4
9694758,3
9694950,0
9695450,3
9695491,5
9695714,5
9695932,1
9696264,30
9696560,2
9696622,9
9696720,1
9697064,8
9697111,2
9697193,1
9697622,19
9697664,8
9697726,9
9697969,1
9698101,26
9698250,0
9698613,0
9698691,1
9698992,25
9699493,23
9699559,2
9702796,6
9705782,60
9705958,2
9706212,5
9706511,0
9706724,8
9706977,5
9707426,3
9707531,7
9707579,0
9707684,0
9707807,0
9709067,1
9709178,19
9709801,0
9709989,3
9710117,0
9710538,1
9710620,1
9710712,1
9710927,0
9710967,0
9711488,1
9712020,5
9712682,63
9712796,1
9713048,9
9713493,79
9713594,24
9713736,1
9713840,2
9714004,37
9714250,25
9714531,6
9714629,2
9714734,6
9714880,1
9714995,1
9715017,4
9715092,0
9715183,2
9715287,2
9715404,0
9715592,1
9715641,0
9715684,1
9715759,0
9715956,12
9715973,1
9716123,58
9716204,2
9716223,7
9716233,0
9716234,54
9716424,12
9716437,13
9716737,17
9717662,0
9717727,3
9717781,9
9718529,37
9719091,1
9720191,2
9720713,2
9720809,5
9723296,20
9723899,1
9724452,0
9725232,79
9726784,3
9726939,37
9727373,2
9727404,2
9727821,3
9728188,1
9728203,3
9728525,35
9728739,1
9728852,1
9729872,3
9730110,1
9730111,4
9730306,0
9730397,6
9730432,45
9730645,2
9730654,42
9731008,59
9731041,1
9731134,48
9731178,4
9731237,32
9731566,7
9731879,0
9731957,0
9732828,1
9732845,3
9733138,1
9733250,23
9733280,18
9733470,2
9733730,9
9733741,78
9733788,1
9733795,0
9733862,16
9734232,4
9734448,2
9734618,6
9734667,30
9734718,7
9734844,0
9735085,0
9735392,4
9735503,18
9735931,23
9735957,5
9737065,12
9737132,1
9737171,72
9737254,1
9737293,0
9737348,1
9737352,4
9737362,26
9737479,0
9737516,1
9737659,0
9737665,0
9737691,0
9737710,4
9737719,1
9737794,16
9737805,4
9737840,72
9738044,1
9738048,1
9738094,4
9738193,11
9738355,9
9738438,79
9738605,0
9738632,19
9738756,6
9738805,1
9739586,5
9739888,0
9740264,35
9740581,1
9745378,2
9745385,17
9745484,31
9746837,1
9746864,1
9747044,12
9747117,0
9747186,57
9747497,1
9747647,3
9747777,47
9748230,1
9748759,41
9748800,0
9748877,2
9749046,3
9749285,70
9749320,0
9749603,1
9749853,5
9750209,0
9750308,21
9750406,1
9751394,31
9751696,2
9751729,0
9751732,1
9752166,7
9752548,53
9752573,4
9752655,10
9753456,6
9754392,4
9754466,0
9754624,1
9754626,3
9754747,2
9754751,4
9754968,21
9755064,40
9755074,32
9755270,1
9755301,13
9755382,1
9755479,0
9755543,37
9755679,0
9755736,50
9755785,1
9755907,13
9755951,10
9756054,7
9756141,19
9756236,0
9756699,16
9756729,0
9756886,0
9756891,1
9757018,2
9757581,22
9757785,62
9757801,0
9757913,0
9757966,14
9758040,0
9758291,9
9758406,5
9758512,1
9758755,1
9758923,44
9758953,1
9758964,19
9759204,4
9759331,5
9759704,0
9759865,0
9759957,1
9760148,1
9760401,1
9760675,3
9761238,0
9761918,3
9764969,18
9765117,0
9765553,0
9765726,0
9765900,1
9765944,3
9766404,1
9766498,0
9766922,1
9766959,0
9767098,4
9767864,74
9767929,1
9768199,6
9768333,1
9768492,1
9768768,3
9769423,66
9769814,1
9769910,34
9770016,45
9770249,71
9770294,45
9770447,0
9770459,11
9770880,1
9771013,0
9771370,3
9771535,1
9771811,28
9771836,2
9771896,1
9771983,0
9772152,46
9772379,73
9772730,1
9772819,0
9773158,6
9773244,18
9773544,10
9773852,72
9773902,0
9774346,0
9774477,6
9775055,0
9775167,0
9775237,28
9775397,0
9775801,1
9775847,11
9776054,79
9776245,74
9776318,0
9776832,0
9777174,7
9777422,0
9777511,1
9777530,77
9777601,0
9777652,6
9777883,0
9778050,0
9778372,64
9778505,38
9778583,0
9778655,9
9778734,1
9778748,0
9778960,0
9778978,15
9779357,4
9780023,77
9784125,1
9784272,1
9785063,0
9785349,2
9786021,1
9786182,72
9786470,0
9786543,12
9787323,12
9787400,2
9787590,1
9787634,9
9788114,67
9788134,0
9788345,32
9788375,34
9788396,8
9788521,47
9788564,1
9789045,40
9789339,2
9789350,37
9789392,17
9789792,3
9789885,66
9789937,5
9790098,0
9790328,1
9790354,1
9790462,17
9790807,1
9790840,1
9790949,74
9791282,1
9791355,3
9791753,0
9792286,68
9792440,1
9792485,7
9792631,10
9792720,0
9792836,2
9792911,3
9793041,1
9793213,0
9793250,23
9793413,2
9793440,0
9793465,22
9793665,2
9793668,58
9793722,0
9793983,50
9794058,0
9794077,0
9794083,50
9794364,62
9794958,2
9795124,12
9795850,0
9795890,3
9795958,1
9796114,54
9796155,0
9796198,0
9796283,10
9796314,1
9796386,1
9796419,10
9796442,4
9796491,5
9796501,68
9796548,4
9796856,2
9797293,3
9797333,1
9797997,20
9799789,1
9800346,2
9800489,0
9801016,5
9802333,2
9802368,45
9802654,0
9802971,0
9803574,27
9803686,4
9804299,0
9804368,66
9804673,0
9804849,3
9805128,6
9805346,0
9805563,3
9805748,0
9806434,0
9806444,8
9806606,12
9806634,5
9806752,1
9806996,3
9807059,0
9807494,11
9807758,0
9807848,77
9808055,0
9808248,0
9808637,11
9808640,1
9809229,27
9809716,5
9809911,5
9810009,11
9810125,8
9810187,0
9810235,0
9810427,2
9810530,0
9810696,66
9810854,0
9811273,0
9811274,0
9811434,1
9811614,2
9811717,1
9811958,10
9811997,1
9812150,4
9812606,9
9812759,12
9812787,1
9812826,7
9813359,6
9813364,1
9813567,11
9813570,2
9813585,6
9814018,1
9814108,8
9816578,10
9818465,3
9818469,1
9818669,3
9818825,52
9819018,11
9819038,26
9819437,2
9819589,0
9819772,2
9820035,2
9820068,4
9820408,5
9820483,1
9820533,29
9820724,6
9820829,0
9821024,1
9821183,1
9821208,3
9821303,0
9821370,42
9821911,64
9822032,2
9822101,36
9822153,13
9822507,7
9822635,17
9822738,1
9822823,76
9822983,0
9823143,70
9823182,75
9823320,65
9823444,0
9823880,13
9824042,8
9824112,0
9824247,14
9824287,1
9824547,75
9824613,9
9824682,0
9824982,5
9825066,1
9825180,0
9825197,0
9825420,4
9825939,0
9826062,26
9826081,9
9826160,4
9826267,1
9826493,41
9826628,67
9826678,0
9826940,5
9827236,1
9827799,19
9827800,0
9827988,16
9831813,56
9832641,78
9832730,29
9832882,1
9833212,8
9833340,0
9833558,1
9833742,1
9833962,60
9834074,0
9834456,6
9834706,1
9834943,2
9835017,1
9835140,1
9835315,9
9835350,67
9835402,1
9835880,2
9836020,1
9836127,4
9836212,0
9836505,3
9836642,3
9836966,1
9836970,2
9838145,3
9838297,17
9838443,0
9838543,46
9838832,8
9838920,1
9839223,0
9839263,3
9839300,0
9839341,1
9839346,33
9839378,6
9839800,58
9839812,0
9839956,2
9840192,25
9840261,0
9840280,57
9841139,0
9841168,24
9841215,11
9841548,21
9841671,1
9841695,5
9841890,2
9841907,3
9841949,2
9842117,54
9842239,0
9842323,0
9842363,1
9842420,0
9842447,1
9842492,56
9842493,0
9842765,0
9843052,1
9843468,5
9843531,14
9843634,8
9843643,0
9843646,2
9843826,5
9843851,1
9843884,51
9843892,3
9843914,2
9843951,2
9843956,25
9844407,0
9844408,2
9844439,5
9844482,35
9844489,66
9844509,1
9844593,66
9844603,11
9844805,10
9844884,60
9844892,0
9845314,7
9845341,7
9845454,60
9845558,1
9845652,12
9846015,2
9846120,1
9846222,11
9846468,1
9846591,0
9846660,35
9847867,7
9847917,0
9851704,13
9853063,0
9853382,21
9853884,1
9854141,1
9854477,9
9854746,13
9854778,2
9854899,4
9855153,3
9855415,4
9855458,29
9855772,10
9855793,1
9855979,30
9856135,14
9856151,0
9856683,11
9856730,34
9856757,7
9856995,68
9857438,1
9857914,2
9857967,6
9858029,7
9858093,4
9858112,4
9858221,2
9858527,0
9858642,6
9858645,0
9858687,34
9858696,63
9858717,27
9859081,68
9859181,22
9859195,21
9859602,39
9859856,1
9859861,68
9860303,4
9860416,0
9860455,0
9860631,8
9860720,10
9860752,0
9860758,6
9860774,58
9860989,18
9861118,0
9861124,15
9861135,0
9861136,1
9861196,1
9861553,0
9861625,79
9861747,3
9862049,0
9862199,1
9862364,0
9862883,0
9862913,1
9862945,7
9863035,1
9863091,0
9863626,1
9863678,1
9863860,6
9864121,1
9864137,6
9864230,4
9864324,1
9864427,8
9864749,0
9864796,3
9864820,16
9864900,0
9865226,0
9865262,1
9865344,6
9865363,0
9865374,1
9865398,6
9865506,21
9865659,2
9865939,1
9866287,9
9866617,0
9866971,5
9867264,1
9867398,14
9867454,4
9867521,53
9867629,35
9867803,2
9868032,2
9868799,5
9869156,5
9872904,0
9873079,0
9874042,16
9874289,1
9874454,0
9874794,0
9875002,15
9875109,1
9875134,1
9875450,5
9875822,0
9875883,51
9876042,0
9876335,16
9876447,20
9876474,30
9876492,2
9876902,1
9876930,4
9876971,32
9877196,0
9877436,1
9877684,1
9877776,4
9877933,0
9878121,3
9878361,1
9878593,4
9878659,3
9878851,0
9878922,38
9878929,68
9879216,2
9879235,27
9879796,3
9880140,7
9880294,1
9880664,14
9881037,63
9881146,35
9881195,2
9881516,2
9881685,2
9881769,3
9882134,0
9882187,0
9882254,80
9882537,0
9882838,6
9883145,9
9883197,1
9883391,0
9883768,0
9884430,23
9884516,1
9884667,74
9884870,1
9884880,69
9885264,12
9885280,28
9885430,1
9885501,70
9885720,0
9885817,10
9885941,0
9886015,0
9886034,0
9886073,2
9886220,1
9886514,4
9886516,49
9886606,4
9886735,3
9886867,0
9886912,2
9887276,0
9887396,10
9887654,75
9887698,1
9887763,20
9888076,40
9888533,17
9889720,0
9890574,34
9894255,0
9894297,42
9894526,35
9894565,8
9894707,8
9894820,0
9895802,0
9896292,16
9896546,1
9896594,1
9896627,0
9896824,54
9896889,4
9897073,0
9897378,0
9897418,1
9897611,0
9897820,4
9897854,1
9898112,19
9898150,26
9898344,59
9898485,69
9898619,7
9899132,71
9899499,2
9900048,0
9900120,1
9900484,0
9900560,68
9900572,0
9900885,1
9901202,4
9901329,1
9901468,0
9901613,0
9901986,0
9902057,5
9902123,37
9902314,2
9902395,2
9902590,7
9902711,3
9902915,1
9903132,11
9903150,2
9904259,2
9904320,1
9904460,82
9904613,1
9904929,67
9905076,53
9905682,1
9905894,34
9905905,3
9906178,1
9906359,1
9906425,6
9906631,30
9906918,1
9907167,48
9907257,4
9907307,72
9907690,3
9908424,0
9908719,79
9908732,11
9910619,0
9911083,1
9911887,19
9914098,1
9915643,8
9915819,16
9916357,1
9916475,21
9916767,61
9917384,1
9917669,11
9917797,9
9918126,28
9918567,0
9918817,4
9919042,1
9919053,1
9919127,27
9919143,3
9919450,1
9919518,1
9919641,0
9919727,24
9919959,0
9920117,10
9920313,7
9920383,1
9920406,77
9920458,4
9920459,0
9920607,1
9920752,1
9920941,8
9921109,1
9921366,1
9921389,30
9921774,0
9922192,0
9923382,0
9923402,0
9923452,10
9923478,0
9923485,1
9923887,13
9924665,6
9924723,19
9925140,4
9925349,1
9925507,63
9925518,2
9926044,55
9926058,0
9926171,7
9926599,0
9926781,3
9926792,11
9927252,0
9927314,0
9927385,4
9927397,14
9927400,0
9927495,0
9927666,34
9928281,0
9928794,2
9928937,11
9933792,27
9934510,0
9934593,28
9935340,4
9935354,48
9935613,20
9935833,3
9935894,2
9935949,0
9936139,1
9936259,4
9936805,1
9937145,5
9937220,9
9937307,8
9937434,9
9937667,1
9938208,1
9938299,50
9938471,13
9938520,0
9939023,9
9939177,1
9939202,13
9939843,25
9939962,15
9940253,9
9940300,76
9940443,1
9941282,25
9941890,70
9942157,60
9943207,57
9943258,1
9943345,4
9943382,3
9943801,1
9944013,0
9944331,4
9944426,26
9944788,40
9944808,6
9945127,5
9945206,28
9945481,18
9945496,25
9945515,54
9945730,38
9945750,2
9947155,54
9947824,78
9949396,22
9950923,1
9951506,11
9951705,1
9951750,2
9952191,4
9952400,10
9952429,2
9953121,28
9953601,78
9954123,7
9954145,54
9954426,3
9954573,2
9954585,3
9954688,13
9954700,0
9955490,52
9955493,15
9955545,1
9955736,66
9955765,8
9956082,0
9956388,19
9956781,1
9956834,49
9957384,78
9957436,0
9957646,17
9958312,2
9958387,1
9958442,1
9958456,48
9958472,0
9959006,2
9959084,5
9959100,63
9959169,66
9959175,7
9959180,76
9959187,47
9959190,69
9959194,75
9959246,1
9959521,49
9959562,1
9959975,7
9960876,0
9960970,0
9961313,10
9963988,38
9965305,0
9966717,1
9967046,71
9967141,43
9967218,9
9967314,28
9968094,2
9968223,62
9969073,2
9969761,26
9969773,2
9969781,1
9969936,13
9970118,4
9970637,0
9970995,1
9971319,0
9971730,17
9971794,20
9972046,13
9972062,2
9972403,1
9972742,3
9973003,20
9973134,1
9973190,42
9973654,1
9973680,2
9974135,19
9974153,77
9974484,2
9974646,9
9975089,2
9975344,15
9975382,0
9975425,52
9975839,26
9975846,20
9975872,4
9976190,1
9976222,0
9976264,42
9976626,6
9976644,2
9976784,0
9976820,9
9976827,28
9976839,18
9977283,2
9977470,3
9977595,0
9977982,0
9978348,1
9978426,3
9978536,1
9978589,30
9978633,20
9978664,3
9978722,3
9978768,63
9979548,0
9979608,6
9979707,7
9984143,1
9985812,1
9986609,2
9986770,4
9986969,7
9987222,4
9987456,1
9987543,4
9987549,13
9987907,0
9987983,4
9988353,17
9988556,45
9988907,2
9989028,0
9989842,0
9990026,1
9990117,0
9990403,0
9990560,66
9990571,3
9990611,7
9990959,36
9991143,2
9991265,25
9991374,2
9991391,2
9991577,12
9991919,4
9991949,2
9992236,12
9992479,0
9992858,34
9992903,25
9992945,28
9993137,0
9993138,5
9993183,3
9993463,1
9993516,0
9994062,3
9994185,3
9994744,9
9994973,0
9995163,59
9995322,8
9995513,0
9995634,4
9995669,0
9996144,27
9996402,23
9996535,0
9996642,78
9996793,5
9997006,0
9997045,5
9997702,5
9997980,24
9998091,2
9998152,0
9998154,0
9998362,0
9998688,4
9998898,1
9998930,20
9999117,1
9999220,1
9999351,22
9999372,3
9999398,3
9999513,4
9999646,0
9999878,12
9999919,16
10000070,17
10000137,1
10000254,0
10000470,26
10000717,1
10000834,1
10000943,35
10000975,38
10001011,1
10001022,0
10002317,1
10006913,2
10007761,11
10007793,0
10008109,1
10008874,1
10009390,1
10009531,3
10009737,3
10009762,1
10010119,12
10010250,1
10010321,0
10010345,75
10010434,15
10010507,5
10010717,1
10010845,57
10010914,5
10011009,2
10011168,33
10011509,15
10011677,0
10011763,36
10011850,1
10012011,15
10012292,4
10012551,2
10013027,61
10013355,0
10013379,45
10013582,0
10013750,16
10014261,0
10014269,3
10014417,4
10014499,6
10014849,2
10014975,14
10015336,1
10015642,23
10016124,3
10016343,1
10016412,0
10016601,1
10016602,5
10016803,14
10016832,1
10017050,1
10017265,2
10017345,1
10017692,54
10017822,1
10018379,11
10018549,61
10018895,0
10018963,56
10019018,1
10019159,13
10019335,0
10019420,21
10019504,1
10019508,44
10020060,0
10020104,2
10020125,18
10020217,9
10020815,1
10021252,0
10021301,52
10021499,0
10021680,52
10021699,7
10021700,3
10021707,0
10021820,4
10021869,0
10021915,10
10022348,54
10022414,1
10022503,1
10022610,0
10022730,4
10023252,76
10023498,32
10023618,0
10024702,56
10030073,1
10030753,1
10030874,0
10030997,15
10031014,12
10031436,1
10031574,24
10031678,3
10031965,52
10032285,3
10032406,63
10032560,41
10032842,1
10033005,4
10033096,0
10033238,28
10033336,1
10033734,6
10034083,0
10034090,0
10034493,0
10034597,43
10035023,4
10035098,0
10035132,11
10035525,1
10035596,11
10035643,2
10035846,40
10035920,75
10035950,1
10036295,1
10036394,0
10037088,6
10037097,0
10037770,68
10037800,9
10037946,68
10037962,6
10038211,20
10038560,21
10038598,2
10038633,0
10038695,0
10038721,6
10038731,16
10038776,66
10039012,8
10039375,0
10039817,8
10039961,2
10039968,1
10039975,26
10039992,6
10040472,5
10040563,3
10040798,1
10040942,5
10041002,21
10041028,2
10041157,10
10041376,7
10041518,19
10041531,1
10041589,6
10041889,10
10042322,2
10042484,20
10042505,5
10042563,44
10042625,23
10042929,4
10042932,2
10043064,1
10043153,44
10043624,60
10043694,7
10043750,0
10043854,19
10043942,48
10044457,40
10049070,0
10049335,1
10049360,6
10049589,0
10049766,0
10050035,0
10050536,9
10050665,9
10050847,30
10050860,0
10050866,0
10051853,0
10051911,0
10051946,2
10051959,2
10052324,8
10052336,1
10052409,2
10052466,1
10053223,1
10053330,17
10053523,0
10053592,1
10053602,1
10053943,11
10054404,0
10054500,6
10055189,8
10055475,0
10055764,16
10055872,1
10055925,13
10056170,11
10056358,9
10056449,4
10057529,1
10057986,0
10058014,50
10058137,1
10058176,7
10058491,61
10058633,18
10058639,59
10058944,0
10059219,5
10059573,0
10060147,0
10060776,12
10061628,22
10062378,1
10063216,0
10064209,11
10064218,14
10064959,63
10065056,0
10065873,1
10066131,1
10066452,7
10066508,0
10066843,22
10066875,0
10067614,33
10067932,0
10068145,0
10068269,1
10068329,6
10068386,75
10068450,0
10068539,1
10068693,1
10069099,2
10069174,0
10069185,56
10069373,2
10069376,16
10069755,0
10069795,1
10069885,10
10069923,0
10070145,56
10070235,0
10070294,6
10070457,19
10070582,1
10071118,34
10071225,3
10071254,2
10071373,4
10071464,12
10071681,1
10072007,1
10072750,6
10072898,4
10073973,7
10073975,0
10073995,1
10074185,1
10074282,2
10074308,1
10074362,14
10074524,3
10075014,3
10075528,1
10075730,59
10076024,30
10076231,2
10076836,3
10078736,33
10080979,1
10081576,0
10081958,0
10082054,1
10082287,0
10082414,21
10082575,0
10083580,12
10083670,0
10083881,0
10083970,0
10084178,1
10084191,0
10084382,10
10084631,6
10084735,5
10084751,2
10084769,59
10085436,22
10085457,9
10085478,16
10086307,21
10086396,61
10086520,17
10086656,46
10086861,11
10086874,8
10086882,2
10086885,43
10086888,1
10086976,74
10086994,0
10087253,23
10087575,10
10087590,10
10087609,5
10087623,0
10087811,4
10088464,2
10088720,19
10088886,63
10088889,0
10088956,62
10089529,4
10089694,8
10089720,3
10089727,1
10089841,1
10090579,0
10090599,1
10090894,4
10090922,64
10091021,20
10091438,0
10091829,1
10092202,7
10095611,45
10095913,1
10096707,28
10096773,1
10097709,35
10097911,0
10097957,8
10098262,8
10098593,52
10098890,1
10098921,1
10099080,0
10099459,0
10100202,1
10100348,2
10100453,3
10100474,4
10100613,6
10100659,1
10100799,7
10101023,2
10101046,2
10101097,55
10101765,80
10101791,4
10101804,1
10102005,3
10102206,1
10102632,2
10102723,1
10102792,0
10103405,6
10103770,0
10103877,1
10103895,1
10103934,1
10104068,21
10104118,1
10104130,2
10104246,3
10104337,10
10104410,0
10104806,0
10105128,4
10105556,5
10105606,50
10105690,21
10105732,12
10105917,6
10106188,29
10106335,31
10106480,7
10106530,16
10106768,60
10106802,11
10107113,2
10107182,0
10107260,0
10107452,1
10107606,0
10107689,7
10108417,2
10115193,0
10115298,16
10115372,34
10115375,1
10115419,18
10115937,0
10116151,12
10116440,18
10116671,0
10116778,0
10117060,1
10117283,3
10117624,5
10117649,4
10117807,15
10118042,8
10118796,13
10119392,3
10119590,7
10120055,25
10120206,74
10120384,0
10120414,1
10120476,69
10120478,4
10120514,0
10120578,0
10120691,0
10120829,28
10121376,25
10121380,68
10121746,0
10121950,0
10122016,2
10122650,0
10122700,21
10122880,3
10123450,1
10123594,37
10123678,9
10123923,1
10124008,3
10124136,30
10124161,0
10124212,0
10124443,40
10124550,1
10125030,3
10125211,21
10125395,11
10126114,0
10126402,4
10126521,13
10126560,0
10127534,10
10129759,7
10130963,10
10132356,1
10132572,0
10132633,69
10132818,1
10133027,0
10133147,38
10133350,24
10133559,0
10134071,10
10134298,7
10134309,4
10134443,8
10134546,25
10134557,3
10135104,23
10135523,81
10135531,79
10135852,31
10136199,0
10136256,3
10136750,0
10136861,1
10136980,5
10136994,14
10136996,46
10137006,7
10137028,57
10137143,16
10137236,4
10137315,0
10137499,65
10137757,2
10138218,57
10138533,19
10138870,24
10138872,31
10138888,0
10138958,5
10138996,0
10139093,3
10139332,2
10139347,5
10139617,3
10139724,6
10139922,84
10140164,34
10140275,5
10140368,69
10140462,2
10140604,3
10140729,5
10141276,2
10141718,33
10141933,1
10141998,2
10142067,11
10142499,48
10142867,1
10143231,0
10143655,32
10144140,68
10144398,0
10144422,80
10146747,0
10148197,1
10148581,8
10148955,3
10148969,56
10149393,2
10149932,1
10150224,1
10150643,1
10150648,42
10150723,4
10151054,4
10151209,19
10151488,22
10152015,14
10152029,7
10152091,1
10152738,1
10152758,27
10152936,1
10153267,16
10153349,0
10153363,35
10153654,3
10154118,27
10154397,0
10154449,1
10154762,37
10155029,0
10155159,73
10155167,18
10155628,5
10155672,16
10156213,1
10156290,23
10156314,0
10156340,5
10156342,2
10156960,54
10157171,0
10157289,13
10157294,0
10157426,27
10157789,3
10157939,3
10157977,31
10158141,0
10158203,1
10158490,4
10159182,1
10160921,4
10161081,0
10161401,4
10161557,3
10161583,1
10161705,23
10162621,35
10162932,1
10163231,5
10163240,0
10163536,35
10163683,3
10163724,1
10164008,5
10164145,1
10164331,76
10164606,0
10165064,76
10165181,7
10165410,0
10166365,10
10166624,0
10167401,22
10167665,1
10167797,33
10168049,1
10170115,1
10170471,1
10170638,4
10171644,21
10172540,2
10172586,7
10173271,0
10173304,13
10173687,5
10173750,0
10174133,2
10174324,75
10175133,7
10175187,1
10175678,3
10175969,1
10176405,9
10176512,0
10176696,0
10176730,8
10177183,9
10177753,1
10178082,3
10178685,18
10179187,1
10179372,0
10180231,0
10180427,28
10180766,0
10184638,17
10185913,25
10185960,13
10186192,84
10186688,2
10186767,0
10186787,3
10186876,1
10187307,0
10187402,68
10187515,0
10187685,4
10188121,3
10188296,7
10188405,1
10188806,7
10189351,27
10189803,0
10190770,47
10191142,87
10191601,63
10191942,0
10192564,14
10192898,0
10193009,11
10193753,7
10194616,28
10195493,3
10197242,76
10199699,0
10200787,21
10201295,8
10202641,10
10202655,0
10203071,25
10203087,31
10203095,47
10203097,0
10203236,46
10203556,0
10204097,20
10204208,22
10204245,9
10204327,27
10204479,4
10204999,3
10205130,45
10206269,15
10207945,9
10208716,1
10208854,1
10209102,5
10209283,14
10209396,12
10209403,0
10209471,61
10209654,10
10209973,5
10210556,1
10210667,67
10211109,1
10211935,67
10212686,2
10213080,0
10213280,5
10213355,12
10213711,15
10214197,0
10218027,68
10218475,74
10218975,0
10219639,1
10221640,15
10221874,58
10222715,1
10222998,59
10223260,0
10224321,4
10224557,1
10224564,2
10225827,70
10225915,19
10225972,3
10226208,10
10226269,2
10226431,55
10227067,0
10227297,0
10227402,6
10228720,17
10229049,55
10229094,50
10229187,0
10229340,0
10229579,4
10230344,6
10230429,37
10231834,59
10232039,64
10232344,0
10232605,0
10233244,26
10233795,0
10233905,47
10234090,6
10234589,24
10234713,38
10234715,1
10235033,26
10235938,12
10236033,0
10236389,13
10237991,3
10240092,1
10241021,62
10241950,27
10242138,43
10242249,7
10242330,0
10242936,48
10243326,2
10243454,2
10243497,14
10243648,0
10243895,48
10244388,0
10244450,70
10245584,9
10245677,1
10245880,14
10245953,3
10245959,31
10246002,1
10246013,1
10246134,83
10246816,1
10247250,4
10247376,2
10247679,0
10247766,0
10247793,2
10248067,0
10248539,0
10248690,7
10249411,3
10249886,50
10249927,2
10250438,14
10250621,23
10250647,2
10251082,70
10251114,3
10252387,2
10252499,6
10252712,12
10252908,8
10252921,67
10252962,0
10252999,22
10253367,2
10253408,1
10254619,1
10254681,4
10255192,1
10256457,20
10257476,12
10260862,1
10262379,57
10262580,0
10263284,1
10263395,0
10263516,45
10264880,0
10265675,0
10265814,0
10265988,24
10266171,6
10266428,1
10267034,20
10267050,1
10268145,2
10268712,43
10270687,56
10271848,0
10271884,39
10272000,0
10272326,1
10272840,3
10273206,2
10273251,39
10273462,0
10273647,23
10274257,66
10275361,58
10276934,0
10277543,0
10277812,4
10278229,0
10278364,0
10278507,1
10279573,0
10279737,58
10280355,1
10280391,12
10280416,0
10281169,1
10281702,7
10282058,2
10282063,55
10282176,1
10282278,28
10282292,8
10282408,0
10282713,3
10282857,0
10283008,36
10283038,65
10283688,11
10289124,66
10289394,3
10289872,39
10291680,0
10292088,0
10292231,41
10293298,17
10295156,0
10295857,16
10295995,3
10296063,0
10296588,2
10296902,4
10298106,3
10298550,54
10298748,17
10298824,21
10298845,1
10299477,62
10299725,1
10299827,0
10299870,4
10301140,23
10307179,20
10307776,1
10307958,44
10308738,65
10309007,2
10309115,3
10309255,46
10309942,7
10310103,7
10310874,27
10311049,6
10311299,0
10311898,2
10312071,4
10312309,1
10312486,15
10313271,0
10313703,49
10314379,6
10315444,2
10315973,16
10315976,0
10316547,2
10316551,81
10316575,1
10316743,1
10316923,0
10317919,19
10318220,3
10318395,62
10318675,6
10318684,46
10318776,21
10319189,60
10319730,7
10319795,0
10319866,1
10320083,1
10320928,5
10321100,51
10322621,1
10323094,60
10327434,3
10328424,9
10328582,19
10328877,4
10330927,31
10331878,4
10332161,7
10332440,40
10332767,0
10333143,1
10333304,11
10333496,1
10333985,5
10334259,0
10334881,13
10335191,53
10335793,2
10335950,9
10337293,1
10337511,0
10337846,0
10338678,28
10338696,6
10338770,1
10338833,0
10338839,5
10339044,83
10339057,13
10340247,52
10340745,1
10340849,1
10340867,29
10340994,9
10341262,0
10341271,64
10341382,1
10341439,5
10341640,2
10341932,73
10342005,2
10342059,1
10342295,12
10342404,1
10342448,7
10342646,1
10342713,21
10342743,2
10342806,4
10344882,0
10345066,1
10345574,2
10350120,0
10350911,68
10351249,80
10351366,22
10351753,0
10352410,1
10352632,5
10353449,57
10353711,0
10354038,31
10354208,2
10354471,45
10354742,1
10354815,2
10355928,3
10356080,0
10356239,17
10356808,5
10356916,52
10356966,56
10357730,24
10358093,4
10358311,79
10359485,0
10359486,31
10359492,38
10360144,13
10360180,68
10361285,4
10361844,39
10362013,1
10362016,55
10362194,3
10362710,12
10363093,11
10363118,6
10363197,0
10363852,0
10364229,0
10364442,1
10364566,9
10364604,33
10365451,1
10365516,55
10365862,20
10366096,11
10366137,1
10366219,32
10366441,4
10366570,68
10366904,2
10367519,0
10367650,0
10367677,3
10367884,23
10368055,12
10368358,41
10368714,49
10369062,0
10370374,1
10370929,1
10376078,0
10376622,48
10376627,27
10376897,0
10377156,23
10377405,15
10377445,1
10377924,83
10378518,0
10378774,0
10379439,90
10379700,7
10379735,78
10380644,20
10380993,5
10381123,3
10381492,1
10381777,51
10381888,80
10382377,66
10382430,0
10382822,0
10383636,0
10383904,31
10384098,0
10384216,5
10384319,10
10384698,2
10385807,0
10386341,78
10386789,1
10387132,70
10387320,0
10387851,9
10387852,0
10388054,16
10388543,1
10388585,0
10389715,42
10389934,3
10390088,26
10390220,6
10390274,1
10390481,2
10391118,2
10391229,15
10392041,1
10392472,6
10392932,1
10393166,0
10393619,3
10399663,16
10399893,3
10401534,2
10403667,0
10404087,0
10404385,8
10404638,78
10404671,11
10405094,1
10407271,29
10407723,72
10408631,1
10408789,22
10408816,0
10409494,4
10409669,28
10409905,8
10410022,0
10410597,4
10410795,22
10410959,10
10411533,3
10411665,16
10411679,5
10411803,20
10412006,0
10413100,1
10413124,2
10413262,1
10413399,78
10413491,9
10413567,1
10413576,58
10413642,12
10413927,57
10414065,1
10414445,1
10414777,54
10415070,44
10415370,17
10416461,0
10417214,4
10417430,63
10417797,8
10422846,24
10425030,1
10425759,50
10426358,2
10426976,1
10427362,74
10428054,17
10429094,1
10429702,2
10429779,0
10429806,1
10430006,0
10430127,0
10430287,1
10430591,6
10430628,5
10430662,0
10430715,1
10431267,7
10432610,0
10433284,0
10433841,0
10433860,1
10433918,1
10434438,1
10434573,17
10435225,11
10435577,20
10435733,36
10435862,6
10436554,3
10436734,6
10437027,7
10437634,0
10437777,0
10437811,40
10437826,4
10437887,1
10438257,5
10438280,0
10438662,70
10439184,2
10439885,0
10440798,0
10441075,42
10445597,3
10445864,7
10447227,0
10447360,0
10447691,0
10448600,0
10448885,3
10449111,2
10449466,1
10449728,18
10449941,1
10449964,56
10450688,57
10451057,0
10451267,0
10451359,3
10451489,11
10451508,4
10451613,2
10451701,0
10452249,23
10452524,11
10452541,48
10454253,1
10454628,32
10454801,1
10455138,6
10456631,7
10457363,0
10458115,8
10459237,2
10460113,26
10460302,0
10460315,0
10465447,14
10466072,4
10467179,5
10467390,38
10469243,2
10470083,21
10470258,64
10470375,3
10470455,0
10470677,10
10472004,6
10473730,6
10473849,2
10474225,1
10474722,10
10474780,17
10475237,60
10475319,0
10475700,0
10476119,15
10476135,0
10476319,1
10476556,61
10476782,3
10477683,74
10477698,25
10477978,1
10478904,0
10482486,2
10482554,74
10484019,19
10486974,1
10488146,67
10488206,9
10488464,4
10488831,30
10488915,11
10489306,4
10489326,68
10489896,1
10489923,1
10490134,5
10490263,62
10490373,19
10490929,26
10490947,1
10491070,3
10491137,1
10491340,10
10491594,43
10494337,1
10495299,0
10495620,18
10495884,1
10496401,0
10497886,1
10498577,1
10499025,1
10500033,0
10500085,1
10500222,1
10500406,19
10500815,1
10500873,1
10500992,3
10501331,54
10501920,19
10503392,55
10504508,0
10507161,2
10510846,3
10511064,1
10512466,0
10512812,18
10512817,4
10513228,45
10513499,4
10514152,0
10514166,3
10515677,0
10515838,29
10515875,15
10515993,17
10516322,33
10516424,23
10516610,1
10516626,25
10516819,25
10518694,0
10518896,4
10519216,0
10519429,6
10519519,8
10520431,1
10520668,2
10521059,5
10523618,56
10524365,66
10524460,2
10524938,3
10525851,7
10525911,37
10526346,0
10526871,70
10526955,0
10527013,0
10527274,5
10527486,33
10527956,8
10529176,3
10530373,17
10535630,1
10536156,0
10537216,29
10537769,2
10538427,51
10538536,1
10539491,64
10540175,17
10540927,45
10541080,12
10541201,27
10541260,0
10541488,15
10541837,2
10542167,3
10542347,26
10542668,0
10542679,24
10542965,2
10543277,2
10544439,0
10545027,16
10546254,29
10546396,7
10546568,1
10546606,1
10547353,1
10548910,6
10549054,42
10549445,46
10549650,0
10549714,0
10549781,6
10550240,5
10550349,1
10550543,1
10551087,1
10551675,35
10551825,1
10552168,1
10552983,37
10554070,10
10560148,0
10560986,1
10561130,0
10561771,9
10562085,1
10562462,27
10562668,19
10562789,46
10562990,2
10563076,1
10563387,0
10563493,1
10563586,9
10564163,7
10564375,4
10564483,8
10564621,4
10564702,0
10565686,0
10566302,76
10568153,7
10568208,76
10568646,1
10568695,2
10569249,31
10569568,3
10569804,0
10569865,2
10569945,11
10570156,25
10570447,32
10570660,1
10571112,1
10571255,0
10571323,3
10571889,2
10572094,60
10572807,20
10573225,76
10573273,0
10574604,4
10575811,1
10575817,0
10576118,0
10576813,0
10577023,36
10579428,17
10582297,29
10582695,19
10585446,1
10586336,22
10586633,0
10588057,0
10588705,18
10588741,0
10589684,71
10589700,1
10589945,25
10590105,3
10591112,1
10591234,2
10594419,54
10594705,4
10595000,65
10595374,68
10595677,35
10595963,2
10596279,13
10596295,1
10596315,1
10596652,0
10596990,2
10597161,61
10597695,1
10597780,8
10598043,0
10598766,2
10598941,8
10599045,1
10599796,4
10603050,3
10605445,75
10606531,0
10607372,0
10608844,74
10608956,0
10609213,0
10609249,37
10609274,18
10609790,23
10609963,0
10610434,7
10612067,68
10613007,3
10613607,6
10613823,33
10613950,0
10614204,15
10614832,9
10615116,29
10615184,9
10615569,1
10615883,43
10616998,0
10617247,1
10617859,1
10618948,31
10619208,13
10619400,0
10619886,23
10624485,5
10625435,3
10627621,11
10627898,24
10628495,1
10628593,15
10629434,0
10629596,1
10629860,0
10630302,76
10630738,3
10631005,0
10631165,0
10631279,0
10631426,4
10631540,0
10631930,3
10632141,0
10632572,0
10632893,8
10632936,30
10632973,0
10633603,4
10633895,0
10634051,2
10634446,4
10634652,1
10634933,5
10635913,0
10636394,1
10636576,1
10636755,2
10637378,33
10644142,1
10645518,0
10645546,5
10646179,19
10646642,4
10647051,0
10647977,38
10648481,42
10648628,2
10649625,25
10650496,0
10651786,23
10652203,7
10652427,1
10652993,2
10653607,1
10653956,75
10654319,47
10654803,0
10656197,3
10656360,0
10656617,0
10656844,0
10657080,57
10657771,4
10658613,45
10659041,0
10659552,2
10659808,3
10659825,2
10659999,7
10660058,0
10660121,73
10660502,0
10665558,12
10670128,21
10670635,7
10670716,22
10671323,1
10671380,2
10671576,3
10671589,1
10672723,24
10672907,15
10673293,15
10673957,72
10674299,28
10674385,0
10674836,3
10674978,8
10675210,6
10675218,1
10676073,80
10676246,0
10676766,0
10676786,1
10676937,1
10676959,18
10679350,28
10679588,21
10679702,67
10679740,0
10679868,17
10680344,35
10680375,2
10681362,1
10681535,83
10682536,10
10683459,1
10683993,13
10684138,34
10684159,31
10684164,1
10684258,73
10684843,0
10685439,63
10685883,79
10685892,76
10686406,1
10686719,18
10686990,47
10688178,56
10695412,1
10696356,4
10696570,57
10697332,1
10697868,0
10698161,0
10698557,0
10699318,77
10699546,11
10699580,45
10700115,3
10700310,3
10700393,4
10700458,2
10701112,2
10701343,0
10701872,15
10701931,1
10702087,0
10702489,36
10702506,6
10703299,10
10703534,0
10704883,2
10705086,1
10705110,10
10705585,2
10706099,35
10706430,1
10706850,21
10706857,16
10707557,2
10708420,2
10708561,8
10708584,3
10708789,1
10708999,45
10709205,71
10709249,79
10709570,0
10709859,56
10710788,2
10717518,51
10718789,38
10719319,26
10719585,2
10719995,2
10720124,1
10720191,2
10721301,1
10721609,0
10721909,0
10721957,2
10723142,4
10723230,1
10723310,40
10723651,1
10724150,28
10724373,20
10725310,2
10725410,1
10725467,25
10725570,1
10726217,26
10727010,47
10727155,3
10727559,2
10728067,3
10728750,0
10729016,78
10729421,75
10729750,8
10729911,0
10730260,10
10730693,71
10731317,15
10731545,68
10731673,1
10732265,1
10732441,4
10732564,4
10732710,14
10732830,1
10733012,2
10734081,3
10737301,0
10741013,2
10741445,3
10741638,2
10743361,1
10743445,43
10743488,0
10743489,0
10744110,0
10744427,0
10745696,56
10746029,0
10746511,6
10746785,0
10747030,1
10747093,2
10747346,1
10747810,17
10748040,43
10748496,0
10748793,15
10748860,1
10749081,16
10749273,1
10750143,1
10751336,0
10751938,2
10752111,0
10752798,2
10753120,0
10753199,17
10753967,0
10754079,4
10754087,76
10754796,1
10755235,4
10755415,0
10755419,1
10756521,9
10756804,2
10761649,5
10761792,3
10765525,28
10765607,41
10766138,0
10766262,2
10766309,28
10767935,0
10768289,0
10768463,0
10769127,43
10769208,77
10769917,0
10770507,42
10770541,18
10770544,19
10770650,69
10770759,0
10770836,0
10771026,0
10771052,0
10771754,26
10771959,2
10772141,7
10772535,6
10772764,2
10773150,1
10773475,26
10774201,0
10776367,1
10777069,1
10777581,15
10780568,0
10780675,1
10781170,3
10781583,6
10781865,1
10782390,36
10782463,0
10782753,11
10782966,0
10783044,11
10783175,2
10783448,3
10783750,1
10784969,6
10785643,0
10785752,1
10785755,12
10786255,5
10786393,6
10786987,67
10787042,13
10787056,5
10787314,20
10787316,2
10787482,3
10787823,0
10787897,2
10789121,0
10789163,23
10789551,0
10789664,0
10790087,61
10790425,44
10790817,0
10791008,35
10791190,4
10791277,2
10791753,0
10795948,33
10798454,10
10798550,0
10798553,9
10799408,75
10800831,1
10801360,3
10801738,0
10801937,1
10802342,0
10802654,17
10804123,5
10805436,3
10805658,0
10805767,1
10807423,18
10807460,0
10807685,1
10807702,0
10807789,58
10808108,13
10808493,0
10808999,36
10809205,7
10809542,15
10809958,0
10810042,16
10810141,1
10810728,0
10810807,1
10811112,4
10811496,2
10811581,2
10811591,1
10812641,1
10812960,0
10813793,0
10822131,1
10823515,4
10823991,2
10824027,5
10824378,1
10824492,0
10824756,0
10825308,0
10826224,74
10826734,0
10827051,9
10827093,1
10827307,4
10827567,71
10828985,67
10829384,55
10829701,10
10830580,33
10830815,24
10831241,34
10831913,0
10832123,4
10832131,2
10832172,1
10832913,1
10833173,2
10834145,27
10834514,11
10835173,1
10836657,0
10836760,0
10836805,30
10836896,4
10837242,6
10837349,18
10837442,0
10837508,9
10837866,78
10838084,42
10838188,4
10838791,4
10839036,0
10842610,16
10843988,62
10846184,0
10847986,1
10849426,0
10849516,16
10850026,48
10850072,0
10851299,2
10851925,1
10852007,2
10852152,10
10852790,2
10853313,69
10853573,2
10853955,43
10854168,34
10854585,27
10855312,2
10855464,77
10857325,5
10857432,1
10857723,2
10858150,15
10858331,13
10858411,1
10858582,2
10858699,0
10858829,44
10859514,0
10859773,5
10860176,25
10860601,1
10861130,16
10861663,0
10861883,1
10863069,1
10863335,0
10863853,12
10864062,16
10864782,2
10864852,9
10865235,3
10866450,0
10869804,1
10870670,1
10871497,11
10872646,0
10872842,14
10873150,0
10873374,8
10873946,12
10874577,1
10875244,0
10875296,3
10875500,10
10875536,4
10875630,1
10876137,4
10876317,0
10877191,76
10877214,1
10877433,0
10878243,4
10879117,2
10879246,4
10879253,14
10880196,9
10880486,4
10880846,4
10881075,1
10881347,8
10882414,0
10882692,0
10883121,24
10883292,0
10884185,2
10884260,56
10884683,2
10884990,13
10885414,44
10886453,34
10886532,4
10886689,59
10886778,6
10887091,0
10887262,7
10887265,58
10887433,0
10887444,0
10887645,24
10887847,80
10888320,66
10888404,0
10889543,0
10895011,0
10896274,0
10896750,3
10897696,78
10898205,1
10898458,1
10898767,0
10899030,7
10900130,67
10900270,2
10900511,5
10901062,5
10901255,26
10902014,4
10902729,12
10903055,15
10903419,18
10906344,9
10906862,42
10907380,0
10907477,0
10908209,52
10908338,1
10908520,3
10908616,0
10908904,3
10909367,0
10909389,1
10909743,19
10909987,73
10910332,1
10910694,1
10913636,4
10914578,0
10914679,0
10915008,1
10915617,0
10918507,37
10918885,19
10919060,1
10919160,47
10920487,1
10920758,6
10921091,0
10921135,0
10922736,3
10923161,48
10924986,0
10925158,61
10925844,1
10925899,3
10926381,4
10926473,0
10926625,0
10926997,3
10927228,1
10927972,0
10928176,4
10928250,15
10929569,0
10930222,1
10930244,1
10931273,3
10932059,3
10934694,11
10937904,1
10938202,6
10938519,50
10938544,25
10938850,13
10939168,73
10939344,17
10940099,2
10940182,3
10941326,6
10941625,4
10941748,1
10941762,62
10941782,0
10941982,3
10942806,0
10942986,0
10943005,70
10943065,2
10943114,0
10943909,0
10943915,57
10943951,31
10944323,0
10944989,2
10945456,0
10945536,0
10945632,72
10945985,10
10946644,54
10947377,0
10947965,17
10948538,10
10948619,1
10948774,0
10949026,1
10951019,53
10953231,0
10955799,0
10956433,41
10957003,0
10957579,1
10958169,19
10958463,61
10958668,0
10959341,0
10959754,0
10961231,60
10962164,5
10962323,0
10962507,0
10962710,1
10963122,40
10963433,70
10965252,0
10965574,4
10965810,0
10966022,1
10966240,0
10966471,0
10967026,51
10967404,14
10967698,2
10967760,0
10968498,0
10968828,0
10968894,24
10968972,2
10968982,14
10969203,17
10969492,0
10969864,5
10970314,55
10970381,34
10970872,8
10971200,15
10971444,0
10971590,5
10971781,0
10974609,1
10975762,0
10978055,0
10978135,46
10980266,0
10980554,0
10981677,11
10982173,4
10982449,1
10982490,0
10983426,63
10983433,42
10983794,4
10984202,1
10984340,8
10985093,17
10985169,1
10986007,1
10986246,2
10987024,76
10987342,19
10987461,4
10988431,2
10988682,68
10988898,12
10989359,4
10989958,51
10990088,0
10990123,4
10992628,75
10994503,63
10994530,16
10995025,0
10995810,0
10995951,2
10996034,0
10996215,0
10996416,10
10996424,3
10996466,5
10996543,0
10996946,6
10996977,10
10997172,6
10997236,28
10997410,3
10997789,48
10998154,1
10999819,8
11006092,0
11006093,9
11006134,1
11006779,73
11007370,4
11007719,8
11007827,5
11008081,0
11008371,0
11008530,35
11008877,2
11009445,1
11009529,77
11009761,9
11010008,72
11010920,0
11010923,1
11012185,1
11013121,0
11013385,7
11014002,7
11014386,1
11015270,3
11015920,1
11016267,0
11016289,0
11016751,4
11017918,41
11018410,1
11018744,68
11019597,7
11019971,4
11020405,0
11020862,58
11021048,1
11021108,32
11021148,11
11021160,23
11021221,42
11021376,16
11021593,18
11021889,0
11022274,43
11022523,10
11022864,31
11022939,0
11030761,22
11030995,0
11031876,0
11032098,0
11032472,43
11032561,0
11032614,7
11032615,0
11033331,1
11033476,0
11035490,10
11035722,1
11036133,35
11037105,0
11037414,4
11037425,72
11037514,1
11037962,1
11038817,1
11039124,0
11039158,10
11039221,7
11039478,8
11039689,0
11040114,1
11040513,0
11041690,23
11043453,4
11043651,1
11043804,2
11044169,1
11044229,0
11044326,15
11044369,1
11044383,2
11044397,10
11044578,19
11045609,20
11045683,8
11045981,0
11046564,7
11046590,9
11046598,69
11046693,26
11046801,26
11046858,20
11046927,21
11046995,0
11047173,52
11047193,1
11047353,1
11048669,69
11053833,6
11056821,0
11057141,0
11057184,5
11057942,7
11058643,1
11058935,7
11059197,0
11059952,70
11060328,53
11060380,1
11060513,1
11061063,3
11061197,2
11061511,29
11062031,3
11062629,1
11062697,2
11062704,2
11063065,2
11063451,3
11063535,0
11063671,0
11064012,18
11064671,16
11064777,0
11065571,0
11065633,1
11065965,11
11067629,0
11068187,4
11068630,2
11069031,9
11069102,22
11069164,2
11069291,1
11069663,0
11070137,67
11070633,0
11070795,6
11071503,1
11072683,4
11077282,31
11078285,0
11078388,0
11078640,0
11078859,0
11079022,36
11079478,1
11079731,41
11081261,8
11081447,1
11081671,2
11082443,20
11082830,0
11083755,43
11084143,60
11084436,59
11084965,4
11084990,2
11085012,15
11085352,0
11085397,0
11086379,0
11086720,74
11086972,12
11088381,14
11089123,18
11089290,3
11089397,25
11091488,1
11091565,1
11091711,0
11095719,54
11095796,11
11096034,4
11096605,28
11098152,4
11098335,17
11098551,9
11098587,19
11098829,13
11099089,10
11099853,1
11100352,3
11100490,71
11100541,61
11100996,0
11101525,2
11101926,52
11102164,0
11102712,2
11102976,0
11105182,0
11105331,0
11105457,48
11105533,9
11105968,3
11106206,5
11111303,77
11113333,2
11113554,3
11115324,1
11115426,23
11116289,0
11117800,0
11117896,7
11118404,5
11118437,18
11118670,0
11120851,19
11121029,69
11122003,66
11122042,58
11122822,14
11123276,3
11123735,37
11124058,1
11124422,0
11124613,24
11124655,47
11124862,3
11124954,1
11125166,82
11125209,73
11125724,1
11125894,2
11126103,1
11126226,1
11126621,4
11126759,27
11126767,1
11126883,7
11129145,1
11131304,16
11132775,0
11134972,1
11135512,5
11136050,0
11136924,0
11136996,0
11137712,0
11137758,50
11137966,2
11137993,0
11138618,2
11138823,74
11138901,0
11138910,6
11139180,2
11139968,26
11140165,21
11140302,75
11141939,7
11142154,6
11143122,12
11143222,2
11143462,61
11143545,0
11143891,6
11144011,0
11144409,0
11144496,0
11144544,20
11144715,56
11144797,9
11145222,6
11145523,0
11145689,0
11145913,15
11146017,12
11146432,81
11146488,1
11146502,0
11147172,4
11147693,1
11147823,0
11147918,5
11148320,2
11148342,16
11148433,3
11148990,11
11149221,28
11151100,6
11151103,9
11153891,1
11153996,1
11155963,8
11156427,12
11158544,1
11159093,19
11159400,2
11159720,0
11159859,2
11160167,21
11160700,1
11160734,4
11161067,32
11161207,0
11161660,78
11161908,11
11162192,2
11162475,17
11162591,5
11162906,1
11162977,16
11163043,0
11163136,0
11163491,18
11164047,19
11164714,59
11164743,0
11164967,9
11165063,0
11165126,65
11165328,19
11166113,60
11167085,2
11167183,1
11167381,33
11167618,15
11168007,1
11168411,0
11168514,0
11168825,26
11169660,7
11169926,0
11170165,37
11170320,0
11170672,6
11175261,20
11175685,57
11176944,2
11177192,1
11177205,1
11177756,11
11177837,64
11178582,12
11179088,0
11179160,0
11179453,1
11180110,3
11180903,16
11181379,0
11181405,67
11181948,2
11182179,2
11182302,34
11182804,32
11182862,1
11182867,48
11183391,33
11183669,1
11183868,27
11183878,23
11183989,0
11184440,0
11185068,1
11185197,1
11185707,0
11185729,31
11185849,1
11185993,3
11187424,67
11187722,25
11189017,2
11190071,1
11190248,68
11190303,0
11190306,0
11190497,26
11190511,14
11190515,0
11190519,22
11190604,3
11190698,63
11190701,0
11190831,58
11191242,58
11191459,2
11191474,4
11191763,1
11191899,1
11191992,0
11192139,1
11192178,4
11192257,23
11192516,3
11192586,0
11194693,79
11199636,2
11200375,11
11201486,1
11201676,76
11201707,0
11202061,0
11202399,0
11202569,31
11202649,38
11202870,37
11203313,0
11204732,3
11205241,1
11205265,5
11205447,9
11205980,0
11206340,11
11206364,1
11206528,4
11206920,6
11207036,27
11207101,15
11207181,0
11207238,0
11207722,1
11208218,4
11208635,0
11208720,0
11209647,6
11209798,57
11210604,14
11210913,1
11211310,0
11211589,7
11211612,0
11211665,0
11211669,1
11211865,14
11211985,1
11212177,28
11212449,57
11213730,0
11214883,8
11215771,4
11216394,0
11216492,1
11216918,4
11217893,0
11218116,1
11218246,2
11219929,22
11220997,0
11221125,40
11221362,0
11221482,3
11221821,22
11221835,19
11222408,14
11222927,1
11222933,37
11223389,50
11223800,2
11223995,7
11224460,0
11224970,4
11225219,6
11225591,8
11225819,3
11225849,0
11226397,12
11226985,1
11227489,28
11227558,75
11227612,1
11227620,2
11228416,1
11228502,0
11228512,2
11228726,1
11229663,9
11234656,5
11235102,0
11235370,6
11235824,68
11236956,0
11237554,0
11237750,2
11238039,0
11238591,3
11238744,20
11238936,3
11239248,35
11239295,3
11239332,4
11239716,3
11240074,1
11240470,2
11240749,3
11240758,0
11241043,0
11241381,1
11241637,1
11241794,13
11242039,6
11242292,0
11242310,1
11242469,2
11242777,63
11243434,78
11243444,72
11243621,6
11244622,45
11244946,1
11249069,0
11250755,5
11251296,78
11251308,53
11251511,2
11252576,0
11253076,5
11253351,0
11253929,77
11254338,0
11254551,1
11254989,13
11255088,0
11255157,80
11255694,32
11256539,2
11257441,6
11257497,1
11258093,0
11258391,12
11258564,13
11258581,8
11259306,14
11259376,1
11259488,1
11259989,0
11260360,0
11260417,2
11260657,2
11261409,2
11261571,0
11261600,11
11261753,0
11261870,30
11262072,0
11267601,3
11270724,5
11270782,0
11271818,3
11272475,2
11274554,1
11274685,4
11274790,0
11275850,2
11275898,7
11276353,48
11276602,77
11276876,2
11276915,2
11277343,0
11277765,3
11277955,1
11278290,1
11278868,6
11278993,79
11279405,0
11279652,0
11279820,0
11279847,20
11280089,78
11280391,31
11280429,0
11280492,0
11280583,38
11280866,48
11281365,76
11281393,75
11281913,0
11282325,38
11283088,1
11283535,0
11284186,2
11284626,1
11291158,1
11291559,19
11292217,0
11292338,69
11292496,1
11292970,0
11293006,14
11293662,0
11293767,0
11293937,39
11294494,0
11294538,2
11294902,0
11295457,0
11295630,0
11296409,34
11296590,3
11297941,14
11298162,66
11298300,2
11298511,0
11298615,0
11298718,1
11298867,0
11298955,4
11299099,0
11299717,0
11299824,68
11300198,1
11300414,2
11301286,1
11301359,3
11302298,0
11302389,0
11302521,1
11302886,29
11302971,0
11303015,0
11303236,0
11303306,4
11303478,0
11303624,22
11303818,0
11303934,75
11304069,14
11304325,2
11304805,8
11305815,31
11306483,0
11314451,30
11314756,4
11315042,1
11315425,1
11315578,41
11315644,57
11315999,76
11316411,5
11316674,2
11317742,8
11317816,1
11319105,71
11319762,34
11319858,0
11320246,24
11320849,51
11321005,2
11321410,5
11321484,0
11322077,8
11322263,0
11322323,3
11322391,4
11322591,11
11323007,1
11323397,67
11323433,55
11323444,56
11323476,0
11323526,56
11323529,55
11323545,2
11323583,43
11323609,63
11323801,24
11323922,1
11324173,67
11324200,3
11325050,29
11325485,1
11325499,0
11325635,67
11325656,3
11325695,4
11325775,5
11325941,4
11326009,8
11326272,18
11326908,0
11328979,6
11333478,11
11334476,53
11335160,9
11335302,6
11335747,51
11335931,27
11338624,1
11338807,12
11338848,3
11339046,0
11339377,3
11339876,3
11340424,1
11340542,0
11340781,22
11340871,1
11340884,9
11341650,0
11341723,0
11342027,0
11342626,0
11343196,49
11343331,11
11343728,4
11343779,2
11344102,26
11344203,0
11344745,0
11344750,73
11344902,10
11345083,1
11345116,3
11345723,2
11346699,0
11347963,0
11351798,6
11352165,1
11352494,42
11353310,1
11353885,3
11354002,2
11354781,0
11355823,20
11355871,0
11356941,35
11357052,1
11357182,10
11357237,23
11357269,61
11357606,0
11357735,8
11357801,56
11359026,3
11359610,8
11359701,1
11360407,17
11360854,7
11361106,70
11361320,2
11361471,21
11361502,2
11361791,2
11362029,4
11362387,60
11362414,3
11362506,0
11362675,0
11363037,20
11363459,12
11363537,0
11367687,0
11368277,1
11369211,8
11369889,9
11370129,16
11370914,2
11371510,3
11371773,4
11371974,0
11372088,1
11372929,0
11373637,0
11373899,2
11374189,2
11374317,33
11374387,6
11374404,4
11374453,10
11374542,0
11375128,0
11375235,1
11375733,0
11375875,3
11375909,1
11376516,62
11376684,72
11376730,19
11377233,26
11377308,1
11377582,43
11377665,23
11377777,1
11377966,0
11378048,12
11378146,8
11378821,9
11378856,0
11379331,3
11379978,0
11380176,13
11381288,9
11387191,77
11387473,0
11387731,2
11387925,0
11389328,0
11390263,0
11390265,0
11390786,4
11391101,20
11391284,18
11391457,18
11391476,0
11391541,3
11391713,3
11391811,0
11391863,15
11391896,0
11393199,57
11393822,1
11394189,45
11394389,32
11394722,0
11394906,7
11395511,32
11395752,0
11396083,43
11396198,18
11396906,31
11396922,3
11396943,0
11396957,5
11397010,0
11397187,47
11398266,1
11398939,0
11399642,4
11400001,36
11400460,36
11405149,4
11406174,1
11406761,2
11406814,0
11407817,0
11407839,56
11408491,0
11409352,7
11410116,79
11410580,1
11411111,1
11411552,2
11411760,13
11411839,13
11412104,25
11412169,1
11413034,26
11413562,1
11413728,0
11414531,74
11415685,0
11415772,32
11416121,0
11416321,9
11416953,16
11417214,0
11417447,25
11417923,35
11417985,3
11418784,0
11418938,72
11419133,0
11419305,6
11419407,31
11419481,0
11419565,1
11419801,2
11420657,2
11420814,10
11420840,37
11421292,76
11421345,37
11421477,39
11421502,20
11421608,45
11421679,0
11421969,40
11421994,68
11422056,73
11422256,2
11422359,9
11422779,16
11422825,2
11423050,4
11423260,0
11423400,0
11426779,2
11427854,0
11428129,0
11430572,63
11431669,0
11432120,52
11432431,5
11433851,2
11433954,0
11434047,1
11434565,2
11434934,24
11434982,8
11435373,67
11435419,1
11435529,4
11435841,72
11436132,37
11436982,1
11437323,22
11438045,7
11438561,27
11438999,0
11439208,4
11440004,0
11440243,0
11440548,6
11440798,19
11441130,0
11441138,47
11441293,15
11441498,0
11442376,0
11442670,4
11442701,1
11443028,0
11443205,9
11443421,19
11443837,0
11444224,11
11446915,11
11447448,30
11447550,40
11447572,26
11448534,1
11449801,0
11450241,1
11450458,7
11450791,0
11451597,60
11452958,0
11453557,0
11453815,1
11455062,5
11455267,0
11455351,1
11455873,27
11456014,3
11456047,0
11456088,1
11456179,0
11456753,3
11457332,28
11457547,47
11457577,3
11457693,0
11457714,1
11458219,18
11458475,2
11458516,4
11459084,16
11459099,0
11459958,62
11460617,8
11460773,38
11460933,6
11461331,11
11461509,2
11461813,24
11461918,0
11461980,2
11462136,66
11462148,0
11462241,2
11462440,0
11462446,24
11462720,78
11462828,0
11462836,3
11463363,5
11464188,0
11470197,0
11470210,68
11470530,26
11471104,2
11471120,22
11471575,1
11472013,1
11472060,0
11472593,5
11473571,8
11474206,0
11474440,0
11474496,1
11474664,70
11474958,34
11475174,0
11475664,2
11475777,0
11475963,72
11476271,2
11476912,3
11476971,2
11477187,18
11477203,75
11477302,5
11478453,4
11479296,12
11479550,2
11480726,5
11480835,0
11481357,1
11481544,6
11481548,30
11481656,34
11481723,1
11481822,1
11483117,2
11483376,43
11486357,4
11487102,1
11488475,23
11489613,17
11490330,0
11491051,0
11491092,2
11492508,16
11494114,32
11494226,1
11494510,0
11495048,3
11495797,10
11496387,0
11496584,23
11496607,59
11496968,60
11497341,44
11497449,17
11497469,0
11497474,9
11497677,0
11497760,0
11497795,4
11497826,15
11497855,3
11497883,0
11497938,30
11497996,0
11498017,5
11499224,4
11499514,0
11502010,17
11505351,0
11506248,8
11506960,0
11507286,1
11507817,51
11507900,2
11508105,12
11508499,23
11508642,69
11509497,1
11510417,26
11510483,44
11510524,5
11510624,0
11511154,3
11511197,4
11511431,38
11511507,10
11511592,7
11511603,60
11511643,9
11512267,0
11512366,11
11512404,3
11512622,5
11513249,4
11514229,10
11514943,6
11517530,6
11518206,9
11518834,67
11519438,8
11521111,0
11521447,70
11524437,9
11524783,6
11525495,5
11525851,3
11525940,1
11526771,0
11526816,0
11527477,0
11529467,5
11529598,48
11529701,32
11529770,8
11529778,78
11530592,3
11530668,9
11530851,78
11531130,0
11531134,5
11531322,11
11531338,0
11531356,0
11531434,2
11531570,0
11531708,2
11532045,14
11532391,0
11532526,3
11532531,22
11533402,0
11533501,56
11533760,5
11534035,53
11534543,5
11535351,63
11540867,14
11543031,1
11543818,1
11544234,1
11544408,32
11544438,59
11544737,0
11545979,25
11546021,35
11546119,10
11546336,2
11546520,1
11547352,0
11547379,28
11547400,17
11547596,0
11547640,57
11547967,39
11548043,0
11548429,12
11548744,5
11549061,2
11549213,0
11550670,26
11550967,3
11551271,1
11552402,75
11552627,3
11552651,22
11552717,2
11552808,37
11552907,6
11553357,12
11553359,0
11553403,23
11553451,0
11553484,57
11553543,33
11553749,5
11553908,0
11554076,0
11554091,31
11554113,25
11554172,0
11554224,2
11554428,2
11554894,37
11554990,1
11555360,13
11555593,22
11555646,0
11556043,0
11556421,0
11559698,7
11561228,6
11561251,52
11562827,1
11563472,18
11563484,0
11563582,0
11564228,3
11564448,0
11564742,29
11564960,0
11565062,0
11565272,14
11565394,2
11565841,12
11565921,18
11566457,0
11566577,38
11566601,0
11567620,3
11567648,0
11567964,1
11567978,84
11568026,4
11568039,0
11568343,1
11568637,71
11568937,2
11568987,79
11569226,61
11569354,2
11569560,3
11569882,2
11570121,0
11570148,0
11570191,0
11570685,64
11571119,61
11571180,0
11571416,52
11571525,16
11571619,0
11571841,52
11572181,74
11572529,70
11572967,40
11573090,2
11573143,0
11573155,12
11573249,0
11573269,6
11573316,2
11573695,0
11573939,18
11574057,0
11574461,57
11574674,61
11574679,0
11574785,52
11574884,32
11575767,40
11580884,1
11581423,3
11581475,0
11582733,24
11582842,3
11583591,59
11583798,9
11584182,9
11584344,26
11584535,46
11584823,0
11585072,0
11585163,16
11585636,39
11585740,4
11585873,1
11586599,1
11587722,31
11587779,3
11587800,0
11588003,1
11588098,2
11588250,77
11588364,0
11588746,2
11589448,9
11589713,0
11589772,9
11589822,4
11590013,2
11590585,5
11590855,0
11591118,6
11591141,0
11591276,0
11591283,21
11591497,1
11591546,70
11591700,30
11591798,74
11591840,78
11591921,24
11591983,0
11592367,12
11592831,59
11592893,0
11593012,53
11593187,56
11593290,1
11593514,0
11593690,21
11593727,63
11594063,4
11595466,9
11597942,2
11598370,0
11598905,0
11600477,1
11601086,0
11601567,3
11601634,29
11601695,9
11602485,0
11602574,8
11603201,2
11603328,0
11603588,67
11603613,2
11603642,2
11603903,19
11605696,33
11605983,12
11606320,0
11606898,16
11607591,12
11607729,59
11607764,0
11608343,30
11608528,0
11608984,0
11610197,1
11610260,10
11610570,2
11610853,4
11611063,1
11611213,61
11611273,0
11611809,1
11611999,38
11616521,0
11616592,59
11617720,4
11617815,37
11617817,0
11618854,59
11619028,0
11619103,30
11619278,25
11619483,1
11619832,50
11620137,16
11620335,2
11620541,5
11620688,23
11620706,12
11620931,1
11621452,82
11622588,1
11622703,32
11623281,18
11623480,0
11624287,52
11624657,12
11624694,81
11624922,0
11625244,66
11625274,16
11625684,68
11625822,2
11625980,8
11626139,46
11626620,0
11626697,1
11627479,5
11630834,0
11631639,1
11632742,0
11633183,4
11633413,6
11633999,15
11634140,65
11634797,6
11635265,0
11635505,24
11635760,7
11635764,2
11635791,8
11636784,43
11637131,1
11637245,0
11637669,57
11637733,6
11638070,11
11638187,0
11638339,0
11638534,3
11638577,80
11638693,10
11638727,5
11639109,3
11639708,1
11639754,1
11639940,2
11640318,2
11640637,8
11640682,0
11640800,3
11640894,2
11640978,0
11641041,73
11641222,1
11641258,12
11641273,1
11641793,2
11642165,2
11642198,59
11642973,0
11643472,32
11643809,7
11646243,46
11646875,19
11647383,5
11647490,2
11647618,71
11647648,60
11647692,72
11647799,0
11648163,68
11648365,1
11649096,39
11649217,2
11649561,6
11649885,3
11649961,3
11650429,33
11650504,0
11650735,1
11651142,24
11651505,71
11651528,0
11651929,4
11652232,55
11652262,7
11652282,0
11652590,8
11652843,0
11654370,2
11654372,0
11654477,0
11655500,27
11656227,0
11656367,1
11656393,11
11656567,0
11656721,1
11657101,25
11657418,16
11657426,1
11657520,25
11657552,4
11658232,4
11658358,5
11658372,0
11658539,0
11658608,3
11658674,47
11658678,0
11658855,1
11658885,53
11658950,2
11659175,68
11659180,39
11659218,1
11659296,25
11659603,10
11659676,51
11659792,2
11660835,7
11661839,0
11665165,12
11667127,7
11667455,2
11667910,52
11669704,50
11669852,28
11669908,46
11670701,44
11672849,23
11672888,12
11673320,20
11673451,2
11673544,3
11673719,67
11674081,20
11674858,5
11675156,0
11675341,19
11675540,5
11675634,11
11675715,60
11675817,7
11676726,0
11676920,46
11676953,10
11676973,64
11677431,7
11677489,29
11677499,6
11678073,1
11678148,3
11678410,35
11678620,0
11679032,75
11679128,46
11679758,0
11681311,15
11685868,37
11687348,61
11687703,11
11688507,0
11688806,7
11689494,48
11689603,24
11689818,5
11690405,0
11690836,0
11691154,22
11691166,17
11691284,6
11691402,39
11691825,32
11692436,5
11693165,1
11693343,47
11694274,16
11694707,1
11695028,3
11695674,13
11696214,2
11696852,1
11697031,55
11697284,1
11697324,1
11698028,60
11698323,2
11698352,3
11699131,1
11699192,54
11699256,38
11699367,21
11699462,2
11700121,4
11700127,67
11701304,57
11701408,9
11702691,43
11707576,31
11708045,0
11709747,44
11710235,2
11710348,46
11710582,11
11711294,71
11711636,0
11711957,75
11712250,2
11712318,81
11712388,0
11712550,45
11712801,0
11712888,0
11712912,0
11713533,0
11713627,73
11713659,0
11713848,40
11714140,0
11714323,41
11714524,42
11714956,7
11715723,1
11716677,22
11716947,8
11718329,0
11718547,49
11719769,2
11719771,1
11719939,10
11720348,0
11720909,73
11721748,3
11721959,5
11722329,2
11723385,6
11724036,9
11724873,67
11729955,1
11730187,79
11730569,0
11731412,6
11731896,1
11732377,0
11732851,36
11733119,0
11733156,0
11733179,2
11733555,0
11733721,22
11733833,5
11733844,2
11736177,2
11737524,77
11739399,7
11740742,37
11740802,72
11741711,13
11742244,4
11742329,4
11742527,28
11742689,3
11743257,21
11743278,67
11743826,2
11744004,75
11749623,0
11750599,3
11751006,1
11751470,22
11751521,2
11751916,1
11751951,3
11753066,0
11753199,10
11753237,0
11753579,37
11753645,37
11754084,19
11754131,1
11754563,0
11754686,0
11755010,8
11755946,11
11756349,41
11757587,3
11757792,1
11758562,40
11759044,0
11759202,4
11759457,8
11760186,34
11761002,63
11761373,10
11765880,0
11766492,54
11766670,25
11767697,3
11768657,0
11768746,0
11768873,3
11769396,5
11769983,5
11771293,0
11771422,0
11771515,10
11772890,0
11774332,4
11774793,1
11775342,0
11775483,70
11775601,1
11775730,0
11775838,16
11776117,1
11776141,9
11776931,1
11777182,64
11777797,4
11778465,5
11778570,0
11784410,28
11784650,0
11786452,1
11786894,1
11786930,18
11787014,11
11787290,10
11787813,0
11788075,3
11788542,6
11788559,21
11789014,11
11789224,0
11789422,18
11789696,1
11790536,58
11790749,1
11791225,9
11791673,30
11791968,62
11793542,0
11793601,10
11794695,1
11795407,9
11795579,1
11796068,27
11796761,13
11798095,0
11798398,33
11798590,3
11798782,8
11798956,6
11798983,1
11799819,1
11800120,70
11800658,0
11800723,4
11800886,0
11801018,19
11801105,0
11801772,0
11801825,0
11802158,1
11802367,58
11802539,3
11804245,15
11804381,5
11804400,6
11807243,5
11808073,68
11811342,0
11812076,71
11812649,50
11812819,37
11813229,0
11813543,33
11813695,1
11814079,45
11814184,2
11815686,1
11816370,13
11816814,28
11816864,29
11816944,0
11817037,11
11817305,12
11818015,0
11818137,73
11818197,11
11818542,74
11818728,43
11819422,4
11820877,3
11821119,1
11821352,16
11821371,2
11821404,53
11821421,21
11821428,73
11822115,0
11822193,0
11824236,81
11824245,62
11824915,79
11825145,1
11825529,74
11825702,0
11825759,7
11825771,0
11826123,0
11826442,36
11826465,2
11826602,14
11826853,2
11827175,9
11827224,1
11828091,60
11828207,10
11828473,0
11829322,2
11829328,6
11829628,0
11830682,3
11838349,44
11839615,0
11839633,44
11840771,60
11841163,4
11841335,1
11841449,65
11841988,2
11842200,70
11842300,1
11843935,2
11844556,41
11844833,2
11844839,15
11845193,0
11847204,12
11847369,20
11847762,36
11847891,36
11847989,18
11848146,48
11848926,3
11848985,37
11850012,4
11850106,18
11850262,0
11850334,1
11850410,22
11850448,3
11850502,24
11850771,9
11850782,33
11850865,0
11851186,0
11851560,48
11851653,4
11851715,23
11852071,3
11852768,47
11858047,12
11858737,0
11859900,0
11859901,7
11860589,0
11860672,49
11860918,27
11861329,1
11861360,4
11861696,1
11862330,4
11862411,36
11862690,0
11863794,0
11864042,1
11864066,5
11864922,2
11865196,67
11865398,12
11866434,0
11867104,3
11867112,73
11867277,65
11868177,0
11868703,3
11868730,77
11869365,27
11869735,0
11869989,28
11870183,3
11871539,0
11871645,49
11871646,2
11871836,37
11871993,73
11872222,1
11872316,8
11872357,1
11872558,0
11872643,9
11873075,14
11873575,2
11874080,0
11875118,81
11880126,9
11880675,4
11880867,39
11881719,5
11882026,3
11883388,0
11884317,50
11884931,38
11885997,1
11888277,1
11890279,37
11890343,82
11890537,82
11890794,48
11890882,5
11891164,31
11891181,1
11891268,5
11891358,3
11891606,39
11891831,42
11891901,0
11892023,1
11892476,9
11892986,24
11893359,39
11893613,1
11893817,7
11895700,2
11896016,1
11899574,3
11903589,2
11904345,67
11904610,60
11904802,0
11904821,2
11905003,4
11905035,2
11905635,30
11906184,68
11906376,7
11906584,5
11907019,59
11907285,10
11908036,0
11908538,35
11909028,72
11909308,77
11909349,0
11909622,0
11909668,74
11909798,0
11910225,1
11910257,0
11910586,31
11910984,2
11911381,0
11911486,11
11911820,13
11911879,43
11917067,0
11918530,9
11918575,3
11919385,0
11919593,9
11919920,2
11920151,24
11920660,25
11921650,0
11922580,74
11923036,2
11924022,1
11924595,2
11924804,0
11924943,8
11925257,21
11925501,0
11925767,66
11926111,1
11926477,16
11927300,5
11927793,6
11928980,0
11929230,0
11929908,10
11933088,1
11933676,62
11935301,22
11937039,29
11937618,69
11937647,2
11937764,71
11939213,19
11940204,6
11940527,11
11941183,18
11942185,0
11943649,3
11943700,0
11943758,0
11943834,46
11944384,17
11944641,7
11944668,61
11945851,1
11946206,9
11946219,39
11947316,4
11947651,10
11947686,0
11947855,74
11949632,1
11949712,23
11950107,16
11950302,13
11950973,5
11953072,1
11954872,7
11960101,3
11961344,0
11962284,0
11962712,62
11964132,3
11964327,2
11964592,1
11964607,13
11966139,57
11966838,20
11966874,7
11967620,6
11967963,39
11968539,27
11968958,9
11969329,1
11969336,10
11970048,4
11970212,49
11970285,32
11971016,50
11971023,54
11971078,45
11971405,40
11971778,0
11971986,8
11972141,5
11972321,64
11972356,2
11972950,0
11973003,22
11973178,54
11973328,1
11973611,3
11978602,0
11980373,6
11980390,28
11981145,2
11981360,3
11981665,1
11982174,28
11983581,56
11984206,9
11985355,0
11987038,0
11987197,1
11987376,1
11988689,25
11989606,59
11991044,37
11991081,56
11992103,64
11992348,10
11992387,1
11992626,0
11992839,63
11993790,70
11999777,45
12000515,27
12000617,28
12000983,31
12001000,58
12001101,57
12001233,5
12001695,12
12002291,1
12002943,7
12003009,59
12003542,0
12003600,0
12004008,17
12004408,15
12004744,1
12005195,39
12005978,2
12006287,7
12007517,24
12008897,11
12009001,2
12009678,24
12009779,19
12009821,30
12009985,38
12010980,6
12017589,4
12017677,0
12017780,33
12018095,4
12018612,19
12020077,0
12020225,0
12020688,44
12020835,33
12022098,65
12022746,2
12022833,4
12023054,7
12023424,8
12023576,18
12023792,9
12024663,2
12025076,50
12025168,51
12025968,74
12026175,2
12026305,9
12026418,31
12026686,74
12027198,70
12027413,31
12027963,83
12028198,34
12028495,1
12028753,67
12033408,45
12034608,57
12034640,10
12034848,12
12035657,71
12037003,25
12037304,3
12037554,74
12038181,1
12038270,0
12038468,5
12039383,19
12039579,5
12040933,50
12042253,25
12042353,4
12042866,11
12043311,14
12043534,5
12043641,56
12043694,17
12044303,18
12048637,37
12050280,0
12050897,6
12050932,4
12050938,2
12052721,0
12053105,25
12053427,59
12054152,81
12054259,1
12054516,50
12055395,1
12055738,17
12056095,43
12056132,18
12056517,1
12056684,60
12056851,0
12057444,53
12057450,24
12060119,3
12062027,22
12062331,0
12062599,4
12062827,1
12063331,5
12063562,29
12063968,23
12066474,1
12067155,0
12068031,27
12069170,5
12069655,14
12069877,12
12070541,6
12070890,3
12071282,82
12071454,31
12071650,9
12071735,0
12072069,55
12072266,23
12073240,0
12074125,54
12077177,5
12078123,4
12079099,6
12079942,23
12079993,45
12081492,33
12082111,6
12082184,0
12082561,20
12082737,0
12082781,27
12082855,7
12083640,5
12083942,10
12084976,14
12085498,0
12086351,3
12086527,0
12086603,3
12086852,0
12087785,14
12087945,22
12088526,14
12088888,78
12089463,0
12089661,1
12089692,63
12089972,20
12090468,72
12090903,7
12091820,39
12091900,0
12092445,0
12092786,11
12092816,1
12092894,20
12092938,1
12092981,72
12093078,46
12093499,3
12093559,12
12094242,1
12094765,0
12095084,1
12095636,34
12099115,0
12103284,1
12106772,0
12106836,1
12106946,47
12106963,19
12107027,0
12107534,51
12108140,22
12109853,0
12110777,13
12112284,7
12112602,0
12112808,0
12113015,76
12113077,1
12113232,2
12113235,71
12113489,17
12114017,76
12114228,42
12114304,19
12114319,17
12114511,31
12114628,17
12114756,1
12114810,72
12116392,0
12123648,7
12124356,18
12124848,0
12125142,7
12125285,1
12125830,0
12125920,54
12126104,7
12126359,24
12126363,29
12126789,24
12129472,19
12129822,2
12130093,11
12131310,3
12132030,9
12132126,21
12132772,29
12133168,7
12134113,48
12134652,67
12134654,0
12134914,26
12135387,2
12135856,4
12135895,3
12136917,8
12137113,8
12137645,0
12142921,78
12144168,33
12145787,8
12146317,67
12146707,9
12146964,2
12147982,4
12149019,1
12150471,49
12151638,20
12152452,7
12153338,14
12153489,72
12153508,3
12153709,0
12153900,8
12155544,6
12156007,0
12156452,28
12156475,18
12157468,0
12158013,22
12158649,0
12158766,73
12159172,21
12163560,13
12165437,2
12166451,1
12166896,11
12167268,27
12167819,48
12167857,16
12168087,33
12168212,23
12169731,34
12170304,7
12171671,80
12172054,16
12172102,1
12172121,47
12172890,0
12173205,71
12173233,47
12174524,16
12175636,1
12176140,0
12176285,2
12176725,4
12180383,0
12181485,55
12182560,0
12183916,40
12184956,9
12185223,0
12185225,50
12185578,3
12185843,0
12186007,20
12186034,3
12186615,40
12187068,1
12187513,48
12188122,37
12188184,16
12188651,34
12188908,16
12189021,6
12189059,0
12189997,70
12190337,29
12190607,0
12190921,4
12191643,1
12194513,0
12196647,1
12197263,2
12197272,5
12198481,15
12199008,1
12199236,8
12199977,38
12201917,71
12202511,13
12202839,7
12205604,60
12206029,5
12206323,39
12206339,28
12206831,1
12207062,0
12207964,74
12208061,24
12208341,1
12208842,27
12208970,76
12209447,2
12210198,12
12210323,23
12210448,65
12210616,0
12210920,2
12211018,16
12211085,1
12211168,0
12211917,1
12218763,38
12221270,24
12221970,20
12223738,39
12225321,41
12225802,10
12227135,22
12227784,71
12228023,0
12230921,10
12231160,37
12231185,5
12231534,71
12231662,47
12232392,77
12232580,0
12232858,68
12233808,14
12242672,0
12243367,2
12243598,29
12245236,30
12245694,13
12247584,2
12247913,11
12248870,69
12249461,3
12249574,35
12251517,0
12252271,6
12252375,4
12252504,0
12252956,0
12253338,1
12253343,76
12254895,0
12256716,0
12261352,0
12265503,2
12267599,52
12270481,4
12270664,8
12271089,1
12272376,0
12285217,20
