Property[Q3]_test,Pred
795,0.0
2515,53.341717
2595,6.76562
5099,37.071537
5107,23.652822
5110,2.7488298
5136,5.7855563
5178,82.50964
5270,75.54202
5441,34.12326
5552,21.591585
5754,0.5589032
5803,50.317127
5857,42.51477
5945,8.146636
6111,0.0
6365,67.74196
6476,6.303342
6848,41.143536
7097,36.27179
7258,8.224177
8024,16.160757
8025,4.928213
8258,23.569902
8293,65.88932
8343,9.231079
8371,7.8005824
8477,1.9613266
8490,9.799229
9518,56.633617
9668,71.2519
9704,52.160248
9782,80.470535
9896,9.324583
9972,1.3851988
10423,72.48629
10767,4.6501365
10962,55.537376
10994,33.434963
11174,23.543562
11900,43.119576
11931,0.31900674
12048,82.39263
12192,73.47306
12303,11.060168
12382,71.02334
12543,15.220311
12579,2.6355066
12596,15.336593
12622,0.55678344
13050,51.940792
13076,4.884643
13414,33.657753
13488,75.24255
13910,0.23601283
13974,17.736494
14287,6.797363
14374,70.83627
14377,45.630215
14434,7.8398113
14435,2.5829134
14694,2.1436849
14699,3.773034
14983,0.0
14991,2.0776885
15049,17.93326
15220,64.45675
15338,35.2618
15341,6.888169
15396,11.662146
15491,5.0605187
15880,5.491346
15940,51.21246
15962,42.283276
16008,28.150387
16284,16.14613
16421,80.79662
16422,1.6884453
16486,4.502597
16580,68.03338
16583,4.987707
16595,22.106554
16701,11.820125
16794,51.033573
16949,44.878216
16971,20.24664
16974,64.557884
17037,55.479706
17135,29.229822
17226,0.19241533
17535,44.251923
17669,5.700425
18195,3.4650168
19043,4.2923517
19169,63.924427
19319,28.222075
19601,15.540668
19812,27.339275
20300,0.3929031
20311,13.084065
20611,79.3054
20661,3.7395399
20734,68.134674
20755,9.578843
20913,77.00061
21293,41.574207
21677,32.222847
21794,22.48695
22562,7.328931
22673,7.5324087
23269,45.186146
23481,55.83019
23501,10.70214
23586,14.927096
23606,0.0
23628,0.850513
23844,8.533573
24189,23.286898
24215,56.092514
24261,17.354254
24281,61.655136
24285,53.036755
24686,6.2465444
25192,0.0
25235,65.245705
25406,21.87516
25805,42.563385
26012,27.502115
26238,58.647198
26362,65.936615
26520,15.45728
26590,6.545995
26933,5.407803
26954,10.406189
27024,84.239525
27159,83.28118
27403,4.1971426
27531,86.297005
27644,26.672865
27659,8.483384
27759,7.5422673
27883,6.6787157
28055,22.419971
28062,6.77009
28083,3.3927228
28224,51.747944
28342,3.4845161
29012,21.412508
29013,46.179626
29414,48.006355
29455,72.43088
29594,8.382269
29628,71.07803
29683,53.6189
30031,55.374588
30222,73.827675
30255,19.525213
31332,2.1345382
31425,32.329792
31555,17.405258
31998,3.0581691
32023,38.21323
32037,49.765923
32244,32.707317
32291,23.634512
32331,30.503979
32411,3.1802032
32965,61.976948
33009,62.26266
33156,15.491071
33223,86.72747
33263,54.21616
33656,3.0164824
34824,0.0
35548,5.94088
36133,47.341198
36703,12.28609
36934,11.862352
37042,1.1771393
37106,15.668766
37197,41.673405
37214,0.9918501
38663,15.163934
38771,17.264887
38788,2.5733874
38833,65.48552
39267,86.22954
39282,65.00829
39567,52.685173
39586,74.22686
39755,5.0177374
40039,4.2733097
40453,5.1138897
40966,0.9996772
40989,56.588818
41348,61.891846
41679,3.0809894
41959,73.1183
42530,11.371557
42580,83.546646
42882,62.52744
43533,3.5599382
43656,11.205556
43711,7.253393
44096,35.184055
44145,18.123343
44161,77.47936
44288,37.701344
44461,5.724958
44619,53.98332
44973,46.948463
45282,36.778526
45556,57.799633
45637,4.1776123
45689,71.069824
45703,47.54576
45936,23.45571
46544,37.76307
47199,59.25957
47370,1.2110078
47868,0.0
48620,19.27009
48719,12.08045
49048,9.704417
49715,64.734085
50541,9.581071
50623,0.6253401
50726,11.802468
51485,69.3571
52123,21.979383
52251,1.8443612
52757,11.51331
53212,57.67868
53359,2.1209652
53758,10.286802
53843,50.048668
54040,7.0716963
54158,86.00512
54213,2.591945
54453,0.0
54486,82.36277
54544,14.650533
54626,29.88627
54712,3.7549438
54846,18.457247
55371,1.5107896
55467,74.556496
55505,22.918177
55587,14.606869
55668,33.462345
55737,66.08479
55902,41.658234
55959,50.39306
56467,63.07421
56525,11.431992
56612,3.3284729
56859,73.364555
57161,43.509018
57166,4.020485
57468,80.251686
57874,66.94454
57901,4.0510836
58062,5.4247046
58101,74.68199
58286,5.3235607
58294,0.5524766
58364,5.700239
58467,12.253566
58471,0.0
58729,11.912731
59293,0.0
59628,2.1995244
59832,17.55767
60037,8.124213
60084,7.78196
60308,20.251875
60611,67.41929
60666,58.524494
60680,26.79744
61406,0.10703401
61470,11.067103
61492,48.37613
61694,1.3875455
61747,33.785812
61832,7.874485
61869,2.5235806
61887,0.0
62038,0.3283341
62264,8.963668
62427,15.283955
62430,61.923412
62461,73.03918
62787,78.33412
62891,77.56765
62903,8.2924
62925,70.29823
63154,4.9683523
63260,1.4636041
63360,76.273186
63462,50.29257
63565,0.0
63573,6.153536
63588,4.312659
63610,22.36716
63815,14.786006
64000,0.7281836
64277,53.94447
64334,63.383663
64361,34.425285
64627,32.60255
65018,0.84357446
65019,34.102634
65131,8.894903
65255,24.280214
65556,1.1811556
65660,46.47479
65813,0.44248366
65933,29.374178
66008,36.761616
66222,52.93937
66251,14.712695
66275,13.370663
66718,76.69493
66974,11.275805
67145,9.3653
67208,82.00833
67272,30.42457
67445,1.7953376
68099,23.610146
68305,36.627377
68444,24.361813
68716,2.4136748
68735,48.40795
68774,0.0
69137,7.079339
69266,0.25307167
69460,2.8626447
69755,52.972878
70226,66.99693
70279,9.218962
70595,61.48656
70609,53.32627
71483,0.9381745
71507,41.03329
71534,83.50689
71970,0.19211046
71999,0.0
73413,0.6795838
73586,56.250755
74073,0.50994503
74240,28.962982
74333,4.846048
74680,73.307785
75167,5.4276853
75193,8.832632
75612,1.0670301
75727,10.104769
76761,85.4132
77455,14.113608
77799,5.324368
79635,71.894585
79749,0.0
80700,2.7927756
80834,29.219759
80924,22.765148
81526,21.011274
81739,0.6919628
81771,29.709764
82132,36.379463
82525,36.75018
82928,54.694485
83243,78.57389
83474,0.0
83656,13.596975
84010,0.9732309
84480,4.53952
84659,82.477806
85213,2.3683743
85252,61.866486
86215,38.043743
87279,25.130217
87566,2.2502046
87853,82.085754
87987,7.6141996
89205,6.6984015
89621,77.796936
93313,15.324052
93540,4.585765
94005,4.3682265
94477,86.67894
94783,63.187283
95706,5.513749
95883,6.468107
96804,8.700072
97587,10.679157
98259,16.364855
99913,0.7682204
100023,26.281075
100368,34.59508
100433,37.617733
101633,30.71738
102995,40.484722
103311,2.8502114
103555,7.849918
103806,65.28644
104970,1.7889512
105416,4.194181
105469,2.0748081
106363,86.60211
106647,32.977665
107415,18.58656
107690,15.2519865
107799,6.3202276
108175,16.379725
109891,55.6344
110576,11.239275
110739,63.428505
110762,3.262731
110784,3.0678332
111308,5.6904244
112648,0.84927654
113265,66.794716
114353,14.52151
114388,0.0
114940,14.120841
114969,21.63447
115959,12.394978
116940,77.83992
118061,26.255121
118231,17.73036
118266,1.1917247
118267,2.8365088
118430,22.976585
118541,1.2042913
119008,24.034698
121473,29.232323
121687,1.306495
121861,11.389612
123784,38.504517
124777,0.0
125053,22.819208
125163,12.1397
125265,1.029974
126067,8.158612
126443,63.36747
126982,79.58432
128205,3.349509
130632,2.9496136
130731,4.6689706
131747,16.561287
131757,76.72619
131892,5.9486265
131918,0.0
132024,4.047843
133025,62.398884
134387,81.22074
135320,6.3580294
135393,72.55506
135465,63.39011
135706,0.54397666
136398,50.745213
136493,16.804152
136923,42.810295
137303,2.739748
137558,14.059279
137635,57.166935
138968,0.4687888
139207,2.2160587
139624,36.121563
140053,4.869794
140133,54.205196
140195,69.5087
140223,66.882866
140237,68.932274
141154,79.519966
141177,3.0692017
141335,17.968235
141500,44.052765
142069,0.89334637
144148,0.0
145064,5.775741
145988,0.20662701
146808,0.22308771
147004,0.40449336
147586,71.00327
148182,0.0838184
148187,17.159359
148259,33.01755
148568,12.771046
148825,76.13646
149287,2.6957755
150444,2.6243913
150804,6.691814
151916,1.7176869
152259,61.98404
152263,64.90424
152453,8.4553585
152520,15.176694
152783,15.577576
152819,29.038282
152883,78.88557
153309,6.405871
153388,0.0
154934,4.7929587
155296,29.167688
155958,2.7861807
156385,1.1729803
157673,16.461082
158061,11.72654
158290,4.7425103
158901,43.121777
158913,1.3887779
159019,36.7759
159815,4.207323
159913,0.82532066
160824,10.092332
160952,2.7631514
161394,0.63018465
161996,54.516422
162429,7.583697
162565,7.0044317
163627,82.15109
163809,9.16254
165653,11.853181
165824,0.0
165960,68.652916
166006,82.228935
166172,18.350248
166279,8.617906
166809,60.580616
167030,13.352216
168042,4.9572673
168084,16.547962
168775,21.795187
168810,0.6642984
169063,7.6646895
169152,71.41339
169479,3.6165202
169480,53.997326
169532,20.703806
170215,0.38063323
170286,53.211
170441,3.8720875
170847,11.407613
171256,9.206916
171562,23.527922
172445,17.85803
172675,72.98391
172870,52.103607
173072,18.504469
173742,31.405918
174966,42.459965
175069,64.50001
175720,21.727318
175902,6.9355416
176129,23.048504
176653,9.471412
177606,17.014359
177709,14.023976
178491,0.0
178651,0.23687057
178744,5.038753
179234,17.807379
179925,4.69668
180053,5.2492714
180201,0.41731232
180524,1.8041766
180653,23.97449
180822,81.69509
181972,57.338528
182062,50.473827
182069,57.20143
182095,24.876112
182225,0.5250399
182649,82.85688
182727,6.648372
183344,3.606505
183691,0.0
184189,0.0
184638,30.59743
185266,4.678197
185478,53.12141
186305,38.980423
186730,16.987545
186871,0.9012086
187167,1.6067547
187956,25.512194
187979,46.857067
187986,2.518276
188087,55.16377
188146,1.4621848
188622,0.50836974
188803,5.2704487
189135,15.483992
189181,1.7422637
189732,64.08212
190105,38.13113
190542,8.360442
190968,23.222363
191075,16.364655
192263,3.1448524
193105,25.109606
193240,19.811092
193333,6.082949
193853,14.688262
194034,5.2017245
194154,20.01737
194691,3.9042923
195027,7.5058994
195123,39.760174
195240,18.89603
195971,68.18443
195989,73.833565
196100,19.049978
196983,38.30309
197155,37.74019
197253,0.6964314
197389,0.7276395
197390,0.32154715
197753,83.83541
197931,56.87395
197942,77.87147
198028,19.68618
198478,56.03137
199195,39.259274
199425,0.6507314
200059,0.0
200625,0.0
201173,12.767754
203907,32.031925
204065,53.56498
204833,4.314481
204894,9.037431
204959,62.51975
205735,37.489834
205968,8.066394
206316,12.454178
206957,74.61622
207049,15.173713
207249,7.114617
208095,33.936527
208191,45.17961
208499,77.51778
209087,0.054355852
209232,2.9143198
209287,2.8065975
209378,76.67155
210531,0.3613363
211078,79.739624
211152,7.2950945
211974,7.3409867
212109,2.568527
212848,88.91854
213330,27.561693
213447,58.215717
214227,40.462906
214325,63.820156
214474,27.205767
215746,6.4675684
216015,83.741554
216563,8.471637
218224,13.512879
218358,10.133309
218508,64.91454
218793,3.4812617
219066,13.150295
219245,0.7027116
220413,68.260826
220946,75.52604
221097,64.28895
221823,48.621563
222054,8.2075
222304,6.7475276
222340,60.84319
222913,79.62841
223926,39.05241
223930,13.388301
224510,13.153108
224699,4.2304554
225306,58.693302
225354,1.5865097
225887,58.566338
225926,18.383827
226700,9.086751
227715,75.87736
227735,15.01677
228132,2.2217937
228517,11.696453
228888,63.587574
229212,40.51456
229367,84.124916
229728,1.2119851
229874,1.8014257
230194,58.375557
230321,6.7714615
230449,7.0857606
230854,86.82403
230956,15.922386
231145,63.919735
232084,5.446491
232331,11.12114
232564,3.1051211
232618,56.535786
232706,0.0
232866,10.374964
232894,12.08689
233189,47.218124
233963,70.536705
233979,11.629913
234034,20.580969
234184,33.65137
234730,0.24212375
234909,73.60844
234990,52.674225
235552,27.442703
235595,12.024202
235666,17.528713
235951,42.83171
235960,40.650913
236671,44.25905
236788,42.660465
236806,0.7641972
236811,45.761105
237734,16.86806
238208,46.032974
238746,6.746722
238814,61.244
239410,4.7151113
239733,10.45785
239934,59.909267
240314,78.861374
240709,8.083981
241021,8.45701
241140,6.7524285
241862,1.4861938
241969,2.8638146
242479,36.207005
242532,16.786274
242585,20.043467
242643,20.673416
242768,62.675552
242789,87.477875
243229,13.137271
243352,46.99772
243700,3.0256186
243714,6.178317
245175,24.914145
245430,11.553271
245504,78.8643
245544,53.3735
245607,10.820709
246134,8.647325
246434,3.5151556
246896,3.0080428
246938,82.35445
247756,0.08876349
247890,12.131504
248029,27.839088
248713,10.479778
248865,4.8743978
248871,55.157448
248966,4.919847
249582,0.38847172
249626,0.9198443
249867,4.237235
250369,16.481665
250420,0.4814358
250536,4.232709
250619,68.7433
250973,70.02204
251056,0.8416682
251262,77.02397
251277,34.612034
252076,66.736
252607,6.4175386
253332,9.897715
253466,5.283328
253471,0.41716844
253537,58.027798
253612,11.005426
253623,9.005851
253800,6.3875923
253803,3.0838797
253811,2.9541056
253839,1.3294191
253846,1.8327793
253956,31.509977
254168,2.712525
255487,18.369635
255601,83.852234
255650,0.9361737
255672,9.953148
255957,1.9183248
256153,70.19318
256467,0.0
257568,20.714441
257802,1.2273207
258284,75.810814
258397,44.547245
258412,67.42106
258774,34.371902
258865,35.822144
259887,15.34592
260004,34.68335
260407,43.529358
260618,67.742874
260672,11.275065
260732,0.0
260755,0.3875022
261259,0.09057343
261366,0.0
261491,30.82728
261781,5.5347543
261869,66.884476
262343,23.096079
262583,49.194977
263360,68.61381
263502,1.1499842
263776,29.64736
264083,47.89713
264323,66.06495
265145,0.45003256
265626,15.785536
265831,5.421789
266492,0.0
267294,14.642268
267376,0.46272856
267425,58.17987
267490,6.6815047
267553,1.8049093
267652,6.3713937
267663,13.371139
268281,25.996288
268392,15.76035
268449,2.780989
268481,0.7292916
268549,57.940304
268868,33.73126
269134,4.3236313
269208,26.908
269215,10.976706
269283,25.612146
269327,4.294436
269337,19.978233
269404,0.49465308
270165,6.3745403
270226,4.37758
270681,1.083596
270776,0.0
270929,17.896643
271083,70.31109
271130,28.811186
271279,40.675594
271510,0.0
271694,0.09001989
271954,49.893085
272026,16.408579
272146,0.0
272473,0.07022986
272738,8.993057
273895,0.0
274085,32.879955
274127,6.1708264
274270,23.07418
274376,3.4165053
274743,0.8207984
274946,0.0
275271,76.454056
275443,0.21486774
276014,21.377033
276120,81.89107
276491,4.4975095
276734,0.47047675
277128,3.7400303
277133,1.9978406
277313,5.002416
277372,17.124966
277883,8.963378
278151,49.26134
278631,0.0
279102,0.0
279857,37.670288
280393,5.7667646
280419,2.0206406
280477,10.279592
280480,9.106505
280688,32.26256
281067,66.348
281097,0.7907089
281143,6.8338647
281192,12.006329
281220,47.14551
281238,22.621567
281521,0.44502124
281690,1.8202233
281703,2.857656
281851,45.337337
282443,30.803234
282856,4.847411
282863,34.706013
283194,16.205263
283272,11.58221
283550,2.5184312
284095,0.0
284096,78.53991
284866,65.20675
284973,0.5206899
285344,31.608732
285442,0.35863242
285469,10.932709
285492,10.209099
285853,24.130259
286134,4.701628
286662,68.3448
286747,0.0
286838,2.9697282
287272,28.68508
287338,0.0
287481,33.485268
287523,2.0746617
287814,41.212116
287845,21.242685
287908,1.3733243
288043,35.15263
288077,11.186708
288224,0.24912375
288726,26.539303
288930,0.5594813
289020,13.467492
289288,41.874752
289576,2.1263187
289665,67.27652
289995,30.872496
290193,6.1253037
291017,0.3384073
291051,0.0
291468,80.92563
291622,0.6722966
291673,0.90210396
291682,0.0
291714,15.628979
291825,64.48845
292047,53.08573
292266,7.244056
292281,0.0
292314,19.430151
292585,17.3215
292800,39.121887
292973,47.74064
293328,6.5004435
293724,3.5451427
293973,0.47277838
294239,5.800114
294250,33.605072
294280,2.775372
294490,6.7644806
295279,11.506042
295366,13.350311
295485,0.0
295998,28.33116
296345,49.50609
296361,55.02391
296717,4.1075344
296854,0.6551229
298202,42.995674
298782,65.8122
298788,27.688877
298854,0.0
298920,87.48328
299078,70.02992
299778,15.014096
300062,48.400806
300140,80.77424
300162,4.5736403
300668,0.0
300976,0.349874
302057,64.84656
302758,3.2254772
303462,0.8583499
303725,15.649356
303851,37.748173
304634,32.06613
305211,79.686874
305554,53.935444
305670,29.990137
306190,63.328625
306576,64.50728
306798,49.27741
307264,2.765707
307344,56.50157
307729,0.6271434
308241,21.462193
308823,0.0
309354,0.0
310152,0.23453805
310272,38.99393
310338,17.515152
310420,6.7215304
311142,5.256033
311356,61.253117
311965,83.71826
312104,20.690233
312429,25.258387
312664,31.219696
313093,4.6756215
314407,1.0891601
314442,0.0
314456,3.5378785
315421,1.154738
315711,9.802518
316079,41.067196
316925,0.0
317131,6.1923785
317192,13.90542
317662,32.449074
317838,37.426365
317938,25.77567
318187,11.686068
319790,8.375779
319844,14.946114
320524,0.39942494
320876,70.70613
321014,4.554906
322923,17.891174
322974,63.08057
322982,42.576572
323059,55.181
323512,9.204579
323706,35.141617
323994,0.0
324000,2.973403
324517,55.45581
326908,64.69002
326946,32.033386
326956,27.22987
327778,0.0
328040,1.2142428
328693,53.02376
328744,8.336503
328798,35.360863
329385,11.602352
329933,0.79834443
330347,0.0
331986,23.593313
332525,1.6621096
332740,33.904346
334714,11.166106
334724,66.082085
335778,9.707696
335797,51.405243
335820,55.339462
336085,4.137473
336449,3.8710718
336756,30.884325
337468,7.819321
337922,2.8978415
338706,3.410442
339386,0.07418751
339451,9.789517
340082,0.096183226
340365,0.59127545
341314,0.0
341982,7.960862
342027,7.1513467
342995,17.892752
343119,66.102585
343273,0.18189487
343971,61.974606
344068,0.0
344092,27.16178
346527,15.992863
346805,9.88086
347360,2.1510432
348753,34.498245
348862,37.76227
350435,10.847651
350525,35.735855
351859,13.308942
352651,8.583555
352938,19.468174
352990,9.232931
353801,22.634113
354514,77.82239
355224,67.9518
355563,4.2371497
356712,1.1668862
357224,0.0
357509,24.941545
358565,83.46986
361811,19.875483
362813,0.563962
364043,78.58038
364275,33.427975
365227,57.41909
365439,0.30783978
366519,25.076088
367516,0.3828649
367810,5.2419095
369411,86.1105
369626,28.314833
369671,20.698942
370288,3.4312236
371138,0.2725997
371594,1.0788382
371835,1.5227687
372843,50.834423
373783,0.7267683
375076,3.0807183
375136,84.15003
375249,6.4295306
378846,4.674611
379002,1.5516037
379326,67.59791
380416,17.13338
380730,25.208185
380923,4.7643056
382524,1.0758735
384379,0.0
385326,63.90054
385632,0.0072673606
385657,2.6053178
385824,33.271053
386507,2.6486413
386744,69.46988
386799,19.554464
387377,34.137054
387410,0.40928864
387898,4.7358394
389050,37.879726
389482,14.442069
391948,6.758967
392549,16.05231
392794,55.97844
394076,12.564114
394111,10.620893
394292,17.339474
394395,24.00438
394474,87.159294
394529,3.0110273
395613,19.535938
396780,0.0
397034,0.0
397420,59.26685
398682,57.819187
399640,6.4788456
399946,56.486427
400039,67.14668
400546,80.18381
401022,0.0
401039,75.40537
401553,2.4552147
402201,82.35265
402273,50.903694
403068,58.11278
404923,81.86881
405408,61.972248
406926,55.30974
406992,4.817589
408133,37.1469
408143,0.28614536
408491,0.60786295
408983,24.560091
409293,46.742085
409734,29.245073
410249,6.249878
410694,36.69497
410704,6.379217
411336,62.941917
411525,17.937712
411918,66.8112
412061,54.58185
412092,46.24057
412180,3.6070073
413528,0.34481424
413605,37.662323
413709,54.874344
413721,4.219269
413775,0.0
413815,10.459054
414553,2.4286633
414801,38.74797
416108,0.6886292
416426,7.5555367
416557,17.963247
417064,49.28671
417710,16.847807
419678,0.0
420001,13.942003
420010,3.1246185
421554,49.542038
422877,30.16664
423015,56.132763
423818,42.11605
424192,9.976288
424298,39.449875
424744,62.60253
424870,37.84774
426008,13.547228
426044,69.02529
426491,3.8208978
428180,84.49552
429504,0.0
430615,1.5672672
430920,0.2585658
431330,53.509304
431344,2.0732877
432090,57.343727
432858,8.636654
432870,1.7431136
432897,20.789993
432950,56.167976
433060,78.929016
433267,53.64597
433914,48.570454
434792,44.512047
435579,34.338528
435946,71.713066
436510,6.1822753
436780,10.357995
436912,15.995147
437906,1.2338525
438513,44.825153
438773,7.8437233
439750,12.678599
439955,0.96226704
440171,11.903147
444430,26.82958
445377,61.679638
445437,26.794378
446367,13.254965
447766,0.0
447875,1.4587215
448048,22.245407
448049,60.914425
448603,18.590218
449034,66.11161
450009,75.9275
450011,7.356687
450492,4.4684367
450530,8.894412
450699,2.6726322
450769,0.5775036
450905,0.5609867
451381,0.0
451626,3.660441
452068,0.8494884
452728,29.759926
452824,0.9977517
453099,5.5854425
453161,7.0595946
453255,4.2461114
453449,3.7351742
453922,73.91837
454188,0.5954627
454763,12.956402
454961,7.480095
455743,33.232765
455947,56.498695
456190,83.34005
456280,79.96501
456457,6.848119
457829,74.143105
458134,49.77575
459319,3.2074418
459810,1.9255412
461338,40.268955
461480,9.425901
462385,6.499533
462986,38.974827
463833,4.0285063
465267,11.027397
465407,12.605689
465803,0.0
466395,18.93971
466402,1.6665299
466457,65.62079
467302,51.131676
467634,77.55619
467866,43.336018
468613,0.0
469806,2.9115465
470061,46.171207
470370,23.270952
470591,27.153688
471562,78.408615
471712,71.05972
471758,1.2876061
471845,0.0
472376,2.422856
472673,3.6985266
473035,5.871285
473592,41.132236
474090,17.841093
474261,49.423187
474694,67.76333
475456,0.009573946
475472,54.256382
476260,6.976079
476841,48.004528
476851,0.9102484
476899,7.0691824
476983,84.018814
478242,19.722324
478385,66.30832
478464,5.032698
478604,3.6879556
478949,0.7402466
479263,10.842853
479285,26.663729
481022,64.15758
482365,13.964124
482802,0.0
482969,13.065674
483485,82.71766
483505,30.650417
484312,22.141277
484722,12.642829
485200,62.50298
486902,19.454258
486915,78.88773
487816,35.73343
488211,47.513615
488309,4.52576
488327,64.35472
489086,40.402496
489276,76.070206
489708,45.502934
489962,45.22458
490989,7.668066
491123,41.185833
491496,25.74411
491891,2.731217
491977,0.0
492785,22.955952
492931,10.106439
492933,12.967481
492977,0.8802909
494191,13.620056
495611,0.31462795
496095,0.0
498038,32.73528
498052,34.35092
498120,0.0
498693,70.28535
498794,4.76399
499274,1.9280814
499683,21.164478
500845,63.27355
501082,54.7447
501541,5.5510197
502108,1.2311132
502309,63.665665
502429,36.47404
503460,9.932034
503529,6.5554466
503722,12.061432
503791,13.291049
504322,9.495455
504362,27.365528
504405,7.8261366
504507,45.385906
505029,17.00115
505315,40.53667
505716,8.859592
506121,85.62569
506280,0.0474866
506403,0.0
506409,3.2680457
506443,3.434525
506527,0.7700043
506571,10.634461
506629,49.153748
507393,68.41895
508080,67.18888
508117,23.563023
508391,20.274872
508583,31.275726
509537,9.165875
509933,0.9139377
509989,30.736528
510264,0.0
510447,28.921783
510543,5.66423
510624,10.301001
511385,3.2591624
511638,33.3291
511733,0.7203677
511911,10.161608
511960,3.7760181
512144,13.124778
512209,29.941051
513327,0.9713356
513688,66.24021
514451,6.7849207
515392,27.180033
515456,4.5609736
515552,30.538328
516461,17.80315
516508,0.42734334
516643,0.56959414
516936,5.0619946
517600,71.77013
518566,0.14615402
518576,27.184895
518960,82.31022
519310,76.10618
519615,6.964641
519805,74.62022
519983,3.6935909
521672,60.685135
521820,0.0
522081,48.529236
522160,25.645287
522240,5.774205
522349,7.7038593
522837,33.027615
524111,60.758526
524114,27.892338
524182,7.68106
524919,75.103226
525120,25.307144
525293,63.19805
525725,0.55863845
526532,5.361945
526887,37.018196
526923,8.690676
527318,5.8148155
527422,78.733536
528251,11.47698
528464,4.6120315
528485,7.7882104
529046,1.8913883
529340,11.062962
530135,71.20627
530576,39.488457
531208,1.4287187
531258,12.736148
531363,5.837683
531486,6.88848
531769,2.779566
532288,58.217003
532323,2.9333363
532398,0.09088138
532641,33.22995
532749,52.651073
533444,13.053468
533731,35.526386
533927,59.205986
534897,14.722669
535095,4.8703423
535119,1.2299597
535129,0.80622536
535352,21.636877
535457,1.0872035
535631,75.15619
535834,19.055637
536578,5.114373
536799,21.277771
536859,3.0470982
537324,57.54592
537337,17.092665
538012,6.840228
538905,0.5200168
539110,0.0
540191,14.827136
541653,4.837163
541725,40.135082
541993,62.592678
542017,0.0
543733,4.492539
543776,1.1058718
543792,75.10815
544039,1.2312589
544256,2.2181787
544324,33.853733
544331,5.382318
544956,0.0
545252,34.746677
545257,64.698814
545296,0.6843346
545597,1.1102134
546383,80.79663
546442,3.6848006
546504,0.58042634
548056,71.105606
550288,1.661573
550809,20.726847
551074,0.645747
552141,44.076977
552502,6.883569
552519,72.293755
553516,34.74126
553565,14.053371
554165,21.970533
554669,1.3302734
555206,28.786442
556874,7.2372007
557098,0.16135108
557356,5.7888727
557865,6.4705873
557902,37.34542
557927,4.118973
558029,6.0449643
559118,5.726687
559505,3.9933083
559811,0.0
559863,4.480115
560097,1.8632181
560231,4.5640693
560287,1.9819912
560867,52.544342
561179,6.9220424
562098,43.08344
562302,18.694511
562449,1.0538442
562479,1.5137405
562524,14.041877
564447,68.14834
564540,0.37629288
564614,14.313513
565531,20.636503
565907,0.02634549
565942,0.5078689
566835,65.92827
566911,7.924141
567281,85.400536
568392,6.0797014
568743,60.812553
568846,14.08973
568933,18.797823
568966,8.360278
569255,27.652277
569651,1.4123849
570363,16.479002
570458,11.590254
570549,7.2958527
571564,77.51048
573671,23.819445
573801,0.0
573815,14.045285
575873,6.2463756
576020,77.36468
576142,1.1969601
576426,8.561678
577824,0.7141171
578239,13.684855
578274,1.8955752
579604,61.477253
579716,69.50283
579817,18.145298
580144,0.24158466
580153,48.35114
580943,31.574642
581180,45.077652
582669,0.11872308
582764,7.925976
583102,8.699423
583159,3.591742
583224,4.9537454
583337,16.97388
584386,39.342903
584428,46.54107
584523,2.2987144
585260,16.042856
585300,8.3097725
585937,49.038357
586640,1.0594074
586983,4.4192753
587077,45.040237
587519,0.0
587554,9.404309
587698,21.81274
588631,38.134495
588677,1.4212408
588919,3.7891645
589708,82.79658
590903,2.2889524
591025,17.389208
591046,20.801908
591112,15.968356
591135,16.052132
591602,0.0
592282,4.2307773
592342,30.259974
592376,6.5272713
592785,19.61569
592831,3.5772047
592853,14.166653
593292,87.70686
593350,12.247088
593642,16.57193
593900,62.28392
593923,46.77305
594020,65.962036
594036,0.7504782
594311,0.89025617
594521,0.2918233
594524,18.642519
594611,3.711858
594639,13.43902
595321,2.852215
596346,0.42662328
596373,78.89334
597584,2.5325723
597624,7.2835927
597668,7.2925286
599847,0.97225624
600129,6.3706064
600434,1.4983168
600626,4.3186464
600877,0.7793176
600891,34.709183
601479,69.18714
602142,0.7620523
602453,16.16573
602603,2.3638327
602729,13.300172
602783,10.463152
602966,0.11216262
605670,25.417719
606386,32.312565
606623,0.44691736
607525,21.746809
607735,47.192646
607891,41.677742
609126,3.9150314
609198,5.052312
609213,3.6539946
609429,1.335325
609559,53.61315
610118,2.6234915
610596,31.625484
611791,1.1780363
613776,58.953968
616290,62.29037
618477,20.665216
618557,18.13543
618836,1.1266894
618916,6.393896
620473,66.60393
620540,19.553951
621220,0.0
621269,0.74932754
622082,5.271225
622541,0.40574226
623852,0.7926816
623962,8.467047
624222,7.1566863
627432,38.9519
627505,64.76829
627835,67.65998
628064,0.0
628100,0.0
628198,7.571986
629000,9.744903
629105,10.96187
629624,0.0
629793,13.581076
629855,3.5922225
629949,42.472195
630620,26.38619
631134,5.9547143
631561,66.10847
632347,81.03623
632692,46.161377
633162,72.61768
633276,55.23917
633969,1.783965
634328,24.987574
635282,67.80846
635842,45.24623
636391,4.680982
636915,0.34680352
638822,39.55978
638894,0.29708764
639199,45.859184
639267,25.685932
640255,60.3741
640910,4.8478117
640990,49.81515
641012,2.4671094
641027,3.2191675
641439,12.951773
641817,23.43573
642070,54.912697
643328,77.007576
643529,3.3084977
643591,7.3507442
643814,1.6225082
643877,4.4415984
643910,57.923878
643948,90.509674
643951,6.9009724
644001,3.9760695
644559,0.0
644575,20.875189
644841,0.7189944
645693,77.47203
645942,17.341202
646298,23.446049
646325,22.40439
646378,20.243666
646453,6.3415866
647656,1.1736109
648246,6.58132
648263,8.505833
650867,5.5580783
651375,44.592922
651438,6.1583805
651475,80.962006
651544,34.22703
651761,4.3854675
654005,21.17317
654232,2.440759
655705,41.742977
656913,9.780994
656975,24.1542
657161,16.42615
657217,85.49133
657243,1.1039929
657727,50.25806
657734,1.9873681
657885,0.0
658008,66.977715
658257,64.52432
658294,52.992275
658932,0.80292255
658963,18.318203
659875,8.44571
659888,64.65963
659952,25.625078
660016,71.89757
660036,24.111193
660542,52.289516
660812,84.772484
661839,3.0844507
661847,69.32642
662298,44.65601
663668,2.9693573
666443,9.363307
667375,18.115068
667432,13.407671
667502,61.070515
668121,45.982166
668382,5.1240764
669774,3.904352
669939,25.067171
670064,76.63317
670212,2.3725054
671022,7.006832
671303,6.5717998
671402,14.473282
671544,2.3423073
671593,40.916878
671633,45.496243
671765,83.23191
672616,0.2639105
673061,7.888429
673107,7.2026587
673152,7.060872
673760,76.394875
674231,0.0
674620,1.4365848
675793,0.0
675817,0.0
675824,33.804684
676752,79.5972
677162,32.546078
678001,0.02672518
678068,25.45443
679756,6.4765396
680104,7.547586
681361,72.56276
681582,30.382477
681599,37.52023
681805,66.65462
681989,38.191376
682027,11.174596
682032,31.046886
682706,9.581085
682996,81.675995
683106,11.9421425
683183,0.0
683821,13.346356
684941,0.61571836
685364,41.2605
685381,3.4132478
685435,5.8970265
686153,80.985886
686384,25.192799
686696,67.32067
687679,1.0791557
687794,13.981851
687845,13.779265
687964,18.701925
688663,6.6276345
689900,15.935774
690643,16.849045
690675,5.732085
690680,0.941176
690960,87.25166
690972,49.05149
691049,32.42487
692657,4.5935163
692736,0.91863054
693479,6.3453736
694374,3.6043591
695216,40.978054
695261,5.9401965
695568,0.07007615
696464,30.314281
696593,0.18257432
697765,7.865785
697923,67.12313
698298,6.27791
698327,4.3172016
698894,2.0301766
699645,61.758503
700317,0.0
700916,63.44766
701363,77.490425
701397,5.486413
702213,28.738064
703125,0.22747257
703971,8.227482
704047,3.0217202
704669,36.5186
704746,0.0
704838,39.97004
705783,22.919378
706347,4.2596645
707302,0.55023754
707358,1.7504573
707387,1.0711848
707443,63.092686
707695,1.9096042
707736,8.87773
708358,41.356453
708374,83.39074
709271,0.7877975
710283,3.6652038
710290,17.883905
711393,3.9416142
711462,4.9917645
711635,48.115147
711881,0.0
712127,20.683006
712136,37.47009
712200,13.255839
712260,23.875723
713616,13.303689
713857,56.253967
714028,8.167498
714939,5.2804155
715073,16.993492
715544,17.52383
715615,64.96581
716350,1.8982986
716433,3.009379
716780,0.19213979
716949,78.7364
717725,3.727641
718761,15.376897
718796,40.883396
719393,3.7788353
719621,26.22947
720221,0.47602728
720242,7.59375
720274,0.45346305
721719,25.087467
722399,0.62724227
723362,36.72393
723457,16.018839
723468,2.8172789
723507,19.241568
723560,61.886417
723786,47.21446
724806,7.1874876
725509,75.169815
726692,3.497
727414,74.19532
727512,12.870811
727835,54.93008
727964,1.971056
728409,69.41033
728493,50.877403
728498,34.06446
728573,0.0
728837,0.23911232
728857,4.6441197
729386,0.0
729678,50.18613
729684,41.311398
729714,23.661978
729740,0.0
729811,19.617952
730634,8.301833
732397,0.0
732700,14.464494
732818,2.9119327
733207,0.5382299
734514,56.17728
736061,46.827427
736187,41.12826
736743,3.2532876
737100,0.117120646
737126,69.535286
737330,4.634761
737356,4.2453485
737500,3.6951525
738008,16.10466
738263,0.0
738283,11.804426
738588,5.9703145
739458,62.530186
739738,0.0
739815,67.28875
739890,11.834117
741154,4.4164753
741345,0.0
741354,10.257728
741456,84.53822
741509,0.0
741740,0.04136012
741783,81.91601
741797,9.621868
741806,25.336914
741862,18.4938
742779,7.3043294
742795,46.404648
743429,5.4571877
743468,11.919339
743549,53.257282
744078,50.11449
744096,10.397377
744227,7.302154
744418,12.61839
744638,13.416856
744913,3.1563046
745037,45.7248
746088,68.75554
746346,80.34112
746362,56.901146
746393,26.325085
747159,64.88926
747316,21.059992
747401,6.8730707
747636,2.2813904
748118,50.054413
748277,32.873695
749362,40.375473
749455,86.49931
749534,13.5003195
749738,29.023853
750946,0.053822234
750984,0.0
751818,53.19966
751851,0.48363987
752150,51.858116
752455,4.1077943
752811,66.86306
753399,7.927955
753687,65.6102
753718,21.95158
753983,23.837132
753991,84.7238
754190,36.555317
754353,6.927107
755032,12.24337
755312,7.21365
755392,4.1889076
755525,5.612376
756611,74.7237
756767,61.06577
756861,1.1283584
756892,1.638601
756924,75.10296
756928,7.164453
756941,5.4708533
757187,14.330867
758782,2.1461022
759181,45.51752
759901,58.841934
760088,9.067606
760556,4.8008184
761835,17.26647
761848,2.6212387
762015,23.438742
762088,8.858305
763546,49.647728
763809,21.600088
763824,78.15231
763833,65.29086
763878,54.05127
763932,31.248182
763962,61.915947
764753,79.31475
765288,0.41725057
765315,58.751755
765335,9.416094
765542,0.395775
765569,19.009825
766228,4.8455143
766814,1.0332392
766915,0.19420111
766948,19.226273
766964,0.38607413
766973,35.01084
767286,5.3016143
767571,80.84859
767771,1.2913076
767797,0.39262205
767969,40.977154
767983,3.7803319
768106,79.65736
768162,33.51721
768797,20.30266
769279,10.057189
769448,83.03416
769740,14.167174
769899,2.3061278
771396,0.44727948
771430,3.5424688
771464,0.98266
771625,20.643675
771647,14.727515
772667,2.9046474
772679,9.329408
773041,59.850365
773259,5.1146474
773813,1.282297
773993,79.26649
774791,41.211105
774899,0.8487708
774948,5.171936
775016,4.004458
775233,0.5277475
775280,58.147606
775311,0.21819487
775447,77.46056
776381,9.693225
776500,45.919605
776820,2.6861372
776845,1.3963572
777097,2.499816
777327,23.411528
778291,0.7830806
778381,9.698317
778390,77.85978
778615,0.0
778968,11.487261
779001,73.29217
779217,57.225716
779607,17.325335
780205,10.824403
780238,0.0
780322,27.593763
781486,79.81954
782063,1.9831088
782681,0.5574924
783307,74.70954
783341,55.22292
783397,2.4877222
783705,82.08532
783818,4.739277
783964,41.19761
784024,39.844353
784169,74.52455
785003,1.2886724
785097,3.9975266
785366,0.68377143
785508,58.980846
785953,15.237568
786105,2.7042632
786481,1.9912859
786696,2.1161258
786843,73.71421
786955,52.803513
786967,13.059013
787567,0.65422916
787593,1.987184
787941,42.04336
787968,2.5029805
787992,17.194164
788683,73.687935
789302,16.728874
789593,41.626865
789596,5.0495534
789686,0.4051887
790018,5.352702
790032,39.211258
790059,84.62482
790074,46.217133
791049,7.4832597
791087,0.23044963
791135,15.417645
791191,61.711212
791223,4.6471505
791541,0.0
792061,1.0431094
792187,25.6433
792251,0.0
792418,11.095556
792457,6.2378364
792609,15.017335
792748,10.924566
792808,0.0
793493,52.087734
793951,19.083569
793986,10.604821
794020,4.2886815
794156,44.81935
794318,11.651447
794362,7.5210133
794413,4.583072
794427,20.375069
794457,24.613834
794496,73.95776
794535,2.2867088
794567,35.11718
795198,23.32894
795752,63.946716
795775,0.51622194
798100,16.484001
798108,0.57792646
798128,5.6963773
798429,82.75875
799319,62.14793
799467,31.967546
799829,63.000584
799836,76.091095
799900,16.483603
800408,6.589407
801058,6.1137424
801370,64.26271
801626,5.705852
802651,16.10986
802677,5.6069994
802983,11.188523
803071,3.0097218
803237,9.458798
803257,22.946783
803267,24.61981
803835,73.54755
804040,0.0
804494,11.90408
804815,19.405907
805218,26.209398
805271,0.0
805405,1.9310231
805411,22.815205
805973,6.483623
806038,66.415565
806205,11.885108
806314,72.67543
808680,0.0
808774,5.9392085
808836,11.71278
808851,69.99447
809567,43.80435
809929,13.00849
810346,8.660592
810431,0.2921748
810681,0.0
810830,23.255472
810867,34.032433
811117,0.0
811198,11.102799
811457,0.64523405
811801,0.3062277
811950,8.275688
812462,17.146526
812467,10.989216
812532,2.7112987
812695,75.99508
812925,15.660391
812938,23.731739
813155,7.5563493
813459,2.8985102
813470,4.4378133
813554,30.701094
813645,9.366909
813736,60.67889
814556,4.069346
814890,2.302933
815045,20.74866
815386,24.085552
815450,0.26292628
815465,75.79313
815637,0.030641671
816503,85.424736
816875,4.2925186
816907,12.448477
817007,22.282274
817188,16.00278
817355,24.298178
817412,6.5192695
818030,30.642036
818084,30.322088
818252,25.164053
818253,15.984807
818259,0.63163537
819228,31.437225
819419,58.82228
819504,0.0
819956,19.29781
819984,7.143471
820070,22.243748
820146,32.172497
820225,1.1842009
820801,0.9789707
821135,41.014782
821252,27.553717
821266,23.711523
821506,9.139731
821584,2.375287
821585,0.0
822119,9.252233
822164,33.972683
822172,3.1427274
822263,47.87108
822266,14.166539
822297,1.0713582
822298,37.81865
823245,2.6317523
823631,19.949429
824163,9.996587
824421,0.0
824515,4.9266815
825129,37.86037
825486,64.89038
825545,33.43218
825550,3.724731
825664,4.472241
826236,1.1592926
826603,26.46872
826642,2.4872103
826990,4.7787914
827796,19.316513
827802,13.640112
828130,18.38891
828218,5.8958473
828553,4.1610117
828685,34.337048
828915,11.172681
829215,6.039134
829935,17.806656
830370,7.447693
830482,44.396755
830949,53.99189
832005,15.340553
832096,75.19606
832157,0.17265746
832281,4.9265003
832810,16.431734
832855,44.20272
832947,66.663185
833860,38.93635
833927,77.43625
834559,0.0
834600,9.362539
834962,0.0
834982,3.0689025
835138,8.973216
835231,55.459026
836411,3.758123
836513,0.0
836519,9.987473
836947,2.3331547
837134,0.6488161
837164,8.164982
837284,1.1085728
837430,2.5889835
837471,36.473015
837503,79.091385
838489,67.86261
838586,4.1987348
838669,75.599686
838974,3.15655
839058,6.363643
839336,90.24291
840118,12.540706
840371,28.964283
840516,57.00888
840616,46.361744
840731,23.3606
840794,7.6740646
840914,0.8074578
841192,2.174104
841211,4.424276
841292,5.0332956
841463,0.7707573
841484,30.2285
841978,2.0556233
842167,14.751433
842176,60.579983
842279,38.23476
842484,16.856915
842740,7.3969607
842973,0.35059613
843003,1.7201395
843033,3.0581107
843472,0.0
843491,40.31112
843499,2.036319
844023,0.42228281
844025,0.3639476
844278,24.085531
845074,0.83213735
845362,0.0
845417,15.524505
845495,6.0816145
845514,84.70421
845669,0.0
845999,1.5729781
846101,2.8668206
846224,1.8594873
846272,0.0
846275,69.963646
846407,0.0
846431,5.8862367
846508,0.0
846671,11.473351
846698,28.524311
846854,51.134014
846857,9.363067
846948,5.665731
847591,0.39771673
848071,22.468134
848174,3.3297036
848220,83.52719
848699,69.64533
848707,21.1568
848722,52.165127
849567,15.479987
849574,15.140084
849703,72.7998
849927,18.595701
850093,24.09326
850097,54.84401
850260,3.9266307
850324,66.38995
850338,75.67659
850359,3.6809986
850388,1.2485528
850943,3.9576316
851366,7.8286495
851952,0.36937854
852483,9.0856285
852709,73.48306
852949,0.0
853263,0.3138544
854095,7.079014
854396,6.282446
854736,23.908997
855150,74.740234
855300,0.12532522
855386,46.062298
855412,13.352676
855462,1.1627452
855542,0.91311014
855549,56.78959
855894,0.91992885
855919,15.665915
855959,8.502056
856386,0.0
856396,7.8267665
856428,8.337711
856440,11.1641445
856976,0.0806596
857941,10.609044
859045,67.63373
859521,7.9261594
859596,16.68007
860401,73.975426
860827,79.978386
860837,65.440926
861561,36.410725
861689,15.230051
861759,7.123828
862890,2.1035137
863199,54.253555
863209,51.756306
864031,5.77664
864271,6.261394
864981,63.30947
865033,79.37567
865992,11.851464
866890,32.283737
867020,47.689434
867694,1.807711
867717,0.6172437
867721,66.19095
867749,6.1645136
867803,25.263231
868966,0.18214928
871030,13.793847
871079,9.714187
871835,3.6518714
872008,61.30882
872069,18.468857
872897,77.81974
872981,0.9661633
873024,48.045296
873373,7.330322
873602,33.993523
873610,0.0
873701,77.65432
874577,0.0
874615,42.046043
874683,12.481968
874706,63.795403
875460,14.922524
875543,1.2974991
876488,54.84101
876792,27.886496
876916,3.9974194
877067,12.4583435
877394,4.850899
877412,4.673988
877431,5.3891163
878525,10.379795
878844,6.2821283
879111,47.973587
879238,1.0651404
879244,8.253361
880424,67.69925
880452,52.676056
880811,3.236393
880870,6.3308945
881159,17.975676
882523,0.96452355
882590,26.256954
883517,15.825265
883919,74.764565
886808,32.36232
886821,8.290294
887129,58.664555
887292,75.02852
887526,26.32208
888127,0.0
888554,8.74079
888583,10.298454
889247,4.2300615
889376,78.02878
890605,5.3029537
890855,2.3418143
892080,18.692158
892210,1.9635507
893556,27.467438
894093,43.158268
894988,28.36369
895253,17.18169
895429,2.6296546
895431,4.296946
895447,3.2022374
896443,28.671368
898263,0.19856639
898264,0.0
898669,40.69831
898839,0.20300251
898861,36.41512
899948,0.32886487
902528,3.3097978
902709,77.513245
904060,9.081419
904371,29.272705
905314,24.184284
905425,62.492462
905694,5.3286695
906058,49.60681
906829,0.27636588
907966,11.411296
908015,28.209715
908275,8.452894
908346,0.0
908469,19.204594
910366,23.496187
910976,54.030266
911964,4.266096
913177,6.010566
913816,5.0838833
914245,82.30195
914325,11.763536
914355,13.463265
914594,0.99397147
916105,2.0037067
916836,7.492242
916837,38.777813
917699,0.0
918239,29.649263
918398,10.655071
918610,45.15299
919212,45.953342
919269,0.0
919491,58.64022
919581,10.160069
919830,43.428772
919955,14.064104
919978,82.42925
919990,1.0370678
920930,0.19962141
920951,1.0396842
921034,6.8472023
921203,13.485375
921585,41.96412
921695,3.1026986
922695,11.244401
922764,75.05481
923053,8.977895
923741,7.6921186
924600,17.67268
925010,1.8123782
925458,3.1121843
926337,9.420381
927075,79.9682
927408,56.627
927597,20.211603
927987,7.911003
928004,65.04892
929790,18.354351
929833,18.787401
929891,63.061665
930701,32.648613
930809,63.365334
931780,53.353874
932241,0.0
932277,8.345822
934224,21.548494
935695,7.1834493
937396,0.52433884
937448,6.5601754
937840,2.0191863
937876,0.0
939035,82.693085
939260,0.42987162
939411,69.62551
939657,70.574875
939724,75.973045
940046,74.29234
940856,51.541157
941077,0.7709464
941563,8.528573
941642,77.51922
943891,69.86253
943929,0.25589013
944040,8.4058895
944755,73.00658
944840,9.287772
945297,84.86373
945820,3.9108386
949194,1.2903898
950038,0.0
950777,1.4924239
951944,14.546013
953275,47.425964
953284,0.21763651
953437,2.0610645
953821,6.4795423
953960,65.458725
954105,62.354427
955354,15.807487
955489,59.822193
955542,6.569636
956412,79.58696
956554,80.64158
956573,12.733051
956887,0.0
956943,62.871758
957289,7.5175185
957592,5.222953
958222,13.902141
958353,13.6672735
959349,4.9977965
959779,6.9885654
959788,51.639614
959791,12.755462
959871,0.0
959948,8.282993
960495,9.21708
961477,84.54228
961830,7.638804
961877,86.315155
962056,9.966851
962620,8.269688
964118,50.444817
964514,43.11979
966104,39.04469
966167,9.237416
966663,1.69624
968848,7.7383265
968921,72.30385
969115,0.0
969463,2.0089512
970659,51.946346
970715,18.055761
970949,63.011284
971247,64.59241
971253,62.369884
972366,2.4563267
972426,7.969419
973128,35.839535
973371,69.38524
973535,83.8112
973791,11.894423
975229,37.369186
975250,15.849647
975359,1.364077
975369,22.499483
975636,11.571407
975656,67.820885
975897,1.0204804
977152,5.1511493
977267,3.324486
977290,59.140533
978615,66.70229
979560,14.475329
979656,43.118744
979851,7.2073264
980018,0.9105895
980098,18.272776
981494,0.0
983220,6.283519
983625,81.81216
984380,6.741531
985273,62.43756
985642,2.2147307
986540,10.903782
986727,87.11507
986936,16.742271
986939,0.0
987329,28.341509
988991,14.462986
989241,37.0963
989423,8.512799
989488,45.939095
989925,4.3966208
989976,42.020027
990171,84.50747
990703,9.965505
991396,1.9970443
992186,0.69365627
992508,20.997288
992598,64.44574
993011,32.337914
993040,81.4016
993785,0.0
995169,0.3397846
995187,53.040997
995341,0.04404382
995367,10.896109
997028,1.1534754
998023,1.3664825
998896,0.6372957
999984,45.258057
1000264,78.36143
1000871,1.302566
1001367,61.583817
1001405,56.895756
1001447,44.71288
1002469,0.0
1005558,44.28435
1005763,6.7289934
1006292,77.82216
1006493,0.0
1006697,30.825964
1006699,15.331876
1007266,1.665969
1007724,22.791897
1009018,4.324622
1010683,3.0426111
1011326,11.136559
1011449,12.802051
1012203,11.469144
1012321,36.706482
1012337,6.987153
1013235,31.38745
1013363,7.946641
1013647,64.521965
1013779,0.67558193
1014305,2.4719598
1016004,63.114937
1018769,81.04916
1018858,0.43697375
1019111,4.9848742
1021122,8.965135
1021414,24.920387
1021668,13.443066
1022180,5.7800345
1023117,3.586145
1023754,6.194398
1023833,7.3741965
1024113,7.1313925
1024135,11.667158
1024342,1.8324229
1024364,34.96353
1024932,6.2226586
1024949,18.370705
1025847,4.3617387
1026385,0.0
1026592,57.778595
1026683,7.7930765
1027022,0.18845531
1027162,0.0
1027808,38.155598
1027934,2.646791
1028139,0.0
1028158,4.0905943
1028222,11.322706
1028263,27.78845
1029845,84.52193
1030254,8.376748
1030780,27.54144
1032127,1.2888964
1034106,34.89069
1034911,0.6418909
1035717,0.13520356
1036734,75.277016
1037017,6.666467
1039045,6.35292
1039215,77.43745
1039931,56.311398
1039983,13.512349
1039984,48.499886
1040018,13.691022
1040182,79.48895
1041218,5.234033
1041334,26.28135
1041512,43.48586
1041574,0.52562696
1041746,1.2781432
1041974,2.9641378
1042416,72.828674
1043046,40.55703
1044502,65.89194
1044917,28.985556
1045155,0.0
1045491,75.10668
1045633,18.135403
1045897,74.35198
1046454,0.43250948
1046615,23.260939
1048382,6.1100693
1049153,82.286804
1049207,0.45400554
1049224,48.723362
1050389,43.535225
1050955,81.82126
1051859,13.458445
1052960,6.516758
1053375,0.0
1053504,38.833233
1054201,71.13116
1055135,1.1667166
1055674,4.673695
1055863,0.0
1056119,67.77441
1056597,44.986675
1056657,70.15023
1056754,70.72518
1056804,53.24732
1058361,2.5661383
1058791,76.96569
1058872,0.48664305
1059025,81.7227
1059889,0.0
1060019,67.44488
1060080,1.3105285
1060553,81.1414
1062796,0.13372764
1063020,80.90385
1063060,52.864346
1063678,18.586721
1066079,2.9572449
1066660,0.4830416
1066769,88.425766
1067022,46.48948
1068924,5.3105216
1069287,4.8040605
1069429,0.23432945
1071138,76.62631
1071394,1.000472
1071743,24.679085
1071760,0.99372077
1072481,81.771324
1073635,84.49442
1073780,8.094809
1074360,11.429092
1074564,67.90919
1075314,0.28240782
1076873,32.867676
1077179,18.205925
1078889,15.108303
1079675,7.227409
1080543,13.699755
1080674,0.39465246
1080797,8.12821
1080839,18.696163
1081932,7.1364784
1082406,46.361607
1082849,59.19028
1083888,15.004437
1084294,34.782917
1085529,4.55553
1085566,12.227639
1085916,53.799065
1086322,13.959378
1086468,2.7266824
1086598,11.655156
1086819,2.4938402
1086958,52.207447
1087354,4.469516
1089143,6.1968307
1089619,4.021348
1089766,11.885151
1089994,36.30485
1090380,5.278631
1090567,41.17177
1090732,4.1931415
1091534,81.09926
1091582,23.230764
1093570,91.46268
1093977,6.4641275
1094623,0.0
1095278,1.0110697
1095472,56.29367
1096511,69.05563
1097464,83.79435
1098967,10.747301
1099387,1.8681707
1099680,2.4459445
1100421,58.207947
1101035,85.11073
1101097,15.1146965
1101224,12.741846
1101525,33.651867
1102853,12.42333
1104208,0.39601016
1104567,40.433212
1104762,8.36706
1106282,11.961297
1107092,14.685997
1109092,9.896449
1109388,58.10509
1109582,20.790579
1109624,0.3798716
1109826,0.6268742
1110193,25.631676
1110533,0.5507022
1111854,35.46043
1111882,78.10938
1111981,68.6589
1112070,29.618486
1112407,23.335188
1112484,20.951618
1112504,0.27984494
1113258,10.466598
1114788,18.804174
1114858,0.42662266
1115349,37.10296
1115381,0.8037088
1115438,21.062304
1115576,20.535763
1117181,0.505395
1117632,0.79371446
1117958,23.64296
1118062,4.0352902
1118213,0.0
1118479,0.0
1118547,6.0126767
1120033,0.6758621
1120210,0.5568025
1120392,63.266327
1121448,17.538998
1121502,18.02439
1122462,16.707256
1123077,0.0
1123237,0.4498715
1123879,14.114525
1124394,0.0
1126656,18.510538
1126669,65.474
1128681,9.464907
1130240,0.83579737
1130680,85.038635
1131422,62.762154
1132242,0.0
1132907,13.080206
1133211,4.5205135
1133254,1.7269365
1133341,9.240802
1133460,0.9148073
1134369,53.28354
1134553,54.34718
1134635,4.110237
1134988,41.914852
1135315,1.5225233
1137768,9.793837
1138727,37.227493
1140461,0.39268187
1140837,6.14328
1140912,3.9409323
1141071,57.34905
1141076,0.14263646
1141120,29.147394
1141150,19.80954
1141632,68.23191
1141759,10.619443
1142034,30.506851
1144171,1.0140615
1144809,8.356064
1145134,80.478455
1145488,0.0
1147507,4.1888666
1147754,0.0
1147884,8.033341
1148380,3.090812
1148451,0.5589627
1148759,0.8748612
1149845,72.538574
1150382,13.023134
1150398,26.032587
1150400,8.9328575
1150514,0.0
1150914,3.3835042
1151388,44.27146
1151980,62.12178
1154609,1.9646075
1155475,11.521349
1155885,79.14182
1156423,0.31991905
1156634,38.708755
1156733,9.031526
1156977,4.2281995
1159142,6.0299172
1160028,0.15067515
1161838,45.686626
1163484,67.57597
1163969,12.190497
1164046,8.240289
1164370,23.15105
1166538,38.102413
1167009,7.5812054
1167219,36.56838
1167314,7.055904
1167395,1.2392198
1167444,45.23072
1167658,76.81199
1169928,8.352635
1170261,81.68185
1170401,0.09013644
1170656,0.0
1170887,8.474465
1171342,67.85935
1171581,0.0
1171674,65.13899
1171955,6.261365
1174479,0.0
1174619,1.5795954
1174944,23.775219
1175304,48.845867
1175394,0.17461479
1175536,10.762241
1177156,10.758235
1177395,0.0
1177725,51.81727
1177986,0.036395792
1178231,40.209976
1178389,2.8849413
1179080,77.918816
1179938,0.23002759
1180159,0.0
1180296,11.866911
1180473,1.4638419
1180618,1.7446207
1182186,11.502875
1182668,23.340399
1183172,71.7691
1183517,0.65320116
1183567,18.790646
1183628,7.1981907
1183632,26.664803
1184848,18.464136
1185525,22.30742
1186153,16.256235
1186569,65.33212
1186653,18.73979
1186746,81.94713
1186761,44.10319
1187220,0.49902079
1187411,13.864372
1187588,69.53902
1189738,60.43365
1191082,0.29175717
1191144,19.898996
1191606,36.30282
1192845,86.896126
1193072,0.0
1193793,11.460291
1194525,21.970287
1195177,4.1602116
1197135,8.232272
1197645,13.916676
1198231,0.8087913
1198681,0.0
1198874,40.35407
1199878,6.3577204
1200033,0.7015381
1200359,8.626228
1200456,5.544561
1200707,40.938274
1201426,3.286215
1202883,32.090317
1203737,64.12164
1203799,1.1678255
1205103,74.74214
1206407,0.0
1206525,5.983004
1206643,4.3188925
1206859,0.3374381
1207489,0.7462364
1208461,3.0943584
1208742,60.113712
1209350,7.729913
1209492,2.2376387
1209684,38.010212
1209921,37.0607
1211777,3.6341674
1212319,10.028634
1213991,28.31587
1214133,71.715866
1215951,7.8156366
1216084,22.284765
1216905,54.704765
1217046,65.35554
1217670,20.74197
1217823,2.0213058
1217875,0.5786267
1219919,27.448956
1220962,7.6747465
1221172,7.667899
1221503,16.111542
1221511,14.961417
1221576,50.921177
1223230,7.0258393
1223755,81.545235
1223980,63.125034
1224056,11.745244
1225060,13.2157955
1225604,52.019855
1226176,0.7838387
1226480,84.75451
1228698,42.005424
1229086,16.428566
1229289,80.18446
1229463,4.6801577
1229536,6.293346
1229566,12.715586
1230956,0.98149323
1231104,0.5654173
1231273,10.957569
1232212,6.913071
1232433,57.82439
1232491,2.8687685
1233186,2.9015687
1235205,14.775679
1236489,57.259907
1236705,53.27159
1236788,17.082094
1236914,0.0
1237275,11.082119
1238624,0.0
1239265,0.0
1239293,3.9769168
1239421,9.490431
1239563,82.29918
1239842,3.3158429
1240213,5.3610244
1240698,35.434017
1240885,0.34696084
1241905,13.8801365
1243308,0.0
1245343,6.3567295
1245624,5.9133115
1245714,10.240588
1245855,61.95286
1246123,5.436965
1246287,0.1309775
1246670,7.7374363
1248477,2.6506891
1248527,2.274077
1249419,15.510084
1251294,2.4287539
1251889,2.1352746
1252565,33.663048
1252680,0.0004940913
1252770,49.912838
1253039,4.1340938
1255964,0.8487301
1256152,1.3928497
1256275,0.0
1256290,0.59168893
1256707,10.820797
1256768,46.700275
1257416,12.271801
1257994,34.75523
1260619,14.516923
1263964,83.31343
1264663,0.1619493
1264695,52.84059
1264701,0.0
1264732,48.170452
1264887,55.70382
1264920,0.0
1267945,48.784477
1267954,52.298386
1268083,19.124836
1268126,56.763264
1268154,41.881393
1268175,19.872852
1268218,3.392971
1268226,64.70715
1270420,1.117543
1271297,25.537895
1271312,0.98932093
1272282,6.060563
1274530,4.292055
1274738,0.31200498
1275942,49.175808
1276054,53.797077
1276554,0.2985036
1277955,5.2714667
1278469,10.011731
1278506,8.285331
1278784,64.287155
1279185,3.1131504
1279189,5.672039
1279234,0.26182452
1279449,22.267254
1279855,0.14172024
1280188,22.37374
1280427,0.50199693
1280533,14.45855
1280916,19.166475
1281023,10.306375
1282638,78.456116
1282763,0.29932857
1283523,66.70026
1283701,1.4649817
1283928,7.7095394
1284189,6.162379
1284990,41.136047
1285927,39.192093
1286024,25.819727
1286933,48.305637
1286972,83.19477
1290336,24.253588
1291490,13.338534
1291558,4.6827126
1291561,12.28097
1291913,86.201416
1292184,58.847298
1292585,79.12634
1294267,21.79079
1294417,89.27326
1294438,72.600815
1294721,0.0
1297663,18.026548
1300191,0.69212866
1301227,3.4761224
1301259,3.2544122
1301262,0.8299974
1301321,8.053418
1301507,61.162983
1301986,75.9184
1302596,6.3779917
1302684,5.6952467
1304459,26.911743
1304604,6.1328993
1305590,27.055326
1306749,16.875486
1307405,8.97234
1307723,4.6446824
1308355,9.803102
1308877,0.0
1309707,22.605528
1310672,37.80749
1311399,6.935163
1312178,3.2500331
1312228,3.0654273
1313020,0.0
1313141,12.15759
1313258,69.114624
1313768,3.6179419
1313885,49.975334
1315676,7.3022523
1315753,8.421376
1316175,0.0
1316416,0.0
1316538,0.0
1316691,55.097637
1316747,6.011907
1317648,1.065807
1319855,1.7845485
1321174,12.562489
1322432,5.594266
1322917,85.10188
1323485,0.69432396
1323528,61.308296
1323789,7.8393126
1324295,0.0
1325432,41.884953
1325472,13.548958
1325473,8.146874
1325759,17.350986
1326566,5.051133
1327940,23.608068
1328032,0.0
1328080,80.3903
1330056,28.242685
1330753,9.31314
1330775,39.11925
1331231,2.9848673
1332345,2.5588877
1332570,7.1586523
1332663,17.831106
1333269,7.1005025
1335550,52.47191
1335634,81.55725
1336390,0.35524625
1336435,3.0312304
1337124,18.90204
1337193,12.354229
1337609,3.5765653
1338900,0.0
1339672,27.489603
1340568,30.420774
1340982,8.527289
1342296,41.41775
1342928,15.322888
1344128,17.587667
1344262,20.74433
1344474,0.0
1344551,77.594025
1345712,19.009134
1346389,0.17527004
1346822,2.90887
1346989,0.0
1347103,50.51539
1347175,4.1021447
1347204,37.487568
1348306,18.826355
1348655,26.28156
1348885,0.9568803
1349187,0.033881057
1349237,82.14441
1349503,9.221855
1349834,81.39018
1351217,59.42054
1351364,5.9838595
1351404,29.70686
1351427,3.1409774
1351683,0.0
1351889,21.805
1351915,2.9916494
1352657,5.4730473
1352916,4.9050865
1354042,7.1436467
1354415,78.24616
1354775,5.975719
1355859,21.126959
1356513,0.03491914
1356545,7.6228333
1356889,8.185777
1356895,2.8753004
1358179,1.0175636
1359411,20.523973
1360781,0.8803206
1360820,3.0581276
1360873,4.680322
1360926,21.224102
1360932,0.11796025
1361428,8.260967
1362512,35.892395
1362925,28.643
1364584,3.6267514
1364921,25.133842
1365505,0.7177955
1367775,2.6207871
1368568,1.2072409
1368674,71.62058
1369559,3.6070988
1369670,1.5683125
1369799,1.2417384
1370064,7.24801
1370154,0.5309358
1370405,83.535675
1370600,3.263428
1371114,16.112864
1373456,11.22106
1373541,0.4720923
1373655,56.902504
1374144,0.0
1376820,12.260982
1377134,41.12195
1377478,33.912796
1377622,0.0
1378088,0.0
1378111,0.7269763
1379616,58.130184
1380326,6.94555
1381569,0.0
1382245,9.186416
1382256,3.4998155
1382607,7.064824
1384858,0.7425661
1385985,0.0
1386742,71.31634
1387166,9.2972145
1387361,4.514388
1387839,6.894497
1388569,6.4893827
1391999,41.276672
1392144,24.773626
1392330,74.51201
1392390,22.488464
1392398,6.699874
1393169,0.04409895
1393419,18.588066
1393994,0.0
1397839,3.441705
1399187,7.207198
1399273,4.4571323
1399352,64.47355
1401578,1.0130466
1401826,7.079339
1402731,53.693783
1403323,0.0
1403827,53.554657
1404586,6.414739
1404629,0.0
1407364,33.608353
1410197,31.445686
1411349,25.224857
1411811,47.006004
1411979,0.10805078
1412531,16.115248
1413795,15.043891
1414196,6.6120567
1414747,4.036683
1415738,41.971874
1417215,15.675059
1420335,3.2145348
1420559,2.2343094
1421077,27.451588
1421933,8.005865
1422237,0.43926194
1423063,14.787976
1423112,16.506588
1423957,0.0
1426302,9.256957
1426436,0.0
1426643,0.9336698
1426738,0.47898805
1427401,59.852207
1428371,0.0
1430650,60.066425
1431246,28.699015
1431373,61.02286
1432694,3.4973269
1433326,56.362644
1433337,36.626522
1433849,5.2872577
1436810,18.627161
1437044,1.7162174
1437163,6.4622893
1437903,0.0
1438369,80.70639
1439295,26.087921
1440363,82.40915
1440512,0.6411436
1441260,2.8331587
1441931,0.0
1442450,2.183139
1442799,85.44818
1443077,22.333817
1444924,0.0
1445250,32.27744
1445813,0.98582655
1445842,2.960918
1445876,3.1754053
1445957,7.0139384
1445977,4.630861
1447952,1.5733321
1448691,36.618477
1449546,32.522053
1450568,17.676638
1450685,58.314915
1453049,11.76145
1453998,16.95006
1454920,17.037338
1455061,14.799815
1455407,8.087326
1456142,6.0636415
1456352,81.85922
1456430,12.774865
1456565,2.1599674
1457003,5.4902687
1457042,13.575413
1458645,25.293917
1458995,8.272442
1459724,0.24362326
1459862,45.984314
1461721,55.681076
1461822,4.1659975
1461965,71.03333
1462270,1.0073217
1462341,8.982246
1466053,0.8611546
1466081,41.35042
1466534,33.585186
1466592,1.7114887
1466688,0.5367599
1467025,38.81084
1467030,81.04783
1467618,5.8054223
1469244,32.4548
1469955,8.564857
1470117,0.0
1470698,28.690147
1470969,4.6120577
1471201,0.0
1471244,10.809017
1471265,6.4849734
1471952,12.53892
1472166,1.0852948
1472842,1.0580374
1474887,6.031961
1475661,7.5579867
1476085,1.531099
1476244,21.76143
1478084,0.7576889
1478270,5.421937
1478468,9.675554
1479113,14.324671
1481753,8.310683
1483688,36.602097
1484077,45.90073
1484207,23.236439
1486963,44.035973
1487222,6.693625
1490223,8.952198
1491731,2.952126
1491991,13.945437
1492810,0.9580547
1492856,58.937637
1494527,78.17003
1494817,0.0
1494934,0.57959634
1496319,2.920751
1499572,4.6565475
1499650,17.70819
1503296,3.0164955
1506284,74.13219
1507437,3.9886143
1507929,2.0488179
1507974,12.200877
1508461,30.435736
1510830,0.48948637
1511048,2.5780551
1511216,45.944466
1511303,65.96035
1511933,27.75141
1512006,75.44055
1515026,4.768491
1515135,10.277118
1515522,24.935436
1515611,9.478765
1515979,49.671867
1516048,5.243208
1518302,61.908398
1519621,3.1121783
1519799,34.44264
1520136,0.93567914
1520651,9.802113
1520813,44.854534
1521091,8.708014
1521256,6.7968473
1521536,1.5667384
1521862,3.9925354
1523865,0.0
1523892,0.63581395
1524562,69.05697
1524610,16.930164
1524948,16.810062
1525121,2.674575
1525143,3.3024316
1525580,0.30752188
1525602,71.56141
1526129,0.9342686
1526274,3.5951025
1526416,0.36939085
1526741,58.06391
1528339,0.29276332
1530561,68.12738
1533652,36.221478
1533807,12.0826
1534078,8.246642
1534109,3.8387873
1538944,0.0
1539361,0.66400844
1539462,7.0534806
1540562,15.418085
1541353,2.4053094
1541832,27.95831
1542279,37.6944
1543023,1.0258188
1545525,11.059058
1545924,17.146517
1546380,26.316702
1546748,8.840152
1549413,69.33032
1551044,40.643852
1551078,30.488384
1551916,6.390656
1552576,82.421
1555500,0.0
1555853,5.619484
1555919,8.183793
1557326,51.90601
1557548,0.06784788
1557778,20.781267
1557803,5.484895
1559912,4.205818
1560573,10.881594
1560606,0.0
1560957,5.132288
1561735,1.038111
1564553,65.42731
1565808,5.5731044
1566714,84.21638
1567003,15.115099
1568777,6.5820646
1569396,54.840008
1569444,3.684411
1569842,3.3928905
1569906,0.7478076
1570096,16.76329
1571050,28.09524
1573068,7.8310847
1573753,8.688864
1574097,29.107426
1576724,15.993703
1576883,2.404765
1577575,23.449602
1577913,33.97612
1578996,45.624912
1581223,0.0
1581466,68.47371
1582263,0.37777138
1582540,0.680531
1582875,50.401196
1582940,10.459204
1583111,28.821486
1583128,24.949684
1583258,0.47713307
1583673,0.0
1583971,4.314106
1583985,28.50255
1584167,17.549232
1586304,3.0237699
1586454,6.36258
1586489,31.492928
1586608,15.628294
1586773,55.67237
1588221,4.5434775
1588903,7.665482
1589715,10.9352665
1590214,71.82678
1591811,83.00915
1592879,1.0002688
1593444,0.45338157
1594395,1.144599
1596169,3.2373056
1596314,2.2584343
1596603,15.31731
1596669,0.7642816
1597002,1.416207
1598518,3.4469256
1598722,16.147764
1598863,0.1769673
1598950,15.881511
1601704,1.229142
1601776,0.9822702
1601955,70.162224
1602731,26.30077
1602793,41.487305
1604324,24.170284
1604488,59.08229
1606115,3.422565
1607335,4.88585
1608567,1.0729007
1609799,0.26938
1611089,0.0
1611398,0.0
1612489,3.9589722
1613419,15.60274
1613539,1.3259917
1613859,7.4662213
1614925,0.0
1615083,81.93166
1616807,3.857514
1617264,0.11812618
1617443,41.659283
1617488,2.3986943
1618034,3.203062
1618877,1.2765309
1619312,4.7439995
1619538,4.2373123
1619695,62.213932
1619756,70.78556
1619841,5.559417
1621986,0.0
1623013,59.452866
1624451,10.900106
1627297,42.143482
1627696,56.067066
1627949,10.295656
1628003,7.6553903
1628138,0.0
1628156,63.54466
1628564,24.270067
1628643,62.200638
1628878,65.6572
1629248,9.741552
1631938,10.98302
1632416,30.412432
1632592,56.64298
1632833,1.1039344
1633331,21.340841
1633453,0.0
1633924,73.5591
1633941,18.428637
1634856,13.261457
1635672,12.858844
1636349,50.4991
1637178,11.592225
1637346,7.0565243
1639145,7.2441106
1639762,52.277264
1640521,0.44537324
1640610,17.894495
1640992,6.324428
1640995,9.140389
1641022,0.63881797
1641291,30.57926
1641665,12.75857
1644133,4.2701726
1644146,77.67785
1644357,0.3649845
1645086,27.07912
1645105,7.8053007
1645181,57.440357
1645667,76.80967
1646541,51.736595
1646607,7.450699
1646910,0.6430476
1646949,33.82849
1649844,7.5565653
1649994,0.35223398
1650470,1.3501377
1652380,0.0
1652426,50.976837
1653872,1.0436909
1654170,0.0
1654282,2.8512917
1654444,21.848692
1654551,7.648871
1655027,83.41209
1655291,78.7625
1655390,52.585636
1655713,14.022281
1656621,79.61009
1656884,0.39129502
1658703,23.756248
1658988,15.74144
1660838,19.590546
1661749,0.0
1664716,0.0
1665017,23.091301
1665300,78.68298
1665498,13.427885
1665686,1.9720068
1665792,7.057375
1668176,49.018433
1668328,81.92468
1669664,29.87446
1670623,12.176004
1672433,8.107723
1672938,1.216509
1673849,6.7286835
1675694,0.0
1677887,24.126638
1678467,2.0463634
1678889,8.4364805
1679211,80.11162
1681814,0.4386528
1682282,68.4841
1683227,0.0
1683415,1.1867832
1683897,2.046786
1686941,1.9229748
1687184,20.769424
1687592,1.2367326
1688650,66.56722
1688724,0.90721434
1691188,9.748981
1691681,3.486985
1691702,0.47060218
1692166,3.0484526
1693524,13.811544
1695731,0.0
1696332,0.46967962
1697047,63.04538
1699132,0.61974376
1699934,20.794205
1702032,0.092435576
1702413,8.445814
1702581,89.10549
1702694,0.5738667
1702695,1.0290182
1702916,15.213356
1703222,0.0
1703303,19.23084
1703798,11.699849
1703844,0.0
1704798,71.49182
1706103,37.146446
1706997,20.767576
1707422,0.0
1707850,10.831159
1708262,75.600555
1708541,2.4218738
1708757,0.250326
1709042,47.39011
1709089,21.455141
1710430,25.74106
1710729,0.091833524
1711248,5.523799
1711379,8.143906
1712077,0.0
1712660,71.43818
1713896,4.9097185
1716395,27.114994
1716640,10.441839
1716857,0.8988011
1716923,1.4531919
1717058,18.994038
1717149,1.9533883
1717215,0.13434672
1717226,9.516916
1717499,46.11674
1717579,5.1861277
1717793,0.37073365
1717870,4.99057
1718001,2.7283304
1718287,68.940475
1718791,8.13563
1718989,11.783541
1720971,2.9250484
1721103,1.5533681
1721415,0.21268725
1721695,0.0
1722358,9.001438
1722622,76.38427
1725295,64.11235
1725297,0.29129985
1725858,4.276736
1727536,56.216167
1728256,50.893433
1728437,14.100043
1728625,11.93202
1729145,76.65948
1729247,9.73738
1729679,0.0
1730855,0.0
1730937,6.479762
1731046,5.4452553
1731097,4.7812595
1731245,69.23987
1731351,0.42879984
1731969,8.503639
1732322,68.82
1732471,1.4754382
1732542,22.859243
1732612,10.521889
1732866,43.001095
1732893,75.03105
1732939,5.486637
1733157,79.32397
1733447,55.27651
1734167,5.7472324
1735545,63.87766
1736064,1.000703
1736456,72.8888
1737891,19.641912
1741622,13.589535
1742471,16.52922
1742601,2.4939225
1742654,43.993546
1743221,13.524112
1744216,51.55242
1744921,51.433304
1745172,0.0
1746582,4.825274
1746726,52.462784
1747440,53.281208
1747833,29.075977
1749563,78.8807
1750443,7.795045
1750679,69.60497
1750701,67.53389
1751967,20.462198
1752112,14.205595
1752206,52.889076
1753671,6.5687413
1753699,0.0
1753974,2.0391984
1754527,24.552155
1755831,0.0
1756076,0.8256633
1756174,0.67452055
1757909,2.7868757
1757982,2.0780032
1758391,76.503456
1759154,61.754066
1759292,16.316246
1760411,3.870645
1761101,2.0559807
1762997,0.79283774
1763008,0.39601088
1763209,61.15371
1763367,17.140041
1763520,10.32089
1763615,6.518913
1763863,7.125262
1763977,0.0
1764106,0.09364844
1766890,21.802881
1767037,81.29516
1768235,0.1358436
1769124,36.71532
1771965,63.82929
1771989,60.501865
1772650,1.1794692
1772824,18.17531
1776732,41.05835
1777869,18.068111
1778294,6.5617228
1778588,4.407093
1778700,9.66881
1778792,0.50096667
1781052,0.25635406
1781687,23.887697
1781697,10.412464
1782056,17.265324
1782079,22.58814
1782437,33.85084
1783069,3.6033542
1783102,7.211575
1784987,1.0590593
1785141,4.5446115
1787728,0.581453
1788026,0.0
1788210,4.7411366
1788754,36.96524
1789715,4.6588717
1791502,2.299539
1792520,0.0
1793091,84.369804
1793411,10.11761
1793606,13.452594
1797001,0.0
1797025,42.499363
1797476,32.25544
1797523,0.0
1797661,9.499962
1798256,2.209447
1798308,9.650097
1798324,24.076128
1801036,0.0
1803130,39.231567
1803475,14.215323
1804505,81.27678
1805150,5.3954864
1806378,32.890163
1806994,15.246761
1807106,75.16118
1807515,6.929021
1807757,7.716121
1808497,10.752202
1808550,61.46819
1809547,14.4567795
1809719,19.835558
1810457,67.534134
1810653,1.6359464
1810781,3.9830742
1811012,11.665729
1811051,41.50886
1813348,51.07583
1813409,30.272375
1813452,0.6300464
1813681,0.06052644
1814010,15.946977
1814279,85.72343
1814366,7.0831966
1814757,19.525242
1815099,5.1199174
1815211,61.034576
1815423,15.890633
1815512,83.05844
1815523,18.52961
1815526,2.4463983
1817647,44.602962
1818411,60.934944
1818430,63.83149
1820307,21.609865
1820516,1.0411437
1820858,25.39478
1820992,5.811379
1821168,1.3884226
1821541,8.024379
1821787,12.734068
1821973,5.0743756
1822436,1.4070258
1822872,8.645789
1824808,25.503805
1826188,0.015295975
1827525,0.0
1827962,25.380203
1828063,34.94521
1830154,1.3822061
1830244,6.7768383
1830335,2.6628282
1830949,0.8367576
1831050,82.90632
1831337,4.232889
1832210,24.776382
1832223,4.6956034
1832286,11.661391
1832617,36.47343
1832659,5.488363
1832680,1.8749096
1832755,0.0992216
1835122,6.7631783
1835149,20.987675
1835396,31.812357
1835865,0.4396078
1836322,1.7072206
1836859,34.162445
1837384,0.0
1838904,20.529673
1839818,13.814207
1839878,57.732742
1840303,0.0
1840649,0.09342458
1840820,60.726128
1841356,9.515985
1841399,3.0425317
1842739,44.507965
1842931,61.48385
1843674,83.72224
1843772,1.3509921
1844088,20.412663
1844094,65.0784
1844254,1.6145734
1844489,22.837967
1844915,10.447093
1844973,19.394104
1845249,3.7055929
1846100,20.137072
1846580,72.98219
1846722,14.035562
1847261,8.505941
1847379,29.658875
1847434,77.33407
1847620,0.2821063
1850705,8.8167515
1851559,26.200357
1853656,4.7268996
1854757,5.646221
1855848,0.33718383
1856027,25.940952
1856219,84.962975
1856261,0.65603274
1856418,49.982685
1856803,7.9898314
1857078,79.74361
1857351,2.156374
1858492,13.63592
1859322,0.85732704
1859901,29.828392
1860313,0.48315766
1861281,0.2764492
1861493,33.256927
1861773,1.6979938
1861873,3.567638
1862436,6.910451
1864660,2.267001
1864691,0.0
1864757,43.41265
1866051,2.3902512
1866128,80.93514
1867237,0.39273563
1867843,67.9871
1868169,6.5517273
1868817,0.0
1869202,15.499113
1869432,3.6346662
1869497,6.980582
1870021,65.83796
1870853,0.70087624
1871261,1.8018503
1871545,36.992947
1872028,8.688669
1872169,0.0
1872829,4.358869
1873304,81.18432
1873333,69.37918
1873453,0.84020674
1873582,10.557291
1875082,63.1587
1875850,0.92291385
1876083,3.6597295
1876168,1.0854055
1877244,78.93508
1877255,72.21009
1878868,0.0
1879762,0.21832457
1880345,2.0091481
1880539,26.567144
1881103,4.0617185
1881801,23.0374
1882252,0.73523396
1884398,0.0
1884489,0.19982661
1884921,0.7254508
1885682,17.341444
1885714,49.158882
1886240,0.0
1886820,7.98334
1886978,45.857826
1887003,63.21486
1887239,25.189985
1887291,33.903416
1889685,1.7935244
1890125,3.5341456
1890143,62.41502
1890467,0.19392312
1891017,7.187572
1891118,5.716763
1891670,12.094102
1891816,1.4121182
1892319,30.103294
1892680,21.261414
1893225,17.382265
1894120,16.987516
1895196,77.6859
1895516,1.5871513
1895544,0.0
1897092,0.0
1897447,78.08124
1897623,8.901648
1899076,78.39277
1900616,15.386761
1900780,44.360703
1902092,2.8036935
1902962,0.9652256
1903322,40.29591
1905865,9.816934
1905918,20.16072
1906763,0.48964015
1906804,81.234024
1906993,2.3456004
1908290,21.713978
1908767,0.2701675
1909128,14.6002035
1909648,2.8365753
1910105,26.887255
1910210,2.4089663
1910306,26.334824
1912425,2.4609287
1912468,2.7187068
1913282,0.061964054
1913317,3.323157
1913722,0.6172924
1913803,70.40358
1913835,1.1233988
1914185,2.7602222
1914320,13.737274
1914544,20.627575
1914590,66.10589
1914630,3.8083851
1914787,43.445522
1915154,79.808815
1916456,1.0947869
1917226,8.196112
1917286,15.225063
1917872,17.306776
1918693,75.07172
1918903,88.22033
1919490,1.5322859
1919647,13.033562
1919766,71.898636
1920085,8.962097
1920310,0.99244004
1920568,0.0
1922967,1.3810654
1924317,60.520035
1925247,0.0
1925406,44.00134
1925703,82.51059
1925709,0.35851905
1928005,0.0
1928556,0.11625904
1928973,6.9802575
1929041,3.7607145
1929614,2.950802
1930283,1.2255158
1930469,47.508
1931136,7.1296234
1931855,39.700592
1932110,14.651315
1933687,66.060555
1933904,9.080866
1934382,4.4212327
1934444,0.46066123
1934447,0.0
1934512,7.4163537
1934746,0.619741
1935109,76.56917
1935826,3.8445153
1936089,36.80499
1936772,54.862537
1938391,67.947586
1939106,8.9539
1939283,25.15623
1939417,0.0
1939757,1.8628551
1939857,15.756952
1940956,65.41668
1941048,3.2788327
1941439,5.1340485
1941495,37.74476
1943012,4.769409
1944087,41.474895
1944211,18.132423
1944641,53.806664
1944686,0.41009158
1944805,21.73685
1945393,0.0
1945437,28.832542
1947400,0.0
1948333,0.0
1948494,76.95554
1948745,9.765643
1949334,0.5207079
1950157,46.22847
1950276,0.4144981
1950311,18.040318
1950342,4.0994616
1953461,34.816475
1954003,10.279001
1954146,0.46567613
1954310,1.9602216
1954404,3.7580833
1954495,0.039159123
1955003,10.385368
1956677,39.736763
1956726,17.27802
1958765,37.531826
1960031,9.887151
1960556,54.94459
1960562,61.458736
1960821,1.3855575
1961157,0.0
1961288,32.90039
1961361,0.64310867
1961533,19.324696
1961937,10.106709
1964864,35.356766
1965103,12.41235
1965712,0.86584544
1966173,0.0
1966349,59.355698
1966407,0.21565257
1966903,0.0
1967045,8.996737
1969100,12.000757
1969854,55.51259
1970017,6.3000193
1970177,28.113098
1970466,0.0
1970574,17.713642
1970587,8.917276
1970697,5.705395
1971200,74.89599
1971528,0.0
1971983,4.0644264
1972126,48.726387
1972163,12.622138
1972330,0.44822624
1973889,69.136444
1973934,15.455852
1974398,5.8056765
1974455,0.69505733
1974700,9.13545
1974901,51.466583
1975069,4.1773005
1975168,5.878505
1975236,0.5679867
1975519,0.0
1976094,5.8811874
1977800,7.6235666
1978394,20.739864
1978445,2.684188
1979113,0.06499093
1979127,71.52161
1979160,0.6001169
1979502,23.06683
1979848,0.13973394
1981410,16.069777
1981669,11.044769
1981921,8.990916
1981977,16.364233
1982013,6.964328
1982408,0.0
1982909,18.268332
1983188,1.1183501
1983466,89.63138
1983677,6.535757
1983976,0.35965472
1984378,0.0
1984486,27.001448
1984871,13.707784
1986737,10.9502735
1986831,25.38036
1987504,3.786922
1987546,12.014381
1987939,1.5893526
1987949,1.1773727
1988392,18.945864
1989731,0.77037513
1990045,0.0
1992421,0.0
1992676,7.329534
1992751,0.11977919
1993323,0.5153482
1993623,12.674307
1993835,70.71577
1994398,14.421534
1994574,43.12332
1994679,0.0
1995090,0.0
1995454,4.5557694
1995509,64.63753
1995605,7.9692683
1995717,0.27074158
1998829,58.002598
2000611,17.866776
2001022,63.564865
2004909,0.084425434
2006452,4.6500707
2006671,0.0
2006699,0.023904812
2007323,0.73620474
2007357,6.7336974
2007504,67.96586
2008217,4.587546
2008227,72.23311
2008441,26.34656
2008809,1.8176825
2008898,0.44572535
2010429,0.4571455
2010787,0.31047603
2010839,9.254691
2010943,13.503917
2011212,10.234244
2011504,44.740875
2011521,39.23389
2012029,13.941386
2012360,0.0
2012368,83.35326
2012750,2.3589802
2013807,81.27585
2013882,52.840034
2014701,7.5106225
2015094,60.449497
2015168,85.18052
2015586,1.1440487
2015996,1.3944582
2016502,0.0
2016834,10.39363
2017012,0.0
2017316,2.0190363
2017397,35.139088
2017517,17.581833
2018602,0.0
2018951,2.6306064
2020576,51.220036
2021064,0.7490346
2021284,6.4863515
2021634,28.740108
2022126,0.51893055
2022520,1.2766101
2022728,12.87597
2022729,87.34959
2022938,12.816566
2023081,20.48488
2023454,74.80733
2026088,5.642129
2026434,0.67654353
2026697,0.10937755
2027350,0.294309
2027406,42.194168
2028056,0.0
2028268,0.66954714
2028272,6.508372
2028432,23.575193
2028625,1.1262269
2028787,1.5683123
2028925,43.380558
2030001,34.34485
2030357,3.645788
2030899,0.23402521
2031495,14.278175
2031673,5.656015
2032345,0.33464012
2032727,5.8866405
2032879,0.90174437
2033605,6.494818
2033730,58.09304
2033924,0.8656921
2034359,27.915329
2036105,52.700813
2036424,18.509575
2036690,0.5129385
2037130,3.661011
2037582,4.253475
2037951,3.574469
2038017,33.823257
2038314,10.901669
2038381,10.4263
2038471,0.83374697
2039945,65.63066
2041041,48.10309
2041837,2.3262613
2042764,17.80373
2043060,7.919426
2043289,72.85611
2044392,1.479261
2044873,58.31306
2044889,17.285465
2045488,0.0
2045556,64.86673
2045727,79.4661
2045847,9.032721
2045929,7.220799
2046173,33.22939
2046584,0.0
2046789,43.01808
2048479,0.56930876
2048796,4.7948165
2049363,19.549955
2050039,1.1673508
2050060,13.995889
2050368,11.722873
2053822,9.113433
2053926,9.734717
2054032,0.4776459
2055303,57.328182
2055614,14.112177
2055671,0.60151464
2056307,4.2892084
2056330,0.6287612
2056789,2.2459595
2057295,15.096025
2057315,11.428548
2057326,13.406179
2057358,1.4699292
2057534,1.9225754
2057553,6.718533
2057944,19.378233
2060612,49.482693
2061563,19.862453
2061811,0.0
2061814,23.077557
2061897,48.368446
2063239,0.63454413
2063922,5.8028555
2065391,31.553257
2065985,0.0
2066046,85.54845
2066165,39.33948
2066451,1.8116646
2066623,0.120981045
2066846,4.844898
2067115,0.07104471
2067359,8.943428
2067365,0.0
2067773,18.01728
2067928,26.273027
2069027,0.0799409
2069709,1.3338035
2069779,0.16237903
2069864,18.33367
2070083,5.638489
2070542,3.109455
2070612,65.81359
2071021,0.0
2071265,0.0
2071420,78.355705
2071446,62.6727
2072126,5.477466
2072321,1.6110822
2074833,24.835907
2074912,10.235058
2074985,3.9272451
2075568,50.627934
2075619,31.830185
2075758,0.08334058
2076018,8.5905285
2077748,0.0
2077763,0.4116605
2078075,6.121536
2078687,0.0
2078886,1.3726659
2079671,10.040263
2079686,21.003521
2079789,56.990273
2080861,83.60713
2081177,5.538821
2081394,1.4273249
2081408,0.94291025
2081438,0.6484488
2082694,0.41616488
2083547,28.14646
2083671,18.713497
2083749,32.565594
2083940,13.306217
2084109,35.31362
2086828,10.820009
2086868,0.0
2087020,3.6891396
2087343,50.362396
2087898,4.215598
2088095,3.9121027
2088158,4.0743666
2088272,0.0
2088316,10.639231
2088389,1.1266094
2088444,70.34203
2088725,34.52647
2088969,3.8878326
2089173,20.391533
2089273,2.6507742
2089492,12.74308
2089581,1.7056857
2089745,31.639496
2089773,0.97197926
2091204,0.22589113
2091483,0.5898374
2092422,44.913277
2092611,7.793008
2092976,1.8210944
2093477,8.070289
2093858,6.088906
2094213,2.383994
2094262,1.0821184
2094265,52.043846
2094411,0.63453525
2095829,8.17253
2096581,14.171728
2096641,85.76328
2096968,71.19807
2097205,0.17504483
2097607,0.873875
2097795,6.68782
2097912,2.0950916
2098030,3.766626
2098664,0.35644844
2098850,4.585863
2100174,17.373547
2101112,14.873772
2101167,57.82098
2101200,15.248521
2101323,26.75133
2101884,22.757587
2102492,29.23825
2102493,3.9867392
2103480,0.0
2103544,0.0
2104119,50.61886
2104472,23.443954
2104539,5.2112436
2104622,0.0
2104626,2.6823583
2104910,62.505234
2105618,49.663918
2107372,0.070899315
2107939,62.43599
2108424,4.6156774
2108481,4.607569
2108635,0.83504456
2108784,1.5319663
2108851,26.252523
2110493,0.18031628
2110938,79.89047
2111172,34.192486
2111463,14.792379
2112808,12.7215185
2113934,8.934267
2114989,2.0747347
2115424,25.359613
2115662,30.841648
2115773,4.142541
2115809,3.5930977
2116940,4.834146
2118063,22.81923
2119582,2.2149932
2120677,60.844048
2120808,16.15457
2122613,0.0
2123079,22.622267
2123284,3.7847414
2124414,2.4689143
2124473,0.2328016
2124536,28.61623
2124808,10.083821
2124906,0.14709546
2124910,61.97734
2126194,0.23129839
2126830,0.0
2126987,0.15256898
2127377,4.619966
2127767,47.21397
2128464,0.0
2128761,15.517338
2129515,1.1668026
2130312,3.3206608
2130315,44.60392
2130742,14.006361
2131089,0.0
2131349,9.329478
2131472,11.746878
2131515,33.10393
2132248,2.6571622
2133714,1.7228712
2135434,28.512
2135489,47.46791
2136200,0.32919934
2137111,3.6802812
2137165,5.661035
2137823,49.64531
2138787,2.6717303
2138900,1.7250187
2139532,5.999671
2139828,20.877367
2140284,80.66205
2140434,3.9719026
2140544,3.3859046
2141411,71.03081
2141549,85.80366
2141612,66.7253
2141667,79.133865
2142130,1.4453055
2145209,0.8365805
2145620,65.97669
2145759,66.19193
2146145,0.61921
2148025,80.29044
2148625,9.595675
2149184,0.0
2150596,9.343955
2150727,0.04949933
2150750,3.6141136
2151235,13.884333
2151558,18.009626
2152948,23.267952
2153173,35.123833
2153435,76.325165
2154313,18.716576
2155583,44.442795
2156111,26.3646
2158022,2.9267414
2160591,20.963722
2160982,31.824694
2162874,0.0
2162974,0.34448653
2163313,25.820238
2164135,60.793312
2164707,63.426903
2164992,0.83617747
2165107,4.6455293
2165549,1.0554686
2165679,3.9147847
2165795,5.1253147
2168443,0.0
2168753,0.0
2168932,45.960983
2169722,16.298794
2170025,19.375574
2170383,26.102478
2170618,0.26172948
2170644,2.9908078
2171340,0.0
2171701,39.128292
2171712,45.284084
2171809,0.0
2171886,11.114678
2172544,22.228199
2172601,0.0
2175577,0.38128194
2175879,71.0048
2176017,66.54924
2177753,1.5454681
2177876,1.8091247
2177930,0.0
2178042,0.0
2178408,4.443036
2181941,13.573195
2182077,24.350431
2182804,31.552801
2182810,8.0499
2183423,80.30546
2183826,13.465956
2186138,0.0
2186452,0.0
2187682,14.198526
2188869,44.478893
2189115,0.19178757
2189129,0.0
2189742,49.54483
2191591,0.5814179
2191612,0.8146252
2192845,31.707075
2193537,8.845916
2193896,61.298897
2194263,8.463626
2196666,1.8736601
2197283,64.040955
2197725,0.97441953
2198112,26.999071
2200247,10.011357
2200962,0.4933487
2201581,4.259384
2202422,0.0
2202858,0.0
2203154,0.1405233
2204022,0.6117054
2204313,24.37464
2204397,11.691033
2204672,0.17309272
2206900,0.0
2206957,2.3395941
2207015,4.5069857
2207684,0.16742188
2209445,0.07595286
2209653,21.640617
2209722,6.2923822
2210281,9.1501255
2210421,1.8323612
2210675,51.041016
2210906,18.606812
2213715,27.458422
2214256,57.824215
2214323,64.66846
2214534,0.0
2214689,5.6683307
2215631,0.5509323
2216470,0.0
2217686,24.722443
2219962,0.0
2220415,1.3924844
2220431,6.660394
2220830,0.0
2221988,29.162266
2222889,10.004028
2223289,0.0
2223399,2.2521145
2223628,10.634412
2225865,0.47225845
2226217,7.4640865
2226305,39.40653
2227377,0.0
2227913,5.0071454
2228824,78.632706
2231564,6.819277
2231814,0.0
2232600,9.254772
2232697,28.132114
2236318,2.500866
2236458,0.5822166
2237063,2.2678747
2237495,10.978976
2237851,1.192958
2238030,2.8761964
2238389,12.799611
2238435,0.11335755
2240038,7.958912
2240196,1.400328
2241434,0.62532336
2241816,45.002747
2242066,6.8610597
2242525,18.235044
2243081,13.391841
2243180,11.572054
2243184,12.834787
2243266,12.840019
2243275,0.0
2243321,34.17929
2243540,0.0
2243984,0.0
2244009,0.9702747
2247803,67.99273
2247822,4.049538
2248204,0.0
2248215,7.180278
2249059,7.446435
2249872,24.915184
2249928,0.2705639
2250790,7.0817738
2252844,0.0
2253397,0.36681703
2254269,0.0
2254428,5.954742
2254469,0.3432542
2254505,0.75550604
2254654,31.2594
2255005,0.53440297
2255501,7.5387287
2255578,8.135615
2256415,64.34219
2256979,0.47022793
2257190,2.0937846
2259344,0.5805273
2259483,28.7471
2260342,0.0
2260572,3.5804064
2260659,0.0
2261018,0.0
2261215,1.0766892
2261269,1.0875814
2261693,0.0
2262805,62.74151
2262865,0.0
2262934,24.827724
2263248,0.27565303
2265778,0.0
2268084,1.5083947
2268632,1.4490856
2268888,1.9381603
2268947,0.29396227
2271504,0.0
2271792,34.544514
2272080,0.5152689
2272242,0.0
2272500,0.0
2272739,0.36227676
2273473,0.0
2273613,2.9160995
2273733,0.98747885
2273936,58.309326
2274334,30.375027
2274651,10.640556
2274687,16.073772
2276666,27.904972
2277287,12.040877
2277707,5.605054
2277785,0.0
2278677,4.5562406
2279335,0.23574218
2279433,4.4799895
2279517,9.339553
2280843,2.587978
2281041,0.5142127
2281142,0.0
2281829,2.999701
2281866,1.1143816
2282122,7.303972
2282819,9.709904
2282962,0.13764372
2283001,36.37478
2283101,9.180802
2283304,20.284317
2283499,0.022338597
2284013,0.0
2284027,86.255554
2284454,0.025611155
2284809,0.50832075
2284894,3.860861
2285132,0.0
2285167,9.92157
2285201,4.245232
2285351,0.0
2285355,0.0
2287415,13.3634405
2287894,0.0
2289119,0.16967933
2289612,84.34332
2290017,36.568977
2290620,4.747101
2290645,87.18383
2290915,0.23157983
2291291,5.3919783
2291536,1.4535962
2292275,3.5008175
2295816,33.29775
2295924,0.0
2296024,1.8600345
2296312,0.27292308
2297058,19.331257
2297259,0.0
2297549,33.17418
2297963,2.6544275
2298711,1.9491966
2298731,28.195206
2299633,0.33574408
2302589,1.0450621
2302803,0.7377432
2303039,8.135038
2303583,0.8463831
2303955,26.637695
2304663,0.17402035
2304963,5.3910103
2305025,0.51602256
2305890,7.713852
2307448,0.789434
2307885,4.8267655
2309289,9.529288
2309559,0.82277167
2310275,30.093525
2310791,16.605347
2312939,12.4781685
2314398,14.135879
2314406,19.514753
2314930,2.6035843
2315543,27.637407
2316244,0.5205394
2318157,74.77183
2318184,36.015244
2318229,26.168915
2319613,0.0
2320028,84.64928
2320581,46.820858
2322972,12.1560755
2323502,46.065876
2323714,84.588
2324453,2.2563496
2324519,0.0
2326595,7.856438
2328686,76.478264
2328749,1.92941
2330911,0.0
2331148,0.37073958
2331154,18.73145
2331499,23.818298
2332006,7.789593
2332284,28.041927
2332880,4.3565955
2332990,0.20047137
2334411,60.002148
2336995,35.230194
2338082,22.31458
2339411,0.1888106
2339446,17.315569
2341778,7.005849
2342930,18.633112
2342957,3.2900064
2343208,81.34472
2343665,62.59635
2344751,13.986592
2344783,1.6666126
2344953,0.0
2346089,0.18003547
2346243,0.058994856
2346296,10.408957
2346416,88.361565
2346671,7.545254
2350664,18.728731
2352953,1.7019295
2356684,9.274787
2356850,0.0
2356989,11.982339
2357070,27.045895
2360565,41.847485
2361050,7.098416
2362207,20.571032
2362306,4.333717
2362357,41.883972
2365645,0.49390608
2366509,17.301628
2366524,2.7767036
2367243,2.3356855
2367254,21.953989
2367767,0.6207993
2370610,5.7518888
2371377,0.0
2371632,73.280495
2372540,69.57037
2372591,63.305824
2372629,0.7761251
2372740,25.135149
2373339,26.816946
2373363,2.4296455
2373948,51.72472
2374700,0.0
2374963,2.5395281
2375015,6.1894183
2377695,36.24101
2378593,17.744612
2379786,0.0
2385251,0.0
2385779,73.637764
2386897,4.3085113
2387035,1.9970514
2387693,5.5049143
2389329,4.7897663
2390214,0.443466
2392301,43.074825
2392861,14.906844
2395670,0.37706423
2396249,5.1967325
2398423,10.410188
2398691,73.36537
2399434,20.31039
2399671,30.805513
2400073,17.022964
2400215,62.350334
2404708,58.60562
2405613,1.4596637
2407196,51.422794
2410200,55.697304
2411866,4.666723
2412294,5.1040397
2412940,15.354576
2413507,16.796503
2414063,4.317847
2416016,55.304512
2416104,13.405334
2416191,0.0
2417509,0.5603725
2417616,8.034058
2419242,0.6320144
2419890,12.767414
2419950,11.042516
2420026,84.49812
2420589,2.0253766
2424646,14.981405
2425222,0.0
2425318,9.665604
2425980,0.9654581
2426057,0.0
2426507,0.22136156
2429575,5.5327945
2431607,13.084945
2431784,0.11103005
2432032,19.643862
2432545,80.13698
2432622,0.19197372
2433604,62.29327
2435576,9.112029
2435838,38.334118
2437594,27.129765
2437965,83.28028
2442330,1.2995886
2443113,0.69304496
2445093,26.731115
2445715,76.67246
2445856,7.658291
2445905,5.4992323
2446430,48.77939
2446543,0.38778082
2446954,0.089193515
2447138,0.4082918
2447171,0.3871646
2447467,61.555065
2447634,0.8109834
2447847,86.55789
2452769,69.451744
2453608,1.3555015
2453739,0.15810986
2453855,0.9068821
2454667,10.621451
2455215,5.049235
2457182,1.4993182
2457754,0.45430377
2457755,21.20373
2458095,0.0
2458512,31.590565
2460303,0.19401243
2460578,28.856823
2460683,1.7176814
2461562,5.347725
2461673,83.66147
2461829,1.3357108
2462248,0.6785917
2462451,0.0
2464673,18.002724
2464679,0.0
2464886,56.767693
2465460,4.8481383
2465962,0.120636545
2466627,6.0758843
2467546,9.327593
2467882,0.09516169
2467963,10.032641
2468167,0.0
2468171,2.1565697
2468186,16.19489
2472215,3.6301792
2472461,0.30955964
2472636,25.201666
2473110,20.08728
2473861,56.48193
2477444,0.421563
2477543,17.878574
2477717,8.311334
2478415,70.1593
2478441,85.936516
2478825,19.12582
2479144,72.08793
2479193,3.8550577
2480788,6.970386
2482319,0.0
2483196,5.3598747
2483497,0.0
2484057,5.6784515
2487569,0.0
2487728,38.302036
2488022,0.0
2489313,6.9735646
2489407,79.86367
2489615,18.8321
2493176,6.911546
2493201,11.090864
2493601,11.570592
2495596,0.13068022
2495691,8.313987
2495824,73.61823
2495893,27.615585
2496331,71.56353
2500087,0.49771827
2500390,9.095552
2501519,0.9181882
2501809,3.9251027
2505219,0.0
2505890,0.82728386
2506158,56.50777
2508024,5.556361
2508175,0.082106866
2509822,77.576866
2510394,28.556667
2511914,2.7035503
2512871,0.27707642
2513351,0.022161337
2513706,0.0
2513864,0.0
2514272,5.109369
2514760,21.903103
2514831,53.85887
2515147,0.33097783
2515634,3.9209502
2515876,0.72558874
2516206,12.610943
2516430,5.469905
2517989,8.944609
2518372,0.0
2518907,0.4433799
2519112,48.075077
2519255,0.0
2521691,0.55913883
2523629,6.5491266
2524034,81.10745
2524523,28.405725
2526386,5.4955945
2526437,3.8443477
2526673,8.507044
2528636,42.70735
2529170,10.690415
2530004,3.4544199
2530057,0.54186225
2530145,3.3035302
2530757,2.6303496
2531212,1.7800454
2531815,0.0
2532144,0.0
2532197,15.825417
2532443,1.2206947
2532731,2.6761873
2534869,41.43862
2536263,1.2219654
2537390,24.035072
2537745,73.425735
2538248,76.147804
2539413,0.78510594
2539759,0.0
2539811,3.9239
2540173,12.052579
2540393,0.70431584
2543303,15.384723
2544154,36.198925
2547198,64.34148
2547570,0.7312861
2547619,6.4848046
2550012,9.652399
2550075,7.071666
2552636,11.563253
2553097,51.559658
2553391,47.673878
2554110,10.163559
2558392,1.2735906
2560334,5.341023
2560546,42.769196
2561229,86.07384
2562621,9.77424
2563135,20.444763
2563967,21.560778
2565071,10.753337
2565611,2.456696
2566451,0.0
2568543,2.2695932
2568874,65.96425
2569108,2.0392094
2569323,7.111106
2570488,51.132442
2571133,56.1711
2571217,36.72266
2571283,4.1908746
2575762,1.1484576
2576206,0.0
2578731,2.2569618
2586199,0.41847372
2586328,0.23560652
2586484,23.482231
2586788,13.072631
2592080,48.74158
2592259,3.7861276
2594067,8.692689
2594162,0.0
2594380,17.433483
2598145,15.030572
2598767,5.387678
2600692,1.08556
2601449,80.47956
2603870,39.615433
2604156,0.6391523
2605015,70.499596
2605966,9.500108
2606145,0.0
2606370,4.995985
2606383,3.2970839
2607517,0.68710625
2607575,1.6661013
2608391,10.482113
2608483,8.747295
2608680,0.23444135
2608700,0.0
2610922,2.283863
2611765,1.2019259
2612011,0.40886253
2612572,79.9376
2613681,11.748667
2613864,0.45836502
2617515,7.028283
2618627,3.618433
2620661,32.015587
2620837,7.314318
2625214,1.9256685
2625559,62.935577
2625766,20.384726
2626256,0.15464422
2627425,5.009447
2628191,4.621602
2629613,80.55746
2632699,52.342625
2633717,2.634486
2634235,85.67737
2634554,86.609764
2634573,3.5115182
2634576,15.799547
2635078,1.2026441
2635711,51.54992
2636396,3.5188105
2636643,0.3919953
2636744,5.5042624
2636762,85.537964
2636987,85.54578
2640467,40.464825
2643039,0.0
2644542,5.9395866
2645448,1.9859235
2645558,22.197515
2645561,5.8916044
2648761,0.98259187
2648957,23.316357
2651107,0.19937433
2651125,16.600769
2651650,15.443318
2652871,1.280961
2653186,17.087095
2653411,0.75566006
2653544,7.013944
2653644,24.08875
2656101,5.5079036
2656619,5.7968254
2657213,53.43575
2657689,0.15068738
2657791,79.07945
2658113,22.667707
2659165,4.1455307
2659448,75.31323
2659732,6.3759003
2661098,6.0246816
2664975,14.6613865
2665579,87.45727
2668311,39.46625
2668770,8.851823
2672220,0.0
2673792,60.017223
2674784,74.31097
2674884,21.317574
2676453,47.285336
2676692,6.445158
2677617,1.1665362
2677643,3.9275732
2677706,10.677269
2679171,56.86743
2682471,15.1547985
2682974,3.46036
2683387,11.350948
2683438,28.778645
2684480,0.0
2685701,4.222305
2685819,77.59377
2685940,31.838627
2686412,80.336426
2686639,51.56959
2687332,13.988755
2687464,0.0008703545
2687567,41.9118
2690557,41.542473
2693580,17.951212
2694111,7.772222
2694288,21.40402
2695042,62.3534
2695367,17.47145
2698206,11.431342
2698645,83.445755
2699454,47.874126
2700296,15.971687
2701047,7.280249
2701572,5.905351
2701910,0.199351
2701991,83.400764
2702053,79.24602
2707344,0.38772395
2707450,74.99029
2707819,5.960108
2708262,3.9736814
2709923,3.075415
2709979,16.127787
2710417,0.6243782
2710543,15.032596
2712028,0.0
2713695,4.412026
2716762,0.3031555
2716889,14.196043
2717461,8.063208
2721778,87.02779
2721883,1.6290363
2722391,0.13705139
2722983,32.837852
2723019,2.7137983
2723303,24.1178
2724993,14.318828
2725385,81.580505
2727166,20.094166
2727766,7.949007
2728126,82.07637
2729395,19.769587
2729913,64.43371
2730497,53.180546
2730652,12.797205
2736264,5.0492473
2737955,0.3059383
2738161,0.0
2738377,6.9047956
2738669,76.543015
2739112,72.54224
2739832,0.071883105
2740125,18.609186
2740253,1.5341029
2740389,83.837456
2743443,0.0
2743624,3.2250803
2747058,5.0545163
2747712,5.7928877
2747978,18.840202
2748016,0.0
2748239,1.5983192
2748493,4.9153686
2752482,32.605732
2754006,83.51783
2754728,0.19494244
2755951,0.0
2756525,79.48789
2756829,5.7055864
2756847,2.6769543
2757036,27.419704
2759978,0.20745614
2760590,21.91972
2760968,83.97716
2761390,0.0
2761766,3.6720464
2763303,4.204214
2763675,14.381749
2764392,10.786711
2764516,21.783081
2768188,0.0
2769505,2.9222143
2769623,2.0688872
2770230,7.6095295
2770914,1.8539578
2771141,8.751811
2771668,81.10892
2773698,8.348268
2773754,15.115977
2774189,86.196815
2774381,6.216627
2774934,78.71568
2777719,0.0
2781747,15.511272
2783786,23.561413
2784311,0.0
2786015,70.427315
2789724,29.227232
2790742,0.0
2791400,0.75311786
2791848,52.207996
2793630,4.3643627
2794880,37.011234
2798608,25.507322
2800150,4.569877
2800327,8.161808
2801603,60.121433
2803462,14.508988
2803507,9.760993
2803785,11.805134
2804065,13.598487
2804103,1.129843
2806791,89.30416
2808257,6.649543
2808477,0.40645465
2808880,0.0
2809027,1.8369778
2809975,31.72283
2811585,0.7098008
2811703,61.905766
2814076,4.2350307
2815748,61.954666
2815750,3.1676717
2816854,0.58314824
2818471,75.38532
2818530,27.471054
2819086,4.106407
2821079,0.13820447
2823012,77.98232
2824253,81.71309
2824484,34.745182
2824553,75.98011
2825322,16.140188
2825336,2.571421
2825539,0.0
2827615,26.065645
2829821,42.56561
2829832,0.0
2831378,0.6369802
2831639,0.0
2833834,6.5403323
2833998,4.757658
2834328,2.9565187
2834421,43.749393
2835159,0.0
2835738,47.00067
2836345,66.0281
2838319,4.556404
2842830,43.346397
2843185,2.5006335
2848235,81.50069
2848276,8.255645
2848532,36.551952
2849477,7.2598248
2851945,0.29274863
2853085,12.70366
2853557,84.93151
2854979,76.55665
2855220,36.29303
2856036,1.8156112
2858010,69.63557
2858120,1.6331594
2858430,0.0
2862466,64.86714
2862900,11.892484
2864385,0.0
2864480,2.439115
2864637,1.4152564
2865370,2.942267
2866217,37.7463
2867463,6.142936
2872666,4.2282815
2874602,0.0
2874695,0.1703276
2874932,11.567342
2875203,6.448862
2875509,45.42426
2875653,0.28810924
2876055,36.40524
2879157,5.143594
2880895,21.768816
2881692,0.99371445
2886357,0.40184882
2887581,1.0965424
2887761,25.909042
2888261,0.05567741
2888818,18.2853
2888877,0.5305175
2889781,10.286097
2892280,11.302076
2892709,60.967815
2892830,67.38653
2894055,0.5379942
2894146,7.0553484
2895820,80.669876
2897100,68.770294
2897471,78.68507
2897985,4.9695725
2898338,0.13229778
2899082,0.62608224
2899116,0.9927983
2904571,0.49453986
2904661,28.137754
2905572,72.96522
2906940,18.805883
2908258,2.6083827
2908420,0.0
2909690,11.129193
2912886,0.5578019
2913960,51.71767
2913978,0.87110686
2914445,54.36991
2917698,20.468325
2918225,32.198982
2918704,0.0
2918764,0.39970687
2919081,13.577837
2919287,0.50749767
2919377,3.6171675
2919875,0.0
2925138,0.062153008
2925888,0.81628925
2926508,0.72052217
2927005,8.81948
2927487,41.188457
2931544,4.329423
2931859,23.306067
2932027,61.97525
2933406,16.309383
2935329,3.871402
2935897,46.899673
2936054,37.017715
2936192,77.11027
2939514,9.270928
2939670,36.7746
2939958,1.7550683
2940007,0.024580687
2940762,2.3577502
2941688,16.356457
2942129,55.661236
2942211,18.02833
2943334,5.216263
2943641,36.49177
2943724,13.060408
2946155,7.2804127
2947668,0.35042164
2949128,41.66903
2949790,0.0
2950178,0.20945288
2950627,30.118574
2952861,0.25527367
2953058,0.87296957
2954989,12.509943
2957425,33.534386
2958344,3.1797955
2959168,63.593655
2959682,0.7912565
2960080,9.050429
2964260,0.91702616
2965557,12.841914
2967375,49.069916
2967792,13.308177
2968070,85.11897
2968964,14.189414
2969663,2.8714404
2969722,0.065375365
2969803,68.5775
2969919,38.520447
2973962,1.5358211
2975389,0.26705357
2975604,10.6441345
2976875,0.0
2977232,84.530556
2977482,0.60772187
2977643,4.5593925
2978053,1.828597
2978697,4.632491
2978825,4.8282957
2979650,12.999374
2979775,9.009278
2979871,10.265996
2980355,74.76563
2983952,9.691337
2984662,0.027410565
2985279,8.639534
2985678,76.85903
2986847,52.603096
2987015,0.6400084
2988045,4.6606526
2989428,11.516063
2989596,18.865934
2993952,20.9509
2994536,9.2203045
2994541,38.542496
2994648,2.9398627
2994659,31.606825
2995368,50.318653
2996823,0.81450343
2997377,4.05754
2997824,1.000015
2998230,0.21360894
2998911,0.0
2999527,6.3768
3002478,8.6949
3002746,0.0
3003127,8.617081
3003386,65.15958
3004348,87.12055
3004969,5.6018224
3005261,24.152246
3005990,1.7241187
3005994,14.446694
3006318,71.42234
3010571,8.390111
3010978,10.508854
3011058,26.437407
3011417,4.712806
3011497,1.0883
3013136,54.86335
3013158,2.7034047
3013383,1.2887119
3013404,19.320654
3013668,2.4310315
3015711,16.500443
3016563,80.547615
3018278,0.0
3018422,1.1490577
3019264,1.1501629
3021617,0.04522795
3022063,51.63234
3022247,12.742761
3022777,48.44843
3025885,38.29766
3026737,11.603165
3027445,1.4557712
3028186,23.747345
3029723,0.6941176
3031514,20.502485
3031660,0.47494763
3032110,56.97879
3032355,0.8694935
3033723,6.894382
3035054,37.85238
3035621,27.30602
3036132,0.41378352
3037002,0.76029825
3037740,8.664536
3038732,0.6613908
3038781,7.407389
3039186,50.644634
3039888,2.5559535
3040654,24.91657
3040917,0.0
3041889,11.739896
3042547,30.327393
3042553,66.31982
3042980,77.71798
3043127,5.0137224
3043416,0.034897268
3043425,29.288021
3043548,16.958786
3047340,0.9207715
3047757,76.51614
3047903,0.3293018
3048226,90.15709
3048321,3.2388718
3051679,8.650235
3052214,8.78755
3052285,5.0186086
3052726,39.176758
3057844,0.6249992
3058995,5.482657
3059025,88.230354
3059383,49.15363
3060745,36.324966
3060766,11.978741
3061093,0.0
3061221,68.08142
3063513,1.3838248
3064153,69.558556
3065612,27.160608
3065812,0.9948161
3065911,50.7755
3066652,7.3985023
3066976,38.87607
3067062,1.9216651
3067277,3.7906113
3068047,0.9348525
3070876,25.814863
3072242,10.449203
3072757,7.4005957
3073195,0.0
3075343,2.2827382
3075657,2.5305295
3076051,0.0
3079237,20.890972
3079567,75.35884
3081281,14.217897
3081335,0.21251485
3081454,0.0
3081756,74.06681
3082406,50.455128
3082988,0.0
3083026,67.15824
3083249,62.90806
3083966,45.658688
3085185,3.5824826
3089264,7.2421837
3089577,13.283044
3090315,2.1723213
3090922,14.570056
3092322,7.2083974
3093240,77.144165
3093762,0.0
3095016,11.391088
3095023,76.95099
3095119,35.209003
3095348,4.606339
3095550,51.166447
3095682,0.76416165
3098703,63.760197
3099573,1.083088
3100440,0.99689746
3100555,0.20833315
3100927,13.731911
3101746,0.0
3103596,3.8200026
3103784,10.708736
3104253,32.908287
3104543,0.8620138
3105086,15.459244
3105137,14.694452
3105572,5.7852473
3105712,63.43231
3105849,7.284987
3106051,2.3202846
3110281,0.0
3111195,66.03961
3112608,59.503914
3112872,0.0
3112953,6.6325493
3112966,1.9417807
3115710,7.654393
3116166,1.0118701
3116327,1.8282698
3116519,0.108026505
3120723,0.26248172
3121011,63.487022
3122230,0.12853028
3124456,0.23423102
3125426,71.38404
3129731,6.7714376
3129888,12.638657
3131794,0.6237897
3131982,2.3285694
3133055,36.127945
3133621,0.11336191
3133754,3.3565896
3136014,0.63240033
3136318,6.162879
3136535,6.4855123
3137069,0.0
3137906,46.801067
3137920,0.56310076
3138699,0.060844366
3138937,0.18782741
3139073,27.71344
3139181,0.0027791962
3139489,37.60245
3139623,8.8919325
3140375,5.8132124
3142216,0.61382896
3143311,3.4614985
3144094,0.0
3152039,1.0366443
3152701,42.21455
3152724,0.0
3152841,0.0
3154590,4.828654
3156460,54.474083
3156969,84.083496
3157330,0.0
3157420,3.8413947
3157747,12.023836
3164639,1.6898928
3165063,15.083657
3165190,5.444585
3166540,9.177201
3166564,13.556187
3166797,2.517164
3167520,2.6940866
3168163,0.0
3172778,0.016584994
3173148,25.353054
3173685,44.97845
3174292,56.686623
3174902,0.4460757
3174948,0.0
3175023,77.804726
3175204,78.76615
3175209,42.71589
3176553,0.0
3176781,8.976035
3176874,81.697716
3180308,12.3875675
3181376,0.7001765
3182176,3.0900536
3183018,6.6334343
3183201,15.778897
3183339,10.871
3185037,54.294384
3185529,17.058084
3185712,0.0
3185718,0.7631272
3185829,30.031046
3185840,0.2674485
3185977,1.1223205
3186147,19.891527
3191358,2.5786576
3191450,7.84621
3191779,0.0
3191925,21.5166
3192969,0.063665435
3194049,29.738592
3194510,7.308151
3194552,0.0
3196836,2.743381
3198114,1.9207927
3199022,52.390953
3199633,25.575762
3199891,50.033115
3200713,27.307682
3200785,58.959953
3201161,0.0
3208196,72.453224
3208864,52.371323
3208895,0.63732874
3208908,3.6682582
3208922,25.388424
3209319,0.95872587
3209685,0.35962903
3209866,0.0
3209980,70.760895
3210405,51.887844
3212922,10.338065
3213127,34.429688
3213712,0.5896744
3215660,78.816376
3215722,0.041256037
3216134,20.689297
3216238,14.721312
3216247,0.0
3217153,3.846555
3217196,0.14419053
3217684,71.70768
3217808,13.755054
3218526,77.77909
3218787,72.00462
3219401,0.4874178
3219928,0.0
3220028,2.753717
3220178,48.9018
3220820,80.12529
3222262,79.240524
3222510,2.2630868
3224913,31.375225
3225390,61.80937
3225440,5.654734
3225975,26.524649
3226454,0.0
3226489,75.29618
3228049,4.872568
3229157,3.993179
3231562,28.695032
3235070,19.284073
3236301,21.161333
3236919,8.802759
3237048,8.450314
3237052,3.6886017
3237069,9.902643
3237524,2.384337
3237602,0.78671426
3238109,0.0
3238431,10.524047
3238517,11.233229
3240903,8.199807
3241074,5.174996
3241287,11.234173
3241486,46.389877
3241882,30.182388
3242138,0.41918454
3242167,0.6578084
3244360,0.40497813
3246086,0.0
3247463,79.396904
3248306,15.346377
3250448,81.312256
3250977,18.511454
3251113,9.060614
3251148,58.364536
3251638,0.0
3251901,2.1461396
3254762,0.07006894
3261569,45.241196
3261740,4.8157544
3262760,12.166353
3262855,1.0194293
3262961,19.779655
3263039,0.0
3263260,40.35706
3263561,0.0
3263650,0.6494209
3263680,0.064121656
3264261,12.771601
3264348,0.0
3265410,25.095234
3267114,0.0
3268008,27.938362
3269126,1.1310092
3270428,5.750474
3270809,2.9146504
3271549,7.569134
3271767,0.0
3271893,8.02544
3272159,0.37711236
3272161,14.140446
3272201,9.751887
3272466,1.1299907
3272610,0.96640366
3272721,2.3690965
3272778,1.8666284
3273170,59.77603
3273182,0.0
3276963,0.0
3277079,1.2031056
3277684,1.9164984
3278158,68.37118
3278436,5.6748843
3278631,0.0
3278758,55.027412
3279446,0.0
3280787,0.0
3282274,21.770752
3282726,76.10692
3283019,2.1111434
3283284,2.484929
3283405,8.31755
3283729,3.7631757
3283741,0.44073102
3283782,26.556913
3283867,3.9510293
3284019,21.518112
3284085,12.701058
3284230,19.045195
3288710,26.501028
3289376,6.3129735
3290309,26.558176
3291524,10.0022745
3292042,40.89814
3292224,9.590011
3293357,4.196261
3293488,0.7221376
3293528,84.99807
3293577,0.9263628
3293918,74.0316
3294131,11.259509
3297016,32.345375
3297255,0.4741739
3299862,27.756298
3301118,8.55487
3302259,37.30965
3302463,21.647066
3302921,60.01442
3303165,75.66611
3303211,2.8124835
3303273,0.0
3303335,9.901777
3303382,64.776024
3303873,19.605862
3304163,3.2458184
3304307,60.69527
3304505,86.851685
3304670,20.42752
3304732,0.0
3307936,1.7903361
3308942,0.0
3309377,0.7856824
3309572,41.124958
3309761,0.41050792
3309982,54.826588
3310662,3.333271
3311235,6.977712
3311412,84.140785
3311821,44.684147
3311830,81.70165
3311834,78.72802
3312276,49.603012
3312417,40.50752
3315355,41.175564
3316191,19.349834
3317039,0.040706027
3318524,0.0
3319685,14.724205
3320635,0.4653834
3321432,8.40787
3324203,77.58863
3324250,6.8557367
3325297,18.892563
3325310,17.509945
3325584,4.9727225
3325617,82.20262
3326000,8.745324
3329145,0.22075702
3334360,0.124487504
3334616,0.61535496
3334756,0.8140544
3337585,5.5173736
3337808,3.2668645
3338062,8.970844
3338552,0.13000068
3339205,0.24978128
3340276,6.071471
3340780,48.04721
3341682,3.2815368
3341986,12.457328
3342681,2.2054186
3343299,1.1943048
3343671,1.0569613
3344168,9.611025
3344400,3.959689
3351165,12.72671
3351364,13.103412
3353282,5.2950907
3353422,0.08667382
3354484,9.636447
3354795,13.054846
3354829,0.39428177
3355024,20.350527
3357882,12.43803
3359768,74.621635
3360896,27.624672
3361203,40.566906
3361370,3.963678
3361783,4.47171
3362302,0.18114455
3362363,1.3714888
3363182,6.3240004
3363845,0.52206576
3363926,0.0761544
3364021,1.3432086
3364669,0.1854364
3368441,14.332877
3368609,36.949413
3368741,35.46641
3369100,55.566784
3370103,33.200214
3370151,21.141716
3370435,0.82971674
3371089,13.300946
3371155,0.0
3371770,20.838314
3372573,5.7850723
3372925,0.11073777
3373030,26.298292
3375448,87.37607
3376567,19.923016
3377193,8.856902
3377697,0.0
3378268,39.932217
3378289,6.1380816
3378627,78.17085
3380197,63.792576
3380546,6.5253196
3382507,38.240673
3383066,5.2814264
3383382,13.205652
3383516,4.9137664
3383816,1.1678287
3384323,0.023715656
3384875,38.266804
3385332,0.0
3385338,65.07177
3386226,48.072117
3386269,3.3553562
3386587,15.416281
3386696,78.7432
3386746,2.2794898
3390242,9.798692
3391220,6.6526117
3391548,0.8151539
3392418,6.2104745
3393705,6.156728
3393798,10.725288
3394798,67.453026
3395099,4.766012
3395681,11.957712
3398697,0.68427765
3400645,6.840842
3400739,61.685066
3400929,0.06850375
3401175,1.9873661
3401937,61.738365
3402068,5.690208
3402415,4.5898066
3402562,13.686411
3404247,0.34189674
3404313,51.093445
3404472,87.22506
3404668,85.267044
3404892,0.61876035
3408897,15.441685
3409820,76.25243
3409926,27.760672
3410470,39.853146
3410557,4.5569324
3410850,2.2651026
3411006,61.630707
3411086,87.47441
3411380,9.285657
3411815,8.658792
3411912,0.042976268
3412893,0.7551014
3413783,0.0
3413981,0.49440488
3414084,17.326286
3414182,0.559622
3414653,42.71198
3414843,1.975682
3414885,15.096468
3415582,6.647441
3415829,0.0
3416118,32.061054
3420223,6.95513
3420526,61.445465
3420546,66.14428
3420707,14.746874
3421020,31.638437
3421589,5.317709
3421605,67.34057
3421607,0.0
3424943,91.43916
3425054,11.938998
3426149,65.537704
3429765,42.39627
3430107,2.2511196
3430453,78.34846
3430612,0.2511647
3431377,17.771667
3431378,68.78237
3431674,0.95364046
3434075,4.1623154
3434284,66.583336
3434454,15.148369
3434471,0.86305034
3439131,66.43948
3439207,5.4859586
3439298,2.532505
3439664,36.06432
3439687,1.5628759
3439781,0.055439524
3440226,0.0
3440523,1.3501282
3440741,2.5774076
3441127,1.9209522
3441221,5.856877
3441604,1.5310613
3441729,5.6736536
3441930,82.92982
3442067,7.1982675
3442140,0.039267853
3445138,12.729007
3446036,27.815008
3447361,66.85041
3447448,0.0
3447964,0.0
3448303,3.4843037
3448563,13.087783
3448776,0.8953608
3449575,49.078957
3450210,5.045217
3451983,9.217214
3452009,22.849161
3452623,13.029877
3452809,37.290375
3453624,29.369566
3453750,1.405874
3454212,2.6563473
3454343,51.21329
3454662,1.6247486
3454893,2.1160717
3456576,84.480545
3457338,1.597741
3457802,0.34103075
3457822,75.863655
3457987,0.42207798
3458525,38.763363
3459384,34.78383
3460129,12.441111
3461872,1.323995
3462475,0.89754456
3462561,71.27631
3462626,1.2299925
3462871,0.0
3462975,0.57522804
3463475,83.30302
3464645,29.074926
3464706,1.6407809
3465310,46.536373
3465329,0.73995906
3465351,8.520773
3465407,11.07929
3465604,8.782028
3465607,8.327897
3465651,51.82736
3465972,11.846527
3466675,18.397331
3466842,0.791276
3466991,0.0
3467257,5.8293157
3467267,8.027322
3467587,5.929183
3467959,8.983583
3468044,71.19251
3468092,5.255465
3468914,0.3352947
3468919,4.294377
3469115,12.011769
3469771,82.79636
3473305,25.995756
3473778,12.927419
3474011,3.2314014
3474320,73.01834
3475693,2.4311478
3476105,41.466125
3476131,0.8123188
3476195,0.32596382
3478624,4.0382814
3478813,1.4729542
3479461,31.479942
3479614,64.19589
3479639,66.842224
3479881,18.147417
3482707,17.852392
3483278,0.0
3483699,1.4779072
3485146,0.59412694
3485641,16.998465
3486029,57.60954
3487236,52.425713
3487445,0.27865598
3487886,3.246696
3488283,3.4033675
3488332,0.6695367
3489004,1.1255431
3489242,2.8767998
3489450,60.253456
3489484,80.886604
3489608,11.56709
3490209,18.022552
3490317,85.8288
3490322,0.42101637
3492910,21.387484
3494876,6.3935633
3496438,0.3141103
3496976,0.98688567
3497198,5.5250063
3497765,77.73937
3498602,38.19574
3498763,14.925394
3498895,10.85943
3499016,1.1975728
3499174,18.313517
3502581,20.682583
3503249,0.20433788
3503403,11.546363
3505276,15.594372
3507112,16.656174
3508355,0.5382912
3510705,22.655586
3510790,2.5353026
3511778,17.007868
3511898,7.3312535
3512428,45.528484
3513138,78.44359
3513270,19.501635
3513303,70.351135
3513651,3.1374443
3513960,53.867813
3516700,72.232796
3518114,16.355825
3518682,59.978
3519172,15.951151
3519923,61.738956
3520094,11.671318
3520756,25.243668
3521124,17.93228
3521318,68.353264
3522329,9.218491
3522472,0.016351994
3522513,7.7337456
3528438,32.56375
3528709,1.050267
3529442,7.099099
3529888,11.806296
3529893,2.3446662
3530395,1.7291696
3530517,34.875694
3531018,83.05943
3531190,0.0
3531681,79.16502
3531850,0.24610618
3532067,22.177975
3532338,31.633503
3533180,23.380203
3533208,1.7141994
3533549,0.10003172
3533669,8.549886
3533777,63.65113
3534012,81.857574
3534137,2.982035
3534256,1.9830613
3534379,65.213936
3534443,54.01916
3538463,78.35098
3538727,0.0
3539882,1.1109537
3539952,0.18269095
3540722,70.433624
3541464,0.45284715
3542044,26.682705
3542523,69.15369
3543227,50.222755
3543534,3.2916992
3544113,9.373222
3544719,4.588566
3544796,0.3054789
3544899,47.95907
3545066,4.938682
3545591,0.4119336
3548133,40.212482
3548393,7.9119325
3548691,4.7275357
3549126,39.033592
3549478,42.939056
3549798,71.84721
3549819,0.0
3551598,77.687706
3552405,3.2971165
3553361,3.571107
3553398,0.0
3553679,22.623009
3553713,24.211124
3554230,4.9585443
3554287,0.36831227
3556241,0.3977129
3556615,19.561834
3557570,12.356628
3557831,19.623865
3558578,1.0522134
3559005,1.1034775
3559450,1.293728
3559515,8.052584
3559871,0.0
3561338,69.01545
3561417,0.0
3562245,10.471601
3562445,6.892138
3563035,2.0012
3563047,39.73924
3563251,2.2679458
3563271,62.504745
3569229,0.6992039
3569570,18.388447
3570201,7.642091
3570470,40.915016
3570528,0.14704657
3570985,3.2357845
3571021,7.922143
3571154,9.572342
3574063,3.6130896
3575238,0.96165586
3575453,0.77983046
3575487,0.0
3575859,3.3009584
3575918,2.0252652
3576390,0.0
3577101,59.443966
3577693,22.377972
3578028,1.0741147
3581652,7.747996
3582007,0.0
3582449,3.5143497
3584455,51.944733
3584703,0.8397542
3585049,10.906845
3585334,12.593638
3585754,1.4793973
3586203,0.0
3590337,50.297234
3590483,0.23674558
3592179,8.352362
3593311,0.34948128
3593385,8.132111
3593491,4.989054
3593824,10.74258
3594671,3.7464206
3595484,0.7647487
3595503,0.5284181
3595554,51.45214
3595987,0.0
3596230,3.310769
3598245,7.278892
3600457,79.36073
3600961,4.1092663
3601086,7.273327
3601377,2.09434
3601447,3.6389668
3601900,9.161641
3602534,10.326379
3603287,0.0
3603366,10.481721
3603426,7.909575
3603979,5.0040812
3604199,30.444857
3604551,5.4022446
3605076,4.2774487
3605287,0.5207976
3605524,41.053303
3605626,6.769986
3605896,25.032429
3606459,0.0
3610854,14.597076
3613067,21.399696
3613161,29.76702
3613612,8.887793
3613761,10.146467
3613854,0.91607475
3614079,48.32882
3614621,8.827163
3615796,53.166615
3616001,0.64352334
3616769,44.455574
3617350,1.4715661
3617430,6.591813
3617494,49.709606
3619399,0.7955525
3619705,38.994144
3622012,2.7447958
3622797,89.23642
3623201,10.075159
3623673,9.775548
3623946,23.860725
3624380,1.6209705
3624387,12.847583
3624653,13.331785
3625075,9.99014
3625713,1.6707175
3626302,87.41501
3626408,0.24112171
3626719,0.0
3627326,1.0092708
3627468,7.120453
3628190,10.831939
3628228,0.60049814
3628267,23.35597
3628961,0.6408256
3629141,52.55427
3629217,51.93261
3629381,0.3211907
3631473,62.750347
3633634,11.464724
3634361,6.7719235
3635322,19.25067
3635348,69.532616
3635420,0.0
3635624,4.109815
3635919,0.20340316
3637029,6.5141153
3638053,0.47438723
3638235,2.3537145
3638852,11.509714
3641687,0.47836977
3642033,0.0
3642278,8.163384
3642325,16.872517
3643392,60.051876
3643801,0.28557396
3644017,13.99642
3644037,1.0168166
3645072,2.425624
3645866,4.4745426
3645996,0.0
3646059,41.982246
3646212,1.6455009
3646638,14.342471
3650207,0.0
3650528,18.37677
3652230,20.503893
3653037,33.794262
3654420,36.466927
3654510,4.8715873
3655367,71.205765
3655688,0.9748501
3661644,49.286728
3661864,0.68708694
3662198,1.7880309
3662795,43.312546
3663178,89.98609
3663423,0.73211545
3663798,47.62528
3664094,8.238087
3664473,1.2343082
3664481,0.361585
3664892,1.5791622
3665721,15.919004
3666015,1.835455
3666146,23.103804
3666617,19.96733
3666653,74.90873
3666884,3.657001
3667653,0.0
3667692,0.114465296
3667717,1.3123317
3667895,0.8779716
3667915,25.154455
3671653,48.419445
3672455,0.0
3673772,81.83313
3673774,33.116558
3674594,12.255097
3674757,66.41041
3674937,0.0
3675270,0.10361382
3675568,33.32035
3676461,24.892962
3676625,5.40392
3677309,42.581055
3677436,8.217758
3677466,0.0
3677638,9.9310465
3677737,2.6721582
3677995,13.98522
3678064,3.878883
3678357,59.040257
3678829,12.1505785
3679179,12.383531
3682839,63.548615
3683236,1.9114114
3684302,18.018133
3685591,1.759272
3686256,3.2352054
3687840,4.8794813
3688197,6.3173923
3688368,7.334734
3688940,5.278529
3689140,71.05048
3693008,5.965882
3693222,4.3976865
3693262,16.846354
3694030,40.07361
3694268,4.415082
3694441,7.5490537
3694643,3.6899202
3695178,56.609196
3695375,47.154297
3695463,13.603194
3696043,13.863803
3696224,14.437204
3696746,15.604126
3696946,9.243078
3697432,43.61538
3698241,16.33511
3701381,11.480177
3701890,8.478292
3703129,55.128414
3704081,0.056005813
3704297,76.98293
3704729,4.6116743
3704891,0.35074955
3705030,0.01566149
3705088,1.8576875
3705368,15.145127
3705495,31.375988
3705534,0.19913456
3705673,5.4073534
3708542,18.585472
3709294,83.0513
3709567,43.615173
3710434,0.17144759
3710483,2.7821403
3710661,66.736885
3711096,11.187539
3711208,0.0139500685
3712133,6.7889185
3712330,76.09413
3712846,9.682233
3713028,1.5160052
3713031,63.896107
3716193,72.47706
3718713,0.9442297
3719330,19.267712
3719701,8.4848175
3721036,1.562417
3721826,0.45851752
3721904,40.158962
3725902,14.241877
3726665,69.07898
3727206,29.85275
3727861,0.06511276
3728240,4.219022
3728953,0.0
3729469,16.915457
3730645,46.292507
3731388,14.564973
3731534,2.181849
3731689,2.6955864
3731871,3.0851555
3732008,49.66738
3732059,0.29623982
3735175,10.207958
3735483,13.666789
3737180,6.822929
3740402,18.164635
3740809,5.274767
3741457,59.11591
3741504,0.66099703
3742373,1.9412813
3742413,0.7116036
3742519,0.0
3742785,0.2952221
3744465,32.471817
3746945,3.4400833
3747392,7.301228
3747505,3.7140992
3747567,47.640217
3747855,2.1801772
3748401,0.0
3748684,40.682045
3748804,19.499846
3749338,18.209013
3749528,0.0
3749971,12.100007
3750568,62.40295
3750917,0.5458303
3751570,48.747322
3751737,20.205338
3751894,86.21608
3751919,5.909122
3751932,45.590324
3752352,0.0
3752605,7.125403
3752872,17.432034
3755001,7.9089227
3755474,6.773607
3755748,13.014467
3756098,6.35759
3756488,6.0165505
3757178,12.059354
3757461,65.436035
3757859,45.201313
3758296,39.05728
3758495,17.419937
3758686,80.01188
3760029,66.85212
3760158,13.835244
3760740,8.457771
3760824,2.8374405
3764301,2.3954723
3765411,9.516036
3765646,9.353872
3767079,53.231865
3767267,21.325306
3767674,6.4724216
3767801,4.790587
3768796,64.49261
3769052,44.63072
3771687,25.484245
3772617,0.0
3773787,2.1559503
3774556,0.0
3775379,2.6558347
3775659,44.257988
3775857,0.0
3779523,4.0308623
3780206,5.0764585
3780715,44.093502
3782016,78.12583
3782082,0.15360299
3782283,1.639803
3782441,0.0
3782457,0.3621404
3782579,20.668953
3782925,64.889336
3783173,6.2394667
3783231,0.0
3784298,0.75144047
3787893,3.7412186
3788637,18.42758
3789400,0.0
3789685,5.2325077
3790048,14.425032
3791176,5.0607743
3791464,2.627318
3792227,1.5695882
3792507,0.0
3792523,34.521793
3792732,0.0
3792910,73.933754
3793002,8.054551
3797867,76.96503
3798941,82.532715
3799541,28.297003
3799598,84.062164
3799995,6.6272893
3800187,7.0046654
3800332,0.5687903
3800789,0.45629218
3801007,19.34562
3801368,84.3246
3801701,19.89343
3801950,3.2624178
3801977,0.0
3802218,82.99678
3802538,72.207954
3802582,2.2382176
3802908,12.194274
3803154,9.535104
3803194,3.8766992
3803201,13.530478
3803622,9.596002
3806630,0.0
3807983,15.486136
3808405,2.0209455
3808709,3.3447096
3809988,3.8409994
3810334,75.03093
3810864,0.0
3811171,73.21135
3811578,1.982405
3811639,85.679344
3816424,0.0
3816450,59.16917
3818259,55.261345
3818298,21.209303
3818999,4.0329323
3819304,18.634903
3819656,0.43269795
3819946,70.28066
3820498,2.1644514
3821364,0.18863498
3822296,48.83887
3824057,3.1916187
3825362,7.486363
3825437,0.69529635
3825743,20.358465
3826908,24.423904
3827231,9.751987
3827442,15.758255
3828097,13.932673
3828098,6.4225006
3829387,0.0
3832444,7.7531075
3832863,6.2690988
3833644,24.76082
3834786,27.957998
3835052,24.183102
3835132,8.431546
3835244,27.487001
3835334,0.0
3835345,7.069616
3835611,1.1305634
3835681,84.703636
3835740,48.686317
3835948,31.255838
3836180,5.0325527
3836199,54.848545
3839258,7.1079335
3839365,59.298325
3839717,2.0148335
3840200,16.581606
3840286,15.436981
3840719,12.671138
3841033,2.3952608
3842694,34.349346
3843916,7.781266
3847681,0.0
3848431,2.4812453
3848810,0.0
3848877,16.118395
3850182,7.716814
3850237,3.5131927
3850254,7.4809937
3850967,9.305202
3851183,9.192368
3851498,29.52035
3851571,15.717971
3851719,20.756313
3851770,3.1507556
3852141,6.0979633
3852261,57.02777
3852538,66.42932
3852580,0.30602485
3852660,0.29550177
3852988,4.853834
3853079,18.06844
3856570,32.918915
3856583,34.693886
3857180,10.653052
3857462,10.759793
3857687,16.915854
3857863,62.41382
3858386,16.11728
3858785,0.0
3858822,3.6001434
3860590,82.088615
3860762,4.477728
3861299,15.765618
3861301,0.8886586
3861569,1.2907624
3861713,3.5617366
3861885,4.441972
3862154,2.2278137
3862328,75.48586
3864528,0.0
3865141,90.98783
3866389,23.613405
3866536,5.236848
3866540,16.502565
3866888,0.5733667
3867293,0.6912601
3867351,84.16554
3867525,0.3436596
3867632,0.0
3867739,9.345834
3868052,11.724072
3868344,54.34761
3868719,0.0
3868981,66.503586
3869282,0.0
3869335,49.04826
3869436,14.806525
3869967,12.017112
3870158,22.806808
3870187,15.228276
3870317,13.876079
3870502,0.23113765
3870793,4.418718
3870797,23.75349
3873453,0.12019506
3874023,42.102802
3874702,29.211185
3875294,5.5505266
3876269,0.0
3876850,3.7759798
3877193,28.17986
3877362,31.90914
3878067,4.895958
3878579,0.08311171
3878621,75.13507
3880863,12.198462
3880985,0.18920997
3881808,10.144536
3883020,12.461924
3884052,6.6926255
3888470,7.9819827
3888689,63.70891
3888752,76.79428
3889773,0.15688314
3890018,40.043743
3890947,2.343762
3892700,87.96962
3894446,2.153583
3894449,5.8345356
3894674,21.470245
3895455,8.778845
3895930,25.055595
3896579,3.726182
3896588,0.55819327
3896778,30.917976
3897387,34.449665
3897667,5.3836412
3898329,0.0
3898625,2.0361323
3898736,3.177009
3901806,34.807648
3903173,11.185763
3903747,6.9482036
3906483,47.3053
3906942,20.723356
3907279,17.56783
3907413,80.99662
3907603,65.1342
3907848,83.560295
3907852,11.179724
3908008,16.670883
3908094,4.7463465
3908191,0.36694723
3908257,52.42309
3908361,8.477394
3911393,12.306769
3911451,13.351799
3911536,0.53322405
3911632,62.36949
3911804,26.018015
3911826,38.758682
3912794,48.243443
3912900,4.2948065
3913674,0.057906896
3913873,12.171133
3914910,2.1178083
3915799,0.0
3915933,12.502405
3916062,0.0
3916312,11.941308
3916525,52.245426
3916572,0.45034644
3916775,16.591347
3916962,0.541579
3917007,0.39968577
3917163,20.483658
3917367,32.255276
3920357,0.0
3920562,77.652954
3921600,4.2960954
3921900,0.0
3922214,15.140081
3922314,0.9059771
3922967,5.181497
3924325,40.189014
3924619,29.40627
3924820,69.24535
3925359,2.7243652
3925418,3.2635186
3928833,1.6446046
3929317,36.15215
3929669,10.362594
3930410,1.2636746
3930878,4.3759193
3930967,4.7415447
3931242,6.704254
3932374,0.17436899
3932970,0.6694496
3933552,83.93768
3933571,81.23638
3936759,12.02917
3936970,67.083786
3937103,0.1066344
3937482,0.0
3937630,0.0
3938401,7.0026965
3938956,32.401814
3939086,9.480497
3939128,2.863093
3939929,0.0
3939974,9.749588
3940234,0.40074998
3942409,15.577647
3943594,0.0
3943630,0.0
3943738,1.205395
3944200,24.496107
3944233,60.381348
3944625,80.23534
3945449,5.127476
3945636,14.570066
3945680,3.7375903
3945836,8.582972
3946018,30.905449
3946024,1.112739
3946201,14.121945
3946245,0.0
3949890,10.987156
3950991,16.410202
3951043,0.0
3951363,0.15113962
3952264,13.512172
3952328,19.032846
3952502,2.1113667
3952676,0.0
3952793,2.9306095
3953585,14.929475
3953602,70.34674
3954544,10.339317
3959177,0.0
3959369,0.5828716
3962389,11.685301
3963168,13.354617
3965787,3.138851
3967123,10.105566
3967467,0.0
3967613,0.0
3967945,84.640625
3968371,59.85019
3968434,41.538204
3968501,2.6123073
3968742,0.07738161
3969366,2.6444952
3969705,16.888407
3970224,5.3318405
3970345,10.4033
3970626,54.22071
3971498,0.8227111
3971534,4.1527843
3971775,1.275768
3971852,0.0
3971900,5.0600576
3971948,0.0
3972408,0.0
3972453,83.58331
3972524,27.011341
3974464,0.34108645
3976928,81.40507
3976991,37.14222
3978092,53.77572
3978364,6.50453
3978543,54.760315
3978632,4.4988093
3978680,6.1833034
3979504,0.0
3979522,0.42882514
3979611,2.704943
3979815,67.59314
3980324,0.0
3980611,87.18861
3984077,10.543351
3984207,0.5095163
3984681,52.425068
3985088,9.058356
3985458,8.363349
3985673,2.8046784
3986953,43.30609
3987097,13.307247
3987571,85.227455
3987599,12.125521
3987655,82.383385
3989564,85.63217
3992814,4.5613546
3993388,80.71388
3993392,8.248253
3993553,0.0
3994287,32.033054
3994638,79.64105
3998498,42.374577
3999079,24.622925
3999735,15.890318
4000133,0.20709786
4000309,1.5287948
4000530,0.0
4000561,0.44462207
4003179,0.40402463
4003220,79.723625
4003231,39.060085
4003515,57.940754
4004700,48.873985
4004883,3.803213
4006068,22.897589
4007689,0.029419953
4007784,61.40406
4008362,0.06731997
4011323,22.304272
4012280,0.14772178
4012558,40.66075
4013339,48.69883
4013685,1.9292918
4013920,12.234453
4014004,19.951107
4015354,87.01769
4015422,1.8360656
4015442,0.6339323
4016109,7.9877963
4016121,1.4648782
4016142,16.283834
4016791,1.0809438
4020957,0.5561501
4021884,5.284706
4021957,85.83409
4023232,7.0819097
4023565,2.144755
4023713,13.302114
4024413,0.5094315
4024936,37.278812
4025313,0.3359861
4025325,41.48543
4025355,13.524944
4025913,78.930244
4026150,68.36561
4031463,24.175306
4031668,16.390503
4033422,55.931423
4033521,75.3781
4033709,5.414635
4037008,5.0964746
4037379,0.7797826
4037426,14.69021
4037522,11.853667
4038816,3.96974
4039450,7.161162
4040395,19.072172
4040489,0.01614703
4040900,21.990913
4041351,0.12155223
4041583,1.7664825
4043470,2.2499182
4043830,17.996815
4044625,0.7289421
4047638,25.647825
4047751,0.0
4047785,0.9324181
4047795,12.586606
4047979,7.2460146
4047989,61.377445
4048013,11.371733
4048043,71.39335
4050765,27.165031
4052514,64.80832
4052771,20.330584
4052940,0.07891587
4053152,1.5157584
4053470,0.0
4053558,3.8796847
4053564,18.255089
4053804,3.1208105
4053987,6.9179745
4054332,57.851276
4056741,10.350159
4057099,45.01371
4057361,3.9419093
4058316,20.248138
4058515,1.4579442
4058615,7.3912544
4058949,32.084568
4059037,2.3322828
4059214,54.534397
4059826,12.614457
4060149,0.0
4060400,0.89859426
4060446,13.810435
4060526,8.526215
4060993,4.9813867
4060994,0.0
4061171,17.525398
4063357,65.87968
4065300,21.498423
4066179,5.245496
4066224,22.41447
4067136,6.3812428
4067200,51.610607
4068216,83.923256
4068273,2.6376033
4068760,66.79039
4069211,76.0368
4069228,36.55396
4069341,3.3402808
4069363,35.481094
4069584,67.02124
4070027,3.229682
4070133,64.6725
4070140,0.0
4070169,70.93465
4073641,4.075029
4073957,0.0
4074011,0.0032355024
4074344,67.75472
4075252,0.021023318
4075963,9.31635
4076000,0.28069112
4081707,4.463147
4081926,53.10293
4082635,6.347884
4083049,15.828003
4083306,61.815754
4083380,0.61944276
4083790,1.1597377
4084541,0.1230559
4084603,2.6808515
4085413,0.409069
4085570,66.552284
4085939,13.4265995
4086156,0.361883
4088506,19.450502
4088979,7.8690777
4089417,1.7407482
4090358,73.47971
4090748,15.735185
4092010,12.921882
4092724,5.8904743
4092751,10.3492565
4092796,12.261806
4093053,3.8629365
4093403,40.12179
4093591,3.4691017
4093885,1.2750721
4095945,7.2794886
4096193,0.0
4097284,45.11269
4098052,0.56180537
4098497,3.413818
4098642,69.878105
4098656,45.41522
4098814,66.60676
4099088,5.1649446
4099553,49.207848
4099710,3.1928508
4102936,82.61634
4103007,18.024954
4103146,1.3174098
4103165,6.4637914
4103323,3.6528952
4103528,47.227146
4103623,13.296614
4103974,3.4339008
4104160,1.790521
4104264,0.0
4104740,0.0
4104884,0.303191
4104980,32.282887
4105037,8.459955
4106001,79.87491
4106051,3.6965442
4108143,2.9446762
4108658,6.488203
4108799,7.6821785
4108838,77.01132
4108987,12.9941435
4109104,0.622
4109846,7.513009
4110242,0.0
4111353,1.1596652
4111722,32.826424
4112236,0.14524814
4112322,1.2135439
4112924,8.005729
4113219,0.21971788
4113459,45.148407
4115327,45.11516
4116557,2.1836998
4117128,2.0644386
4117817,2.759764
4118244,19.389624
4119422,0.0
4119780,13.720806
4120232,0.25726995
4120245,49.123722
4121234,3.8021488
4121879,79.914955
4122050,75.33017
4122052,76.25126
4122066,0.34526375
4122105,18.605602
4125486,5.4201765
4125559,8.957791
4125884,0.10464067
4126073,0.0
4126245,5.2069426
4126437,64.600815
4126452,8.151253
4126676,27.589201
4126690,0.24654314
4126816,21.761646
4127402,13.658452
4127524,0.26164222
4128314,4.79436
4128337,85.17038
4129195,50.878304
4129212,8.273292
4129365,18.985226
4129487,58.767994
4129491,0.0
4129664,3.435875
4129992,13.233734
4130225,0.7289672
4130266,5.2828183
4130536,35.009075
4131851,0.0
4132116,30.606693
4133713,61.520763
4134035,33.82748
4135645,84.60495
4135674,1.0065128
4135876,56.798252
4136032,8.028049
4136596,50.091904
4136832,1.6018932
4137306,32.291878
4137414,0.53167665
4137415,56.56181
4137524,11.672351
4137526,36.2131
4137681,61.021915
4137979,84.5389
4141567,0.0
4141987,9.153125
4142125,0.10431311
4144162,45.25406
4144849,0.11174717
4145018,7.4433584
4145301,11.954415
4145491,3.5763102
4145494,38.80061
4146226,8.489318
4149673,0.42358792
4150060,56.12723
4151641,0.0
4151722,4.698764
4151780,4.423377
4152366,84.65673
4152752,84.56173
4153555,0.81114304
4154042,9.548556
4155012,0.0
4155643,2.227225
4155661,0.28258336
4156015,16.459574
4156239,7.3505096
4156921,73.72133
4157064,6.4616895
4157226,1.7109308
4157228,4.7899494
4157294,1.4971536
4157451,25.16438
4157602,1.0011243
4158078,2.8864844
4161013,83.34483
4162119,13.502391
4162219,66.12282
4162519,23.651525
4162562,0.82156515
4162957,37.13213
4162997,84.456436
4163020,0.0
4163168,82.890396
4163710,12.141291
4163728,18.337795
4163781,11.846218
4163804,0.0
4164931,69.161865
4165037,73.82819
4165038,5.7561727
4165158,0.2917063
4166474,6.263325
4166480,14.923884
4169840,0.0
4170372,0.0
4170460,67.47921
4171272,0.4303913
4171692,80.55125
4172551,0.0
4173038,12.239549
4173107,23.231014
4173396,19.626305
4173622,0.0
4173751,14.572899
4173764,3.2869298
4173969,0.16917478
4174286,0.0
4174387,2.7916858
4174444,15.24856
4174475,1.9079974
4174716,78.53347
4177768,11.985941
4178830,7.201505
4180818,40.789333
4181449,0.111981794
4181828,56.330925
4181887,0.18982707
4182262,17.53333
4182771,63.03945
4182844,24.01576
4183095,0.0
4183328,4.285123
4183801,65.15342
4184577,35.449215
4187860,0.8802695
4187918,12.097869
4188766,8.746199
4188807,85.19701
4188848,0.38107923
4189428,1.6520947
4189696,5.472767
4189795,0.0
4190002,1.5891951
4190240,3.2196457
4190259,0.0
4190301,0.076226
4190463,27.196068
4191038,6.346242
4191802,1.3247473
4191968,0.14661963
4194010,0.13361964
4194302,29.890915
4195677,40.00238
4195902,33.79713
4196266,26.03001
4196308,1.0931796
4197235,7.075774
4197396,55.23486
4197645,4.97063
4197760,74.424286
4198153,33.983223
4198575,21.578524
4198667,12.021024
4199123,10.5059185
4199156,42.761658
4199411,0.3370163
4199782,76.3361
4201905,0.26019117
4202213,39.87138
4203424,5.7634053
4203428,2.7218552
4203517,43.53057
4203524,72.26552
4203606,0.0
4203686,0.051201176
4204024,0.0
4204083,83.889946
4204496,81.297714
4205224,6.0080743
4205289,75.337006
4205784,0.0
4205815,86.73627
4205816,8.7671995
4206034,35.633224
4206087,0.16016623
4208547,26.048222
4208639,42.95523
4209182,0.5269287
4209503,10.880829
4210004,0.43021265
4210232,46.177387
4211276,0.31840366
4211459,34.078735
4212249,67.009056
4212389,83.8443
4214733,74.10229
4214852,0.0
4215595,50.01321
4216183,0.06451852
4216435,0.7329791
4216813,63.65671
4216900,26.335592
4217642,4.788806
4217793,6.799266
4218067,14.232097
4218098,0.48616487
4218196,14.894661
4218499,2.0696442
4218929,2.3364165
4219851,28.739086
4221999,29.34781
4222400,5.2932844
4223782,14.979503
4224091,66.43569
4224391,2.0606365
4224659,1.2382095
4224751,0.0
4225050,5.494859
4225738,23.921751
4226098,75.34615
4226521,28.952267
4226535,5.4668317
4226549,0.0
4226864,0.076228455
4227161,64.42448
4227351,0.0
4227554,75.568
4227998,82.888054
4228365,0.0
4231348,34.474434
4232530,12.372061
4232559,31.781704
4233025,45.20218
4234072,75.99546
4234332,19.0679
4234338,76.11032
4235150,1.8568679
4235620,13.965507
4235843,3.77108
4236359,11.251234
4236725,0.0
4240861,85.03704
4240947,0.102894746
4241028,71.15004
4241195,0.06196818
4241278,0.2789216
4241430,1.6282997
4241561,15.93642
4243522,7.5949564
4244086,46.163784
4244134,12.9570265
4244235,28.179035
4244476,0.0
4244685,79.749214
4245175,10.831609
4248788,1.099348
4249131,72.52385
4250093,77.20617
4250905,1.4134663
4250908,1.8913018
4251839,0.27031043
4251862,64.84073
4251883,72.07496
4252015,0.17366065
4252172,0.0
4252443,1.4506712
4252539,18.728113
4255703,86.38636
4256091,49.18419
4256114,8.827755
4257078,15.460171
4257081,1.0536505
4257249,80.909355
4257306,2.5145893
4257321,4.8754644
4257343,8.362094
4257354,89.02056
4257392,17.769075
4257627,71.02777
4257892,67.24028
4258054,1.1398605
4258075,9.884209
4258186,1.3793672
4258603,32.854637
4258867,0.053863384
4261029,33.967083
4261691,13.234997
4261693,79.468185
4261951,0.6550301
4262135,62.810165
4262248,0.33333582
4262738,0.43820804
4262976,15.661422
4262990,2.0337148
4263072,5.1090007
4263330,11.3690815
4263482,1.3347507
4263624,17.442467
4263802,27.591469
4263880,17.746716
4263944,54.60031
4264188,6.7325315
4265871,0.57991296
4267133,0.0
4270409,3.9006913
4270462,0.6877649
4270683,0.027572796
4270689,0.53575367
4271059,1.4388072
4271119,68.22062
4273931,50.502502
4274443,3.1498091
4274462,61.386986
4274589,16.668003
4274595,83.67157
4274999,3.440296
4276762,27.68765
4277980,0.0
4278389,0.7121251
4278717,39.007446
4278801,3.2879133
4279049,2.5589058
4279260,52.30573
4279323,0.020779947
4279440,28.914585
4279820,26.700077
4280015,4.4656973
4280105,0.0
4281898,71.54902
4282178,70.54574
4283264,8.632413
4283462,0.0
4284031,25.713215
4284848,0.0
4285465,1.0211763
4285571,47.761616
4285924,26.061422
4286196,2.9756222
4286584,8.5559025
4286662,1.9061457
4287043,0.07998543
4287079,0.21457803
4287104,0.0
4287221,69.28981
4287605,23.05166
4288276,8.181685
4288330,67.933
4291015,1.0246688
4292165,19.744122
4293935,26.804853
4294546,21.431032
4294617,17.770845
4294640,0.027795648
4295004,12.4063635
4295108,3.7011285
4295542,35.890476
4296291,61.67726
4296391,42.317436
4296565,0.40872586
4296588,0.13485336
4296687,6.2700043
4296724,0.14534609
4296897,3.598392
4299536,42.82944
4301625,2.5510178
4301678,0.0
4302109,15.513539
4302562,11.694481
4302685,7.3091235
4302952,47.60233
4302970,71.80383
4303730,27.54439
4303825,4.6025186
4304369,11.56259
4304822,70.2724
4305044,0.080407895
4305200,7.5022674
4307289,83.80582
4308612,66.36465
4308779,11.058856
4308798,51.944744
4309079,9.102692
4309384,6.685281
4310169,5.657501
4311233,82.318085
4311532,2.767864
4311917,8.0571575
4311922,1.5758182
4312298,3.9052224
4315579,9.063506
4316648,57.639988
4316987,24.568834
4317815,10.111297
4318362,41.59693
4322054,0.0
4322146,15.721628
4324007,2.7183902
4324129,3.4903975
4324166,3.014943
4324222,2.372315
4324388,75.411316
4324468,0.11986099
4325124,26.003122
4325134,9.240539
4325220,4.4181027
4325244,45.57182
4325480,34.137436
4325538,0.43438676
4325724,0.0
4329822,1.5736716
4330061,11.88061
4330251,27.911774
4331582,1.0747868
4332102,2.6639893
4332249,1.9543015
4333204,9.154301
4333628,10.67341
4333942,3.4752526
4334013,66.50922
4334267,0.0
4334446,67.718475
4334513,0.54171646
4334735,28.220829
4335752,3.8736222
4338548,6.2677073
4339188,75.97848
4339690,53.135674
4339924,81.72125
4340161,79.54168
4341158,23.942877
4341477,12.109588
4341664,51.08484
4341998,0.52434856
4342304,9.022527
4342491,0.0
4343285,4.06443
4343401,74.84272
4343474,8.353906
4343597,0.43608734
4344220,0.695287
4345691,65.08963
4346933,0.11741805
4347285,0.3164201
4347410,7.898478
4347648,52.666775
4348062,3.4680421
4348161,8.745448
4348826,6.1776714
4349358,76.112785
4349666,0.25986287
4350391,10.50077
4350574,1.4692689
4351166,25.418829
4351262,3.2582664
4351563,0.0
4352537,3.8609865
4354764,48.663902
4355876,29.499216
4356329,4.129327
4356687,6.0467796
4357014,0.7431805
4357134,0.249313
4357298,0.0
4357464,1.4385993
4357892,24.662971
4358526,19.75644
4358619,0.0
4359109,75.34921
4359219,9.041824
4359453,34.39315
4359930,0.036905993
4362345,4.7249126
4362570,65.95015
4362837,75.70353
4362992,4.4012218
4363116,4.0404444
4363693,0.0
4364573,4.5568
4364591,46.71219
4364789,0.42716146
4365018,0.0
4365179,25.085224
4365328,7.2975082
4365545,0.0
4365833,4.75723
4366792,17.173147
4367233,1.3436179
4368547,35.800823
4369737,0.74280626
4371673,0.0
4371855,31.968332
4371878,50.927433
4371917,12.294836
4372055,16.782755
4372068,24.411
4372125,12.547259
4372158,15.92681
4374913,74.75154
4375146,1.0344759
4375375,0.87395084
4376144,1.580502
4377593,1.0307416
4377929,79.166405
4377999,0.93891644
4378016,7.0802436
4378437,0.0
4379181,70.52367
4383457,10.28358
4383838,6.016352
4384035,82.189285
4384442,11.613047
4384643,1.88772
4385990,4.603586
4386187,9.046544
4386598,86.16864
4387007,18.66129
4387048,9.1927805
4387234,0.5763883
4387303,17.325218
4387491,0.0
4387507,3.7792222
4387684,42.80899
4388617,0.0
4391869,69.25225
4392250,7.401945
4392402,0.07760307
4393057,6.9019833
4393126,1.266693
4393502,16.368444
4393519,0.56172466
4393628,41.4661
4394977,60.470333
4395118,7.964071
4395303,12.647405
4395490,0.41116488
4395749,0.69280535
4395770,1.2769159
4395814,7.5308456
4396106,20.746735
4396142,39.9417
4396143,6.433119
4396299,13.178158
4399625,0.15973166
4400795,0.33821473
4401013,90.36111
4401396,6.66927
4401441,1.3461839
4401674,71.29272
4402064,1.1811014
4402117,38.18964
4402422,34.319233
4403159,0.0
4403831,1.0933855
4404750,1.1571594
4405946,30.512608
4408381,52.81733
4409074,10.927618
4409328,6.4915113
4410369,0.1620264
4411927,0.14846224
4412012,28.241686
4412247,0.17122781
4412332,3.9166667
4412479,58.867435
4415123,1.1548132
4415259,27.502419
4416190,52.079548
4416761,0.3403882
4417302,14.430848
4417482,72.57727
4418326,4.556641
4418714,6.3834286
4418966,34.080193
4421355,12.94258
4421679,13.757709
4421826,0.10891701
4421991,0.5014854
4422017,0.13269061
4422375,0.55625904
4422494,1.6151596
4422602,1.0330479
4422686,92.0
4422975,0.0
4423052,67.274086
4423566,11.968053
4423782,0.31050363
4423814,0.29509723
4424103,3.4495852
4424261,18.522818
4424511,84.10208
4426877,11.793748
4428140,18.121275
4428477,40.905327
4428906,8.01995
4429136,12.392755
4429685,0.09115707
4429816,10.62997
4430179,0.36391768
4430452,23.040482
4430645,0.30577046
4430747,3.4879131
4430769,0.8859628
4430808,76.30267
4430937,4.951408
4431202,4.062793
4431247,40.341095
4431609,0.10478712
4434943,59.894146
4435213,5.329256
4435766,1.1380357
4436686,0.044844877
4436957,0.53349346
4437053,55.712154
4437362,0.5935535
4438243,55.7411
4438470,33.669422
4438931,0.6200492
4438996,23.302862
4439528,2.043249
4439774,0.4180519
4440000,0.03468701
4440176,0.25427294
4440181,0.0
4440432,9.031869
4440611,8.472018
4440773,0.0
4443012,0.7231522
4444051,13.646905
4444204,6.1256003
4445185,11.183047
4445613,1.0590696
4445954,4.404015
4446024,3.1572845
4446636,0.0
4446802,49.79367
4447203,32.082607
4447524,3.2466407
4447545,0.0
4447611,0.0
4447845,1.121274
4447904,6.770366
4447910,17.889645
4448149,0.0
4448668,20.289276
4449058,0.0
4449144,6.1450653
4449377,81.061874
4449611,2.9088194
4452723,49.061718
4453150,5.59935
4453263,0.0
4453406,7.893858
4453929,0.0
4453969,6.6219535
4454031,40.976162
4454841,29.410944
4456004,6.419518
4456094,26.687796
4456555,9.152832
4456880,39.867115
4457015,0.0
4460061,6.9397087
4460160,1.9512659
4461909,11.203501
4462365,0.0
4462491,0.12347306
4464402,12.059685
4464616,1.5094689
4465319,1.6961081
4465420,18.731283
4466644,85.28241
4466780,30.34094
4468043,0.0
4468513,21.36675
4469264,72.09055
4469455,86.635315
4469650,41.60167
4469679,0.39016214
4470166,49.509716
4470810,0.0
4471358,62.545216
4471485,70.819725
4471513,62.252853
4472904,12.670958
4472978,24.99141
4473156,83.00425
4473239,28.520977
4473489,66.344574
4473722,1.196741
4474258,76.780876
4474558,5.2857676
4474958,85.06347
4475003,3.8904564
4475739,13.0244665
4475778,45.63697
4475786,25.328554
4476119,44.28527
4476620,2.8263848
4476745,12.365508
4476945,3.9827468
4476998,9.248327
4477053,3.308821
4479418,52.456795
4479556,0.086715944
4479700,66.68297
4480308,26.011168
4481295,79.08497
4482166,73.344826
4483117,57.19403
4483361,0.22018334
4483835,8.923883
4483867,60.31035
4484212,0.024495216
4484310,58.648262
4484324,41.548237
4484526,17.271812
4484620,14.734546
4484663,80.13671
4484899,0.0
4485031,44.76753
4485286,0.18623948
4489510,1.5879701
4490107,0.47008395
4490268,82.62882
4491143,74.60094
4491343,85.00342
4492244,5.842493
4492345,0.0
4493385,2.4448063
4493658,1.275537
4493937,8.052313
4494178,0.0
4494258,13.056057
4494364,47.04547
4494581,58.022366
4494582,59.056423
4494588,7.292845
4494688,5.3551064
4494795,0.0
4494805,58.69528
4495026,0.6356807
4497294,0.47151068
4497963,0.0
4498288,0.7011797
4498688,4.509924
4498927,53.93955
4499340,17.164955
4499498,28.876572
4499976,32.801765
4500530,13.652423
4500615,0.42368177
4500806,0.0
4501410,7.5139313
4501541,45.62389
4501901,0.10811597
4502002,9.855655
4502545,9.761722
4502596,81.58734
4503432,24.304096
4503742,77.50868
4504302,70.943085
4504353,3.9037154
4508587,1.8156459
4509100,8.907734
4509357,16.68101
4509694,0.09672747
4510263,6.3756037
4510305,18.803436
4511607,0.0
4511780,10.068547
4511852,64.30819
4512045,4.5847955
4512109,1.2296906
4512329,3.0189276
4513190,0.0
4514042,3.6681387
4514186,15.840364
4516766,72.63585
4516791,0.0
4517117,45.0107
4517177,27.705263
4517456,0.42751563
4517673,15.2516575
4517853,4.080016
4518173,0.39670306
4518242,10.270783
4518420,3.876938
4519633,2.5963295
4519764,0.0
4520113,60.142773
4520240,11.640206
4520941,42.309044
4522869,0.28060195
4524163,0.0
4524952,9.79217
4525011,3.8485556
4525438,1.3751924
4526825,70.12957
4529692,4.0209
4530101,17.85526
4530154,6.2597313
4530160,8.255693
4531110,82.560356
4531156,11.178448
4531311,59.34722
4531455,52.419964
4531484,56.335194
4531990,0.0
4532202,19.649538
4532435,10.131135
4533010,73.60876
4533140,9.961376
4533347,0.28497624
4536637,13.45894
4536674,0.0
4536960,18.965107
4537198,10.374944
4537389,1.1234316
4537679,2.922824
4538140,4.8133607
4538238,21.35726
4538274,0.0
4538345,1.0021327
4538365,1.5954506
4538739,3.1368206
4538901,0.0
4539040,21.704868
4539393,6.2212534
4539483,8.915605
4540225,0.0
4540408,19.494928
4540478,0.9479227
4540661,1.7702128
4540667,15.868903
4541027,67.69857
4541080,0.0
4541089,8.831802
4545430,69.67419
4545585,15.121305
4545620,0.0
4545881,80.38848
4546034,6.410296
4546074,22.304586
4546146,7.424851
4546153,7.0321565
4546490,20.961458
4546609,1.3077867
4546723,0.0
4546909,1.1312332
4547143,0.0
4548296,0.40265328
4548313,2.0458765
4549155,3.9037206
4549248,0.13737126
4549552,8.888601
4549555,11.965199
4549930,35.715935
4550097,7.0250053
4550272,0.7178298
4550557,85.924126
4550602,62.585957
4550747,20.534222
4553528,82.430016
4553554,33.996906
4553721,63.079792
4554213,23.30849
4554219,0.049285952
4554220,1.5267459
4554252,54.45668
4554708,3.5926268
4555149,0.0
4555241,0.05845682
4555351,78.87304
4555470,31.382393
4556285,0.0
4556313,13.034636
4556508,0.21294856
4556564,0.78315014
4557370,4.4653964
4557907,0.5415356
4558483,78.676445
4558597,3.3511086
4559096,84.80333
4559134,12.40523
4559138,0.0
4559208,16.42653
4559338,14.673696
4559341,1.4275268
4559421,8.438607
4559590,0.0
4559867,0.2054853
4563365,0.9186547
4564292,83.80288
4564840,58.024975
4565032,2.254106
4565076,0.5861319
4565734,1.2715356
4565976,8.152014
4565981,2.8106728
4566240,11.20985
4566340,0.7179473
4566546,8.302967
4567024,0.09962119
4567433,71.72949
4567541,0.89388216
4567765,61.58712
4567769,0.51922274
4568184,1.0033357
4568225,1.3353037
4568228,14.652628
4568238,32.70252
4568601,55.357815
4570993,3.125478
4571445,14.42167
4571518,71.02219
4572443,2.178897
4572520,0.0
4572920,30.979523
4573354,4.1901307
4573411,2.7662451
4573484,0.8641192
4573508,48.238686
4573555,3.88145
4573564,9.355005
4573728,67.54463
4573897,60.073433
4574029,20.52188
4574189,0.27966794
4574551,76.90787
4575364,66.04231
4575369,4.632615
4575689,2.8835669
4575968,2.3880017
4576231,44.26065
4578471,0.19975008
4579151,4.2857995
4579314,5.642492
4579642,0.55791336
4579780,0.5641827
4579872,3.5822203
4580594,38.263813
4580643,2.9087725
4580689,44.968304
4581368,27.53433
4581528,2.1842847
4581556,87.73942
4581788,0.0
4581942,0.0
4582781,16.737284
4584944,23.288822
4585979,3.352585
4587050,0.30861259
4587321,0.81358755
4587349,0.0
4587361,1.7390635
4587898,1.3380833
4588575,3.4529114
4588610,8.065631
4588689,0.069238715
4588978,13.264669
4588980,54.090645
4589062,2.5682817
4589150,1.9775438
4589390,32.241352
4589576,11.559247
4592475,0.0
4592900,0.48381397
4594389,0.0
4594620,0.4516998
4594970,5.5271945
4595090,37.41921
4595344,0.0
4595519,0.017014645
4595609,0.0
4596631,22.00832
4597107,10.769341
4597637,27.145445
4597780,1.392026
4597879,50.578426
4598236,0.0
4598265,87.24704
4599226,6.2056017
4601325,0.0
4601637,61.172626
4602003,0.0
4602440,0.0
4602978,1.0326309
4603012,5.8401136
4603551,23.379137
4603817,2.1608734
4604151,0.49293065
4604522,33.848766
4604699,2.6920092
4604851,11.382305
4604991,62.06817
4605071,0.19469012
4605747,0.83836526
4606204,59.887337
4606368,59.20086
4606385,0.108407155
4607272,0.81670344
4607403,1.4832096
4607462,0.0
4607486,38.119648
4607923,16.40117
4608139,76.40017
4609521,0.21935534
4610675,0.08145972
4611203,2.2145977
4611256,0.02902346
4611295,0.14599048
4612341,1.7167038
4612401,0.0
4613084,1.5833404
4613372,4.858028
4613681,3.0655806
4614192,0.21325819
4614435,0.8507503
4614525,4.163967
4614674,0.8566554
4614838,5.9524083
4614905,14.300039
4615631,45.36057
4615637,11.377345
4615713,2.9199476
4615887,1.8759534
4615991,11.198788
4616131,33.730583
4616254,26.12182
4616285,17.170416
4616372,0.0
4616452,5.1264143
4616721,56.783485
4616759,0.0
4616923,0.0
4619964,22.58105
4620260,2.1286426
4620262,7.8046956
4621618,64.39551
4621823,1.0203571
4621923,12.583101
4622005,9.263897
4623696,0.0
4623771,50.2767
4623867,11.759081
4624141,51.43954
4624521,16.077173
4624657,0.38833824
4625126,19.612797
4627590,0.33994886
4628291,2.0876374
4628507,1.2132682
4628511,0.8030063
4628804,7.538911
4628885,0.8057329
4629050,0.7646967
4629138,15.355644
4629595,11.768043
4629685,50.065163
4629726,0.92234355
4629753,10.078002
4629864,3.8595443
4629981,41.533085
4630065,57.626236
4630265,5.7124033
4630486,0.37703526
4630906,3.1296182
4631131,1.1485003
4631365,0.0
4632284,1.6681918
4632644,0.0
4632661,7.6241403
4632705,0.8568775
4632787,0.4668211
4632795,5.224833
4633258,4.2640567
4636107,0.0
4636323,0.33140805
4636874,4.2438464
4637146,85.23558
4637470,5.0406284
4637858,19.494024
4638086,40.862312
4638668,0.0
4638838,28.787
4638967,4.9204836
4639185,5.0172033
4639866,0.0
4641291,0.84958667
4641406,1.0357208
4641610,0.4716753
4641843,1.4613963
4642269,11.19835
4642354,2.3648262
4642539,16.105947
4642913,5.10405
4643163,0.0
4643192,2.4892833
4643252,8.131544
4643420,29.202555
4643977,4.5257916
4644674,6.514477
4644828,9.860799
4645170,63.34043
4645285,5.6233068
4645824,0.0
4645969,69.49683
4649003,58.971195
4649331,8.937903
4649415,1.708855
4649468,13.062049
4649799,0.26942497
4649871,64.14635
4650662,0.9779992
4651447,12.373995
4652625,0.43801922
4652629,0.22960286
4652729,0.0
4652793,18.945965
4653025,0.70944446
4653187,0.50991243
4653196,2.9841287
4654547,9.126434
4654712,66.20165
4655098,30.881609
4656361,8.131326
4656633,8.593931
4656835,2.1694448
4658293,0.80277115
4658793,0.96458954
4659046,21.002245
4659661,7.466339
4660386,0.010696857
4661464,58.29409
4661662,74.65877
4662109,30.066704
4662158,3.043906
4662174,6.2770095
4662215,0.70465785
4662638,0.8948879
4662679,11.869434
4662840,1.5556849
4663310,32.21207
4663664,22.738478
4663974,0.0
4664672,52.677383
4665192,3.1295302
4666794,0.035346393
4666928,3.8313456
4667148,0.5501156
4667362,0.3529399
4667707,0.86214745
4668178,10.63882
4668298,51.19193
4668620,7.9278264
4669962,5.7464952
4671475,78.38178
4671552,1.0360758
4671824,15.89302
4672059,4.236384
4672445,58.234512
4672452,21.426739
4676650,0.72451997
4676969,7.996705
4677002,1.0627948
4677056,0.0
4677469,0.67356795
4677544,0.046550486
4678487,0.46466774
4678641,1.6021047
4678795,0.0
4679325,0.34801546
4679492,9.086768
4679967,5.0233383
4680238,7.295053
4680566,5.2338576
4680752,29.639551
4683432,9.221668
4683780,3.9125445
4685580,0.0
4686657,0.16702932
4687730,0.19357888
4688091,1.5919071
4688639,48.83722
4689766,0.0
4690677,1.4186141
4692471,14.110791
4693217,9.756965
4693855,19.765343
4694224,1.816701
4694228,91.87046
4694480,72.22311
4694519,0.088349134
4694538,59.51402
4694622,20.95478
4694625,6.2009234
4694639,0.0
4694688,0.0
4695243,2.356735
4695408,1.2347242
4695428,82.700966
4698079,4.341619
4698314,0.42455146
4698334,2.416701
4698451,0.0
4698567,0.79915375
4698664,64.702415
4699609,3.6965966
4699710,2.9006503
4700082,4.3640647
4700265,0.24744603
4700565,7.5467577
4701370,5.9819274
4701414,0.74455005
4701425,9.309567
4701892,0.24386023
4702264,0.5799033
4704513,1.5002693
4704939,0.0
4705195,67.859276
4705670,28.56766
4706241,36.5191
4706375,1.1010056
4706641,1.6148205
4706957,0.56465137
4707077,0.46631372
4707159,0.0
4707247,3.302789
4707262,0.0
4707285,64.21123
4707667,79.80546
4708279,32.597645
4708314,6.770856
4708609,15.654553
4708737,57.56524
4708843,3.0472398
4709274,0.62890345
4709477,0.7373401
4709543,1.3111217
4710102,74.08858
4710190,15.458095
4710393,0.8854431
4710488,0.0
4710572,70.098
4710817,58.389133
4710819,8.221418
4711148,35.330257
4714600,0.0
4714662,2.7920048
4714745,0.8101747
4715621,1.8878931
4715692,34.47612
4715693,0.0
4715731,0.87522304
4716086,0.0
4716349,0.0
4716376,16.177229
4716574,0.5017849
4717237,2.959421
4717239,0.075454876
4717267,4.330844
4717440,34.47469
4718234,2.2236552
4718452,21.645937
4718747,49.08383
4718978,31.453922
4719231,1.8601527
4719825,0.84672534
4719918,8.341685
4719931,0.0
4720086,70.714294
4720101,0.04614861
4720231,3.3501377
4720274,0.0038118635
4720326,0.0
4720349,1.1432209
4720414,83.39082
4720506,0.013305461
4720652,6.775935
4720725,1.6288629
4720783,10.267667
4720789,0.0
4720889,72.43445
4721069,1.8354588
4721439,8.377075
4724661,4.4279876
4724857,0.9035615
4724867,2.651327
4724943,0.41877246
4725034,0.0
4725251,21.322016
4725438,41.103046
4725525,2.5893235
4725949,14.463116
4725950,0.050502535
4726448,84.401535
4726477,9.354889
4726737,7.0062704
4726893,7.0199995
4726930,0.050099865
4727222,38.218723
4728060,17.73645
4728092,7.883586
4728648,26.040182
4728812,31.27432
4728949,0.053193945
4728981,1.4696789
4729008,0.0
4729477,2.1004498
4729579,0.053396244
4729714,0.0
4729796,1.8352869
4729854,44.69657
4729927,12.320626
4730021,0.0
4730857,1.3301766
4731947,44.089993
4733608,0.02875554
4734343,16.63702
4734488,6.839574
4734544,62.288574
4734691,0.0
4735483,0.0
4735506,0.46466753
4735688,74.29946
4735847,63.79789
4736087,2.404477
4736126,9.586151
4736255,24.735048
4736480,0.7101719
4736912,0.33924654
4737133,7.865482
4737392,40.722286
4737830,0.0
4737930,0.49328625
4738075,1.7436826
4738229,46.384224
4738250,1.9282746
4738271,1.8776548
4738391,8.828302
4738406,0.3471852
4738440,9.809741
4738464,2.046353
4738489,3.5068092
4738590,14.112876
4738646,2.4207006
4738814,55.476772
4739015,0.0
4739557,7.139401
4739703,0.2179662
4742068,34.52986
4742102,11.335294
4742384,2.660064
4742579,0.0
4743172,0.0
4743338,4.142466
4743840,31.103676
4744192,67.51201
4744496,12.122568
4745212,0.22527577
4745419,1.1101588
4746336,28.017952
4746363,73.20802
4746995,0.0
4747001,1.5925562
4747011,0.0
4747059,4.0712395
4749192,0.0
4750486,83.717384
4750578,0.0
4751787,12.716771
4751861,2.8050432
4752519,77.843506
4752749,11.033777
4752870,83.9357
4753280,0.5391882
4753400,0.84392256
4753434,0.23379135
4753571,5.266153
4753639,8.031113
4753918,3.6082637
4754132,13.071549
4754406,0.13000573
4754646,0.372064
4755815,44.485718
4756551,80.64104
4756578,0.95594364
4757176,1.5352029
4757219,0.96696204
4757501,0.7535166
4757662,2.9565375
4757941,53.563847
4757984,0.016494466
4757988,6.6671395
4758028,2.1140852
4758063,1.2742513
4758405,8.865622
4758877,0.0029318205
4759145,2.5018964
4759499,11.5316515
4759680,9.488312
4759687,1.4446117
4760053,0.9368104
4760085,49.339573
4760207,5.1514983
4760504,0.05646554
4762718,0.30401143
4763342,0.37640437
4764120,2.2119217
4764643,2.4396272
4764646,0.8764851
4764877,7.201069
4764999,16.587744
4766198,0.037891142
4766218,18.716003
4766262,16.260403
4766468,1.5994248
4766516,1.2577533
4766699,0.8953489
4766819,0.0
4766903,0.0
4767139,6.153476
4767213,59.170597
4767328,16.79397
4767537,51.311737
4767549,8.138629
4767942,31.79852
4768029,3.5337589
4768030,0.0
4768321,0.7506645
4768574,8.3520775
4768982,0.3233111
4771229,0.0
4771580,0.0
4771642,6.6757855
4772123,1.4517149
4772358,0.50044024
4773463,0.0
4773677,0.0
4773998,7.147886
4774041,65.66066
4774056,2.374046
4774190,44.938183
4774283,3.0897765
4774338,4.912859
4774629,0.07367125
4774924,24.886263
4775547,70.25004
4775584,5.9646735
4775614,35.816654
4775995,39.355663
4776045,7.0164084
4776101,0.0
4776437,50.517124
4776645,7.882304
4776753,11.168748
4777236,12.993458
4777269,19.143913
4778077,0.0
4778260,11.345153
4778312,3.6231143
4778638,7.332483
4782243,2.0036023
4782252,0.0
4782569,33.36531
4783057,47.261326
4783614,2.2432265
4783674,0.0
4783738,0.24275829
4783756,48.736675
4784037,5.3883038
4784114,0.10470473
4784211,8.46382
4784224,2.4974253
4784432,82.601
4784699,13.18062
4785149,10.277676
4785755,7.7253165
4785856,2.6466208
4786030,0.0
4786440,0.0
4786442,15.260325
4786818,3.9645672
4787040,1.143622
4788812,0.071959995
4791542,0.38197142
4791964,0.0
4792342,20.252691
4792705,43.10236
4792748,57.842552
4792908,1.6988792
4792991,6.3432307
4793075,5.273895
4793240,51.856037
4793637,49.340916
4793763,13.311463
4794039,5.178337
4794247,3.1590884
4794353,61.536057
4794806,22.490852
4795029,0.0
4795485,0.51027876
4795500,0.14395495
4795523,82.12859
4795922,6.245196
4796070,39.977562
4796220,11.286195
4796255,4.880606
4796297,14.385887
4798794,0.0
4799245,0.0
4799751,16.284115
4799850,10.795628
4799897,0.0
4800195,0.67710733
4800262,7.4283714
4800397,11.40675
4800551,0.2982625
4800866,0.4791039
4800925,11.007807
4801638,20.54619
4801661,8.258286
4802374,12.5406885
4802405,4.0144677
4802574,0.0
4802855,0.3708073
4803048,35.402645
4803118,14.641595
4803133,1.1714733
4803137,0.5351833
4803623,0.0
4803687,0.44199422
4803696,3.785898
4803790,57.81361
4804228,8.723157
4804242,21.111675
4807244,72.85942
4807362,0.0
4807492,5.416822
4807546,21.435146
4807937,4.5532446
4808340,3.646653
4808457,61.298714
4808505,22.0657
4808540,0.023972943
4809056,0.09894093
4809347,6.852316
4810148,2.451881
4810267,2.5400138
4810308,0.0
4810916,0.01808315
4812106,1.5623906
4812432,23.611374
4812462,1.1595448
4812531,68.30015
4812551,81.19809
4812995,7.477467
4813236,0.0
4813503,60.46596
4813712,8.299066
4813778,3.8080497
4814018,3.2052274
4814075,0.23284648
4814392,2.0529146
4815126,1.4134732
4815177,8.509628
4815464,0.61897993
4815495,7.2477956
4815848,8.139862
4815953,27.992668
4816055,0.0
4816236,35.10049
4816830,0.88103986
4816883,1.5072579
4818422,5.4975653
4819238,0.0800355
4819542,0.47061917
4820119,14.6546135
4821218,5.9448395
4821373,0.0
4821715,6.398185
4821786,0.088225506
4822057,13.836132
4822548,6.279925
4822557,0.0
4822668,0.17466514
4822888,22.900002
4822982,1.333157
4823025,3.8845093
4823031,0.6011493
4823069,1.6373129
4823264,0.87990737
4823529,59.215446
4823682,6.133173
4823722,4.9718056
4823901,53.42978
4824052,14.151441
4824146,0.0
4824310,12.4768915
4824521,62.82819
4824808,0.03707526
4825097,0.18928671
4825135,14.735715
4828258,0.0
4828320,0.0
4829029,68.09077
4829281,0.08651311
4829571,9.016851
4830203,25.959066
4830213,0.19483083
4830328,0.40873414
4830487,11.095187
4830727,0.21305853
4830902,1.6537777
4831093,0.06342143
4831130,9.163172
4831222,49.94868
4831470,18.501715
4831603,0.22949922
4831656,14.915349
4831876,14.864823
4832448,44.20511
4833001,41.818848
4833056,64.994675
4833294,0.0
4833295,4.8267303
4833414,15.023381
4836517,52.95861
4836824,74.07535
4837158,13.538606
4837813,0.13319215
4837935,0.22711824
4838124,9.606773
4838260,0.51759946
4838309,6.3190002
4838523,0.3887817
4838536,0.0
4838757,1.6687932
4839240,0.27628085
4839805,0.087884575
4839932,12.530667
4840772,5.4519196
4840841,0.79492193
4840977,0.4346433
4841187,15.378716
4841248,1.2497314
4841843,5.548698
4842054,33.266365
4844012,12.80898
4845032,0.0
4845083,12.465455
4845155,24.00481
4845702,0.0
4846095,0.35168558
4846122,18.275816
4846138,0.4214237
4846198,0.5286401
4846411,3.4964597
4846684,11.195625
4847616,0.15650424
4847624,0.24049845
4847648,10.533367
4848798,21.020834
4848854,8.348938
4849173,0.0
4849266,0.6051162
4849390,56.050777
4849603,4.185937
4849641,25.217701
4849885,0.5221516
4850106,8.266233
4851057,5.592391
4852773,15.169096
4853096,0.08386182
4853287,0.0
4853437,3.5456774
4853563,17.205328
4853870,0.9600719
4854224,0.5433378
4854227,1.7880201
4854417,12.724974
4854732,0.0
4855303,0.742185
4855570,0.29729274
4855682,9.718876
4855986,46.535786
4856083,13.794323
4856293,14.132499
4856339,18.384554
4856373,83.80698
4856465,0.0
4856693,0.0
4857027,76.58588
4857614,21.427893
4858305,0.038719118
4860430,15.417384
4860876,28.432945
4861046,0.09406862
4861533,23.185099
4862061,65.44403
4862320,7.377972
4862702,38.982647
4863176,9.388314
4864105,0.07931643
4864856,0.23958379
4866285,9.106177
4866426,71.025154
4866620,41.65161
4866875,1.1638379
4867016,5.4251676
4867042,28.718487
4867504,0.3747393
4867749,0.032231655
4867790,7.0505695
4867907,0.0
4868023,1.0648439
4868150,8.926268
4868220,0.6709327
4868434,9.657403
4868498,2.9711568
4868692,1.2450306
4869370,3.5585337
4869988,44.35306
4870239,11.265179
4870944,0.0
4871477,0.0
4871590,6.184808
4871659,0.418183
4871966,19.071386
4872295,27.798141
4872499,0.06858566
4873223,1.5725635
4873699,0.2651027
4873774,6.7620816
4874176,33.430004
4874206,0.057233457
4874334,2.7644565
4874363,75.376335
4874401,0.0
4874990,0.54557127
4876404,0.0
4878481,17.070362
4878501,57.211926
4878737,5.3142905
4879114,0.0
4879165,9.163777
4879332,0.28848538
4879530,0.0
4879728,4.1041245
4880277,61.528263
4880365,0.0
4880542,4.173142
4880811,67.08248
4881131,5.347605
4881551,3.7886612
4881989,54.298286
4884465,9.011291
4884601,0.12613067
4884661,21.82788
4885240,0.0
4885673,18.587944
4885832,12.533581
4885966,0.23639734
4886334,0.0
4887246,10.940717
4887255,28.493725
4887417,30.773912
4887473,16.604874
4887727,0.0
4887774,0.0
4887835,79.81187
4888040,1.8039857
4888112,36.059135
4889948,13.439942
4891378,4.8568215
4893309,0.49289528
4894009,4.592198
4895881,0.6921836
4896619,0.0
4899352,0.0
4900630,1.2525277
4901363,0.0
4902912,76.13258
4902967,68.85718
4903029,11.38728
4904582,10.933908
4907206,0.6250628
4908032,0.0
4908223,52.941013
4908335,0.37483388
4908418,28.476051
4908634,40.786922
4908717,0.56759256
4908922,0.58062273
4909388,15.593501
4909427,5.381754
4909949,0.65915436
4912146,8.682033
4912206,0.0
4913277,5.760221
4914221,12.587433
4914545,29.099165
4914789,5.5777206
4915217,0.44279972
4915953,20.30139
4915963,80.23197
4916223,45.528248
4916287,27.32719
4916323,7.459588
4917151,8.510764
4917519,80.42837
4918092,16.260918
4918117,7.2416954
4918466,4.547789
4920912,0.06134591
4921514,0.49842083
4922217,21.264389
4922476,70.76628
4922578,18.998468
4924286,29.192171
4924590,0.0
4924816,0.28732353
4925277,0.083097026
4925278,0.0
4925368,10.631748
4925545,0.68764883
4926024,30.45709
4929108,23.159948
4929275,0.0
4929917,9.960937
4930306,0.54523706
4930613,4.1741986
4930683,15.461771
4930993,1.3948057
4931132,0.0
4931276,56.71424
4931807,0.0
4931962,2.720173
4932075,4.3672404
4932157,51.116516
4932714,9.238549
4933043,3.3520982
4933387,7.9737487
4935058,31.43204
4935544,83.45062
4935653,28.783115
4935717,0.0
4936091,0.49386427
4936239,0.0
4937401,0.046234045
4940073,23.826122
4942985,0.04664569
4943027,32.28817
4943086,1.119007
4943244,0.0
4946510,6.141118
4946907,19.735224
4947210,58.45904
4947323,0.0
4947515,26.10586
4948325,3.5989833
4948345,0.0
4948376,0.0
4949866,0.0
4951029,85.495285
4951293,27.634094
4951402,82.407524
4955638,19.719193
4956258,0.0
4956451,0.112378
4957037,2.8132615
4957395,7.3942156
4958134,48.229664
4958223,75.93634
4958625,2.0041492
4958697,12.93428
4959569,0.0
4961949,15.843985
4962537,2.1304054
4963349,21.814291
4963511,1.7593523
4963900,0.116988614
4965152,6.884239
4965865,30.011105
4966041,58.882023
4966559,0.64101696
4966924,9.705985
4967004,8.65818
4967272,40.05748
4967289,67.47591
4967738,2.0690153
4967976,2.4879642
4968633,7.32074
4970846,25.052446
4971196,3.185836
4971951,15.111994
4972979,58.10051
4974298,52.930508
4974583,0.8354412
4974744,3.43909
4974843,82.28224
4976184,0.0
4976218,64.88378
4976450,2.7988684
4976558,0.0536399
4976848,5.855594
4977140,0.3197321
4977384,24.380209
4977449,0.11445632
4977716,45.630356
4977744,0.19656935
4977906,10.220675
4978021,3.9816372
4978214,13.162153
4978363,0.0
4978630,1.2727698
4978798,0.0
4978905,65.82195
4979790,7.3938403
4981192,33.505
4981857,17.93647
4982969,0.16702409
4983691,0.0
4983830,1.1168641
4984907,10.787689
4984951,22.990023
4984976,15.497106
4985504,0.42389894
4985662,87.781204
4985759,9.967568
4986926,0.54664916
4987197,3.0460634
4987238,23.579067
4987950,26.790388
4988633,68.66793
4989054,21.50084
4993488,46.624363
4993692,0.0
4994058,2.5067449
4994318,25.351244
4995721,0.0
4995993,84.467155
4996027,0.0
4996333,3.2166154
4996481,0.0
4996712,7.6793036
4996877,1.3996166
4997688,39.646183
4998103,22.213388
4998386,2.3496711
5000964,72.561966
5005539,0.0
5005766,51.628532
5006113,7.602875
5006545,31.348915
5006927,0.0
5009206,14.042893
5009768,62.290546
5010729,80.95324
5010895,12.620751
5010923,4.6354933
5011234,13.7494
5011499,5.4783096
5011693,5.2459407
5011893,0.2946276
5012940,0.8247151
5013258,14.406585
5013302,17.009848
5013403,0.9908777
5013556,26.624043
5013797,0.4646579
5014388,3.18413
5015281,0.0
5018013,41.376568
5018864,40.239014
5019183,0.04723609
5019531,2.2896323
5021376,71.02228
5021777,31.384466
5021811,46.59689
5021925,5.387683
5021955,0.5742459
5025333,0.40073967
5025771,1.0236927
5026525,2.1422787
5026612,0.0
5027162,3.8286052
5027640,2.4115753
5027790,1.1491687
5027894,51.042194
5028478,53.07505
5029204,72.51715
5029559,0.023357164
5029703,49.875412
5029887,2.388177
5029952,86.27099
5030339,52.870403
5030783,0.0
5030922,0.0
5031539,0.4166219
5031569,37.32716
5032074,6.4486923
5032779,0.58774924
5035609,37.384014
5036008,1.0787846
5036261,42.89827
5036776,0.0
5040443,17.740276
5040653,10.604522
5041165,0.0
5041296,0.059907503
5041729,0.0
5041891,31.6527
5045734,5.0014367
5046189,11.707237
5046894,7.086487
5046906,0.0
5047608,0.12902208
5048481,0.19737989
5048487,20.59862
5049113,0.0
5049575,7.1093683
5049853,0.0
5050156,7.059164
5050586,34.493263
5050587,3.723346
5050664,64.33734
5050936,0.18926394
5051065,47.51229
5051236,12.121107
5051551,67.91099
5051691,0.0
5052112,6.1085696
5054858,0.0
5056895,0.24749924
5057533,10.534037
5058058,0.16435127
5058359,5.5369344
5059370,0.03603512
5059402,0.0
5059819,18.487707
5060481,0.15005727
5060771,0.18257274
5061165,82.78253
5061178,63.090473
5061309,51.400642
5061575,1.3280089
5064648,33.44174
5064921,2.8429525
5065627,4.039723
5066883,0.805669
5066963,0.09790437
5067529,9.198516
5068125,13.548657
5068640,0.6607308
5068702,50.12387
5069131,9.996733
5069145,0.0
5070378,0.0
5070914,78.138306
5073851,14.979708
5074322,0.19524752
5075441,0.0
5075530,0.0
5075659,85.90407
5075670,3.1863112
5075810,0.63300854
5078232,15.070142
5078724,75.03945
5078828,7.5822463
5079124,43.870358
5082892,0.0
5083417,12.826118
5085935,62.790066
5086034,1.1869558
5090974,0.0
5091056,12.615385
5093174,0.45752603
5093690,2.589561
5093803,4.91207
5094957,68.72501
5095468,85.121704
5099475,5.681043
5099709,0.021040972
5101758,20.105331
5101761,80.15181
5102052,0.0
5102132,1.1071391
5102389,66.11431
5102954,5.1890807
5104489,1.0526645
5104668,0.0
5104964,2.803928
5105164,0.5200072
5105632,0.01030345
5105768,51.705814
5106041,42.029163
5106214,7.541484
5106252,66.03248
5106749,18.387459
5112097,16.86196
5112311,79.708565
5112534,2.391664
5113756,0.14281325
5114347,28.289692
5114716,1.4635544
5115736,0.6726301
5115952,2.4180243
5116234,3.1386533
5116726,9.961943
5116982,1.063197
5117177,47.75301
5117339,20.307688
5121847,1.1775362
5122059,0.07683731
5122518,1.3403218
5124475,88.66651
5124825,1.4302416
5125207,58.08831
5125217,3.1845307
5125575,15.761351
5126391,59.447063
5127625,0.4573092
5131879,0.0
5132555,1.0797906
5132986,0.5008858
5133155,0.0
5134401,7.545212
5135131,0.44360816
5141783,50.63632
5142888,72.7048
5143406,4.311203
5143762,14.246753
5144478,1.2873489
5144782,0.0
5144917,8.151386
5144979,24.297838
5145439,0.014287144
5145759,3.6866548
5146173,16.40927
5148859,0.75199693
5149368,0.09489428
5149930,32.877888
5150489,2.1057148
5150756,26.154041
5152064,57.561897
5152230,20.951363
5152375,10.449156
5152875,0.0
5152924,14.671597
5153294,0.0
5153500,32.640804
5153725,0.0
5156902,66.70157
5159722,5.6739764
5159853,31.1021
5159990,5.5331783
5160363,1.1875583
5160871,20.648277
5162470,30.431646
5163198,30.917027
5163428,2.2362869
5166769,0.0
5173154,0.27119637
5175054,82.80306
5178868,7.6468143
5179493,0.23310153
5179986,28.765194
5180656,0.36241192
5181488,0.0
5182519,1.2777312
5182846,1.6006149
5183778,5.814994
5183931,22.394289
5184145,19.148968
5184230,26.714888
5184441,2.857929
5184571,10.571087
5184738,18.934814
5184986,0.92966914
5185539,41.095375
5189640,0.12394768
5190411,0.0
5192219,83.04442
5192459,0.0
5192765,21.917486
5193020,1.512731
5193421,40.5289
5193748,0.0
5194346,19.036568
5194812,69.48996
5195831,0.0
5195885,1.3386306
5200018,6.2105546
5200203,14.282669
5200433,0.7114587
5201371,8.21467
5204141,0.0
5204719,47.590992
5205123,21.667896
5205454,5.588817
5208009,9.353405
5208784,7.3242908
5210757,4.294044
5211090,0.0
5211479,61.33936
5211902,71.64755
5212051,3.833667
5212133,0.15813488
5213086,4.897691
5213963,0.6504904
5214511,0.0
5216799,37.439655
5217359,5.9859986
5217507,1.5046402
5218189,3.3114014
5218535,1.9552294
5218768,16.205322
5218839,3.2337205
5221073,67.10883
5221389,45.150734
5223919,79.53597
5224210,9.683332
5225088,18.110222
5225343,44.736553
5226844,0.0
5228061,9.504761
5228220,0.0
5230031,4.900694
5230712,54.45862
5230764,3.7643192
5231014,0.0
5235742,1.2277792
5235795,81.00234
5238378,23.185694
5239459,56.691814
5239658,10.019398
5240837,0.054785844
5241294,0.0
5241757,20.53589
5241854,0.9010591
5241870,0.09256277
5242017,64.86217
5242070,1.0612717
5242131,4.0912647
5242535,1.1192971
5243259,9.486842
5248636,5.557242
5249202,5.360609
5251340,43.84642
5251624,0.22342989
5251686,0.44874963
5252225,0.0
5252559,77.67965
5252792,0.0
5253423,19.141958
5256714,3.7417278
5257237,0.0
5259062,0.0
5259131,9.516196
5259767,0.09010546
5260322,0.68262327
5260386,3.3101275
5261014,0.0
5261209,22.070833
5261865,8.872025
5261913,85.525375
5262509,4.7701654
5265475,81.12725
5265614,17.091082
5266524,79.467896
5267506,0.12180886
5267509,67.14823
5267542,34.752773
5267544,19.331842
5267773,10.633488
5268030,46.367218
5268045,5.846632
5268818,1.2635167
5268960,44.119858
5269143,4.7253838
5269784,31.7343
5269840,62.97844
5270589,0.0
5271192,0.50803804
5271500,10.8662615
5272504,75.22942
5274268,26.884932
5276050,4.442225
5276396,36.322464
5277242,2.4128158
5277547,1.8005301
5278765,0.9867663
5278810,10.709757
5279720,15.856661
5279758,1.3477077
5279812,10.899999
5279925,3.2381217
5280429,48.631042
5280615,6.2321687
5284048,3.1753783
5285240,12.728279
5285358,74.22907
5285553,21.847221
5285674,0.27608222
5285867,0.21344684
5286096,6.9908943
5286711,7.57425
5286986,0.51940703
5287414,14.231637
5287485,3.0233743
5287559,2.944074
5287643,0.7151957
5287819,74.587364
5291784,0.0
5292764,13.646022
5294260,2.9927304
5296254,18.808336
5297389,4.5708575
5297660,0.1790023
5298139,9.023775
5298299,0.2983266
5298356,7.4790335
5298458,0.0
5298896,10.652989
5298970,2.2688408
5301003,59.150955
5302719,0.07785687
5303927,0.0
5305288,1.2243682
5305524,1.3760788
5308047,1.962832
5308117,28.189241
5308466,1.7036813
5308506,0.5698898
5308539,2.6036654
5309621,2.024303
5309634,10.631033
5309959,21.875366
5310464,59.368134
5310859,31.722633
5314883,0.0
5315798,0.0
5315955,52.593258
5316266,0.18406335
5316660,0.17791171
5316741,9.248821
5318322,28.844461
5318845,0.0
5319319,25.507872
5319408,5.2621527
5319637,0.6930696
5319785,0.0
5320267,8.074339
5320325,76.45495
5320983,84.33428
5321256,0.0
5326138,1.9851539
5326835,57.736343
5326989,0.0
5327035,0.60124993
5328185,0.8526398
5329077,15.762943
5329548,3.1701005
5333452,0.3171802
5333804,47.017437
5336245,0.0
5337757,13.11617
5338293,24.081583
5338885,40.781696
5339915,75.07256
5340020,78.435905
5340262,83.660645
5341379,0.0
5343122,1.5826727
5343821,11.957864
5344281,0.0
5344850,9.123248
5345498,14.646997
5345731,0.0
5346665,1.1430781
5347051,6.3651567
5347479,75.950226
5347776,45.307667
5351702,57.49281
5352301,15.206991
5352802,2.653367
5353431,0.93786734
5353509,19.1548
5353612,27.952585
5354632,17.315115
5354796,73.56058
5354979,0.16746984
5359974,0.9661923
5362279,27.43191
5362461,3.6967416
5363078,0.39269805
5363210,0.53306365
5364134,41.218884
5364175,0.0
5364228,0.0
5364956,46.319733
5365319,1.4614588
5366126,0.0
5370580,38.331745
5370956,40.348877
5371052,0.24324283
5371463,41.39949
5372082,0.62961257
5372712,0.0
5372777,17.3449
5373645,76.70868
5373674,6.8235536
5374226,14.706983
5374901,78.15076
5378919,14.175525
5380048,0.0
5381203,1.1339964
5381209,5.2716603
5381230,9.817527
5382755,0.0
5383235,0.07481002
5383336,4.990307
5383841,10.63795
5384337,63.04797
5384971,21.007553
5385793,67.62468
5386100,19.703085
5386242,17.487408
5386846,5.9355087
5386890,35.028828
5386990,43.49978
5387217,0.9429335
5389907,5.362282
5390483,0.113599434
5390738,32.03324
5391140,0.0
5392517,0.22880039
5392891,63.956955
5393359,5.501224
5393564,0.70023924
5395295,74.01991
5395679,79.133995
5396516,0.36957163
5396671,0.31435373
5397133,5.228756
5397292,0.0
5400549,0.0
5402583,46.750065
5403109,3.371935
5404627,5.324281
5406041,46.933014
5406067,48.393906
5406143,4.7297983
5406187,59.91639
5406389,0.05923939
5406556,1.8588371
5406581,64.65671
5409372,0.0
5409427,76.77253
5409725,5.9808254
5410067,63.978485
5410258,0.0
5410899,0.0
5412350,4.6490645
5412567,0.30442655
5414178,0.0
5414344,1.486337
5414458,8.709776
5414503,6.477809
5414508,6.9289527
5414911,61.441315
5415365,12.476917
5418807,63.658157
5419405,0.5541107
5420966,0.90705335
5422535,71.622
5422832,0.0
5423117,14.412429
5423159,11.44911
5424042,68.37969
5424346,7.4433613
5424359,1.5390311
5428573,5.174561
5429769,0.09525276
5430658,3.9541063
5431845,21.36141
5432178,2.638118
5432659,15.89032
5432930,0.5136776
5432938,0.47117653
5433238,10.752988
5433746,77.555305
5433766,3.5797005
5433967,85.77714
5434197,60.94016
5434655,0.9865219
5434678,2.2837567
5434688,1.66625
5434754,14.356665
5442313,1.853498
5442386,1.473532
5442426,3.0821874
5442977,1.5753608
5445314,42.684647
5446675,7.688816
5448644,0.0
5454346,0.72094387
5455353,27.134727
5457400,3.8785317
5457860,78.05348
5459693,1.8115065
5459747,19.208834
5465079,78.27908
5467075,36.2965
5469274,7.295475
5470125,3.9624825
5470186,0.27574542
5470215,19.170282
5470350,4.1259127
5470363,0.2977883
5470531,12.917103
5472109,0.0
5476046,24.227438
5476474,5.4572234
5477034,0.0
5477378,22.346836
5478741,27.289352
5479460,35.9345
5479614,8.384066
5480100,34.825584
5481032,15.485038
5481351,0.0
5481475,0.68590367
5481762,82.37954
5481978,0.33514276
5482031,0.38242784
5482154,73.89377
5488307,51.386276
5488788,3.0704775
5491063,0.0
5491317,0.0
5492717,74.00995
5492776,0.0
5496999,58.591686
5497654,10.063015
5498089,51.89518
5498131,1.375144
5500426,4.52397
5500740,33.446415
5502264,0.08402635
5505535,9.373162
5505592,0.39782357
5506083,14.561953
5506438,0.10680673
5507784,0.77414507
5509001,0.08713041
5509665,17.910122
5509771,67.3851
5510725,7.100999
5511067,4.303952
5511588,46.07528
5512068,0.0
5512118,0.40748638
5512274,1.5850327
5518116,0.6602946
5520695,46.906956
5520934,6.710321
5521689,0.0
5522518,0.0
5522519,0.0
5522642,30.139652
5523876,2.01401
5524115,1.0970653
5524262,1.9216255
5524465,1.6571844
5524488,55.88243
5524942,64.42841
5525186,0.76744336
5525510,17.761911
5525612,1.4911662
5530878,7.9306197
5531170,8.118925
5531407,1.4512446
5531649,27.854319
5532582,18.693039
5534747,68.7134
5534795,91.17625
5535142,9.42796
5536390,1.0261314
5536508,60.406532
5536560,5.56765
5536998,34.028004
5537069,25.391813
5538353,4.470662
5538410,2.308282
5538720,39.794365
5543210,9.045833
5543996,0.0
5545470,82.421074
5545629,0.0
5545876,4.229571
5546217,60.79322
5546748,0.85955
5547367,36.09254
5547802,61.902103
5548710,2.0859582
5548943,0.17235726
5549688,7.228468
5550236,0.8645544
5550377,0.0
5550492,14.39933
5555405,7.9690375
5555926,0.0
5555971,0.0
5557091,0.0
5557097,73.6199
5557133,66.44146
5557135,6.3208694
5557381,79.24163
5557684,9.190357
5557903,0.07344024
5558079,1.3798969
5558179,0.31473735
5558242,11.987634
5558596,28.960085
5558747,0.0
5558981,8.488566
5559015,15.417155
5559332,69.74067
5559349,0.34776783
5559559,16.664404
5559758,54.911476
5560024,69.10114
5560028,0.5831881
5560165,1.2200876
5560227,0.0
5560235,12.589109
5560675,0.5502276
5561046,3.720344
5561355,0.0
5561693,0.0
5562394,0.010251244
5562412,0.21483815
5562420,66.138435
5562477,59.31788
5562710,80.475746
5562775,24.306871
5562799,1.4134492
5564891,13.381415
5565638,45.92983
5565799,7.4300275
5566792,10.594195
5567220,43.184765
5567278,52.103737
5567361,87.83542
5568524,0.59402645
5568574,0.0
5568799,21.178658
5569464,0.06865833
5570633,12.647897
5570843,0.5450877
5570957,1.304177
5571716,11.560937
5571951,17.60213
5572393,3.1430273
5574012,4.161542
5576670,0.0
5577006,21.978428
5577856,1.476022
5578475,0.09970863
5579123,0.0
5579147,0.19135854
5580236,1.2587516
5580648,0.0
5581442,2.2360334
5581522,0.0
5586571,23.571665
5586877,0.29520473
5587063,3.3555515
5587534,7.9213953
5589159,60.207165
5589222,6.8604217
5590348,5.136984
5590400,0.17678401
5591026,37.729107
5591612,15.394361
5592012,20.638079
5592034,7.3442097
5592647,5.4580746
5592693,22.993908
5593057,0.39146933
5593975,5.8013315
5598429,21.990171
5598741,0.0
5598992,26.77247
5599109,0.44492963
5600614,0.0
5601059,5.659128
5601147,0.29743737
5602027,0.0
5602097,0.0
5602369,8.659187
5602494,0.0
5602515,6.7866178
5605209,82.204704
5605822,68.513435
5607094,32.05856
5607244,0.804254
5611993,1.13417
5612231,50.38979
5612772,49.087173
5613334,0.0
5613443,10.130721
5613572,2.869005
5614816,35.543716
5615531,0.0
5615949,0.0
5616298,40.22089
5617565,0.22648811
5617698,2.4487681
5618280,8.5252
5618865,11.660607
5619141,28.293903
5619412,15.041091
5619696,0.0
5624179,0.6690166
5624616,8.395825
5626957,0.0
5627418,79.0679
5627898,4.118153
5628013,9.374961
5628539,9.190077
5629696,52.54289
5632187,0.40600574
5632195,23.429462
5632551,3.6303225
5633469,86.95123
5636282,2.8466108
5639029,1.6434774
5640839,42.389423
5641644,33.440865
5641857,82.92228
5642537,1.857412
5642609,7.6457458
5643121,1.4719152
5647101,3.9372845
5647213,0.4231939
5648836,6.4194746
5648853,3.900457
5649058,0.0
5649741,0.0
5650386,4.427154
5650479,33.610424
5651344,0.0
5651523,42.212517
5651944,58.68217
5652542,60.052917
5652654,3.3486793
5655080,1.0324396
5655462,19.5236
5656524,0.0
5656740,77.47941
5659626,2.9178631
5659630,14.275667
5660349,0.0
5660972,0.0
5661080,4.3824844
5663222,10.891347
5663909,14.199929
5665661,18.338646
5665717,43.65796
5666127,3.463961
5666270,0.0
5668481,1.3365487
5669670,11.768074
5669995,80.956024
5671406,8.086365
5671549,38.962566
5671922,4.8601017
5672471,0.0
5672879,0.0
5677210,83.351875
5678143,73.1335
5679209,0.26457116
5679693,50.574837
5679837,1.5112702
5680505,38.34269
5680714,17.80521
5681742,9.073302
5681778,63.274673
5681914,51.460224
5682277,0.90990293
5682787,55.359844
5682992,0.0
5683160,61.881138
5683212,46.304485
5683505,20.20782
5683737,27.248877
5684147,0.0
5685306,76.08144
5685334,22.089262
5685801,2.3289773
5686255,69.913605
5690718,0.8535749
5691265,31.3254
5691347,0.7397657
5691755,36.45036
5692212,0.31751013
5692492,14.686253
5692899,48.928253
5693879,18.464128
5694134,4.4109097
5695509,0.0
5695523,35.444405
5696062,4.517576
5696100,1.834898
5696723,11.1088915
5696950,9.499322
5697729,18.838465
5697857,1.5151253
5702463,16.49176
5702479,3.2556946
5702904,0.0
5703259,0.30890924
5704852,9.322724
5706045,23.144358
5706259,12.758048
5706340,0.10717491
5707249,17.409164
5707653,13.634202
5707711,78.76274
5709309,3.7246943
5712004,1.811192
5712663,9.301674
5713218,3.701576
5713601,3.8370352
5714478,0.08823423
5714811,9.298641
5715079,0.41992983
5716410,0.3176474
5716982,6.1371512
5717346,12.643526
5718454,76.33694
5718603,0.6708974
5719058,1.1907799
5720066,0.1829304
5720133,9.719121
5720569,19.984053
5725154,0.0
5725475,49.470406
5725566,64.28025
5725698,0.0
5725963,6.2676086
5726103,9.062322
5726139,0.0
5727850,9.160451
5728014,4.13333
5728171,38.719532
5728500,57.786507
5728502,18.201298
5729118,29.93724
5729143,81.74271
5729145,8.520617
5729530,0.0
5729989,6.661941
5734275,0.0
5734556,34.155872
5735314,86.170815
5735447,0.0
5736925,85.59179
5737178,82.04704
5737903,18.776834
5738880,42.892868
5739187,8.420133
5739264,8.040939
5739567,0.17892158
5740147,3.7572677
5741241,72.66853
5743959,6.5845575
5744764,0.0
5745591,0.8677447
5745907,6.6757593
5746544,24.553972
5746781,21.72514
5747481,3.4287863
5747492,0.0
5747984,14.145205
5748301,56.639076
5748695,1.0052481
5749477,15.358077
5749514,1.4413439
5749569,57.222466
5749651,73.24294
5750006,0.66193056
5750144,26.159725
5750426,46.18942
5750871,53.614807
5751070,50.385334
5755338,3.8271687
5755559,10.481369
5757333,3.6034977
5757952,4.4570518
5758632,4.5314283
5758695,47.998123
5758972,0.19264434
5759126,11.107194
5760036,14.486852
5760776,9.007289
5761032,17.85059
5761908,8.903088
5762947,74.91525
5767004,3.704854
5769180,2.5813735
5769548,1.159334
5770283,0.0
5770320,4.040976
5771211,0.044365566
5773199,14.152197
5773455,0.0
5774245,0.0
5774402,9.268053
5774454,71.450806
5774521,70.31154
5774742,2.2530737
5775122,17.74876
5775205,5.9355087
5779752,7.065469
5780966,43.025326
5781049,1.7586262
5781782,0.47261667
5782542,0.0
5782720,46.26775
5783517,86.01995
5783925,79.871376
5784146,7.7814894
5784179,0.58032453
5785402,17.757555
5785674,9.578929
5786464,3.2989736
5790611,38.339493
5791394,11.296113
5791844,0.0
5792709,0.0
5793388,1.1016326
5793740,2.0059688
5793821,0.2103043
5795549,19.838171
5796164,5.9780793
5796405,1.7072161
5796517,0.019405233
5796803,62.693607
5797398,0.36639306
5797696,35.561436
5802174,0.8325191
5803068,32.752586
5803141,7.9019384
5803875,16.374569
5804189,0.1746204
5804451,34.037354
5805232,0.0
5805561,1.657798
5806377,55.65325
5806687,0.0
5806817,65.68116
5809453,11.529
5810581,64.494286
5810700,51.196865
5811254,6.5021644
5812921,1.8078191
5813588,8.76292
5813687,3.2449758
5814016,0.0
5814530,0.32715672
5814583,0.0
5815437,6.998926
5815618,17.031528
5816112,22.236809
5816130,60.894264
5816151,51.667282
5816154,22.9256
5818551,1.0699215
5818641,1.3537494
5820426,0.0
5821386,5.7110424
5821886,0.0
5822847,36.932568
5823579,32.364944
5823661,0.0
5824688,0.14900798
5825260,4.6134105
5825600,8.755883
5825696,34.3116
5825911,5.6145644
5825986,59.328526
5826013,78.55599
5826129,23.734825
5826468,0.0
5826475,77.92895
5826716,82.47642
5829214,9.240379
5830829,23.338873
5833122,5.939283
5833530,0.0
5834002,0.7304194
5834075,79.03055
5835673,0.21331622
5835889,5.5842476
5836186,75.568985
5836274,14.553685
5838302,7.1505027
5838377,2.3155942
5838638,6.6569414
5839758,6.508933
5839954,23.386984
5840106,0.0
5842970,1.0585175
5844153,12.126351
5844420,5.6376543
5844501,12.693937
5846595,0.0
5846654,0.94383293
5846745,62.20577
5848277,81.78259
5849776,9.73649
5850148,32.94434
5850712,1.4520755
5851013,0.18142766
5851054,9.460049
5851071,6.786037
5851295,0.044540107
5851500,35.316353
5851649,77.001625
5856557,76.1326
5857212,0.0
5857280,0.9099105
5857515,4.7759113
5858087,2.5396166
5858313,1.2562494
5858413,17.601048
5858496,0.0
5858505,32.42885
5858516,8.999664
5858572,51.92011
5858893,36.32487
5859848,3.7447188
5860837,77.16131
5861236,37.334267
5861766,44.226223
5861890,5.7803726
5862128,7.4534354
5862200,1.3392577
5862395,30.793879
5863088,11.910832
5863458,55.410645
5863609,19.420778
5864956,79.059586
5866656,5.2342067
5868578,5.246616
5869058,0.48315886
5869693,0.13415548
5870127,88.59321
5872177,1.1203827
5872722,2.3793652
5873218,49.96458
5873343,26.42882
5873714,25.165253
5874013,0.15946274
5874520,31.076763
5874941,16.716713
5875176,2.938346
5875665,11.616626
5879269,1.029655
5879480,0.0
5879750,0.0
5880064,10.561655
5881122,0.34932238
5882216,20.012182
5882725,33.016354
5883069,64.059265
5883655,0.48346847
5884025,75.94098
5884398,0.22190566
5885201,51.94639
5885673,6.887219
5888002,2.7644129
5888294,7.2347336
5888962,0.008214756
5889937,0.5999944
5889968,7.641589
5891358,9.21138
5891574,12.387537
5892693,87.82011
5892794,7.6146655
5893277,9.452434
5893462,0.16311736
5893581,7.6767945
5893612,5.166535
5894720,15.6059885
5895016,9.165893
5895056,74.01789
5895082,63.730946
5899299,4.636975
5901993,7.2003303
5902026,24.169619
5903240,17.007551
5903889,0.0
5904490,0.0
5904817,10.377385
5905128,43.090355
5905130,0.2380774
5905501,76.0363
5908365,4.5560656
5910246,0.0
5911805,0.13152659
5911997,22.336094
5912017,0.3056085
5912186,7.1600523
5912394,2.0443668
5912431,5.153352
5912437,0.0
5913117,23.429415
5913433,0.677261
5913880,1.2995095
5916607,1.7041171
5916702,1.2948577
5916926,6.3304954
5916967,8.725796
5917190,3.8703663
5917574,11.610641
5917689,0.0
5917981,32.199528
5918002,0.0
5918053,19.737516
5918653,66.51832
5919348,6.082609
5919646,6.3319793
5919967,35.0231
5920088,0.016080108
5920109,14.725599
5924806,1.6454619
5926506,0.97159934
5926953,68.574265
5927568,10.205344
5927667,2.308518
5928954,4.350459
5929064,9.217322
5929637,29.249144
5929875,7.576516
5929910,2.3120403
5929986,8.591088
5932068,68.07155
5932092,4.9668636
5933801,15.006716
5934051,6.3132353
5934255,44.203896
5936796,0.0
5940868,3.073472
5941556,2.998284
5941782,65.26637
5941888,0.6015638
5942682,2.9492311
5942843,13.304232
5942962,27.97686
5943265,6.909851
5943508,1.560627
5944801,61.287117
5945116,24.431093
5945548,0.3860651
5945685,36.860172
5946137,1.1052141
5946845,48.780884
5947031,3.3743947
5947159,37.778603
5948498,0.9794263
5954479,0.0027035533
5954758,12.971744
5955722,3.1589596
5956344,2.0151324
5956573,1.505012
5956695,3.1261857
5958299,45.830456
5958772,26.399435
5959211,0.69353604
5959576,5.199277
5964902,9.535765
5965198,30.389448
5965489,32.20557
5966669,0.14147006
5967489,33.123684
5967741,0.9446223
5967998,36.84087
5968683,5.886485
5969152,16.834213
5969257,4.9590607
5970229,2.5077984
5970505,1.9096609
5970552,36.603794
5970736,0.70465446
5975179,77.36745
5977861,20.696932
5978202,22.814365
5978558,51.626923
5978999,78.93302
5979675,14.7892
5980191,65.64956
5980214,0.0
5980403,4.9262366
5983591,19.498755
5986107,6.252509
5988468,9.149262
5989087,83.00142
5989289,5.7437916
5989511,0.0
5989927,73.446785
5990467,59.165115
5991227,5.297751
5991436,3.6569445
5991511,0.54239863
5991522,0.36583364
5991675,12.160223
5992154,13.008263
5993541,67.16053
5998942,2.8200514
5998978,0.0
5999400,0.0
5999780,0.004940685
5999786,26.817644
6000785,74.23488
6000898,25.823683
6001031,0.8754156
6001852,10.946247
6002382,0.04207684
6002432,40.964993
6002889,37.2741
6003650,2.7009838
6004012,47.767494
6004200,0.2823791
6004659,14.353411
6004786,2.097779
6005078,2.151273
6005868,35.24108
6005919,23.522308
6006270,0.08279154
6006711,0.10119755
6006837,0.30889812
6006934,2.3816104
6007063,46.690815
6011933,54.675175
6012187,40.188522
6013897,31.862719
6014718,44.180515
6015754,0.71300954
6016357,13.293814
6016379,51.258564
6016943,1.7369896
6017036,5.592945
6017043,0.0
6017408,5.4306808
6017870,3.3178954
6018151,1.073841
6018773,20.86569
6018947,16.129404
6019594,7.5927873
6019950,18.957544
6020055,0.59609276
6020382,0.0
6023683,47.985943
6026166,1.0653217
6026762,24.007206
6026840,0.7362202
6027412,1.7006042
6027434,25.80276
6028165,35.270428
6028920,0.11414516
6029117,78.330246
6029277,2.111532
6029549,16.379742
6029987,37.54097
6030210,12.433103
6031001,0.13440251
6031045,7.562983
6031431,4.395039
6031615,0.06589164
6032077,49.65241
6032730,5.005053
6033169,26.185156
6034467,63.21642
6034581,74.97849
6035510,55.813007
6035520,76.97672
6035534,67.6835
6037422,24.032408
6037761,83.72948
6038158,55.184616
6038392,71.219406
6038534,0.0
6038545,19.781754
6038586,70.29061
6039238,30.014275
6040119,0.5894783
6040704,0.024190415
6041377,29.779118
6041914,1.4066112
6042059,19.90438
6042151,6.520769
6042555,57.062115
6043315,87.236465
6043436,6.5944843
6044648,20.940208
6045049,0.0
6045055,55.790195
6045552,78.81851
6047095,2.0634139
6048412,0.549477
6048467,5.388721
6050825,0.55510145
6051856,2.4823222
6053457,4.464667
6054194,0.11490469
6054335,17.147785
6054605,0.0
6054656,2.2010245
6054864,7.922923
6056835,13.988741
6059556,3.1614437
6062060,25.156559
6062168,30.134045
6062593,0.71106887
6063050,45.6208
6063060,0.11834417
6063063,54.527325
6063782,1.4829423
6064471,65.850464
6065370,3.7340915
6065647,3.2083175
6065786,3.5707076
6067536,75.1887
6069703,27.880676
6070550,14.00492
6071153,0.6309786
6071347,9.444491
6072842,4.996196
6073953,12.152378
6074091,0.0
6074676,12.621815
6074746,5.344205
6074791,5.710379
6074975,40.603622
6075330,0.08866895
6076131,0.0
6077282,3.5837474
6077361,0.0
6078066,77.15125
6078300,0.14358667
6078694,2.039382
6078788,8.342891
6078807,6.619764
6078896,7.644133
6078897,1.8472823
6079079,63.172337
6079378,0.0
6082939,3.740693
6082991,3.8031144
6084475,74.218056
6085932,0.0
6086137,2.4254198
6086460,15.577752
6088813,0.0
6088910,0.2555363
6089007,16.005001
6090216,0.99369794
6090396,0.7278972
6090979,3.3229945
6091224,8.183099
6091425,0.0
6091493,26.433626
6091850,77.28298
6092004,3.0433197
6092130,1.1217461
6092369,5.390185
6092625,30.116503
6092743,22.906702
6092992,14.040276
6093217,4.164995
6093459,2.3188775
6093625,75.03421
6094597,35.456093
6098755,4.6494274
6098975,2.188853
6100031,15.949568
6100514,8.261891
6101104,19.422836
6102693,8.88662
6102844,11.1294155
6103146,4.854059
6103273,73.14253
6103761,26.029984
6103774,61.965786
6104557,49.173874
6104637,79.63377
6105142,52.140827
6105342,0.0
6105581,48.830338
6106273,12.324917
6106445,5.966071
6106676,3.5879877
6107289,10.158269
6107592,33.535473
6107614,54.632748
6108703,18.5315
6114300,0.60408753
6114908,4.8613143
6115275,0.0
6115294,69.6814
6117378,0.42929268
6119473,14.59164
6120276,3.89555
6120501,0.05352051
6120617,2.264022
6121052,34.513325
6121231,1.5213865
6122120,0.5673552
6128347,0.19665222
6128992,6.199106
6129137,69.85765
6129825,0.34882224
6130045,35.95144
6130145,70.90834
6130929,1.2992622
6131266,0.023294428
6131606,58.097622
6131748,0.5085447
6132230,15.465691
6134199,56.95235
6134448,0.5364248
6134600,0.0
6134906,64.15553
6138423,7.2712207
6138632,18.347435
6139914,0.0
6140465,3.5708065
6140503,26.561956
6141299,11.684851
6141401,66.15009
6141815,0.10337233
6142363,14.627048
6142603,4.5819864
6142976,0.6528175
6143307,5.308532
6145011,0.0
6145107,11.606171
6145124,0.2448623
6145263,0.0
6145636,4.2397223
6145657,84.16276
6146238,0.5525116
6146643,1.0856969
6150778,0.59916896
6151241,0.0
6151450,3.2078474
6152478,4.0520887
6152725,62.10641
6153194,0.0
6154291,1.5725276
6155492,4.395635
6155626,57.06328
6155904,10.112217
6156278,1.4621198
6156319,0.16007511
6159257,8.468426
6161282,67.24372
6163297,27.621565
6163758,4.351135
6164338,0.673259
6164719,19.60129
6165032,0.0
6165832,3.4478536
6167141,2.515524
6167683,8.431814
6168027,0.0
6168663,4.3503222
6168880,41.53723
6169065,73.830605
6169335,1.2082036
6169377,0.0
6169412,4.686693
6169981,7.6561403
6170203,34.11138
6170239,46.95339
6170486,50.992847
6170705,21.763687
6170772,1.1059676
6170933,1.043462
6170979,77.29805
6171026,0.0
6171318,11.275825
6171382,32.588337
6176419,18.367853
6178287,6.194347
6179073,88.06583
6179139,5.6093106
6179176,7.9979086
6180121,66.31906
6180208,0.0
6180244,8.415963
6181272,0.03896192
6181309,40.42281
6181957,0.074055
6182796,11.976405
6183925,2.1999037
6184149,0.5107497
6184285,38.55649
6185426,13.157976
6185452,2.0341632
6185599,68.74237
6186089,0.0
6186325,1.0914727
6186628,28.797625
6187204,16.642826
6188014,0.7005554
6188022,1.8030689
6192898,6.5396004
6192999,57.782547
6193057,7.6462617
6194377,87.549774
6194718,0.012089754
6195710,0.9930572
6196354,65.32928
6196481,0.0
6196860,0.3611095
6197119,37.05302
6197134,50.27452
6197170,0.0
6197760,16.086454
6198343,30.526869
6199549,0.0
6199555,0.6221335
6200390,36.338993
6200457,59.374706
6200613,0.0
6200619,0.00847221
6201714,0.13869378
6201730,0.0
6201900,65.275215
6206462,82.184784
6207839,1.04351
6208796,6.274954
6209084,18.018242
6209147,58.684185
6209200,0.7777792
6209309,2.6520305
6209427,0.7906686
6209619,4.031678
6210155,0.3877295
6211055,5.7258286
6211624,0.7343095
6212962,1.364393
6214452,3.5678859
6214748,1.0286442
6215083,22.252258
6215984,43.354088
6216166,6.5605516
6216318,0.37736973
6218730,17.905088
6220085,21.381697
6220514,24.647604
6220699,1.9057578
6222149,2.79214
6222376,3.5909977
6223413,26.887094
6224396,2.4419699
6225153,0.8344376
6225501,75.57052
6225968,15.372506
6225974,38.715004
6227059,4.446111
6227345,64.88494
6227944,4.07923
6228019,72.80397
6228461,75.676285
6232150,10.907806
6232203,6.5653615
6232720,79.774155
6232987,0.0
6233889,0.0
6234096,65.97587
6234725,4.2622705
6236899,28.521654
6237065,0.3463155
6237175,27.559973
6237403,0.645316
6237974,75.14423
6238281,0.0
6238314,6.478841
6238495,5.9366927
6239016,1.7328701
6239106,0.15003285
6239508,63.961094
6239658,3.2847495
6239848,7.210298
6241464,0.551713
6242355,3.2365916
6244089,12.793169
6244309,0.0
6245792,73.92091
6246559,1.8714682
6246562,12.33956
6246681,5.7571745
6246825,6.795235
6247046,76.609085
6248335,28.821917
6249465,0.0
6249946,0.0
6252815,16.751637
6255597,26.481777
6256019,2.078291
6256149,69.53719
6256470,22.859453
6258065,5.880295
6260442,59.29553
6261128,19.836039
6261610,36.540924
6261696,81.984276
6261940,5.473971
6262339,2.7167048
6262496,0.021943782
6262562,0.0
6262631,6.9875317
6262812,4.1124544
6267938,0.050862465
6269027,0.6094212
6269610,27.376999
6269646,90.17138
6269968,74.29561
6269975,15.97484
6270767,12.422487
6271152,0.51212835
6271429,2.287381
6271491,0.48479667
6271692,6.4158936
6271802,1.2347136
6272125,0.0
6272423,71.66162
6272646,0.21581823
6272810,3.508116
6273469,0.0
6274316,3.8091877
6274418,4.21062
6274981,3.9419358
6276183,25.572802
6276574,12.155582
6276737,12.861571
6277072,9.011784
6277217,17.485138
6277387,39.031616
6277470,79.894646
6278161,61.288864
6279160,0.11994419
6282629,45.580387
6283028,15.793406
6283933,6.0263844
6284161,0.0
6284318,2.1522615
6284582,32.086998
6284657,75.33648
6285824,0.1410493
6285844,76.21321
6286112,0.0
6286307,22.918816
6287438,8.486669
6287919,36.150944
6287961,5.6792393
6288004,75.75054
6288635,0.41315174
6289701,5.7888975
6289837,10.82319
6290301,37.010937
6291227,5.8996725
6291371,32.546677
6291454,0.0
6291877,1.6675391
6292069,3.377513
6292515,21.064621
6292833,48.861637
6292850,5.5836926
6292866,79.4227
6296553,24.520079
6297613,6.764591
6298154,7.562796
6298807,0.44720614
6299550,20.228098
6299693,19.348959
6300000,0.0
6300191,19.02003
6300353,17.501581
6300424,0.0
6300653,0.07444517
6300876,0.2979399
6301851,0.44527838
6302159,0.0
6302346,15.63842
6303109,30.103247
6303611,0.87977713
6303845,15.854448
6303923,35.353954
6303950,0.46835953
6304126,0.89717835
6304362,6.5471673
6304848,10.246814
6304948,2.2350867
6305097,4.6365547
6310895,21.249622
6311007,0.6682906
6311555,3.5489695
6311716,0.10167815
6311978,15.89668
6312512,2.3940337
6313203,0.0284743
6313673,0.0
6313782,22.646412
6313994,2.4795327
6314214,4.737384
6314380,4.2545414
6314389,25.905193
6314561,0.0
6314794,0.023947606
6314972,7.0400944
6315659,3.8279588
6316005,63.669624
6316666,0.76160425
6317673,21.035969
6317763,0.45318848
6318545,0.38260147
6321475,9.083817
6322079,6.1017804
6322362,37.87539
6323324,70.801216
6323824,1.3369365
6324190,3.8878326
6324222,16.988966
6326345,11.736038
6326477,75.20026
6326865,12.553871
6327529,0.6182813
6327543,3.2619586
6327601,10.009512
6329973,78.82483
6331598,3.6612294
6333659,0.0
6334614,21.753675
6334824,62.193966
6334836,0.0
6335429,0.92700833
6335490,7.010212
6335541,0.0
6336312,5.9669585
6336391,18.197784
6336701,0.0
6337001,78.91637
6337031,29.090664
6337200,0.18715379
6337739,4.923277
6338068,17.17326
6341337,2.3333519
6342493,2.1596212
6342741,16.897192
6343522,2.5991764
6343837,0.0
6344052,0.0
6344759,70.75946
6344926,24.558748
6344936,2.8991091
6345234,0.0015459522
6345545,0.0
6345728,10.987185
6346275,7.564934
6346456,2.4238505
6346496,6.115303
6347729,13.31429
6347828,0.88989216
6347853,5.48727
6348490,25.164164
6348548,1.9120902
6348625,0.16603054
6348659,66.444405
6348998,3.7198324
6349151,69.20095
6349304,16.49134
6354789,9.140143
6355471,83.58513
6355972,0.0
6356102,10.657443
6356197,0.13390318
6356366,2.0863452
6356569,60.101555
6357416,0.19827832
6358080,0.20780794
6358641,27.869247
6359111,40.69941
6359526,11.243739
6359643,27.510826
6359812,5.199429
6360200,82.905525
6360224,0.0
6360527,1.1819288
6361102,71.700264
6361204,0.0
6361313,16.80125
6362051,7.8989263
6362684,10.70414
6363293,7.035385
6363796,29.335335
6364117,0.05405676
6364150,5.8427463
6364522,31.538347
6364762,6.682073
6367973,65.08142
6368139,55.714706
6368482,27.95731
6369389,6.4119215
6369795,3.6300507
6370032,15.637616
6370396,10.5215025
6370695,0.06372161
6370702,65.38671
6370755,0.42292616
6371117,48.608036
6371191,0.17365035
6371241,0.0
6371373,36.096405
6371588,8.797355
6371593,2.8487768
6371890,0.07538403
6371982,23.790844
6372728,0.8673312
6373149,0.0
6373238,7.9125614
6373582,33.910336
6373770,19.196877
6373790,4.357475
6374332,0.2946053
6374412,37.48652
6374545,0.33750612
6374694,16.087439
6375331,11.6036415
6375998,0.9109936
6376008,0.44931427
6376519,0.28096056
6376606,7.7999525
6376790,77.03299
6377019,1.9832474
6377384,15.430295
6377527,5.990288
6377624,7.146492
6377669,7.227382
6378279,1.8905843
6378804,5.7322974
6381574,24.166904
6382031,20.819965
6383035,0.18773785
6383296,3.7525868
6383557,57.465694
6384003,1.0079606
6384378,0.38267776
6384544,17.443268
6384560,0.0
6384622,10.151178
6384741,0.0
6385039,12.805368
6385199,4.498944
6385364,0.023526076
6385528,0.7968342
6386141,39.971012
6386992,7.890375
6387424,0.0
6387831,7.910217
6388047,0.14408977
6388137,0.39248446
6388154,7.858953
6388744,7.7685595
6389473,42.372135
6389685,1.7583053
6389979,38.948254
6390282,0.33232096
6390777,10.391052
6391252,0.914958
6391438,80.54886
6395425,42.65729
6395433,52.941807
6396519,0.0
6397899,18.718529
6397963,0.0
6398393,0.86736834
6399285,11.09284
6399305,18.75524
6399885,66.554436
6400170,57.58151
6400255,0.2624704
6400482,0.24832806
6400705,41.53271
6400812,21.045776
6401158,1.3728445
6402661,4.195331
6402712,0.0
6402807,0.6691055
6402808,8.735566
6403342,13.72298
6403741,0.025743758
6403745,1.4422795
6403755,0.0
6404432,5.629201
6404584,6.0161543
6405859,3.5928483
6409060,2.3373713
6409436,0.0
6409834,8.761636
6410814,34.07937
6410862,18.967459
6412116,4.7855897
6412146,8.192706
6412693,52.579544
6413009,3.6487224
6413242,3.1223338
6414410,24.952099
6414925,63.315216
6415974,10.766281
6416262,1.0347337
6419491,0.25153977
6420148,0.9727076
6420850,0.09308043
6421257,3.7872412
6421335,0.8658331
6421429,16.294134
6421799,21.890734
6421823,0.0
6421977,3.1098108
6422186,22.827738
6422190,23.560627
6422360,1.0233489
6422646,0.15612811
6422762,0.21797869
6422875,88.21798
6423130,19.803576
6423589,14.780656
6423870,6.8302646
6424203,0.0
6424836,0.40909207
6424952,68.64715
6425071,3.9900358
6425175,41.368168
6425215,1.3438826
6425221,0.5333847
6425751,26.745321
6426250,0.60456073
6427200,73.92914
6428482,28.955584
6428854,21.940567
6428913,14.226856
6428942,1.2000148
6429418,85.501595
6429856,0.86197937
6429866,4.6495376
6429905,36.050743
6431878,19.429302
6433445,10.031812
6433811,0.56395996
6434126,0.0
6434646,9.120316
6434902,5.323853
6436057,12.699958
6436433,0.7742683
6436828,0.0
6436917,0.49616212
6437069,79.01341
6437194,0.0
6437347,0.46813306
6437367,0.4759984
6437710,12.849828
6438254,0.0
6438456,79.08914
6438465,5.316119
6438520,11.262576
6438856,78.45394
6443330,0.0
6443513,2.3771625
6444497,0.0
6445173,76.5496
6445656,0.0
6447136,19.297655
6447332,85.06088
6448687,6.662999
6448899,42.910217
6449002,0.517854
6449609,0.0
6449703,15.600424
6449718,35.40099
6450018,17.148884
6450118,70.481
6450230,11.685471
6450240,0.19748612
6450408,45.866856
6450479,9.238365
6450749,8.806063
6450846,1.8535656
6450884,8.2849455
6451722,6.044789
6451855,12.304803
6451892,0.23277697
6452188,48.03318
6452225,10.928667
6452251,0.28836942
6452279,0.111850984
6452402,67.92755
6452448,6.4531627
6452519,0.0
6452534,71.73077
6452618,34.978077
6452764,0.0
6452788,0.0
6452940,24.933432
6456733,22.738861
6456851,12.604029
6457073,0.7581914
6457367,79.981834
6458689,2.5148878
6458749,0.09587015
6460349,47.32234
6460353,38.721893
6460588,56.178814
6460909,12.862849
6461723,2.6423059
6461789,65.915764
6462046,0.0
6462078,0.5741535
6462192,49.48199
6462362,2.0248172
6462452,1.0867373
6462513,74.675735
6463008,6.371414
6463009,0.0
6463288,1.3134135
6464014,24.353678
6464032,0.339075
6464070,4.455112
6464254,39.27616
6465986,0.69183034
6466315,1.5197196
6466590,3.8258934
6466613,4.6432285
6466805,1.4629759
6466821,0.0
6466923,0.36840007
6467167,0.4646267
6467264,1.5616221
6467319,42.77739
6467509,2.6039007
6467815,0.060982045
6467956,86.89558
6472718,0.0
6472721,19.587683
6473307,25.777744
6474867,4.6728888
6475263,4.1467957
6475709,61.12465
6476234,0.0
6476426,6.882755
6476702,0.67452043
6476769,27.677383
6477137,0.6945336
6478141,2.1513162
6478214,27.109337
6478459,12.874358
6478503,30.550732
6478519,2.0010378
6478995,86.87818
6479193,0.16431472
6479356,28.998337
6479372,4.8376913
6479956,0.9837512
6480042,84.54199
6480467,0.0
6480631,15.103929
6480764,4.734362
6481286,0.6441298
6481743,1.5386642
6486137,0.30630058
6486475,8.724864
6486682,19.09796
6487678,64.06549
6487933,17.75002
6488411,0.0
6488940,5.8286457
6490196,0.4824462
6490295,35.518833
6490689,7.298176
6491190,0.1928609
6491257,6.8296695
6491619,17.636717
6491692,15.873695
6492144,0.590722
6492190,14.261749
6492449,19.610222
6492663,26.917017
6492778,38.84735
6492790,55.300972
6493500,63.644672
6493693,13.923882
6493727,4.3294444
6493737,0.02495439
6493740,22.869593
6493864,6.0086813
6493985,0.9949848
6494312,54.493988
6494374,79.93391
6494798,45.30862
6499591,3.7170386
6499870,4.2783484
6500587,6.4672713
6500674,4.453316
6501082,11.87386
6501308,7.879953
6501865,0.8144417
6501996,28.144274
6502018,79.18486
6503647,13.764709
6504176,0.0
6504196,0.0
6504620,7.216397
6504972,19.466475
6505238,2.0208647
6505424,1.40038
6505490,1.5335718
6506191,0.37807512
6506404,10.915164
6506449,0.0
6507084,1.4791628
6508781,70.5905
6509750,0.31688806
6510123,0.0
6510646,5.347347
6511675,0.34857565
6511720,0.49184164
6511760,29.875309
6512107,73.96333
6512248,8.522759
6512429,19.469784
6512627,4.4995365
6512774,1.2900606
6514160,48.22668
6514596,61.546307
6514861,1.8674796
6514902,0.0
6514992,6.0090547
6515263,63.643993
6515318,49.181923
6515475,0.7815481
6515562,2.1540098
6516045,11.913549
6519873,30.803116
6520005,11.677974
6520350,31.67961
6521734,0.57162434
6522426,6.928631
6522629,6.1991253
6522643,0.45830023
6522849,22.611036
6524331,80.73334
6524590,60.61706
6526579,6.1598105
6527142,46.282864
6527387,0.0
6528869,12.59368
6529564,0.0
6534409,3.642432
6536047,0.0
6536702,1.5183258
6536719,4.0556893
6537985,34.959
6538963,77.90203
6539114,0.6381744
6539778,63.539516
6540533,5.8090396
6541532,78.31121
6542929,33.318996
6543312,6.665337
6543609,1.207633
6543687,5.1477027
6543852,8.352813
6544243,79.055405
6544315,8.160804
6544347,4.6799107
6544586,0.4355414
6544638,13.290533
6544686,2.1841865
6544718,1.4978476
6545392,81.90119
6545427,0.03912293
6546187,53.152756
6546196,3.7772036
6546210,73.381035
6549918,0.49580777
6550380,0.1011344
6550702,4.9419513
6551650,3.6145902
6552694,8.587208
6552799,21.71494
6553257,75.675934
6553559,70.9481
6553655,0.74493927
6553874,11.624571
6553881,15.8525095
6553895,4.030271
6554200,23.317242
6554479,13.455456
6554506,4.2001677
6554731,13.834292
6554910,0.28885514
6555289,8.156529
6555427,11.509697
6555527,17.654179
6555586,6.8619323
6555712,0.67407864
6555997,5.494732
6556105,0.44084516
6556843,1.3603926
6557022,0.0
6557095,64.79536
6557211,0.0
6557289,0.0
6558650,0.19031242
6559193,4.5772862
6559232,28.880388
6559538,3.0744493
6559631,14.799789
6559662,3.4406235
6559926,45.486076
6560165,8.546609
6560257,15.815164
6560394,82.000694
6560717,0.14986941
6561192,0.36634648
6561301,48.90737
6561328,0.0
6561509,5.0881243
6567114,43.1928
6567188,3.321181
6567462,34.982857
6567481,0.015414022
6567966,45.338615
6568008,6.146321
6568093,6.0346417
6568302,5.1430492
6568335,3.8014812
6568363,2.1100512
6568625,9.407275
6569403,0.0
6569412,8.63774
6570350,0.0
6571441,1.6925076
6571456,5.9348607
6571682,5.8802757
6571767,1.1831919
6571860,6.832559
6571890,59.6671
6571943,0.83685666
6572382,0.0
6572527,0.0
6572570,73.818214
6573229,9.815668
6573732,0.3485507
6574353,0.10620591
6574595,2.4353108
6575083,4.4690537
6575789,77.84443
6575873,21.02667
6575907,8.281229
6576027,7.409817
6576336,78.882835
6576463,71.48192
6576557,4.560951
6576628,0.5152631
6576633,0.25123763
6576768,0.0
6576933,15.228945
6577178,4.0260954
6577187,0.0
6582117,34.797974
6584626,2.0686781
6585028,80.50968
6585334,6.43161
6585424,3.9971406
6585852,0.97622985
6586028,73.87976
6586181,66.358604
6586663,66.51157
6587414,9.672937
6587687,9.450507
6588935,6.9693413
6588947,2.2350197
6589338,69.322495
6589520,5.214555
6589561,43.971096
6589884,8.365319
6590549,8.111606
6590570,76.80814
6590612,4.9303236
6591796,0.0
6592944,77.47328
6594136,18.708553
6596268,13.728797
6596562,55.823208
6598720,1.1403415
6599689,0.050973725
6599950,0.0
6599973,1.0473372
6600078,2.7436347
6600755,0.8747451
6600878,71.12217
6600953,1.6001182
6601409,6.3299994
6602762,0.0
6603170,0.0
6603534,65.44302
6603602,33.52975
6603756,20.423374
6603830,74.72604
6606910,15.784753
6607086,26.437248
6608246,24.53995
6609871,19.567846
6610629,0.087326705
6611314,24.53092
6611380,26.623762
6611505,0.27355653
6611547,87.88243
6611557,22.718628
6611857,14.812854
6612664,38.2907
6612744,11.305085
6612751,71.187836
6612902,0.5155385
6612996,11.237346
6613154,2.8196833
6614034,1.0977455
6614078,11.419683
6614105,1.0026429
6614486,9.780917
6614604,6.137811
6619187,0.19303581
6619518,15.423192
6619768,38.46568
6619984,29.456047
6620407,1.1083472
6620897,0.012144552
6620912,0.069520645
6621344,70.176994
6622389,0.102456525
6622401,42.81156
6622792,1.4470173
6623330,39.77588
6623399,1.3936125
6623425,1.7918099
6624045,0.09556684
6624467,0.72315764
6625406,9.560208
6626027,0.0
6626066,10.150123
6626121,0.06370705
6626652,0.0
6626894,0.83886135
6626896,0.24367346
6627254,1.3131932
6627472,1.0428287
6627553,50.829834
6627668,0.5400783
6628092,24.916157
6628117,0.15652688
6628489,0.36356145
6628599,63.338387
6628731,11.331072
6629478,0.0
6630037,17.243477
6635179,77.61547
6636401,5.7659254
6636906,5.5906587
6636993,1.1544389
6637311,6.186911
6637692,63.933617
6637806,37.4944
6637985,48.433136
6638042,26.396845
6638170,4.701479
6638446,4.1932964
6638953,8.492615
6639114,4.2756324
6639120,76.61093
6639226,11.339389
6640227,1.4353235
6640469,0.0
6640642,85.37939
6640703,55.7151
6641053,8.2372675
6641564,0.0
6642469,47.27159
6642884,53.07633
6643754,0.0
6644283,72.831955
6644355,5.868251
6644580,7.835448
6644582,0.0
6644669,5.19051
6645108,10.154903
6645263,6.2688074
6645306,3.5868046
6645387,66.52578
6645634,30.56343
6645963,40.78019
6646365,10.179559
6647744,3.0072246
6649555,4.9533553
6650886,4.4105153
6651107,12.095449
6651156,27.117992
6651857,0.0
6651949,62.047207
6652170,9.8818035
6653903,1.5916393
6653986,0.0
6654081,0.08624347
6654202,12.104556
6654863,36.59255
6655895,6.9699106
6656441,0.12105759
6656880,2.512549
6657134,3.8371305
6657708,0.0
6658537,84.85714
6659165,41.829952
6659371,0.67364395
6659963,1.639997
6660330,19.629011
6660373,5.9707856
6660511,18.00034
6660835,55.1368
6661170,5.1467724
6661700,6.774933
6662208,0.12977737
6662234,0.82351464
6662257,0.14106771
6662418,0.18374929
6662487,68.48403
6662495,25.014616
6668981,14.539932
6669183,1.3835598
6669199,3.5361912
6669443,1.3067483
6669637,9.660071
6669950,0.0327152
6670064,2.8283463
6670272,0.0
6671179,3.2472122
6671315,0.6886961
6671557,16.82681
6671805,0.04121657
6672257,54.05573
6673174,0.0
6673638,0.19403714
6673748,26.409557
6673773,18.925882
6674155,17.378866
6674342,2.9185486
6674482,0.0
6674505,1.7648236
6674686,61.932293
6675194,63.95307
6676066,15.218154
6676250,6.6596894
6676383,2.979467
6676721,0.4257702
6677108,3.9669273
6677109,0.0
6677204,4.057234
6677292,3.5754054
6677647,0.30566984
6678163,2.088071
6678262,6.335766
6678304,0.9519976
6679063,1.1695175
6684189,10.349616
6684355,8.751619
6684697,19.112263
6685156,12.949616
6685697,52.24523
6685818,5.3827424
6685873,0.3632533
6686140,16.281912
6686332,0.12459876
6686629,24.933546
6687404,1.3078294
6687816,16.6053
6687855,1.9018027
6687933,3.186693
6687976,2.51327
6688119,0.1972607
6688207,0.576083
6689092,3.9110372
6691005,0.76948684
6691723,5.3843007
6692191,1.9940028
6692571,51.44014
6692586,0.0
6692633,27.240576
6692735,8.555971
6692743,4.4478717
6692786,5.666201
6692975,0.0
6693788,0.0
6693942,0.6269292
6697715,0.29684505
6698963,1.8080802
6699103,4.9532013
6699291,4.787676
6699826,0.0
6699837,30.076483
6699912,0.73274374
6700345,3.208995
6700461,2.6326096
6700541,71.86848
6701002,29.201416
6701223,0.31770912
6701543,1.129319
6701577,67.44205
6701818,1.0755991
6701970,9.618468
6702293,5.054929
6702379,10.018911
6702648,0.0
6702816,6.1989512
6702912,0.0
6703091,0.11693812
6703106,0.0040841987
6703191,0.33468637
6704000,0.3725264
6704247,7.711737
6704291,26.004395
6705413,1.762745
6705606,2.4304647
6705784,0.0
6705858,0.7734427
6705984,79.6901
6706132,2.971602
6706263,6.7787724
6706280,20.708773
6706345,6.0693817
6706703,0.118774176
6706708,4.760881
6710367,0.40755948
6710420,18.999685
6711306,0.6115619
6711524,1.408957
6711671,0.0
6712618,0.21073884
6713005,0.0
6713114,3.7298243
6713436,0.12144373
6714006,0.09177763
6714685,8.853182
6715369,0.262859
6715399,3.215694
6716034,0.9783306
6716147,6.3992896
6716199,0.0
6716218,0.0
6716326,0.15585545
6716340,28.644722
6716400,0.39695397
6716695,70.35113
6717076,3.90307
6718257,0.30330965
6719207,0.4353227
6721253,2.746077
6722338,0.945724
6723035,29.141441
6723207,0.20391889
6723500,13.142836
6724266,26.189795
6725463,3.898682
6725469,3.6378837
6725819,0.7883907
6726274,5.3268833
6726308,0.13260944
6726337,10.408336
6726702,0.51461697
6726748,26.108812
6729250,13.038283
6729383,14.767301
6729778,3.6841097
6730582,17.352177
6730680,0.22031952
6731170,0.023226783
6731445,13.731528
6731463,8.170895
6731830,5.6256533
6732446,5.024898
6733842,52.745808
6734340,6.2287784
6737827,82.84989
6738639,71.8822
6739145,45.426823
6739520,59.068054
6739776,0.0
6740143,0.86767685
6740465,2.641618
6740606,2.6010137
6740840,38.002243
6741023,4.0099473
6741094,0.29177853
6741111,10.056723
6741922,0.56237245
6742121,0.06765055
6742244,1.7053225
6742250,5.499627
6742680,30.004684
6742993,0.27503347
6743210,26.87753
6743346,8.967505
6743386,5.0834627
6743813,0.8641165
6746003,70.52339
6746143,11.207771
6747106,55.335217
6747109,67.7189
6747193,47.579998
6747308,18.267927
6747552,48.236847
6747708,5.735845
6747958,5.8956714
6748710,0.33026943
6748848,0.0
6748873,0.68783486
6748886,14.940931
6748952,0.838393
6748973,3.8338306
6749285,82.52675
6749427,67.14796
6749485,19.694008
6749612,54.871155
6750178,1.1586763
6750191,6.270621
6750251,0.64528745
6750443,29.77254
6753832,0.3217113
6753970,2.224483
6756970,6.5847883
6757769,7.4793344
6757821,1.511554
6757929,0.0
6758221,0.7567232
6758402,10.438382
6758550,5.4196734
6758832,3.661458
6758846,0.376919
6758857,48.73403
6759052,0.08084109
6759088,39.93456
6759264,7.126917
6759527,0.23036785
6759722,24.740067
6760370,33.842995
6760510,1.6919245
6760893,16.58043
6761084,8.053551
6761135,1.7365413
6761248,70.182434
6761867,20.70996
6763899,0.30119157
6764999,8.134148
6765002,0.6314059
6765042,3.0095592
6765065,8.306808
6765105,51.91982
6765570,59.151566
6765702,0.0
6766259,7.5752263
6766662,6.4768767
6766806,5.2782965
6766908,0.24834484
6767252,0.8833528
6767503,39.711777
6767603,0.0
6767811,1.1131445
6770160,10.985678
6771374,4.3012304
6773703,0.0
6774866,28.624413
6776165,1.0750265
6776299,1.0087185
6776698,75.09847
6776711,3.947775
6777026,1.3141406
6777408,14.7011595
6777603,44.616074
6778238,42.079197
6778322,5.011255
6778619,24.487892
6778747,75.24287
6778776,3.5598397
6779326,8.001834
6779905,0.65333074
6779930,0.0
6780207,0.5663674
6780323,44.41507
6780509,67.52066
6781464,0.17113721
6781685,0.8958303
6781859,1.5956674
6782211,22.801329
6782212,9.158762
6782331,0.0
6782407,0.08430006
6782600,0.76062226
6782841,25.163721
6783518,6.306383
6783942,0.0
6784171,3.5947714
6784207,38.202686
6784345,18.54701
6784378,28.23191
6784453,48.026314
6784669,0.0
6784807,20.553772
6785290,6.3421154
6788274,0.0
6790870,41.741688
6791173,0.34590602
6791554,46.73956
6791694,33.366104
6791914,0.0
6792722,2.8308618
6792778,0.6988001
6793249,0.27714473
6793382,15.681242
6793654,43.346752
6794912,0.1853193
6794977,18.36674
6795252,0.62333393
6795356,1.3159738
6795568,77.7647
6795657,39.84408
6795918,1.9648886
6796014,1.0508546
6796031,0.10111627
6796058,7.18134
6796235,11.891705
6796379,13.854005
6796409,60.42321
6796474,59.27758
6796994,51.244694
6797129,0.0
6798855,74.666145
6798874,8.799696
6799517,1.6884129
6799539,3.6691313
6799542,4.5271873
6799814,58.616905
6799864,12.18548
6799944,27.769876
6799999,63.012062
6800274,3.6644921
6800336,4.204099
6800548,36.356533
6800799,77.62031
6804744,0.0
6805513,0.33214194
6805817,0.097795084
6807079,4.8392224
6807281,1.6208467
6807297,0.6322102
6807358,14.887806
6807871,4.694609
6808818,20.757149
6808869,22.548616
6810316,6.5845103
6810789,25.2722
6811252,0.6831489
6811364,1.9663033
6811543,1.0953643
6811817,6.0406055
6812409,30.092129
6812444,55.132412
6812539,67.245094
6812888,2.9060352
6812924,86.46615
6813041,0.0
6813682,0.0
6817489,26.69636
6817511,0.6720497
6818783,1.7418357
6818919,3.718754
6819732,6.3986354
6819990,36.01386
6820129,1.2717
6820431,13.332851
6820773,26.772652
6821618,0.6345102
6821916,68.221214
6821978,0.636433
6822398,9.218956
6822430,55.082005
6822443,60.831627
6822471,58.326206
6822519,13.62488
6822535,20.353317
6823578,0.0
6824005,1.0348974
6824090,2.044708
6828417,0.7640457
6828889,0.8745909
6829632,0.41550866
6829681,17.355154
6829746,0.25609496
6829990,12.037173
6832599,0.044646274
6832606,28.64272
6833000,6.376557
6833049,10.748513
6833263,0.0
6834701,1.8699583
6834972,0.7496546
6835487,0.58431077
6835688,4.448538
6836304,29.907452
6836362,1.6923099
6836485,78.379135
6836879,0.19435923
6837002,49.10422
6837038,5.195748
6837529,0.0
6837807,27.343966
6839938,56.77104
6842082,4.2452106
6842636,3.5384672
6842885,1.8786153
6842919,0.17872366
6843884,7.1629486
6844637,0.0
6845913,0.063175246
6846105,1.014967
6846464,7.3560514
6846536,0.2997175
6846956,38.17155
6847053,0.14888743
6847612,1.1276591
6848064,6.226106
6848451,2.0809684
6848862,18.933205
6849332,0.6562589
6849470,2.1041117
6849879,0.87534523
6850373,5.25656
6850801,2.2419915
6851685,5.127976
6851748,0.85680836
6852513,2.2729473
6852626,4.117819
6852664,0.8447283
6853271,25.014578
6853472,43.46172
6853532,0.30519953
6853661,0.84492934
6853689,0.75943524
6853752,5.924136
6853761,72.03479
6854013,2.5354967
6854104,0.35236356
6854304,35.531273
6854372,0.0055852416
6854662,45.686573
6854803,29.74861
6855034,86.77643
6860656,7.613187
6860929,0.9292767
6862191,0.22485144
6862388,0.9861901
6862600,1.1318249
6863057,0.08367678
6863540,7.5032406
6863691,11.730641
6863948,0.33996245
6863968,21.035896
6864276,38.77575
6865053,21.222414
6865222,48.228535
6865662,15.6807
6866061,0.8426639
6866290,0.0
6866419,0.0
6866594,2.9403586
6867094,5.5912256
6867321,72.42335
6867325,44.311565
6867897,45.337914
6869099,11.673493
6869369,36.606934
6869459,0.0
6869991,22.72149
6870280,0.36140633
6870543,1.0246141
6870647,33.57975
6871028,33.066654
6871600,19.055384
6871627,0.64064074
6875917,4.56905
6878020,40.67404
6878864,0.90018743
6879039,12.888422
6879485,0.0
6880182,0.6222332
6880311,0.0
6880873,4.1053534
6881043,14.036174
6881101,0.0
6881827,0.86227286
6881867,11.819412
6882661,0.0
6883015,3.7030604
6883096,30.283567
6883231,0.21945135
6883404,3.5503364
6883406,30.961954
6883801,3.1474323
6883897,61.3587
6884130,0.86177605
6884254,0.0
6884663,0.0
6885205,65.19095
6885767,0.10929427
6885805,0.61058193
6885838,8.01814
6886003,12.595187
6886339,0.4421226
6886455,57.186817
6886575,62.690388
6886662,4.0727515
6886846,24.342392
6887127,26.711557
6887166,2.4517884
6887308,79.40455
6887595,23.111164
6887755,67.76694
6892425,3.6124103
6893767,52.333683
6893829,1.9521416
6894501,11.643658
6894965,1.0266491
6895270,1.535662
6895727,47.594162
6895837,3.97914
6896737,0.8587691
6897597,0.10497069
6897603,1.858033
6897911,71.53126
6898500,37.284035
6898938,83.13752
6899160,1.3506666
6899456,0.0
6899995,38.006405
6900168,82.5118
6900378,8.149661
6900518,0.0
6901350,0.1860626
6901541,1.6861583
6901827,2.8467903
6901892,0.77855784
6902147,0.8931118
6902589,0.49153194
6902729,36.167675
6902828,38.813244
6904576,33.21238
6907341,59.016197
6907623,2.0819416
6908140,5.079207
6908545,2.361705
6908603,3.7235568
6908835,0.8173337
6908837,42.4753
6909128,42.077435
6909460,81.16864
6910034,0.0
6910614,47.87504
6910706,25.695107
6912077,1.7701423
6912675,0.6681087
6912998,2.1726022
6913503,3.6776402
6913773,3.0233428
6913903,0.697072
6913963,12.162766
6913969,2.7839355
6914332,62.788784
6914516,0.34266785
6915467,0.0
6919797,22.848717
6920568,12.073293
6921004,7.8601484
6921249,0.17810526
6921404,3.1361215
6921473,2.4375188
6921921,20.498707
6922107,10.319681
6922269,8.442933
6922505,10.402914
6923000,3.4452746
6923485,36.213936
6924109,50.434288
6924695,83.85908
6924793,17.430012
6924876,4.093162
6924942,0.0
6925270,0.09478055
6926006,6.705798
6926366,73.37995
6926449,11.61558
6926528,15.853968
6926727,28.32821
6926838,3.64269
6927013,5.8198175
6927027,6.015422
6930780,84.25743
6931057,69.54602
6932760,10.40943
6932898,0.33032832
6932921,20.752687
6933290,9.401575
6933582,1.2829939
6933878,1.892797
6934015,13.031824
6934770,0.3559791
6935184,38.850834
6935582,0.0
6936157,82.84855
6936316,36.918457
6936620,8.529155
6936794,11.596717
6936837,48.166985
6937027,1.8594637
6937200,0.0
6937262,0.12079315
6937375,0.026718274
6937480,0.7965239
6937591,0.20773825
6937897,0.1627687
6938259,7.867789
6938484,0.8544416
6938560,0.25794765
6938678,1.0788567
6938827,9.298618
6939024,0.0
6939054,1.098756
6939235,10.3378525
6939260,2.4015117
6939638,2.6291263
6939660,0.65813047
6939668,0.15494376
6939719,9.516351
6939758,9.322682
6939859,0.69349825
6940034,22.733467
6940108,66.06448
6940115,30.80677
6940419,37.456184
6941601,0.2730556
6941644,5.2203803
6942211,8.634708
6944665,0.5129297
6947017,0.66433007
6947196,2.8047125
6947396,1.4453727
6947477,0.47894165
6947601,0.049551833
6947730,14.694607
6948441,3.5514688
6948970,0.3907579
6949104,0.88022965
6949421,1.6093837
6949526,25.73297
6949554,4.6487083
6949828,3.908021
6950065,26.429619
6950365,4.266842
6950477,0.3026216
6950736,0.45461506
6951735,49.837
6951995,0.5227785
6952235,3.5894797
6952592,10.219844
6952639,3.6934056
6952888,12.306023
6953066,1.039663
6953132,1.5853226
6953449,0.1732774
6953483,0.0
6954483,15.61192
6955973,9.8925495
6956630,49.94281
6956813,2.2586324
6957008,0.22777593
6957059,0.12817775
6957272,16.004385
6957328,12.318827
6957385,34.202778
6958924,27.627604
6959359,0.35061395
6960073,56.625305
6964112,76.137856
6965019,83.70039
6965153,70.15472
6965655,15.477981
6965689,3.1447308
6966329,0.06741341
6966519,4.4638596
6966635,42.04818
6966985,35.134693
6967011,25.540422
6967119,1.1984304
6967235,57.095592
6967708,18.016792
6967723,66.4157
6967980,1.0452965
6968050,70.153206
6968410,0.3369555
6968488,0.42147982
6968737,5.451258
6969425,10.070796
6969473,10.112051
6970158,0.19182721
6970429,0.0
6970866,0.0
6970925,0.8412571
6970965,11.550214
6971056,3.0008895
6971955,43.941242
6972046,0.5769928
6972177,0.8957559
6972238,5.2575855
6972244,0.83424824
6972473,0.0
6972534,3.2073526
6972554,0.09557371
6972659,20.682785
6973159,0.0
6973286,6.43186
6973292,39.778633
6973473,56.060818
6973544,0.35241842
6974136,0.0
6974206,48.78391
6974728,22.041197
6975129,0.0
6975897,3.8856988
6977444,0.9599324
6978254,22.079094
6980091,85.63299
6980669,84.90931
6982174,0.19059308
6982563,1.1056811
6984612,5.335371
6985716,0.5532579
6985895,0.0
6986426,0.28129515
6986600,7.242152
6987465,0.11975478
6987560,0.0
6988265,0.58804494
6988710,4.1049294
6988794,0.2865662
6989117,16.79961
6989258,0.0
6989436,69.84262
6989515,51.727497
6990436,0.9462741
6990524,0.15121137
6991324,50.05091
6991421,0.082311854
6991797,0.0
6991902,4.4688525
6991910,7.516459
6992300,4.897086
6992310,1.6734416
6992770,77.09565
6992831,83.22955
6992939,0.46807748
6992973,0.5052665
6993265,1.619196
6993502,70.336914
6993520,0.40228254
6993538,0.21636644
6993862,41.51986
6994004,50.302113
6994032,75.81752
6994038,71.67451
6994259,3.688108
6995408,4.332125
6999056,0.32398584
7000630,0.24178475
7001049,16.117916
7001580,0.73199767
7001872,25.949291
7002250,1.7108771
7002269,0.18349376
7002406,0.13326682
7002635,5.054474
7002943,2.273926
7003992,0.0
7004770,4.8297567
7006151,2.04351
7006695,47.72481
7007199,0.0
7007597,0.609732
7007729,9.624785
7007972,12.649533
7008819,27.404888
7009122,9.087555
7009152,81.200165
7009209,2.4981627
7009949,5.5909824
7010001,9.494607
7010003,6.617493
7010013,1.3947453
7010135,0.6403404
7010406,10.855133
7011808,16.220411
7011887,0.0
7015094,75.04148
7015213,2.036084
7016626,0.48258498
7018581,1.736061
7019534,5.900915
7021332,2.926093
7021346,0.31511188
7021350,0.2113712
7021851,75.21974
7021938,1.3955971
7021948,3.4831595
7022570,3.5735512
7023177,12.402107
7023667,0.24606343
7024138,14.145642
7024303,0.25603455
7024474,32.03668
7024538,0.38335416
7024618,5.0251403
7024774,4.997162
7024778,47.627323
7025113,6.2168784
7025134,38.835598
7025563,33.28926
7025760,1.0586252
7026048,21.07567
7026258,2.2149057
7032396,1.065394
7032448,4.2407
7032474,7.7983813
7032855,1.5220065
7032930,17.867159
7033871,19.856003
7034574,1.1111958
7034787,1.4750395
7034879,30.690342
7034909,0.0
7034947,5.188849
7035094,0.19549625
7035239,0.38255838
7035304,2.0312653
7035403,31.6863
7035441,42.146877
7035513,67.5148
7036021,10.966897
7036079,13.708936
7036277,1.3742609
7036285,0.2039234
7036787,72.49484
7037516,2.7654161
7037537,14.327488
7037585,0.0
7037740,1.7886822
7037791,75.03771
7037918,70.67439
7037999,1.5120175
7038049,7.5028763
7038563,0.799583
7038604,69.69362
7038875,68.93767
7039103,40.04939
7043746,63.052467
7044822,0.0
7044853,3.6570745
7045422,67.87828
7047076,16.576149
7047329,22.228857
7047808,10.8507
7048418,0.17845412
7048508,5.5670247
7050316,0.2708423
7050346,61.690605
7050590,1.411195
7050595,73.8431
7050731,0.6716846
7050959,6.324134
7051619,0.5076206
7051777,1.5869708
7051938,0.25838873
7052026,0.0
7052234,1.0019897
7052476,0.12116821
7052546,5.286732
7052658,5.824324
7053044,0.0
7053098,0.0
7053336,0.0
7053353,4.9153337
7053737,17.244316
7054048,0.0
7054405,0.0
7062144,1.5919195
7062446,0.14929537
7062469,29.326534
7062987,2.2282364
7063158,8.997984
7063407,1.0586233
7065121,7.2176027
7065419,23.946539
7065653,0.0
7065748,0.1299072
7065858,0.0
7066122,9.955801
7066281,52.563576
7066401,11.106164
7066983,2.6250117
7067220,0.32389987
7067267,1.6743873
7067406,50.065594
7067504,44.462
7068150,56.29376
7068659,0.3552979
7069207,21.848385
7069250,15.75333
7069551,5.502518
7069789,0.0
7070028,1.6650149
7070404,32.60677
7070461,1.7644956
7070734,7.3129625
7070947,9.261361
7071504,8.493163
7071657,0.70968515
7071804,0.45832255
7071858,2.050693
7071867,53.82512
7072614,37.23346
7072679,0.0
7072777,0.0
7072975,0.35958496
7073291,0.258017
7073896,4.671216
7074062,4.785017
7074118,5.827239
7074169,2.3372214
7074232,0.18942744
7074366,2.0413177
7074920,4.061757
7075449,0.67604053
7081004,1.1625255
7082752,11.669172
7082816,0.01736416
7083264,70.19126
7084130,0.8490533
7084621,6.97051
7085741,2.3939333
7085903,52.08009
7086101,0.94863373
7086411,3.6366029
7087124,0.4121032
7087549,0.73262924
7087752,0.5326163
7087777,6.851969
7088033,16.913708
7089310,20.354649
7089639,0.0
7090512,52.34628
7090821,56.50903
7090958,1.8054386
7091014,9.994866
7091056,79.52309
7091125,80.5837
7091660,23.940126
7092135,2.7564898
7092618,16.331089
7092626,22.545498
7093122,0.0
7093646,3.953865
7093674,25.903982
7093920,75.81009
7093970,1.0455018
7094807,8.380049
7094866,1.3790495
7095125,69.14396
7095331,3.5871212
7095570,3.7221117
7095708,23.674187
7095888,43.53931
7096111,7.8557296
7099737,4.9978704
7101296,20.762629
7101822,1.2308683
7104378,2.669764
7105913,1.0199234
7107053,0.27671844
7108462,0.0
7108852,5.3730288
7108992,1.0509022
7110032,35.28555
7110061,1.7499182
7110176,1.0384845
7110657,0.8611959
7110954,3.0363731
7111050,66.341225
7111775,0.11900496
7111838,4.913793
7111940,1.3030022
7112684,11.301412
7113258,1.0530754
7113826,0.0
7114141,1.1201812
7114231,1.927794
7114665,0.0
7114790,7.5569615
7115746,1.8862342
7116273,62.387
7116566,73.36641
7116654,0.027358934
7116670,0.90038157
7116786,3.6410775
7120477,5.0900345
7122791,4.3172817
7123455,10.68435
7124396,4.3713026
7124527,5.147584
7124850,35.34835
7125294,18.758686
7125385,43.142082
7125792,0.4520747
7126159,52.133392
7126996,0.07789891
7127458,30.860506
7127844,0.14350194
7127988,1.0289074
7130505,82.195366
7130506,3.9496748
7130845,0.98218966
7131007,10.307021
7132096,87.78587
7132341,24.496004
7132520,0.0
7132891,16.282614
7133005,0.0
7134127,7.5847197
7134362,1.4666355
7134550,0.83396727
7134595,13.666199
7135297,0.6969264
7140665,51.866917
7141549,5.081222
7142361,0.1304342
7142734,45.010002
7143142,58.985237
7143146,0.39697382
7143974,5.033014
7144102,1.493314
7144145,72.78725
7144807,21.26654
7145333,7.6080065
7147955,0.0
7148121,8.420552
7148487,33.340733
7148567,0.8376612
7148680,4.5575995
7148691,0.0
7148721,71.835
7148730,4.0934353
7148789,23.033112
7148791,80.245766
7149042,2.7610116
7149408,0.17535691
7149691,4.626366
7149710,0.0
7149836,0.0
7155068,11.060094
7156481,0.0
7156537,47.08625
7158236,0.0
7158408,92.0
7158916,17.848948
7159258,13.02381
7159259,0.20434505
7160363,77.897064
7160545,1.5437849
7161112,4.76497
7161416,44.08603
7162419,30.589409
7162435,0.66261196
7162441,0.9545668
7163131,0.81846875
7163349,2.3840427
7163434,2.0084271
7163999,8.70807
7168652,13.094684
7170149,7.932174
7172107,0.8763402
7173501,2.3259168
7173574,0.5781541
7173841,0.17686471
7174361,8.432623
7174695,3.1480515
7178232,0.0
7178361,1.7167454
7178556,0.20549838
7178827,24.923998
7178887,0.1632748
7179078,13.7419
7179131,33.04735
7179291,1.9917697
7179339,2.123784
7180015,0.3221295
7180568,0.21052855
7181242,52.733135
7181422,0.1794907
7181644,0.0
7182105,18.010529
7182243,20.76042
7182523,1.8316554
7189370,0.17691189
7191373,0.0
7191781,1.2980922
7192484,1.7381551
7192809,22.284685
7193370,0.0004139929
7194042,18.420752
7194843,2.1878102
7195227,0.0
7195473,13.429543
7195888,0.02016226
7196194,0.0
7196427,0.3811175
7197409,57.688084
7197423,8.824507
7197860,0.0
7198644,0.0
7198878,0.13596007
7198959,0.0
7199049,9.868272
7199258,75.40486
7199464,0.59641784
7201169,0.016793178
7201615,0.0
7202368,79.96523
7202409,29.31697
7202612,77.44083
7203655,21.04776
7203672,25.746723
7203867,0.0
7203943,0.09575219
7203949,7.254698
7204171,38.97183
7204409,38.442158
7204443,73.04092
7204547,0.2828099
7204890,74.982056
7205083,0.5675312
7205241,22.154272
7205533,8.891882
7205903,8.736198
7205945,26.649231
7206140,0.14619762
7206489,83.18517
7206796,77.17149
7207910,60.609287
7214055,0.0
7215518,47.319443
7215836,0.440271
7216079,18.593958
7216784,39.297226
7217157,0.46992657
7217957,19.419792
7218076,1.208533
7218272,0.39837015
7218368,5.8887377
7219051,47.915806
7220651,8.143883
7221003,0.43916035
7221712,0.83230937
7223743,2.3034635
7224086,4.67632
7224609,19.454062
7224899,75.6689
7225585,0.6519595
7225593,21.297632
7225598,0.0
7225732,6.539066
7225919,44.312317
7226069,13.383937
7226543,5.0615845
7226624,0.0
7226840,24.552528
7227152,1.2850437
7227418,20.583616
7227555,5.274188
7227760,1.3907167
7227988,77.91864
7228397,0.4732802
7228424,0.38703135
7229757,0.5877418
7233505,0.63544655
7234538,0.5438379
7235787,0.0
7236337,37.2978
7236487,3.4090526
7236638,4.0133576
7237484,0.071591675
7237763,10.496687
7237848,7.6129923
7238041,18.385162
7238540,7.1565676
7238562,0.38891378
7239039,0.40623963
7239527,0.0
7240056,9.165812
7240464,0.354656
7240997,7.855669
7242683,2.9495888
7243067,14.575081
7243708,0.94621277
7244171,50.483887
7244699,85.0256
7244823,1.5928073
7245239,26.478613
7245295,53.530807
7245660,0.8480321
7245793,18.836817
7245876,3.6618237
7246159,0.34282562
7246373,7.749189
7246515,0.0
7246533,0.21810453
7246609,24.538565
7246783,0.5348509
7246903,41.203957
7247357,62.682613
7248189,5.2269855
7252936,0.0
7253330,87.74596
7254436,17.423716
7254969,0.03570044
7255372,0.32156342
7255568,1.7979224
7255653,58.23666
7256000,7.729298
7256216,70.2803
7256732,30.423899
7256796,0.0
7257163,45.074707
7257303,17.173512
7257465,3.6268857
7257922,0.36138752
7258087,0.123387724
7258864,69.46491
7259369,0.6364565
7259638,5.092285
7259804,7.0687995
7261121,0.0
7262042,37.704998
7262304,4.051921
7262312,69.535805
7262410,36.932926
7262451,0.56417274
7263510,1.2552409
7263899,0.0
7264287,1.0008512
7264379,2.7114308
7264496,1.2699548
7264571,0.37454343
7265079,66.205
7265118,9.964331
7265271,11.308024
7265331,2.5509014
7265407,24.504232
7265495,73.00308
7265571,18.66899
7265918,18.398792
7269771,76.87554
7272453,0.6691772
7273249,4.586928
7273562,0.6579809
7273752,15.974333
7274100,25.642633
7274216,0.1665255
7274672,0.96162134
7275169,4.824426
7275569,2.0649674
7275726,0.4450451
7275822,3.670737
7276603,0.10933788
7276620,21.865652
7276862,0.18287297
7277102,5.052552
7277143,0.845137
7277180,0.20411351
7277230,75.67744
7277600,0.37470835
7277878,4.397179
7278293,39.072033
7278383,1.428105
7278762,77.31114
7279081,84.87032
7279392,0.0
7279583,40.96876
7279612,0.0
7279657,0.0
7280322,0.6002797
7280643,5.9002156
7280861,63.753773
7281309,76.42533
7281340,0.9111043
7285712,7.282352
7286166,11.790359
7286324,63.278706
7287390,7.7342963
7288168,30.859385
7288752,3.1258738
7288823,3.3177493
7289134,0.9247349
7289414,1.1195645
7289496,4.064681
7289727,0.29293922
7290379,4.084049
7291229,46.533474
7291438,35.177822
7292011,71.17613
7292020,6.696423
7293098,0.28570774
7293292,2.0359926
7293915,1.2467521
7294013,4.3460693
7294129,54.30427
7294234,8.125172
7295210,51.50865
7301460,6.941841
7302070,11.091304
7303995,9.436426
7304034,24.587322
7304094,39.018867
7304695,14.139439
7305139,0.7298118
7305967,2.2354736
7306108,84.12673
7307027,3.989885
7307682,33.078346
7308118,0.0
7309633,0.073867686
7309708,14.556089
7310097,3.4902666
7310140,0.0
7310144,1.0503471
7310752,6.9477024
7310835,15.11424
7310948,41.26084
7311209,1.0900861
7316104,0.30322233
7317062,56.595913
7317063,19.479382
7318106,9.453518
7318332,14.130781
7319169,2.730007
7319582,0.0
7321054,0.08598168
7321292,0.6174819
7321314,0.0
7321343,29.15961
7321443,0.43854204
7322088,2.096331
7322656,0.0
7324457,59.44973
7324746,70.483795
7324952,0.38359413
7325889,42.819324
7326082,7.6997375
7326201,11.8390665
7327841,12.888004
7328260,10.14826
7328712,0.0
7328754,10.971151
7328775,0.9400954
7328783,90.56659
7328852,14.94273
7328890,0.17858222
7329091,67.958694
7329161,0.0
7329694,0.0
7329699,4.8174524
7329781,10.708298
7330216,76.28548
7330257,59.111042
7330270,0.0076962113
7330879,2.2097166
7331083,0.5998432
7331201,4.3283706
7331850,0.82585967
7332130,0.0
7332552,1.9408643
7333311,17.300606
7334459,0.5486976
7336658,32.331623
7339012,4.019427
7339716,18.68342
7339994,7.854132
7340280,7.4042096
7340318,8.829252
7340771,0.42132103
7341077,0.5606502
7341406,53.2104
7341424,13.202096
7341500,0.119181715
7341541,22.002401
7341705,1.6761894
7341912,3.8227155
7341983,70.71688
7343477,9.060934
7343512,8.975884
7344720,71.17044
7344761,2.3416018
7345333,0.11833901
7345443,14.066626
7345708,4.6787124
7345789,56.25011
7345807,0.0
7345868,77.90399
7346270,2.3785677
7346434,0.9956825
7347106,0.0
7347486,0.0
7348509,0.023696302
7348714,18.922113
7348959,71.63317
7349064,0.5329451
7349372,11.733375
7349421,6.570461
7349556,11.671144
7349633,0.15699726
7349830,16.122866
7350888,0.0
7351078,2.5558372
7356030,55.33268
7356831,4.474539
7356890,1.4376616
7358093,0.83264303
7359313,0.054019596
7360214,0.0
7360402,10.3452
7363109,17.45457
7363175,0.84974843
7363608,1.190668
7363690,19.577116
7364850,22.72843
7365160,5.972853
7365481,8.767089
7366831,0.0
7366839,11.175103
7366982,0.24523205
7367009,0.0
7367029,5.8348866
7367039,1.8415163
7367913,0.5899902
7368173,3.0267622
7368274,4.4919643
7368444,1.4600219
7368683,46.161697
7368887,0.43667224
7369097,47.144165
7369427,24.63625
7369806,0.98628956
7376652,6.020148
7378058,0.0
7379353,0.0
7380251,0.0
7380485,0.56814444
7380663,2.3256142
7381236,0.8156627
7381816,56.264637
7381893,5.1453753
7381928,0.7423234
7382200,0.0
7382245,0.0
7382396,31.001429
7382573,0.29888222
7382982,2.4853039
7383173,8.856106
7383380,10.353223
7383722,0.44210464
7384002,0.0
7384040,0.0
7384393,3.7608767
7384633,48.03093
7385589,0.89726096
7385688,8.258455
7386119,6.5081735
7386158,2.8348384
7387040,10.996825
7387093,59.58182
7387604,49.995647
7388240,48.10268
7388254,4.7972703
7388452,29.946974
7388612,56.659245
7389044,0.17884097
7389278,0.09156975
7389481,54.25198
7389639,3.0982714
7389683,16.13339
7391230,38.37101
7393127,36.90343
7394136,0.0
7395202,0.09531691
7396215,0.20483962
7396507,0.53655845
7396662,35.742435
7396853,3.3563948
7397226,0.0
7397237,0.45445946
7397649,0.0
7397699,1.9345381
7398008,6.7316985
7399178,0.0
7399717,0.0
7399754,9.485934
7400940,0.45506984
7401048,0.8849378
7401503,18.16324
7401512,26.282969
7401514,34.196228
7401573,14.265215
7402299,5.9508853
7402888,0.0
7403009,2.4622834
7403108,0.060886893
7403320,2.5876336
7403721,0.37334916
7403758,1.1713543
7410392,28.265133
7412399,1.0940053
7413605,2.6090603
7413866,16.118702
7415905,77.54143
7417520,23.290367
7418759,71.80461
7418874,6.2642126
7419238,9.786997
7419253,0.48608935
7419334,0.86521184
7420849,3.684636
7421191,9.839494
7421751,9.294905
7421930,0.7264974
7423596,1.3031328
7426597,87.44405
7427528,15.364477
7428365,7.830026
7428891,19.523409
7429161,28.63695
7430660,0.030194016
7430873,48.68675
7430991,64.01225
7431316,0.6641739
7431452,6.102293
7431609,3.4633408
7432279,1.3867675
7434061,0.011580688
7434316,4.125331
7434350,4.3277583
7434480,0.9408251
7434615,0.9036727
7435200,2.5445879
7435223,71.23946
7435430,27.879122
7435466,0.0
7435577,2.1876216
7435882,1.4718462
7435904,1.1737508
7436186,19.967653
7438240,0.6189347
7438896,38.26043
7438925,5.9299264
7439092,0.7716347
7439516,0.8136623
7439751,7.749059
7440548,1.3229254
7449531,0.957888
7450216,61.118313
7451040,75.996284
7451145,7.834088
7451599,0.0
7451805,0.28209218
7451911,5.1222215
7452230,69.891396
7452390,12.08075
7452454,1.615269
7452896,0.08197008
7452987,12.291538
7453537,57.48834
7453831,59.062828
7454031,0.0
7454171,0.510279
7454326,0.0
7454378,21.916609
7454446,11.167222
7454739,0.0
7454853,1.5061073
7455059,10.90403
7455785,0.01768117
7456166,33.511753
7456692,0.0
7456879,0.5770057
7457099,68.27983
7457101,0.837405
7457698,7.482972
7458382,3.0058837
7459320,13.699099
7459809,7.915104
7459879,2.5544744
7459928,50.819
7460009,10.731024
7460265,5.5857043
7460574,0.62608576
7460748,8.285771
7460933,58.16349
7461502,0.54534465
7461785,5.335237
7462057,9.972622
7462785,69.5967
7464214,0.4984809
7468695,1.3801062
7469908,76.51706
7470123,0.8061665
7470253,0.43229598
7471116,0.72290283
7471510,0.0
7471599,1.3762294
7471917,2.432977
7471933,47.53929
7472384,0.0
7472465,0.39483777
7472513,5.523681
7472710,45.806007
7472870,6.737428
7473642,0.37773818
7473685,3.3067944
7473909,9.243787
7474172,0.08706874
7474311,0.0
7474816,32.687946
7475552,27.11642
7475708,0.0
7476506,0.36716884
7476713,0.5832076
7478570,5.4703555
7478950,2.0266001
7479939,44.09819
7480189,7.498417
7480229,27.970795
7480309,2.7942615
7480729,43.48811
7480853,50.72821
7480890,56.59105
7481844,5.2261505
7482524,10.623231
7482767,0.0
7482792,23.487602
7482821,21.013906
7482867,6.150643
7483113,0.28063774
7483186,0.3656731
7483940,9.024849
7484548,28.8984
7490151,68.86618
7490286,9.471579
7491108,9.38409
7491590,3.2749548
7491713,0.3026201
7492292,9.260515
7492539,0.0
7493359,27.78123
7494744,82.74276
7495368,4.6497836
7495477,15.8294735
7495768,1.520484
7496044,65.16178
7496274,5.351272
7497287,6.299968
7497599,3.2059917
7497652,0.0
7498271,50.951782
7499708,57.51323
7499919,0.0
7500139,3.3499982
7500228,65.86412
7500641,0.0
7500745,0.077963725
7500903,0.1890889
7500966,51.010296
7501292,23.157763
7501556,7.8922367
7501694,44.52113
7501717,18.658712
7501794,0.063794985
7501806,4.766589
7502141,77.77245
7502146,34.663044
7502549,3.9334972
7503672,5.678632
7508560,65.24323
7508588,28.402319
7509362,1.6141142
7510924,0.49325404
7510976,2.4184134
7511452,75.74661
7511919,2.8155527
7512056,0.0
7512116,0.41744366
7512240,12.522409
7512767,7.3440237
7512811,0.04492792
7513650,2.698892
7514135,0.0
7514466,3.236258
7514849,0.0
7514964,1.1208873
7515499,1.9349366
7515787,58.213432
7515971,0.0
7515987,15.139853
7516218,20.463589
7516219,77.62787
7516249,16.78286
7516992,0.17682262
7517207,7.4770274
7517482,2.5563498
7517578,0.0
7518146,9.624152
7518301,0.0
7518450,0.0
7518501,0.0
7518559,0.0
7518967,10.694558
7519317,0.0
7519448,82.22378
7519959,66.322174
7524934,0.26442498
7525255,4.424812
7525375,10.207971
7525874,0.7369174
7525905,0.012934225
7526088,3.6071343
7526377,20.37903
7526900,14.871952
7526944,14.032534
7527469,1.4717414
7527607,1.6340188
7529231,0.0
7529906,11.07475
7529908,14.885581
7529943,0.27614176
7530563,2.4923995
7531309,0.191205
7531604,1.7651501
7533321,0.0
7533626,16.599592
7533864,0.20910437
7534169,0.03888474
7534463,0.19517401
7534543,36.30113
7534579,26.121428
7534996,8.41806
7535272,33.379116
7535303,0.0
7535450,56.829525
7535868,23.788988
7535873,21.493816
7540025,9.027018
7540104,75.67278
7540256,1.3210683
7541249,49.346355
7541444,6.9541926
7542840,23.055826
7543133,5.0396748
7543232,1.0932323
7543381,12.506536
7544036,2.1128705
7544344,4.9033465
7544831,0.0
7545043,0.123646244
7545351,1.0124434
7545729,1.6950836
7545751,0.2749338
7546039,0.018191881
7546171,3.983301
7546944,50.383606
7547454,58.64903
7547481,10.895824
7547536,75.081856
7548106,0.64327943
7548503,0.0
7548659,9.024627
7549019,3.8487945
7550058,2.3575118
7554458,3.8919685
7554629,10.725488
7554634,59.106983
7554902,54.514038
7555676,8.381396
7556003,0.4763411
7556587,0.0
7556715,1.5678186
7557546,64.9002
7557547,9.626474
7558578,1.8582786
7558596,82.47168
7559593,16.491774
7559955,67.377884
7560016,22.488997
7560291,2.336819
7560658,0.087069556
7561584,45.190285
7561688,3.0895114
7562042,51.76943
7562061,1.3908771
7562534,21.140995
7562837,0.9463927
7563041,10.355536
7563426,0.0
7563717,0.22770591
7564276,3.3438928
7564577,0.0
7565120,15.440144
7565221,0.30721816
7570475,0.04708031
7572534,24.151752
7572637,9.878771
7573103,0.0
7573321,1.3872145
7573681,0.056872748
7573932,0.19624487
7574438,0.23222704
7575352,0.0
7575668,4.7895856
7575934,0.25632504
7576350,0.8934418
7576897,60.527412
7576910,24.87761
7579241,25.026558
7579396,21.803871
7579619,2.694533
7579681,3.725681
7580481,40.048306
7581316,0.0
7581334,0.23910812
7581456,0.0
7581679,2.9810517
7581727,0.0
7582163,19.849194
7582168,6.2515225
7582705,0.80165464
7582706,0.19763328
7583507,0.0
7583981,0.0
7584224,0.0
7584471,1.9121394
7584660,58.928097
7587270,5.7448564
7588165,9.559828
7590712,56.487453
7591467,2.4111247
7591512,3.142602
7591595,4.0611687
7592976,0.0
7593263,82.22267
7593556,29.752718
7594093,7.1497765
7594911,61.890305
7596004,49.523327
7596078,0.8176888
7596341,0.5994585
7596536,4.49419
7596687,0.0
7596739,6.984062
7596751,54.196922
7596900,68.51698
7597951,0.29747838
7598279,0.0
7598986,0.004703073
7599311,1.3230431
7599569,12.558121
7599621,0.26037312
7599873,0.7183612
7600983,21.469454
7601046,8.153646
7601559,8.705524
7601632,0.0
7601723,50.229324
7601924,34.569103
7601979,36.41036
7602261,1.7684358
7602442,0.0
7602528,0.05128411
7602563,6.5813913
7602785,45.17855
7602826,1.8856301
7603070,1.9802535
7603125,5.836755
7603341,14.148203
7603430,1.2182839
7603440,6.2667627
7603693,15.661849
7604543,22.522835
7606677,6.545782
7607537,17.93159
7608700,65.062195
7609843,52.27146
7609957,1.0312012
7610704,16.714739
7613124,16.83455
7613146,63.520767
7613150,21.548786
7613846,59.79313
7615088,6.4698515
7615496,78.065056
7615503,1.0827287
7615626,0.77565455
7615693,5.6533575
7615935,0.6191632
7616025,4.4405646
7617383,0.23619352
7617589,35.46748
7617694,28.152391
7617812,0.5860923
7617911,4.264913
7618476,4.518822
7618790,19.293928
7618847,0.0
7619668,43.63969
7619996,0.067170516
7620029,2.365117
7620257,11.01751
7620592,5.694328
7620785,33.29289
7621032,2.2154374
7621131,57.036453
7621381,9.314621
7621415,0.5951115
7621629,0.0
7621748,10.301108
7621847,73.710884
7622042,0.6251204
7622051,57.832886
7622697,0.14597331
7625298,13.152388
7628442,0.15128422
7628791,57.64306
7629108,5.9754953
7629339,12.032191
7629563,0.0
7629815,9.870934
7629972,5.2408085
7630082,80.37759
7630302,64.07
7630502,1.7453419
7631203,75.41173
7631233,0.07963958
7632731,2.0863247
7633057,34.315647
7633239,2.387517
7633247,27.180704
7633609,5.646984
7634327,20.295082
7634805,0.3359433
7635764,83.685165
7636280,8.906327
7636284,0.91854507
7636455,6.5224004
7636890,6.91612
7636954,0.77869487
7637001,1.4347335
7637047,0.07825941
7637112,0.3006478
7637197,0.79469377
7637472,0.35850266
7637896,26.843529
7638216,65.96934
7638848,33.143925
7643399,8.560055
7643428,15.217205
7644203,11.901949
7644505,2.4930823
7644813,5.922063
7644838,6.4506607
7645359,8.3253765
7646522,15.680599
7646602,64.41578
7646751,60.109856
7646825,4.260094
7647268,20.411339
7647719,0.25491172
7648634,14.410445
7649526,12.931548
7649846,87.76483
7649902,59.136864
7650597,14.617769
7651280,3.0702262
7651474,88.204384
7651698,16.107578
7651715,0.0
7651885,40.48359
7652100,0.20579396
7652181,16.635561
7652345,0.0
7652500,12.581856
7652508,0.061207753
7654931,78.90573
7655858,1.529504
7656412,8.105352
7656808,0.0
7658409,23.090374
7659042,0.00986419
7660099,77.79179
7660226,14.927931
7660468,21.300877
7661395,0.27924213
7661915,52.573795
7662069,0.017858196
7662742,17.777725
7662874,30.585005
7662981,2.1478994
7663500,0.02912285
7663617,0.52237546
7663756,50.466286
7664066,40.52721
7664144,73.42502
7664262,5.823851
7664465,11.3681345
7664855,36.917988
7664863,31.503124
7664959,6.371876
7664965,3.3553991
7664991,45.12765
7665230,0.30775306
7666157,0.4273033
7667953,0.69830334
7669241,72.22223
7670668,4.1564493
7671984,24.405388
7672306,67.10892
7672361,21.733196
7672571,1.7384044
7672817,82.91686
7673779,0.1949289
7674659,17.683393
7674796,0.5106113
7675647,11.500302
7675781,83.84139
7675962,12.756752
7676145,78.01144
7676301,1.1540883
7676306,31.296434
7676721,31.77617
7677505,11.537308
7677597,14.533112
7678084,11.755422
7678187,0.61164254
7678351,2.4413726
7678386,2.035529
7678450,14.307411
7678730,0.0
7678743,56.214245
7679047,24.540106
7679086,5.1423883
7679094,7.269011
7679120,26.669506
7679142,4.5639353
7679541,25.905987
7679714,45.172287
7679818,0.5234399
7679943,1.6897892
7680278,15.678216
7680709,77.983536
7680940,27.582323
7681478,13.749824
7682344,5.0476356
7682866,2.095734
7686178,5.839844
7688130,88.61707
7689495,5.860465
7689651,2.1607332
7690729,29.076273
7691006,0.71014726
7691059,2.5139136
7691790,71.13301
7691908,0.5410811
7692326,27.362228
7692701,1.6752039
7692866,0.77340525
7693037,0.0
7693040,0.0
7693124,3.5499618
7693320,1.1499009
7694064,27.814734
7694654,36.006756
7694852,0.9111273
7695043,66.28925
7695220,8.849697
7695909,2.1451592
7696314,0.14211553
7696645,66.47056
7696843,0.0
7697025,1.356776
7697055,0.5694804
7697082,0.3205981
7697100,41.859905
7697425,0.31360802
7697603,8.96458
7697792,0.3003113
7697857,0.392302
7698190,28.648478
7698521,28.123795
7698530,1.664157
7698642,22.096676
7698722,64.300285
7698923,28.675634
7699037,15.351973
7699156,0.0
7699220,0.34915876
7699335,3.6849575
7699366,0.6524465
7699407,0.067873135
7699703,0.072799586
7699962,20.494616
7700054,62.36805
7700741,8.992652
7701295,13.76274
7704198,0.10934142
7706406,0.17340943
7706455,18.106733
7706471,1.8273578
7706593,20.360662
7707191,1.2719641
7707274,11.241116
7707725,4.9492674
7707789,82.941376
7708148,11.802931
7708671,0.0
7708860,78.49486
7708861,75.9575
7708956,81.765945
7709304,1.5216463
7710159,0.8217302
7710442,0.0
7711407,20.49558
7711451,2.3388278
7711804,40.922806
7712639,4.5856886
7712849,0.34753594
7713421,15.947026
7713437,10.421746
7713509,3.046716
7714152,79.923996
7715192,7.7897315
7715342,28.938835
7715624,1.973574
7716148,7.2166243
7716489,0.0
7716776,0.0
7716812,86.16875
7717071,3.565532
7717284,0.5712818
7717594,3.8350646
7718042,0.17748167
7718894,2.884424
7718995,85.66041
7722946,2.5809073
7723494,25.784863
7724031,1.3163564
7724752,2.3221354
7725030,1.1763688
7725075,0.052765876
7725197,2.8623219
7725496,57.564827
7725573,0.14136612
7725825,25.86979
7726274,30.642864
7726982,12.459827
7727061,84.94662
7727796,0.0
7728018,4.5317497
7728262,0.1750208
7728265,0.0
7728510,46.9664
7728674,36.066463
7728831,54.89019
7729043,18.021751
7729215,18.04814
7730160,0.0
7730527,0.50120455
7730852,48.74861
7731013,17.078537
7731385,4.642201
7731765,8.087762
7732060,8.07356
7733241,6.423181
7733651,24.469864
7733862,11.883003
7733896,44.787415
7734034,8.104906
7734116,77.69462
7734164,6.1294603
7734173,13.851824
7734176,7.988767
7734226,18.197748
7734240,18.99904
7734355,16.99798
7734819,47.42433
7734957,59.61929
7734995,40.010654
7735348,59.980114
7736787,0.54540634
7741297,74.23813
7742054,0.22061871
7742753,30.234818
7743042,0.29830557
7743202,5.818703
7743233,0.32135248
7743323,23.05519
7743340,6.3201857
7743601,0.0
7743778,56.487732
7744236,5.7046895
7744591,24.3164
7744907,0.07470706
7745417,14.18
7746019,1.3770655
7746286,24.492926
7746303,6.329274
7746903,0.077562116
7747016,11.243719
7747017,2.1902237
7747237,4.895235
7748035,60.02676
7748044,0.0
7748135,4.4249105
7748170,16.888208
7748678,9.023041
7748836,22.730406
7749069,11.491876
7749367,0.7869063
7750044,30.515484
7750282,0.5161957
7750695,56.980373
7750936,1.901978
7754697,69.32033
7754916,0.0
7754994,0.6284724
7756015,1.4740053
7756302,0.13679244
7756711,0.6863034
7756817,1.3033906
7757619,7.5632534
7757818,21.743137
7758257,7.4576077
7758673,0.0
7759275,0.7462852
7759511,7.465986
7759637,44.84195
7759823,7.347341
7759906,0.0
7760158,9.3470335
7760204,4.3314943
7760566,15.160204
7761083,10.7312975
7761161,29.897638
7761191,0.69848233
7762173,66.52559
7762201,0.47235397
7762343,0.0
7762394,6.993209
7762437,74.8337
7762574,3.0208025
7762866,31.75483
7762930,2.9102788
7763728,12.965663
7763869,69.81808
7763918,0.41753292
7764285,14.394177
7764314,7.2102475
7768278,5.271821
7768655,0.0
7768661,16.000214
7768999,56.22029
7769660,2.247356
7770529,0.0
7770747,0.4453112
7771170,3.877911
7771351,77.262596
7771362,15.951527
7771661,1.1171273
7772281,13.20134
7772377,0.6355108
7772462,0.0
7772479,10.5789175
7772724,2.6082394
7773365,0.7069055
7773386,20.722057
7773645,1.4565169
7773669,46.33178
7773967,29.560684
7774373,62.195522
7774422,10.2100935
7774655,73.45836
7774722,24.660902
7775427,1.6768632
7775431,18.744247
7775455,0.0
7775627,15.281118
7775711,0.14918049
7775924,1.4326636
7776105,80.76739
7779419,13.446169
7780850,14.58254
7781123,0.5388164
7781490,22.359585
7781847,57.852207
7782176,5.540726
7782340,30.92278
7784894,8.692908
7785052,4.250183
7785451,23.505964
7785582,0.0
7785655,83.70142
7785745,0.9089809
7786504,5.67266
7786536,4.0334034
7786683,0.17417717
7787223,0.7300671
7787799,3.6451373
7787962,85.451836
7787983,44.432007
7788438,1.1361058
7788504,15.806474
7788688,2.4957745
7789346,1.7809827
7789408,6.26857
7789685,40.34572
7789692,2.8751385
7789848,0.39268064
7789850,44.993286
7790161,7.5711613
7790581,10.711598
7790627,26.805191
7790850,7.0840483
7797213,9.617987
7797490,0.0
7797733,0.3830822
7798327,0.12329236
7798559,37.346207
7798633,7.106581
7798694,0.0
7799096,3.764195
7799357,2.648497
7799410,15.041954
7799577,3.715896
7799787,9.046174
7799893,2.6460884
7800824,1.9766369
7801023,0.0
7801483,1.6549736
7803063,27.364353
7803319,0.18611729
7803399,1.536492
7803475,49.20701
7803545,3.4722798
7803683,3.2537553
7803828,19.272724
7804414,19.42941
7804434,2.0039995
7805051,33.012825
7805159,1.0558873
7805295,32.73903
7806103,2.3031602
7806246,44.340523
7806322,83.10959
7806890,11.987727
7807175,0.684992
7807454,0.08442986
7807792,3.384855
7808057,0.0
7808182,46.220825
7808346,7.1246395
7808374,0.0
7808452,45.42952
7808484,2.6506655
7808799,7.5957074
7809295,0.8782431
7809328,57.743298
7809408,44.47283
7809481,7.1214232
7809535,38.781147
7809629,5.03382
7809746,1.256855
7809878,4.9884434
7810109,0.0
7810500,0.62940246
7811933,57.00599
7812655,10.476942
7814575,5.856771
7815865,1.9192305
7816930,3.3998606
7817350,0.0
7818601,0.5339673
7818734,1.167472
7819272,5.209597
7819465,3.4807484
7819706,0.8919207
7819909,30.945494
7820556,0.8774102
7820664,6.18302
7820861,57.550404
7820916,6.6975656
7820969,8.952729
7823396,0.13645595
7823474,24.28166
7823495,25.165266
7824374,44.41716
7825487,0.413659
7825593,6.48748
7825663,17.995514
7825743,3.369553
7826016,32.527306
7826413,13.422532
7826478,16.57229
7826517,41.372543
7826573,0.49897775
7826846,0.5751152
7827525,17.013449
7827531,29.863605
7827616,3.6099503
7827817,66.26837
7828204,6.4389925
7828740,44.782265
7831556,4.828639
7832138,58.575035
7832737,12.642853
7834112,0.5868765
7834712,0.5331545
7834769,6.302767
7835198,1.6504675
7835733,29.009066
7835778,0.3552448
7836258,5.5570645
7836589,0.060615513
7837347,0.0
7837575,29.915586
7837583,1.2346079
7837632,10.2727785
7837670,0.13903628
7837685,6.950643
7837852,9.392621
7837859,0.0
7837963,9.301857
7838393,22.030725
7839087,27.048025
7839545,32.584156
7839930,74.88571
7839972,0.88526034
7840544,1.3922867
7840798,1.777097
7841038,15.718203
7841410,0.0
7841464,0.10390333
7841521,39.47254
7841576,2.642271
7841904,7.580601
7842276,16.441063
7842597,13.225301
7842650,13.853624
7842939,39.792217
7843582,14.319445
7843604,85.73686
7843781,49.87078
7843902,7.3641124
7844206,0.9102281
7844263,4.5040793
7844947,0.3677753
7846162,23.52948
7849404,1.1709371
7849755,16.909594
7850400,35.40699
7851371,0.28939232
7851753,0.06399313
7852297,0.23191458
7852370,15.343778
7853110,0.10804839
7853584,1.1104548
7853587,24.641697
7854287,9.0611925
7854307,81.49871
7854426,3.124009
7854730,69.73469
7854999,17.003029
7855021,12.603434
7855244,0.18957296
7855499,0.0
7856015,12.04415
7856187,1.0316163
7856476,22.579493
7856830,0.19798827
7857050,7.5446606
7857465,0.6177822
7857504,27.684565
7857685,3.934146
7857897,7.4001374
7858338,55.87497
7858468,82.88629
7858629,6.871576
7858644,0.7417706
7858673,76.546646
7858709,3.4825535
7858731,1.1078036
7858791,0.76194715
7858824,16.782253
7859293,7.8114877
7859840,3.1117432
7859932,0.0
7859978,2.0931618
7862762,22.410467
7865678,16.371092
7866845,2.799064
7867205,1.50403
7867264,2.5361342
7867321,1.1290401
7867388,0.0
7867494,49.873055
7867623,1.7059729
7867800,11.2900095
7868427,13.705568
7868971,0.0
7869449,0.013003744
7870403,40.7948
7870442,0.34885833
7871441,9.17102
7871699,1.6999296
7871818,68.159805
7872172,4.704099
7872617,5.5782385
7872983,7.014115
7873215,0.33773962
7873433,0.59948957
7873524,0.82820666
7873543,8.598037
7873940,4.0077085
7874697,17.821207
7874958,0.4304749
7875071,3.982001
7876954,26.070204
7877599,17.619942
7878795,54.43624
7879486,69.08171
7880066,54.92862
7880799,76.52573
7881023,10.293194
7881195,0.0
7881469,0.4007611
7881522,0.0
7881928,6.7289276
7881985,0.0
7882127,0.39882872
7882517,0.16819666
7883220,2.058362
7883623,79.59688
7883692,0.8526813
7883798,0.0
7884708,21.398796
7885309,27.042519
7885338,69.29755
7885810,60.81459
7886069,1.3997957
7886635,71.465645
7886670,5.2739253
7886869,19.308844
7887206,25.622168
7892279,69.13261
7893768,84.30899
7894007,69.54748
7894907,70.183685
7894983,13.936398
7895157,0.23796026
7895935,0.0033646293
7896396,19.174475
7896536,49.10139
7897114,8.2527685
7897229,10.075658
7897307,62.287495
7897312,67.53044
7898106,16.708864
7898302,0.26902124
7899605,10.023802
7899881,0.7152443
7900119,0.0962896
7900129,19.1418
7900437,0.0
7900478,14.259989
7900575,5.6796603
7900722,7.9984508
7900908,64.66655
7901592,25.538643
7901635,79.245125
7901720,1.4867424
7901766,0.3682858
7901928,0.3094725
7902074,0.26145235
7902129,39.832123
7902291,0.28569317
7902409,17.164074
7902445,67.609436
7902617,7.0926127
7903060,9.104597
7903374,26.02713
7903627,61.546967
7903721,0.48465058
7908712,0.41481605
7910635,24.236345
7910702,0.17658725
7911249,11.585016
7911571,16.644169
7912217,0.0
7912652,16.79798
7913704,12.482501
7914369,69.90524
7914519,14.470194
7915083,3.383876
7915327,8.4636965
7915525,2.467393
7915596,81.83397
7915844,3.2759047
7915894,0.3122438
7916103,6.2953534
7916684,0.13328734
7917604,2.879976
7917755,0.4706392
7917925,25.24449
7918597,2.635141
7918660,60.285896
7919214,79.353516
7919303,1.2391704
7919372,6.9154215
7919636,0.6043072
7919761,35.655613
7919803,3.9146032
7920394,62.074257
7920508,3.9173925
7920963,61.437412
7920993,13.798553
7921643,0.0
7921666,59.82848
7927838,49.584545
7928493,0.0
7928712,2.9762232
7928756,0.0
7928917,0.05943749
7928979,0.32204652
7929441,71.382866
7929718,5.008798
7930492,7.030511
7930857,0.25849658
7931003,1.6326617
7931180,0.48304257
7932428,0.09949059
7932907,1.1083117
7933140,27.770885
7933775,21.29936
7933777,0.0
7933896,0.004942364
7933959,43.467525
7934557,2.0543857
7934867,22.733944
7935386,65.3467
7935508,0.76118
7935915,28.10207
7935958,17.817831
7936161,12.334797
7936965,0.0
7936980,15.643974
7937553,14.578342
7938095,11.142351
7938375,2.384092
7938434,7.4626403
7938565,2.0252085
7938719,11.738006
7938793,24.02597
7939074,0.7080867
7939346,2.227594
7939575,7.290506
7939785,1.6267754
7939788,1.9592419
7945940,45.506233
7946605,0.0
7946876,1.8525574
7948163,35.510998
7948395,5.236944
7948463,0.25849524
7948903,0.06670564
7949119,29.913736
7949419,13.343907
7949480,26.368536
7949799,18.123484
7949889,36.018314
7950817,20.9627
7951971,0.1808919
7952315,13.464443
7952963,50.996258
7953220,0.10655872
7953571,1.2312539
7953690,6.5799084
7954453,2.0514686
7954838,0.25118884
7954940,0.5815696
7955150,0.65129316
7955181,0.0
7955427,8.484486
7955906,2.7621157
7955965,0.0
7956241,0.9035931
7956290,0.0
7956643,6.663925
7956955,71.80029
7956997,19.033306
7957182,0.59540147
7957339,0.6777175
7958154,1.0867182
7958390,29.447124
7962950,56.90861
7963278,55.98721
7963444,3.3372827
7963518,26.093878
7964792,33.750095
7964931,43.877964
7965146,0.18634543
7965264,6.3870034
7965953,19.037687
7966943,13.507355
7967112,0.13632047
7967489,1.1079443
7967875,1.5843186
7967942,11.313215
7968138,0.28888413
7968283,0.0
7968404,4.4078264
7968783,31.927195
7968983,27.460068
7969111,87.766754
7969270,0.0
7970450,0.0
7970479,50.32585
7970533,36.007233
7970578,10.404439
7970631,0.0
7970699,0.2377068
7970842,30.26582
7971035,0.16708314
7971379,0.42688125
7971602,52.545746
7972046,55.829426
7972259,3.4457605
7972332,2.1269732
7972388,0.66813505
7972462,5.5053825
7973384,0.0
7973491,10.75265
7973550,2.1640403
7973730,0.0
7973928,63.519943
7973933,6.2125173
7974899,2.9945593
7979433,0.27317885
7980488,60.88508
7981341,0.0
7982126,0.23155756
7982976,9.908378
7983099,1.7784948
7983495,14.296412
7983565,82.80675
7984128,26.493927
7984245,10.377238
7984388,0.1730638
7984555,2.5663695
7984904,0.0
7986033,2.5186572
7986074,0.8011122
7986862,12.980383
7987167,26.656916
7987209,49.418957
7987288,1.0279468
7987306,0.24285467
7987971,78.875336
7988012,25.558718
7988084,14.890935
7988156,86.63492
7988259,9.75751
7988381,10.173597
7988477,9.792065
7988867,4.0922475
7989884,66.53039
7994086,30.593536
7995293,0.0
7996391,3.3247597
7996748,19.038868
7996995,2.7693996
7997358,15.007356
7997723,57.796726
7998020,0.0
7998338,2.4405315
7998377,0.6544144
7998385,15.431371
7998624,11.805268
7998921,0.28035083
7999190,0.2232047
7999290,19.022259
7999574,20.716255
8000657,10.56716
8000716,23.22694
8000972,9.084661
8001051,63.75385
8001287,12.308894
8001339,25.21195
8001390,3.8875804
8002080,54.393925
8003337,2.1525218
8005645,11.230765
8006746,0.75556844
8007908,28.174122
8008601,4.7506175
8009058,0.37907866
8009332,48.71684
8009566,0.17542303
8009605,10.668788
8010585,30.399939
8011048,80.49449
8011289,2.7499259
8011605,2.9141738
8011722,1.1594179
8012041,1.8798373
8012334,4.593466
8012793,2.3725395
8013017,9.87746
8013609,23.256504
8013731,22.00024
8013762,0.0
8013780,1.0446182
8013947,7.6907835
8013954,4.998355
8014173,5.500002
8014312,6.4016056
8014315,0.0
8014654,0.53354734
8014737,1.1941808
8014811,0.74623954
8015001,10.154567
8015256,7.7050967
8015894,35.21575
8015895,0.0
8015959,18.98015
8016148,0.0
8016260,33.35431
8016420,80.52619
8016435,4.6721706
8016681,3.659959
8016725,4.5024543
8016728,20.058756
8016763,2.2971244
8016769,2.222606
8016946,42.07749
8017041,21.035782
8017078,1.3623015
8017399,9.848541
8017587,0.31128627
8018074,0.0
8021647,57.93392
8021726,41.870083
8021914,78.23048
8022623,45.90167
8024051,11.160192
8024687,14.650668
8024915,45.346424
8025808,22.40656
8026859,0.2911968
8027690,2.2001553
8028382,3.972295
8029217,0.0
8029331,5.452991
8029379,63.198006
8029461,9.453027
8029907,16.989544
8030123,0.3047774
8030872,1.2881575
8030918,5.7476487
8031617,9.025754
8031703,50.8435
8031823,68.386925
8032151,0.25213477
8032173,2.617091
8032689,0.21157195
8033015,36.840683
8033041,32.962948
8033303,30.564478
8033487,2.9402459
8033491,7.978601
8033609,79.84818
8033860,0.18773495
8034433,0.27277988
8034444,32.796047
8034599,2.3336377
8034664,0.13720882
8035046,78.743774
8035143,43.43406
8035370,3.327178
8035373,21.089655
8035441,47.99482
8035557,33.210693
8035731,8.580329
8035733,8.922034
8036193,15.168867
8036326,0.74062395
8036500,86.034676
8036524,0.03279189
8037006,3.0316708
8037537,11.52712
8040050,61.429893
8041585,2.3595173
8042732,5.136042
8043896,22.107191
8044115,17.517513
8044434,4.230889
8044779,3.086697
8044795,8.621619
8044856,61.09164
8045117,5.986603
8045996,1.8559402
8046173,1.6515111
8047048,0.2241748
8047775,4.313982
8047942,8.105062
8048022,0.4885361
8048480,0.5771419
8049303,1.2051599
8049708,49.48351
8049964,35.69854
8049994,0.3266064
8050265,3.6960044
8050544,0.038340323
8050747,1.6940637
8051076,16.245335
8051094,48.191887
8052243,0.14660724
8052398,0.76802486
8052679,64.02675
8052841,31.61283
8052900,0.20584244
8053474,0.84126127
8053664,0.3535898
8053697,0.80318713
8054051,3.8400452
8054295,38.63687
8054396,76.080315
8054493,12.561373
8054676,16.069
8055508,76.22068
8055859,26.69318
8058693,38.821198
8062149,5.0673065
8062793,0.24277765
8062956,5.087408
8063109,65.85881
8063277,12.895109
8063845,51.07827
8065068,3.0736504
8065272,0.61779076
8065751,0.8408644
8065861,0.8366435
8066253,42.41904
8066924,31.042833
8066925,7.2653975
8067449,0.0
8067466,33.51572
8068089,9.814991
8068304,0.9332344
8068363,24.03914
8068609,39.51771
8069765,0.48160008
8069858,59.503277
8069938,25.440845
8070145,6.8042374
8070334,1.065502
8071250,3.027198
8071607,0.29677218
8071961,2.7719615
8072069,12.226404
8072579,1.160894
8072744,0.36423254
8072802,87.80686
8077721,6.2174506
8079894,77.09903
8079900,0.70259285
8080954,6.262912
8081177,7.601755
8082331,2.3621697
8082554,1.95646
8082651,20.730404
8083931,0.0
8084527,6.6038775
8084550,2.3283129
8084731,4.383066
8084878,0.6343582
8085542,0.0
8085549,20.115137
8085692,0.0
8085930,0.021225343
8086465,5.4936805
8087274,6.5609903
8087330,16.20205
8087780,10.064783
8088779,40.69401
8089062,40.77277
8089722,0.71799767
8089927,8.187028
8090023,0.0
8090426,81.83798
8090529,0.27965897
8090698,10.479164
8091080,0.7255587
8091243,9.562139
8091463,35.01762
8092877,5.320107
8097123,17.890844
8098481,16.991577
8098736,59.75254
8098828,0.9122846
8099205,1.1259896
8099249,4.7601075
8099478,3.4290235
8100787,0.0023948152
8101258,17.535517
8101374,0.0
8101581,12.665376
8101762,0.0
8101848,0.47807363
8102012,32.90427
8102057,4.784485
8102637,0.22488756
8103140,15.213036
8103342,68.58246
8104879,0.86724186
8105749,0.7338759
8105752,0.70758724
8106228,6.230233
8106428,4.4668684
8106445,5.626101
8106449,0.5517796
8106619,41.482433
8106774,60.32765
8106830,2.4744709
8106902,0.0
8107212,19.170156
8109092,4.661455
8111686,5.269652
8112228,30.728178
8112556,3.9823532
8113145,4.919436
8113407,0.0
8115116,53.435387
8115321,50.272575
8116276,0.0
8117019,3.2401526
8117161,0.9682764
8117163,37.027916
8117213,27.619621
8117310,0.65855706
8117482,0.8432397
8117731,6.5635
8118605,0.53682107
8119610,38.923046
8121643,76.091415
8125640,8.671482
8126091,4.1377273
8126104,24.761572
8126777,15.485333
8126980,2.3989167
8127123,1.1715615
8127186,0.0
8127517,0.0
8127628,0.7656145
8128539,0.5107193
8129018,22.064486
8129389,0.09892654
8129669,0.0
8130153,17.089247
8130277,12.251406
8130291,0.0
8130551,0.029463535
8131356,5.64082
8131765,0.33436677
8131995,23.639862
8132046,7.0394983
8132122,0.0
8132430,0.074694596
8132629,75.239655
8132699,0.0
8132897,3.217006
8133275,70.02904
8133345,19.00907
8133932,1.2729892
8135403,51.71723
8135887,0.0
8141318,5.651232
8141967,0.0
8143119,0.0
8143588,0.812245
8143851,0.0
8144339,13.461878
8144631,0.0
8144709,48.61538
8144798,0.73993254
8145150,19.981644
8145645,3.2324908
8145653,3.6751442
8145675,0.34714395
8146444,20.550686
8146518,19.69578
8147083,13.338715
8147106,44.727524
8147212,5.0184064
8147633,0.056123406
8147928,20.513735
8148182,11.270461
8148668,0.28365287
8149309,14.347134
8149789,2.806811
8149849,14.306992
8151268,8.555168
8151645,8.308169
8151925,83.21615
8152470,9.87221
8152513,5.8826165
8152565,1.0421728
8152675,61.732597
8152697,0.6040026
8153005,0.45296082
8153044,18.535023
8153128,15.721151
8153235,9.195166
8153240,0.62355715
8153639,0.0
8154203,0.87741965
8159329,0.0069959406
8160542,0.63473773
8162214,17.673635
8162587,5.4972873
8162607,87.74864
8162622,0.0
8163275,26.42154
8163625,7.9436097
8165315,18.880419
8165707,3.3503232
8166218,10.840866
8166617,9.654177
8166737,5.910803
8166752,4.080945
8167057,29.103428
8167145,0.24680103
8167783,3.5316908
8168670,12.702933
8169030,0.0
8169615,58.26251
8169667,36.319187
8170005,23.151798
8170917,3.2574573
8171241,9.536959
8171295,0.7309226
8171299,3.1195545
8171873,0.0
8172062,30.271376
8172572,0.47644553
8172653,0.43629333
8172864,0.28780887
8173170,0.78638816
8173232,0.76578224
8174249,2.9772532
8174397,0.80986273
8174840,19.060106
8181170,0.0
8181864,2.2014735
8182759,16.788
8182829,11.148332
8183217,5.2987895
8184624,0.8533256
8184754,0.0
8185374,22.793993
8185497,4.260414
8185787,75.66139
8186234,0.0
8186924,2.339476
8186991,0.47426328
8187334,0.0
8187634,0.7049153
8188176,2.8995593
8188644,30.295603
8189390,2.4838438
8190035,0.36388314
8190071,1.3749588
8190147,8.896864
8190190,64.94299
8190747,1.2455357
8190848,0.3976291
8191540,26.13418
8191699,13.886408
8192079,0.5046612
8192443,74.75304
8192532,1.650778
8192768,36.27645
8192808,0.022115258
8192936,1.0587279
8193000,31.2055
8193127,0.040041886
8193135,21.499321
8193595,0.8593012
8193625,40.596836
8193768,11.047012
8194194,0.14241378
8194225,13.013278
8194283,6.0055184
8194369,8.360758
8194401,25.720362
8194650,53.92029
8194812,69.78833
8195034,3.5849993
8195094,48.94118
8195117,2.6298425
8195151,3.4394014
8195335,0.5542731
8195353,5.3551145
8195521,0.0
8195719,3.8636224
8195840,0.72277737
8200729,48.796726
8201629,3.3710744
8202455,1.6714689
8203294,0.0
8204392,0.0
8205064,6.140015
8205342,0.2544743
8205555,3.8712163
8205701,59.712387
8206060,9.160159
8206718,12.739846
8207350,14.806027
8207701,0.13255553
8207764,44.636997
8208090,36.374405
8208110,0.7653489
8208824,0.74147636
8208997,0.5529257
8209242,9.872517
8209307,0.0
8209412,0.0
8209746,0.16240478
8210384,6.3832316
8210423,20.729563
8210543,23.513306
8210728,7.661935
8210734,39.972755
8211314,0.0
8211513,1.0647016
8211709,0.8700902
8211852,1.2592692
8212058,7.7162795
8212215,2.2270703
8212592,2.6358716
8212733,9.742918
8213019,0.23810393
8213145,1.0099305
8213362,8.528388
8213444,64.50719
8213800,2.0106385
8214005,0.8667766
8216392,2.2904415
8217350,47.10418
8217454,3.142603
8218942,8.264221
8219313,0.71125144
8219404,18.07433
8219648,84.79096
8220331,1.2461556
8220472,5.513631
8221965,14.21298
8222540,0.02682431
8222831,45.358326
8222857,0.23012775
8223756,1.1887753
8224233,0.6763899
8225210,0.88481706
8225997,1.6212022
8226137,0.0
8226967,1.1611028
8227361,34.223297
8228217,13.511782
8233117,0.15981118
8233484,30.030815
8234295,0.33324763
8234456,2.1394753
8235667,1.4259756
8235820,0.096224114
8236539,0.12015251
8236660,14.636124
8236773,0.60980564
8237477,66.52527
8237586,1.1223159
8238028,23.718557
8238581,0.036239173
8238754,65.03421
8238926,78.44602
8239111,1.6596954
8239159,2.8077664
8239333,6.075747
8239352,51.25448
8239394,12.672452
8239534,7.954761
8240016,77.06458
8240819,6.699482
8241237,2.993626
8241545,43.862362
8241894,0.38059846
8241975,83.40282
8245639,34.98544
8246555,0.0
8246675,75.68865
8250194,2.7872636
8250576,0.22295192
8250729,52.045616
8250925,72.13341
8251209,4.9981675
8252398,1.4910928
8253057,67.59093
8253376,6.2934356
8254028,21.504557
8254419,4.946045
8254640,0.7203572
8255082,0.042271696
8255329,0.04050575
8255964,56.550434
8256091,1.4524324
8256749,73.52735
8256789,1.7215216
8256806,0.8871811
8256930,17.046022
8257222,27.817612
8257590,9.252325
8257896,4.8133082
8257999,11.135017
8258394,2.8631635
8265482,3.1921868
8266485,16.759459
8266871,0.0
8266933,39.10135
8266969,0.41218385
8267425,7.6814227
8268219,0.031853266
8268702,5.197534
8268876,33.901886
8268976,0.13813016
8269241,71.9618
8269318,56.604134
8269852,28.50231
8269950,4.5029826
8271628,62.614838
8271658,82.28188
8271934,74.78563
8272122,3.854767
8272216,1.672258
8272327,23.762575
8272532,65.33782
8272749,25.443922
8273700,1.0996239
8273730,0.9505968
8274488,72.67162
8274516,67.6375
8274685,1.0715495
8274723,76.864105
8274917,0.5730127
8275295,8.21092
8275421,39.07135
8275455,10.76647
8275474,0.38108048
8275676,34.31569
8275940,0.0
8276646,5.2776594
8278733,4.571266
8283594,37.364082
8284223,79.864075
8285198,4.1351457
8285367,8.178444
8285693,0.6197523
8285992,0.7110801
8286034,81.65965
8286139,0.73664075
8286167,0.6367232
8286476,0.0
8286494,21.33677
8287001,12.760113
8287943,4.973235
8288098,84.23855
8288774,2.9254022
8290042,48.672134
8290210,0.0
8290278,50.172253
8290587,11.747537
8290724,22.424717
8292078,63.92689
8292095,50.618587
8292129,68.89183
8292343,9.297153
8292595,3.0796063
8292848,2.61393
8292864,1.3999605
8292919,3.9872832
8293087,0.51077217
8293222,15.096922
8294144,28.812943
8294502,31.385925
8297694,0.90472025
8299030,40.925503
8299218,0.0
8301159,45.309517
8301768,47.667984
8301850,17.11025
8302619,1.337692
8302890,0.0
8303074,1.7639643
8304116,0.9915736
8304243,0.0
8304809,33.7165
8305898,0.0
8306292,34.091373
8306427,2.4220004
8307946,47.875416
8308128,1.2402273
8308176,0.08657828
8308683,60.118076
8308797,32.113754
8308937,0.0
8309384,45.620117
8309474,10.00306
8309502,0.30493814
8309731,51.228523
8309746,0.14865385
8309886,0.0
8311468,0.0
8311723,5.5280952
8311762,66.82557
8311783,56.83874
8311933,2.138235
8311970,51.968243
8311974,12.664555
8312148,8.669602
8313370,17.204567
8313551,68.94101
8316290,51.601048
8316959,4.380568
8317595,2.0673153
8319351,0.0
8319588,0.24167939
8320198,3.488385
8320972,5.101671
8321354,3.7891722
8321517,3.3489697
8321524,0.14234006
8322138,0.67701143
8322881,20.259983
8323944,27.2279
8324080,5.1915956
8324481,17.804548
8324941,0.033725627
8325667,0.0
8326026,0.29084617
8326337,24.493277
8326389,2.0118105
8326753,5.4281607
8326835,7.544829
8327302,44.463913
8327562,15.352163
8327596,0.3581925
8327773,82.60512
8327930,61.795475
8328213,20.825615
8328670,6.237306
8328706,14.4527
8328837,0.0
8329796,0.0
8331648,22.361807
8334273,0.10376685
8334574,21.316637
8335000,11.67687
8335100,5.865537
8335481,4.9988136
8335913,19.102556
8336175,65.78746
8336554,4.641576
8337535,0.1787104
8337536,22.361866
8337597,0.25156918
8337827,0.043045543
8338312,8.142677
8339036,70.47572
8340304,3.1824665
8340307,14.516166
8340381,1.1840733
8340400,3.7282138
8340553,3.7899356
8341556,75.557655
8341669,0.82527107
8341734,61.72921
8342009,13.35587
8342200,0.20518622
8342763,18.81717
8342998,4.524401
8343210,54.19669
8348413,45.701397
8349397,68.54537
8349835,23.348799
8350557,0.0
8350891,1.1518519
8350952,3.0115566
8351796,0.63288355
8353898,1.7340437
8354383,2.9156277
8354816,0.0
8354926,9.980777
8354988,20.975899
8355319,0.06981657
8355713,0.1354524
8355776,2.205132
8355794,2.5119507
8356465,6.283735
8356720,3.8332968
8356743,10.3278
8359098,0.59205484
8362098,20.6245
8362248,0.47466758
8362676,15.205914
8363084,0.9332024
8364525,1.4941014
8365172,82.600334
8366172,2.2887247
8366891,54.01165
8367125,4.9402094
8367486,79.25588
8367611,18.679285
8367871,1.6361986
8368708,2.9531138
8368723,48.774235
8368794,6.0309005
8369857,37.65495
8369895,19.874592
8370140,7.4566336
8370236,87.068855
8371527,29.952738
8371541,68.457985
8372652,0.21287751
8372912,4.6437078
8378428,9.475561
8379136,14.978802
8380868,9.095019
8381173,22.387617
8381388,6.5172544
8381514,4.5771146
8381974,5.4880404
8382055,18.559275
8382592,3.267246
8382602,0.72120726
8383187,0.1541635
8383276,6.945107
8383633,0.0
8385014,1.5279233
8385064,0.22921826
8386528,33.170746
8386694,0.0
8386829,0.0
8386889,0.0
8387338,1.5530293
8387361,4.9604206
8388235,7.324779
8388303,1.3994938
8388309,0.0
8388864,0.2970964
8389302,0.25170773
8389905,70.49851
8390100,0.32697588
8390444,0.17155436
8390605,1.1260434
8390739,7.2946463
8390906,2.4172363
8391035,0.30685863
8391105,6.7613716
8391111,0.0
8391132,70.19551
8391160,10.091507
8391534,6.2701426
8391648,35.803265
8392636,1.9364744
8392760,79.92416
8393139,7.246487
8395504,0.99396235
8397623,73.153946
8398120,5.4322767
8398176,0.0
8398566,0.36230132
8398742,4.411242
8398955,82.31598
8400121,6.664837
8400723,17.66329
8401620,5.482052
8402207,57.975346
8402380,2.9377558
8402882,0.9015907
8403071,14.438995
8403316,62.348415
8403327,16.428638
8403710,9.530957
8404181,0.3948793
8404787,9.387883
8405280,6.6381497
8405664,6.310533
8405978,23.843063
8406520,12.581739
8406689,12.15863
8407577,11.71032
8407677,27.450289
8407862,50.012753
8408530,11.380694
8408534,0.53991896
8408674,26.545427
8408695,0.6526074
8408768,0.5018025
8408853,0.2453449
8409178,28.120436
8409300,9.609295
8409401,36.538483
8409459,46.014786
8409542,1.6396958
8409573,0.52788395
8409575,9.326347
8409839,26.31223
8410004,0.373863
8410450,61.678516
8411164,3.95031
8411300,4.4750495
8411390,8.59927
8411428,5.0249205
8412352,0.19788714
8416015,84.0426
8416681,10.360076
8417134,54.823505
8417805,3.3337815
8417899,0.91444415
8418154,6.1506014
8418984,20.997616
8419475,0.26624498
8420343,50.737556
8420572,2.6150525
8420940,9.582417
8420972,21.149454
8421416,0.36550307
8421564,0.0
8422085,34.879734
8423554,0.0
8423636,30.904581
8423666,23.4094
8424350,48.7549
8424572,13.755531
8424577,0.60259926
8424694,3.6721928
8425058,10.332533
8425177,0.0
8426309,0.5651769
8426521,0.0
8426584,46.85981
8426753,2.4065394
8426874,0.0070157936
8427013,11.790786
8427400,38.839535
8427638,34.400223
8427707,0.0
8427735,0.6075849
8427772,0.7975388
8427997,1.5413436
8428220,33.742077
8428252,34.64806
8428577,0.908891
8428777,0.0
8429515,0.0
8434813,1.5496963
8436188,13.4510565
8436762,0.7691844
8436843,0.8832203
8437111,0.0
8437115,15.844534
8437316,27.887653
8438760,5.58483
8438775,70.47358
8438801,12.529906
8439595,11.382152
8439758,49.68373
8440295,74.06313
8440352,62.101337
8440837,6.059151
8440866,78.94827
8441574,26.471617
8441969,2.9082613
8442352,1.6300272
8442672,8.876763
8442997,3.7588975
8443516,0.37954128
8443684,59.230373
8444040,10.381257
8444115,33.745647
8444227,29.690273
8444555,56.83368
8444619,29.216324
8444730,5.137382
8444863,3.0957208
8444940,44.061718
8445382,0.05804291
8445681,0.42678308
8445883,0.0
8446914,57.186184
8449994,0.0
8450523,32.566887
8453518,0.0
8454110,67.85665
8454754,51.98225
8455225,0.6648562
8455625,44.30485
8456014,0.9853648
8456220,0.0
8456805,56.57835
8456825,49.2423
8456902,2.053199
8457294,21.37662
8458055,1.628365
8458068,46.092796
8458125,1.2064583
8458505,22.40378
8458852,54.94666
8458966,44.02308
8459000,0.0
8459563,3.2636955
8459574,3.1209557
8459599,9.319973
8459660,3.3352191
8459696,80.3677
8461476,29.828697
8463779,7.744179
8466120,1.0479281
8467862,0.6046562
8468318,0.0
8468586,6.4710712
8468662,4.2634964
8468699,2.6693208
8468745,2.8128178
8468835,0.037444185
8469889,0.02166724
8470130,0.0
8470281,1.5242769
8470491,61.647636
8470559,3.6247702
8470974,11.255175
8471007,23.872429
8471061,0.0
8471063,0.0
8471233,2.8792634
8471906,6.5664515
8471927,7.941834
8472562,7.7309546
8472673,4.127824
8472940,0.0
8472997,0.07579855
8473327,85.40109
8473353,0.15145843
8473374,17.627182
8473480,77.03331
8473484,5.1428804
8473571,87.72368
8473623,0.16841795
8473833,1.1242386
8474015,6.936772
8474260,0.63765216
8474472,9.028295
8474514,1.7955031
8474702,0.8529976
8475392,51.324814
8481680,0.1969768
8482165,0.0
8483296,3.8921094
8483688,0.17651546
8483768,60.92852
8484152,0.5946557
8485053,7.50812
8485057,32.351418
8485529,0.12109778
8485554,72.05257
8485571,0.73010474
8485651,5.0949426
8485671,0.0
8486482,12.276852
8486828,12.1795635
8486894,62.92214
8486946,1.9996254
8487176,5.855028
8487297,0.28591478
8487664,45.24543
8487674,0.15881072
8487757,0.61472815
8487784,10.718361
8487822,28.565363
8488082,7.8908286
8488097,0.0
8488273,23.669561
8488308,17.68883
8488322,59.7852
8488834,3.804465
8489022,1.5662596
8489308,1.7648412
8494012,6.2270393
8494234,38.027313
8496436,17.42381
8496467,3.4066644
8496632,51.198555
8497248,0.2637729
8497600,50.124023
8497869,10.030749
8498379,6.294761
8498885,0.42470527
8498969,5.4307127
8499562,8.559048
8499719,55.342716
8500102,5.6192346
8500649,2.3613043
8500740,3.66349
8500983,0.36376718
8501279,0.0
8501323,41.255898
8501622,1.0965067
8501697,2.911442
8501750,1.4379555
8502567,0.0
8502915,0.0
8503064,0.37473977
8503360,0.0
8503830,17.418768
8504121,1.7272912
8504231,1.4291345
8504263,32.355366
8504271,0.0661349
8504708,34.8658
8504788,5.8628163
8504811,0.0
8504995,9.074577
8505031,0.22848336
8505151,2.4551284
8505175,9.256368
8505591,5.946631
8505785,1.8078043
8506013,7.599526
8506035,16.846188
8506125,40.33816
8506167,0.33269486
8506284,19.77937
8506755,0.85189396
8506833,0.0
8506835,40.937206
8506855,0.0
8506867,0.42793176
8507768,28.347752
8508269,0.46279097
8511404,0.8464896
8513953,16.0795
8514177,3.682353
8514448,0.59511554
8514620,0.41499507
8515213,3.6282434
8515432,55.049877
8515886,7.896782
8517554,7.840404
8517887,4.2790766
8518186,1.356303
8518214,13.821204
8518280,13.186693
8518359,5.953795
8518364,0.3252881
8518657,50.950287
8518878,0.29196745
8520094,83.57174
8520667,4.465852
8520693,50.754414
8520836,1.758959
8521188,8.094885
8521666,59.625343
8521692,32.017174
8521720,47.223022
8521884,37.39003
8522062,52.16972
8522326,41.024155
8522395,50.520794
8522756,0.17743807
8522876,0.0
8522878,4.409493
8522933,76.275444
8523014,3.6206968
8523027,41.454956
8523046,61.770393
8523065,10.013424
8523066,0.6234964
8524648,0.0
8526633,36.885124
8529957,8.9556055
8530825,0.0
8530858,1.0572356
8531691,8.694062
8531772,8.942936
8531976,0.0
8532354,4.1784883
8532520,1.1453553
8532599,7.7744193
8532763,76.070625
8532825,0.0
8532876,0.0
8532970,0.14345653
8533035,1.0591775
8534230,13.18059
8534400,2.9674616
8534893,56.815773
8535041,1.6028956
8535125,39.89238
8535332,0.0
8535338,0.0
8535694,0.12191154
8536589,8.186063
8536676,7.812964
8536829,1.8358737
8536911,10.457088
8536955,1.8418025
8537400,0.56535316
8537628,26.67554
8539057,0.0
8539544,1.8027965
8539699,0.0
8540113,0.30958235
8540941,0.0
8541182,6.8140497
8547442,1.2530342
8547627,12.464577
8548307,2.9424324
8548407,1.3508778
8548971,46.608566
8549106,37.99383
8550184,60.21606
8550380,0.97225714
8550516,9.082785
8550604,2.5491927
8550784,6.5230722
8550799,10.511433
8551446,68.30422
8552070,18.187462
8552516,0.0
8552616,0.0
8552838,24.198912
8553166,4.9095445
8553197,0.26643524
8553204,33.277225
8554567,68.222984
8555036,0.0
8555142,46.09545
8555231,79.01593
8555577,4.065824
8555721,33.877926
8555964,0.59153235
8556774,7.8133125
8556792,33.991867
8556794,18.738277
8557123,49.275337
8558283,0.5791031
8563290,0.6044673
8563603,1.6271218
8564412,0.0
8564500,0.15749532
8564804,2.3548954
8564983,3.5526853
8565339,13.416542
8565340,0.18936999
8565548,39.102924
8566525,69.66368
8566780,9.218598
8567173,11.696643
8567307,0.71389
8567525,0.0
8567664,7.0011616
8567855,2.7552974
8568137,60.333366
8568363,0.43947506
8568624,0.22775291
8568841,4.5921025
8569079,67.27158
8569212,0.04100561
8569951,68.01153
8572460,1.2098544
8574047,19.259226
8574120,29.794714
8574289,1.120452
8576371,39.80375
8576948,29.934261
8577270,0.0
8578817,0.7405132
8579012,42.738705
8579476,0.73079836
8580273,0.37352172
8580467,38.353832
8580704,30.296356
8580746,67.2228
8580947,20.440645
8581068,0.0
8581091,60.08514
8581264,1.9079647
8581716,21.946815
8581784,14.228851
8582163,71.15098
8582643,8.146012
8582756,0.92483157
8582762,0.13444607
8582786,50.23816
8582976,0.5047775
8583175,18.789139
8584215,0.6067899
8588016,13.283425
8588141,0.0
8588357,12.141998
8589668,2.7135317
8589729,49.111664
8590198,14.403427
8590275,0.0
8590822,1.4760599
8590851,0.0
8591707,1.2902443
8592122,4.861302
8592390,56.937393
8592411,22.369371
8592525,3.8235867
8592757,9.537165
8593656,65.33644
8595036,49.15661
8595191,0.05190797
8595346,5.1167026
8595359,1.5883126
8595415,1.2071505
8595446,1.7511508
8595450,17.07452
8596015,5.318843
8596666,9.692777
8597003,2.482919
8597141,23.205925
8597265,0.065609224
8597976,26.897984
8600189,34.466305
8601145,56.8206
8603891,0.2571121
8604250,0.3344297
8605214,8.524087
8607283,15.397678
8608243,31.840706
8608793,31.852863
8609467,1.3356028
8609750,11.006223
8609779,83.5579
8610382,40.95026
8610516,1.2978945
8610571,7.906408
8612715,13.194785
8612724,0.14410461
8612906,3.3700142
8613122,8.799568
8613175,77.2364
8613226,0.0
8613389,26.052996
8613920,0.0
8614204,10.429509
8614388,60.459866
8614461,12.859818
8614498,5.4436326
8614751,56.341515
8614884,4.991126
8615187,8.28099
8615333,0.5434437
8615647,0.73710424
8615671,10.704753
8615821,30.337069
8615830,3.5501037
8616102,0.0
8616221,7.8781266
8616551,22.434515
8616888,34.224686
8618231,0.0
8619067,11.629706
8619510,9.281974
8620134,69.31005
8622301,72.37613
8622957,59.654026
8623370,47.595047
8623758,47.87617
8624118,1.3799615
8624833,33.160652
8625398,1.4733679
8625732,0.4708844
8625895,6.185079
8627060,26.845867
8627394,0.0
8627432,6.421955
8628042,2.9489017
8628425,26.561682
8629187,3.119249
8630001,2.339347
8630023,0.0
8630560,19.661875
8630599,71.3245
8631355,7.9075956
8631389,0.32562518
8631819,22.83885
8633243,46.116005
8634024,0.0
8634152,0.27190077
8634169,63.266304
8634189,57.18571
8634383,61.751724
8635191,16.725613
8635289,55.628162
8635291,4.904226
8635320,1.9664283
8636057,38.694084
8636089,1.4434574
8636274,0.0
8636411,0.0
8636520,1.3354288
8642133,2.7163532
8642982,74.41947
8643939,1.304521
8644070,32.147938
8644087,0.25225425
8644654,16.567646
8645664,0.4173064
8645816,20.07122
8647106,2.8733978
8647400,0.5108814
8648051,23.743343
8648134,0.0
8648254,0.10438419
8648479,2.3485527
8648668,0.2735938
8649087,6.38133
8649144,12.0526
8650177,17.084572
8651132,4.5165567
8651260,1.2560443
8651580,3.1883717
8651786,9.4425125
8652372,0.08370574
8652556,77.73459
8652866,83.40371
8653072,54.64763
8653444,13.962508
8654577,0.0
8661533,4.3067894
8662610,0.0
8662997,53.70581
8663660,61.34456
8665047,12.60043
8665125,0.0
8665778,3.3551931
8666528,34.30892
8666705,0.88123816
8666925,1.6907955
8668115,11.289682
8668241,0.7354063
8668928,0.6426983
8670025,4.214069
8670231,0.0
8670765,7.922805
8670966,2.0848248
8671752,6.2748475
8672280,12.096082
8673141,0.59611315
8674025,4.60822
8674223,74.62895
8676240,0.0
8678768,39.1628
8680223,0.0
8680473,10.610923
8680487,0.5149978
8680642,2.8179564
8680648,77.1558
8680649,2.4746919
8680891,3.9946704
8681076,8.641319
8681616,3.5490177
8682738,0.869247
8683033,0.2817889
8683137,1.2266313
8683432,36.59133
8683482,0.0
8683783,17.278664
8684042,10.026801
8684082,57.209858
8684124,9.457642
8684292,0.0
8684600,3.704115
8685857,1.0300279
8686167,10.46262
8686361,9.785077
8686886,0.7981828
8687305,23.029419
8688095,2.7456617
8690394,10.404277
8690657,7.2699513
8690821,0.6476986
8695381,45.388298
8696758,52.343784
8696961,3.6329756
8697198,13.772742
8697491,0.0
8697741,0.0
8697809,6.2430043
8697936,5.4832153
8698459,15.171297
8698673,1.7756308
8698963,0.6359275
8699229,1.7709944
8700748,50.070297
8700870,52.20598
8701055,51.59838
8701169,2.9459255
8701228,68.58877
8702075,53.21029
8702895,0.0
8702930,0.0
8703437,39.94986
8703671,11.588164
8704112,2.7162814
8704235,0.039454672
8704348,43.93938
8704432,0.0
8704606,52.23518
8704666,44.553963
8704821,77.17752
8705505,10.092937
8709326,0.0
8712309,41.689575
8712745,0.0
8714408,47.405514
8714485,73.807526
8714605,5.9816747
8714613,18.862808
8715038,31.447948
8715361,1.4538467
8715508,32.14102
8716341,1.0938479
8716577,22.09576
8717373,3.006276
8717698,2.8972983
8718032,25.413591
8718423,10.300063
8718572,36.99931
8718819,22.318966
8718970,72.29706
8719013,2.007334
8719349,1.8597499
8719788,0.0
8719818,0.5237547
8719948,41.56617
8719984,4.182195
8720234,30.972134
8720488,12.399354
8720693,26.194544
8720865,6.643958
8720930,1.649172
8722224,0.14842358
8722376,0.15309556
8722731,37.46539
8722860,7.5571513
8723462,5.170308
8727973,0.0
8728639,0.5058886
8729819,4.607435
8729945,10.548182
8729960,8.263086
8730848,3.4837978
8731075,0.4046055
8731224,22.929111
8731653,1.7127984
8731667,6.6821136
8731752,1.3209676
8732244,0.8428023
8734174,78.08929
8734846,0.2622643
8735320,0.6006709
8735399,8.148408
8735633,0.032179665
8736296,16.882309
8736788,0.4356488
8736827,0.0
8736934,0.40241113
8737487,4.8565993
8738451,48.3655
8738535,18.589329
8738713,7.291871
8739034,28.432014
8739228,0.84923685
8739326,3.9254122
8739642,10.291256
8739683,62.004387
8739868,0.48212937
8740079,0.033992443
8740154,63.65463
8740192,1.1208979
8740241,34.55027
8740344,3.4792407
8740576,2.9761071
8741049,0.16131157
8741124,28.616438
8741289,0.4081317
8741297,0.21396701
8741574,3.7136097
8741685,3.6300292
8741896,32.900784
8742374,9.650748
8742520,59.428646
8742625,0.4455775
8743269,4.877303
8743749,80.748024
8744299,0.17237972
8745126,37.903675
8749948,37.8271
8750161,28.99587
8750772,79.09013
8751747,1.74491
8752471,21.60913
8753832,64.00332
8754186,0.67549366
8754339,2.4622235
8754465,0.42072153
8754560,51.007767
8755259,33.32355
8755583,22.87333
8755870,0.0
8756017,0.0
8756139,12.692218
8756619,1.6096727
8756685,0.0
8757726,38.870968
8758146,6.9328027
8758534,23.789873
8758954,15.027272
8760046,11.841851
8760284,7.2119784
8760442,75.98681
8760489,0.45229274
8760775,0.50731796
8760844,23.294312
8761031,0.0
8761546,3.4993544
8761854,54.45348
8762004,0.3309518
8762135,8.740989
8763547,8.414142
8764232,0.32179168
8764617,6.6291175
8768800,0.45577723
8770660,1.9357159
8772268,5.173998
8772365,66.24102
8772654,55.310726
8773391,4.8781157
8774175,35.55595
8775344,1.4987775
8775871,0.0
8776280,3.0815873
8776479,0.7796561
8777022,2.1179624
8777263,0.35005355
8777890,0.0
8778159,20.34999
8778487,10.408885
8779268,4.9671283
8779868,0.005989546
8780061,15.278034
8780251,7.201876
8780425,0.13189034
8781445,5.2033386
8781592,40.541576
8781736,1.0890081
8781958,51.137497
8782030,0.85566795
8782407,0.80708593
8782437,0.0
8782605,0.8124481
8782697,10.592034
8782984,4.6280184
8783094,0.18977463
8783194,0.0
8783445,3.2564764
8784461,37.039345
8784649,62.285442
8785114,2.360165
8789273,0.45521745
8789310,0.0
8789372,36.073597
8790941,3.945584
8791055,0.0
8791898,62.008728
8792086,4.02379
8793503,69.82623
8793642,33.78736
8793683,0.48408037
8794495,0.0
8794911,66.45389
8794998,0.0
8795849,0.28065598
8795858,76.0923
8796283,74.91721
8796655,21.703032
8796876,9.185739
8797080,1.6157576
8797385,0.21735968
8797770,3.5401497
8798227,11.666432
8798404,13.696622
8798499,9.527831
8798516,79.31347
8798556,0.0
8799166,14.58755
8799384,62.39372
8799529,9.656534
8800203,23.877653
8800628,5.1451044
8800632,2.1145105
8801016,11.08087
8801196,84.42914
8801963,19.678421
8802151,0.6363668
8807611,17.42236
8807842,0.2146031
8808301,22.143011
8808863,0.0
8808943,22.884502
8809054,0.2762966
8809420,2.552525
8809578,0.6584778
8809716,1.3294836
8810710,2.237793
8810937,49.415977
8811687,22.206722
8812030,0.0
8812167,0.0
8812730,45.561066
8813118,0.23789558
8813271,0.03437611
8813547,49.51998
8813968,2.5694256
8814304,0.073412456
8814574,9.621435
8814798,0.0
8815050,26.852121
8815099,18.078825
8815120,9.414419
8815447,78.91554
8815477,1.9245045
8816030,2.0448396
8816070,29.185387
8816151,1.3923209
8816420,4.14194
8816637,35.14687
8816672,0.9040524
8823897,27.02624
8823924,6.8450685
8824016,0.0
8824532,20.674728
8824747,0.0
8824809,4.5194983
8825458,45.707874
8826124,38.28026
8826129,0.35341647
8826658,10.441246
8826833,24.551758
8827221,32.65036
8827402,72.96491
8828000,1.8192124
8828448,3.0702727
8828577,0.58853525
8828613,0.08414192
8829443,0.72627676
8829753,0.8880134
8830110,0.39131084
8830119,7.045455
8830129,9.38599
8830246,18.22526
8830394,22.623257
8830505,0.6430112
8830529,5.072941
8830586,73.45433
8830690,1.2053108
8830952,6.819364
8831553,17.392084
8831758,1.1997935
8831792,9.095869
8831923,71.55028
8831935,0.30202222
8835781,11.953918
8836180,61.45343
8837242,70.695114
8838513,0.9786358
8838861,0.7080441
8838932,70.36862
8839746,1.9577272
8839938,0.53707474
8840625,43.61606
8840745,68.90682
8840959,4.3329434
8841528,1.0399697
8842080,25.097132
8842185,0.4536352
8842667,0.31348014
8842793,1.4656781
8842889,40.01792
8843110,0.84708244
8844402,34.872177
8844652,0.9138126
8844825,48.08849
8845441,73.99965
8845851,0.0
8845951,13.179971
8845982,9.706601
8846634,1.4567468
8846781,4.4392605
8847484,0.28925934
8847542,82.23036
8847577,5.611463
8847665,25.653173
8847787,53.945694
8847885,0.18507017
8848090,53.83318
8848125,0.027615434
8848162,0.0
8848547,2.1585355
8848794,0.43286973
8849386,1.6889547
8850025,0.839726
8853511,2.1586623
8854748,0.055196695
8855166,22.496214
8855457,10.073024
8856687,0.0
8856741,49.0458
8857528,5.7577996
8857546,57.731186
8858698,4.5241637
8859006,14.471215
8859710,0.90693676
8859802,3.7749388
8860277,16.08218
8860350,32.400677
8860450,71.7161
8860745,13.712615
8861464,0.1596509
8861568,2.382854
8861719,0.0
8861981,2.1814945
8862793,0.0
8862995,11.064148
8863005,0.0
8863026,2.5480356
8863296,34.293453
8864003,1.0596883
8864229,9.198289
8864262,32.37485
8864404,0.0
8865338,1.2125705
8866066,6.6535535
8866335,21.244873
8866381,29.1257
8866826,43.576107
8867112,2.5995958
8867253,4.8263273
8867531,0.0
8867650,0.73050916
8867911,0.89517504
8868006,0.84617424
8868157,0.10524745
8868258,14.236936
8868429,1.1327055
8868525,59.75733
8868762,0.0
8869507,43.927074
8869660,2.1067991
8869702,5.163998
8869871,8.344429
8870276,1.5334367
8870310,71.0014
8870422,22.99063
8870472,10.541068
8870789,0.069669925
8873479,63.45892
8877042,21.76715
8878181,58.342716
8878282,0.37644356
8878544,31.646854
8878750,40.39688
8878976,0.0
8879282,81.30618
8879767,38.97248
8879913,2.193427
8879975,1.300257
8880173,79.67692
8880194,1.5098541
8880524,5.991835
8881253,6.3285823
8881451,1.8573058
8881955,0.0
8882811,43.206913
8883032,0.0728097
8883074,0.12643458
8883269,58.148777
8884228,80.45485
8885968,53.442352
8886036,9.850185
8886421,0.040500917
8886624,4.738241
8886732,19.929682
8886850,54.488842
8886910,0.0
8887525,19.021414
8887660,11.936403
8887748,6.180479
8887908,46.872467
8888082,5.3920302
8888084,1.3014511
8888093,6.176568
8888481,0.0
8889858,5.7226543
8892174,0.69306844
8894114,8.294882
8894773,65.182526
8895019,15.52166
8896759,6.4761586
8897607,0.51927644
8897775,8.20249
8898050,5.2399654
8898742,1.1568831
8899476,81.955864
8899565,45.413734
8900062,58.220325
8900093,6.2028604
8900200,0.0
8900997,9.194229
8901469,58.365253
8901538,17.00105
8901901,5.711124
8902042,0.43622586
8902110,28.73312
8902172,0.29214042
8902181,0.32734
8902347,6.755482
8902420,5.103054
8902804,14.007372
8903056,0.23419075
8903395,4.5510106
8903721,13.522892
8903837,7.2571473
8903855,0.55287004
8903943,0.5526341
8903952,11.947046
8904076,4.8806677
8904160,11.551212
8904224,0.88669014
8904488,8.105639
8904563,2.4784427
8904662,0.011048529
8905011,46.686317
8905176,1.184805
8905345,31.117456
8905609,0.4887443
8905651,21.64326
8906054,47.172573
8906176,10.436048
8906260,41.55089
8906379,51.53547
8906489,0.11752442
8906532,2.9408038
8906620,0.5301112
8906712,0.13260518
8906797,71.19812
8907184,80.44741
8907362,5.3711753
8907476,24.743876
8907580,3.2874584
8907592,22.503212
8907598,4.68239
8907756,1.567461
8907844,5.7332034
8907901,66.94993
8908518,4.487372
8908636,22.546402
8908653,66.79069
8913478,0.0
8913672,12.273704
8914876,0.0
8915071,23.144062
8915191,22.397688
8915295,0.20806076
8915836,0.42179838
8916000,7.5538135
8916480,0.94852847
8916960,49.68325
8917603,0.8730539
8918151,22.175447
8918177,29.269987
8919326,0.5713554
8920490,9.945608
8920714,0.0
8920794,12.305112
8920977,0.0
8920988,0.15197888
8921687,11.941125
8922585,7.152742
8923020,50.63108
8923833,0.18538229
8924504,73.162346
8924552,0.0
8924606,19.683426
8924638,52.362923
8924919,0.6484225
8924966,41.717857
8925006,25.511183
8925082,0.30124947
8925214,3.7393727
8925581,7.3896184
8925628,7.5048327
8925866,17.100536
8931189,12.134736
8931436,3.1465065
8931562,5.146152
8931828,0.4277455
8931888,4.654545
8933153,31.246216
8933384,0.0
8933398,3.4024882
8933503,9.345454
8933629,3.2227986
8933743,0.0
8935053,0.23993364
8935067,3.5496597
8935326,4.9374537
8935527,10.561488
8935622,4.591107
8935628,22.349796
8936266,11.88048
8936511,24.085901
8937186,0.42040044
8938501,29.96786
8938831,1.1160942
8939341,22.950712
8939409,62.08814
8940683,15.529147
8940709,75.20908
8941082,15.650536
8941366,60.430794
8941980,0.55955654
8942272,0.0
8942467,71.18057
8942502,3.8822136
8942536,0.0
8942654,64.2803
8947588,13.3489
8947796,33.878677
8949503,0.23669419
8949622,0.55360836
8949763,39.065117
8950419,30.431341
8950507,24.766031
8950589,0.76804507
8951081,4.3323355
8951258,0.75928104
8951319,0.89741826
8951480,2.587218
8951763,27.845045
8952044,6.599797
8952956,0.65762234
8953066,0.0
8953104,66.33543
8953404,63.760246
8953570,0.16399558
8954037,78.93087
8954990,0.8082884
8955133,0.55269796
8955194,1.5011282
8955543,9.413556
8955558,9.722481
8955695,9.384429
8955750,65.02537
8955886,69.771805
8956039,6.343746
8956253,30.061071
8956471,1.7727108
8956759,12.504535
8957008,7.989618
8957012,76.38453
8957139,0.03894453
8957189,0.5410695
8957301,71.368904
8963270,7.9372177
8963331,12.248823
8963532,1.0159198
8963690,40.58842
8963758,0.0
8964008,17.295887
8964740,0.0
8965178,6.3704567
8965303,12.301516
8966074,2.3230336
8966080,35.803783
8966368,9.491476
8966499,0.0
8966576,1.1562773
8966869,28.091661
8967170,4.395912
8967396,13.798006
8968741,55.590084
8968789,55.88552
8968898,32.356827
8969047,9.573104
8969658,1.5773152
8969760,3.7267916
8969877,1.4294608
8970248,38.610718
8970652,3.0766017
8971606,54.966614
8971670,0.346724
8972196,18.348402
8972219,12.989185
8972290,0.078891546
8972353,48.269073
8972382,0.58461523
8972426,53.214203
8972453,0.0
8972540,5.6670585
8972908,24.17514
8972977,0.62424433
8972994,0.0
8973075,39.47658
8973092,18.581781
8973106,0.0
8973131,0.74435943
8973138,20.071976
8973222,0.1643778
8973682,1.3548526
8974365,0.3392052
8975201,71.54927
8975583,0.60823023
8979762,40.76242
8979852,45.12789
8980708,6.490199
8981725,0.8993151
8981866,13.635376
8982166,66.41361
8983353,55.901386
8983609,18.270876
8983870,28.848898
8984777,30.093353
8984863,0.5392744
8985316,9.059338
8985856,0.875832
8986308,0.22801194
8986585,76.9277
8986634,1.2423486
8986821,0.0
8987250,13.385801
8987419,2.8218007
8987462,34.836452
8987930,0.78783554
8988451,35.78231
8988495,1.819292
8988707,0.5941785
8989205,72.98427
8989235,1.2964303
8989320,78.66403
8989333,38.512283
8989380,18.286118
8989544,1.4732214
8990063,0.43096298
8990100,0.3958549
8990368,1.0359459
8990630,3.0090084
8991157,1.3265262
8991521,0.5255596
8991767,84.06645
8992224,0.773066
8992423,0.7719734
8992859,89.89915
8992881,3.9933956
8992894,20.482422
8992905,87.29855
8993290,2.5803154
8993313,5.7607217
8993757,0.2260528
8993871,39.39357
8993887,57.850075
8993901,5.4928436
8994025,13.453753
8994197,0.0
8994220,13.034002
8994363,23.221449
8994480,0.6332678
8994529,30.467222
8994904,0.0
8994917,20.690935
8994928,19.718092
8995119,13.770812
8995120,0.0
8995279,4.18369
8996181,0.0
8996204,0.0
8999205,57.639458
9001999,0.38695386
9002096,0.20930949
9002524,66.79096
9002703,0.35572755
9004652,0.0
9004661,8.944058
9004664,35.269726
9004813,1.4123861
9004948,23.230972
9005771,0.0
9006032,0.5375194
9006090,1.2540767
9006204,0.0
9006249,1.3380164
9006557,3.9300191
9006703,0.5200746
9006818,0.8542634
9006873,3.5119774
9006942,33.391087
9007043,0.0
9007095,33.715668
9007249,0.73382133
9010023,0.34297547
9010371,66.164604
9010379,0.6857608
9010431,9.442818
9011614,0.3589991
9012130,0.83427197
9012169,0.058169898
9012173,8.558951
9012470,33.43365
9012540,0.0
9012814,0.0
9012913,8.480919
9013350,1.8089435
9013904,6.098647
9014166,0.48949283
9014320,7.748231
9014352,9.656599
9016178,5.8714643
9016650,83.91922
9018851,0.0
9019702,0.0
9019941,3.9488475
9020184,62.098072
9021572,73.33078
9021755,0.0
9021829,26.859903
9022047,0.0
9022118,25.906874
9022318,10.6594
9022797,1.2723811
9022864,54.375156
9023240,9.415783
9023423,4.623341
9024500,1.114685
9025101,0.0
9025154,0.31265947
9025218,4.9882364
9025310,13.094109
9025379,2.9355218
9025887,0.0
9026157,0.37074292
9026203,49.914497
9026860,3.1644752
9027109,6.772678
9027283,14.667239
9028105,0.24221218
9028493,35.574528
9028599,0.5573788
9028856,42.27746
9028916,11.142521
9029138,0.88782734
9029289,31.5014
9029345,0.3176179
9029469,0.44717553
9029740,40.96029
9030345,19.770342
9030678,0.71047485
9030684,0.31076375
9030997,70.435165
9031081,67.82269
9031172,30.616802
9031189,18.49092
9031216,2.0354803
9031272,30.9453
9031411,0.29790398
9031847,18.264503
9032243,0.39328405
9033218,7.710824
9033229,32.21605
9034645,59.22539
9035181,0.0
9039236,1.1246362
9039548,10.320213
9039772,0.13477053
9040796,0.0
9041068,78.61853
9041410,1.0451871
9042110,0.54240626
9042177,33.894924
9042594,0.3876641
9043628,62.979347
9044466,30.32659
9044642,2.607225
9045358,9.974268
9045655,35.096542
9045818,84.3303
9045876,55.143208
9046203,74.14167
9046274,1.0956424
9046808,0.0
9048374,33.257942
9048434,20.454374
9048630,15.140425
9048729,1.2507548
9048963,0.0
9049013,0.45205295
9049505,0.84120554
9049607,0.8965335
9049656,0.35900784
9049810,1.2487215
9050105,68.3638
9050144,0.0
9050373,29.70162
9050388,6.8909235
9050443,0.0
9050672,0.6071161
9051248,16.603607
9051314,4.7661457
9051442,78.76109
9054109,8.245467
9056113,0.46126214
9056282,5.178397
9056804,0.9150376
9056858,11.545453
9057395,1.109349
9057937,2.0765016
9058111,46.250843
9058258,0.9684296
9058854,22.050648
9059314,19.24017
9059418,31.722376
9059783,60.206455
9059854,7.2452645
9059931,22.552135
9060062,4.938692
9060448,58.168255
9060925,12.023215
9061117,0.5045836
9061145,15.723163
9061331,22.858076
9061821,3.29478
9061899,18.039963
9062929,61.68349
9063028,0.938874
9063266,11.826566
9063304,0.0
9063376,0.33064792
9063523,4.779554
9063972,1.1114869
9064211,0.3847153
9064394,38.279392
9064723,56.803524
9064820,8.250326
9065219,10.446063
9065474,1.4380717
9065665,0.0
9066198,6.1122727
9066654,0.77487516
9066788,0.65625244
9071813,0.8351853
9072538,1.0875121
9072759,0.32461655
9073438,38.864487
9073600,1.4434565
9073987,8.626061
9074530,13.844716
9074702,7.262122
9074963,0.74634516
9075249,0.0
9075398,1.247676
9076464,3.9949744
9077315,2.024647
9077548,0.2938397
9077610,4.894524
9077858,11.634649
9078183,16.04061
9078187,83.21276
9078339,2.5519612
9078340,32.126507
9078357,6.0143313
9078632,76.88067
9078739,69.42656
9079330,0.23843428
9079807,0.41537574
9079871,82.1335
9080467,0.9457096
9080886,1.4773805
9081009,1.5982068
9081032,15.434655
9083471,0.0
9085154,33.09307
9085598,0.9081442
9086629,0.0
9087160,9.364187
9087285,2.4288838
9087566,6.6927276
9087923,0.0
9088278,22.554781
9088331,0.008240473
9088444,3.9332366
9088480,4.0450997
9089397,4.2127533
9089732,6.850721
9090606,0.59594446
9091714,62.532417
9092024,0.07885139
9092331,3.014338
9092845,24.578993
9093032,0.2515849
9093168,1.7940667
9093261,0.42112556
9093446,0.5990931
9094134,0.8531348
9094496,2.0064971
9094789,1.1635925
9095053,0.1808705
9095086,5.8762603
9095319,50.538177
9095433,0.0
9095482,30.600286
9096327,0.0
9096381,50.757896
9096383,6.5946975
9096535,2.096446
9096938,8.937008
9097056,35.37588
9098234,9.394091
9098690,0.9736277
9103692,3.5454605
9104108,5.5793257
9104954,1.2739987
9105518,7.897815
9105853,0.08522985
9106568,30.767094
9106735,8.855016
9106751,0.0
9107046,0.38828558
9107062,1.6992285
9107118,0.10995578
9107261,21.663347
9107450,0.42862484
9107681,4.2375965
9107772,30.231386
9107788,9.856123
9108110,0.33987886
9108196,58.881084
9108295,0.40191302
9108419,32.78082
9109215,0.34939975
9109385,34.49591
9109675,0.7172742
9110135,45.9814
9110810,0.0
9110811,32.00562
9111254,7.1795983
9111266,2.8336794
9111561,0.0
9112024,0.61277896
9112676,36.34595
9112776,0.56065017
9113032,67.21798
9113404,6.485146
9113414,44.04729
9113702,0.0
9114234,0.04396634
9114309,10.479837
9114773,2.0783627
9115627,29.413816
9115635,2.1573322
9116203,79.82874
9116479,0.66446245
9116850,1.0126278
9116868,13.4006
9116914,0.0
9118355,33.849625
9118545,49.43197
9118958,7.572688
9119254,4.969008
9120050,0.0
9121555,25.303297
9121896,10.539136
9124500,10.267822
9125631,0.0
9125862,0.6431745
9125932,17.144049
9127698,1.5226058
9127871,0.9996803
9128491,10.661743
9128606,0.0
9128798,0.20836292
9128987,0.23980561
9129016,30.146008
9129357,79.89675
9129381,2.912886
9129491,0.04270525
9129846,48.38883
9130235,9.279948
9130275,73.978325
9130519,17.60923
9130634,80.03137
9130824,38.064247
9131682,4.633342
9131802,13.679965
9132442,0.92974854
9132449,20.16562
9132614,3.592859
9132648,12.955496
9132731,12.261619
9132956,0.33305186
9133116,2.2162547
9133129,32.39958
9133818,78.09762
9134939,6.377949
9135080,57.434444
9135633,0.580762
9135888,0.8591072
9135895,5.855204
9136206,0.0
9136814,17.031097
9137140,5.085019
9137149,0.42036077
9137365,82.21229
9137480,5.2413793
9137533,20.51297
9137941,0.34230196
9138246,80.12811
9138319,0.8426828
9138452,20.725779
9138932,27.15066
9139174,50.123615
9139495,0.33122334
9143104,1.7568299
9144999,0.74723464
9145070,78.656525
9146583,12.148609
9146709,1.1690415
9147250,0.38873446
9147288,0.64315087
9147335,11.252717
9147431,47.178215
9147463,0.09732671
9147557,0.51158625
9148123,1.9184248
9148471,1.9094418
9148647,3.630895
9149182,0.6858597
9149435,0.53433865
9149797,14.903313
9150194,34.18947
9150647,5.0681534
9150710,1.7728199
9151490,1.1693815
9151677,0.698369
9152795,70.748055
9152840,0.8363864
9152932,0.41131014
9152965,1.654167
9153075,0.08471694
9153235,3.2540653
9153695,0.0
9154045,16.309525
9154773,0.5759382
9155119,14.165189
9155206,26.248636
9155212,10.737452
9155404,0.0
9155496,0.0
9155704,76.26711
9156011,49.505432
9156095,6.7117677
9156108,0.93618554
9156331,0.0
9156577,47.65215
9156650,0.7466848
9156676,59.00847
9156678,23.011826
9157402,1.2299352
9157483,1.2417362
9157504,0.9228656
9157604,18.57144
9162161,2.6705422
9163561,11.708523
9164247,3.8202176
9164770,0.03452017
9165191,9.951625
9165244,67.510796
9165670,0.0
9166211,0.20049036
9166769,32.34417
9167308,1.2072084
9167798,2.0956874
9167936,58.377
9168009,3.561149
9168813,11.573418
9168954,2.483328
9169181,0.102302305
9170129,71.538574
9170584,6.032633
9171140,0.0
9171302,0.0
9172067,5.195071
9172192,82.08752
9172277,2.621454
9172421,1.8536264
9172470,0.0
9172493,3.6089566
9172576,0.9262336
9173096,35.68604
9173352,3.6590214
9173925,37.9156
9174180,0.16955839
9174208,17.12218
9176859,69.467545
9177858,33.08955
9179751,0.5350943
9180626,0.13172078
9180770,1.1152935
9181301,2.508807
9181506,1.6315446
9182008,32.84825
9182754,30.412838
9183045,3.37024
9183276,22.628597
9184124,72.183586
9184855,29.33022
9185291,0.2932802
9185416,1.7360259
9185696,47.106216
9185806,0.0
9186341,4.4686337
9186662,0.88798016
9186862,51.429245
9187622,12.200485
9187924,0.5176622
9189339,8.691519
9189459,0.7262681
9189521,2.9040408
9189745,8.686086
9191908,0.45633715
9193390,0.017210772
9193975,0.0
9194620,5.688262
9195534,0.0
9195601,1.383152
9195901,9.838536
9196017,18.932703
9196297,59.332085
9196408,4.3621964
9196539,37.191174
9196915,5.107616
9197311,0.0
9197433,7.503618
9197573,40.442516
9197704,15.813307
9199020,19.871574
9199104,1.5557077
9199185,65.46032
9200387,8.594109
9200880,5.191961
9201458,0.32078606
9201989,0.39074528
9202257,9.006963
9206211,0.0
9207023,0.0
9207049,40.747833
9208071,44.8554
9208531,0.21291454
9209464,0.023029521
9210071,0.045034133
9211534,0.8198869
9211585,0.0354007
9211719,0.3363836
9212890,0.3754899
9212994,0.18554276
9213448,43.243122
9213504,74.7695
9214901,0.0
9215155,8.04515
9215400,10.866814
9215423,0.7210218
9215618,4.48342
9216366,0.9910004
9216519,6.7845654
9216815,18.541512
9216865,76.82297
9217460,6.8458805
9217571,0.0
9217688,0.5007985
9217770,1.1796149
9217797,26.516905
9217837,19.952158
9218051,0.0
9218655,13.050918
9218728,0.34925303
9218745,0.22451691
9219049,32.635727
9219127,0.04364506
9219472,63.595543
9219569,42.087013
9219616,0.84804755
9224907,3.1992252
9225536,2.0332792
9226737,3.020864
9228310,6.9771824
9229199,77.47525
9229730,0.23749591
9229896,31.532534
9230690,0.7624803
9230698,8.617851
9230864,73.35178
9231083,5.822386
9231455,0.4940515
9231618,2.4580245
9231653,10.641405
9232087,0.99057907
9232242,0.6834416
9232501,9.051221
9232724,2.648279
9233130,16.291296
9233613,1.3916814
9233636,42.614845
9234256,8.038336
9234415,11.422197
9234429,2.226874
9235166,10.767096
9235946,18.999445
9235960,0.45659983
9236078,59.497055
9236305,33.67298
9236394,65.68141
9236852,0.41144663
9237147,10.806078
9237709,0.0809984
9237725,0.05585484
9237857,4.1146846
9238046,13.624024
9238061,1.3780223
9238295,1.162341
9238507,13.05187
9238560,44.079983
9239068,10.3126135
9239250,18.821678
9239252,0.93065655
9239268,1.8427726
9239436,0.9789621
9239583,36.324825
9239637,22.702394
9239679,8.8797
9239738,1.8919764
9240025,19.706379
9240138,3.4505591
9240499,0.10899617
9240615,37.218933
9240659,3.3814585
9240784,14.49768
9240833,1.4490954
9240869,0.35864976
9241147,52.26932
9242243,0.7291344
9247750,28.73918
9248049,74.75048
9248163,2.750818
9248222,0.8513116
9248558,3.9385114
9248934,4.216372
9249597,6.09067
9249776,0.32445845
9250212,17.07827
9250241,0.6277445
9250340,0.0
9250348,0.0
9250374,7.635919
9250470,58.4809
9250644,0.030721722
9250731,19.435678
9250895,60.55999
9251298,10.827005
9252156,0.0
9252257,0.0
9252443,13.439611
9252484,0.01278884
9252835,48.596764
9253282,27.776213
9253505,0.0
9253638,22.408379
9254332,24.469568
9254533,79.97667
9255115,0.6452232
9255297,2.4548783
9255470,1.0751756
9256323,19.359144
9257315,5.194128
9257904,65.35713
9258236,45.044758
9259254,0.007665693
9260328,0.39244658
9260587,26.341236
9260911,70.50182
9261392,74.292274
9261610,52.08543
9263535,2.9750886
9265785,2.856514
9267641,8.614206
9268702,0.72511125
9269126,22.344387
9269191,60.51884
9270006,9.255598
9270122,7.6087093
9270176,0.83783144
9271322,24.040422
9271567,16.599058
9271742,71.57614
9272841,2.1799173
9273010,17.759901
9273345,31.530851
9273903,38.23359
9274832,0.18038717
9274960,0.8140981
9275691,31.29609
9275885,10.423569
9275941,5.3343754
9276535,1.0890782
9276587,9.350101
9276877,2.4394655
9277581,17.355803
9277635,26.889568
9278568,0.8359512
9278723,25.101368
9278786,1.1438309
9279054,0.032879774
9279146,6.4911184
9279308,26.59688
9279343,50.339848
9280117,1.4252062
9280184,22.93681
9280474,1.3918984
9280667,0.68868023
9280872,67.57424
9281146,8.782829
9281201,36.98904
9281881,0.0
9281947,54.245914
9281978,9.057429
9282008,0.5913824
9282368,3.5279555
9282437,1.3260506
9282443,14.102956
9282692,34.68137
9282872,24.60649
9283228,0.2880421
9283561,0.0
9288358,12.36997
9288652,7.13737
9288977,2.2672672
9289352,2.100185
9289871,0.33262438
9291285,0.9524432
9291537,0.0
9291870,0.7783147
9291998,12.256618
9292183,0.0
9292449,25.401295
9293319,1.5875729
9293571,11.705789
9294074,2.7839308
9294257,2.31883
9294446,2.38343
9294872,1.5650462
9295261,2.2200146
9295345,3.8090637
9295725,33.593113
9295846,10.409839
9296089,0.44226936
9296132,79.68058
9296598,0.0
9296742,0.5400994
9296744,13.94573
9297237,1.4183109
9297603,3.5681803
9298319,72.82101
9298426,29.315203
9298746,0.0
9298802,0.17567696
9298825,7.3292937
9298992,3.2554164
9299035,0.23458946
9299042,0.99463713
9299164,4.8166294
9299210,13.431941
9299256,0.11058007
9299672,65.020744
9299921,2.6266787
9300033,0.0
9300478,0.28764725
9300634,0.6126734
9300701,20.803654
9300714,43.845127
9301402,0.94836694
9301562,1.2336049
9301647,1.4416231
9301755,0.41115403
9301784,0.4555346
9302048,0.34851545
9302654,0.4209176
9302921,59.819714
9303376,1.6195105
9307115,4.3179502
9308016,0.9448277
9308944,2.9798403
9309301,36.830025
9309328,6.914856
9310119,2.6713653
9310252,46.322666
9310518,28.379366
9310777,37.90295
9310896,5.4148216
9310923,11.073431
9310939,10.8493395
9310972,0.35079917
9311032,1.7026573
9311348,5.0737376
9312164,0.8550616
9313792,26.521646
9314004,4.7580485
9314036,6.3693447
9314474,84.822655
9314873,1.9392257
9315152,3.5419185
9315478,2.7315547
9315559,69.69792
9315567,29.94089
9316006,1.7021947
9316033,5.980238
9316060,1.0853872
9316086,0.25066805
9316143,0.99027747
9316287,5.7886167
9316305,62.11048
9316815,6.771303
9317303,4.9835234
9317573,0.6331953
9317622,59.44917
9317907,1.1250967
9318239,2.3186584
9319328,4.956169
9319569,48.22973
9319688,2.848705
9320053,0.26272994
9322463,7.7102356
9322949,4.8668485
9323310,0.731225
9324448,32.39608
9324521,55.603516
9325853,0.0
9325887,0.3359679
9326851,17.683462
9326969,0.39195815
9327507,35.874077
9328355,55.7546
9328396,58.20957
9328481,6.8438687
9328578,38.36433
9328896,62.63992
9329170,25.436163
9329425,10.909158
9329658,0.7525027
9330231,0.0
9330321,33.08119
9330440,13.902436
9330813,2.1204295
9330884,0.7471911
9331214,9.867428
9331257,25.648891
9331413,5.1149697
9331444,0.6662681
9331520,83.34814
9331558,2.5661647
9332396,0.7361436
9332872,64.77515
9333039,16.588749
9333310,3.3746784
9333364,29.172773
9333433,1.0045565
9333460,18.351265
9333533,13.715418
9333739,1.091156
9333862,4.5429335
9334192,0.12519504
9334228,6.0131297
9334365,0.5915751
9334427,2.9750254
9339092,12.316031
9339253,2.947718
9339308,48.469563
9339334,28.352556
9339373,29.273546
9340975,10.711676
9341196,0.73057127
9341252,19.069782
9342019,29.943043
9342263,24.639769
9343759,0.0
9343896,1.0228696
9344000,27.906315
9344016,0.8265674
9344626,0.0
9345523,0.0724641
9346357,0.2840911
9346456,0.0
9346752,70.25788
9346899,0.0
9347278,5.7625155
9347368,10.632934
9347422,0.0
9347752,0.0
9347803,2.220338
9347830,2.9424107
9348249,1.0255214
9348389,26.307137
9348923,48.260887
9349116,0.0
9349221,23.478792
9349483,0.0
9349542,0.64579844
9349755,79.19128
9349866,0.97696596
9349949,15.610306
9349950,43.20937
9350060,66.92393
9350103,0.0
9350125,3.6300032
9350164,11.595937
9350295,27.404776
9350729,2.5169034
9350889,0.8925367
9351006,57.693985
9351013,6.8301163
9351036,27.6801
9351769,0.8666396
9352684,2.572321
9352791,13.502961
9358718,0.06288203
9359064,22.469454
9359438,43.579395
9359827,0.74853176
9359933,0.83524877
9360072,0.45202425
9360968,48.199814
9361107,71.55708
9362100,3.5105455
9362269,38.01167
9362280,61.27237
9362315,3.2988214
9362344,67.73454
9362388,32.996975
9362527,2.5894737
9362648,1.6593105
9363046,0.740585
9363340,0.0
9363344,0.0
9363417,12.218184
9363741,0.6400007
9363749,6.151199
9363823,4.5807786
9363970,2.1330674
9364043,0.45151046
9364096,8.009315
9364257,2.7878346
9364352,0.0
9365025,0.5740309
9365259,0.13459815
9365581,67.40193
9365929,0.64080477
9366483,2.8324294
9366680,3.3542733
9367054,25.57584
9367337,51.654984
9367472,7.353379
9367562,2.61204
9367571,16.483128
9367923,1.4920362
9368365,0.0
9368377,6.987287
9368845,0.09122795
9368969,1.3366786
9369032,0.0
9369087,0.0
9369116,77.23881
9369127,9.456286
9369514,20.471046
9369699,1.363979
9369705,7.7894335
9370059,3.6873422
9370370,75.79232
9370382,36.007286
9370403,6.8834257
9370501,3.1518133
9370513,20.013533
9370896,20.937973
9371009,12.848765
9371045,0.348474
9371138,0.31551513
9371163,69.68923
9371171,59.734974
9371173,0.82940483
9371349,3.0547004
9371362,6.4946504
9371645,2.6271462
9372147,8.722261
9372158,0.0
9372527,1.8815938
9372859,14.748077
9372941,19.152946
9373011,4.8416467
9373100,23.229578
9373167,11.241454
9373919,1.0727682
9374060,8.020348
9374169,0.0
9378184,85.0255
9378785,0.47309056
9380291,14.671408
9380429,0.0
9380912,11.781425
9381224,10.167986
9381259,47.492184
9381315,1.3921177
9381697,6.9213395
9381790,0.6913228
9382195,17.15435
9382321,0.89470464
9382719,58.851665
9383044,1.9356877
9383071,9.77898
9383634,29.036354
9384231,0.2777343
9385566,2.5906658
9385743,0.7261818
9385790,10.002682
9386602,0.0
9386675,0.7198939
9386678,36.13847
9387165,0.0
9387349,0.3363301
9387437,37.65344
9387631,0.8613713
9387676,51.32482
9387913,32.99328
9387914,6.4208574
9388254,77.68665
9388397,6.069721
9389037,7.9828315
9389575,36.99694
9389620,22.334496
9389656,2.503162
9389827,57.270554
9389977,0.54014397
9390033,5.2533784
9390061,43.26705
9390084,0.5977611
9390885,1.4408607
9390925,2.029285
9391149,33.958668
9391333,66.009964
9391509,72.92926
9391567,0.38940158
9391829,3.22408
9392048,23.946035
9392095,65.321205
9392315,16.118528
9392466,66.56385
9393005,0.36536926
9393322,79.47396
9393343,10.004563
9393417,2.4551816
9393674,75.83812
9393783,4.969739
9393873,14.526569
9393884,6.013581
9393966,22.803885
9394477,7.5204096
9394510,0.008947092
9394565,0.021154832
9394635,32.642265
9395060,0.5597213
9396442,28.66178
9398776,25.050575
9400975,8.3456545
9401166,8.982709
9401453,3.3014317
9401896,69.51101
9401974,17.231794
9402649,0.7136496
9402760,72.876434
9402952,63.466022
9403351,0.05964813
9403419,1.0150437
9403626,84.5019
9403766,1.5155759
9403872,6.4309
9404123,77.12165
9404455,40.982536
9404707,31.91316
9404709,34.118496
9404985,77.25393
9405150,1.6135423
9405162,14.086153
9405488,54.11245
9406234,0.0
9406699,81.67812
9407912,21.05326
9408107,3.298184
9408178,2.0584333
9408218,79.79475
9408391,0.5387501
9408494,5.5087347
9409245,3.8303733
9409367,73.024315
9409457,80.10654
9409873,6.7150984
9410042,8.710399
9410510,58.616848
9410527,1.7708993
9410846,75.87638
9411126,69.78825
9411379,5.312032
9411743,29.660532
9411914,0.0
9412082,0.0
9412351,0.6650636
9412375,14.01649
9412522,21.593094
9412617,10.038784
9412652,2.2753134
9412891,0.40669337
9412913,1.6833366
9413287,1.181916
9413386,9.523731
9413501,3.5731702
9413603,66.324875
9413642,1.9274908
9413779,13.947905
9413794,75.57222
9413809,36.577198
9413861,16.852427
9414019,44.377995
9414036,0.0
9414237,1.3303916
9414521,1.9901131
9414929,9.328407
9415125,2.8237672
9415426,23.982002
9415450,14.656544
9415577,26.873074
9415661,0.34496176
9415828,17.090153
9416000,5.4068766
9416039,0.31302562
9416084,5.562282
9416198,81.495316
9416560,11.654231
9416852,1.8326017
9421542,0.30399373
9422196,3.7110739
9422273,6.1859026
9422331,1.0349662
9422915,63.912746
9423397,60.30543
9424118,63.338455
9424217,0.5406431
9424314,40.681843
9425074,13.040503
9425835,7.420204
9425847,71.49435
9426095,5.384044
9426345,21.049196
9426418,1.5152209
9426526,4.742281
9426612,58.34657
9426786,14.624501
9427101,0.0
9427341,48.181454
9427418,0.0
9428609,20.220547
9428684,10.093865
9428696,9.081349
9429015,38.89542
9429038,78.856926
9429451,1.4092939
9429554,4.6918054
9429658,0.017057667
9429855,6.8044314
9430133,3.078585
9430326,0.27185157
9430623,0.0
9430740,12.253831
9431085,73.366035
9431369,68.55862
9431865,0.7120203
9431992,48.714264
9432750,15.537269
9433234,24.55362
9433334,6.105098
9433824,0.77125055
9434105,76.31722
9434213,77.55253
9434495,59.32492
9434513,45.79428
9434781,1.0071172
9434801,41.27502
9435148,2.5032473
9435234,22.851
9435462,14.482083
9435568,75.61485
9436038,2.8756328
9436315,6.3968663
9436559,6.2064085
9436650,0.88017946
9436968,0.4253794
9437085,0.8535266
9441186,71.318535
9443463,16.585115
9443647,0.0
9443733,3.613074
9444300,10.936265
9444819,0.7665555
9444997,29.159657
9445501,2.4365308
9445652,37.42712
9445687,10.706001
9445757,78.94704
9445766,84.05483
9445789,8.667839
9446298,0.93202996
9447019,23.936457
9447137,6.140894
9447198,0.7032246
9447274,4.250567
9447707,1.4126055
9447954,0.0
9448029,3.2862775
9448135,80.543076
9448279,0.0
9448558,0.0
9448978,15.538317
9449002,3.9138768
9449323,17.465202
9449361,0.0
9449603,53.9167
9449713,30.745813
9449718,68.23328
9449888,41.93809
9450671,11.512586
9450738,8.704859
9451025,2.2653167
9451126,77.07852
9451165,20.049911
9451184,6.7607427
9451250,48.92701
9451334,0.46754628
9451597,76.87916
9451768,0.44708344
9451784,10.93397
9451805,7.6248045
9452037,1.3837949
9452061,1.1605434
9452113,14.850521
9452124,83.166916
9452127,34.634182
9452354,5.632375
9452399,1.0430571
9452425,0.41064176
9452454,38.83121
9452728,53.67982
9453126,68.432304
9453245,0.92996067
9453249,0.9323144
9453266,3.9955916
9453302,49.577312
9453356,7.011523
9455269,80.39873
9455454,8.133156
9457202,0.78712255
9457285,65.13298
9458150,6.5325804
9458247,5.6007433
9458372,14.386743
9458393,1.0950209
9458811,35.20958
9459910,16.25565
9460093,0.19437383
9460513,0.0
9460661,20.771511
9461085,1.4102839
9461086,1.6879232
9461187,0.25461984
9461214,63.326733
9461238,83.79715
9461634,18.80291
9461660,0.45503756
9461747,0.40611973
9461779,2.986776
9461801,1.8212457
9461836,0.08557078
9461963,6.705379
9462015,14.440726
9462070,2.9677625
9462208,10.863405
9462694,0.91129243
9462850,0.49174556
9462884,7.387191
9463039,2.652381
9463130,0.8127408
9463628,22.392197
9463681,5.8033924
9463692,60.530495
9463790,0.25374734
9463804,13.408961
9463830,0.1851502
9464046,0.0
9464098,5.7161794
9464195,1.0065919
9464235,0.52390283
9464267,1.2192776
9464507,0.048744105
9464528,2.0102572
9464560,0.0
9464605,8.119126
9464672,2.677258
9464780,0.0
9464876,32.08074
9464900,0.0
9465382,6.442411
9465717,0.0
9465778,0.26012868
9466759,54.69648
9468563,83.27014
9469014,3.8840876
9469655,3.4192169
9469827,0.505815
9470048,0.0
9470121,0.7903494
9470148,1.2916218
9470554,0.8737267
9470677,75.97182
9471498,2.6868649
9471715,61.34169
9471807,0.60698074
9471997,0.0
9472829,30.160137
9472966,0.8955301
9473014,23.360445
9473393,1.5868932
9473484,74.28251
9473646,45.5832
9473663,0.0
9473798,21.096977
9473828,2.305241
9473837,0.39929092
9473852,0.3575479
9473889,10.2370825
9474161,6.481303
9474495,2.9751503
9474607,12.309063
9475494,0.70800185
9475501,0.0
9475631,0.23871318
9475703,16.090439
9475894,8.219191
9476212,0.8339917
9476243,8.826307
9476293,0.03727759
9476353,85.36721
9476397,0.54589355
9476551,47.427753
9476759,83.86658
9476831,1.6048559
9476850,77.65055
9476857,1.7166345
9476882,3.870278
9476900,3.8924549
9477000,0.0
9477010,14.108
9477096,0.0
9477211,19.237083
9477349,15.311952
9477653,2.8286133
9477830,2.0429475
9477888,3.476262
9478169,1.3850045
9478196,35.88274
9478446,72.43952
9478506,0.0
9478577,70.973305
9479348,26.952381
9479421,5.4690127
9479513,20.265394
9479608,0.23561764
9479647,0.56479454
9479656,3.4602728
9484148,2.4178536
9484158,2.2775903
9484208,4.726802
9484892,0.7535996
9485047,60.151672
9485301,35.103043
9485606,76.50836
9485989,0.5928314
9486300,19.471893
9486332,0.8600643
9486575,0.0
9486678,20.882763
9486698,0.0
9486784,1.648441
9486786,10.660479
9487251,69.05573
9487327,4.710656
9487684,6.7961173
9487692,6.4799957
9487838,0.8790812
9488408,19.214779
9488860,1.0361264
9489421,7.1837244
9490080,1.0032916
9490137,74.19389
9490199,0.7517195
9490272,84.76397
9490415,5.714095
9490541,32.425648
9490600,0.8609417
9490639,0.84141195
9490889,29.277533
9490926,0.0
9490959,48.130028
9491126,0.7424289
9491872,1.088939
9491922,0.0
9491947,8.553771
9492011,72.09171
9492024,8.009348
9492069,0.0
9492165,1.394135
9492398,84.04563
9492640,69.08413
9492750,54.706234
9492860,0.5418624
9493086,13.765793
9493269,0.0
9493306,64.1885
9493360,5.4460354
9493403,2.595445
9493699,1.419738
9493786,0.23730005
9494534,0.3063286
9494701,0.33514538
9494786,2.8578384
9494826,77.27097
9494900,2.5745113
9494965,0.08912055
9495007,33.104042
9495140,1.3224555
9495424,5.1746116
9495502,1.7457001
9495982,2.8624744
9496026,1.7210269
9496094,5.295596
9496206,67.52934
9496371,0.37719214
9496372,0.0
9496398,1.2190509
9496502,56.72555
9496845,45.61925
9497062,14.132549
9497080,48.633186
9497513,3.241131
9498138,1.9034874
9498940,3.7468538
9502016,34.238834
9502150,30.260828
9502712,21.518118
9502981,19.91653
9503704,13.976302
9504072,35.375816
9504882,35.41089
9504968,47.80664
9505047,3.2919679
9505105,59.3755
9505111,47.337036
9505158,0.0
9505268,0.48040116
9505512,67.89998
9505563,0.0
9505602,1.167268
9505686,15.119235
9505762,81.7273
9505990,8.780357
9505991,19.627338
9506306,47.86368
9506526,0.9948808
9506861,75.36346
9506882,7.0620904
9506945,6.521376
9507042,3.5464718
9507132,4.537279
9507244,6.820888
9507596,0.17956285
9507794,0.8078114
9507915,0.0
9508057,0.23219886
9508105,0.0
9508137,73.948166
9508162,14.779482
9508288,18.427242
9508497,0.0
9508668,4.7601094
9508780,1.1815184
9508962,3.1108937
9509148,47.426605
9509369,19.35543
9509529,0.043997552
9509672,35.526752
9509686,0.7408107
9509691,31.238955
9509922,34.595646
9510151,0.5096235
9510158,31.473303
9510370,1.0032967
9510385,7.474082
9511073,9.197181
9511112,22.4444
9511119,0.5509544
9511370,1.1302919
9511559,0.51014096
9511851,0.8853718
9511865,11.833018
9512164,0.31912577
9512347,12.430302
9512419,19.41342
9512472,0.0
9512594,74.27958
9512612,2.228805
9512773,12.292863
9512844,53.87604
9512888,0.31195506
9512941,0.8221884
9513248,0.46059665
9513261,3.2340856
9513312,0.5867681
9513357,10.284464
9513408,79.47308
9513511,8.121557
9513743,28.607553
9514368,2.4841652
9514432,13.181599
9514549,0.57739973
9514670,1.1809345
9514721,68.89744
9514730,1.3337247
9514772,1.1746515
9514832,0.0
9514839,0.816778
9514935,0.0
9514937,9.72387
9515409,3.4978304
9515597,0.37029138
9516142,43.373802
9517488,2.9863517
9517507,62.843006
9519514,7.0157456
9521009,0.5612021
9522516,42.844276
9522986,0.56327647
9523023,26.90548
9523125,2.2282426
9523156,57.252316
9523627,9.416938
9523761,0.03605842
9523762,4.7932324
9524047,20.263092
9524129,17.120811
9524141,4.4337487
9524433,0.036607295
9525001,3.3969517
9525096,26.432734
9525173,3.4207785
9525241,16.650904
9525335,0.32186112
9525377,0.0
9525490,0.63197196
9525531,5.9352674
9525925,58.521137
9526313,1.9334381
9526314,39.223526
9526794,25.996975
9526879,0.83963054
9527244,6.881163
9527407,40.583744
9528568,0.20634627
9528648,46.6645
9528987,0.39950272
9529306,1.3763561
9529332,76.411705
9529431,0.0
9529493,23.417356
9529607,3.5277019
9529662,72.63632
9530079,4.621791
9530083,4.9514527
9530287,1.2944287
9530381,84.40158
9530714,69.87608
9530797,67.25306
9531565,5.0954404
9531676,0.31690007
9532024,3.7487507
9532048,0.15983781
9532435,73.31164
9532913,2.04449
9532973,2.0506234
9533089,11.862773
9533144,0.15024012
9533222,1.7645816
9533818,0.17641921
9533889,21.106588
9534209,2.7589614
9536965,31.495726
9539111,1.389608
9539212,3.4576597
9539397,0.46087742
9540005,63.043705
9540147,30.895145
9540193,41.166046
9540974,0.0
9541017,0.6085168
9541094,0.89169997
9541320,5.466756
9541514,0.60118717
9541921,5.683493
9542140,28.263563
9542572,25.342014
9542827,0.16979262
9542872,0.0
9542984,6.927615
9543637,10.298359
9543640,5.1222987
9543678,18.690474
9543824,6.028669
9544410,59.519764
9544597,10.80075
9544653,0.8569387
9545059,0.0
9545164,31.130672
9546184,0.30064628
9546215,5.1946425
9546267,0.22596939
9546587,19.008781
9546711,34.55755
9546808,0.11292319
9546888,2.0803027
9546943,15.666917
9546944,0.0
9547019,23.65183
9547160,8.769593
9548120,8.223606
9548191,59.80974
9548427,11.513771
9548693,16.010042
9548728,1.0783025
9548756,0.44658932
9548788,0.0
9548866,17.614958
9549076,9.550521
9549078,5.116762
9549118,1.2316072
9549223,1.2363746
9549572,1.0678029
9549790,17.086514
9549937,0.9875482
9549987,25.861359
9550142,9.703306
9550147,70.52382
9550276,0.72327775
9550306,5.32516
9550392,4.4644465
9550423,2.570157
9550501,1.7434285
9550620,45.519455
9550750,16.961924
9551158,59.466934
9551417,23.051376
9551672,2.4726598
9552317,4.582349
9555580,0.24165994
9555648,76.966415
9555679,0.06710586
9556966,19.690094
9557136,0.36029893
9557226,68.85492
9557775,47.363945
9557776,5.413321
9557816,2.784539
9558085,9.766755
9558152,0.7233553
9558396,6.44945
9558500,4.9117002
9558860,1.7568842
9559115,0.6444098
9559548,0.18895864
9560057,0.2473832
9560089,8.549842
9560141,4.334419
9560526,1.9724151
9560832,0.0
9560834,6.786912
9560902,1.6919994
9561222,49.266163
9561332,7.0834675
9561448,0.062340226
9561631,10.383132
9561664,0.15689346
9562515,25.414139
9563063,0.3181115
9563210,2.6422145
9563266,62.73311
9563436,28.495224
9563766,0.33132797
9563868,84.03392
9563873,43.19655
9564057,1.2086077
9564140,1.4964796
9564260,4.2865148
9565788,66.95346
9565831,63.66256
9565934,7.9563847
9566067,1.0324811
9567875,1.5357629
9569572,4.8978167
9570366,1.109653
9570519,0.10485391
9570939,7.938333
9571263,1.171444
9571369,17.750053
9571516,0.5714102
9571623,9.174729
9572219,59.22507
9572653,0.89469737
9572779,1.3919991
9572909,10.217745
9573394,0.7103419
9573507,34.612797
9573564,0.7608328
9573606,4.002403
9573876,1.1711205
9573898,13.241591
9574455,8.955955
9574877,0.12654582
9574933,15.358179
9574936,49.64549
9574953,5.2746215
9575049,51.415417
9575089,22.747429
9575138,15.810657
9575226,4.521935
9575236,0.64926535
9575285,1.28392
9575298,1.3918837
9575320,0.0
9575455,7.486374
9575562,22.17465
9575682,11.409511
9575809,0.16018659
9575930,7.3139153
9576155,78.37181
9576274,70.699326
9576329,0.852971
9576342,0.8459036
9576344,0.1642685
9576478,70.299736
9576906,0.0
9577543,3.5603666
9577556,0.7894684
9577644,15.338068
9577660,0.68301487
9577748,0.092143364
9577777,54.86503
9578255,18.977003
9578438,72.23142
9578639,8.2936945
9578683,74.96173
9578848,0.0
9578857,4.1780186
9578960,7.4867225
9579067,3.9572062
9579770,4.3933563
9579927,82.64117
9580372,1.074627
9584779,0.0
9585027,0.0
9585055,20.036674
9585339,4.052981
9585440,8.038054
9586086,1.375768
9586258,1.2177681
9586691,0.3161384
9586958,8.799806
9587066,1.591551
9587846,0.0010321531
9588053,0.29294762
9588164,1.7433124
9588196,0.86888593
9588888,7.2937784
9589030,7.828964
9589676,0.020441493
9589722,2.014065
9589764,9.099789
9589879,18.472069
9590048,1.0731001
9590519,18.562923
9590861,51.486378
9590866,0.0
9591135,9.662032
9591645,0.84269387
9591966,1.2094711
9592032,0.054226454
9592159,6.7220664
9592562,37.45582
9592585,69.05137
9592655,0.5659513
9592725,13.600764
9592975,2.0063624
9593065,7.580017
9593075,1.752575
9593737,0.45597926
9593794,33.960423
9594046,0.29181904
9594188,1.2163664
9594568,71.93767
9594885,4.7386665
9594936,29.575207
9594976,27.42286
9594995,79.99829
9595063,1.3783562
9595099,26.949352
9595779,0.21904351
9595836,61.75558
9596042,0.0
9596089,1.6430583
9596207,0.7153951
9596299,10.342685
9596561,1.3064889
9597325,42.344177
9597422,15.144449
9597627,44.106297
9597676,51.495758
9597931,15.753029
9603395,10.786666
9603611,7.3650303
9603991,0.5540701
9604011,9.593796
9604045,7.8020573
9604498,14.578954
9604629,0.29172733
9604772,11.469276
9605039,17.127619
9605192,41.503437
9605259,4.0751796
9605451,0.9970023
9606229,22.338474
9606360,37.284187
9606504,0.46930897
9606578,72.78358
9606642,19.268616
9606704,0.602265
9606773,8.0912895
9606832,0.29266658
9607275,2.7700803
9607482,1.3915793
9607920,63.90326
9607952,44.11522
9608639,70.60947
9608753,23.011646
9608814,59.27928
9609140,74.76505
9609246,0.0
9609356,14.760256
9609588,2.301779
9609800,13.079478
9610258,37.249302
9610982,2.4516609
9611059,65.39987
9611216,1.5380713
9611372,7.9458847
9611469,1.6899942
9611593,0.30558106
9611656,1.0650454
9611659,37.489952
9611741,1.514518
9611968,13.48093
9612260,24.037086
9612294,22.782215
9612676,0.9583502
9612732,11.488326
9612758,24.836983
9612946,0.38315725
9613420,0.79248506
9613465,41.84601
9613532,78.55975
9613541,1.3220024
9613565,0.0
9613574,16.060574
9613781,55.853127
9613813,1.1983728
9613850,2.095044
9614123,1.3079884
9614672,0.0
9614688,22.713882
9614785,67.468315
9614889,1.7703495
9615209,3.1926687
9615352,0.68112147
9615422,0.0
9615504,8.741214
9615576,11.013685
9615644,1.2325729
9615976,0.68387896
9616080,0.9284006
9616400,8.207622
9616453,1.2417156
9616534,46.697773
9616635,18.830196
9616729,0.0
9616842,40.146393
9617219,62.88523
9617349,1.3785914
9619848,2.2324495
9621849,35.129593
9624177,1.6056447
9624220,3.6265478
9624796,30.729548
9625125,0.63949376
9625266,0.14053766
9625344,0.4727316
9625346,44.641136
9625731,57.33397
9625790,7.9426637
9625889,44.15597
9625926,2.3294852
9625955,2.019343
9626145,0.81476784
9626150,2.507325
9626243,6.144461
9626477,4.965352
9626509,0.068030946
9626675,35.420414
9626760,7.825595
9627012,35.527218
9627442,0.4232177
9627513,22.327473
9628198,57.513237
9629171,6.2755837
9629178,2.1733618
9629194,1.4753933
9629345,1.3724647
9629551,23.10399
9629581,30.471525
9629672,11.6250105
9629811,3.7439473
9630011,5.153202
9630336,0.6986158
9630730,3.272702
9630970,39.293148
9631175,0.4018035
9631444,0.38179448
9631808,40.475994
9631903,21.467188
9631959,0.6411249
9632372,26.923725
9632692,8.859452
9633323,30.091442
9633579,18.731377
9633608,19.349615
9633740,23.067997
9633920,1.7917205
9634829,9.228241
9634880,24.462898
9634995,0.0
9635160,4.7171044
9635555,0.5736892
9635607,30.117119
9635880,24.866886
9635981,17.923943
9636009,1.8794464
9636293,9.356582
9636675,1.6575211
9637133,1.238429
9642518,80.04607
9642915,0.9218667
9644037,11.943222
9644386,61.199276
9644430,0.5089196
9644444,63.615047
9644961,1.123998
9645272,78.815155
9645338,7.590264
9645422,9.933085
9645934,3.2326274
9646181,1.5939265
9646272,4.182958
9646357,18.251524
9646412,53.032898
9646678,0.40775394
9646745,24.876171
9646918,2.383262
9646958,1.2357254
9646972,9.150597
9647025,0.0
9647396,48.30109
9647450,4.6675935
9647486,8.107065
9647790,15.842164
9648225,9.63869
9648874,11.17535
9649261,0.47782052
9649376,1.5529966
9649623,4.9308195
9650667,81.06202
9650946,15.840466
9651083,1.097221
9651616,0.0
9651926,46.463974
9652348,2.1202524
9652413,0.37180904
9652591,56.21122
9652624,12.090764
9652665,1.2981365
9652787,22.501377
9653005,1.4003099
9653297,1.8732395
9653305,4.244806
9653314,4.735708
9653433,0.053042084
9653464,1.2549922
9653481,2.5550761
9653592,11.25149
9653738,33.95706
9654509,0.021443376
9654775,3.3254359
9655327,0.26391786
9656161,45.320534
9656326,3.3645725
9659670,6.470649
9659869,10.879207
9660636,0.0
9660912,17.404715
9661762,9.207644
9662136,65.558365
9662298,2.0635328
9662571,39.218338
9662622,0.0
9662691,10.911726
9663306,7.667155
9663776,3.4852004
9663956,18.477104
9664369,2.171062
9664378,1.4289997
9664414,33.77262
9664497,15.177515
9664537,31.07745
9664630,2.095056
9664861,1.8522804
9665117,0.6116486
9665125,26.731878
9665170,78.54405
9665364,5.5243077
9665579,10.3259
9667527,0.021205913
9667733,1.7405554
9667868,6.587918
9667996,67.91618
9668363,0.330269
9668485,79.01258
9669172,6.425245
9669578,4.496175
9669703,52.222923
9670233,43.410545
9670576,11.839855
9672054,62.883167
9674509,23.4891
9675806,1.439172
9676890,0.24480729
9677343,1.7815535
9677640,2.8548777
9677912,55.296085
9678146,13.387021
9678389,20.939724
9678870,0.92864966
9679058,25.594986
9679278,3.415082
9679310,0.5592082
9679337,13.348451
9679369,0.9447156
9679670,6.8118606
9679720,56.53253
9679900,4.864099
9680804,0.59636474
9680940,57.347694
9681391,1.2522528
9681693,0.37734905
9682135,0.6327556
9682617,41.33245
9682862,1.9747201
9683022,44.238
9683079,23.450562
9683147,6.679205
9683421,14.506697
9683429,18.137514
9683691,1.0387638
9683828,0.4298577
9684188,17.281754
9684223,10.335618
9684309,1.011958
9684366,0.011196003
9684732,0.049711425
9684923,1.8250304
9685075,0.9614764
9685213,0.22272287
9685336,0.0
9685465,2.3180604
9685669,4.057059
9686090,12.518059
9686167,17.80048
9688802,7.1540217
9689276,59.60827
9689707,0.25612414
9690915,1.5100951
9691204,0.22302105
9691391,28.369251
9691588,2.1686516
9691842,1.2593955
9691957,1.0807674
9692016,7.676508
9692205,1.0355424
9692365,0.0
9692740,0.009539333
9692905,8.671453
9692978,1.6023175
9693107,0.0
9693262,30.33185
9693279,1.1723593
9693816,1.1159295
9693821,0.82971853
9693948,13.6550865
9694001,0.7933396
9694633,3.1854928
9694758,3.374802
9694950,1.4002553
9695450,2.7816534
9695491,5.4793715
9695714,7.367863
9695932,0.69491047
9696264,32.744072
9696560,3.8115442
9696622,9.192528
9696720,0.5696493
9697064,9.617353
9697111,4.9589
9697193,0.0506406
9697622,20.445683
9697664,9.412622
9697726,14.173518
9697969,3.0159783
9698101,29.749767
9698250,0.022749307
9698613,0.0
9698691,0.35479468
9698992,25.618229
9699493,23.03191
9699559,0.6826505
9702796,5.188064
9705782,64.260704
9705958,1.9462439
9706212,3.4710152
9706511,0.9777505
9706724,9.792273
9706977,5.804219
9707426,3.5202813
9707531,9.366018
9707579,0.8245517
9707684,0.28465754
9707807,0.58908606
9709067,0.48719636
9709178,17.394165
9709801,0.49267617
9709989,5.027601
9710117,0.49837202
9710538,0.45855373
9710620,3.411234
9710712,0.72199285
9710927,1.4379205
9710967,0.50965405
9711488,0.31790864
9712020,6.046561
9712682,64.5604
9712796,0.6380759
9713048,10.361472
9713493,77.68437
9713594,23.766876
9713736,1.7394009
9713840,6.443237
9714004,43.10396
9714250,23.51623
9714531,10.432864
9714629,2.046779
9714734,6.3431144
9714880,1.7266985
9714995,0.99405235
9715017,7.4522243
9715092,0.18278693
9715183,3.247426
9715287,2.4813814
9715404,0.45979652
9715592,0.87036216
9715641,0.72016823
9715684,1.0046254
9715759,0.8884283
9715956,14.04291
9715973,1.0040673
9716123,64.1827
9716204,1.8549225
9716223,7.5572076
9716233,0.41023898
9716234,45.075333
9716424,12.560665
9716437,13.230371
9716737,14.24882
9717662,0.43824878
9717727,4.1460724
9717781,11.629566
9718529,32.82933
9719091,1.125903
9720191,4.5875883
9720713,1.4739673
9720809,8.279343
9723296,20.831242
9723899,0.8146761
9724452,0.76131016
9725232,81.94125
9726784,1.6233926
9726939,43.187588
9727373,1.8085504
9727404,2.2950482
9727821,0.44037825
9728188,0.55215544
9728203,3.9563394
9728525,31.017221
9728739,0.905541
9728852,1.1936213
9729872,3.2690027
9730110,1.600838
9730111,7.0772924
9730306,0.47151628
9730397,8.833003
9730432,48.72492
9730645,3.2533615
9730654,42.729393
9731008,52.376534
9731041,1.3109866
9731134,46.487396
9731178,5.882767
9731237,34.21855
9731566,5.5848126
9731879,0.0
9731957,0.0
9732828,0.27988455
9732845,2.2092452
9733138,1.0358692
9733250,24.049313
9733280,16.714678
9733470,2.8585641
9733730,10.897694
9733741,78.68827
9733788,1.1788427
9733795,0.0
9733862,10.918019
9734232,3.6608102
9734448,3.0592465
9734618,6.4404063
9734667,36.271
9734718,8.443905
9734844,0.22985227
9735085,0.0
9735392,0.8485476
9735503,16.40794
9735931,16.162605
9735957,4.9561443
9737065,8.408469
9737132,1.2344987
9737171,75.39251
9737254,1.0650113
9737293,0.748932
9737348,2.1049986
9737352,4.690137
9737362,26.339502
9737479,1.2547776
9737516,1.6006801
9737659,0.0
9737665,0.8266913
9737691,0.1854417
9737710,0.1386007
9737719,0.0
9737794,16.564331
9737805,4.206126
9737840,72.22018
9738044,2.4579308
9738048,0.5206528
9738094,3.7506814
9738193,9.053178
9738355,12.577384
9738438,80.55047
9738605,0.46096385
9738632,25.507082
9738756,6.500724
9738805,0.21887857
9739586,3.474132
9739888,0.2349297
9740264,43.744385
9740581,0.5322597
9745378,1.9464096
9745385,12.786679
9745484,34.98373
9746837,0.6803119
9746864,0.5965243
9747044,14.986077
9747117,0.603674
9747186,60.21379
9747497,2.01221
9747647,2.4004812
9747777,49.145138
9748230,0.7577432
9748759,39.838768
9748800,0.71030647
9748877,0.9877592
9749046,2.1685436
9749285,70.196075
9749320,0.96362966
9749603,1.9546046
9749853,4.414039
9750209,0.14833994
9750308,24.6204
9750406,1.7577739
9751394,30.906565
9751696,1.5742263
9751729,2.0609329
9751732,2.2747436
9752166,7.2012615
9752548,52.685425
9752573,5.1520705
9752655,10.490704
9753456,0.0
9754392,8.132294
9754466,0.0
9754624,2.084804
9754626,1.8050742
9754747,2.3244822
9754751,4.289487
9754968,18.529104
9755064,42.12632
9755074,28.106417
9755270,1.9102523
9755301,6.2906623
9755382,1.448045
9755479,0.45563975
9755543,36.4655
9755679,1.352276
9755736,54.181236
9755785,1.3050537
9755907,11.930248
9755951,10.874024
9756054,7.3942575
9756141,28.464945
9756236,0.51403046
9756699,10.404183
9756729,0.0
9756886,0.6868712
9756891,1.7582394
9757018,1.071246
9757581,20.368454
9757785,64.93879
9757801,0.90225095
9757913,1.0551419
9757966,23.479435
9758040,0.44215325
9758291,10.816369
9758406,6.7892003
9758512,0.90650207
9758755,0.0
9758923,44.509842
9758953,0.0
9758964,20.61188
9759204,3.4536657
9759331,0.3518764
9759704,0.35121444
9759865,0.0
9759957,1.6238761
9760148,1.4170682
9760401,0.0
9760675,1.5530286
9761238,0.16574302
9761918,3.9183426
9764969,22.929417
9765117,0.0
9765553,2.5729525
9765726,1.2551805
9765900,1.7487481
9765944,2.496242
9766404,0.7299562
9766498,0.63656694
9766922,1.0313784
9766959,0.723224
9767098,2.1816406
9767864,75.73179
9767929,0.7321752
9768199,9.239812
9768333,1.6208584
9768492,1.0665303
9768768,3.5011957
9769423,72.98954
9769814,0.7478343
9769910,36.259388
9770016,42.10399
9770249,71.36686
9770294,48.780983
9770447,0.0
9770459,12.447062
9770880,0.6790626
9771013,0.2858886
9771370,0.9552123
9771535,0.62716466
9771811,29.208975
9771836,4.468349
9771896,0.16561604
9771983,0.53662366
9772152,41.398857
9772379,77.741264
9772730,2.9439757
9772819,2.1732373
9773158,8.874567
9773244,19.86696
9773544,11.32616
9773852,72.51547
9773902,0.69110215
9774346,0.0
9774477,11.099522
9775055,0.0
9775167,0.82759684
9775237,38.985477
9775397,0.57067746
9775801,0.0
9775847,11.169432
9776054,77.06137
9776245,74.232574
9776318,0.8928757
9776832,0.12664686
9777174,3.7122796
9777422,0.6038088
9777511,2.5122578
9777530,76.888405
9777601,0.0
9777652,6.0613127
9777883,0.4794978
9778050,0.57321674
9778372,67.95759
9778505,40.632164
9778583,0.6273152
9778655,10.916093
9778734,2.2688608
9778748,0.16476002
9778960,0.86269325
9778978,19.209517
9779357,2.5869086
9780023,80.3722
9784125,1.0425411
9784272,1.3784419
9785063,1.0383128
9785349,2.2725978
9786021,0.9462904
9786182,68.77112
9786470,0.47048092
9786543,14.908519
9787323,9.927917
9787400,0.48908705
9787590,2.0337033
9787634,11.928134
9788114,64.66632
9788134,0.91880214
9788345,35.18978
9788375,32.85069
9788396,8.911092
9788521,56.44788
9788564,1.2526808
9789045,41.25262
9789339,1.692174
9789350,46.304207
9789392,17.803507
9789792,5.083017
9789885,68.908165
9789937,4.895325
9790098,0.56034166
9790328,0.26202166
9790354,0.26213157
9790462,18.571201
9790807,0.99499166
9790840,1.8902692
9790949,75.38244
9791282,0.67924654
9791355,2.131199
9791753,0.4668471
9792286,68.27894
9792440,0.21552166
9792485,4.108123
9792631,11.244123
9792720,0.430881
9792836,4.989906
9792911,1.1552982
9793041,1.1609404
9793213,0.0
9793250,22.103775
9793413,7.5702767
9793440,0.0
9793465,22.29315
9793665,2.1246583
9793668,58.309948
9793722,0.30682513
9793983,61.710712
9794058,0.6681008
9794077,0.5630649
9794083,46.420807
9794364,64.62875
9794958,2.1194158
9795124,10.051314
9795850,0.031721365
9795890,3.212962
9795958,1.3771838
9796114,57.710045
9796155,0.5283775
9796198,0.68647516
9796283,12.156001
9796314,1.383763
9796386,1.3894502
9796419,14.45571
9796442,2.584684
9796491,3.8337877
9796501,71.80347
9796548,3.2409406
9796856,1.3655318
9797293,2.3964562
9797333,1.9149877
9797997,21.540638
9799789,0.19446656
9800346,2.0019782
9800489,1.3984773
9801016,8.041399
9802333,0.6540418
9802368,45.292717
9802654,0.46677113
9802971,0.41877332
9803574,29.81896
9803686,3.5309052
9804299,0.0
9804368,68.05808
9804673,0.32651973
9804849,4.7043705
9805128,8.719366
9805346,0.7026475
9805563,4.269957
9805748,0.371868
9806434,0.0
9806444,10.365434
9806606,11.6987915
9806634,6.7227626
9806752,1.029895
9806996,1.5044377
9807059,1.9933537
9807494,18.39597
9807758,0.0
9807848,77.476715
9808055,0.36141858
9808248,0.0
9808637,9.576996
9808640,0.6179691
9809229,28.663004
9809716,4.1449747
9809911,5.364393
9810009,7.7300434
9810125,10.874679
9810187,0.53835946
9810235,0.27987486
9810427,3.980033
9810530,0.0
9810696,68.31301
9810854,1.1542808
9811273,0.27972016
9811274,1.824384
9811434,1.3551528
9811614,3.0416634
9811717,0.61316454
9811958,12.06083
9811997,1.1451204
9812150,4.3082123
9812606,14.405207
9812759,14.466529
9812787,1.6824493
9812826,8.263494
9813359,6.862317
9813364,0.51306844
9813567,11.266928
9813570,1.4003165
9813585,7.3467684
9814018,0.0
9814108,11.584271
9816578,15.6466875
9818465,4.1153526
9818469,1.4930886
9818669,3.3945892
9818825,53.856174
9819018,13.379466
9819038,26.266026
9819437,2.8135362
9819589,0.22328423
9819772,4.9659467
9820035,2.7529304
9820068,3.4812977
9820408,5.31651
9820483,1.1314943
9820533,29.801516
9820724,9.105148
9820829,0.0
9821024,0.43040147
9821183,0.79277104
9821208,4.013051
9821303,0.4368958
9821370,47.43644
9821911,67.991585
9822032,0.924773
9822101,34.46087
9822153,10.090792
9822507,6.7449226
9822635,24.134905
9822738,1.213422
9822823,80.09474
9822983,0.2244724
9823143,73.777534
9823182,80.80844
9823320,65.67823
9823444,1.0764621
9823880,15.434184
9824042,15.0146265
9824112,0.98613083
9824247,11.73286
9824287,1.6918375
9824547,76.25878
9824613,12.178256
9824682,0.57940644
9824982,4.345152
9825066,0.4576857
9825180,0.0
9825197,0.5733737
9825420,2.9947593
9825939,0.5976833
9826062,25.83146
9826081,15.485401
9826160,5.3937764
9826267,0.8518448
9826493,46.440193
9826628,73.73719
9826678,0.0
9826940,4.025823
9827236,0.70662385
9827799,22.00685
9827800,0.21812367
9827988,16.990652
9831813,59.29999
9832641,78.97931
9832730,29.301323
9832882,0.9999224
9833212,8.085278
9833340,1.5671496
9833558,1.2223638
9833742,0.4805717
9833962,55.579876
9834074,0.642187
9834456,2.7570632
9834706,1.6367308
9834943,0.9721998
9835017,0.30983424
9835140,1.1896219
9835315,11.122058
9835350,68.4318
9835402,1.1101557
9835880,2.5813704
9836020,1.8903396
9836127,7.335392
9836212,0.26719704
9836505,2.9130075
9836642,2.5303774
9836966,1.919398
9836970,1.5332756
9838145,4.3943663
9838297,9.403912
9838443,0.42491397
9838543,46.156036
9838832,9.790262
9838920,0.08814323
9839223,0.3547133
9839263,3.2196112
9839300,0.71974546
9839341,0.102316886
9839346,32.058445
9839378,10.648756
9839800,54.179585
9839812,0.0
9839956,1.5178739
9840192,25.810183
9840261,0.48601204
9840280,62.200783
9841139,0.0
9841168,31.446274
9841215,15.443996
9841548,19.119062
9841671,1.4058993
9841695,5.3181033
9841890,2.997749
9841907,4.0144815
9841949,2.0719352
9842117,51.22074
9842239,0.36607862
9842323,1.7050196
9842363,1.8635472
9842420,0.0
9842447,0.8474847
9842492,62.48035
9842493,0.40305474
9842765,0.0
9843052,0.97854286
9843468,5.638537
9843531,14.037791
9843634,11.323065
9843643,0.107048884
9843646,1.2447242
9843826,6.471475
9843851,1.661528
9843884,44.64687
9843892,2.732084
9843914,2.8822598
9843951,2.482837
9843956,25.750391
9844407,0.5206301
9844408,2.1640868
9844439,8.501993
9844482,32.91434
9844489,66.36527
9844509,0.99170935
9844593,63.81589
9844603,9.163656
9844805,10.547451
9844884,59.71124
9844892,0.53625727
9845314,10.451687
9845341,6.1134815
9845454,65.69241
9845558,1.8973188
9845652,12.773439
9846015,2.555529
9846120,0.73651046
9846222,8.796755
9846468,1.568003
9846591,1.0680856
9846660,36.44505
9847867,6.642151
9847917,0.52736723
9851704,14.415002
9853063,0.5020172
9853382,25.035616
9853884,0.94332385
9854141,0.23298132
9854477,8.438425
9854746,11.600298
9854778,1.2152121
9854899,5.0457516
9855153,2.5813067
9855415,3.7804544
9855458,26.000214
9855772,12.495239
9855793,0.24817619
9855979,30.217232
9856135,15.573941
9856151,0.16748323
9856683,8.741698
9856730,40.62113
9856757,9.226882
9856995,72.33883
9857438,1.4108906
9857914,1.998332
9857967,7.576008
9858029,6.752695
9858093,2.6232102
9858112,1.9436251
9858221,1.5711576
9858527,0.24271384
9858642,4.737306
9858645,0.10148595
9858687,41.098213
9858696,56.73904
9858717,25.767439
9859081,64.74212
9859181,24.41385
9859195,22.24534
9859602,38.242287
9859856,1.1510497
9859861,71.61458
9860303,7.724886
9860416,0.8437035
9860455,0.4141613
9860631,12.005555
9860720,11.829562
9860752,0.0
9860758,6.931887
9860774,57.644356
9860989,21.297337
9861118,0.6313625
9861124,20.131142
9861135,0.16297877
9861136,1.1380538
9861196,0.24421853
9861553,0.0
9861625,83.99447
9861747,5.0552373
9862049,0.1943514
9862199,0.6733323
9862364,1.8996496
9862883,0.3526235
9862913,0.94008946
9862945,5.4171147
9863035,0.0
9863091,0.2682338
9863626,1.291469
9863678,4.534677
9863860,8.001929
9864121,1.5704858
9864137,7.3037405
9864230,2.8059695
9864324,2.1266875
9864427,4.3858104
9864749,0.64942586
9864796,2.3090572
9864820,17.612318
9864900,0.50035024
9865226,0.0
9865262,1.7491201
9865344,7.9465456
9865363,1.6342126
9865374,1.6346265
9865398,8.357188
9865506,18.565355
9865659,2.5313246
9865939,1.1156409
9866287,11.788473
9866617,0.53061855
9866971,5.198043
9867264,1.756899
9867398,10.427972
9867454,3.5976186
9867521,58.216175
9867629,38.143208
9867803,1.5768952
9868032,3.0702667
9868799,3.2048476
9869156,9.422372
9872904,0.4622971
9873079,0.34626675
9874042,21.553299
9874289,1.5300872
9874454,1.1771169
9874794,1.2820818
9875002,10.413381
9875109,1.3890084
9875134,0.20117292
9875450,8.643778
9875822,0.42832342
9875883,57.133797
9876042,0.6358285
9876335,18.08345
9876447,15.3733
9876474,34.042645
9876492,1.9827724
9876902,0.12640254
9876930,2.791287
9876971,31.918798
9877196,0.0
9877436,1.1276709
9877684,0.3459082
9877776,7.256156
9877933,0.33896154
9878121,2.7993677
9878361,1.6253612
9878593,5.0921574
9878659,3.7728574
9878851,1.4162616
9878922,38.09065
9878929,67.66739
9879216,1.5616909
9879235,28.697903
9879796,2.1189594
9880140,11.521084
9880294,1.6011875
9880664,13.865895
9881037,62.748577
9881146,42.134212
9881195,0.07098854
9881516,4.2190495
9881685,0.98105496
9881769,3.3859727
9882134,0.97110426
9882187,0.0
9882254,84.21958
9882537,0.0
9882838,3.9150286
9883145,10.484856
9883197,1.9198813
9883391,1.7905805
9883768,0.34281743
9884430,25.266943
9884516,1.8990943
9884667,74.962944
9884870,0.70966643
9884880,70.32536
9885264,10.000623
9885280,25.013868
9885430,0.896661
9885501,67.40713
9885720,0.78020465
9885817,11.05073
9885941,0.91449445
9886015,0.31507033
9886034,0.5443661
9886073,5.172537
9886220,0.23510253
9886514,4.7558775
9886516,50.559963
9886606,6.726718
9886735,1.989258
9886867,0.0
9886912,1.1579944
9887276,0.3339661
9887396,12.280861
9887654,76.75944
9887698,0.52632385
9887763,20.187843
9888076,41.54003
9888533,18.365389
9889720,0.40625337
9890574,45.96886
9894255,0.595186
9894297,39.99293
9894526,34.0777
9894565,7.444366
9894707,7.5667725
9894820,1.1617842
9895802,0.0
9896292,17.852674
9896546,0.0
9896594,0.8714289
9896627,0.3243669
9896824,61.747177
9896889,0.7276365
9897073,0.8979571
9897378,1.4237748
9897418,1.6288884
9897611,0.077051476
9897820,4.0495076
9897854,0.015713392
9898112,17.547314
9898150,18.048225
9898344,60.600937
9898485,71.04069
9898619,6.091108
9899132,74.702835
9899499,1.8657007
9900048,0.26343182
9900120,0.6049612
9900484,0.0
9900560,71.85347
9900572,0.43926126
9900885,0.36488894
9901202,5.603427
9901329,1.2614924
9901468,0.61314785
9901613,0.54430306
9901986,1.0682884
9902057,0.0
9902123,37.0096
9902314,4.0724
9902395,1.39442
9902590,8.056962
9902711,4.239451
9902915,0.72478503
9903132,14.606073
9903150,0.9733385
9904259,3.1189368
9904320,1.619023
9904460,83.72256
9904613,1.3878874
9904929,67.22655
9905076,55.694
9905682,2.0129745
9905894,32.765057
9905905,5.14188
9906178,1.6680168
9906359,0.5699166
9906425,2.0855794
9906631,33.388233
9906918,1.3383769
9907167,52.645523
9907257,5.61271
9907307,73.8462
9907690,4.2661557
9908424,0.7919811
9908719,78.36198
9908732,14.692844
9910619,0.4400084
9911083,1.2264062
9911887,20.614544
9914098,0.5972532
9915643,8.91506
9915819,15.818328
9916357,1.9849728
9916475,19.080896
9916767,60.7068
9917384,0.48205534
9917669,12.400308
9917797,9.486036
9918126,28.032583
9918567,0.0
9918817,5.957901
9919042,0.6472002
9919053,1.6529099
9919127,26.108973
9919143,0.0
9919450,0.0
9919518,0.43232495
9919641,0.61626345
9919727,26.505177
9919959,0.0
9920117,10.220651
9920313,11.00956
9920383,1.0806767
9920406,79.5729
9920458,4.564017
9920459,0.96324825
9920607,0.79145557
9920752,0.595638
9920941,8.453282
9921109,1.1472965
9921366,2.3290596
9921389,29.742876
9921774,1.0626782
9922192,1.486784
9923382,0.17175777
9923402,0.0
9923452,10.795728
9923478,0.0
9923485,0.65154815
9923887,16.483387
9924665,9.020213
9924723,22.06337
9925140,7.105856
9925349,0.9462924
9925507,63.857788
9925518,3.0607727
9926044,62.184135
9926058,0.0
9926171,6.9766197
9926599,0.26325396
9926781,2.8260362
9926792,12.213085
9927252,1.3314024
9927314,0.15969887
9927385,1.9576328
9927397,10.849317
9927400,0.0
9927495,0.47970453
9927666,33.300507
9928281,1.3301048
9928794,3.7090816
9928937,8.2958145
9933792,23.557238
9934510,0.33894947
9934593,34.012066
9935340,1.0913526
9935354,52.08057
9935613,20.949707
9935833,3.7555463
9935894,2.7106628
9935949,0.14499761
9936139,0.73741007
9936259,4.5231805
9936805,1.3445638
9937145,6.1066527
9937220,7.7610707
9937307,8.620985
9937434,12.590244
9937667,1.1345602
9938208,0.10862865
9938299,41.9264
9938471,23.141634
9938520,0.64609045
9939023,9.762941
9939177,1.3748213
9939202,14.456491
9939843,26.783566
9939962,16.64665
9940253,10.361583
9940300,76.96892
9940443,0.8969314
9941282,26.623817
9941890,68.92184
9942157,57.38521
9943207,58.00716
9943258,0.15878196
9943345,2.85516
9943382,3.0300727
9943801,1.1881369
9944013,0.27035072
9944331,0.45775193
9944426,33.61565
9944788,43.707184
9944808,9.934398
9945127,9.988328
9945206,28.345375
9945481,18.419395
9945496,29.67915
9945515,48.163063
9945730,39.344646
9945750,2.8334875
9947155,68.9162
9947824,79.46286
9949396,25.038467
9950923,1.0046868
9951506,15.4093
9951705,2.0612514
9951750,0.37952435
9952191,1.6957196
9952400,12.150501
9952429,1.5091614
9953121,23.27647
9953601,81.46699
9954123,11.62375
9954145,61.910904
9954426,4.945854
9954573,1.5578544
9954585,2.8879564
9954688,12.621048
9954700,0.0
9955490,52.493095
9955493,21.620718
9955545,0.49970213
9955736,65.427
9955765,13.178483
9956082,1.3861741
9956388,21.677994
9956781,0.0
9956834,54.67317
9957384,74.384636
9957436,0.0
9957646,18.639826
9958312,0.9104809
9958387,1.2673829
9958442,0.62291676
9958456,55.173206
9958472,0.834707
9959006,1.8888837
9959084,5.221132
9959100,57.772686
9959169,64.79946
9959175,3.3463516
9959180,75.84436
9959187,45.089783
9959190,68.54743
9959194,72.27923
9959246,1.410771
9959521,47.537556
9959562,1.4998391
9959975,7.289394
9960876,0.61328393
9960970,0.5235396
9961313,16.194048
9963988,45.45722
9965305,0.39221716
9966717,0.5059018
9967046,70.96118
9967141,47.208538
9967218,8.760656
9967314,31.387135
9968094,2.7723835
9968223,64.35143
9969073,2.1330729
9969761,24.338238
9969773,1.7443498
9969781,1.1144105
9969936,18.276505
9970118,4.7082124
9970637,0.24442935
9970995,0.24271017
9971319,1.0006288
9971730,20.047682
9971794,23.693487
9972046,15.969322
9972062,0.70934796
9972403,1.1394918
9972742,2.4061558
9973003,21.561373
9973134,0.50080603
9973190,42.86024
9973654,1.0251931
9973680,1.9937507
9974135,21.178886
9974153,79.607376
9974484,1.1948524
9974646,8.805618
9975089,0.5830282
9975344,14.221011
9975382,0.7227766
9975425,50.752045
9975839,25.059925
9975846,23.496075
9975872,2.977837
9976190,0.06272054
9976222,0.057080828
9976264,50.240932
9976626,8.338582
9976644,2.8597689
9976784,0.5877566
9976820,11.67181
9976827,35.73435
9976839,22.346369
9977283,0.31019548
9977470,3.7488484
9977595,0.60305256
9977982,0.5974646
9978348,1.1446841
9978426,4.76094
9978536,1.0662564
9978589,32.035786
9978633,22.61094
9978664,3.8243117
9978722,4.5203676
9978768,62.60624
9979548,0.14378442
9979608,9.574819
9979707,8.112258
9984143,0.84318554
9985812,1.9130616
9986609,3.212479
9986770,4.151978
9986969,8.020389
9987222,3.5888531
9987456,1.0050601
9987543,4.8428545
9987549,19.851868
9987907,0.5431072
9987983,3.2228034
9988353,16.057423
9988556,49.379486
9988907,2.491389
9989028,1.9818275
9989842,0.23198704
9990026,0.6630694
9990117,0.20361911
9990403,0.61847883
9990560,66.797844
9990571,2.4536703
9990611,3.2058957
9990959,36.39214
9991143,2.2890773
9991265,25.05712
9991374,0.7877815
9991391,0.95859635
9991577,12.701485
9991919,4.113214
9991949,2.3336923
9992236,9.358675
9992479,0.7028709
9992858,42.19843
9992903,25.690722
9992945,32.02058
9993137,1.3026887
9993138,5.7030907
9993183,5.239093
9993463,1.5719651
9993516,0.49232712
9994062,3.6104453
9994185,2.9049418
9994744,9.9473
9994973,0.20808284
9995163,61.289677
9995322,9.102549
9995513,0.35294133
9995634,2.658991
9995669,0.40566477
9996144,28.73095
9996402,28.611687
9996535,0.0
9996642,77.6118
9996793,6.537706
9997006,0.6808032
9997045,5.3110356
9997702,4.305957
9997980,26.949993
9998091,1.785124
9998152,0.33527124
9998154,0.0
9998362,0.0
9998688,5.423533
9998898,0.99971116
9998930,24.499979
9999117,2.4353614
9999220,1.3420112
9999351,24.676695
9999372,1.4711345
9999398,2.2743542
9999513,5.9410357
9999646,0.07161935
9999878,14.861985
9999919,21.926584
10000070,23.457193
10000137,1.0767103
10000254,0.0
10000470,34.489273
10000717,0.4543736
10000834,0.97611
10000943,38.58303
10000975,40.196545
10001011,0.40006196
10001022,1.2636994
10002317,6.470474
10006913,1.511057
10007761,14.940252
10007793,0.0
10008109,1.038542
10008874,0.78955895
10009390,1.4067082
10009531,2.006335
10009737,7.5843773
10009762,1.5556735
10010119,14.000449
10010250,0.84475875
10010321,0.6035514
10010345,76.67684
10010434,18.660769
10010507,8.483169
10010717,2.7171273
10010845,66.663185
10010914,5.8443785
10011009,1.8855948
10011168,29.681726
10011509,18.370295
10011677,0.5010715
10011763,41.900352
10011850,0.55290157
10012011,15.170187
10012292,2.4235473
10012551,2.1175728
10013027,62.752514
10013355,0.5883409
10013379,47.189754
10013582,0.9355657
10013750,22.64436
10014261,2.6078463
10014269,2.6901112
10014417,4.5488048
10014499,7.274728
10014849,4.242122
10014975,14.821651
10015336,0.4751664
10015642,23.545773
10016124,1.5573474
10016343,0.3530989
10016412,0.34156746
10016601,0.6944226
10016602,5.003872
10016803,21.599436
10016832,0.92928696
10017050,0.0
10017265,2.296684
10017345,2.030511
10017692,49.36914
10017822,1.7425543
10018379,11.777396
10018549,64.309845
10018895,0.36624533
10018963,55.33976
10019018,0.69358367
10019159,13.1696825
10019335,0.7398214
10019420,18.623732
10019504,0.0
10019508,52.121166
10020060,0.46305922
10020104,0.47940648
10020125,18.34825
10020217,4.9572954
10020815,0.7929366
10021252,0.82596374
10021301,50.62973
10021499,0.19017561
10021680,53.31353
10021699,6.7405124
10021700,2.1993818
10021707,0.4192195
10021820,3.8755221
10021869,0.8429415
10021915,11.019219
10022348,60.314697
10022414,1.4347495
10022503,0.74891114
10022610,0.18203142
10022730,4.7337713
10023252,76.48794
10023498,40.80864
10023618,0.6026518
10024702,58.71754
10030073,0.0
10030753,0.66575074
10030874,0.399648
10030997,9.360642
10031014,11.457047
10031436,1.2310523
10031574,24.601229
10031678,4.5083847
10031965,56.237457
10032285,3.7150712
10032406,64.16406
10032560,44.402405
10032842,0.5288621
10033005,4.0063853
10033096,0.10537219
10033238,29.038517
10033336,1.4840509
10033734,7.012594
10034083,0.32927042
10034090,0.0
10034493,1.4786793
10034597,40.84618
10035023,4.945363
10035098,0.47472483
10035132,9.95341
10035525,2.2155924
10035596,11.69333
10035643,1.132299
10035846,42.199734
10035920,77.80293
10035950,0.96879166
10036295,1.2090766
10036394,0.41035104
10037088,6.8594933
10037097,0.79512185
10037770,58.856907
10037800,15.189756
10037946,61.730297
10037962,7.2974944
10038211,19.945726
10038560,23.023323
10038598,2.3129916
10038633,0.20058924
10038695,0.3576643
10038721,6.1289515
10038731,18.957956
10038776,72.925705
10039012,6.8784776
10039375,0.6053717
10039817,11.354758
10039961,2.0289087
10039968,1.6455396
10039975,32.007263
10039992,8.99214
10040472,6.493849
10040563,7.4846435
10040798,2.7128134
10040942,7.587457
10041002,20.159138
10041028,2.0222049
10041157,7.2708693
10041376,7.939268
10041518,20.932945
10041531,0.46916327
10041589,6.419519
10041889,13.360847
10042322,2.573948
10042484,20.551365
10042505,6.489544
10042563,37.7464
10042625,24.727528
10042929,5.2922606
10042932,2.3872986
10043064,1.3357944
10043153,46.641514
10043624,61.21749
10043694,6.412277
10043750,0.6276769
10043854,24.008762
10043942,52.83909
10044457,42.204655
10049070,0.032380167
10049335,0.0
10049360,8.153734
10049589,0.6089486
10049766,0.22563036
10050035,0.29564977
10050536,11.401572
10050665,10.490281
10050847,28.865034
10050860,0.7592351
10050866,0.9794069
10051853,0.0
10051911,0.55248535
10051946,1.5611566
10051959,2.813906
10052324,8.179722
10052336,0.7672456
10052409,2.3671467
10052466,1.2367231
10053223,0.6302415
10053330,16.570768
10053523,1.5828708
10053592,1.3834239
10053602,1.5586175
10053943,11.685848
10054404,0.0
10054500,5.362495
10055189,11.070688
10055475,0.9047839
10055764,20.676277
10055872,0.8481645
10055925,15.986685
10056170,10.821867
10056358,9.272789
10056449,5.0127935
10057529,0.35157278
10057986,0.32635322
10058014,51.271793
10058137,0.8409928
10058176,7.730864
10058491,55.41421
10058633,23.304853
10058639,57.705338
10058944,0.42100254
10059219,7.440606
10059573,0.6568299
10060147,0.5366996
10060776,10.880851
10061628,28.116026
10062378,1.898799
10063216,0.4099579
10064209,10.463611
10064218,16.341082
10064959,60.83504
10065056,0.28479564
10065873,1.4446026
10066131,2.3798678
10066452,11.402689
10066508,0.0
10066843,23.902489
10066875,1.2433096
10067614,33.00675
10067932,0.0
10068145,0.0
10068269,1.2450747
10068329,7.689864
10068386,71.45061
10068450,0.0
10068539,2.3460274
10068693,1.559719
10069099,1.2525406
10069174,0.29799443
10069185,55.352386
10069373,1.6274902
10069376,15.025529
10069755,0.33334574
10069795,1.3790036
10069885,5.091936
10069923,1.8064181
10070145,56.957764
10070235,0.37417394
10070294,8.654927
10070457,19.673044
10070582,1.0086138
10071118,31.631376
10071225,2.431494
10071254,2.0690832
10071373,2.8366766
10071464,15.280012
10071681,0.9907952
10072007,1.0028726
10072750,9.254604
10072898,3.8083713
10073973,12.1918335
10073975,0.13224213
10073995,0.3978875
10074185,0.21810852
10074282,1.6648524
10074308,0.9826367
10074362,17.533735
10074524,3.7731147
10075014,3.5319672
10075528,0.79858965
10075730,63.585384
10076024,29.588684
10076231,2.27845
10076836,4.8300915
10078736,35.35918
10080979,0.59878963
10081576,0.25452855
10081958,0.40589273
10082054,0.8444644
10082287,0.48414338
10082414,18.62015
10082575,0.43849307
10083580,13.239859
10083670,0.30934656
10083881,0.8736686
10083970,0.0
10084178,0.0
10084191,0.756489
10084382,9.399995
10084631,7.303611
10084735,7.7995086
10084751,2.223442
10084769,60.048996
10085436,22.23047
10085457,9.220544
10085478,19.799324
10086307,23.107626
10086396,61.074924
10086520,14.663065
10086656,42.240364
10086861,12.992247
10086874,6.064389
10086882,1.6454635
10086885,47.095375
10086888,0.98126864
10086976,70.79745
10086994,0.0
10087253,26.289055
10087575,10.22009
10087590,13.839483
10087609,5.578497
10087623,0.15933658
10087811,3.7551024
10088464,1.1405058
10088720,21.15097
10088886,65.2484
10088889,0.13400008
10088956,62.608707
10089529,3.2293322
10089694,8.785465
10089720,3.3910592
10089727,1.3442658
10089841,0.89882433
10090579,0.61225575
10090599,1.3266677
10090894,5.741823
10090922,63.286877
10091021,20.327095
10091438,0.45773152
10091829,1.4752586
10092202,11.211601
10095611,44.344074
10095913,1.6726636
10096707,31.053007
10096773,0.7303977
10097709,37.367466
10097911,0.677019
10097957,11.54637
10098262,9.638411
10098593,56.72576
10098890,1.0495387
10098921,0.69777524
10099080,1.0646449
10099459,0.0
10100202,0.0
10100348,0.45975372
10100453,1.9880639
10100474,5.186133
10100613,7.1213775
10100659,1.3877878
10100799,12.827122
10101023,4.2255354
10101046,1.4827441
10101097,57.935974
10101765,69.486946
10101791,4.774068
10101804,0.9084303
10102005,4.3026385
10102206,0.21258503
10102632,0.55322033
10102723,0.7471048
10102792,0.46982363
10103405,7.4664783
10103770,1.6909722
10103877,1.5003011
10103895,0.52579564
10103934,1.47623
10104068,20.798914
10104118,0.0
10104130,0.28349364
10104246,2.1495485
10104337,20.779882
10104410,0.5434754
10104806,0.07341527
10105128,6.7545037
10105556,8.843039
10105606,48.77733
10105690,24.01728
10105732,12.935264
10105917,9.563955
10106188,25.144703
10106335,30.616276
10106480,4.4175043
10106530,17.848228
10106768,58.120544
10106802,12.662692
10107113,3.6428566
10107182,0.56462216
10107260,0.28643507
10107452,0.0
10107606,0.0
10107689,8.854654
10108417,3.7359116
10115193,0.101151004
10115298,20.982172
10115372,34.65091
10115375,0.85597616
10115419,18.779743
10115937,0.58189726
10116151,12.07382
10116440,21.106081
10116671,0.8890602
10116778,1.234376
10117060,1.9648438
10117283,1.6723279
10117624,6.226642
10117649,4.4599376
10117807,18.753128
10118042,11.120006
10118796,13.186087
10119392,3.2807636
10119590,6.7918015
10120055,29.11764
10120206,76.722855
10120384,0.0
10120414,1.13495
10120476,66.33209
10120478,4.91251
10120514,0.9635477
10120578,0.272022
10120691,0.23713645
10120829,27.72945
10121376,30.149754
10121380,68.67559
10121746,1.3766152
10121950,0.6854785
10122016,2.495409
10122650,0.08948576
10122700,19.710896
10122880,5.332302
10123450,0.89773464
10123594,41.057194
10123678,3.0991812
10123923,2.0307112
10124008,3.7087564
10124136,32.635414
10124161,0.0
10124212,0.779546
10124443,36.65563
10124550,1.2201029
10125030,1.1059915
10125211,16.878788
10125395,17.147688
10126114,0.0041413074
10126402,4.112584
10126521,16.794111
10126560,0.0
10127534,15.592569
10129759,10.275315
10130963,12.632575
10132356,0.23525004
10132572,0.64992553
10132633,70.415504
10132818,1.3068559
10133027,0.2742145
10133147,31.91768
10133350,26.486197
10133559,0.0
10134071,9.815422
10134298,4.12247
10134309,4.178962
10134443,7.5034204
10134546,35.18508
10134557,2.88077
10135104,25.990334
10135523,81.65636
10135531,75.390526
10135852,27.219707
10136199,0.6305902
10136256,2.231179
10136750,1.442207
10136861,0.8963001
10136980,7.797547
10136994,10.738244
10136996,44.225586
10137006,10.990605
10137028,64.102486
10137143,16.404451
10137236,4.33556
10137315,0.34818628
10137499,63.336826
10137757,1.5472201
10138218,51.069477
10138533,19.03164
10138870,21.246872
10138872,36.082874
10138888,0.0
10138958,6.114938
10138996,0.40173241
10139093,3.894177
10139332,1.7301505
10139347,5.080761
10139617,1.2045848
10139724,6.2337017
10139922,82.66142
10140164,35.953312
10140275,5.274586
10140368,62.48605
10140462,1.7162359
10140604,1.839004
10140729,7.885363
10141276,2.5795984
10141718,37.127
10141933,0.6387687
10141998,2.3076518
10142067,12.289674
10142499,49.09019
10142867,1.090206
10143231,0.024056658
10143655,37.673645
10144140,68.08061
10144398,0.08892843
10144422,78.21286
10146747,0.0
10148197,0.0
10148581,6.0808654
10148955,4.282634
10148969,50.80486
10149393,2.0275295
10149932,1.4928079
10150224,0.6379315
10150643,0.7009745
10150648,51.415836
10150723,4.612296
10151054,4.576804
10151209,18.889252
10151488,25.520506
10152015,14.399155
10152029,6.651776
10152091,1.1550977
10152738,1.1397425
10152758,26.776525
10152936,3.4682205
10153267,18.725739
10153349,1.1048269
10153363,40.545727
10153654,1.6622158
10154118,23.111486
10154397,0.0
10154449,1.1216042
10154762,42.86918
10155029,0.27398044
10155159,72.438896
10155167,26.390526
10155628,6.67346
10155672,17.327738
10156213,0.0
10156290,26.161102
10156314,0.83343554
10156340,8.918551
10156342,1.149128
10156960,62.583153
10157171,0.3067513
10157289,11.036145
10157294,0.48663667
10157426,29.67729
10157789,4.3651614
10157939,1.8308161
10157977,42.94235
10158141,1.3246417
10158203,0.007934293
10158490,5.2421794
10159182,0.298747
10160921,4.1733384
10161081,0.0
10161401,6.278203
10161557,2.7465837
10161583,0.0
10161705,23.7098
10162621,20.026886
10162932,0.42087704
10163231,4.9410944
10163240,1.1597294
10163536,28.919863
10163683,3.4746156
10163724,0.6328171
10164008,4.974801
10164145,1.1125134
10164331,82.88554
10164606,0.0
10165064,77.10516
10165181,6.0881147
10165410,0.0
10166365,10.118745
10166624,1.0114267
10167401,22.148535
10167665,1.4854481
10167797,37.674408
10168049,0.0
10170115,1.4150286
10170471,1.8109899
10170638,3.8309174
10171644,16.344988
10172540,2.3009646
10172586,7.8511696
10173271,0.32768777
10173304,14.545679
10173687,9.320734
10173750,0.43696457
10174133,0.0
10174324,70.52785
10175133,4.248526
10175187,3.7456036
10175678,2.6731842
10175969,1.8796252
10176405,12.989209
10176512,0.49829623
10176696,1.5175698
10176730,8.393134
10177183,11.504408
10177753,1.8590624
10178082,2.9644332
10178685,23.543926
10179187,1.8410106
10179372,0.43873394
10180231,0.72034705
10180427,33.122128
10180766,0.7080006
10184638,19.523884
10185913,29.102898
10185960,16.385803
10186192,81.145706
10186688,1.0741624
10186767,0.0
10186787,2.7795932
10186876,1.1327479
10187307,0.71953684
10187402,70.47208
10187515,0.0
10187685,4.881444
10188121,1.4203043
10188296,10.646283
10188405,1.1670073
10188806,8.252295
10189351,25.431206
10189803,0.8583412
10190770,60.725468
10191142,83.32957
10191601,64.51443
10191942,0.0
10192564,17.606327
10192898,0.38063693
10193009,11.737945
10193753,9.794092
10194616,27.451988
10195493,3.8346684
10197242,83.940575
10199699,0.21066986
10200787,26.180475
10201295,11.412995
10202641,12.300679
10202655,0.49646762
10203071,31.656933
10203087,28.178486
10203095,47.71645
10203097,0.50096065
10203236,44.41522
10203556,0.69534516
10204097,18.666746
10204208,23.824457
10204245,12.000555
10204327,31.048075
10204479,5.3142223
10204999,2.905994
10205130,49.63567
10206269,16.756319
10207945,7.283089
10208716,1.4264271
10208854,0.8823376
10209102,8.109774
10209283,16.504135
10209396,12.974582
10209403,0.0
10209471,63.86044
10209654,13.0141945
10209973,5.761212
10210556,0.0
10210667,67.84411
10211109,2.2060707
10211935,70.67524
10212686,2.4086924
10213080,0.7178281
10213280,4.9820833
10213355,15.895635
10213711,16.412933
10214197,0.25845423
10218027,65.144035
10218475,75.544624
10218975,1.3323145
10219639,0.45618764
10221640,18.654688
10221874,65.87044
10222715,0.76648796
10222998,50.493015
10223260,0.5778081
10224321,1.374089
10224557,1.6996677
10224564,4.819887
10225827,66.666534
10225915,18.412271
10225972,4.4958644
10226208,11.540114
10226269,2.8480408
10226431,54.644455
10227067,1.601726
10227297,0.22802314
10227402,2.9736912
10228720,19.956938
10229049,57.76674
10229094,53.102676
10229187,0.0
10229340,0.0
10229579,4.921187
10230344,2.6382537
10230429,48.773766
10231834,58.868748
10232039,69.142166
10232344,0.46312222
10232605,0.062706575
10233244,27.276844
10233795,1.1979636
10233905,47.67162
10234090,5.0564456
10234589,26.03087
10234713,40.73247
10234715,0.39465916
10235033,28.316471
10235938,17.163809
10236033,0.293312
10236389,18.184385
10237991,2.707409
10240092,1.9896989
10241021,64.66418
10241950,30.049744
10242138,44.57473
10242249,9.877565
10242330,0.0
10242936,50.888023
10243326,0.0
10243454,1.9975876
10243497,18.623531
10243648,0.49166343
10243895,52.94508
10244388,1.8272679
10244450,72.30363
10245584,9.448842
10245677,0.7950886
10245880,19.916727
10245953,3.2918224
10245959,32.829834
10246002,1.3597763
10246013,1.269166
10246134,81.99734
10246816,1.368558
10247250,5.885946
10247376,1.915655
10247679,0.0
10247766,1.0537478
10247793,1.1149735
10248067,0.27444977
10248539,0.16942172
10248690,10.078164
10249411,3.3642442
10249886,50.031956
10249927,1.2578938
10250438,15.31072
10250621,29.824677
10250647,1.7331744
10251082,73.53392
10251114,2.6026058
10252387,3.16236
10252499,6.0139613
10252712,20.854887
10252908,5.4276314
10252921,67.747345
10252962,0.04661637
10252999,16.683287
10253367,1.5691814
10253408,0.6658755
10254619,0.6652498
10254681,5.777849
10255192,0.7622932
10256457,24.12304
10257476,11.331169
10260862,1.4843389
10262379,65.728325
10262580,1.1028712
10263284,1.4584457
10263395,0.9269817
10263516,46.563625
10264880,0.0
10265675,0.22680876
10265814,0.0
10265988,25.865171
10266171,8.747027
10266428,1.6557728
10267034,26.652912
10267050,1.3556854
10268145,1.6544069
10268712,42.5098
10270687,56.468
10271848,0.6721086
10271884,37.899345
10272000,0.0
10272326,1.1325493
10272840,1.5290906
10273206,2.086976
10273251,48.648296
10273462,0.48944825
10273647,24.584557
10274257,67.90775
10275361,59.29992
10276934,0.4835319
10277543,1.1188347
10277812,5.9193554
10278229,0.8334356
10278364,0.7103584
10278507,0.564566
10279573,1.2544025
10279737,57.941456
10280355,0.43944207
10280391,14.269951
10280416,0.3898373
10281169,2.6527846
10281702,8.237684
10282058,3.0075188
10282063,58.242092
10282176,0.5472697
10282278,29.666147
10282292,11.032994
10282408,0.704919
10282713,2.9961224
10282857,0.0
10283008,44.918606
10283038,66.828766
10283688,13.114386
10289124,66.10145
10289394,2.285369
10289872,38.096756
10291680,0.709722
10292088,0.7801071
10292231,50.92385
10293298,17.88035
10295156,0.46860492
10295857,18.636074
10295995,3.684433
10296063,0.98916835
10296588,3.4731925
10296902,4.6034985
10298106,4.0864167
10298550,56.103615
10298748,19.040953
10298824,24.225578
10298845,0.6551241
10299477,69.87286
10299725,2.2816281
10299827,0.59073704
10299870,4.101412
10301140,24.797155
10307179,21.327337
10307776,0.67473453
10307958,49.60141
10308738,65.736755
10309007,0.81828743
10309115,2.5708308
10309255,55.753242
10309942,8.398485
10310103,5.8113937
10310874,29.900164
10311049,2.6276698
10311299,1.0554986
10311898,4.0138497
10312071,5.258436
10312309,0.008596741
10312486,10.67078
10313271,0.6073891
10313703,50.3252
10314379,7.1524386
10315444,1.3488388
10315973,22.52408
10315976,1.161366
10316547,1.3285335
10316551,67.816635
10316575,1.9143844
10316743,0.8419747
10316923,0.057394538
10317919,20.558695
10318220,1.9791259
10318395,65.142426
10318675,7.615744
10318684,47.96503
10318776,20.834694
10319189,61.02671
10319730,10.350177
10319795,0.59515613
10319866,0.0
10320083,0.9653172
10320928,1.2923505
10321100,54.66851
10322621,2.5833538
10323094,64.88438
10327434,0.52677757
10328424,14.373134
10328582,20.3455
10328877,7.573758
10330927,32.394855
10331878,4.775022
10332161,10.860007
10332440,45.330017
10332767,0.16866848
10333143,0.59647256
10333304,8.098282
10333496,1.2037046
10333985,3.1711676
10334259,0.68828833
10334881,9.231591
10335191,60.96285
10335793,0.6226222
10335950,9.934427
10337293,2.0014427
10337511,0.8229903
10337846,0.8974715
10338678,26.891537
10338696,6.009983
10338770,2.2348764
10338833,0.63997215
10338839,8.056673
10339044,81.56442
10339057,11.859675
10340247,50.95753
10340745,0.47279993
10340849,2.0813286
10340867,28.398779
10340994,11.757534
10341262,0.0
10341271,66.33587
10341382,3.9569185
10341439,3.546968
10341640,5.6411057
10341932,75.25662
10342005,3.4863267
10342059,1.0586702
10342295,13.658197
10342404,0.85721326
10342448,8.410906
10342646,2.669083
10342713,23.445192
10342743,4.0423346
10342806,5.477993
10344882,0.8885256
10345066,0.59887105
10345574,1.623026
10350120,0.5071993
10350911,69.42791
10351249,83.04451
10351366,21.747078
10351753,0.22398418
10352410,2.0058494
10352632,7.437336
10353449,60.426243
10353711,0.3118388
10354038,32.217632
10354208,2.3120646
10354471,46.460293
10354742,0.8579354
10354815,1.1705606
10355928,3.129969
10356080,0.98502034
10356239,20.698023
10356808,2.565664
10356916,53.405037
10356966,60.72003
10357730,24.7486
10358093,3.5154424
10358311,75.08797
10359485,0.24827617
10359486,29.300436
10359492,37.869656
10360144,10.455267
10360180,73.21092
10361285,5.150094
10361844,43.537758
10362013,1.5131143
10362016,53.373318
10362194,3.703621
10362710,11.012879
10363093,9.870042
10363118,6.599734
10363197,0.07321141
10363852,0.5192879
10364229,0.6038716
10364442,0.0
10364566,11.828815
10364604,33.999004
10365451,0.56802785
10365516,52.685497
10365862,20.524153
10366096,9.48646
10366137,1.215959
10366219,31.704617
10366441,5.0761585
10366570,68.354965
10366904,0.60125226
10367519,0.55549014
10367650,0.61487526
10367677,1.6365033
10367884,20.03914
10368055,17.595926
10368358,43.95932
10368714,52.528297
10369062,0.42099997
10370374,1.2510859
10370929,1.4756311
10376078,0.3967806
10376622,47.2187
10376627,30.6132
10376897,0.5405159
10377156,28.237358
10377405,18.868708
10377445,0.7772353
10377924,84.31414
10378518,0.0
10378774,0.0
10379439,89.428246
10379700,7.8420014
10379735,82.9105
10380644,31.338505
10380993,5.425479
10381123,2.9821076
10381492,0.68417054
10381777,55.037754
10381888,82.29722
10382377,73.047775
10382430,0.0
10382822,0.6620692
10383636,0.7479547
10383904,28.077759
10384098,0.63744825
10384216,3.1771028
10384319,12.432729
10384698,0.65532273
10385807,1.0495061
10386341,75.62448
10386789,1.9874269
10387132,72.98371
10387320,0.60647726
10387851,4.8594728
10387852,0.6100963
10388054,22.463137
10388543,2.3916764
10388585,0.0
10389715,40.817387
10389934,2.5047243
10390088,25.63271
10390220,5.3681355
10390274,1.1906266
10390481,1.2877115
10391118,8.328693
10391229,14.921355
10392041,0.46951735
10392472,4.397091
10392932,0.60633856
10393166,1.1297437
10393619,2.4348407
10399663,23.399014
10399893,1.9998444
10401534,2.5718393
10403667,0.52066886
10404087,0.90158325
10404385,6.27619
10404638,79.417274
10404671,14.355953
10405094,0.0
10407271,25.58506
10407723,73.35207
10408631,1.021759
10408789,31.757479
10408816,0.38829327
10409494,7.206929
10409669,23.944185
10409905,5.6677074
10410022,0.68889505
10410597,5.329752
10410795,21.439249
10410959,11.190017
10411533,1.8068509
10411665,19.51411
10411679,4.307872
10411803,21.99823
10412006,0.5029279
10413100,0.52338815
10413124,1.1518024
10413262,1.5599778
10413399,76.78083
10413491,15.725437
10413567,0.7690607
10413576,62.911163
10413642,14.288062
10413927,56.74183
10414065,0.7983906
10414445,0.7922153
10414777,56.30543
10415070,37.451714
10415370,21.116669
10416461,0.44042352
10417214,6.373806
10417430,58.816998
10417797,10.745879
10422846,21.662537
10425030,1.2821554
10425759,54.63371
10426358,1.024637
10426976,0.615127
10427362,74.33414
10428054,10.791642
10429094,0.66908634
10429702,1.8409407
10429779,0.1644257
10429806,1.2185539
10430006,0.045973945
10430127,0.64678943
10430287,0.69895643
10430591,6.6416206
10430628,8.269595
10430662,0.5053769
10430715,2.1002474
10431267,8.181529
10432610,0.79164755
10433284,0.1226041
10433841,0.7922612
10433860,2.1018305
10433918,0.011324227
10434438,1.9110993
10434573,16.217566
10435225,9.472214
10435577,18.061668
10435733,37.45388
10435862,7.360942
10436554,1.2247714
10436734,8.147282
10437027,7.3019485
10437634,0.40206936
10437777,0.25319776
10437811,45.066494
10437826,4.5331306
10437887,1.7229117
10438257,4.7389464
10438280,0.0
10438662,76.1244
10439184,4.9338026
10439885,0.0
10440798,0.47853106
10441075,39.97108
10445597,3.8139718
10445864,3.1814837
10447227,0.012675898
10447360,1.1300714
10447691,0.0
10448600,0.0
10448885,4.9466867
10449111,1.9557906
10449466,2.8426418
10449728,17.61621
10449941,4.047181
10449964,64.790886
10450688,60.06865
10451057,0.6241283
10451267,0.35875016
10451359,2.4778187
10451489,13.9648905
10451508,1.1547071
10451613,4.4975047
10451701,0.4385523
10452249,28.846008
10452524,18.175125
10452541,61.034813
10454253,0.3409845
10454628,31.599415
10454801,0.49187678
10455138,6.5984745
10456631,5.5656557
10457363,0.047493786
10458115,9.239702
10459237,1.618881
10460113,35.75025
10460302,0.5451861
10460315,0.4782284
10465447,13.483019
10466072,5.933898
10467179,5.044944
10467390,37.071396
10469243,1.6635021
10470083,21.257584
10470258,63.8617
10470375,1.8357567
10470455,0.50462776
10470677,11.989563
10472004,5.3733788
10473730,9.7934675
10473849,0.5378146
10474225,1.2217077
10474722,13.647743
10474780,21.111893
10475237,62.462498
10475319,0.5178956
10475700,0.0
10476119,12.588956
10476135,1.6431152
10476319,0.9855783
10476556,59.472404
10476782,2.4452274
10477683,77.807175
10477698,26.54856
10477978,2.5528514
10478904,2.8276732
10482486,2.843081
10482554,77.79004
10484019,19.69782
10486974,0.66230917
10488146,68.23621
10488206,6.993098
10488464,3.7528853
10488831,30.376192
10488915,10.824391
10489306,4.2357154
10489326,69.00015
10489896,1.356724
10489923,0.88919157
10490134,5.258016
10490263,57.94967
10490373,17.160343
10490929,31.348791
10490947,1.3557255
10491070,3.8160884
10491137,1.0746193
10491340,15.652754
10491594,39.329185
10494337,0.9360828
10495299,0.6094292
10495620,20.614216
10495884,0.85418224
10496401,0.64622295
10497886,0.0
10498577,1.2487767
10499025,1.1641399
10500033,0.40118352
10500085,0.6393819
10500222,2.6645317
10500406,22.684845
10500815,1.5656248
10500873,0.0
10500992,3.487469
10501331,54.946716
10501920,25.106625
10503392,55.29302
10504508,0.75984836
10507161,0.0
10510846,5.254782
10511064,0.0
10512466,0.37124026
10512812,18.35593
10512817,5.3941936
10513228,46.908466
10513499,3.6245658
10514152,0.24596159
10514166,2.4361112
10515677,1.0570774
10515838,33.328686
10515875,16.929464
10515993,18.03311
10516322,39.138737
10516424,20.455822
10516610,1.6898327
10516626,26.367342
10516819,31.367565
10518694,0.0
10518896,3.8542626
10519216,0.0
10519429,9.152831
10519519,10.068408
10520431,1.322288
10520668,1.0385811
10521059,2.3980372
10523618,56.216454
10524365,73.44287
10524460,2.7355576
10524938,1.3305286
10525851,11.631276
10525911,44.916367
10526346,0.4451139
10526871,72.54686
10526955,0.13071072
10527013,0.0
10527274,7.150098
10527486,34.489983
10527956,5.873946
10529176,3.5413978
10530373,17.504423
10535630,0.89110976
10536156,1.7695527
10537216,31.939283
10537769,1.7708321
10538427,44.736767
10538536,0.0
10539491,60.170765
10540175,21.579405
10540927,48.912033
10541080,13.155125
10541201,28.38086
10541260,1.451594
10541488,13.506457
10541837,1.7399025
10542167,3.4872618
10542347,35.851696
10542668,1.3065852
10542679,28.333569
10542965,0.38355213
10543277,1.3313428
10544439,0.79578674
10545027,18.173674
10546254,30.64023
10546396,4.618621
10546568,0.39808422
10546606,0.58842003
10547353,1.0533782
10548910,6.04353
10549054,43.657673
10549445,46.091255
10549650,0.7933953
10549714,0.0
10549781,6.167769
10550240,9.178721
10550349,1.2828674
10550543,0.99363637
10551087,1.8910782
10551675,39.126186
10551825,1.7019024
10552168,0.6407676
10552983,41.758648
10554070,12.70432
10560148,1.47924
10560986,1.9851286
10561130,0.22928786
10561771,10.18525
10562085,0.4469624
10562462,25.501932
10562668,20.75712
10562789,50.421783
10562990,1.3690691
10563076,0.98411894
10563387,0.7181446
10563493,1.432411
10563586,12.261381
10564163,12.31568
10564375,4.9480443
10564483,10.852219
10564621,5.6919217
10564702,1.7014664
10565686,0.0
10566302,76.13976
10568153,9.15357
10568208,74.21485
10568646,0.6176861
10568695,2.471661
10569249,30.213558
10569568,4.336211
10569804,0.0
10569865,3.3707955
10569945,14.851464
10570156,29.648949
10570447,33.346573
10570660,1.0911857
10571112,1.3066548
10571255,0.41202852
10571323,3.5484607
10571889,4.3643117
10572094,66.51311
10572807,26.738504
10573225,76.9301
10573273,0.0
10574604,6.7438793
10575811,1.0345782
10575817,0.0
10576118,0.0
10576813,0.64597756
10577023,45.87884
10579428,17.255075
10582297,46.03163
10582695,20.183298
10585446,0.0
10586336,22.5387
10586633,1.1152391
10588057,0.22095044
10588705,18.283741
10588741,0.5239108
10589684,68.527985
10589700,1.3035362
10589945,25.904352
10590105,2.340638
10591112,1.1653264
10591234,1.0821077
10594419,55.58583
10594705,3.6067283
10595000,64.68691
10595374,68.938545
10595677,34.154247
10595963,2.2179291
10596279,11.061159
10596295,1.1653368
10596315,0.42774567
10596652,0.3425138
10596990,1.0212293
10597161,62.227417
10597695,1.7839955
10597780,9.596817
10598043,0.18069462
10598766,1.6071258
10598941,10.192823
10599045,0.8547043
10599796,5.54277
10603050,1.1937146
10605445,80.62799
10606531,0.18613309
10607372,0.0
10608844,74.13993
10608956,0.36095607
10609213,0.12258788
10609249,42.815647
10609274,20.92481
10609790,24.497185
10609963,0.47515574
10610434,2.0993688
10612067,73.29777
10613007,0.61575973
10613607,4.573343
10613823,34.712254
10613950,0.0
10614204,20.017271
10614832,10.692923
10615116,30.93854
10615184,9.599907
10615569,1.7153388
10615883,47.634834
10616998,0.48330885
10617247,0.0
10617859,0.59170324
10618948,33.21933
10619208,15.735798
10619400,1.0403208
10619886,23.669806
10624485,7.360062
10625435,4.165185
10627621,10.913542
10627898,24.749975
10628495,1.414541
10628593,13.052104
10629434,1.7533997
10629596,1.5371122
10629860,1.016686
10630302,76.53584
10630738,4.807597
10631005,1.1717194
10631165,0.865894
10631279,0.36639595
10631426,4.339591
10631540,1.1585596
10631930,3.8196135
10632141,0.6166843
10632572,0.73353744
10632893,8.493557
10632936,29.79387
10632973,0.2400321
10633603,5.5902605
10633895,0.17914462
10634051,1.145603
10634446,5.723756
10634652,0.99127656
10634933,6.8116193
10635913,0.105154075
10636394,1.9951967
10636576,1.4045018
10636755,1.6386174
10637378,33.620564
10644142,0.6944803
10645518,0.0
10645546,5.387518
10646179,16.220747
10646642,3.251036
10647051,0.26119134
10647977,37.782364
10648481,48.228703
10648628,2.1972108
10649625,33.753185
10650496,0.6066074
10651786,27.524137
10652203,10.232203
10652427,0.52515495
10652993,1.2347294
10653607,0.0
10653956,74.90147
10654319,44.43008
10654803,1.0967041
10656197,2.486228
10656360,0.4867427
10656617,0.0
10656844,1.3135219
10657080,57.202396
10657771,4.622046
10658613,48.066917
10659041,0.21374641
10659552,4.276509
10659808,2.32055
10659825,2.867123
10659999,8.541985
10660058,0.0
10660121,75.041626
10660502,0.0587191
10665558,9.936486
10670128,23.592155
10670635,8.953481
10670716,24.22588
10671323,6.0839095
10671380,1.2951689
10671576,1.8102776
10671589,1.2646743
10672723,25.083687
10672907,12.842558
10673293,15.457842
10673957,72.87063
10674299,30.928316
10674385,0.4569492
10674836,0.9352379
10674978,9.383535
10675210,6.9756756
10675218,0.55164164
10676073,71.53463
10676246,0.0
10676766,0.49287355
10676786,0.79957455
10676937,2.0810244
10676959,19.862736
10679350,30.997587
10679588,18.912834
10679702,75.233116
10679740,0.079824075
10679868,18.903267
10680344,32.051243
10680375,2.7228856
10681362,0.70906824
10681535,81.57934
10682536,13.417443
10683459,0.17163967
10683993,13.818299
10684138,39.472927
10684159,27.808191
10684164,1.1750003
10684258,77.218544
10684843,0.4923119
10685439,62.33801
10685883,79.142426
10685892,80.11188
10686406,1.5619999
10686719,16.527716
10686990,50.313534
10688178,55.812626
10695412,1.6703188
10696356,4.363281
10696570,53.573418
10697332,0.0
10697868,1.4642744
10698161,0.0
10698557,0.0
10699318,76.91421
10699546,12.2228365
10699580,51.164814
10700115,3.938164
10700310,2.87798
10700393,3.625252
10700458,1.4219592
10701112,0.2091165
10701343,0.0
10701872,12.950244
10701931,0.62354755
10702087,0.34517565
10702489,35.897476
10702506,3.2808754
10703299,11.775726
10703534,0.2469945
10704883,2.228528
10705086,0.96115714
10705110,13.40327
10705585,3.424895
10706099,34.235733
10706430,1.2089908
10706850,19.519522
10706857,15.045697
10707557,2.6268694
10708420,2.602241
10708561,7.174279
10708584,3.3889065
10708789,0.0
10708999,51.44435
10709205,70.85198
10709249,78.39706
10709570,0.6777133
10709859,55.50483
10710788,1.8952163
10717518,56.267544
10718789,39.039787
10719319,34.25404
10719585,0.10842903
10719995,1.2180257
10720124,0.8381952
10720191,1.0827843
10721301,1.7935473
10721609,0.0
10721909,1.0537654
10721957,3.2752934
10723142,4.7740993
10723230,1.2363935
10723310,42.0017
10723651,1.5813205
10724150,31.983984
10724373,17.807865
10725310,1.3617512
10725410,1.4090436
10725467,21.758728
10725570,1.0531503
10726217,26.362572
10727010,45.173588
10727155,2.2992861
10727559,1.7106
10728067,1.957
10728750,0.062765405
10729016,78.05907
10729421,74.77941
10729750,12.248788
10729911,0.17882125
10730260,8.0579815
10730693,66.02332
10731317,13.287569
10731545,74.390724
10731673,1.6266775
10732265,0.541781
10732441,3.589037
10732564,5.0683312
10732710,15.985148
10732830,0.68994695
10733012,3.0899177
10734081,5.111017
10737301,0.45108318
10741013,2.65889
10741445,1.7168167
10741638,2.3087134
10743361,1.398987
10743445,46.87323
10743488,0.12979686
10743489,0.0
10744110,0.43973374
10744427,0.0
10745696,48.394108
10746029,1.6444092
10746511,5.285368
10746785,0.30939224
10747030,0.33453953
10747093,2.4603984
10747346,0.32608548
10747810,21.558361
10748040,48.99612
10748496,0.56352097
10748793,14.003239
10748860,1.4581205
10749081,12.774194
10749273,0.6819411
10750143,0.72577435
10751336,0.37432575
10751938,1.2347881
10752111,0.18527035
10752798,0.0
10753120,0.47746003
10753199,26.64843
10753967,0.46692744
10754079,5.065433
10754087,76.19975
10754796,0.80307233
10755235,1.9129074
10755415,0.98297566
10755419,1.7800947
10756521,14.371281
10756804,1.9348072
10761649,2.1207552
10761792,3.457102
10765525,33.229187
10765607,45.03507
10766138,1.4352914
10766262,1.0188032
10766309,28.557888
10767935,1.31432
10768289,0.0
10768463,0.48494166
10769127,48.287254
10769208,71.532745
10769917,0.0
10770507,48.622807
10770541,14.787243
10770544,18.493328
10770650,68.71359
10770759,0.0
10770836,0.90029347
10771026,0.31268498
10771052,0.5725522
10771754,26.319756
10771959,3.7686517
10772141,8.299606
10772535,7.217568
10772764,2.084819
10773150,0.9638213
10773475,32.865494
10774201,0.0
10776367,1.731947
10777069,1.7190024
10777581,16.728947
10780568,0.4519351
10780675,0.59228396
10781170,2.9979343
10781583,7.795933
10781865,1.4632936
10782390,38.08287
10782463,1.2594601
10782753,16.65323
10782966,0.708525
10783044,10.931364
10783175,2.5580826
10783448,0.8479615
10783750,0.2406388
10784969,1.9181433
10785643,0.04102605
10785752,1.2286001
10785755,13.871544
10786255,4.6623363
10786393,9.575558
10786987,62.752052
10787042,17.19801
10787056,10.167279
10787314,20.801743
10787316,0.0
10787482,3.4397063
10787823,0.5669039
10787897,1.9774603
10789121,0.24567202
10789163,23.058804
10789551,0.41126266
10789664,0.0
10790087,63.62023
10790425,44.133812
10790817,0.4084287
10791008,38.841026
10791190,2.7821503
10791277,2.182938
10791753,0.8178613
10795948,35.86773
10798454,7.9860516
10798550,5.5197225
10798553,11.6867695
10799408,76.46707
10800831,1.2778916
10801360,3.0339937
10801738,0.1011721
10801937,0.66315305
10802342,0.33820498
10802654,17.324814
10804123,4.580411
10805436,4.137032
10805658,0.3289254
10805767,0.6311746
10807423,14.979438
10807460,0.0
10807685,0.7163372
10807702,0.65498114
10807789,59.74559
10808108,12.905989
10808493,0.6788527
10808999,39.215786
10809205,4.1831326
10809542,15.885657
10809958,0.25384164
10810042,19.563171
10810141,0.7901323
10810728,0.8841578
10810807,0.6638529
10811112,6.220544
10811496,4.9995527
10811581,1.2861053
10811591,0.94393975
10812641,1.9014815
10812960,0.75271755
10813793,0.0
10822131,0.8255826
10823515,2.9241347
10823991,0.7534494
10824027,4.122861
10824378,0.90998834
10824492,0.59281474
10824756,0.5625884
10825308,0.28566858
10826224,76.11874
10826734,0.0
10827051,7.0119786
10827093,1.6147218
10827307,3.6756723
10827567,71.40916
10828985,71.15023
10829384,55.994244
10829701,13.981589
10830580,29.374462
10830815,24.781776
10831241,38.246384
10831913,0.0
10832123,6.2910805
10832131,2.4041848
10832172,0.6496786
10832913,0.7098375
10833173,0.20947967
10834145,27.599022
10834514,12.391019
10835173,0.3885154
10836657,0.5186857
10836760,0.43530473
10836805,32.386387
10836896,2.1610582
10837242,6.171197
10837349,12.161357
10837442,0.18693736
10837508,5.3546424
10837866,78.02017
10838084,43.39162
10838188,3.6308517
10838791,3.2242918
10839036,0.10715305
10842610,22.190565
10843988,65.62566
10846184,0.0
10847986,0.60376513
10849426,0.3550681
10849516,19.006332
10850026,45.427208
10850072,1.4375491
10851299,3.7261705
10851925,2.3071628
10852007,3.4851625
10852152,11.959245
10852790,1.5119945
10853313,71.11885
10853573,1.5858376
10853955,44.024273
10854168,43.218784
10854585,28.866793
10855312,0.84777
10855464,75.48496
10857325,6.830277
10857432,4.3758283
10857723,1.7077726
10858150,18.351507
10858331,10.962349
10858411,0.0
10858582,0.2524
10858699,1.2858629
10858829,51.421467
10859514,0.43711856
10859773,4.2292714
10860176,27.510603
10860601,1.844287
10861130,14.710246
10861663,0.786855
10861883,2.8305583
10863069,0.08825238
10863335,0.36835617
10863853,16.350183
10864062,19.260935
10864782,1.1514153
10864852,12.102559
10865235,1.4001995
10866450,0.053752962
10869804,1.2074622
10870670,0.42174637
10871497,14.962112
10872646,0.17413622
10872842,4.310842
10873150,0.0
10873374,5.340818
10873946,10.874941
10874577,1.9125893
10875244,0.0
10875296,2.8879597
10875500,9.692724
10875536,3.7260513
10875630,0.44930607
10876137,3.6151538
10876317,1.1012928
10877191,70.33544
10877214,0.90050685
10877433,1.7253895
10878243,3.7983506
10879117,1.0467099
10879246,4.055963
10879253,12.888906
10880196,9.252595
10880486,4.5209446
10880846,3.4314857
10881075,0.6205745
10881347,8.198503
10882414,0.2879963
10882692,0.93294656
10883121,17.108297
10883292,0.5588027
10884185,1.457974
10884260,53.320465
10884683,3.1817057
10884990,10.772119
10885414,44.541473
10886453,32.961895
10886532,3.127581
10886689,59.50802
10886778,3.3871627
10887091,0.6201246
10887262,12.209574
10887265,58.933952
10887433,0.08171089
10887444,0.80691826
10887645,27.801048
10887847,79.68062
10888320,65.203224
10888404,0.0
10889543,0.0
10895011,0.17720306
10896274,0.5383914
10896750,1.7085694
10897696,76.81706
10898205,1.1200889
10898458,1.305238
10898767,0.0
10899030,6.326954
10900130,69.27598
10900270,2.2161407
10900511,5.263121
10901062,5.725341
10901255,31.245943
10902014,3.8874483
10902729,12.704724
10903055,19.924288
10903419,19.74471
10906344,14.303497
10906862,39.450695
10907380,0.022239935
10907477,0.0
10908209,52.66356
10908338,1.3161231
10908520,3.3046474
10908616,0.8131868
10908904,2.7625308
10909367,1.2146746
10909389,1.0861533
10909743,22.747608
10909987,78.71967
10910332,1.0040003
10910694,1.1367358
10913636,4.9224477
10914578,0.27025256
10914679,0.0
10915008,0.84983164
10915617,0.43890676
10918507,40.27059
10918885,20.497364
10919060,1.3841966
10919160,50.449272
10920487,0.0
10920758,4.9242783
10921091,1.2725539
10921135,0.49066633
10922736,4.0229144
10923161,50.31934
10924986,0.57248676
10925158,54.314514
10925844,0.2901852
10925899,4.9484434
10926381,7.8857656
10926473,0.43864363
10926625,0.45932752
10926997,2.4866796
10927228,0.5867788
10927972,0.7646238
10928176,2.2881846
10928250,20.054747
10929569,0.0
10930222,1.1330199
10930244,0.0
10931273,2.001528
10932059,2.5155926
10934694,10.111216
10937904,0.49677578
10938202,7.5472937
10938519,60.363434
10938544,26.996939
10938850,11.459203
10939168,77.745026
10939344,20.61986
10940099,0.88080305
10940182,4.5320945
10941326,6.5860157
10941625,6.409328
10941748,0.44283068
10941762,59.423386
10941782,0.6339793
10941982,2.641995
10942806,0.8557176
10942986,0.20208845
10943005,68.16982
10943065,2.6376855
10943114,0.0
10943909,0.07235404
10943915,55.737583
10943951,29.508694
10944323,0.0
10944989,0.0
10945456,0.29977134
10945536,0.2594011
10945632,67.657814
10945985,12.08203
10946644,57.572266
10947377,0.17191142
10947965,10.252809
10948538,10.202858
10948619,0.9212495
10948774,0.00015476579
10949026,0.526903
10951019,56.6393
10953231,0.0
10955799,0.75479865
10956433,41.45449
10957003,0.6228596
10957579,0.091856465
10958169,26.480722
10958463,57.816864
10958668,0.0
10959341,0.19487709
10959754,0.054932885
10961231,60.15888
10962164,6.6507797
10962323,0.78199506
10962507,0.9016321
10962710,1.4168676
10963122,44.543518
10963433,75.06227
10965252,0.77842474
10965574,3.8045375
10965810,0.52252865
10966022,2.6475415
10966240,0.0
10966471,0.0
10967026,56.640144
10967404,14.346921
10967698,1.2148334
10967760,0.50526243
10968498,4.889338
10968828,0.7438569
10968894,28.966782
10968972,2.7431726
10968982,9.900787
10969203,20.869116
10969492,0.40439138
10969864,11.172209
10970314,55.3548
10970381,27.411482
10970872,7.6420903
10971200,15.510991
10971444,1.2342559
10971590,4.341951
10971781,0.4699776
10974609,0.5798747
10975762,0.0
10978055,0.45458668
10978135,52.123222
10980266,0.84382635
10980554,1.1269683
10981677,14.513248
10982173,3.6449137
10982449,2.1022027
10982490,0.2905034
10983426,65.1709
10983433,38.009495
10983794,4.807297
10984202,0.36862746
10984340,10.179576
10985093,18.825123
10985169,1.2138515
10986007,0.6579902
10986246,2.8963296
10987024,77.08725
10987342,16.85528
10987461,3.9006953
10988431,3.7898135
10988682,66.46042
10988898,11.001938
10989359,4.542713
10989958,54.508244
10990088,0.34514707
10990123,5.0934668
10992628,80.15597
10994503,61.073124
10994530,22.964233
10995025,0.0
10995810,0.14011389
10995951,3.828322
10996034,1.8626292
10996215,0.0
10996416,13.983838
10996424,4.833602
10996466,2.7952762
10996543,0.2616654
10996946,6.7466516
10996977,11.010531
10997172,4.6816034
10997236,31.759396
10997410,2.1364224
10997789,45.92666
10998154,0.29600495
10999819,9.630139
11006092,1.2412635
11006093,6.150728
11006134,0.6397642
11006779,72.09181
11007370,2.1849487
11007719,8.565921
11007827,2.0433292
11008081,0.29740065
11008371,0.37927887
11008530,37.474754
11008877,2.7965357
11009445,0.064976364
11009529,75.79903
11009761,9.624079
11010008,72.21266
11010920,0.37323812
11010923,0.006873182
11012185,2.361789
11013121,0.0
11013385,8.198227
11014002,9.166715
11014386,1.13944
11015270,5.8615203
11015920,0.830323
11016267,0.9092432
11016289,0.54240507
11016751,2.4764814
11017918,44.504414
11018410,0.0
11018744,67.51496
11019597,9.4799
11019971,4.204613
11020405,0.0
11020862,66.15348
11021048,0.0
11021108,33.045002
11021148,11.517116
11021160,22.730247
11021221,50.985363
11021376,14.159877
11021593,22.490355
11021889,0.76452744
11022274,39.068653
11022523,12.550195
11022864,30.55114
11022939,0.0
11030761,22.000631
11030995,1.8835028
11031876,0.16492094
11032098,0.0
11032472,52.90322
11032561,0.5280154
11032614,9.068734
11032615,0.8327882
11033331,0.012383168
11033476,0.99665314
11035490,9.453005
11035722,3.2853572
11036133,41.927586
11037105,0.28775838
11037414,2.7059314
11037425,73.41669
11037514,1.4339298
11037962,0.0
11038817,4.038104
11039124,0.0
11039158,8.641355
11039221,9.045321
11039478,8.397532
11039689,1.5042602
11040114,0.80963933
11040513,0.5169727
11041690,23.904593
11043453,5.511434
11043651,0.45306706
11043804,2.094607
11044169,0.0
11044229,0.13960108
11044326,19.649704
11044369,2.874105
11044383,1.6690812
11044397,7.4470944
11044578,19.16247
11045609,21.439188
11045683,9.989543
11045981,0.0
11046564,5.3238974
11046590,11.263943
11046598,69.63463
11046693,31.956932
11046801,24.272999
11046858,18.506811
11046927,17.473085
11046995,0.0
11047173,51.92175
11047193,1.9431716
11047353,3.643154
11048669,67.73086
11053833,5.6075053
11056821,1.0086867
11057141,1.452888
11057184,8.853912
11057942,6.4688096
11058643,3.7190614
11058935,5.8145914
11059197,0.0
11059952,70.5282
11060328,53.26569
11060380,1.2958156
11060513,1.0128659
11061063,3.481459
11061197,3.226553
11061511,28.92737
11062031,2.2146492
11062629,0.039915636
11062697,2.7438056
11062704,2.233893
11063065,0.0
11063451,2.3081477
11063535,0.9153266
11063671,2.3050315
11064012,22.04526
11064671,16.987623
11064777,0.6520404
11065571,1.016727
11065633,1.0664794
11065965,11.474501
11067629,1.3529226
11068187,3.534159
11068630,2.3501658
11069031,9.51974
11069102,24.897123
11069164,1.3206272
11069291,0.0
11069663,0.88206524
11070137,66.39038
11070633,0.0
11070795,7.4002776
11071503,1.2039019
11072683,6.827963
11077282,37.333702
11078285,0.47964385
11078388,0.56971747
11078640,0.6814513
11078859,0.56650656
11079022,41.019173
11079478,1.0791692
11079731,50.024437
11081261,9.76133
11081447,5.8471756
11081671,1.4710059
11082443,19.92924
11082830,1.2879819
11083755,38.48418
11084143,60.16806
11084436,59.699627
11084965,3.143977
11084990,2.032509
11085012,14.044112
11085352,0.06422184
11085397,0.6890025
11086379,0.0
11086720,77.34193
11086972,11.404637
11088381,14.038626
11089123,20.245523
11089290,2.499506
11089397,29.546705
11091488,3.573685
11091565,1.3791603
11091711,0.0
11095719,57.725628
11095796,12.935713
11096034,5.730939
11096605,29.081835
11098152,3.4521363
11098335,13.778675
11098551,12.757641
11098587,19.768372
11098829,13.184568
11099089,10.641069
11099853,3.6061742
11100352,3.773623
11100490,70.9957
11100541,56.347874
11100996,0.82539594
11101525,2.9337103
11101926,55.933647
11102164,1.238792
11102712,2.3683736
11102976,0.298323
11105182,0.29673532
11105331,1.3234848
11105457,46.42457
11105533,11.04122
11105968,2.2301655
11106206,9.36152
11111303,76.189766
11113333,2.7537017
11113554,3.236347
11115324,1.5087206
11115426,16.790106
11116289,0.6159281
11117800,0.0
11117896,8.378606
11118404,4.513193
11118437,21.941341
11118670,0.0
11120851,20.533873
11121029,66.391304
11122003,68.72795
11122042,51.751194
11122822,9.604743
11123276,5.5186048
11123735,36.273922
11124058,0.67200404
11124422,0.34963423
11124613,25.942749
11124655,52.905876
11124862,2.8085911
11124954,2.0993202
11125166,76.0962
11125209,73.8195
11125724,1.0868255
11125894,1.0335052
11126103,1.3458617
11126226,0.12930812
11126621,6.6271286
11126759,29.338398
11126767,0.6111249
11126883,6.033437
11129145,0.98434746
11131304,26.272665
11132775,1.493855
11134972,1.2225307
11135512,5.4994564
11136050,1.1104646
11136924,0.0
11136996,1.7997395
11137712,0.75356066
11137758,46.22912
11137966,1.3966705
11137993,0.1719116
11138618,0.5833798
11138823,64.342545
11138901,0.3115037
11138910,5.416823
11139180,0.72316307
11139968,24.04104
11140165,29.079859
11140302,77.3264
11141939,10.837396
11142154,6.011117
11143122,11.005071
11143222,0.52970535
11143462,63.41099
11143545,0.42075324
11143891,4.705686
11144011,0.304966
11144409,0.4818666
11144496,0.19303302
11144544,20.453053
11144715,55.335255
11144797,10.029223
11145222,6.234416
11145523,0.90400684
11145689,0.15139812
11145913,17.557629
11146017,16.002975
11146432,80.17248
11146488,0.9035295
11146502,0.88423944
11147172,2.3836591
11147693,0.22610343
11147823,0.0
11147918,6.549437
11148320,1.8512356
11148342,11.804643
11148433,3.5157845
11148990,12.518145
11149221,29.264397
11151100,9.544064
11151103,9.327422
11153891,1.1365784
11153996,0.87832016
11155963,8.435355
11156427,14.92346
11158544,1.8470978
11159093,16.2637
11159400,1.0261345
11159720,1.214508
11159859,2.999314
11160167,22.348757
11160700,2.147387
11160734,4.660928
11161067,29.072826
11161207,1.3054521
11161660,75.79663
11161908,8.382358
11162192,1.3721664
11162475,15.589539
11162591,2.9245534
11162906,0.12353706
11162977,15.861306
11163043,0.67957324
11163136,0.9231556
11163491,22.161972
11164047,19.26517
11164714,59.21939
11164743,2.0199437
11164967,8.209268
11165063,0.0
11165126,63.20449
11165328,18.280163
11166113,58.457382
11167085,1.6025902
11167183,0.45607898
11167381,44.54063
11167618,18.90004
11168007,1.4336543
11168411,0.15866372
11168514,0.0
11168825,35.98218
11169660,9.647877
11169926,0.56961656
11170165,35.429024
11170320,1.4291911
11170672,5.1417937
11175261,23.957577
11175685,63.488567
11176944,0.0
11177192,0.33361495
11177205,0.7016843
11177756,8.062519
11177837,64.78584
11178582,14.445859
11179088,0.49027973
11179160,0.6068798
11179453,1.682882
11180110,4.0728664
11180903,16.53526
11181379,0.0
11181405,66.35479
11181948,1.7423099
11182179,1.8736349
11182302,28.686508
11182804,39.02678
11182862,1.6211287
11182867,58.868916
11183391,30.447926
11183669,1.2090448
11183868,30.197477
11183878,22.493763
11183989,0.15524496
11184440,0.5157557
11185068,3.6324506
11185197,1.6672536
11185707,0.2659443
11185729,32.568165
11185849,1.4882065
11185993,2.9606247
11187424,66.3713
11187722,25.3524
11189017,1.9308504
11190071,1.3738602
11190248,71.2736
11190303,0.8189198
11190306,0.19842021
11190497,25.648909
11190511,16.73728
11190515,0.545303
11190519,18.83847
11190604,1.6311792
11190698,62.375362
11190701,0.1673548
11190831,53.18978
11191242,61.265232
11191459,1.3803328
11191474,3.424703
11191763,0.94519526
11191899,0.72142494
11191992,0.0
11192139,1.5969985
11192178,3.3087647
11192257,27.429691
11192516,3.0963626
11192586,0.0
11194693,80.253914
11199636,0.9231169
11200375,10.735406
11201486,0.0
11201676,72.05031
11201707,1.149319
11202061,0.0
11202399,0.0
11202569,39.996906
11202649,38.95194
11202870,33.35577
11203313,0.3762986
11204732,2.174915
11205241,1.2879341
11205265,6.577317
11205447,7.491869
11205980,0.1538968
11206340,9.9340315
11206364,2.1079745
11206528,3.3214164
11206920,5.679157
11207036,23.196695
11207101,14.897585
11207181,0.2867491
11207238,0.0
11207722,0.43700072
11208218,3.846632
11208635,0.06894252
11208720,0.0
11209647,6.696559
11209798,61.257072
11210604,14.298183
11210913,0.94094944
11211310,0.0
11211589,11.174692
11211612,0.020842122
11211665,0.84509444
11211669,0.34039444
11211865,13.550141
11211985,1.375623
11212177,24.79123
11212449,54.311775
11213730,0.0
11214883,9.639673
11215771,3.894767
11216394,0.0
11216492,1.7310189
11216918,2.4293592
11217893,0.05111926
11218116,0.1027231
11218246,1.1940154
11219929,20.829626
11220997,0.33656284
11221125,35.972507
11221362,0.18660827
11221482,1.6236565
11221821,27.179728
11221835,18.70796
11222408,11.786651
11222927,0.06667915
11222933,38.41055
11223389,50.284092
11223800,2.6210706
11223995,6.0779166
11224460,0.0
11224970,1.8281649
11225219,4.5171285
11225591,9.359004
11225819,1.4131736
11225849,0.0
11226397,13.125817
11226985,0.11770808
11227489,32.84652
11227558,74.158905
11227612,1.1227813
11227620,0.0
11228416,1.791523
11228502,1.8582718
11228512,0.9771231
11228726,1.1744192
11229663,6.396873
11234656,4.8963575
11235102,0.034443576
11235370,4.6699734
11235824,71.161835
11236956,0.0
11237554,0.0
11237750,0.2598145
11238039,0.3013872
11238591,1.7388667
11238744,24.512812
11238936,1.1521323
11239248,41.71389
11239295,0.4962963
11239332,3.8090284
11239716,5.8416
11240074,0.6082684
11240470,0.49232513
11240749,1.3535657
11240758,0.0
11241043,0.77873594
11241381,0.4455562
11241637,1.6993579
11241794,15.754102
11242039,4.192454
11242292,0.0
11242310,0.7444777
11242469,1.6236874
11242777,60.603943
11243434,83.19574
11243444,75.89044
11243621,6.018634
11244622,45.197384
11244946,0.0
11249069,0.25140566
11250755,6.239893
11251296,76.37505
11251308,56.339977
11251511,2.6764724
11252576,0.34694195
11253076,6.301326
11253351,0.044211086
11253929,77.982506
11254338,0.0
11254551,0.6456579
11254989,14.619387
11255088,0.0
11255157,79.3451
11255694,38.297935
11256539,1.5323421
11257441,6.291966
11257497,1.3747766
11258093,0.018467922
11258391,14.263751
11258564,14.260125
11258581,7.225356
11259306,11.624112
11259376,2.6489272
11259488,1.8553504
11259989,0.0
11260360,0.34008676
11260417,2.5201414
11260657,0.0
11261409,2.2640836
11261571,0.16727234
11261600,11.878713
11261753,0.34274232
11261870,28.759192
11262072,0.061792266
11267601,3.316389
11270724,7.78577
11270782,0.7126223
11271818,2.478568
11272475,3.71967
11274554,1.747524
11274685,4.8109336
11274790,0.83791476
11275850,1.3719202
11275898,10.976967
11276353,44.381382
11276602,71.557625
11276876,0.6141166
11276915,2.0148315
11277343,0.23495606
11277765,3.6638422
11277955,1.4716145
11278290,0.32331076
11278868,4.3675323
11278993,73.651924
11279405,0.0
11279652,0.0
11279820,0.8796714
11279847,18.40476
11280089,71.74244
11280391,28.775524
11280429,0.37516198
11280492,0.2962658
11280583,37.916847
11280866,43.869938
11281365,78.30049
11281393,63.462616
11281913,0.0
11282325,39.541225
11283088,1.820119
11283535,0.7861723
11284186,3.8736923
11284626,0.8519003
11291158,0.26576594
11291559,20.487532
11292217,0.0
11292338,69.12043
11292496,0.3256495
11292970,0.0
11293006,13.364313
11293662,0.0
11293767,0.700185
11293937,35.68362
11294494,0.35429174
11294538,2.3542914
11294902,0.0
11295457,0.0
11295630,0.46432784
11296409,37.014057
11296590,7.919486
11297941,14.404988
11298162,69.46291
11298300,2.444223
11298511,0.5218287
11298615,0.35258433
11298718,0.6066302
11298867,0.0
11298955,5.8464518
11299099,2.4947124
11299717,0.39993417
11299824,73.331055
11300198,1.9112298
11300414,2.4356983
11301286,1.5648988
11301359,0.96711564
11302298,0.0
11302389,0.12818016
11302521,1.6641818
11302886,33.128567
11302971,0.21244597
11303015,0.9070469
11303236,0.10328127
11303306,3.3865743
11303478,0.17070505
11303624,24.11652
11303818,0.22277454
11303934,76.692795
11304069,16.385344
11304325,3.4046216
11304805,8.8171015
11305815,33.412064
11306483,0.63715434
11314451,36.774845
11314756,5.5648756
11315042,0.20013267
11315425,0.5138459
11315578,41.40531
11315644,61.51439
11315999,74.97208
11316411,4.8107634
11316674,2.7370946
11317742,14.143178
11317816,0.59309137
11319105,71.928856
11319762,25.705572
11319858,0.50234157
11320246,23.101711
11320849,55.9902
11321005,0.8194212
11321410,3.5990052
11321484,0.4185844
11322077,8.71179
11322263,0.4836382
11322323,2.1484318
11322391,1.9762874
11322591,11.895522
11323007,0.086379796
11323397,72.0474
11323433,57.727024
11323444,58.355145
11323476,0.28165182
11323526,53.549183
11323529,62.64428
11323545,0.6092736
11323583,46.019447
11323609,66.02707
11323801,23.67641
11323922,0.8594669
11324173,73.55703
11324200,4.1742234
11325050,30.200384
11325485,1.5024753
11325499,0.0
11325635,72.42676
11325656,2.690794
11325695,3.1880038
11325775,7.2878885
11325941,3.3524437
11326009,14.110675
11326272,18.990149
11326908,0.7810866
11328979,5.984886
11333478,5.598282
11334476,48.272644
11335160,5.8337765
11335302,2.2270532
11335747,49.763332
11335931,25.333563
11338624,0.0
11338807,14.1175
11338848,0.75629836
11339046,3.7590153
11339377,3.7808769
11339876,2.7332258
11340424,1.076525
11340542,0.0
11340781,26.31225
11340871,0.017248869
11340884,14.792516
11341650,0.0
11341723,0.8276148
11342027,0.0
11342626,0.2961129
11343196,48.243492
11343331,18.202087
11343728,6.579481
11343779,0.68560934
11344102,22.367983
11344203,0.1150261
11344745,0.0
11344750,70.014336
11344902,5.9730525
11345083,0.0
11345116,2.839795
11345723,0.6027117
11346699,0.0
11347963,0.0
11351798,4.560224
11352165,1.8022784
11352494,45.46091
11353310,0.0
11353885,0.88133615
11354002,2.063521
11354781,1.5058558
11355823,24.151445
11355871,0.1946689
11356941,36.134167
11357052,1.372401
11357182,6.82603
11357237,25.693039
11357269,65.11757
11357606,0.0
11357735,0.0
11357801,56.832752
11359026,3.0225616
11359610,5.9307847
11359701,1.8281617
11360407,19.304913
11360854,5.928778
11361106,68.475746
11361320,1.3267996
11361471,22.195446
11361502,0.9337768
11361791,3.4422908
11362029,0.032882236
11362387,54.50096
11362414,3.7566395
11362506,0.6826016
11362675,0.014253931
11363037,27.726406
11363459,14.112137
11363537,0.0
11367687,0.09652842
11368277,1.5402654
11369211,7.440867
11369889,6.184027
11370129,21.455181
11370914,2.191118
11371510,0.24698955
11371773,3.1845207
11371974,0.11241953
11372088,1.4439068
11372929,0.33484456
11373637,1.0334544
11373899,1.8240356
11374189,3.0357015
11374317,33.508183
11374387,9.284284
11374404,4.5811887
11374453,8.911576
11374542,1.6805916
11375128,1.2459767
11375235,0.34486508
11375733,0.0
11375875,1.6478703
11375909,0.22259001
11376516,63.908546
11376684,74.36682
11376730,15.443297
11377233,29.104158
11377308,0.8874549
11377582,50.12575
11377665,27.949348
11377777,5.153548
11377966,0.045619953
11378048,6.73568
11378146,10.258765
11378821,8.042888
11378856,0.0
11379331,2.7764363
11379978,0.6292155
11380176,6.3485675
11381288,8.685485
11387191,72.73903
11387473,0.38080665
11387731,2.9997127
11387925,0.67784524
11389328,0.0
11390263,0.6760832
11390265,0.0
11390786,7.028618
11391101,15.30378
11391284,22.899424
11391457,17.566666
11391476,0.0
11391541,0.0
11391713,0.9852073
11391811,1.0526118
11391863,12.171713
11391896,0.0
11393199,58.673874
11393822,0.0
11394189,49.958134
11394389,32.831764
11394722,0.1953669
11394906,3.3727398
11395511,37.52386
11395752,1.3240322
11396083,37.847393
11396198,15.738214
11396906,30.3863
11396922,1.5806115
11396943,1.5175632
11396957,4.9240685
11397010,0.45635277
11397187,46.820103
11398266,0.0
11398939,0.0
11399642,4.012236
11400001,40.754044
11400460,33.546368
11405149,4.0928507
11406174,1.7521272
11406761,4.140219
11406814,0.14325207
11407817,0.14919975
11407839,54.844425
11408491,0.0
11409352,7.4139624
11410116,77.56451
11410580,0.4880189
11411111,0.7671339
11411552,0.38506848
11411760,16.681364
11411839,13.477873
11412104,24.90146
11412169,1.7419388
11413034,24.635826
11413562,1.7279084
11413728,0.26178092
11414531,74.72273
11415685,0.70756066
11415772,29.123055
11416121,0.0
11416321,6.3100467
11416953,22.623928
11417214,0.0
11417447,24.104116
11417923,28.82095
11417985,4.61349
11418784,0.9888156
11418938,68.71715
11419133,1.2647644
11419305,6.8080745
11419407,30.263376
11419481,0.0
11419565,1.2001398
11419801,3.2984421
11420657,1.3620933
11420814,11.442224
11420840,39.021244
11421292,79.30398
11421345,39.2636
11421477,33.992218
11421502,20.251432
11421608,46.295914
11421679,0.0
11421969,34.677677
11421994,69.95274
11422056,73.54136
11422256,1.7163012
11422359,12.305671
11422779,15.38475
11422825,1.2983396
11423050,4.971822
11423260,0.0
11423400,0.4448376
11426779,3.5861607
11427854,2.4323812
11428129,0.6332131
11430572,59.550114
11431669,1.0890691
11432120,53.759544
11432431,3.941184
11433851,0.75442845
11433954,0.0
11434047,2.8137834
11434565,1.120987
11434934,26.015186
11434982,9.446948
11435373,66.70809
11435419,1.6068677
11435529,1.9152867
11435841,73.29255
11436132,47.626904
11436982,3.3233626
11437323,23.787762
11438045,5.698695
11438561,26.55843
11438999,0.30092028
11439208,5.55753
11440004,1.3750495
11440243,0.08196298
11440548,6.891612
11440798,21.222965
11441130,0.0
11441138,49.078907
11441293,27.236801
11441498,1.6246954
11442376,1.1456498
11442670,4.700225
11442701,0.0
11443028,0.0
11443205,7.6570683
11443421,21.054363
11443837,0.5719466
11444224,10.518908
11446915,15.222751
11447448,32.660675
11447550,41.007084
11447572,22.61976
11448534,0.36139172
11449801,0.0
11450241,0.84784544
11450458,8.631431
11450791,0.0
11451597,50.025116
11452958,0.4460412
11453557,0.055146992
11453815,0.741557
11455062,6.475984
11455267,0.018785544
11455351,0.30891445
11455873,28.777441
11456014,2.3532102
11456047,0.0
11456088,0.0
11456179,0.0
11456753,2.2185156
11457332,28.460344
11457547,49.377472
11457577,1.8537408
11457693,0.120400846
11457714,0.0
11458219,23.070559
11458475,3.127104
11458516,6.0805497
11459084,17.261599
11459099,0.0
11459958,59.33197
11460617,9.916793
11460773,35.32506
11460933,5.2625456
11461331,10.719705
11461509,2.8216305
11461813,28.910116
11461918,0.0
11461980,4.883021
11462136,69.654495
11462148,0.0
11462241,0.54665387
11462440,0.5573287
11462446,25.986053
11462720,76.421425
11462828,0.0
11462836,2.3200455
11463363,4.573585
11464188,0.7459396
11470197,0.0
11470210,63.68664
11470530,29.161312
11471104,5.46337
11471120,29.861977
11471575,1.1855843
11472013,1.3360211
11472060,0.27642575
11472593,4.4045215
11473571,9.232228
11474206,0.0
11474440,0.42090815
11474496,0.39752138
11474664,72.87056
11474958,35.77901
11475174,0.0
11475664,0.83765405
11475777,2.81886
11475963,77.736626
11476271,3.668446
11476912,3.275368
11476971,0.11087986
11477187,21.504547
11477203,72.90416
11477302,4.442352
11478453,2.5057235
11479296,4.46489
11479550,2.9858277
11480726,6.263786
11480835,0.0
11481357,1.3711523
11481544,6.433275
11481548,20.31068
11481656,33.598278
11481723,2.1442015
11481822,1.3557458
11483117,6.1043015
11483376,44.35365
11486357,3.1494343
11487102,1.1793128
11488475,22.350979
11489613,14.539612
11490330,0.6111867
11491051,0.0
11491092,0.11433689
11492508,11.297703
11494114,34.97801
11494226,1.1499352
11494510,0.0
11495048,3.3981547
11495797,12.337696
11496387,0.0
11496584,20.961079
11496607,61.155838
11496968,57.442192
11497341,45.22
11497449,18.6515
11497469,0.5638993
11497474,8.416835
11497677,0.0
11497760,0.92086077
11497795,4.8638253
11497826,15.033053
11497855,2.3232918
11497883,0.0
11497938,26.836153
11497996,0.0
11498017,8.831516
11499224,0.41665933
11499514,0.0
11502010,17.094774
11505351,0.0
11506248,7.053788
11506960,0.06492266
11507286,2.1578155
11507817,52.726456
11507900,1.4559013
11508105,11.85767
11508499,22.984726
11508642,72.99558
11509497,3.7742343
11510417,23.610464
11510483,43.13422
11510524,3.2052546
11510624,0.86974853
11511154,3.524308
11511197,5.9244857
11511431,38.91721
11511507,9.111555
11511592,5.4430895
11511603,50.981293
11511643,10.450423
11512267,0.0
11512366,10.228328
11512404,1.8965952
11512622,5.3787317
11513249,3.2834237
11514229,8.3633
11514943,3.4399061
11517530,6.7332854
11518206,10.005908
11518834,62.700745
11519438,11.06985
11521111,0.4841399
11521447,71.46608
11524437,9.949383
11524783,4.6087394
11525495,1.9314544
11525851,2.9950762
11525940,0.3671595
11526771,0.24413711
11526816,0.42115209
11527477,0.18463306
11529467,2.3290749
11529598,46.126926
11529701,35.82024
11529770,6.416717
11529778,76.25717
11530592,2.6171865
11530668,9.4562845
11530851,77.83177
11531130,0.3375797
11531134,14.260104
11531322,10.844095
11531338,0.0
11531356,0.800211
11531434,1.0431119
11531570,1.5205135
11531708,0.07342484
11532045,13.522236
11532391,0.7500192
11532526,4.4646297
11532531,20.57855
11533402,0.0
11533501,61.698467
11533760,6.2443933
11534035,52.63086
11534543,6.6560826
11535351,68.91625
11540867,23.671598
11543031,1.5278203
11543818,0.0
11544234,0.72651887
11544408,30.232672
11544438,54.123917
11544737,0.14928856
11545979,23.430933
11546021,34.91013
11546119,6.283731
11546336,0.0
11546520,1.0454364
11547352,0.046702534
11547379,32.030094
11547400,12.820246
11547596,0.24776411
11547640,55.06312
11547967,45.54806
11548043,0.0
11548429,17.306135
11548744,6.132618
11549061,1.6158234
11549213,0.0
11550670,21.59099
11550967,2.973542
11551271,3.260915
11552402,73.142784
11552627,2.1871378
11552651,21.442135
11552717,3.2218974
11552808,36.34571
11552907,8.1971655
11553357,12.7923
11553359,0.0
11553403,20.754429
11553451,0.82227045
11553484,57.337322
11553543,26.211035
11553749,5.086637
11553908,0.17431043
11554076,0.99083424
11554091,28.447298
11554113,28.626957
11554172,0.0
11554224,1.4414494
11554428,1.8727087
11554894,39.996006
11554990,0.53592676
11555360,15.742096
11555593,22.46516
11555646,0.0
11556043,0.29047373
11556421,0.0
11559698,7.952148
11561228,6.6239486
11561251,54.931458
11562827,0.0
11563472,19.314661
11563484,0.0
11563582,0.55123264
11564228,0.7922212
11564448,0.21516031
11564742,38.432888
11564960,0.037714556
11565062,0.16441384
11565272,16.863852
11565394,4.1264515
11565841,14.255858
11565921,16.08291
11566457,0.0
11566577,33.067436
11566601,0.08800116
11567620,2.5813093
11567648,0.17220463
11567964,2.3728461
11567978,75.962845
11568026,4.473982
11568039,0.0
11568343,5.861075
11568637,72.28164
11568937,0.03386423
11568987,76.91871
11569226,66.97237
11569354,3.5895529
11569560,3.6610985
11569882,1.4548506
11570121,1.1128753
11570148,0.16703926
11570191,1.4523492
11570685,61.507263
11571119,60.810444
11571180,0.42549703
11571416,44.961334
11571525,19.248785
11571619,0.0
11571841,60.90364
11572181,76.40724
11572529,72.94555
11572967,44.865845
11573090,2.0371706
11573143,0.014974216
11573155,10.158627
11573249,0.39411044
11573269,4.7420483
11573316,1.2637181
11573695,0.36336872
11573939,16.299839
11574057,1.4437451
11574461,55.854378
11574674,69.72194
11574679,0.0
11574785,47.88137
11574884,35.387836
11575767,30.386934
11580884,0.0
11581423,3.9587402
11581475,0.0
11582733,24.566877
11582842,8.500956
11583591,61.396942
11583798,11.411773
11584182,8.360593
11584344,24.90584
11584535,39.094074
11584823,0.56286544
11585072,0.26941732
11585163,16.858528
11585636,36.161423
11585740,6.0706935
11585873,0.0
11586599,0.27854398
11587722,34.189518
11587779,6.358906
11587800,0.4542076
11588003,0.4943198
11588098,1.740838
11588250,75.757835
11588364,0.0
11588746,2.0182705
11589448,8.875779
11589713,0.0
11589772,8.118067
11589822,5.5715184
11590013,1.9244153
11590585,6.2773733
11590855,0.60004723
11591118,5.321684
11591141,0.0
11591276,0.37664834
11591283,25.462835
11591497,0.8162056
11591546,72.75047
11591700,35.110107
11591798,77.58181
11591840,76.23003
11591921,22.179235
11591983,0.0
11592367,11.649138
11592831,59.542168
11592893,0.0
11593012,46.994526
11593187,57.487427
11593290,0.19676189
11593514,0.0
11593690,22.726759
11593727,61.573986
11594063,5.6120477
11595466,11.6158905
11597942,1.6710819
11598370,0.0
11598905,0.0
11600477,0.61141306
11601086,0.3923211
11601567,1.8169941
11601634,28.709904
11601695,3.4442692
11602485,0.063651524
11602574,9.629436
11603201,1.4237145
11603328,0.0
11603588,67.77511
11603613,1.2817789
11603642,1.9487422
11603903,16.9327
11605696,32.844803
11605983,12.900723
11606320,0.37170288
11606898,16.564955
11607591,11.047755
11607729,66.68981
11607764,0.47870645
11608343,31.678596
11608528,0.08561071
11608984,0.3814019
11610197,1.7403226
11610260,11.996776
11610570,0.9114119
11610853,2.4426904
11611063,0.8872711
11611213,63.180706
11611273,0.0
11611809,1.8345526
11611999,38.69696
11616521,0.52290726
11616592,65.645584
11617720,0.0977914
11617815,39.821896
11617817,0.0
11618854,47.86441
11619028,0.0
11619103,30.322275
11619278,32.007477
11619483,0.9162769
11619832,47.964752
11620137,16.308289
11620335,2.0951984
11620541,5.202343
11620688,19.95776
11620706,11.902955
11620931,0.45437247
11621452,78.849
11622588,1.0658343
11622703,31.251358
11623281,16.627592
11623480,0.42184365
11624287,50.626095
11624657,9.838601
11624694,79.544426
11624922,0.6689643
11625244,71.02863
11625274,19.477411
11625684,71.28834
11625822,2.285303
11625980,5.540586
11626139,42.32417
11626620,0.0
11626697,2.8679528
11627479,9.555648
11630834,0.47322872
11631639,1.5121921
11632742,0.0
11633183,4.0846863
11633413,7.2362666
11633999,16.620447
11634140,61.84796
11634797,5.9651423
11635265,0.06086244
11635505,16.861778
11635760,7.6304684
11635764,0.8398112
11635791,10.542049
11636784,44.592487
11637131,0.0
11637245,0.0
11637669,56.949104
11637733,7.1698537
11638070,5.095513
11638187,0.0
11638339,0.0
11638534,1.541006
11638577,76.410164
11638693,6.9579935
11638727,3.1665528
11639109,0.918384
11639708,1.0676899
11639754,0.2588928
11639940,1.418459
11640318,0.0
11640637,9.128409
11640682,0.61132944
11640800,4.264084
11640894,1.3369708
11640978,0.0
11641041,82.037575
11641222,0.0
11641258,13.657223
11641273,0.0
11641793,2.6622505
11642165,0.5193154
11642198,57.505573
11642973,0.038062733
11643472,29.881983
11643809,5.0182314
11646243,46.476517
11646875,17.148907
11647383,4.624314
11647490,2.4266424
11647618,66.40919
11647648,62.723976
11647692,73.34011
11647799,0.85493886
11648163,67.74957
11648365,0.2753189
11649096,34.545296
11649217,1.3475423
11649561,5.9376345
11649885,2.416105
11649961,3.574234
11650429,28.582912
11650504,0.76150435
11650735,1.6668073
11651142,22.507437
11651505,72.0562
11651528,0.9935856
11651929,3.7207885
11652232,58.917686
11652262,7.481859
11652282,0.0
11652590,5.098368
11652843,0.5299939
11654370,2.2490125
11654372,0.0
11654477,0.0
11655500,26.550018
11656227,0.0
11656367,2.0457044
11656393,12.917039
11656567,0.0
11656721,0.0
11657101,27.360888
11657418,14.851909
11657426,0.0
11657520,24.333149
11657552,3.954388
11658232,4.636735
11658358,4.348929
11658372,0.7004372
11658539,0.52776057
11658608,3.5674458
11658674,47.897533
11658678,0.0
11658855,0.25000635
11658885,53.944073
11658950,3.6941087
11659175,69.8508
11659180,46.005478
11659218,0.27440077
11659296,26.199053
11659603,8.881225
11659676,46.06051
11659792,5.762096
11660835,3.3117845
11661839,0.031806953
11665165,8.025216
11667127,8.591002
11667455,1.4552597
11667910,49.764416
11669704,49.24973
11669852,30.371357
11669908,45.265068
11670701,45.414825
11672849,19.332457
11672888,13.110462
11673320,24.603477
11673451,1.5717204
11673544,0.7955284
11673719,67.51303
11674081,23.043827
11674858,6.0817213
11675156,0.60403293
11675341,19.441183
11675540,0.54287094
11675634,10.849304
11675715,54.26036
11675817,8.663067
11676726,0.0
11676920,44.64705
11676953,10.860197
11676973,64.37989
11677431,6.4529095
11677489,26.518507
11677499,8.459941
11678073,0.0
11678148,4.26204
11678410,33.517143
11678620,0.0
11679032,77.78867
11679128,44.740402
11679758,0.0
11681311,15.209077
11685868,35.402435
11687348,68.93112
11687703,7.321709
11688507,0.0
11688806,6.7703724
11689494,51.536343
11689603,26.55113
11689818,6.327886
11690405,1.1109282
11690836,0.40482086
11691154,17.218796
11691166,17.081326
11691284,5.675426
11691402,37.31246
11691825,32.85533
11692436,7.3943195
11693165,0.0552965
11693343,40.606003
11694274,16.666399
11694707,1.9312233
11695028,1.3595458
11695674,11.99736
11696214,1.3563614
11696852,0.0
11697031,56.402187
11697284,0.0
11697324,0.99081707
11698028,61.373127
11698323,2.5748606
11698352,3.5941086
11699131,0.0
11699192,64.84888
11699256,53.9551
11699367,21.149897
11699462,0.0
11700121,2.0051017
11700127,64.64104
11701304,55.923317
11701408,11.317822
11702691,50.08715
11707576,36.579304
11708045,0.0
11709747,48.556423
11710235,1.3373344
11710348,43.65534
11710582,14.355813
11711294,77.538345
11711636,0.5179144
11711957,75.055305
11712250,0.0
11712318,88.87825
11712388,0.0
11712550,45.389454
11712801,0.2888712
11712888,0.0
11712912,0.0
11713533,0.26018283
11713627,77.43654
11713659,0.29784742
11713848,41.653896
11714140,0.0
11714323,39.71851
11714524,43.252075
11714956,7.3601356
11715723,0.0
11716677,19.784357
11716947,9.248594
11718329,0.0
11718547,55.598106
11719769,1.7230519
11719771,1.2524254
11719939,5.8984814
11720348,0.056541495
11720909,71.29667
11721748,0.8433498
11721959,2.9275663
11722329,0.4971721
11723385,6.7386928
11724036,11.359144
11724873,66.574066
11729955,1.2684976
11730187,80.91006
11730569,0.23334263
11731412,3.6843772
11731896,2.4681385
11732377,0.16675432
11732851,32.54599
11733119,0.90637773
11733156,0.0
11733179,0.061502207
11733555,1.1426325
11733721,23.229391
11733833,4.86379
11733844,3.9079165
11736177,0.0
11737524,73.25621
11739399,12.272978
11740742,38.62628
11740802,74.76349
11741711,12.674478
11742244,0.0
11742329,4.813419
11742527,30.06691
11742689,1.6117504
11743257,20.854315
11743278,64.85441
11743826,0.6563994
11744004,78.635895
11749623,0.0
11750599,4.498745
11751006,0.8382535
11751470,20.047573
11751521,2.525654
11751916,2.077041
11751951,3.445714
11753066,0.0
11753199,4.1649694
11753237,0.024129737
11753579,43.29346
11753645,40.468292
11754084,20.42238
11754131,0.939209
11754563,1.206594
11754686,1.0173117
11755010,13.416927
11755946,13.002886
11756349,40.202652
11757587,5.304375
11757792,1.0316381
11758562,44.20392
11759044,0.62195075
11759202,4.0494394
11759457,5.497118
11760186,31.803896
11761002,64.18312
11761373,13.68794
11765880,0.13862997
11766492,55.419296
11766670,26.891369
11767697,3.0870862
11768657,0.8422777
11768746,0.0
11768873,2.8646212
11769396,7.1688876
11769983,4.237759
11771293,0.71367186
11771422,0.0
11771515,12.30655
11772890,0.74181384
11774332,4.688904
11774793,1.3210721
11775342,0.0
11775483,65.00206
11775601,2.0590942
11775730,0.0
11775838,14.40221
11776117,1.7194542
11776141,9.767561
11776931,0.0714383
11777182,69.84229
11777797,4.3012443
11778465,3.716261
11778570,1.3075634
11784410,30.888288
11784650,0.0
11786452,2.7369156
11786894,0.0
11786930,21.472624
11787014,15.838906
11787290,10.63617
11787813,0.0
11788075,3.7016706
11788542,4.4686627
11788559,21.536469
11789014,16.576042
11789224,0.0
11789422,19.598146
11789696,0.0
11790536,57.047894
11790749,0.46264312
11791225,6.0363135
11791673,32.19056
11791968,54.56679
11793542,0.0
11793601,10.77949
11794695,0.3169179
11795407,6.821142
11795579,2.700083
11796068,30.007072
11796761,12.2708435
11798095,0.0
11798398,34.207714
11798590,4.438266
11798782,5.153196
11798956,9.332578
11798983,0.98281866
11799819,0.0
11800120,65.10072
11800658,0.7689103
11800723,7.0822444
11800886,0.0
11801018,10.060821
11801105,0.0
11801772,0.4988564
11801825,0.5536542
11802158,1.5151283
11802367,54.596664
11802539,3.6193745
11804245,20.138819
11804381,1.7631663
11804400,6.964196
11807243,8.62318
11808073,72.259796
11811342,0.0
11812076,74.383865
11812649,55.682846
11812819,35.855843
11813229,0.0
11813543,36.170853
11813695,1.431908
11814079,45.368046
11814184,1.7680581
11815686,2.6868973
11816370,16.675716
11816814,33.922504
11816864,28.64569
11816944,0.0
11817037,7.8391075
11817305,11.513787
11818015,0.7543847
11818137,75.76353
11818197,9.991037
11818542,76.94338
11818728,43.064194
11819422,3.6860192
11820877,0.8439468
11821119,0.91164154
11821352,17.385195
11821371,2.4618568
11821404,48.907345
11821421,25.18718
11821428,75.747116
11822115,0.0
11822193,0.27230057
11824236,83.34305
11824245,65.17605
11824915,80.83636
11825145,0.4834832
11825529,73.870255
11825702,0.0
11825759,8.884258
11825771,0.0
11826123,0.2572332
11826442,36.04431
11826465,2.7089663
11826602,12.567329
11826853,1.0652981
11827175,7.430702
11827224,0.0
11828091,52.781296
11828207,9.764218
11828473,0.0
11829322,4.1765237
11829328,8.249968
11829628,0.0
11830682,1.3882772
11838349,50.708782
11839615,0.0
11839633,45.75315
11840771,65.83844
11841163,4.8030243
11841335,0.52524406
11841449,72.29181
11841988,2.8959744
11842200,67.72681
11842300,0.9762021
11843935,2.5989382
11844556,45.872547
11844833,6.2826433
11844839,16.323278
11845193,0.0
11847204,13.05126
11847369,24.133898
11847762,33.8907
11847891,37.604786
11847989,19.55229
11848146,48.667984
11848926,1.0885276
11848985,37.531883
11850012,1.9367818
11850106,15.614912
11850262,0.0
11850334,2.8318105
11850410,24.036394
11850448,6.2192574
11850502,23.629473
11850771,4.77932
11850782,32.429237
11850865,1.278528
11851186,0.27962312
11851560,51.98062
11851653,1.6975912
11851715,26.61053
11852071,2.8383133
11852768,49.374317
11858047,10.588329
11858737,0.05564237
11859900,0.0
11859901,5.9530573
11860589,0.019878589
11860672,52.08581
11860918,29.149927
11861329,1.6082569
11861360,6.019192
11861696,0.0
11862330,6.001423
11862411,35.875416
11862690,0.0
11863794,0.2551157
11864042,2.7035651
11864066,5.68518
11864922,0.7227017
11865196,67.6302
11865398,14.1535845
11866434,0.9164161
11867104,1.0748785
11867112,75.94841
11867277,66.19188
11868177,0.27718434
11868703,5.5019865
11868730,73.59079
11869365,31.08992
11869735,0.0
11869989,29.748852
11870183,1.3248574
11871539,0.0
11871645,50.298138
11871646,0.0
11871836,33.933064
11871993,72.01383
11872222,0.015150176
11872316,8.614206
11872357,2.9317386
11872558,0.6494279
11872643,3.9323509
11873075,20.537548
11873575,1.8877947
11874080,0.452946
11875118,80.02674
11880126,12.721878
11880675,7.0819902
11880867,46.26502
11881719,4.866579
11882026,2.8755827
11883388,0.0
11884317,49.813423
11884931,39.739067
11885997,0.5915539
11888277,0.42751804
11890279,33.234795
11890343,81.66024
11890537,85.66788
11890794,55.283092
11890882,3.021405
11891164,32.287537
11891181,1.0133384
11891268,8.970909
11891358,1.6242808
11891606,38.74463
11891831,39.259926
11891901,0.34209636
11892023,0.40228468
11892476,10.242714
11892986,24.871346
11893359,47.72284
11893613,1.2582788
11893817,5.8873873
11895700,2.4465594
11896016,1.1629714
11899574,4.5199723
11903589,2.0202227
11904345,66.952934
11904610,57.95856
11904802,0.0
11904821,5.218925
11905003,0.54610944
11905035,0.8212518
11905635,25.980167
11906184,64.86492
11906376,11.461979
11906584,1.8407729
11907019,56.719368
11907285,9.157358
11908036,0.13207896
11908538,34.5402
11909028,75.93098
11909308,78.21363
11909349,0.1405108
11909622,0.0
11909668,75.72277
11909798,0.0
11910225,1.9306369
11910257,0.25391155
11910586,27.717888
11910984,1.431021
11911381,0.781616
11911486,9.450127
11911820,19.147978
11911879,44.784744
11917067,0.12656818
11918530,8.717775
11918575,3.1512659
11919385,2.5904207
11919593,19.21153
11919920,2.0351884
11920151,29.457415
11920660,26.047173
11921650,0.0
11922580,72.26744
11923036,0.59007657
11924022,1.0710399
11924595,2.2019274
11924804,0.0
11924943,7.3036942
11925257,29.144436
11925501,0.0
11925767,70.56219
11926111,0.0
11926477,19.503387
11927300,5.2548246
11927793,4.5669355
11928980,0.10695971
11929230,0.0
11929908,8.640704
11933088,2.844044
11933676,61.27696
11935301,27.045595
11937039,25.569271
11937618,61.434105
11937647,0.8619023
11937764,73.27769
11939213,22.254313
11940204,5.7233653
11940527,13.323796
11941183,19.98556
11942185,0.0
11943649,2.6779168
11943700,0.0
11943758,0.0
11943834,50.02189
11944384,19.276213
11944641,7.737482
11944668,58.762386
11945851,1.7532814
11946206,6.5194454
11946219,46.5525
11947316,4.752593
11947651,8.908995
11947686,0.0
11947855,75.50831
11949632,0.17363384
11949712,21.924543
11950107,14.327836
11950302,3.1730006
11950973,5.181023
11953072,0.22546166
11954872,9.491855
11960101,5.839842
11961344,0.42254335
11962284,0.0
11962712,62.498043
11964132,4.1647816
11964327,1.4943247
11964592,0.0
11964607,13.023672
11966139,55.728058
11966838,22.623018
11966874,7.7731586
11967620,6.8695226
11967963,43.6839
11968539,23.18932
11968958,5.6050487
11969329,0.48889795
11969336,7.7766376
11970048,3.2258105
11970212,52.732224
11970285,28.241539
11971016,44.6083
11971023,55.860954
11971078,44.892117
11971405,39.09453
11971778,0.22227995
11971986,9.502371
11972141,3.0325053
11972321,63.769928
11972356,2.5232139
11972950,0.9019809
11973003,21.653923
11973178,53.824448
11973328,1.3663033
11973611,0.3947496
11978602,0.0
11980373,6.226267
11980390,29.68731
11981145,2.961058
11981360,3.1108873
11981665,0.0
11982174,25.795708
11983581,61.675407
11984206,8.803709
11985355,0.0
11987038,0.0
11987197,1.9099619
11987376,3.1584976
11988689,22.50302
11989606,60.40736
11991044,45.53683
11991081,57.66748
11992103,69.58739
11992348,8.946243
11992387,0.0
11992626,0.0
11992839,67.24755
11993790,67.38686
11999777,48.10339
12000515,27.900227
12000617,35.78912
12000983,29.770315
12001000,61.025963
12001101,59.937977
12001233,5.7135015
12001695,12.828209
12002291,1.2435515
12002943,0.5500641
12003009,63.056683
12003542,0.0
12003600,0.0
12004008,22.224316
12004408,11.910081
12004744,0.23909463
12005195,46.754562
12005978,6.941411
12006287,7.0212784
12007517,27.215372
12008897,15.52926
12009001,1.4398382
12009678,27.756176
12009779,18.23709
12009821,25.363495
12009985,32.417763
12010980,1.3468211
12017589,4.5483475
12017677,0.0
12017780,31.810015
12018095,3.9243553
12018612,19.800922
12020077,0.18354933
12020225,0.0
12020688,47.026367
12020835,31.944275
12022098,72.22054
12022746,3.0484507
12022833,6.675111
12023054,8.728888
12023424,6.7459517
12023576,20.631693
12023792,7.023549
12024663,2.8873503
12025076,49.33315
12025168,49.718605
12025968,75.748405
12026175,1.7769346
12026305,6.4357142
12026418,33.05934
12026686,73.36274
12027198,71.43056
12027413,29.937696
12027963,85.86722
12028198,32.133682
12028495,0.18928006
12028753,70.562515
12033408,42.147213
12034608,50.626953
12034640,4.963751
12034848,12.453466
12035657,67.97133
12037003,32.97323
12037304,2.655001
12037554,66.56987
12038181,0.0
12038270,0.0
12038468,5.691724
12039383,23.261679
12039579,6.0928264
12040933,52.3386
12042253,26.605776
12042353,2.3919926
12042866,15.6186495
12043311,8.286864
12043534,4.8951197
12043641,61.006927
12043694,18.71683
12044303,19.685303
12048637,38.363846
12050280,3.6147656
12050897,6.789888
12050932,6.016327
12050938,2.874571
12052721,1.3927889
12053105,24.22767
12053427,58.921158
12054152,83.888985
12054259,0.31803054
12054516,59.03446
12055395,4.4944506
12055738,12.132494
12056095,45.230923
12056132,19.036798
12056517,2.3864799
12056684,61.75642
12056851,0.2946298
12057444,52.909664
12057450,23.764383
12060119,2.5397847
12062027,23.473707
12062331,0.0
12062599,7.392396
12062827,2.6001751
12063331,7.3529186
12063562,31.354628
12063968,27.834751
12066474,0.63426834
12067155,0.0
12068031,19.529125
12069170,3.6565006
12069655,13.93546
12069877,8.451256
12070541,4.1344233
12070890,3.0086386
12071282,80.433
12071454,29.314169
12071650,15.718877
12071735,0.0
12072069,47.604095
12072266,26.31437
12073240,0.0
12074125,57.411102
12077177,7.6490965
12078123,6.1900654
12079099,5.026559
12079942,26.046085
12079993,47.00994
12081492,30.27731
12082111,3.615888
12082184,0.0
12082561,23.325115
12082737,0.0
12082781,32.44586
12082855,9.208785
12083640,10.268446
12083942,8.884018
12084976,13.769501
12085498,0.0
12086351,4.3606625
12086527,0.5452827
12086603,6.223254
12086852,0.0
12087785,14.760058
12087945,25.044535
12088526,18.86632
12088888,80.23986
12089463,0.0
12089661,0.39891005
12089692,68.769875
12089972,18.457981
12090468,75.194916
12090903,8.640121
12091820,36.54661
12091900,0.0
12092445,0.0
12092786,12.012541
12092816,0.84064895
12092894,22.042017
12092938,1.0309309
12092981,74.7677
12093078,51.408485
12093499,3.5235388
12093559,10.3194895
12094242,0.88125545
12094765,0.5260364
12095084,1.6616217
12095636,40.13021
12099115,0.0
12103284,0.0
12106772,0.0
12106836,1.6101947
12106946,46.861794
12106963,17.476099
12107027,0.0
12107534,52.26673
12108140,21.568563
12109853,0.0
12110777,9.692487
12112284,9.043429
12112602,0.0
12112808,0.0
12113015,73.39558
12113077,0.9711979
12113232,1.592589
12113235,76.43187
12113489,16.997162
12114017,73.8335
12114228,49.26915
12114304,26.904676
12114319,12.876741
12114511,27.914003
12114628,17.062794
12114756,3.6884336
12114810,75.05487
12116392,0.29536927
12123648,8.477488
12124356,11.996505
12124848,0.46964505
12125142,6.312453
12125285,1.7833786
12125830,0.028347073
12125920,55.980186
12126104,10.902745
12126359,21.506987
12126363,27.074532
12126789,29.04386
12129472,20.605291
12129822,4.4637723
12130093,12.378087
12131310,2.9864693
12132030,9.745865
12132126,22.018013
12132772,28.366232
12133168,7.7286415
12134113,47.619385
12134652,66.3203
12134654,0.0
12134914,23.819613
12135387,1.5588434
12135856,3.7908432
12135895,1.2206026
12136917,7.6040773
12137113,6.927382
12137645,0.0
12142921,82.44895
12144168,40.715824
12145787,15.161596
12146317,68.187195
12146707,12.304877
12146964,0.42465296
12147982,4.42371
12149019,0.54327404
12150471,49.006153
12151638,25.650055
12152452,6.950908
12153338,12.58625
12153489,76.9802
12153508,4.238691
12153709,0.0
12153900,4.9080024
12155544,6.676347
12156007,0.47221622
12156452,35.19333
12156475,12.8877535
12157468,1.1462498
12158013,21.762777
12158649,0.3363564
12158766,73.65641
12159172,15.42512
12163560,14.154221
12165437,1.5675108
12166451,1.4128191
12166896,11.5268755
12167268,24.412594
12167819,52.3688
12167857,15.100178
12168087,32.789215
12168212,21.297047
12169731,33.520077
12170304,8.841439
12171671,80.92032
12172054,15.804324
12172102,0.371061
12172121,43.891518
12172890,0.0
12173205,73.63086
12173233,52.988712
12174524,15.841314
12175636,1.8408076
12176140,0.33151415
12176285,0.92881966
12176725,4.4166646
12180383,0.11097839
12181485,59.97494
12182560,0.0
12183916,36.2765
12184956,8.829396
12185223,0.13370363
12185225,51.37132
12185578,4.980076
12185843,1.9690468
12186007,22.151344
12186034,3.4828248
12186615,40.34274
12187068,0.93373704
12187513,46.422626
12188122,43.458637
12188184,19.50455
12188651,34.47309
12188908,15.025852
12189021,11.60707
12189059,0.14454837
12189997,69.18507
12190337,33.552513
12190607,0.0
12190921,4.2163796
12191643,0.33939162
12194513,0.0
12196647,0.0061386945
12197263,0.524529
12197272,8.382042
12198481,17.753769
12199008,1.0750777
12199236,7.052832
12199977,33.314976
12201917,78.0341
12202511,13.185639
12202839,9.254854
12205604,58.095562
12206029,3.177025
12206323,39.92139
12206339,25.044111
12206831,0.20857623
12207062,1.1320649
12207964,68.24928
12208061,24.867596
12208341,2.039254
12208842,41.070614
12208970,76.61357
12209447,2.8433304
12210198,13.400924
12210323,26.106678
12210448,59.24149
12210616,0.03331402
12210920,3.2663808
12211018,12.708453
12211085,1.3332154
12211168,0.2786008
12211917,3.8456182
12218763,37.510612
12221270,19.975077
12221970,18.617685
12223738,41.20058
12225321,39.56371
12225802,14.4075165
12227135,27.002073
12227784,69.47055
12228023,0.0
12230921,10.998942
12231160,35.443512
12231185,3.1001434
12231534,72.116425
12231662,50.630245
12232392,80.37932
12232580,0.0
12232858,64.33774
12233808,14.219225
12242672,0.9177832
12243367,3.4853203
12243598,33.17321
12245236,28.32983
12245694,14.920761
12247584,0.32083318
12247913,11.247426
12248870,69.01431
12249461,3.4122195
12249574,30.291628
12251517,2.4626646
12252271,8.631501
12252375,4.9013143
12252504,0.033982415
12252956,2.2051983
12253338,1.1432185
12253343,71.897736
12254895,0.32046595
12256716,0.0
12261352,0.0
12265503,3.899224
12267599,51.77513
12270481,3.712583
12270664,6.544528
12271089,1.4905467
12272376,0.0
12285217,19.70705
