Property[Q3]_test,Pred
795,0.0
2515,56.52176068039147
2595,6.915685755513778
5099,34.253585494449396
5107,24.74739275232762
5110,2.4025086082473734
5136,0.0
5178,92.0
5270,75.93296969114536
5441,38.51656293978754
5552,25.020947460630673
5754,0.0
5803,49.77115687193367
5857,22.386705029942142
5945,14.35483558039018
6111,9.805128892248803
6365,50.34205978032401
6476,5.131140217318119
6848,38.417777087953425
7097,45.748523443478035
7258,7.304424179343421
8024,20.936804193119336
8025,7.562356987335882
8258,28.142478921424534
8293,58.41573527928134
8343,8.853712788856043
8371,10.262170529501581
8477,5.893654698518333
8490,12.524133956302066
9518,46.376496218989665
9668,72.4957244860928
9704,47.93617357317004
9782,68.83857456476633
9896,11.335595145836457
9972,0.0
10423,64.55884661815134
10767,15.123978059123282
10962,47.79588301155631
10994,29.494110886013125
11174,24.7367791078294
11900,43.28793222266807
11931,3.7590904679484964
12048,70.56155941071856
12192,75.35256544715659
12303,8.407456517120018
12382,67.93233557135278
12543,20.783047169997225
12579,4.506739749834686
12596,15.079388593830053
12622,5.214862641042366
13050,47.05854286101653
13076,8.498076107727385
13414,18.67580463781588
13488,62.33251665153599
13910,3.890973116529061
13974,14.636900904129625
14287,9.140345828088662
14374,70.83331200764897
14377,43.3552427031869
14434,16.596359249689737
14435,6.825851621658124
14694,6.725643862850639
14699,8.168525969458436
14983,0.0
14991,4.144673187707269
15049,21.616784597305617
15220,61.6059937200041
15338,33.97632807123152
15341,11.20666508369585
15396,20.43491974242233
15491,12.854093414735907
15880,6.521625606197382
15940,47.43105689311553
15962,39.06964196957431
16008,33.36619765657334
16284,17.152593429789157
16421,75.44273423197612
16422,7.614567895831918
16486,11.398486967193584
16580,71.26811607572424
16583,7.574399246587518
16595,21.49776887230002
16701,26.58417859361618
16794,37.115047265735875
16949,33.864813876874166
16971,25.35503268173906
16974,63.36475308590559
17037,46.02235126200214
17135,26.116901958049073
17226,7.91673249337363
17535,51.95798966272427
17669,3.7576995859363223
18195,7.422935577373444
19043,8.385777257655981
19169,61.03710045306816
19319,33.321112068896696
19601,24.806587617201153
19812,24.85804854850521
20300,0.0
20311,13.350957193618477
20611,70.0026597070794
20661,5.849610751919791
20734,57.10043665407199
20755,13.012244209165921
20913,72.59694868371417
21293,40.32298486139607
21677,22.67035059786658
21794,17.718609330456935
22562,10.270673448225814
22673,9.373798351612521
23269,37.48789274436659
23481,45.78232860146895
23501,14.392915478585017
23586,13.267559192322942
23606,0.0
23628,0.39022983492983343
23844,8.218035520390579
24189,29.83389081795915
24215,53.119587889725146
24261,28.964758728294427
24281,51.48491911746229
24285,53.067158080811005
24686,7.126868654117757
25192,0.0
25235,63.670760345823126
25406,23.309815802025405
25805,49.923792385216444
26012,15.038028473940827
26238,59.572974800780536
26362,77.61155672349128
26520,21.461269129732067
26590,2.104587266889169
26933,9.878107967051456
26954,9.026520211630917
27024,90.4188399168307
27159,85.6266238395666
27403,5.992354546750164
27531,91.4817280312013
27644,39.21658321840398
27659,7.535759508465361
27759,9.945488121456702
27883,6.135963374494047
28055,15.418600516188363
28062,9.604947977129164
28083,7.140140976677085
28224,40.92126201252325
28342,12.319226380550369
29012,22.514154403502374
29013,31.6707756590734
29414,44.99383786378943
29455,61.22424181735158
29594,14.222119250468289
29628,75.34526092496633
29683,49.40741489483682
30031,60.94113854115395
30222,68.37781892955621
30255,32.96177685450511
31332,5.320263701596367
31425,37.52661562411462
31555,10.543798080021702
31998,3.0403613611466227
32023,42.3193236463013
32037,42.196049909454196
32244,32.41682652799463
32291,41.17784983944706
32331,33.923699012507164
32411,3.591790976224214
32965,57.51782848876878
33009,67.23235887101504
33156,14.224259458769893
33223,71.63607593065888
33263,54.3530228371675
33656,2.959331845185936
34824,0.0
35548,8.239697796201504
36133,51.975623989551764
36703,27.005676043107634
36934,15.095685369218437
37042,0.0
37106,14.421168965781028
37197,37.178021497193434
37214,0.0
38663,9.326403936629347
38771,65.43056480076885
38788,4.61549144275623
38833,65.27391213111395
39267,76.51680499461747
39282,60.35139074991048
39567,48.04306278829367
39586,76.05071229901593
39755,14.809137922783243
40039,8.431910751915495
40453,8.380555952816266
40966,2.3118880916540974
40989,50.89895984521875
41348,49.625202697828385
41679,16.529644592299242
41959,76.8306248277732
42530,12.259268783070063
42580,78.88977140400036
42882,62.01108528794903
43533,9.376222066269953
43656,13.116328317346031
43711,11.300102725250191
44096,34.5135539607262
44145,27.09320770604476
44161,75.7778877925054
44288,40.694321171892796
44461,13.755869571850504
44619,62.470889906286395
44973,50.58133081754889
45282,31.46960412337379
45556,53.16084732577757
45637,12.719754297777943
45689,70.30917988243509
45703,47.58331149672834
45936,20.91964796292843
46544,41.07058479073283
47199,61.03593681777441
47370,0.0
47868,1.0392879066534704
48620,34.48095751804977
48719,14.40503330783523
49048,7.543939095513338
49715,58.899293542120944
50541,12.150952216983015
50623,0.7513110107094434
50726,17.284041482569926
51485,67.29002003589049
52123,21.068868198949673
52251,7.427772672715747
52757,10.918888172359999
53212,63.07077155834924
53359,2.766144620732714
53758,17.44643280958859
53843,39.99933535553122
54040,6.909152236685706
54158,83.09860847016898
54213,2.0888211356612487
54453,3.2357926635943883
54486,74.45832210716529
54544,21.26987167484765
54626,30.432203845414417
54712,0.0
54846,16.855960569133934
55371,1.2715629675183173
55467,68.75514404370568
55505,19.537789626497585
55587,12.840438662516156
55668,42.80056969722344
55737,59.195368709587434
55902,69.32746218503397
55959,43.857755812641884
56467,55.81232664375843
56525,14.065783405854031
56612,6.367473628936558
56859,63.57898411504517
57161,44.067225128424624
57166,5.921436465631231
57468,73.5550707299029
57874,72.82574417669943
57901,16.723005050721305
58062,11.330145098597818
58101,69.263711953512
58286,9.077821397273574
58294,1.3016099788428441
58364,3.3497871629379787
58467,9.50714470551555
58471,0.0
58729,14.019432560252987
59293,2.4960665572181213
59628,0.5103538422823313
59832,13.02939604513589
60037,15.377105086583363
60084,9.824814708957511
60308,15.97832723710875
60611,77.82809658051013
60666,61.650580591750995
60680,24.70851374095472
61406,0.0
61470,12.21790150156562
61492,56.32825599112447
61694,2.5476564306903313
61747,31.88374011478104
61832,9.646502382287899
61869,11.00655710140429
61887,0.0
62038,0.36859470095433267
62264,10.653706030189866
62427,10.702080845286364
62430,53.60310246937739
62461,63.51099595667385
62787,70.49433681942492
62891,65.05205484693536
62903,7.9715371723641475
62925,64.52771869759314
63154,4.559598047706267
63260,0.8094717284286155
63360,89.80350599009148
63462,43.88755591381082
63565,0.0
63573,8.742833445548513
63588,6.364876714928833
63610,21.917234385641684
63815,20.623109743510526
64000,2.944035735893557
64277,45.02712315463112
64334,56.45651622838293
64361,27.33505911108526
64627,44.61371721360207
65018,0.0
65019,37.7093186692797
65131,7.154827859361156
65255,39.351283259984335
65556,12.786222136494793
65660,41.729566731477966
65813,8.064552287443128
65933,25.685382224372468
66008,33.98281004801122
66222,38.734783280474005
66251,15.150571839803455
66275,8.575685405637856
66718,68.55705657813782
66974,14.430106143127368
67145,14.382242389591902
67208,92.0
67272,27.909715360950067
67445,9.434538828420038
68099,28.28522356705146
68305,30.15142920929269
68444,37.3699930100115
68716,0.0
68735,42.798216276169214
68774,14.436743358943225
69137,5.932740320379466
69266,3.890501776112501
69460,12.826236119412755
69755,54.046977808336685
70226,60.55272349289841
70279,11.673753087103773
70595,59.453088706862204
70609,45.86563059012444
71483,2.6529195780109234
71507,37.1695693460938
71534,70.59692180442485
71970,0.0
71999,1.010480229739077
73413,0.7239971235024143
73586,45.276836332550424
74073,0.0
74240,24.659727922506804
74333,2.4031749685869173
74680,64.21862928078511
75167,12.617038452940683
75193,18.654239634971432
75612,4.616452769517281
75727,11.37676014942732
76761,89.93857574255446
77455,26.14282440287718
77799,3.1283163425005043
79635,58.92487812702985
79749,1.650842489959146
80700,8.139891651767194
80834,19.345210708551953
80924,25.756034346714706
81526,32.01237780046876
81739,5.163848831549323
81771,20.11890113644038
82132,36.44632407808827
82525,40.71312354782216
82928,41.33444238729275
83243,75.41534430401383
83474,0.0
83656,18.34767355542315
84010,5.293433034177532
84480,6.590080914711429
84659,86.0096340052811
85213,0.0
85252,59.448111716022716
86215,30.736082946219163
87279,32.1512280509393
87566,3.4251916822641206
87853,92.0
87987,12.118393562734937
89205,8.449010131391724
89621,65.3037259617746
93313,18.03727483812289
93540,7.505290174924987
94005,17.501732421557968
94477,83.41315445221329
94783,54.530257425956364
95706,6.533693261227192
95883,9.209853931080307
96804,29.517795564671843
97587,12.379500332252945
98259,17.545238747057674
99913,0.0
100023,25.974056454556866
100368,33.295788831361435
100433,20.36035644308911
101633,32.061770534842985
102995,33.3483461007056
103311,8.645680186890992
103555,46.30702751890302
103806,65.57328054914309
104970,5.319414165425222
105416,8.472850832527127
105469,0.0
106363,92.0
106647,21.5101818323025
107415,14.799795079455098
107690,13.322213593685639
107799,1.6050290915732077
108175,23.28574253147515
109891,54.46096520786879
110576,9.139867633898241
110739,52.484658738528935
110762,0.0
110784,8.962931155008711
111308,9.286720248058781
112648,0.0
113265,72.82178841847443
114353,25.258578114349497
114388,0.09233455005549729
114940,25.24589571881076
114969,19.209214853533233
115959,11.30083890053617
116940,72.59661820326937
118061,29.696503251441243
118231,10.790302462699675
118266,16.206662833653894
118267,4.015111307946086
118430,33.852188797832824
118541,0.0
119008,17.01359791216936
121473,15.85967689904667
121687,3.2185303017788485
121861,12.807733906993683
123784,30.824442777543716
124777,10.03152516020047
125053,23.46315883552581
125163,13.781375754547035
125265,0.0
126067,11.794093699164137
126443,84.83821565998846
126982,79.09618620107386
128205,3.612885229093102
130632,4.270224764529381
130731,29.50676378660159
131747,14.44646274800941
131757,78.24928670933812
131892,16.453235151537328
131918,0.0
132024,10.520618616567695
133025,61.5204084424732
134387,73.42976147248694
135320,7.177130077723241
135393,64.74251690019614
135465,49.583771561075984
135706,0.6660651794515999
136398,42.355698565292165
136493,12.777022270234966
136923,37.13551321121971
137303,1.0770138681453716
137558,10.482717517113528
137635,51.390175003024105
138968,0.0
139207,0.0
139624,25.669899141932298
140053,5.929460064497867
140133,54.96378868582211
140195,62.11160312636104
140223,58.79732926781111
140237,65.31139277987867
141154,73.76689140664132
141177,3.32204832254347
141335,19.628688490588566
141500,42.144625598026316
142069,2.993952554546972
144148,2.4773470056322893
145064,4.8350228825839
145988,0.0
146808,1.8500326453306215
147004,3.3723907968936047
147586,50.21265918809703
148182,0.0
148187,19.70354907914399
148259,36.90397120222794
148568,1.3283741234355446
148825,68.12992270789024
149287,3.1837216735475593
150444,4.880326507568476
150804,6.447584886273333
151916,11.941340033621792
152259,55.956679885624794
152263,63.78660657680011
152453,24.52836818363665
152520,5.677142023719654
152783,17.012206208217904
152819,36.52295459213018
152883,81.65054587833276
153309,16.674340284780598
153388,0.0
154934,11.800884716082315
155296,19.64221249449806
155958,5.074034066167961
156385,3.1367380941188046
157673,16.126810271536876
158061,14.31112121016259
158290,9.682890702357803
158901,36.7725734504435
158913,1.706648749289542
159019,40.00595751071576
159815,9.901413887270373
159913,0.0
160824,16.611314748538504
160952,0.0
161394,0.0
161996,65.22716412831065
162429,6.7090639806499155
162565,6.703042985982769
163627,77.14226781285271
163809,12.536786094086999
165653,11.238765939431552
165824,0.0
165960,66.34373902937985
166006,75.2286864363821
166172,21.872394780361155
166279,9.443295349014994
166809,53.436822006897785
167030,13.68546734389188
168042,11.081806298794511
168084,23.430168311774175
168775,18.487566454988148
168810,0.0
169063,11.851533319171338
169152,65.21343068144571
169479,2.9265060897400232
169480,61.203928429097694
169532,27.350557009613844
170215,0.6130846618808334
170286,49.573503720684585
170441,9.242158318844012
170847,12.371975365964836
171256,9.015384658720684
171562,21.77778186814845
172445,16.108699500485073
172675,69.22951892656113
172870,43.581957016679226
173072,33.002988908305845
173742,32.952611796805385
174966,60.354312390418194
175069,66.59806733873813
175720,41.06899502705477
175902,4.871643583446264
176129,27.844386858769056
176653,5.663285330039336
177606,14.772717854004256
177709,12.021166005447778
178491,0.0
178651,0.0
178744,9.627727623002748
179234,17.425173838552446
179925,8.725251779084743
180053,0.26393566696723525
180201,0.0
180524,1.4943720835258247
180653,24.600557584457924
180822,69.72587811854623
181972,47.090031164014924
182062,37.609704906771256
182069,45.87130676084132
182095,25.02267430863356
182225,0.0
182649,70.04924488029533
182727,7.69444391359875
183344,8.823070902756392
183691,18.981519566321793
184189,0.0
184638,33.16479291766902
185266,6.544077472801376
185478,40.48680098469786
186305,35.21436931047873
186730,14.598004888427525
186871,0.0
187167,2.4180402514826795
187956,33.53647727779163
187979,49.76994239252736
187986,0.8073753494572529
188087,54.67591010699299
188146,0.0
188622,0.0
188803,8.09730944942551
189135,23.60305538901042
189181,4.3694299937455625
189732,64.08286564678372
190105,25.19103851870247
190542,14.967531175682801
190968,31.17750885730006
191075,13.633097814586087
192263,4.3199678231871985
193105,23.49860954038389
193240,16.24343785231499
193333,10.84908974318553
193853,10.157190139419242
194034,5.9649715979837765
194154,20.387165630692273
194691,2.839373112308266
195027,6.8665877965014985
195123,48.01324488986319
195240,23.94091754579386
195971,54.86386103237773
195989,71.17999385952888
196100,15.98716840891074
196983,41.63997472769414
197155,41.36468728518967
197253,4.523847949499697
197389,0.0
197390,0.0
197753,85.01243749203323
197931,60.54396535455273
197942,71.81300491590864
198028,33.46210705799919
198478,51.42862740816232
199195,32.824039278491206
199425,0.0
200059,0.0
200625,0.0
201173,11.41711940820798
203907,42.27798616463623
204065,46.42406592528122
204833,8.06514869884756
204894,13.455579204448398
204959,57.73321906467236
205735,38.84266570566011
205968,18.141218218242457
206316,7.958140575094568
206957,81.57590516282318
207049,10.048891828021606
207249,10.680232865020788
208095,36.29176987447249
208191,51.160142947592114
208499,66.21950731399576
209087,3.392106341430697
209232,0.0
209287,9.620534270890573
209378,65.61121485935918
210531,4.791906482567853
211078,78.0263568310196
211152,11.697795324920357
211974,11.024816421613643
212109,0.0
212848,85.49515303118393
213330,39.59021116792878
213447,51.834803592994106
214227,46.1054239395412
214325,59.00782309543738
214474,23.10438891523828
215746,5.42357176852385
216015,84.1578003109073
216563,12.339992812955487
218224,14.513447275459765
218358,10.653915821550303
218508,64.30867807989218
218793,0.47080732831233973
219066,25.205416441119873
219245,0.0
220413,57.48960862563728
220946,61.43315726738745
221097,46.46993110750016
221823,38.27789958229342
222054,14.466327237207338
222304,6.5587296496004015
222340,62.14732784656981
222913,76.45017936762865
223926,40.08657650979988
223930,9.698622692794082
224510,15.431364869417827
224699,4.748974314425446
225306,67.9349067823272
225354,7.1502858979374935
225887,62.796754561297085
225926,31.701546566135285
226700,12.996826657940694
227715,67.71229307346965
227735,26.925007172341992
228132,7.08087315047927
228517,15.923238451811002
228888,71.26637641511407
229212,38.68188146307429
229367,81.47044286308007
229728,0.0
229874,0.2336599060443696
230194,60.07481310661958
230321,10.542582202681999
230449,7.970359124173292
230854,73.23477583553316
230956,26.101494354737106
231145,62.02568050522079
232084,4.1768599598095975
232331,14.625468779646098
232564,9.665226200007822
232618,52.42821976725665
232706,4.171895859530309
232866,6.068470985354658
232894,12.277108292549855
233189,50.840663159825766
233963,63.494552788008264
233979,14.768394927286316
234034,26.394653585275094
234184,24.194899044394493
234730,4.867586662423946
234909,66.05367217163109
234990,75.32410261837614
235552,21.714760003271113
235595,18.07908621389989
235666,23.089454401722357
235951,39.06221406886633
235960,37.61609781191505
236671,46.56959987296489
236788,38.48556546646937
236806,0.0
236811,30.087309723395926
237734,14.042276800385846
238208,48.99112422242753
238746,11.05214374499882
238814,54.59820425182579
239410,10.16090225880423
239733,10.261948001630905
239934,48.46557582444027
240314,62.727038323666555
240709,6.78209994255149
241021,10.899104157981114
241140,14.306698589326409
241862,2.1654458353174775
241969,0.3700886957255136
242479,24.55669454117787
242532,28.747160476678353
242585,19.763552782725643
242643,28.588963029791742
242768,92.0
242789,91.21474790024655
243229,8.881698076085634
243352,44.44299969177204
243700,7.299553610314838
243714,12.77279651274111
245175,36.281890456337116
245430,7.384364712790557
245504,72.10122686837556
245544,44.933916047134765
245607,12.711223259030483
246134,10.212230071083589
246434,7.919701087190177
246896,5.620961976823594
246938,77.56919924258273
247756,0.0
247890,11.587758995701737
248029,23.085557252770634
248713,11.04672052977218
248865,6.456460965236452
248871,52.811329357858774
248966,6.802814840059554
249582,0.0
249626,0.0
249867,9.301956414731276
250369,33.67166231351278
250420,0.3982192916796947
250536,10.408791786925956
250619,57.62198141135421
250973,46.89562293231969
251056,2.3716317660526656
251262,69.67337488635897
251277,38.20130295080962
252076,63.87145425647471
252607,9.708745248775344
253332,9.84933072811942
253466,7.307772604994899
253471,3.3869047643779204
253537,57.51908335790517
253612,10.144736612589433
253623,13.322891710520501
253800,9.012187774463413
253803,4.07320822811328
253811,4.430385294663857
253839,6.738627713398209
253846,5.848005912853004
253956,32.136865985687116
254168,7.5874753168029585
255487,28.50897627894529
255601,71.10292918897346
255650,2.3157297901903533
255672,10.417499982926133
255957,7.691539755884612
256153,59.82886835149436
256467,8.952810813014217
257568,18.393648680859272
257802,3.808360507402469
258284,67.32608590900125
258397,37.06784112753406
258412,58.2968490639025
258774,25.532543994491796
258865,36.62649834031871
259887,18.61359365942169
260004,35.96912040575832
260407,38.78544089437183
260618,58.541787711422366
260672,5.743597040872466
260732,0.0
260755,0.0
261259,0.0
261366,0.8180665113976993
261491,18.59678519532913
261781,5.96938130087765
261869,56.34400758092024
262343,19.79316932690363
262583,52.319981120361476
263360,59.668875888286586
263502,0.0
263776,19.77892866113784
264083,60.85845111204816
264323,62.5820106992102
265145,0.5654519298239649
265626,18.92080769361047
265831,2.1249941994786994
266492,0.0
267294,14.121055247612247
267376,1.0979538718352941
267425,57.45781312247785
267490,5.410050034856376
267553,1.1255977431742181
267652,12.081009288656041
267663,13.248207220235848
268281,16.272928720329595
268392,7.414660796155474
268449,0.6358596439832098
268481,0.8439724093292398
268549,51.07120444909435
268868,32.717839187759594
269134,9.43161872435838
269208,32.78571175737366
269215,11.183996424120348
269283,35.71583751730227
269327,8.101443789204104
269337,21.775318092287087
269404,0.991826446033997
270165,7.001212943247104
270226,7.6998838459720815
270681,1.1601333875826754
270776,1.5335890111006165
270929,22.8187323276234
271083,62.8747322676553
271130,34.80743189285294
271279,36.27284045716047
271510,5.442473503811701
271694,0.0
271954,52.55404660311652
272026,22.485544882204948
272146,0.0
272473,0.0
272738,10.208239915911022
273895,0.0
274085,41.71690083371201
274127,5.943572211560376
274270,24.378079009425136
274376,1.5092983476597226
274743,0.0
274946,1.0547442077732683
275271,64.68395576523744
275443,0.0
276014,19.1743736744666
276120,80.8747014217164
276491,6.298260286370137
276734,2.1999499951867136
277128,6.0636604415308355
277133,12.761246532464462
277313,4.799003460789443
277372,19.146501962461958
277883,7.227613684019023
278151,46.505097854307614
278631,0.0
279102,0.0
279857,37.7159933072178
280393,8.23065921346511
280419,0.0
280477,13.468417827755133
280480,9.779522736032483
280688,53.887167089659904
281067,67.78863070015473
281097,3.4251419074986345
281143,4.820750707530614
281192,12.373034040685887
281220,51.54378039551839
281238,23.827602273284764
281521,0.0
281690,0.0
281703,6.645476154649657
281851,36.60473275723635
282443,29.313042182693373
282856,7.938969625855492
282863,25.136584869352838
283194,18.817422696090567
283272,13.091907216845819
283550,5.282604968444311
284095,0.0
284096,71.83115445774388
284866,56.493725069818474
284973,2.5774586892505624
285344,25.488803006050734
285442,0.0
285469,9.389332078634688
285492,15.310349355924153
285853,15.933686722370389
286134,7.583336331748264
286662,64.33930739787715
286747,0.0
286838,15.032130537799269
287272,28.354872774791637
287338,0.0
287481,26.044090960960837
287523,2.3718101768997144
287814,46.4255032800343
287845,16.553701014822202
287908,0.0
288043,27.217179880960906
288077,14.885562404997941
288224,2.4935618640211814
288726,21.105450607537605
288930,0.7837743592706019
289020,19.87548809767985
289288,51.16086513726505
289576,1.9953101082722
289665,79.53211686636544
289995,30.611274108776804
290193,9.282140946679625
291017,2.153652268073479
291051,0.0
291468,80.30003814648732
291622,2.583456977239578
291673,0.0
291682,0.0
291714,16.90833439449011
291825,58.085821430949515
292047,49.267463763635334
292266,5.236292102235431
292281,0.0
292314,21.838549257347303
292585,24.769043386769297
292800,49.745261143973515
292973,48.76246189250409
293328,6.391810439264802
293724,0.0
293973,1.0025722332445284
294239,12.174454951108636
294250,34.00192335247967
294280,4.689129994543084
294490,10.613056800252071
295279,12.109940874493226
295366,8.643004300634324
295485,0.0
295998,33.57437074273857
296345,50.46757654122386
296361,53.107952608306306
296717,13.223348002233777
296854,0.0
298202,39.388749795576445
298782,49.95511322392284
298788,28.332898351260997
298854,0.0
298920,85.84481498082688
299078,64.24874053366955
299778,23.088133175706666
300062,49.144397131612926
300140,75.54700917901718
300162,8.183894632742259
300668,12.863014453267041
300976,0.0
302057,70.68956864815362
302758,0.0
303462,3.6087114857217983
303725,18.89005713353463
303851,33.64270323985641
304634,36.34304373385464
305211,74.45803102579467
305554,48.103603004872014
305670,23.578485732824568
306190,47.45507524540621
306576,64.17835715787001
306798,58.38371906339913
307264,10.949760132901126
307344,46.82967809238856
307729,1.196584240192422
308241,10.545135364801745
308823,0.0
309354,1.535253206687436
310152,2.566007190088449
310272,24.842353369743698
310338,18.730320183525144
310420,8.96700295038886
311142,5.606891050065464
311356,47.17472367445839
311965,80.88203689411385
312104,15.56559459834283
312429,24.507521946818418
312664,37.365177686897816
313093,8.149069689945613
314407,0.0
314442,0.0
314456,8.198548227309566
315421,1.0092739489340516
315711,17.444485701076374
316079,40.50144287099853
316925,0.0
317131,20.416569514701187
317192,12.28177000151463
317662,33.45448530647261
317838,45.89317202222932
317938,26.587112223208457
318187,18.347178469042653
319790,22.295652633165453
319844,13.441298327018925
320524,3.6928685579227256
320876,66.1397424590632
321014,7.920460297216735
322923,23.25573150013029
322974,59.36143556642865
322982,41.93177090398711
323059,48.99110636931141
323512,5.929726232027441
323706,28.181470438424945
323994,0.03890416050701617
324000,17.048098201328816
324517,54.513280721486325
326908,68.01803906174929
326946,24.870762144167976
326956,33.2217919858855
327778,0.0
328040,0.0
328693,56.82557438073718
328744,12.991855048225958
328798,28.21695765433609
329385,12.843687459753461
329933,3.0272166478188254
330347,7.300555211643804
331986,19.57800792176228
332525,2.3276882242972903
332740,36.644200393458036
334714,15.322987743251069
334724,52.84614500190694
335778,6.4795362041218
335797,43.71970392136863
335820,48.93947751430295
336085,7.586971247977544
336449,6.871924378778836
336756,35.31165396028783
337468,8.834621365000139
337922,7.315599174701333
338706,5.963753060680936
339386,1.2585316980314118
339451,10.406437364381723
340082,0.0678396480510699
340365,6.003413945043981
341314,1.0193416932517678
341982,13.482737754974757
342027,11.18607818168664
342995,24.010191411225783
343119,47.110418991965034
343273,0.0
343971,57.35406799207246
344068,0.0
344092,32.978857121951215
346527,10.442746276200289
346805,13.2828405464574
347360,1.7862189978498577
348753,45.125644770198164
348862,53.4525747098052
350435,15.658864519010422
350525,34.48411529800558
351859,14.279201992949574
352651,9.957614836877958
352938,34.02650939186459
352990,8.819225254277463
353801,15.536414902271353
354514,62.35683304658235
355224,59.12759390139986
355563,0.0
356712,0.0
357224,0.0
357509,26.90174637414482
358565,75.36455060373001
361811,13.053852644742925
362813,0.0
364043,92.0
364275,37.33579588008445
365227,49.966093639867495
365439,0.0
366519,22.910877268456822
367516,5.541208402378338
367810,10.80435476164584
369411,76.7278818836175
369626,24.257679823072337
369671,27.915187562680536
370288,7.424671302119322
371138,0.10254990851387191
371594,1.8602007501526714
371835,5.780416382572973
372843,35.56037136778574
373783,0.0
375076,3.250194767592255
375136,92.0
375249,13.403012744573694
378846,9.198034309066045
379002,0.0
379326,63.53793675262594
380416,21.19230361287537
380730,43.02161429864399
380923,0.0
382524,14.85982705026533
384379,0.6955144986936475
385326,62.18903076780205
385632,0.0
385657,0.0
385824,31.825557703084975
386507,4.191275041796416
386744,64.55676781994579
386799,26.937993535312785
387377,27.833813323303524
387410,0.0
387898,3.801445799123691
389050,43.19159761304976
389482,17.291904191320747
391948,10.65589837251612
392549,13.254631317449764
392794,36.803030147570844
394076,21.086563545520015
394111,13.54388085326071
394292,21.04226549710176
394395,20.699989720489747
394474,92.0
394529,5.746893493444368
395613,17.683122536434205
396780,2.152725664533989
397034,3.7981056384536274
397420,46.33356131432288
398682,62.14837861923427
399640,9.513755534393304
399946,51.33243003621257
400039,59.86652468561915
400546,82.23178671418341
401022,0.0
401039,61.659627100557096
401553,2.1976462234472294
402201,82.76602749522598
402273,42.611682360878454
403068,78.65982817746644
404923,76.55082359830826
405408,60.09859311593098
406926,58.54356360569345
406992,6.005592715634975
408133,38.15299761770032
408143,0.0
408491,2.5282655704980854
408983,22.443082183114715
409293,44.997576569858865
409734,35.99691602804837
410249,11.411654063957954
410694,34.019352123337285
410704,10.193599450279855
411336,60.56224491898215
411525,20.50016090446908
411918,62.81012862829531
412061,50.12323180508265
412092,28.085200285001864
412180,8.179791240438277
413528,0.0
413605,35.47500226386858
413709,72.41044138092627
413721,8.440472544578832
413775,0.0
413815,20.878343023334615
414553,5.608001273245314
414801,35.98913779918195
416108,2.8224620369051934
416426,8.483765019297309
416557,16.195783538347165
417064,43.07135889816435
417710,23.62021411864082
419678,0.0
420001,12.366599937650168
420010,7.049339099888414
421554,41.3395831697116
422877,31.2082670207337
423015,52.30608677689731
423818,41.69595960070126
424192,13.307607075127514
424298,34.02366372173996
424744,57.36590035357184
424870,40.56020123007127
426008,13.527218920661657
426044,60.124132398819334
426491,4.628930099340238
428180,77.05458202791931
429504,0.0
430615,2.830230057913603
430920,0.0
431330,38.97707292162182
431344,8.84840388528989
432090,52.79941966700281
432858,11.169069364628186
432870,7.772365044323898
432897,19.66102115845922
432950,58.40363184240475
433060,64.91353877814375
433267,46.150850043952026
433914,39.862712665970065
434792,38.81497744500055
435579,27.237828281233853
435946,58.20019017947347
436510,8.85703966152698
436780,7.5252074268432025
436912,25.845627673721808
437906,0.0
438513,45.15946703696391
438773,20.89280072450922
439750,26.623744835677584
439955,5.32640003096332
440171,17.599731887518764
444430,46.19496326615962
445377,53.88613811852151
445437,37.43494397657557
446367,18.468401956056738
447766,0.0
447875,0.0
448048,22.074821334321328
448049,50.69185476595096
448603,17.859708482487505
449034,66.78254640538086
450009,58.79247528900023
450011,10.995524892937418
450492,7.760648794427873
450530,16.022017402566917
450699,0.0
450769,5.135827672756399
450905,0.7297829485076832
451381,0.0
451626,8.31913341696086
452068,3.635730915421398
452728,32.7855938943383
452824,2.059073758318938
453099,0.4879095959394135
453161,5.428452858281901
453255,3.7992769130485726
453449,12.239373421060485
453922,67.39453526901934
454188,2.507204378149339
454763,10.419642004189122
454961,7.114280925866794
455743,38.289843756721176
455947,49.84103681041912
456190,79.52274941811906
456280,71.31568832561653
456457,6.938059071249434
457829,63.6644267911779
458134,45.690975399695695
459319,1.0820023078154932
459810,0.0
461338,37.51383934158142
461480,8.47613329947653
462385,7.434945089169197
462986,41.35802387869494
463833,10.100776485136102
465267,5.063895531403112
465407,14.51418459485452
465803,0.0
466395,21.5280487643603
466402,2.3333738021038215
466457,58.40858763607708
467302,47.87971195350161
467634,92.0
467866,47.817868879013545
468613,0.0
469806,8.61751514633135
470061,50.08120919129201
470370,30.173025756435784
470591,26.671049453532795
471562,71.2251634812896
471712,63.944615920458574
471758,0.0
471845,2.4271732968231916
472376,0.0
472673,6.17065667299574
473035,5.220759727244989
473592,39.42672491832
474090,14.665765970359836
474261,43.666824269530174
474694,62.73345044138258
475456,0.6266589340315676
475472,42.42761546915186
476260,11.869993923730199
476841,37.65597597371457
476851,0.0
476899,6.443993172793469
476983,92.0
478242,14.80550819077763
478385,58.44707000120192
478464,8.443106252451976
478604,6.443776369653435
478949,1.14961169212728
479263,10.634857721608086
479285,38.847288985825976
481022,68.67888486782748
482365,13.466368425578239
482802,3.550402971496947
482969,11.174451501887624
483485,77.46581759423825
483505,28.693685182558056
484312,19.440104871289037
484722,10.923443080294582
485200,56.757004921845294
486902,27.045527336313892
486915,71.84828771315365
487816,35.83520912099681
488211,41.84376536035138
488309,4.696511836437502
488327,53.158237902915
489086,41.561419262493494
489276,72.41705564636416
489708,55.91000839628249
489962,42.61177962053572
490989,11.635492270873065
491123,39.74341690570031
491496,31.369448882738055
491891,25.668296688868587
491977,0.0
492785,20.377439116282392
492931,9.87223962802744
492933,14.25131925437065
492977,3.2843248403061054
494191,11.431207755107387
495611,0.0
496095,0.24529595881981692
498038,26.663251131202564
498052,25.125389751970967
498120,0.0
498693,72.3114654901795
498794,8.961141675382159
499274,0.0
499683,20.29299303626674
500845,63.655429374232206
501082,65.48988621392508
501541,8.85368732149913
502108,0.33201126123992
502309,48.92321738396497
502429,39.12991467969609
503460,9.261459979078928
503529,5.907905944143515
503722,11.804429408155336
503791,17.44191594539477
504322,2.251116586770493
504362,28.09775830807881
504405,15.844225421422564
504507,48.983591144833554
505029,13.209570543859435
505315,40.30882447081878
505716,9.82611376067804
506121,92.0
506280,2.5537495777928
506403,0.0
506409,13.164485222471846
506443,9.513842772193946
506527,0.0
506571,14.510465546234492
506629,43.95124436335145
507393,53.62183192378386
508080,57.335080241577025
508117,26.88214304808546
508391,23.74022170241973
508583,22.968500920079933
509537,14.897402219516291
509933,0.0
509989,37.460723768214514
510264,4.453252477607528
510447,23.084491258725507
510543,5.554758835830462
510624,15.127478572483056
511385,4.303625457680056
511638,30.323937069079015
511733,1.6614806903241615
511911,14.497767555300328
511960,5.370319426420849
512144,13.788920121458034
512209,36.510417887214885
513327,0.3663979938141537
513688,60.75108630550299
514451,5.122257727490947
515392,23.30246333880783
515456,9.069828449299736
515552,27.182492881851893
516461,22.066522073593735
516508,1.5079863936238667
516643,0.27493801768014237
516936,0.0
517600,69.32227217311907
518566,0.0
518576,19.05376883208364
518960,77.08073695122664
519310,77.95009661361192
519615,4.787476632448993
519805,68.93383968827175
519983,6.561930012957397
521672,55.582643959557295
521820,0.0
522081,56.09215960056934
522160,27.390941303799273
522240,8.95206245043832
522349,1.2052657032022651
522837,24.459615048852896
524111,57.24729847323938
524114,31.16567293599666
524182,13.257374550469486
524919,68.9533764101821
525120,31.882903021858475
525293,60.54027770542463
525725,0.0
526532,5.836655517504035
526887,42.82115444424083
526923,8.607898576706042
527318,7.204756892959644
527422,73.24377256880774
528251,15.92632112405861
528464,6.281845154458399
528485,3.9291416691788683
529046,0.0
529340,20.29094058083581
530135,57.15778351943504
530576,28.926414961580925
531208,7.944863714684466
531258,13.699104520044962
531363,10.734858639250241
531486,8.88793957250288
531769,2.6717881625646456
532288,57.22727156813282
532323,6.636061774517351
532398,0.0
532641,32.93528451219339
532749,53.4196911732998
533444,23.855059950944955
533731,19.7399774515166
533927,56.717590443913316
534897,22.166916964092678
535095,9.028276992606727
535119,5.105571955408955
535129,2.031734843393103
535352,23.375287582625145
535457,2.671061734094266
535631,70.45539417644943
535834,22.796475613953696
536578,7.389790903116008
536799,20.884404328211964
536859,8.039110130381609
537324,65.47452985724564
537337,21.632795544750998
538012,15.71129436923399
538905,0.0
539110,0.0
540191,14.552499995858689
541653,7.448635918728407
541725,40.378514682048504
541993,47.7751023402487
542017,0.0
543733,2.347106183533235
543776,5.2948014868200985
543792,61.97989941945223
544039,4.580676780758132
544256,5.098142041628755
544324,34.681463598249806
544331,11.042473779139986
544956,2.8741774173886263
545252,34.58704009833166
545257,54.952921807405396
545296,0.0
545597,0.0
546383,92.0
546442,3.5163878704384146
546504,1.3849464281404131
548056,89.16057400903406
550288,0.0
550809,16.28879353157096
551074,5.1962277560805745
552141,39.73780613191983
552502,6.402439694915884
552519,69.70385475696261
553516,38.64018917247706
553565,12.067472014322082
554165,6.61297315141848
554669,0.0
555206,22.098987828645804
556874,10.008471195119824
557098,1.1077697270290585
557356,8.408385686192602
557865,10.951997082178003
557902,51.351619377764976
557927,0.5752811012812167
558029,6.529102523143216
559118,5.198212197254286
559505,0.0
559811,4.500681878826285
559863,4.094211504142621
560097,0.0
560231,8.28141963458652
560287,2.8169911248737094
560867,44.86061221634205
561179,15.65952579380087
562098,47.80189366323395
562302,10.819430915067436
562449,1.2734146108375128
562479,0.0
562524,16.29490585000491
564447,61.733789709216126
564540,0.0
564614,12.299534501035424
565531,28.382070356357623
565907,0.0
565942,0.0
566835,73.82661750643396
566911,5.8139248866451325
567281,75.07511569854503
568392,0.7762098865420981
568743,68.95771409647637
568846,20.499760053724223
568933,30.033342015131943
568966,10.063900413061653
569255,24.979088128484328
569651,0.0
570363,16.885452473616862
570458,19.94408204242226
570549,15.667077892434094
571564,71.54437815068346
573671,29.834983965703096
573801,0.0
573815,18.942726555715808
575873,2.475304980575814
576020,64.86247418448457
576142,7.379066727827304
576426,10.906701375967245
577824,0.0
578239,37.70928009818547
578274,0.9915987591209969
579604,73.04084043163958
579716,69.13216921478707
579817,24.790585588257343
580144,0.0
580153,49.287607945247856
580943,27.009558419966393
581180,29.790546199753187
582669,4.646109209793895
582764,6.327087499500173
583102,8.88351420851522
583159,4.870824932579591
583224,8.313315757683903
583337,14.187712205287994
584386,36.167635639843965
584428,35.56590728417066
584523,2.492262994339832
585260,20.64773756868002
585300,10.35830979596065
585937,50.72643206037021
586640,2.322573659303309
586983,2.266404381001955
587077,45.72889925624305
587519,1.1173397209419207
587554,10.428652204924695
587698,19.542461201293186
588631,42.200084587498445
588677,4.7394552923647595
588919,6.727355811141926
589708,66.39181872981015
590903,6.397953257742216
591025,31.210087728229304
591046,12.50565911732118
591112,33.46333157848334
591135,15.605665553966631
591602,0.0
592282,4.760188711708288
592342,35.29599013887621
592376,5.044961915285889
592785,19.397047349107453
592831,4.291559629431404
592853,9.515669120989457
593292,84.32095385141693
593350,18.385417877086496
593642,34.670742204489244
593900,52.33489620427597
593923,31.88245260101813
594020,48.2962324893238
594036,0.0
594311,5.185571446762566
594521,0.0
594524,19.921341582867036
594611,7.010975506202321
594639,11.346188989897705
595321,0.0
596346,0.0
596373,86.90896264438334
597584,3.3032325612437106
597624,12.699197296890368
597668,8.668965563947005
599847,0.15196292859953786
600129,8.602881411978366
600434,4.855123395839314
600626,8.483583315760736
600877,0.09756912973987397
600891,31.054856447758603
601479,62.755691817721655
602142,26.469235257590935
602453,18.36987069457459
602603,0.0
602729,14.059079596903992
602783,6.97836350898617
602966,0.0
605670,20.254971508616897
606386,19.624506705219467
606623,7.133571730882132
607525,19.353773522205916
607735,42.453083711459705
607891,56.60202859503654
609126,3.144431034211344
609198,8.099811123007953
609213,5.768988009996626
609429,0.0
609559,51.960486979818796
610118,10.154757166050736
610596,23.830364024785453
611791,3.5245537737525012
613776,52.30451821179099
616290,52.88937403407779
618477,20.36952077283093
618557,22.628988595444515
618836,3.4377014323998267
618916,9.423104225276226
620473,57.39548936852353
620540,27.76180779111457
621220,0.0
621269,0.0
622082,5.2992943830972195
622541,0.0
623852,4.388001692726348
623962,8.382146398827409
624222,11.286624883082276
627432,31.352057820386886
627505,56.914254081774935
627835,62.710904713590416
628064,4.815043284728922
628100,0.0
628198,10.064707006037224
629000,7.553267040758328
629105,15.69318716707727
629624,3.498477661278976
629793,13.275701631489873
629855,6.266967328402849
629949,39.41142675143213
630620,28.97705312048727
631134,8.424383695996696
631561,75.19307614530769
632347,82.17077818331869
632692,49.37356401571493
633162,64.12907886574263
633276,49.629425974560945
633969,0.0
634328,22.505496186163988
635282,62.01410729402039
635842,46.40881426237683
636391,7.217151912721526
636915,1.9824978479515707
638822,40.96515525195486
638894,1.7046478089124477
639199,42.09454251608366
639267,41.36222058918366
640255,47.93682940631046
640910,6.347627282343197
640990,45.28381293968184
641012,4.990273932087817
641027,13.572670387270623
641439,17.97333154196339
641817,15.541663267834686
642070,67.50578574609747
643328,73.45143465535429
643529,0.0
643591,9.428359706542004
643814,6.339526723769655
643877,8.407205466160399
643910,60.99657939705373
643948,80.3609510219865
643951,19.07989144388725
644001,5.684095606064226
644559,0.0
644575,28.484704323694686
644841,0.0
645693,66.23968285411783
645942,16.642913795831625
646298,24.520547277334458
646325,32.986613238086214
646378,14.902651431455979
646453,13.446361631533463
647656,2.9528038918327653
648246,11.813324799456115
648263,4.550203925585073
650867,8.056115668135924
651375,37.947648188857094
651438,12.470312197284152
651475,81.90608060377443
651544,22.441144700802404
651761,12.308404074941897
654005,20.874059839182678
654232,7.503398291394014
655705,49.03053929878513
656913,13.263178843139368
656975,38.508075700248874
657161,22.284282796882657
657217,88.29811995562181
657243,6.834049138951045
657727,48.363764681734146
657734,2.9489419921241407
657885,5.6244966154335
658008,57.046598897733965
658257,56.28307152907588
658294,59.226240720066976
658932,3.3562848741869615
658963,30.711581919804438
659875,4.440544945478514
659888,57.15849455207408
659952,15.393123765990659
660016,68.34850031029126
660036,31.357645755963013
660542,50.197260037063984
660812,75.38233960112763
661839,3.472011341738124
661847,58.21663376773485
662298,45.32848450912643
663668,3.7897959408156154
666443,11.988687831951601
667375,14.28240857676428
667432,24.112168326957566
667502,53.94042796100799
668121,33.81025063568223
668382,26.203807898927984
669774,3.8740099869865148
669939,22.414447581526687
670064,71.28808791739557
670212,3.080039778024336
671022,10.412847072670026
671303,8.66047000502114
671402,14.421014824649717
671544,0.0
671593,30.73061188921171
671633,39.79959031427878
671765,74.95073928446135
672616,0.0
673061,11.797920397786896
673107,2.994625476915509
673152,10.081052045953761
673760,62.98791346291085
674231,9.19198359057631
674620,2.4009582460629346
675793,0.0
675817,0.0
675824,33.1425616161423
676752,83.1864661907126
677162,37.29216054497048
678001,0.0
678068,22.05012063931104
679756,8.67463034637818
680104,4.62766520395882
681361,66.7137255646812
681582,34.468868114071896
681599,24.843842647120944
681805,50.88491352244064
681989,30.10021683627856
682027,6.800412835073097
682032,24.70237177430318
682706,7.203865594060197
682996,66.11275976689365
683106,11.521555566021895
683183,0.8507074117842066
683821,10.686807028932115
684941,0.0
685364,45.96740411449111
685381,0.020683241896342963
685435,2.116953483277179
686153,82.19655045181543
686384,32.13315362328811
686696,59.92869418201159
687679,0.0
687794,11.647833753140958
687845,18.992594076284355
687964,21.616019193704247
688663,8.677705404012464
689900,26.53762456606426
690643,28.177376585733562
690675,11.952132067669162
690680,2.6510683241107387
690960,84.37727759449422
690972,44.79507011571051
691049,27.155091927808325
692657,7.686620059875153
692736,2.1520156235914314
693479,3.409522651645652
694374,10.079551617434262
695216,31.40280139463251
695261,4.933391867653782
695568,0.0
696464,41.49613634410673
696593,1.7284464524858407
697765,11.459236230554872
697923,59.59202074593703
698298,9.439034685767002
698327,2.530647549839742
698894,1.0465534187573482
699645,47.2855890519526
700317,1.914326699549754
700916,54.10023479359509
701363,64.54893227877061
701397,5.719220968151973
702213,39.96341955198293
703125,0.0
703971,11.171781445896286
704047,4.455751860201147
704669,28.97522776000541
704746,0.0
704838,45.876183173857974
705783,28.808324116699794
706347,8.468549918076462
707302,0.9093619736926044
707358,0.6330284215723978
707387,1.8189575591856908
707443,52.56233564076123
707695,1.3426775494176297
707736,8.967732101604291
708358,41.366005020011826
708374,84.92892146784789
709271,0.0
710283,7.931589054755726
710290,18.87553351454033
711393,4.4967199701045
711462,4.161410188865773
711635,37.63847218673798
711881,5.302328253457155
712127,19.70545863464441
712136,30.412966478066586
712200,13.997566722043167
712260,24.657913945702468
713616,16.239746735881955
713857,59.583931621312296
714028,12.856069735330458
714939,1.648519869264895
715073,15.103300646395432
715544,21.45909525124773
715615,74.18757242761365
716350,3.9634138526700085
716433,13.220697271170849
716780,0.0
716949,79.02182048710455
717725,4.5730208204754135
718761,24.409994008072722
718796,43.69489905655227
719393,4.921007721141919
719621,32.13709562613208
720221,0.0
720242,12.167828793276492
720274,3.8186584088795925
721719,28.83874014601369
722399,1.1123507216892143
723362,33.56852020304588
723457,12.539509705321258
723468,7.2746785260984055
723507,29.186131306611482
723560,55.22748810383554
723786,34.84041638697068
724806,8.75805568547019
725509,67.70145321775965
726692,8.625161382977701
727414,57.78083152262712
727512,16.722523710301274
727835,50.305954218377316
727964,4.313330489123928
728409,72.74557473722325
728493,40.493793212471175
728498,36.8212831591025
728573,0.0
728837,0.0
728857,9.04437492597647
729386,0.0
729678,46.30282792806588
729684,59.06830682031461
729714,25.134099575509207
729740,0.0
729811,14.911796380546285
730634,10.699175932687773
732397,2.7212060961748037
732700,16.60460486149288
732818,8.124826630052446
733207,0.0
734514,57.54406208872725
736061,43.83709275178828
736187,48.87822337193197
736743,5.610678347187736
737100,0.0
737126,63.184633025377344
737330,11.417358929004358
737356,8.761856674312035
737500,8.970247502432784
738008,20.605879045457673
738263,0.0
738283,13.66633142006578
738588,10.446780626685559
739458,52.722014084933754
739738,0.0
739815,54.03890931828657
739890,21.07655400333224
741154,11.200704868398539
741345,0.0
741354,8.952297039102696
741456,91.21963596840703
741509,7.534570291730773
741740,1.8683930857280515
741783,75.25518762043095
741797,8.93154389024398
741806,32.09686371816864
741862,29.119654129411536
742779,8.547681384357595
742795,38.98893636539639
743429,8.052903115505742
743468,10.361957271479667
743549,48.27372859629528
744078,40.68243874936881
744096,7.369358786827441
744227,11.156076953036674
744418,10.736976180138342
744638,21.75242146884613
744913,8.642594322149634
745037,57.60193242133038
746088,67.08904519375278
746346,77.35322041729208
746362,50.55049078329294
746393,32.0550576654267
747159,58.67443353426695
747316,12.648589248281585
747401,6.147222217373191
747636,0.0
748118,51.33846821241507
748277,41.16083837258407
749362,34.51617240347374
749455,81.44773614948775
749534,35.4762271734606
749738,34.43322482555974
750946,0.0
750984,0.03880639473702985
751818,69.63398569386754
751851,1.5086739584124444
752150,47.7361430225481
752455,6.512896168518957
752811,74.37166260596365
753399,15.907818140406278
753687,57.39149729357254
753718,23.19978783631211
753983,28.801233382342232
753991,79.78586763905848
754190,32.947512270023154
754353,8.252468574709773
755032,13.646587402056845
755312,7.188325047134015
755392,7.444687698817894
755525,1.3878193531167753
756611,63.580342967877755
756767,52.613374909575406
756861,0.0
756892,0.0
756924,57.50173711078977
756928,11.062111766635105
756941,21.916652979545333
757187,17.9369337409165
758782,4.86562860825034
759181,38.37698864666439
759901,63.12453929743034
760088,12.337484458216132
760556,6.742513803881252
761835,19.907325889217063
761848,5.4498629555079035
762015,24.062357120497843
762088,5.984768838175597
763546,51.965722237686045
763809,19.048486503853404
763824,67.88737131327214
763833,54.21781332302607
763878,42.68421244386603
763932,23.635146505876982
763962,51.1608247839962
764753,70.07903399839955
765288,0.0
765315,53.3266305024622
765335,13.494943780429487
765542,0.0
765569,20.79396153025094
766228,3.5045234883001264
766814,3.838334749837827
766915,0.633427823731239
766948,17.466448611800324
766964,0.0
766973,28.69038419242701
767286,8.642513128012965
767571,64.26555007458549
767771,4.918567031119899
767797,0.0
767969,34.939986468473805
767983,3.6160212883688345
768106,73.28945363427584
768162,37.634251439607745
768797,23.874593874898736
769279,16.427815425294803
769448,79.37683970279764
769740,13.693310106079231
769899,2.4782937103792904
771396,0.0
771430,13.246827255699237
771464,4.475008537591997
771625,15.194472028008427
771647,11.703029637730658
772667,3.2573747099722823
772679,10.457993891148853
773041,53.08661362927039
773259,9.714570925901057
773813,8.520541735503429
773993,62.30497208343341
774791,37.97584308790171
774899,0.0
774948,8.377736591308086
775016,8.26307353811881
775233,0.0
775280,48.457864124582784
775311,0.0
775447,69.59359036433801
776381,7.449352213209075
776500,44.81161122319277
776820,0.0
776845,6.9587692143101165
777097,2.9517764528120978
777327,18.075610109910535
778291,0.0
778381,11.800111780532383
778390,78.59225209721922
778615,0.20499517348821428
778968,22.30850747822849
779001,58.39977370587091
779217,59.6739274331905
779607,20.474501134123845
780205,14.832758057911008
780238,1.7238302432364279
780322,27.245237401475954
781486,65.04684248960295
782063,0.0
782681,2.646989525058281
783307,70.47398248450625
783341,47.3469680490003
783397,5.062928832021022
783705,84.1163181265851
783818,0.0
783964,34.71711101846154
784024,41.959807627578435
784169,70.4703971422411
785003,2.0795651817524856
785097,9.332798279090902
785366,2.2810659832977507
785508,71.17466683176794
785953,14.77311229182282
786105,6.179924109479636
786481,3.2421034976874523
786696,11.715221228724488
786843,60.33940544403833
786955,41.7485823450301
786967,10.887096543220238
787567,0.0
787593,4.626697850316191
787941,35.53420804886695
787968,1.336830832165795
787992,36.125935831350525
788683,60.22256426983527
789302,25.067284302521372
789593,28.16892236524557
789596,5.753728012110081
789686,0.0
790018,9.566382351062472
790032,46.019109519831034
790059,67.74544067703678
790074,45.80903462224939
791049,10.65753044229222
791087,2.8505323854235556
791135,17.28490703390326
791191,54.9516789086489
791223,10.75043589951829
791541,0.5896494541922763
792061,2.088634492228991
792187,25.25883575820653
792251,0.0
792418,20.646201621426492
792457,8.39769472931767
792609,17.13103123203011
792748,13.365431084268991
792808,8.221060702430044
793493,50.50950975918234
793951,16.864408004667517
793986,11.387264785946037
794020,6.5174360656858354
794156,37.964439580539306
794318,9.423652993166392
794362,10.873405330723052
794413,7.047516037135324
794427,31.576219528446053
794457,32.269601422366925
794496,58.86428985728584
794535,0.0
794567,43.94271521981206
795198,16.24835141364408
795752,53.10264351582621
795775,0.0
798100,19.49884286187092
798108,0.0
798128,4.593982224761284
798429,70.65481580986149
799319,57.26895252604596
799467,27.030954254866778
799829,54.78338299558174
799836,61.39213796227908
799900,14.218999787223161
800408,17.66729195592974
801058,22.64319916304175
801370,53.34744267020186
801626,12.09037156173569
802651,19.151811978149517
802677,5.298692812890749
802983,7.6478898273868126
803071,7.472410027793366
803237,11.06660941160451
803257,27.4194725427607
803267,42.63457025010471
803835,60.338272609001606
804040,0.0
804494,20.250176813712564
804815,35.872148587797604
805218,30.289148693994072
805271,0.0
805405,3.743607313881647
805411,26.02558756410162
805973,2.4079328000361997
806038,58.39924544507395
806205,13.630236483167003
806314,65.57879886806114
808680,0.0
808774,8.78767191207072
808836,16.37593673189103
808851,63.638222404669115
809567,40.61221359112319
809929,13.440184880772186
810346,10.182023611486578
810431,0.0
810681,0.0
810830,27.271082352796405
810867,35.319668919003604
811117,0.0
811198,6.977784014870338
811457,1.3579064037223603
811801,1.6728889512119736
811950,9.848880738341805
812462,14.786916699562688
812467,15.575559375520292
812532,5.62047073912651
812695,72.88060986738897
812925,18.40986981424453
812938,21.634819351632743
813155,6.992535007970055
813459,0.949863238634407
813470,5.047192343378434
813554,23.7256419798616
813645,15.514932031476167
813736,50.38077321282274
814556,5.358705227474296
814890,3.379044277326308
815045,24.781159999517016
815386,16.002914852087237
815450,0.0
815465,68.29257586567147
815637,0.0
816503,74.74295654416593
816875,9.360651465491397
816907,12.13654804110525
817007,25.23047813879166
817188,23.377566796308905
817355,17.05860865358779
817412,7.944790332485653
818030,31.72072427440278
818084,26.023572120999233
818252,17.193787302324814
818253,22.45221444292099
818259,0.0
819228,24.395644899687134
819419,54.77191567932339
819504,1.0650071275656785
819956,19.848627367684436
819984,6.803270217335111
820070,28.36270310243919
820146,30.473856361421973
820225,0.38383756233701405
820801,0.511514844030593
821135,38.367912272646784
821252,24.448726883841527
821266,23.66630922490095
821506,16.15293229801358
821584,5.177694379694152
821585,0.0
822119,8.0677568567125
822164,30.377356677756133
822172,3.8965522863093227
822263,39.54632582596475
822266,17.066106750953118
822297,0.0
822298,30.964248700632446
823245,0.0
823631,17.824306046593087
824163,9.124421988643604
824421,0.02907093326954424
824515,3.2334292809579246
825129,40.296794560982775
825486,67.24787969322075
825545,30.185031815042148
825550,3.2208729104575937
825664,0.9767736792529149
826236,0.6045726875554109
826603,31.581918674251803
826642,5.65542740919318
826990,6.0232182101117715
827796,18.228527203056018
827802,12.418738253100415
828130,29.919725198032133
828218,10.504870012707677
828553,2.940137618724904
828685,45.08683292671264
828915,12.292321635082189
829215,9.10403467234476
829935,10.232508795651832
830370,4.088668321693618
830482,58.57990528538803
830949,51.31166904577492
832005,21.265758718606
832096,69.13299754018976
832157,0.0
832281,2.962428824260293
832810,18.13709504582437
832855,39.05427694701781
832947,59.2511918391283
833860,43.18984502858972
833927,70.36542845229889
834559,0.0
834600,7.740631643646772
834962,0.0
834982,2.749847581523575
835138,10.27228826676967
835231,63.27355154663541
836411,3.903914334451464
836513,0.9518426341647626
836519,10.950857979722585
836947,0.0
837134,0.0
837164,7.895532079428406
837284,0.0
837430,0.0
837471,35.16477390630469
837503,77.24501396467144
838489,67.53838539424552
838586,6.1680489660635835
838669,83.83909035981152
838974,2.5089362687438026
839058,8.42899477313177
839336,85.45004758342512
840118,20.809484838763595
840371,25.371363690659656
840516,59.14730817729134
840616,44.74370247965321
840731,27.300235115608196
840794,8.078690237585967
840914,0.0
841192,1.1567276776949171
841211,0.4142582433920765
841292,8.397942400991433
841463,9.335569538174987
841484,36.980092570199744
841978,5.947725241284608
842167,29.341115901873643
842176,49.610260227311116
842279,35.60453686545913
842484,14.758460662866867
842740,9.444422178073317
842973,5.446535330334093
843003,0.4633595922916527
843033,6.319649858148701
843472,0.16585305489095248
843491,46.04010247696953
843499,2.290393237864034
844023,0.0
844025,0.0
844278,20.101155386683736
845074,4.720165810786966
845362,7.390335995017374
845417,21.757444258108443
845495,10.508652087401325
845514,75.49125311257421
845669,0.0
845999,1.549549180029338
846101,7.440779695633864
846224,0.8238403987137559
846272,0.0
846275,60.95991449717853
846407,0.0
846431,6.785593884166076
846508,0.0
846671,16.372688984922256
846698,23.55522406201971
846854,55.274648221088526
846857,8.717253359093718
846948,18.64366393625277
847591,1.1163685032829775
848071,29.517296653779688
848174,0.0
848220,73.16150883014585
848699,59.509765475449605
848707,19.06806667059586
848722,49.04828281949507
849567,21.36045778459036
849574,16.632733539308354
849703,60.19471317221662
849927,25.130847883269077
850093,28.087457961843228
850097,55.11435618652941
850260,6.750916253661032
850324,55.92025833651438
850338,66.73970249921246
850359,5.602515936117964
850388,0.0
850943,7.2821234417089045
851366,8.076282106605273
851952,0.0
852483,9.421316617402802
852709,59.85181370439482
852949,0.0
853263,0.5358963873098332
854095,8.220658494065809
854396,7.46066766062048
854736,24.10167429302265
855150,68.1359984346891
855300,0.0
855386,44.72452016961167
855412,12.94759849513619
855462,0.0
855542,2.6754180309730984
855549,57.15658562971665
855894,4.177471076514074
855919,22.315720190276117
855959,23.95460961314459
856386,0.0
856396,7.10174420614068
856428,10.786226889789347
856440,12.262951097071216
856976,5.987177646554272
857941,11.430921226650355
859045,56.54464896471774
859521,18.59553117825466
859596,16.00087039396673
860401,61.747530180110736
860827,84.22596697011312
860837,57.692565693419084
861561,49.56080793806936
861689,18.865740098329585
861759,16.52034245426379
862890,7.990376671834213
863199,67.30216008223462
863209,31.518670088223978
864031,4.676814912786249
864271,7.5331841326035445
864981,52.05847649082592
865033,67.46990999708424
865992,9.290645611819023
866890,36.03083904868533
867020,46.368838112863635
867694,3.1141121414227015
867717,5.581801040154339
867721,57.525410769899835
867749,8.67079267264522
867803,27.892694018136908
868966,0.0
871030,22.915690527667522
871079,12.400731466766814
871835,7.300852480419941
872008,52.74111738168242
872069,24.277311354065972
872897,71.62447130302931
872981,5.391606909270273
873024,36.984447533415576
873373,9.383870256882808
873602,32.58081908451428
873610,0.0
873701,70.51588945549686
874577,3.67344611927399
874615,36.323863828846804
874683,14.61392976240927
874706,58.638275517516654
875460,18.552880741425398
875543,0.0
876488,50.28830860587768
876792,22.65753249622353
876916,5.9352845389884195
877067,12.770875143436022
877394,8.238537623361154
877412,3.2333591676958875
877431,2.7624046724356575
878525,9.902861647832545
878844,4.181475631854802
879111,48.204461832678504
879238,0.0
879244,11.758731577293673
880424,61.61761057245518
880452,45.08272994914528
880811,7.479323665338292
880870,10.14010639857522
881159,18.912671643221955
882523,5.960629565450226
882590,55.207517497993074
883517,13.160828518770792
883919,72.28988894336192
886808,36.80791720033395
886821,8.739688329263991
887129,53.925342384112724
887292,61.14571441039768
887526,30.00333203992617
888127,2.725608319508005
888554,5.607211213776534
888583,11.56994316256312
889247,8.56593522321899
889376,64.70657322374849
890605,13.427416051396872
890855,1.0340697762380984
892080,10.786283359951192
892210,9.994364351799085
893556,31.789615347800016
894093,34.265139829712844
894988,28.292467502974723
895253,26.76635540393577
895429,7.758292319321043
895431,9.379221101887111
895447,8.99566386019012
896443,28.31866550723506
898263,0.0
898264,0.0
898669,38.17161397414535
898839,4.522198066550658
898861,27.63418082069022
899948,0.0
902528,0.0
902709,63.85241652688925
904060,12.299324750350145
904371,42.45225240005521
905314,26.463550809712437
905425,56.463193056716
905694,9.124338008286706
906058,60.74846192490284
906829,0.0
907966,14.137520011206512
908015,27.64466114203224
908275,12.113712537049018
908346,0.9028920996490655
908469,18.947376696976995
910366,35.37295007808013
910976,29.86056753191098
911964,11.641296184380273
913177,7.144244731826866
913816,6.2966191614337035
914245,70.47118032455202
914325,21.442016751749293
914355,12.092246353814275
914594,1.3404519083465374
916105,5.976704174608479
916836,8.855020530572986
916837,40.03760620270145
917699,0.0
918239,21.623376046449266
918398,9.421614055652498
918610,34.578514903848124
919212,44.06260358910435
919269,1.4210350062632884
919491,60.22282498820123
919581,15.193755387931425
919830,42.636675320951454
919955,11.413391459672951
919978,86.96048385626258
919990,0.0
920930,6.969640386370571
920951,12.048511688816745
921034,13.997963227745668
921203,12.923872834986021
921585,39.62847249014671
921695,9.459648690386636
922695,10.955651437758505
922764,73.52884531232635
923053,10.23012426227983
923741,9.66927486006378
924600,15.033052912622516
925010,2.3956176610937447
925458,4.23984527643762
926337,10.97451556628127
927075,64.74633776217497
927408,52.73904626093223
927597,20.500001808206484
927987,15.22023131623536
928004,60.491962639999294
929790,21.39913563842937
929833,15.889735364537174
929891,53.30206904764785
930701,27.69073457590725
930809,56.543805700273104
931780,50.75224752179915
932241,1.5524705960870264
932277,12.20937650922469
934224,13.684957480112814
935695,7.954459999274405
937396,0.0
937448,6.568712551260013
937840,0.0
937876,0.0
939035,73.98523720439188
939260,0.0
939411,61.72461817139331
939657,66.89382965190904
939724,59.50743941190212
940046,64.53530397551089
940856,48.425930876852746
941077,0.0
941563,10.740684441222498
941642,68.14581623851478
943891,59.623378263515626
943929,0.0
944040,13.181976335627702
944755,62.50502523967687
944840,11.302563155701307
945297,89.50974344095641
945820,10.030345943554714
949194,4.048710669849875
950038,0.0
950777,9.115484082404983
951944,14.440536741704724
953275,41.35184477480802
953284,0.0
953437,6.2630198467837275
953821,11.133016896857676
953960,50.69784062408963
954105,57.13304589581214
955354,18.853240488906035
955489,57.5713508413754
955542,4.0315757815322755
956412,75.80070579069967
956554,67.98595905768988
956573,20.13588194197557
956887,0.0
956943,56.43028697597402
957289,11.236847315709205
957592,4.530742465053184
958222,14.581159838587503
958353,10.318111353737656
959349,7.616734531714961
959779,13.706661681517891
959788,46.64620511286037
959791,16.497313100582907
959871,0.0
959948,4.783343562049467
960495,10.269837970566613
961477,70.99457907187974
961830,10.934894457503184
961877,64.16966086043698
962056,12.892769078138059
962620,5.084577508783898
964118,47.24740862960772
964514,42.80221438395845
966104,36.09941465692943
966167,11.63037115752649
966663,5.52894937100249
968848,9.828957980148598
968921,50.7366443421174
969115,0.0
969463,4.748533869881271
970659,56.951474072900744
970715,13.311866036651928
970949,54.785906023059546
971247,59.294710162081905
971253,54.6021498292049
972366,3.0332366703522737
972426,17.741187215054257
973128,28.26946090071278
973371,75.23522620083793
973535,72.6397383813057
973791,11.1862119969106
975229,32.164304702751934
975250,17.505361765360767
975359,4.493258007311169
975369,16.23540801830439
975636,11.916588150220555
975656,55.27291334508991
975897,3.9907162592558905
977152,9.848250816303775
977267,6.137656213459721
977290,55.134470155672474
978615,63.47757002608828
979560,10.437702105884249
979656,45.29621364011111
979851,13.135130663513017
980018,2.6014038541087743
980098,16.37604439841452
981494,0.0
983220,12.62023903092038
983625,72.74777770532397
984380,5.010851644235
985273,61.68279988942174
985642,3.7466363084984025
986540,17.37036413836539
986727,83.10792526247084
986936,12.845398730132143
986939,1.3591580968786445
987329,35.694454762169094
988991,20.972211510784334
989241,26.00547478462955
989423,13.764066468822065
989488,56.65441518425107
989925,4.070501203059365
989976,39.280776080828254
990171,78.232253647297
990703,21.6072195139133
991396,4.818836937026397
992186,32.18338463125134
992508,16.718359238848116
992598,61.271893930768535
993011,30.175440576813948
993040,85.42635053997287
993785,0.0
995169,3.6295750269656324
995187,49.1908443842869
995341,0.0
995367,8.826154796675695
997028,0.7762375220833135
998023,0.8042755472844405
998896,1.9138587228593806
999984,47.507492436680074
1000264,72.985477793542
1000871,5.910909384458854
1001367,55.29360160390649
1001405,54.05049623905476
1001447,45.91642290900634
1002469,6.4728910449299875
1005558,45.44496414069908
1005763,8.001610410442929
1006292,60.51703339427946
1006493,4.694053054686179
1006697,33.83553826647734
1006699,24.928640918078727
1007266,0.0
1007724,15.495457873626389
1009018,8.645634843972623
1010683,8.503746484937867
1011326,18.322191472595456
1011449,17.09406112374827
1012203,17.988185067594486
1012321,36.754107516050325
1012337,7.828845423298695
1013235,41.538794396559204
1013363,7.924512360094958
1013647,54.04290987048863
1013779,0.04350225134488994
1014305,1.6097053468088092
1016004,60.60943688023776
1018769,76.31821840316331
1018858,1.282997416285248
1019111,4.242695598864003
1021122,11.712145383134402
1021414,23.899660484290315
1021668,11.653782040269778
1022180,6.0442398581052
1023117,7.5867089002152355
1023754,8.058430666344549
1023833,7.307613532391393
1024113,12.635444397734567
1024135,11.788191064211418
1024342,5.330326553530227
1024364,24.21762967946296
1024932,0.0
1024949,19.780197985861754
1025847,7.2778316198794
1026385,0.0
1026592,53.112441969252245
1026683,10.960193309740156
1027022,0.0
1027162,12.070115493389153
1027808,38.5820402974585
1027934,2.9976890115164636
1028139,0.0
1028158,5.922388155309825
1028222,16.9143749372815
1028263,32.144819131178856
1029845,71.95443837770576
1030254,14.868442020128136
1030780,24.623370946609565
1032127,0.0
1034106,33.048356821223976
1034911,0.0
1035717,0.3999513046004921
1036734,65.67668885484198
1037017,8.466589235069371
1039045,5.502752873295968
1039215,66.66207692716169
1039931,48.42044722252401
1039983,9.888408213684912
1039984,56.05691551231504
1040018,14.407081478471461
1040182,62.857521047269394
1041218,4.860066598664169
1041334,23.6370334088473
1041512,29.76316923212432
1041574,0.0
1041746,7.972957357491829
1041974,1.3039774684522278
1042416,62.628445022357134
1043046,40.39455484810321
1044502,50.4587960207354
1044917,20.827450276597716
1045155,0.0
1045491,68.25641867730263
1045633,31.103398844228288
1045897,71.44516658605727
1046454,0.0
1046615,26.688588824737295
1048382,14.450338478871664
1049153,84.9278612271084
1049207,1.219016659406556
1049224,41.832949156113955
1050389,41.63267502549296
1050955,75.96218335511013
1051859,18.22565666451576
1052960,8.584566983354947
1053375,0.0
1053504,37.48409419852874
1054201,60.71279124456429
1055135,3.52875441405952
1055674,4.134669146109424
1055863,1.9516138148829185
1056119,57.43110521303304
1056597,44.56431584645043
1056657,68.68638622569736
1056754,76.96116376379925
1056804,35.91426555341849
1058361,3.2881010351600253
1058791,61.044884239387486
1058872,0.0
1059025,78.02619091742949
1059889,0.1472152535747142
1060019,61.59726956561065
1060080,2.869888001268805
1060553,68.44005643063059
1062796,0.0
1063020,85.70023197260957
1063060,48.773856013562835
1063678,9.607727666095606
1066079,4.098845213363198
1066660,3.3692327399267086
1066769,92.0
1067022,64.2443748132099
1068924,7.000091742663834
1069287,0.0
1069429,2.850503975670904
1071138,71.41023723677553
1071394,5.111817529727475
1071743,15.474667888576143
1071760,1.1434942644546524
1072481,67.45010009197503
1073635,79.20644477940044
1073780,12.67821000706428
1074360,12.860698014800445
1074564,53.764197578926435
1075314,0.0
1076873,40.18511225873676
1077179,16.541620137158606
1078889,9.753134309445832
1079675,9.746856386127824
1080543,20.12045211707904
1080674,0.0
1080797,13.124558777776343
1080839,14.345496644721372
1081932,7.394227255305196
1082406,42.19244020820269
1082849,55.93858843298248
1083888,18.96684854084913
1084294,28.06614463754599
1085529,5.523332896934328
1085566,12.96104718869642
1085916,41.68544203972708
1086322,17.26024418999191
1086468,2.112950238589825
1086598,4.738167865941989
1086819,0.0
1086958,57.206080298087066
1087354,11.55815573868309
1089143,6.8917127054654514
1089619,9.401003467050337
1089766,13.698695221416052
1089994,40.87341444722775
1090380,2.9437483244025273
1090567,37.29834799831198
1090732,19.941055277221174
1091534,80.79721494759723
1091582,19.381800808906014
1093570,92.0
1093977,2.063489091381406
1094623,0.0
1095278,5.8230008032126435
1095472,59.677687369157404
1096511,71.54269307914123
1097464,78.95752329667346
1098967,12.002496956253388
1099387,6.5038239904003845
1099680,0.0
1100421,48.101789007295196
1101035,74.06084303932002
1101097,23.34670635392252
1101224,11.781717498196102
1101525,30.45287764911199
1102853,14.796783469094045
1104208,2.787659177160627
1104567,30.867189878113614
1104762,17.15922135026303
1106282,13.504397541793892
1107092,15.400902229574179
1109092,9.662321926955705
1109388,45.364091703215124
1109582,25.182767792504485
1109624,2.3401359374691353
1109826,0.7552114967898582
1110193,37.0421171358985
1110533,0.07942556507207854
1111854,53.88847872345177
1111882,76.70647101278459
1111981,70.91482518389711
1112070,32.92857396753936
1112407,28.046040914969208
1112484,20.322052650963037
1112504,0.0
1113258,34.36737512315034
1114788,25.049424122680758
1114858,0.0
1115349,23.788054132805044
1115381,0.8540692545540267
1115438,18.380630233654365
1115576,40.24112708658155
1117181,1.1766266430996737
1117632,3.595265839887709
1117958,15.574078626142459
1118062,5.460068319683565
1118213,0.0
1118479,13.546028896922913
1118547,3.875504632672815
1120033,0.0
1120210,0.0
1120392,59.47702914955181
1121448,16.555852608812792
1121502,16.503753536658422
1122462,11.921916224131714
1123077,1.764662265329214
1123237,0.0
1123879,28.529478654466573
1124394,0.0
1126656,12.405603646687524
1126669,68.04397909228238
1128681,11.368294858887268
1130240,0.0
1130680,84.38880747195068
1131422,55.263308275534804
1132242,0.0
1132907,5.230185398332701
1133211,4.812687144000215
1133254,6.614748134174242
1133341,5.576155861633566
1133460,0.0
1134369,49.90830739501923
1134553,48.787668287360916
1134635,0.28979820898501174
1134988,39.834397414021026
1135315,0.0
1137768,5.481477394299162
1138727,43.35951495343664
1140461,0.5615314709263473
1140837,10.950672574587017
1140912,5.848569628662226
1141071,54.478434661899975
1141076,0.0
1141120,22.91876942998802
1141150,12.672048405871472
1141632,62.59916298359893
1141759,11.51445171909095
1142034,25.384429786506367
1144171,0.0
1144809,10.09286123490525
1145134,65.30318744933527
1145488,0.0
1147507,6.9362863563737065
1147754,0.0
1147884,11.941654232129807
1148380,5.397346586718307
1148451,0.0
1148759,0.0
1149845,73.68552877012277
1150382,8.015047806592527
1150398,29.357610959846898
1150400,8.965493304458754
1150514,0.0
1150914,4.593557507334829
1151388,43.75892453995511
1151980,48.29829139412376
1154609,0.04813227907175843
1155475,10.834164024754173
1155885,70.97912239229612
1156423,0.0
1156634,46.813209337406064
1156733,11.84228919969474
1156977,8.845361662109376
1159142,10.663181665805105
1160028,1.1597142120646353
1161838,57.66192502193458
1163484,58.527206201938945
1163969,14.934489027627897
1164046,9.537392156114258
1164370,24.67547978575464
1166538,41.35417915049067
1167009,8.747939582067495
1167219,34.128109618240245
1167314,7.96828121300458
1167395,0.0
1167444,46.1222823869365
1167658,61.10706111102216
1169928,7.3178914089244955
1170261,65.54022220468754
1170401,2.30622417315616
1170656,0.0
1170887,10.290053452139865
1171342,66.09442067255625
1171581,0.0
1171674,62.29172393441237
1171955,10.490268283793625
1174479,0.0
1174619,0.0
1174944,34.874259756886445
1175304,49.54568494753836
1175394,0.0
1175536,8.859579091848808
1177156,9.951866385014789
1177395,0.0
1177725,44.83528934457792
1177986,0.0
1178231,31.978450487043965
1178389,0.984518453673175
1179080,72.10079809005943
1179938,0.0
1180159,0.0
1180296,21.000253071974157
1180473,1.9740501857553028
1180618,3.5902572312809653
1182186,17.219930338483643
1182668,15.203528086391028
1183172,68.39953801928132
1183517,0.015802676511320612
1183567,27.64915517443996
1183628,9.156661628509248
1183632,31.908870278869166
1184848,18.18440600207972
1185525,22.157308415618907
1186153,18.72255919134394
1186569,61.25722645617472
1186653,21.446167738290132
1186746,83.08069376033984
1186761,49.37897152771718
1187220,2.287037435444198
1187411,17.91707992120493
1187588,73.04542479273152
1189738,59.37676984874945
1191082,2.8142533205304616
1191144,15.17052281587926
1191606,33.0504164969919
1192845,87.8506527881195
1193072,0.0020433284488987624
1193793,19.33550950378018
1194525,33.97663813185857
1195177,4.294718728926945
1197135,11.404934524440854
1197645,27.570663943893443
1198231,0.6013689143908536
1198681,5.3437706719763085
1198874,36.46891203269879
1199878,3.8528351752527854
1200033,0.10071073350741955
1200359,12.355887953896278
1200456,19.766791379312522
1200707,59.83988375419956
1201426,4.160366819108283
1202883,63.03643040522761
1203737,57.585560754300054
1203799,0.0
1205103,72.27611891484949
1206407,0.0
1206525,27.473153227607035
1206643,6.211860303057897
1206859,2.0636820507806988
1207489,0.9407965178428235
1208461,3.845738015332252
1208742,49.22160365960489
1209350,8.289162440980128
1209492,5.149361376751816
1209684,30.439576973453562
1209921,33.942701665583
1211777,5.46972745047049
1212319,10.33252274521454
1213991,26.143914090323513
1214133,57.2141048679895
1215951,8.097114464111705
1216084,29.03447204359977
1216905,54.917040828590956
1217046,58.007483966421894
1217670,29.590652069880356
1217823,6.349195631869883
1217875,0.0
1219919,28.1981823433156
1220962,9.67125042232859
1221172,5.581128149900103
1221503,18.226960078503676
1221511,14.773926300820577
1221576,58.99449317498532
1223230,5.386295856586955
1223755,68.83373204842813
1223980,57.29039747046742
1224056,11.822466557745383
1225060,11.5551845539852
1225604,49.21000595579427
1226176,1.3738486347737933
1226480,82.2994176695057
1228698,33.46888291552538
1229086,22.367631374863077
1229289,87.64890343953712
1229463,8.269064482250407
1229536,10.812804310431545
1229566,11.57162247530352
1230956,0.0
1231104,0.0
1231273,8.270493425908334
1232212,10.74763940305504
1232433,52.87106124090167
1232491,5.209730630914599
1233186,9.143684227740842
1235205,40.64079175862561
1236489,52.64647508358853
1236705,52.6763031321432
1236788,21.13541017408253
1236914,0.0
1237275,15.183626564624802
1238624,0.0
1239265,0.0
1239293,8.48677045667276
1239421,13.36873764804669
1239563,65.4059704285608
1239842,2.8766083736092085
1240213,10.068942688816684
1240698,35.13480513053528
1240885,0.0
1241905,23.507675537072355
1243308,0.0
1245343,9.238641159332303
1245624,9.712266893541404
1245714,15.105287376927166
1245855,54.164233140627516
1246123,2.093877287747368
1246287,0.0
1246670,15.585758024645614
1248477,4.8200337942448215
1248527,4.772936889184862
1249419,9.584804690107326
1251294,0.0
1251889,5.629555947582588
1252565,27.96213280232964
1252680,0.0
1252770,42.58632995458806
1253039,2.008118423622708
1255964,3.2970885621177004
1256152,0.0
1256275,0.0
1256290,0.0
1256707,10.431040471279012
1256768,46.44842163138346
1257416,7.211440150724648
1257994,27.05719793134559
1260619,14.360581367203118
1263964,73.54289300623964
1264663,0.08341204200437602
1264695,49.65170969672454
1264701,0.2639939762450112
1264732,43.47274476792646
1264887,30.63961333998851
1264920,0.0
1267945,47.317916595327866
1267954,54.21959575233255
1268083,17.86426021998964
1268126,51.290351825268964
1268154,34.85925905813102
1268175,16.82719262657747
1268218,1.4762754036211874
1268226,63.24169935854416
1270420,0.0
1271297,26.464267794301698
1271312,7.800961519788366
1272282,10.59996497379148
1274530,12.768941323216726
1274738,0.0
1275942,40.42295936627973
1276054,43.39476203781355
1276554,0.0
1277955,8.856638756376675
1278469,16.96308214244356
1278506,9.060021978314847
1278784,57.27016795318881
1279185,9.649350479740619
1279189,8.001905332917431
1279234,2.445259326769289
1279449,22.516994940694097
1279855,0.0
1280188,20.937488865457183
1280427,0.0
1280533,18.805427973070643
1280916,27.657672692236886
1281023,12.612599489157759
1282638,77.69265131485062
1282763,0.25759278848139644
1283523,59.841065900869374
1283701,1.5536108348199988
1283928,10.593843503790033
1284189,13.12400242307011
1284990,37.570971946740855
1285927,28.079262376268872
1286024,41.44583335284668
1286933,36.76748284348601
1286972,73.31193248846873
1290336,25.135048730938557
1291490,11.722838647823444
1291558,9.69053751705993
1291561,14.981233849901244
1291913,73.0695463716473
1292184,57.635805321024286
1292585,85.02683458530737
1294267,35.894350218622655
1294417,86.8544390646259
1294438,67.83910013416195
1294721,0.0
1297663,12.373541389270429
1300191,0.195610978570798
1301227,0.0
1301259,8.065832538343649
1301262,0.0064071828434038025
1301321,5.809080400935109
1301507,45.35234559803682
1301986,68.58128262452743
1302596,10.645464589981323
1302684,7.975065227314936
1304459,25.38808143814074
1304604,7.388469450881271
1305590,19.691547737719475
1306749,16.06018282639669
1307405,9.44301291302989
1307723,3.551874671289802
1308355,5.141168621007026
1308877,0.0
1309707,21.5085684665196
1310672,26.672471232997218
1311399,3.7356554910018076
1312178,11.614968584654662
1312228,5.216050371445867
1313020,0.0
1313141,16.530077670176958
1313258,59.21520338777046
1313768,6.446053879488623
1313885,41.275045009322334
1315676,5.957623813578486
1315753,9.73424313428049
1316175,0.0
1316416,0.0
1316538,0.0
1316691,52.972049157465875
1316747,0.0
1317648,1.2704470292468173
1319855,8.168518573140673
1321174,21.681207946002168
1322432,10.989579906999385
1322917,75.24172299777035
1323485,1.1628910341839003
1323528,53.16781805490779
1323789,6.5578187961679575
1324295,4.326478865824328
1325432,42.308521674160914
1325472,25.69565309337994
1325473,17.848434070412523
1325759,17.312061648268042
1326566,6.501922956105709
1327940,28.26613519901302
1328032,0.0
1328080,69.22557861845917
1330056,35.03463983308175
1330753,12.065972861980327
1330775,37.06665686889398
1331231,4.717003173433135
1332345,9.91519987867564
1332570,10.52779854080601
1332663,16.485119014766305
1333269,6.8599266103706285
1335550,42.532140944973236
1335634,72.98720634136508
1336390,2.18754684735552
1336435,2.084880671857583
1337124,26.886004852944367
1337193,9.486225703253695
1337609,6.193477226131769
1338900,0.0
1339672,32.64515364162799
1340568,29.772527079728526
1340982,9.936040537898108
1342296,31.639121488542166
1342928,21.536266175100423
1344128,28.32569765014359
1344262,36.1856238695242
1344474,5.357587782213521
1344551,66.34126574917065
1345712,16.404323960659333
1346389,0.0
1346822,4.207832215209908
1346989,0.0
1347103,44.44134996172443
1347175,10.562140650198785
1347204,27.90479986223783
1348306,19.365456251761522
1348655,36.63307259049927
1348885,2.2783275067459883
1349187,0.0
1349237,66.13247128149597
1349503,9.124738538113668
1349834,64.82065192705542
1351217,50.78418782795197
1351364,7.14711429199081
1351404,32.94945811267268
1351427,7.394200832875036
1351683,5.7605368215124955
1351889,20.14686993573367
1351915,1.1862645378985377
1352657,5.5177442107764705
1352916,3.5673159650278166
1354042,19.987602725208255
1354415,73.16720045819532
1354775,7.973108647338336
1355859,12.713797654777155
1356513,0.0
1356545,7.65545010088217
1356889,9.793952912570806
1356895,4.977308435821264
1358179,0.0
1359411,25.26200776604037
1360781,4.177012734709713
1360820,0.0
1360873,6.35287630513438
1360926,20.44279933916348
1360932,0.0
1361428,8.419252142170834
1362512,37.58981427836735
1362925,35.489456658177254
1364584,18.8419175390759
1364921,30.25267456309212
1365505,0.0
1367775,2.1497541062655827
1368568,0.0
1368674,60.40302543051033
1369559,4.137358217622918
1369670,0.0
1369799,4.842595393256147
1370064,3.3077135849482886
1370154,8.345467420686568
1370405,83.1524870231022
1370600,9.566351409784225
1371114,14.49648961503955
1373456,14.877357513320035
1373541,1.6979317334404413
1373655,54.1520247560434
1374144,0.0
1376820,5.80346807516954
1377134,34.90983470778413
1377478,32.81192789504703
1377622,0.0
1378088,0.0
1378111,0.0
1379616,55.60773332274358
1380326,6.342326279700849
1381569,0.0
1382245,7.397933051611837
1382256,3.313474215978083
1382607,0.0
1384858,0.0
1385985,0.0
1386742,65.12493615327058
1387166,23.589749287296947
1387361,1.1995455425564003
1387839,6.9811876321204664
1388569,13.576573517762679
1391999,25.941578335937542
1392144,21.016677454706873
1392330,71.27277313494449
1392390,19.59828165417806
1392398,4.222815604930634
1393169,0.0
1393419,41.198702295237645
1393994,0.0
1397839,8.701995875326105
1399187,8.70068287877853
1399273,7.6898611742190255
1399352,50.57898618661318
1401578,3.674309161659984
1401826,8.892198709597182
1402731,53.22538804544647
1403323,0.0
1403827,46.72410521909823
1404586,3.221267908829482
1404629,0.0
1407364,34.4379904167809
1410197,23.450814654407473
1411349,29.745219735532608
1411811,45.74684974164094
1411979,0.3704088329960413
1412531,12.72526911522796
1413795,14.736529634557122
1414196,8.463419589955606
1414747,2.6380250201980395
1415738,37.216002896694015
1417215,14.352580545422967
1420335,2.1402967197053755
1420559,6.284339381597448
1421077,28.13303956946985
1421933,15.855322475766435
1422237,0.5351069101611117
1423063,11.7235936474653
1423112,17.512544374124452
1423957,0.0
1426302,10.579939684689869
1426436,0.0
1426643,0.0
1426738,5.33633510059326
1427401,55.420490395269425
1428371,2.331934107178988
1430650,50.65423044767293
1431246,34.534391637795565
1431373,51.87329459830667
1432694,0.973596237509895
1433326,49.69993158317738
1433337,33.94617672233527
1433849,9.992943530971893
1436810,9.703233105766785
1437044,6.79773918466713
1437163,6.472264913958806
1437903,0.0
1438369,71.53874363539374
1439295,19.667263548974283
1440363,78.54231453366782
1440512,0.0
1441260,0.0
1441931,0.0
1442450,4.616382879324959
1442799,91.29110477265897
1443077,32.834185436574664
1444924,6.6056475500451555
1445250,22.887372309297657
1445813,2.0081401991393406
1445842,6.699631773585132
1445876,3.28861013304158
1445957,10.537949686678012
1445977,8.987705604047584
1447952,8.425813862124045
1448691,37.90394033753279
1449546,36.996043859222056
1450568,18.172315251741026
1450685,50.026343021241374
1453049,13.990322346576484
1453998,14.170923354017411
1454920,25.486742396052293
1455061,28.884918350562465
1455407,10.98905628601102
1456142,4.1708303228584285
1456352,70.20477960092323
1456430,15.08209748752774
1456565,0.33474854145513433
1457003,9.655933496855972
1457042,13.308572920993178
1458645,28.95298173666822
1458995,9.615598852376515
1459724,0.25105289202490866
1459862,58.08908154406097
1461721,39.11758904148006
1461822,5.897084719796162
1461965,56.24976687656449
1462270,1.2330270647583284
1462341,11.336500105021386
1466053,0.0
1466081,47.79135797195632
1466534,36.86759058678586
1466592,0.0
1466688,0.0
1467025,37.931875201789886
1467030,85.87707581223043
1467618,9.448663394688673
1469244,24.44444891946885
1469955,12.123787350237919
1470117,0.0
1470698,30.40575740013092
1470969,12.156588079061187
1471201,0.0
1471244,9.55528260712557
1471265,15.689198371238874
1471952,15.661506348553026
1472166,0.0
1472842,0.0
1474887,13.004791471819594
1475661,4.102346828100977
1476085,2.5687350791762213
1476244,30.80633515609764
1478084,1.5073856088450341
1478270,0.0
1478468,9.261114824857117
1479113,30.76696565218368
1481753,12.469238350165448
1483688,30.488560384191413
1484077,39.92486559935957
1484207,19.581915908621646
1486963,38.70777853609313
1487222,9.310471157213438
1490223,7.18775900558196
1491731,1.6877458075977003
1491991,20.524971619094828
1492810,7.079394440370841
1492856,57.49413044560663
1494527,86.9834695581585
1494817,0.0
1494934,0.0
1496319,5.282665840677005
1499572,9.352137894206756
1499650,10.830008705966073
1503296,8.358694139802829
1506284,68.3369255131296
1507437,2.004494826754197
1507929,1.5651223445181657
1507974,12.747905877641564
1508461,34.356334308942195
1510830,6.025889049013458
1511048,3.7587175965523727
1511216,35.712421677998606
1511303,65.22493840426193
1511933,37.486004443645484
1512006,71.31877355114295
1515026,7.010787424452609
1515135,9.840995291301503
1515522,26.419986034165078
1515611,13.183330492151022
1515979,45.479236491666846
1516048,11.134676129289211
1518302,54.51496204070961
1519621,8.294540325176605
1519799,29.566380728332838
1520136,8.990393856777658
1520651,15.248721343218214
1520813,38.43017037863748
1521091,13.53519370440484
1521256,4.838152999541485
1521536,2.5105321410874595
1521862,6.243391281075802
1523865,0.0
1523892,0.0
1524562,59.8157648156536
1524610,17.811333406659646
1524948,18.295395734586826
1525121,0.0
1525143,15.037538390889303
1525580,0.0
1525602,61.18815016557158
1526129,0.0
1526274,3.7686054310970434
1526416,0.0
1526741,51.33837234745146
1528339,0.02475444301759211
1530561,65.33582697818782
1533652,34.863629165493236
1533807,13.105768427864135
1534078,8.016126954974823
1534109,10.02583985752927
1538944,0.0
1539361,0.5452501166463577
1539462,16.840313905425454
1540562,26.103588951366156
1541353,9.487304004815407
1541832,23.948210354568616
1542279,29.097446890857064
1543023,0.0
1545525,16.683622811681097
1545924,10.737288881184483
1546380,25.91611184241649
1546748,19.970419248990474
1549413,72.32373615093996
1551044,44.43880382698768
1551078,36.85134173797716
1551916,6.51300165663767
1552576,69.05369410355232
1555500,0.9737695989149842
1555853,10.955894797284138
1555919,10.80660256232705
1557326,51.70344107359751
1557548,0.0
1557778,19.54836312249792
1557803,3.9840051129483527
1559912,7.7138177536531245
1560573,12.684620038189696
1560606,0.0
1560957,10.009641389397387
1561735,0.0
1564553,59.814030634369395
1565808,14.766469205623785
1566714,80.8556457603844
1567003,25.018560131106796
1568777,10.239513414887789
1569396,55.83126706958668
1569444,8.459615945301572
1569842,0.0
1569906,0.0
1570096,49.712020506481444
1571050,17.36727552236952
1573068,8.64963967904658
1573753,8.48875165538157
1574097,31.366250389593937
1576724,13.148558479057847
1576883,0.0
1577575,41.73291064639794
1577913,38.058600768575225
1578996,40.56120216361866
1581223,2.6180569697098335
1581466,66.1552254541386
1582263,0.06545640582998402
1582540,0.0
1582875,45.880020404622165
1582940,13.155699264083243
1583111,36.73303364811844
1583128,21.509539638229526
1583258,0.0
1583673,0.0
1583971,6.803035382129401
1583985,27.75026508950738
1584167,14.857074903569277
1586304,2.8175810489323467
1586454,10.942418292712652
1586489,35.272272758407496
1586608,24.622710578725787
1586773,47.62207716626516
1588221,7.590829611672056
1588903,13.060211178355445
1589715,11.377407211516875
1590214,69.04832222857613
1591811,74.82050898689872
1592879,0.0
1593444,0.0
1594395,0.9898142420224048
1596169,7.494362290598126
1596314,0.0
1596603,11.8198569262821
1596669,5.530430671580085
1597002,0.0
1598518,7.355126863146616
1598722,17.7724320092428
1598863,0.0
1598950,20.016705465641046
1601704,1.3514061060678095
1601776,0.0
1601955,79.14285422126909
1602731,23.945415920276666
1602793,66.9442709500384
1604324,18.061996094333036
1604488,53.62834267996191
1606115,5.556827905552044
1607335,9.925610271225828
1608567,0.0
1609799,0.0
1611089,0.0
1611398,0.0
1612489,8.785633474846087
1613419,22.018035472230544
1613539,0.0
1613859,8.190872969088758
1614925,0.0
1615083,72.82858955737086
1616807,0.0
1617264,0.5432004724895663
1617443,37.58647420949262
1617488,11.735611377155116
1618034,2.187986280286548
1618877,4.634866126733819
1619312,6.171961073867884
1619538,4.978137650454194
1619695,57.233617995299426
1619756,73.90621890754466
1619841,4.113863614906556
1621986,0.0
1623013,55.2590556281287
1624451,9.116818669639855
1627297,33.62449268703402
1627696,55.95016611881877
1627949,5.455421920667739
1628003,14.305469009985387
1628138,1.4442376141435318
1628156,59.017785305002455
1628564,33.65467484231329
1628643,56.38658709951004
1628878,63.278269484068694
1629248,7.048666634814822
1631938,14.430682734471702
1632416,31.26386334109297
1632592,54.15877901345163
1632833,0.5700280165566838
1633331,27.981064035805524
1633453,0.0
1633924,65.87138336744378
1633941,19.848806618873958
1634856,21.399152931808864
1635672,13.465568628665594
1636349,45.98223973202347
1637178,8.755969457613674
1637346,7.280342758268283
1639145,8.307672068499379
1639762,49.85234448337966
1640521,0.0
1640610,37.38877387027237
1640992,12.62594345112307
1640995,10.125687758973406
1641022,0.0
1641291,26.691915501792813
1641665,11.588367812319262
1644133,10.775966694406684
1644146,71.9935924172681
1644357,0.0
1645086,18.64440630201048
1645105,6.134312873821997
1645181,55.679555120442984
1645667,74.26362135131592
1646541,48.29630529042752
1646607,11.629635466934744
1646910,2.9123455359239543
1646949,39.2921021698971
1649844,5.376699305525037
1649994,0.0
1650470,3.9652934912667135
1652380,0.0
1652426,50.51094588948189
1653872,4.306636405972675
1654170,0.0
1654282,5.219014381380568
1654444,17.34693788608933
1654551,8.0112423319594
1655027,75.05959167011397
1655291,76.45714507472127
1655390,51.10667270141468
1655713,14.132149174151252
1656621,65.00329576753776
1656884,0.0
1658703,16.676235369888126
1658988,29.71194578868495
1660838,21.68655548400809
1661749,0.0
1664716,0.0
1665017,50.70683368843275
1665300,70.00230264563442
1665498,10.193294923364585
1665686,3.9323330958096747
1665792,18.322730100117376
1668176,34.15947890752903
1668328,67.92051108460873
1669664,31.936532072736732
1670623,16.18606822937692
1672433,10.071741457918073
1672938,0.6010499314641606
1673849,7.261534285877701
1675694,0.0
1677887,16.07514310383128
1678467,3.706041965902486
1678889,13.04130436331991
1679211,74.83720955043438
1681814,4.729193432977333
1682282,63.06097966270111
1683227,0.0
1683415,2.4274387610640886
1683897,5.004594635184787
1686941,1.2372444453598703
1687184,16.614365929141268
1687592,0.0
1688650,56.75372522520922
1688724,0.0
1691188,16.710362416530536
1691681,0.0
1691702,0.0
1692166,1.9778057537071447
1693524,16.782200025793088
1695731,0.0
1696332,0.0
1697047,59.4770448275193
1699132,2.698343809834107
1699934,29.948854737439632
1702032,0.0
1702413,10.714965129182907
1702581,81.7408565737124
1702694,3.788661813825641
1702695,0.0
1702916,17.19907044624857
1703222,0.0
1703303,17.483838508696877
1703798,11.218940487439617
1703844,0.0
1704798,64.34232768595717
1706103,35.75670845571207
1706997,37.266220055705745
1707422,0.0
1707850,13.329428902166605
1708262,72.93297146547673
1708541,5.031392501354347
1708757,0.0
1709042,44.50664030664934
1709089,17.991267704653858
1710430,25.782295955912183
1710729,0.0
1711248,4.929025047051859
1711379,17.664476178980188
1712077,0.0
1712660,67.85689832891325
1713896,12.679806990984009
1716395,20.55843665358666
1716640,18.149539128002736
1716857,0.7084069979227081
1716923,0.0
1717058,24.78076549473445
1717149,0.0
1717215,5.390769857182235
1717226,12.510845842762585
1717499,47.04255372240461
1717579,8.920458194920542
1717793,0.0
1717870,10.39034090772741
1718001,2.35483559721429
1718287,57.556416110350774
1718791,24.646646208034504
1718989,9.89706225047997
1720971,0.0
1721103,0.3051092997271425
1721415,0.0
1721695,0.0
1722358,6.939477258608193
1722622,83.72943970936367
1725295,68.80663998697938
1725297,3.160527264084955
1725858,1.5965252469094224
1727536,55.211952474638444
1728256,46.39533353347729
1728437,20.755555313907657
1728625,10.83026425036784
1729145,68.02715720427969
1729247,9.957783649981856
1729679,5.952806833153041
1730855,4.451456872940227
1730937,11.190019715936629
1731046,8.337943047141465
1731097,12.745610766933012
1731245,61.1815845310413
1731351,0.0
1731969,8.771845594863194
1732322,62.82664571889591
1732471,3.104520686321372
1732542,24.086156625833894
1732612,9.1141595807781
1732866,36.119805471169954
1732893,61.20747945197003
1732939,7.19708647118874
1733157,80.65027365123773
1733447,46.91983986588192
1734167,5.704961038489401
1735545,58.28828486360674
1736064,8.347741625702024
1736456,64.16410422373974
1737891,23.170357133517484
1741622,17.19119320943633
1742471,16.376847775512438
1742601,1.1027113551347938
1742654,34.7139956185293
1743221,20.728505880789037
1744216,35.494457685056005
1744921,62.46635787595259
1745172,0.0
1746582,2.637167701332224
1746726,48.51677535129546
1747440,37.524044942179785
1747833,34.14986465883874
1749563,71.2754198376768
1750443,10.617470671051898
1750679,55.29779112383463
1750701,63.16801103136726
1751967,17.04613507869012
1752112,10.634925567883059
1752206,41.86061958631663
1753671,10.269012132808456
1753699,0.3512790508037469
1753974,4.715047667778428
1754527,37.9198063707159
1755831,4.176318868539219
1756076,0.0
1756174,0.0
1757909,0.0
1757982,2.593766896722215
1758391,65.6421845213956
1759154,61.382414862123575
1759292,12.327024106603481
1760411,6.909243283141599
1761101,0.02683377139464227
1762997,0.3986692395885001
1763008,7.4440409093989
1763209,55.20446294240885
1763367,11.476820708153973
1763520,14.91005081169925
1763615,8.059086733799099
1763863,7.191001919261915
1763977,0.0
1764106,1.8401136094521888
1766890,34.60292161866073
1767037,91.33065161788693
1768235,0.0
1769124,43.635887143258195
1771965,65.07802870443777
1771989,52.77689118276772
1772650,2.5948725199608162
1772824,15.841543940742902
1776732,33.82217322822735
1777869,19.729969941604914
1778294,11.377554272140081
1778588,12.038061611025803
1778700,7.8079057038535
1778792,2.357166509046394
1781052,0.0
1781687,11.243979114238222
1781697,16.653841656370627
1782056,47.68450475551186
1782079,18.155065444724706
1782437,31.278801570700075
1783069,9.437413735005798
1783102,9.79734812172358
1784987,1.6178556175887167
1785141,7.523272515326944
1787728,0.0
1788026,0.0
1788210,4.596120386549096
1788754,15.428738207157288
1789715,12.153207572769823
1791502,5.577455099951912
1792520,0.0
1793091,84.57386814220499
1793411,15.228842890939951
1793606,25.536183356312954
1797001,0.0
1797025,39.53524822546356
1797476,33.9433213969671
1797523,0.0
1797661,17.358495739840983
1798256,4.808908899383191
1798308,15.295227353021723
1798324,37.027508322213585
1801036,0.4048196096072658
1803130,42.54583734876877
1803475,11.764269810782
1804505,78.26702697672732
1805150,8.364271734562614
1806378,31.44622152361135
1806994,40.77360628907515
1807106,65.65702930402556
1807515,2.034997946817249
1807757,11.192963888808613
1808497,12.691570530240174
1808550,58.18866633460419
1809547,10.56771639682633
1809719,15.69493331101851
1810457,61.839716066372844
1810653,0.0
1810781,7.318486816229097
1811012,7.6916614836822035
1811051,37.85671967991185
1813348,31.692148771876518
1813409,15.324679978568398
1813452,0.0
1813681,0.0
1814010,26.361875308661652
1814279,83.90222446168066
1814366,10.255460053469953
1814757,26.97124216091273
1815099,7.671936466207036
1815211,55.137066881702616
1815423,17.630691742091088
1815512,78.86140543176867
1815523,37.844185259152134
1815526,1.623219790854371
1817647,44.772026729354074
1818411,58.00815768041321
1818430,55.20049566667573
1820307,23.66404346338833
1820516,0.5160748396227817
1820858,26.70960280676669
1820992,8.094404848801965
1821168,0.31255526148774493
1821541,12.328856126461453
1821787,17.200568688713094
1821973,7.912752115276149
1822436,0.0
1822872,11.160931212121469
1824808,19.789930580140982
1826188,0.0
1827525,0.0
1827962,24.608613064229196
1828063,30.126380769346518
1830154,0.24862884059513135
1830244,8.026018653314118
1830335,6.600154417999995
1830949,0.0
1831050,81.23117026882286
1831337,3.37273801528233
1832210,30.04847249435054
1832223,4.435820862136577
1832286,13.43811544623977
1832617,40.552694197816464
1832659,8.649367343214436
1832680,0.0
1832755,0.0
1835122,9.34615505003655
1835149,44.3083577041996
1835396,39.05573150957532
1835865,0.0
1836322,4.332169862265296
1836859,33.32087798327845
1837384,0.0
1838904,24.982734660906083
1839818,18.752656669886655
1839878,54.59440014703308
1840303,0.0
1840649,0.0
1840820,55.1994815252704
1841356,11.196103084904983
1841399,2.9408704426649734
1842739,40.895006512262924
1842931,51.983809398592875
1843674,72.0987714372587
1843772,3.888073217895233
1844088,18.430911326483375
1844094,59.516851671592555
1844254,4.452938266371795
1844489,17.283946309171974
1844915,13.159826880356619
1844973,19.900549543820553
1845249,6.5506581307073475
1846100,21.37361971537357
1846580,68.78886164737236
1846722,18.401738001097378
1847261,13.770469305627493
1847379,31.066650809621592
1847434,64.31215831750683
1847620,0.6948646853292999
1850705,12.52774935923394
1851559,28.89520215225891
1853656,16.61404525247199
1854757,7.142374713128071
1855848,0.0
1856027,35.929751586748175
1856219,77.0860231186962
1856261,0.9654611204875323
1856418,49.67768951493499
1856803,10.688838928122458
1857078,63.21074864258021
1857351,0.09436055633528184
1858492,13.999605571480863
1859322,0.0
1859901,29.111524831449906
1860313,1.5015763013768293
1861281,0.0
1861493,39.210974053500145
1861773,0.8090395394379186
1861873,0.5927397968095249
1862436,7.5694480913592415
1864660,0.5704382928294152
1864691,0.23387024714713434
1864757,35.297611775116714
1866051,5.002267399348689
1866128,69.82885410964886
1867237,0.0
1867843,62.2980372636108
1868169,12.524154813996347
1868817,24.12205101478755
1869202,13.324191616458343
1869432,0.0
1869497,22.89698950283787
1870021,64.23145083870817
1870853,3.9670441512123418
1871261,2.155130427564707
1871545,43.36951897809458
1872028,8.9565130020295
1872169,0.0
1872829,3.5063493513202886
1873304,74.09437587819471
1873333,61.284681178694974
1873453,3.145046218606865
1873582,7.048870563701307
1875082,58.328700713494534
1875850,0.0
1876083,8.978274620236853
1876168,4.9178334965925785
1877244,78.02354339241687
1877255,66.59650884744966
1878868,0.0
1879762,2.831151232829903
1880345,0.9427480367625449
1880539,26.80515078246581
1881103,5.437079658054088
1881801,16.62802674579818
1882252,0.0
1884398,0.0
1884489,0.0
1884921,0.0
1885682,15.934981219071261
1885714,42.00422162082154
1886240,0.0
1886820,9.594881637588578
1886978,47.675139982492574
1887003,59.485724117917734
1887239,29.645385136912317
1887291,33.90437799900003
1889685,0.0
1890125,10.545533596313
1890143,58.49161642470393
1890467,0.0
1891017,14.557509785099253
1891118,8.129530212341201
1891670,10.922019756743637
1891816,0.0
1892319,31.73960389619972
1892680,26.388728018312975
1893225,20.33356994467784
1894120,18.389389117064646
1895196,81.97781083345694
1895516,5.101064465242466
1895544,0.0
1897092,0.0
1897447,72.59436276877202
1897623,9.32317897744936
1899076,83.41172681654783
1900616,17.106505037187127
1900780,45.80833333531629
1902092,2.344010303166961
1902962,0.0
1903322,48.57643697781003
1905865,8.875056219706714
1905918,16.96704743104999
1906763,0.0
1906804,75.75219806467426
1906993,6.037398324521071
1908290,12.09007941975155
1908767,0.0
1909128,15.64574283693208
1909648,4.158112362809568
1910105,33.74202279283405
1910210,5.3147459813785005
1910306,18.88911087399906
1912425,4.637810280883819
1912468,0.5051739191090228
1913282,0.921788118212568
1913317,6.25932457023621
1913722,5.354807149274521
1913803,62.42185463037643
1913835,1.479869995666867
1914185,2.2484521613012305
1914320,13.211775035554403
1914544,21.73500291497946
1914590,57.08336114224901
1914630,8.096137109309574
1914787,39.275469573502285
1915154,71.81650752862518
1916456,1.1401964308480714
1917226,8.82904262899855
1917286,19.478654753150714
1917872,18.40807029914854
1918693,82.06041475333836
1918903,66.16359023970958
1919490,9.207390147613175
1919647,13.220481716658675
1919766,72.98312447407177
1920085,13.013346264819234
1920310,0.0
1920568,1.8799282906721189
1922967,6.204126066804271
1924317,72.52884693082575
1925247,3.1153692474793573
1925406,43.2734867462754
1925703,78.93956512733368
1925709,0.0
1928005,4.205049849264817
1928556,0.0
1928973,0.0
1929041,7.383125276292027
1929614,3.2382717639263845
1930283,0.0
1930469,48.4959589396814
1931136,10.248492766930418
1931855,44.311060096259844
1932110,18.488128043737895
1933687,59.28065653003936
1933904,11.899741879215902
1934382,4.842597938107048
1934444,1.2561770478118675
1934447,0.6765555659340663
1934512,7.995298448851955
1934746,0.0
1935109,70.03081420874295
1935826,7.028092524479042
1936089,41.19961990371944
1936772,51.35675310400932
1938391,71.20631025461566
1939106,11.947858307112888
1939283,27.487435721137018
1939417,0.0
1939757,1.4673535008645189
1939857,14.474362305261774
1940956,58.44317046682006
1941048,6.421863157356761
1941439,10.978107778060238
1941495,37.088079701540046
1943012,9.23707363428916
1944087,28.245491084220006
1944211,27.02478914206332
1944641,51.62428942021355
1944686,1.0138449094731783
1944805,46.356053923342024
1945393,0.0
1945437,26.27328473309732
1947400,0.7064261648598844
1948333,0.0
1948494,70.04050689567072
1948745,14.028875136990415
1949334,0.0
1950157,40.18528864481113
1950276,0.0
1950311,15.535217599794173
1950342,6.091987667005306
1953461,25.193229393317985
1954003,13.568192128211393
1954146,0.0
1954310,2.8616395749670964
1954404,4.770029449092057
1954495,0.0
1955003,17.898703414340133
1956677,37.84612243088266
1956726,23.77363866327023
1958765,38.08218123957194
1960031,11.18015851997449
1960556,50.411310737934826
1960562,61.22501849907178
1960821,0.3722232770822629
1961157,0.0
1961288,33.56564620761715
1961361,0.0
1961533,38.0998990749095
1961937,12.938427833118318
1964864,32.339987011207405
1965103,13.09328165591021
1965712,0.0
1966173,0.0
1966349,55.58539237053998
1966407,0.0
1966903,0.0
1967045,16.83226804679048
1969100,12.469609824808153
1969854,39.41458706864619
1970017,10.740305296819564
1970177,34.523923356568616
1970466,2.308951648362367
1970574,20.080989490638395
1970587,8.62878989105186
1970697,8.60760439306052
1971200,67.51681674027992
1971528,0.0
1971983,3.5008838091788697
1972126,46.61167544045132
1972163,29.160530275566188
1972330,0.0
1973889,80.52141964333984
1973934,11.608168713684712
1974398,7.753828123975907
1974455,0.0
1974700,9.220518823002308
1974901,45.62700228723759
1975069,1.9885547562739134
1975168,8.061812175799458
1975236,5.299362481065749
1975519,0.0
1976094,6.378428928643885
1977800,13.431096427260997
1978394,16.317236436656124
1978445,3.33407847553471
1979113,0.0
1979127,62.46241538461651
1979160,0.4988427203455643
1979502,38.69406550054934
1979848,0.8525177293711508
1981410,19.092441544117357
1981669,21.991622435804985
1981921,9.021091799369984
1981977,30.439924692853417
1982013,3.0263492144363227
1982408,0.0
1982909,12.97928601212876
1983188,2.25641073066798
1983466,83.28874374014418
1983677,5.955094495766232
1983976,0.0
1984378,5.2850395859499955
1984486,28.783348741878036
1984871,26.17491968390307
1986737,12.949637738142052
1986831,17.320750678695553
1987504,5.7249754424301
1987546,10.446555583643523
1987939,0.6259805531939051
1987949,5.072097745752146
1988392,38.1577963409315
1989731,0.0
1990045,0.0
1992421,0.0
1992676,11.581858644281027
1992751,0.0
1993323,2.1274516900970752
1993623,8.483346052205597
1993835,63.41484260508381
1994398,14.85496493249169
1994574,40.62340420902511
1994679,4.953876775749826
1995090,0.0
1995454,8.733689832937081
1995509,67.04837717393843
1995605,8.20464123982174
1995717,1.6554565643385288
1998829,54.052973315736494
2000611,16.351244163152153
2001022,57.84392560169979
2004909,0.0
2006452,11.078360811615063
2006671,0.0
2006699,0.1759950834576287
2007323,0.0
2007357,9.84282136712114
2007504,83.52683569830506
2008217,3.0136156193343595
2008227,61.029967176710144
2008441,29.43958115097974
2008809,5.207311917191507
2008898,0.0
2010429,0.2780063151765475
2010787,3.684729129591716
2010839,12.626868209091533
2010943,12.645773910262008
2011212,12.358037494678143
2011504,44.07023253193749
2011521,33.349946848832246
2012029,31.394404541730914
2012360,0.0
2012368,77.07391203299383
2012750,11.33752736531374
2013807,75.30255330377014
2013882,46.24919549602997
2014701,4.181005774295411
2015094,48.25753059906793
2015168,77.94277526310313
2015586,2.4034072728541
2015996,0.0
2016502,0.0
2016834,15.695141905616708
2017012,0.0
2017316,2.442230153419608
2017397,32.02069435798738
2017517,15.24047286681212
2018602,0.0
2018951,7.192029765384682
2020576,41.90979144214757
2021064,0.8986170592534606
2021284,6.706916384077466
2021634,35.45325085675879
2022126,0.0
2022520,0.0
2022728,12.711804779136138
2022729,78.82542319419406
2022938,14.53761378458696
2023081,24.948050746165848
2023454,78.72421162546749
2026088,2.299527979559876
2026434,0.0
2026697,0.0
2027350,0.0
2027406,46.03765977486721
2028056,0.0
2028268,0.0
2028272,9.167602151218027
2028432,23.032942530179966
2028625,0.0
2028787,0.0
2028925,46.68088233467018
2030001,42.452866421972054
2030357,5.167865855446287
2030899,0.0
2031495,5.874651454395057
2031673,13.164571224658822
2032345,0.0
2032727,6.523768997675504
2032879,5.609789187643784
2033605,9.802593738338125
2033730,55.39038587995562
2033924,1.0334816258129464
2034359,26.30227847406434
2036105,44.62398099458677
2036424,13.849066296681151
2036690,2.378600411958388
2037130,3.684898761480092
2037582,8.281266400968399
2037951,0.0
2038017,34.93564482561132
2038314,18.218866322086832
2038381,10.488270596332946
2038471,0.0
2039945,65.12846120079445
2041041,42.95967836681584
2041837,4.317372694311604
2042764,24.15706674375469
2043060,9.037495869330439
2043289,67.01444807036
2044392,1.520753536073542
2044873,54.69149011932041
2044889,28.06907593977578
2045488,0.4674052363817296
2045556,58.55881528023637
2045727,68.90469858903111
2045847,12.590748174258565
2045929,9.012259481707275
2046173,30.822142021133835
2046584,30.54847078834466
2046789,38.39008099755937
2048479,0.0
2048796,9.211483206226475
2049363,26.85901025903815
2050039,0.0
2050060,12.182759571008866
2050368,19.67971030289945
2053822,8.697658341500933
2053926,22.431289461262512
2054032,0.0
2055303,56.67015847895158
2055614,17.465839403668404
2055671,4.048302377174501
2056307,6.625852976267652
2056330,0.0
2056789,7.986710784455063
2057295,10.137425476564374
2057315,14.45990779015954
2057326,14.881897508785187
2057358,4.578094629916244
2057534,2.0479774712728442
2057553,2.594436794860144
2057944,26.320265923852773
2060612,40.13628933120514
2061563,37.521739146464995
2061811,0.0
2061814,29.999817444707837
2061897,39.63012782619471
2063239,2.0365852154440702
2063922,5.881608806611858
2065391,32.455656340429876
2065985,0.0
2066046,87.5921570475376
2066165,49.911395714281255
2066451,6.406667316353939
2066623,0.0
2066846,12.294079709297883
2067115,0.0
2067359,14.475365238147162
2067365,0.0
2067773,25.974055395411362
2067928,31.437982998280212
2069027,0.0
2069709,4.751580992263733
2069779,0.0
2069864,23.63847810521728
2070083,11.232616382130058
2070542,6.435997618132163
2070612,51.5464380626683
2071021,0.0
2071265,0.0
2071420,72.09359225735423
2071446,57.993352620013916
2072126,9.39918167882825
2072321,0.0
2074833,16.67170372945632
2074912,19.769006515779616
2074985,7.151596050075661
2075568,46.41184671263357
2075619,32.10187479285412
2075758,0.0
2076018,6.30523004515981
2077748,0.0
2077763,0.45400564684448597
2078075,6.320472790946148
2078687,0.0
2078886,0.0
2079671,13.71866413083162
2079686,22.082511831807956
2079789,53.6065606278081
2080861,74.95390408340458
2081177,7.405223026535559
2081394,1.4136213583330957
2081408,0.0
2081438,0.0
2082694,0.0
2083547,34.67361426069748
2083671,16.792186358521242
2083749,31.221955715912493
2083940,11.53417104555863
2084109,35.77136579178108
2086828,20.779373087072834
2086868,0.0
2087020,0.0
2087343,68.2264144143862
2087898,7.602409896985343
2088095,4.146696101631477
2088158,0.0
2088272,0.0
2088316,20.794850684964118
2088389,3.604143275995021
2088444,89.84965849431049
2088725,29.386517804290932
2088969,6.459967542277827
2089173,20.938128662391527
2089273,0.5063754675799217
2089492,22.38975313143346
2089581,7.884283354822433
2089745,31.7196884246628
2089773,2.8764648802494683
2091204,0.1701288303227173
2091483,0.0
2092422,49.23106835369792
2092611,12.263372327998567
2092976,6.943502206343808
2093477,9.565229631281513
2093858,17.57041772378799
2094213,5.645474445212322
2094262,0.0
2094265,48.46555761536935
2094411,0.0
2095829,6.58885851944742
2096581,11.266710921954044
2096641,79.62949345464483
2096968,61.99263402152074
2097205,0.0
2097607,0.3406247561575597
2097795,6.128554961584612
2097912,1.8690393357816006
2098030,6.3151266703248226
2098664,0.0
2098850,0.0
2100174,20.52136814648204
2101112,24.72419098532206
2101167,53.44982960787693
2101200,17.49135232044221
2101323,32.37684848676271
2101884,24.402761496209813
2102492,28.953188044190462
2102493,8.41463280418946
2103480,0.0
2103544,0.0
2104119,53.13920507727413
2104472,32.289208464395834
2104539,5.382639482092387
2104622,1.8969830977154416
2104626,5.191725585249962
2104910,56.96533361497999
2105618,60.960768747912596
2107372,0.0
2107939,59.97645744581562
2108424,12.61955630154778
2108481,9.184353515268107
2108635,0.6335262818636735
2108784,9.540520019093016
2108851,37.57860995995079
2110493,3.964481458601476
2110938,66.19024436189761
2111172,37.97692709904884
2111463,17.078384362478253
2112808,27.85224723554959
2113934,11.14914938967442
2114989,8.864358918572549
2115424,21.38992684255561
2115662,34.3486578874575
2115773,6.41251574298947
2115809,5.65458969752428
2116940,6.897931109792047
2118063,35.76313453342547
2119582,1.3706474226160523
2120677,55.504368748663055
2120808,18.874842372963137
2122613,0.0
2123079,20.554596895502165
2123284,7.338501354818501
2124414,17.63323694034396
2124473,0.0
2124536,32.236516256176195
2124808,5.800978979828734
2124906,0.0
2124910,58.4044826210946
2126194,0.0
2126830,1.275559863135335
2126987,0.0
2127377,8.139565092962664
2127767,44.87583728542352
2128464,0.0
2128761,6.305314810495489
2129515,23.1766691860239
2130312,4.483694445975793
2130315,37.01654196186539
2130742,11.868892398671008
2131089,0.0
2131349,18.919165500959338
2131472,25.74244337861591
2131515,29.01890111283513
2132248,8.687788798095553
2133714,2.0039781252105833
2135434,30.409043610600335
2135489,46.891928425279374
2136200,0.0
2137111,2.2683265746858083
2137165,7.6150669673192795
2137823,47.54926069495536
2138787,7.922945938956765
2138900,11.599079419439235
2139532,10.476290755189964
2139828,20.413626487710772
2140284,68.50072907826264
2140434,0.0
2140544,5.250674146379431
2141411,66.59527585361619
2141549,83.78578855276473
2141612,59.53432481291458
2141667,64.30310566850216
2142130,0.0
2145209,0.0
2145620,63.35638119249278
2145759,59.257599097552784
2146145,0.3353356488171997
2148025,76.58995011577468
2148625,13.323948718386909
2149184,0.0
2150596,12.73452932826406
2150727,0.3297822995696791
2150750,3.3532347767292094
2151235,14.391551082092938
2151558,26.30561864920596
2152948,25.272466253544163
2153173,26.94638503633258
2153435,69.20954046583412
2154313,12.65990850367065
2155583,35.958553209203025
2156111,27.078405774411692
2158022,3.2616109438419087
2160591,28.63091518783471
2160982,23.647628161486367
2162874,0.4035222578574107
2162974,1.4084427778913593
2163313,45.087088937258
2164135,56.01024486159319
2164707,53.2364641386418
2164992,8.458028520869881
2165107,4.2802026792187675
2165549,4.093631368480253
2165679,5.733906330573568
2165795,6.749552621175873
2168443,0.0
2168753,0.0
2168932,41.12811174932182
2169722,13.004043880085803
2170025,20.7164930071749
2170383,26.870363178990864
2170618,2.2786715781182068
2170644,16.905807293325314
2171340,0.0
2171701,40.27645537843202
2171712,43.752262221157316
2171809,0.0
2171886,9.873933164468504
2172544,22.570261537104976
2172601,0.0
2175577,0.0
2175879,67.75391865245064
2176017,52.01719780785771
2177753,2.1240569425225075
2177876,5.123295633776145
2177930,0.0
2178042,0.0
2178408,8.722193595601645
2181941,15.937223709941698
2182077,40.268941013432375
2182804,40.39825835163922
2182810,14.160000566175363
2183423,66.1585822287402
2183826,12.042174399992412
2186138,0.0
2186452,0.0
2187682,20.74939273015672
2188869,50.18949893274182
2189115,0.0
2189129,0.0
2189742,43.01285337174865
2191591,0.08575484836732272
2191612,0.0
2192845,31.463219744677353
2193537,20.178113710252426
2193896,55.96974607793295
2194263,10.861337552046418
2196666,7.5834344177246535
2197283,53.584792733493664
2197725,1.3025160254588641
2198112,26.73132564017152
2200247,8.240132158001614
2200962,1.2655293503609144
2201581,9.060545817307109
2202422,0.0
2202858,0.0
2203154,0.0
2204022,1.2319479161281564
2204313,39.146531530793986
2204397,9.722484327930168
2204672,0.0
2206900,0.0
2206957,0.0
2207015,6.309709663566885
2207684,0.0
2209445,0.0
2209653,34.97006179903329
2209722,11.835794566319926
2210281,11.196598237945576
2210421,6.3317401432498315
2210675,41.43707009286191
2210906,23.678994872778354
2213715,28.254708364869295
2214256,47.19810320266014
2214323,53.272010423697814
2214534,0.0
2214689,5.924465668651273
2215631,12.090290484091305
2216470,0.0
2217686,23.733368367155315
2219962,0.0
2220415,0.6635869013618745
2220431,6.294679837711321
2220830,1.2011007300000927
2221988,29.60593202526264
2222889,12.253506833793367
2223289,0.0
2223399,10.38930759037303
2223628,12.22378267421631
2225865,0.0
2226217,6.371795449313801
2226305,36.48039922053853
2227377,0.0
2227913,3.152347380930273
2228824,79.91637572042781
2231564,5.855904711037589
2231814,0.0
2232600,9.998042227714677
2232697,23.94180238635537
2236318,7.5937442368187575
2236458,0.5793778930418512
2237063,0.0
2237495,14.049475280432066
2237851,0.0
2238030,5.584650278354168
2238389,10.39853718588152
2238435,2.6970313986996217
2240038,7.6072906729454886
2240196,0.0
2241434,1.5863927001027918
2241816,37.688896079744374
2242066,10.597218357085758
2242525,8.571869829388653
2243081,15.016179393555063
2243180,5.436529410123711
2243184,10.522400368911164
2243266,13.235460443513936
2243275,0.0
2243321,45.51940695511351
2243540,0.0
2243984,0.0
2244009,7.351649568466179
2247803,74.30770390416188
2247822,6.632675362876711
2248204,0.0
2248215,9.21356920303769
2249059,8.300293220806658
2249872,34.83767227347076
2249928,0.0
2250790,5.6789982994096775
2252844,0.0
2253397,0.0
2254269,0.0
2254428,6.003646635509288
2254469,0.0
2254505,0.0
2254654,33.16229997720404
2255005,0.6648339018508729
2255501,8.75119007640943
2255578,27.775890790335616
2256415,64.05495208316744
2256979,0.0
2257190,6.3667429449568615
2259344,0.0
2259483,36.47984730712809
2260342,0.0
2260572,1.602635298542765
2260659,0.7488537632400281
2261018,3.0990473577281037
2261215,3.4374196186656576
2261269,0.0
2261693,0.0
2262805,54.43171490360318
2262865,1.2130934008804175
2262934,38.42862919123663
2263248,0.0
2265778,0.0
2268084,1.8616676767307254
2268632,2.1450204928768812
2268888,3.8059965157226614
2268947,0.0
2271504,2.0125385743231234
2271792,45.63624545444885
2272080,0.0
2272242,0.0
2272500,0.0
2272739,0.0
2273473,0.0
2273613,0.6856776777589815
2273733,0.0
2273936,48.548388493639486
2274334,32.31412358860678
2274651,4.669707414054521
2274687,14.994928715923386
2276666,21.179362576508062
2277287,19.605436354341073
2277707,7.139413029881233
2277785,0.0
2278677,7.689583535885852
2279335,2.178871668626094
2279433,5.095743456846208
2279517,14.734401148258115
2280843,0.7735943829517282
2281041,0.0
2281142,0.0
2281829,18.678962865358546
2281866,3.5409202933329667
2282122,12.298829794720028
2282819,10.054338370285578
2282962,0.0
2283001,39.736800407961766
2283101,8.945679773045658
2283304,18.382150757548892
2283499,0.3540807145808955
2284013,7.471287037287489
2284027,92.0
2284454,0.0
2284809,0.0
2284894,8.376327362812823
2285132,3.9300081586971984
2285167,14.751471216422402
2285201,4.491106354832752
2285351,0.0
2285355,0.0
2287415,16.511622755314292
2287894,0.27436286673276555
2289119,0.0
2289612,78.4752694147754
2290017,40.50384283389678
2290620,4.153614209685763
2290645,79.93274381802688
2290915,0.0
2291291,9.172010998558179
2291536,0.9911537982142136
2292275,21.483830258731295
2295816,27.559315102602177
2295924,0.0
2296024,4.742697521991964
2296312,0.0
2297058,37.32478540025178
2297259,5.4730310600437875
2297549,28.063879888760834
2297963,4.346344984757682
2298711,0.0
2298731,34.45521032560037
2299633,0.07369404213931574
2302589,2.6431561564446824
2302803,0.0
2303039,12.067067063158756
2303583,0.0
2303955,21.375188395108175
2304663,3.9798556297114516
2304963,7.658026329138636
2305025,4.485995796485945
2305890,12.25824760965272
2307448,3.3740693877310335
2307885,10.206030031541168
2309289,16.51242809426644
2309559,0.0
2310275,34.67259913827721
2310791,27.965790398747615
2312939,12.604641954313827
2314398,21.01350708506861
2314406,16.835156713195573
2314930,0.0
2315543,27.586228038370685
2316244,0.0
2318157,70.25353108644444
2318184,30.809328127380503
2318229,16.561257749551366
2319613,7.61704470521471
2320028,76.9957886382292
2320581,40.62351471728275
2322972,23.265674946699257
2323502,42.113943398970626
2323714,77.11959227394934
2324453,4.699887342982841
2324519,0.0
2326595,11.979284221664837
2328686,63.26013311034459
2328749,5.579513693108904
2330911,0.0
2331148,0.0
2331154,21.33233411956425
2331499,22.234706264154383
2332006,10.027236017723702
2332284,21.2874503291822
2332880,8.806297689247103
2332990,0.0
2334411,54.36866862109861
2336995,33.56684046830322
2338082,32.84836418481135
2339411,0.0
2339446,16.45380544901608
2341778,10.178542731464375
2342930,8.240674086051387
2342957,3.5498843257974215
2343208,78.40868648216897
2343665,41.06375986409303
2344751,9.72724044527623
2344783,0.0
2344953,0.0
2346089,0.0
2346243,0.38989195898867024
2346296,14.380936605331765
2346416,78.58891324393466
2346671,10.952769618159635
2350664,15.655958430688564
2352953,3.0207758487151537
2356684,14.37154759288206
2356850,0.0
2356989,21.917797385213984
2357070,26.980593809819744
2360565,39.78915681851752
2361050,11.877238307431618
2362207,18.047049966657504
2362306,2.864513320181807
2362357,42.74701333008407
2365645,0.0
2366509,28.89232460533982
2366524,6.581500863896167
2367243,2.0285031228096315
2367254,22.032796645435276
2367767,0.6994966173162993
2370610,8.795222406515755
2371377,1.9211053462482184
2371632,63.353254938521154
2372540,56.90912970994059
2372591,57.894541139160765
2372629,0.0
2372740,27.302296553032885
2373339,39.46114826988403
2373363,2.0343297194052
2373948,37.81431969885565
2374700,0.0
2374963,1.8316009097771158
2375015,1.4096643061498426
2377695,40.492416677657744
2378593,42.96442887730146
2379786,0.0
2385251,0.0
2385779,64.32321813940919
2386897,19.412100462362176
2387035,0.0
2387693,9.195144224185022
2389329,8.287865416773762
2390214,3.3392484614164673
2392301,44.55979705856979
2392861,26.26572012987145
2395670,0.0
2396249,4.166034593804675
2398423,16.074759986346983
2398691,60.07161812349096
2399434,18.49462552860033
2399671,33.017198618956336
2400073,14.4186972291862
2400215,51.507333047912304
2404708,53.12692750303745
2405613,0.0
2407196,47.95092608833124
2410200,51.47915103331023
2411866,6.933229442687846
2412294,2.526558098383994
2412940,19.132259968482636
2413507,31.967256655262
2414063,3.4193294690822427
2416016,52.24187421545543
2416104,16.968853874304763
2416191,0.0
2417509,1.1402445860080803
2417616,9.262175801319351
2419242,0.0
2419890,13.390831368251636
2419950,17.01128955290412
2420026,76.14372182867149
2420589,7.71604589962876
2424646,21.584076350925997
2425222,8.402858255224736
2425318,24.929303067397463
2425980,3.6094809381810222
2426057,4.691099346728379
2426507,0.0
2429575,5.014197865765894
2431607,21.509196357160086
2431784,0.0
2432032,24.72343040981748
2432545,64.58153738712764
2432622,4.573868983451817
2433604,62.08855944818739
2435576,14.331527372569546
2435838,50.2797763859233
2437594,28.525021799928265
2437965,79.26126513354957
2442330,1.0289209227894744
2443113,1.799070556356149
2445093,24.378450080009053
2445715,71.7176877462243
2445856,8.56515939649065
2445905,40.22563467932809
2446430,47.350570593758405
2446543,0.0
2446954,0.0
2447138,0.0
2447171,0.9698693591806844
2447467,52.02233015811535
2447634,2.6451895725047976
2447847,77.69461465373948
2452769,54.58488108595154
2453608,0.0
2453739,7.625280241722955
2453855,0.0
2454667,13.063710043918284
2455215,0.6239327818004341
2457182,1.6181109122648465
2457754,1.4547304101946423
2457755,34.2017405709287
2458095,0.0
2458512,42.50672727367349
2460303,0.0
2460578,41.07678816421501
2460683,1.6509806062409282
2461562,10.050109017918807
2461673,81.00949193207478
2461829,1.8661268253343266
2462248,0.0
2462451,1.9325644331141447
2464673,21.12974364161459
2464679,19.082496771636222
2464886,51.28682318914346
2465460,0.0
2465962,4.223016042701964
2466627,12.43918996574859
2467546,5.188665086033183
2467882,4.3645669864487076
2467963,12.961589876622497
2468167,0.0
2468171,14.579300115486458
2468186,15.004074427806295
2472215,8.758400668421054
2472461,0.0
2472636,19.16930029669515
2473110,19.45147419821265
2473861,54.56380830010893
2477444,0.0
2477543,14.175040316110717
2477717,12.296526193158453
2478415,61.83071888334354
2478441,73.51933705034982
2478825,15.07689970295808
2479144,62.581432185996185
2479193,7.682398016512202
2480788,8.954624594981517
2482319,0.0
2483196,10.133879112175897
2483497,0.0
2484057,11.207817063848367
2487569,0.0
2487728,35.53779606113667
2488022,0.0
2489313,11.371730990400145
2489407,68.24537991870824
2489615,19.48181794286505
2493176,8.60565446738331
2493201,14.69848213894035
2493601,6.3318734353890065
2495596,0.0
2495691,38.30562938321403
2495824,78.70727040587661
2495893,23.376859118604926
2496331,64.16926761466613
2500087,1.651032582357324
2500390,6.527930524454746
2501519,3.8990912672404505
2501809,9.08109814438577
2505219,0.0
2505890,0.0
2506158,68.29191215549943
2508024,11.163154707678288
2508175,0.0
2509822,63.139160307045174
2510394,38.152668025170826
2511914,5.574365719652576
2512871,0.0
2513351,0.0
2513706,0.793595385794454
2513864,0.0
2514272,7.702998570342103
2514760,20.375485572521235
2514831,52.71553361436682
2515147,0.0
2515634,4.83000450681152
2515876,0.0
2516206,15.416688914474037
2516430,8.811519576964862
2517989,14.64476448328999
2518372,0.0
2518907,0.0
2519112,48.03148683790445
2519255,0.0
2521691,0.0
2523629,12.251414250233204
2524034,70.56782839302431
2524523,29.473505188240793
2526386,10.643254184422908
2526437,9.568575476049425
2526673,11.529694183670856
2528636,38.47236624493404
2529170,6.6434763876804155
2530004,7.2621977135772156
2530057,1.0614939523861082
2530145,7.710091258588989
2530757,6.131423685327704
2531212,7.525453849835586
2531815,4.441641812394835
2532144,12.582965187638827
2532197,20.664773258353883
2532443,3.5431913001268924
2532731,7.519311589688549
2534869,37.141754113191325
2536263,0.0
2537390,24.03532384286511
2537745,65.67500971055478
2538248,65.63323711646292
2539413,0.0
2539759,0.0
2539811,2.1994198657120805
2540173,11.59201106043232
2540393,1.922820900187297
2543303,24.79651228781291
2544154,28.30781954791795
2547198,58.94600965013643
2547570,6.5412751202959285
2547619,6.974913996984522
2550012,18.34689366923581
2550075,8.595984522818881
2552636,20.01450521418374
2553097,45.441579072486306
2553391,46.8524746405552
2554110,27.33057067380232
2558392,0.2803342267780735
2560334,10.12607531605083
2560546,44.944319835528646
2561229,88.79187441916102
2562621,14.032861889618545
2563135,20.100039767099112
2563967,23.157040072401838
2565071,7.533888102438546
2565611,4.113604530495206
2566451,0.0
2568543,1.3517203326989744
2568874,55.101707220212795
2569108,0.012267423889959161
2569323,13.026635011451965
2570488,49.42968759697245
2571133,50.56039594942374
2571217,36.63995299965921
2571283,9.464265694385894
2575762,8.176346246881032
2576206,1.5617083875699294
2578731,1.9558303843563039
2586199,0.0
2586328,2.685447454374561
2586484,26.037767012942478
2586788,13.33863798621784
2592080,58.35027797030411
2592259,6.1764427413058485
2594067,14.250648237337948
2594162,0.0
2594380,12.936018711929343
2598145,23.85420151126093
2598767,8.455570631858379
2600692,0.5034332369612002
2601449,78.14516568032197
2603870,38.78550875800574
2604156,0.0
2605015,62.10347907770399
2605966,8.933252652220439
2606145,0.0
2606370,2.8295735443178955
2606383,16.106418836631647
2607517,0.0
2607575,2.6176869028551053
2608391,13.910811233786362
2608483,13.469291340065418
2608680,4.439705418582776
2608700,0.0
2610922,2.1194069985358297
2611765,5.522306502980861
2612011,0.9271469122418736
2612572,61.720321687052554
2613681,8.533238324993597
2613864,1.7395120487323226
2617515,13.766820339105841
2618627,9.138713341592421
2620661,33.55251417082852
2620837,15.977676298006465
2625214,5.651719522436515
2625559,59.52014037252233
2625766,13.961215674874694
2626256,0.0
2627425,2.6585473657553464
2628191,9.92667081197336
2629613,71.17789266311945
2632699,50.92066516119605
2633717,3.298534620316687
2634235,75.83227581015711
2634554,73.8574724503224
2634573,8.483238665656884
2634576,11.43473945257766
2635078,0.2403301769038606
2635711,46.41192223756937
2636396,6.573518763174825
2636643,0.0
2636744,6.459737956288677
2636762,92.0
2636987,78.79740682959277
2640467,36.24493994763439
2643039,1.6452841400674316
2644542,5.146183980646619
2645448,0.0
2645558,20.560729815243832
2645561,10.17730968655982
2648761,0.0
2648957,19.25800313017052
2651107,3.4713891138123145
2651125,26.439039689992093
2651650,16.822417004743734
2652871,0.0
2653186,16.44582673130385
2653411,0.0
2653544,6.992751214023112
2653644,28.151117509654554
2656101,7.683850307020087
2656619,33.62535631610668
2657213,51.31287617925718
2657689,1.0244143522646638
2657791,67.78052331787194
2658113,31.276343194415354
2659165,6.014178734332852
2659448,67.68754271806782
2659732,5.220986022721846
2661098,6.006805054771647
2664975,15.84762692435459
2665579,75.53082667337185
2668311,43.396269644895455
2668770,18.62852098863094
2672220,0.0
2673792,57.89537518569668
2674784,70.3835525089453
2674884,29.79372344315388
2676453,41.724511244174586
2676692,6.428385529890683
2677617,0.0
2677643,8.982819185140617
2677706,19.449489420990353
2679171,54.57351905547505
2682471,14.141876837418117
2682974,8.361612148075167
2683387,12.258832269717566
2683438,22.10154347114436
2684480,20.91188858546426
2685701,8.527674728618443
2685819,71.41711224838662
2685940,24.938054405554354
2686412,67.21086468274002
2686639,39.57168404544692
2687332,15.065231771513005
2687464,0.0
2687567,45.524865151117204
2690557,40.27312951943948
2693580,20.142718780501674
2694111,16.101301202587614
2694288,17.94231281935297
2695042,50.012849251667106
2695367,29.30928680769486
2698206,15.295620785033641
2698645,71.11066929394758
2699454,47.084472074809696
2700296,16.085206108980607
2701047,1.8979835745203069
2701572,8.572192829659492
2701910,3.321491549933974
2701991,79.08058581730681
2702053,82.52812176403329
2707344,4.535576229856041
2707450,73.5550088266849
2707819,12.376877641403603
2708262,5.837966902105304
2709923,9.59283893860399
2709979,21.589482451618345
2710417,1.7389781732002874
2710543,10.770838361781905
2712028,0.0
2713695,6.682372206717041
2716762,0.0
2716889,12.573313028150203
2717461,11.95516035114587
2721778,92.0
2721883,1.899053470820128
2722391,0.0
2722983,33.66265578124457
2723019,4.684232458731355
2723303,29.593834520209704
2724993,18.673387574879357
2725385,73.76647464984555
2727166,19.035311040491226
2727766,5.215934969216526
2728126,68.37880365392988
2729395,14.846252948274916
2729913,60.64514086523043
2730497,43.373215560251424
2730652,14.996455434481268
2736264,11.873617363260387
2737955,0.0
2738161,0.0
2738377,7.524118446893297
2738669,61.662892708799575
2739112,71.1895364077956
2739832,0.0
2740125,37.22895543969717
2740253,4.952826713609376
2740389,81.11425994717452
2743443,0.0
2743624,6.932729067295725
2747058,5.599924431147706
2747712,5.528164507118682
2747978,29.686765971854406
2748016,0.6242057097284786
2748239,0.28694754238696873
2748493,9.14261185504757
2752482,40.04006904835584
2754006,74.68092067186925
2754728,0.0
2755951,0.0
2756525,76.72363486393161
2756829,10.788205216427777
2756847,2.6791375959330246
2757036,18.616967880522417
2759978,0.0
2760590,42.81189009091321
2760968,92.0
2761390,0.0
2761766,7.011152908188926
2763303,7.266152108874657
2763675,16.898876401129506
2764392,11.57563509932399
2764516,22.11157692639976
2768188,0.0
2769505,4.361936261977938
2769623,2.0498146374496926
2770230,5.40212579151633
2770914,6.178134448853513
2771141,6.975109720316784
2771668,61.78676564918704
2773698,3.0181410512557605
2773754,16.048679608029687
2774189,81.33702514832032
2774381,9.524106864705395
2774934,79.37033794165941
2777719,4.903933054258609
2781747,21.137244970461776
2783786,22.340566222525986
2784311,2.1410162169658307
2786015,65.20018797572791
2789724,20.837214316706806
2790742,0.0
2791400,3.3319889814265835
2791848,39.03816550617466
2793630,11.777256614989149
2794880,27.67216345176498
2798608,17.049644612404666
2800150,12.215359312651763
2800327,17.751136081996734
2801603,63.003341775220726
2803462,9.723777937573779
2803507,4.824382434991072
2803785,12.758541949497527
2804065,22.83611111872274
2804103,0.0
2806791,80.84774445721345
2808257,9.598751126422025
2808477,3.1316918254875716
2808880,0.0
2809027,0.0
2809975,21.373846948131593
2811585,7.916155597148155
2811703,64.7035893141286
2814076,7.156496970744307
2815748,57.56247883972818
2815750,4.619918944612934
2816854,0.0
2818471,62.650065501918576
2818530,22.308828954383664
2819086,5.935587651118887
2821079,0.0
2823012,88.37363110500272
2824253,79.96101153992514
2824484,32.7855572832114
2824553,60.48576588742217
2825322,13.550159786644672
2825336,6.391643377845668
2825539,13.491717776047935
2827615,33.62514270422665
2829821,47.469565494623545
2829832,0.0
2831378,0.9210764611720705
2831639,6.165258851211824
2833834,12.968815507407797
2833998,8.566685081138594
2834328,0.0
2834421,41.11604704030648
2835159,0.0
2835738,35.32494814688506
2836345,56.34815268473963
2838319,11.644214501632526
2842830,45.03606967656543
2843185,0.11539630308973159
2848235,70.61722616159938
2848276,10.453714343025222
2848532,37.78198627134183
2849477,24.394803439237783
2851945,0.18656984717084413
2853085,18.153226818191534
2853557,71.42574323304629
2854979,65.09345934351978
2855220,38.72152988278893
2856036,3.585725592827174
2858010,54.48020805167643
2858120,6.939805900878596
2858430,0.0
2862466,58.35720734798701
2862900,7.519830872758163
2864385,0.0
2864480,2.3559327745799123
2864637,0.0
2865370,0.0
2866217,32.477772618026044
2867463,3.7819944549663447
2872666,7.448759474161683
2874602,0.0
2874695,0.0
2874932,18.369052580000407
2875203,9.22693083164581
2875509,39.04693289521671
2875653,0.0
2876055,34.7828343370197
2879157,9.651942259211872
2880895,32.133324514876044
2881692,0.0
2886357,13.084554097284965
2887581,0.0
2887761,26.28443853569801
2888261,0.0
2888818,22.784250741882396
2888877,1.6099373852612615
2889781,18.651925991747227
2892280,12.553624323914661
2892709,81.11254303897931
2892830,60.2873130579114
2894055,2.8995479650538556
2894146,6.076488446399907
2895820,83.69327748676426
2897100,68.40222799358177
2897471,58.42536781453651
2897985,6.010029070925562
2898338,0.0
2899082,0.0
2899116,3.179477180072489
2904571,0.0
2904661,16.61498962656433
2905572,63.79692690231193
2906940,30.6868433610772
2908258,4.31814256486328
2908420,0.0
2909690,18.06364972053047
2912886,0.0
2913960,48.39417938419911
2913978,1.2451106288496838
2914445,50.55309960049699
2917698,19.371708062648857
2918225,35.305215692540756
2918704,0.0
2918764,4.404249397086197
2919081,19.977270914889964
2919287,0.0
2919377,8.732798725245864
2919875,0.0
2925138,0.0
2925888,0.0
2926508,0.0
2927005,5.167199422412885
2927487,44.38537877517411
2931544,5.795666729789978
2931859,31.015631162260796
2932027,52.42127289727245
2933406,19.091319374132787
2935329,0.5175882379599841
2935897,61.52750090977842
2936054,35.23050832269212
2936192,62.58473013053663
2939514,14.066738445700175
2939670,37.81297061062018
2939958,0.0
2940007,0.0
2940762,0.7177104330399402
2941688,24.005856097118915
2942129,51.40257432168167
2942211,17.716877979745718
2943334,11.236445553851482
2943641,35.55323640574603
2943724,11.016238020787775
2946155,6.689725788063285
2947668,4.3298313000503015
2949128,38.49623459791801
2949790,0.0
2950178,0.0
2950627,25.392460012190135
2952861,10.901212605389908
2953058,13.033170961806952
2954989,13.482618400926007
2957425,30.46436196285081
2958344,3.612714333266986
2959168,53.30645687531588
2959682,0.0
2960080,7.518578483629369
2964260,0.0
2965557,8.750482030062805
2967375,52.89698467695216
2967792,10.5163026826392
2968070,87.5870779427668
2968964,19.422008811387855
2969663,4.846244702452005
2969722,0.0
2969803,61.4053073660855
2969919,42.80569164461372
2973962,0.0
2975389,0.0
2975604,8.967589237308928
2976875,0.016318341022810046
2977232,73.98476992817238
2977482,5.371966089722527
2977643,12.305138740975817
2978053,12.423631937076337
2978697,6.119407522552457
2978825,3.9727160072676924
2979650,15.040425954624602
2979775,5.541600179255958
2979871,7.741111431645656
2980355,67.35845092837579
2983952,13.29796315799647
2984662,0.6672202054933507
2985279,6.862134608558353
2985678,73.15216874054275
2986847,54.00791522847781
2987015,4.892401086748215
2988045,5.238845630200984
2989428,15.000822791468174
2989596,41.93756007903701
2993952,32.38955687895256
2994536,9.293598071855449
2994541,38.8167866069314
2994648,7.21759823925948
2994659,38.92421370166631
2995368,51.84381216590048
2996823,3.4210611140319074
2997377,7.000589702049432
2997824,0.0
2998230,0.05543118411777215
2998911,13.99398210540447
2999527,3.668204142139871
3002478,10.328426813084981
3002746,0.0
3003127,14.947978224130999
3003386,51.013898420425036
3004348,86.15105958610457
3004969,7.527536259740735
3005261,23.775715807521912
3005990,5.163574239776871
3005994,11.373947170901005
3006318,60.832167129569164
3010571,11.083082294210392
3010978,20.862592593756595
3011058,33.82997477637528
3011417,2.777243470862164
3011497,0.0
3013136,53.103684768753034
3013158,1.0318175094902315
3013383,0.0
3013404,13.298993746832046
3013668,1.8405685804854528
3015711,24.239098880581587
3016563,81.87286304907084
3018278,0.0
3018422,5.655385549755408
3019264,0.3729432304620275
3021617,0.9018452713876357
3022063,45.384394571653424
3022247,14.488897497717346
3022777,39.13726287753127
3025885,51.97434909657746
3026737,17.447815941858824
3027445,0.0
3028186,14.773024052658563
3029723,2.2287808528674304
3031514,15.758170894843165
3031660,0.0
3032110,49.42002956003286
3032355,0.0
3033723,7.07030332638238
3035054,39.28792768098908
3035621,37.50474444013836
3036132,0.0
3037002,0.8216253517413854
3037740,12.692565330442307
3038732,2.018383868380063
3038781,15.344710499914932
3039186,46.879711879160546
3039888,9.530644342708648
3040654,24.24488190651281
3040917,0.15638085238044397
3041889,11.320283323946178
3042547,30.0994523501706
3042553,56.339480268227234
3042980,82.73580207345866
3043127,9.660067356455194
3043416,0.0
3043425,29.2756197472999
3043548,33.49140024055375
3047340,0.0
3047757,62.74087802095425
3047903,0.0
3048226,84.7201916127709
3048321,6.609939793038478
3051679,0.0
3052214,9.557324527746708
3052285,0.6960952110005891
3052726,33.452229036713064
3057844,0.0
3058995,4.701930430342351
3059025,78.92646888667326
3059383,50.50849277765509
3060745,32.4379537849215
3060766,11.747712646710674
3061093,3.5016923745373845
3061221,54.743916105921045
3063513,1.112144476538596
3064153,59.26635560962084
3065612,27.03635989492671
3065812,0.0
3065911,47.737353203846844
3066652,21.361906669083055
3066976,37.448026657939536
3067062,8.785460163463576
3067277,3.292261338816594
3068047,0.0
3070876,45.96104680649965
3072242,12.757472009161667
3072757,15.366222741996888
3073195,0.13721824406452043
3075343,1.0212727007410436
3075657,2.1157923709141073
3076051,0.0
3079237,20.173244566477187
3079567,64.30020760289977
3081281,15.78870737537207
3081335,0.0
3081454,0.0
3081756,61.51711397546489
3082406,45.834363168971045
3082988,0.0
3083026,62.92184968278546
3083249,62.39643778931249
3083966,38.25852784694715
3085185,1.5542315759379122
3089264,3.476016296514203
3089577,13.93611814926075
3090315,5.7350124687515915
3090922,19.6584508926664
3092322,6.922833659462377
3093240,65.64530269759206
3093762,9.725262358073245
3095016,15.254540879720096
3095023,87.58086658310768
3095119,35.91328285625115
3095348,5.92560920656036
3095550,63.18205108215018
3095682,1.4013102508139923
3098703,51.56190712017419
3099573,1.8010919591096481
3100440,0.0
3100555,1.664059859635266
3100927,41.59124514616808
3101746,1.6304497522683263
3103596,6.54453884043923
3103784,12.306998587961608
3104253,31.92795291001633
3104543,1.7334458332946596
3105086,34.05336453448557
3105137,22.928350969884434
3105572,10.416889532231984
3105712,59.52280055250943
3105849,4.810048580630621
3106051,4.920436836140922
3110281,0.0
3111195,59.11478299833492
3112608,49.8809691298356
3112872,0.9510029487739686
3112953,7.095444522413025
3112966,3.7777000085764953
3115710,15.704690265423064
3116166,0.0
3116327,5.309266091786142
3116519,0.0
3120723,0.0
3121011,54.698218611312605
3122230,0.0
3124456,3.1148568261483476
3125426,64.62415556978418
3129731,9.791446800856392
3129888,27.97361194674461
3131794,0.0
3131982,8.918339965011235
3133055,38.876042185425625
3133621,0.0
3133754,9.546623129511907
3136014,0.0
3136318,7.841850872381734
3136535,10.516592128737884
3137069,0.0
3137906,44.98906625733648
3137920,0.0
3138699,0.0
3138937,0.0
3139073,34.961343564151456
3139181,0.0
3139489,40.578173067916325
3139623,6.971144341823482
3140375,16.389111028874915
3142216,2.2933815846049015
3143311,5.86654417419917
3144094,0.0
3152039,0.0
3152701,40.20568598394926
3152724,2.6887196871111243
3152841,0.0
3154590,2.9195717002376185
3156460,65.84786197098887
3156969,78.41097951783942
3157330,0.0
3157420,3.8303318932840753
3157747,12.312220825285642
3164639,4.856990374294952
3165063,11.048249144583373
3165190,7.553931441390901
3166540,12.868063557840259
3166564,15.410669773331968
3166797,0.0
3167520,15.279139119923837
3168163,0.0
3172778,2.95856583764634
3173148,23.76960953691001
3173685,37.59361431893169
3174292,50.41927024552103
3174902,0.0
3174948,0.0
3175023,66.3136496132887
3175204,64.9275289106566
3175209,27.2786036364352
3176553,0.0
3176781,24.823886337147318
3176874,81.33905742343472
3180308,8.712456652238522
3181376,1.4322000415487466
3182176,5.786790843794158
3183018,6.453790509970354
3183201,12.473496711697827
3183339,15.34729860623733
3185037,51.818225715057864
3185529,16.636550828777352
3185712,0.0
3185718,0.1306733575192638
3185829,30.05552167869316
3185840,0.0
3185977,0.0
3186147,22.214617981329305
3191358,2.761399932123993
3191450,10.04741004346235
3191779,0.0
3191925,29.91241132541073
3192969,0.0
3194049,32.684781792165644
3194510,6.537219187109329
3194552,0.0
3196836,3.086994419374861
3198114,1.3896871486404265
3199022,49.537741614647366
3199633,19.01554263303013
3199891,46.00601177489364
3200713,30.097077076677685
3200785,61.11630943041574
3201161,0.0
3208196,70.15580003667225
3208864,51.598991678313936
3208895,2.836294198797816
3208908,0.0
3208922,27.642340977494577
3209319,0.0
3209685,0.0
3209866,0.0
3209980,66.4539216182385
3210405,54.096918153803266
3212922,9.520121010787527
3213127,31.063761263706162
3213712,2.9834502459092818
3215660,68.49267358367283
3215722,2.960432951576422
3216134,23.463469991234994
3216238,10.544064946100896
3216247,1.9141671531092257
3217153,11.82251850790487
3217196,6.2383712125877295
3217684,59.85383856158576
3217808,18.881448725299666
3218526,62.4154812519001
3218787,63.8922237804348
3219401,0.0
3219928,0.12267849088370752
3220028,7.79549276048084
3220178,33.87834176946119
3220820,64.59856379281246
3222262,63.78329067227504
3222510,2.4528122343253855
3224913,46.45312660420232
3225390,51.1434659962416
3225440,8.25133620621255
3225975,19.884051166622363
3226454,0.0
3226489,66.20448122881979
3228049,11.385095397762385
3229157,8.790613949401752
3231562,23.75088125365876
3235070,17.343566880780877
3236301,31.169141138394608
3236919,25.254554489557542
3237048,12.509609019806227
3237052,0.0
3237069,12.35965151245825
3237524,14.563871835644399
3237602,0.921231653425302
3238109,0.0
3238431,12.557920467698494
3238517,15.199787736649363
3240903,5.846705769306752
3241074,3.4678449287425153
3241287,13.362041712518312
3241486,43.998149264100256
3241882,32.5226259395863
3242138,0.0
3242167,1.289476924385717
3244360,3.0648249714262903
3246086,0.0
3247463,71.66520601630228
3248306,11.54457228800279
3250448,67.08145230278043
3250977,16.28432407406038
3251113,8.081032475135906
3251148,50.97264944118625
3251638,4.040145778250881
3251901,0.0
3254762,1.092629016044235
3261569,45.1014675993151
3261740,9.556286911252641
3262760,11.480919464079165
3262855,0.10085235630049283
3262961,23.433567403639437
3263039,0.0
3263260,28.85382562865515
3263561,1.1148045988860602
3263650,0.0
3263680,0.0
3264261,10.248705938927493
3264348,0.0
3265410,16.52833529753753
3267114,0.0
3268008,25.406541770398537
3269126,2.5402840907241284
3270428,5.444599466380154
3270809,9.084216325865562
3271549,6.378624402394777
3271767,0.0
3271893,9.687010178006553
3272159,0.0
3272161,24.589263397663338
3272201,10.67014496803808
3272466,7.985271465306155
3272610,2.480788938866624
3272721,2.4780810813279075
3272778,12.603326715804151
3273170,43.48199136709481
3273182,0.0038107613279052543
3276963,2.440619388144924
3277079,1.8347506165016583
3277684,3.2142212671065877
3278158,67.39058371596252
3278436,2.8721487423937404
3278631,0.0
3278758,47.6306489928463
3279446,0.0
3280787,0.0
3282274,29.794195682058156
3282726,68.38073860940514
3283019,20.092897681208385
3283284,2.109884576092842
3283405,14.307017384487757
3283729,5.8409271977152954
3283741,2.04722924907945
3283782,40.505987746805104
3283867,12.0273224300797
3284019,17.41148995415638
3284085,11.55593167698968
3284230,20.26746907606279
3288710,24.95309970738158
3289376,9.519202068680364
3290309,34.80181760968808
3291524,7.3663362506439825
3292042,47.970231939158445
3292224,9.28254966737753
3293357,10.585488400195501
3293488,6.397363077545776
3293528,80.62404367231281
3293577,0.9615176221884596
3293918,68.14916412565805
3294131,33.388129445006
3297016,26.315384105354234
3297255,0.0
3299862,36.170632825136
3301118,4.935678290632996
3302259,56.10946598096451
3302463,15.026427238319032
3302921,56.94022007945179
3303165,68.57896346202715
3303211,0.16010821134826614
3303273,0.3375922096570676
3303335,10.832221551500005
3303382,60.91935691941476
3303873,19.362671985369033
3304163,7.392115087662162
3304307,50.25981552752217
3304505,87.34158451711392
3304670,24.643285026988245
3304732,0.0
3307936,8.157394625421269
3308942,1.3645957492335938
3309377,3.054000961624297
3309572,42.19030910147137
3309761,0.0
3309982,44.91778665149334
3310662,10.465230108378861
3311235,9.121625278133699
3311412,92.0
3311821,45.42981821446228
3311830,69.16769254154167
3311834,76.10747009245259
3312276,43.413140562436666
3312417,36.27994041713464
3315355,52.565782207594204
3316191,14.692232907553006
3317039,0.0
3318524,0.0
3319685,12.028943791808736
3320635,0.0
3321432,16.159068683179665
3324203,67.53042224511228
3324250,7.74886217571887
3325297,19.9396856146494
3325310,26.727361822846383
3325584,8.835996294777829
3325617,75.2770661217804
3326000,8.81986658390128
3329145,0.0
3334360,0.0
3334616,4.613890209328666
3334756,0.0
3337585,8.14245777985775
3337808,0.0
3338062,13.240524845957886
3338552,0.3778880360972252
3339205,0.0
3340276,0.0034346840258834277
3340780,43.70045948874315
3341682,3.449207372819295
3341986,16.64041244682813
3342681,10.44389664976449
3343299,1.7684158161064758
3343671,0.05182000931853992
3344168,13.753413379499175
3344400,9.49296233570248
3351165,9.849460931130274
3351364,14.049477140349445
3353282,6.386941574758076
3353422,0.0
3354484,10.718240120579175
3354795,19.947930620559127
3354829,0.0
3355024,12.980632666406478
3357882,11.998850598102226
3359768,92.0
3360896,47.3495804862506
3361203,44.945515463023675
3361370,7.025884051885953
3361783,8.686125211463938
3362302,0.0
3362363,3.56280364097217
3363182,20.14634965377938
3363845,2.983749737004345
3363926,0.0
3364021,1.3097790986290256
3364669,0.0
3368441,6.1077675326221055
3368609,40.81776107246526
3368741,35.22647399046438
3369100,46.434213409323206
3370103,33.400983019701194
3370151,13.583579156651815
3370435,0.3219426752111758
3371089,8.122199633722055
3371155,1.4395011094190124
3371770,23.54966956308006
3372573,16.015177078009856
3372925,0.0
3373030,34.719374433969996
3375448,87.34720668758331
3376567,27.694066085115875
3377193,9.893500870007216
3377697,1.0548493966877643
3378268,36.219155250330054
3378289,9.881999788727434
3378627,72.4472121525607
3380197,63.23538536362043
3380546,11.570098896914253
3382507,43.66582527148047
3383066,6.836225397374697
3383382,15.470973871308288
3383516,1.6599106012358007
3383816,3.7533062350647057
3384323,1.4542131583380993
3384875,41.266010306726535
3385332,0.0
3385338,74.87973022869159
3386226,47.20446975407716
3386269,3.4891389666761867
3386587,19.50238513804735
3386696,71.1618005535959
3386746,7.195047950533834
3390242,21.505774057520348
3391220,13.884777383353978
3391548,0.0
3392418,10.514817269938511
3393705,8.03785924269533
3393798,7.244567353763941
3394798,53.16758072805701
3395099,8.157395818086613
3395681,19.751186697322503
3398697,2.7760374971977058
3400645,9.61768065317569
3400739,55.66523754373331
3400929,0.0
3401175,0.0
3401937,58.41966973180449
3402068,8.485773315900445
3402415,11.189781201174334
3402562,18.862466203635744
3404247,0.0
3404313,45.98270297702103
3404472,81.37376497169967
3404668,66.84547705044578
3404892,3.03964641331892
3408897,15.110274976205481
3409820,69.0157656413707
3409926,35.08657194635372
3410470,46.60100049656084
3410557,6.2068702306054675
3410850,0.0
3411006,64.29850212182052
3411086,74.78361157832163
3411380,7.723907584048895
3411815,11.998999535467448
3411912,4.263758381304104
3412893,4.331892797302054
3413783,5.56392020483198
3413981,0.0
3414084,14.475945030203022
3414182,3.763285832514697
3414653,45.04944533573325
3414843,9.833631574011896
3414885,10.80822932612812
3415582,5.634697639959171
3415829,7.058693607225486
3416118,38.14447641655496
3420223,12.662538567665308
3420526,60.904183326136845
3420546,64.69903059461043
3420707,19.47734167812648
3421020,38.07118614860619
3421589,6.7461002178501275
3421605,61.01788881076897
3421607,1.1004300020552549
3424943,92.0
3425054,12.553230899679264
3426149,59.00025068079933
3429765,30.755163472106567
3430107,5.991594433263021
3430453,68.39471429676402
3430612,2.3177010115119643
3431377,23.304107839826862
3431378,63.18968783686473
3431674,0.0
3434075,4.524452149669401
3434284,51.01601477568692
3434454,16.118622550620422
3434471,1.2476171382232835
3439131,55.07164159852697
3439207,9.11943477281961
3439298,0.2376317360740714
3439664,37.79389832610959
3439687,1.359500033602508
3439781,0.0
3440226,1.131378645942796
3440523,3.041165860919257
3440741,1.4421651092924748
3441127,4.416713748325741
3441221,12.177644324706485
3441604,7.471502792377919
3441729,12.200675340626034
3441930,76.84247080802206
3442067,1.2451237619968296
3442140,0.0
3445138,10.795097731774135
3446036,37.172408927249805
3447361,55.02782298266152
3447448,3.4524487276293385
3447964,0.0
3448303,7.450775767896708
3448563,11.28331184403418
3448776,12.081258140923524
3449575,56.6293670510607
3450210,3.0654916016729814
3451983,12.18301574260571
3452009,33.21368899011798
3452623,14.654005786186964
3452809,54.829101087856195
3453624,30.936243885509548
3453750,3.4244666722630726
3454212,4.897856741130234
3454343,47.969819966901866
3454662,0.7122053551196252
3454893,6.158330981089755
3456576,84.51686465367425
3457338,6.466699744905966
3457802,0.0
3457822,64.04746425063786
3457987,0.0
3458525,42.211293385088894
3459384,42.47628733304582
3460129,15.762549944779671
3461872,3.067438232131657
3462475,0.18511262457218436
3462561,62.47544125293264
3462626,0.7769847785073054
3462871,0.0
3462975,0.0
3463475,76.36912226188775
3464645,40.3644388933123
3464706,0.0
3465310,44.048816265681054
3465329,0.4532768873143098
3465351,9.542699890978533
3465407,13.085109642539486
3465604,5.2358995202219205
3465607,8.192983233703899
3465651,51.37765450338096
3465972,14.654415037994731
3466675,17.452043941279634
3466842,0.0
3466991,0.0
3467257,5.616941495547824
3467267,3.3934898220026426
3467587,8.315257376719067
3467959,11.73371942080177
3468044,63.498051794062974
3468092,11.668349433478973
3468914,2.543606433798182
3468919,4.278860605710985
3469115,20.923908958234428
3469771,80.37650327774143
3473305,25.093277423773216
3473778,18.754979789169706
3474011,1.919223956589363
3474320,90.95014193857685
3475693,6.410015638006229
3476105,33.670099144873966
3476131,0.0
3476195,0.0
3478624,7.72066068336445
3478813,0.0
3479461,26.158882846458656
3479614,60.32966590470831
3479639,57.655942268850346
3479881,13.141868945498246
3482707,10.454045257359816
3483278,0.0
3483699,2.4334060426887945
3485146,5.168475888253262
3485641,20.381856133227522
3486029,51.34403641445271
3487236,51.59843032345142
3487445,0.5531896524746927
3487886,7.1478022496535445
3488283,5.212171229384133
3488332,1.0485523141033184
3489004,2.8188432635507397
3489242,5.287425234135981
3489450,50.325812713853125
3489484,69.52844189808924
3489608,21.54557217207968
3490209,15.360929909082621
3490317,82.28529276116845
3490322,0.0
3492910,25.527968627464084
3494876,11.01087308217031
3496438,0.0
3496976,0.2848398941886501
3497198,8.840799162813866
3497765,60.46502345009862
3498602,51.16944714347219
3498763,13.052852842797499
3498895,11.5830173075203
3499016,4.07396933691858
3499174,16.20189626951973
3502581,16.220989041104747
3503249,0.0
3503403,3.264215405003881
3505276,18.75141328075445
3507112,22.334130393206813
3508355,3.5926068522072896
3510705,27.315188933597533
3510790,0.8935172388272221
3511778,20.829606346983958
3511898,7.294135372807261
3512428,43.08975733704925
3513138,84.68438226935766
3513270,22.59809019520981
3513303,73.95526539325238
3513651,6.663825753895658
3513960,43.63928854956624
3516700,74.594066745394
3518114,25.826901687220435
3518682,52.221776516922205
3519172,15.67170159238254
3519923,54.35587445714196
3520094,15.600163470686333
3520756,23.619526509920412
3521124,20.05722323486024
3521318,68.36986823102049
3522329,12.852117196049356
3522472,0.0
3522513,7.919302500258489
3528438,43.246887140498785
3528709,2.8757280578407247
3529442,8.815492015901967
3529888,17.82964567859016
3529893,4.62440016888516
3530395,1.4765822106363728
3530517,39.244169664802804
3531018,68.33285294943482
3531190,0.0
3531681,63.172058369289324
3531850,0.0
3532067,24.91982867848145
3532338,28.423356294910974
3533180,14.18548003239453
3533208,6.093361358901987
3533549,0.5063436514698836
3533669,16.29689833220842
3533777,64.2615998574644
3534012,70.98753604859866
3534137,9.262505450168497
3534256,0.0
3534379,47.981690676825856
3534443,45.15311709343497
3538463,76.45308737926739
3538727,0.0
3539882,0.7206301534474306
3539952,1.0922810389320219
3540722,80.3461075811206
3541464,3.313869350570222
3542044,27.24829692016673
3542523,55.540816564800984
3543227,41.23519478323232
3543534,7.285990430750047
3544113,13.722613589875007
3544719,6.0236420898209815
3544796,0.0
3544899,38.23060930240991
3545066,7.483339446892877
3545591,0.0
3548133,33.0795689153012
3548393,10.72178501824613
3548691,0.0
3549126,36.57764383331632
3549478,44.43718899774773
3549798,67.47077879641684
3549819,2.415043006190416
3551598,73.34147773278798
3552405,5.96591383591322
3553361,8.694636344025731
3553398,0.1306243550098145
3553679,39.05892001280898
3553713,30.70296669609383
3554230,11.246282436963348
3554287,1.5326247943531612
3556241,0.0
3556615,26.66200656759331
3557570,18.406053543673487
3557831,16.374960262461222
3558578,0.0
3559005,5.152670458246419
3559450,0.9153836783428986
3559515,8.036525162721254
3559871,0.0
3561338,60.65756677307021
3561417,0.0
3562245,11.393145873630473
3562445,2.2765011549059366
3563035,4.0442497430789075
3563047,42.52998146426659
3563251,4.1118413989783065
3563271,56.331956692221894
3569229,1.7338597874637784
3569570,19.402366077111942
3570201,16.100454330647025
3570470,48.54781986853415
3570528,0.30347699075488066
3570985,2.844221403141713
3571021,8.773108143545791
3571154,14.985261452648913
3574063,7.32540328360281
3575238,5.4179849663102
3575453,0.9276875579929893
3575487,0.07577916352772007
3575859,6.538173120862446
3575918,0.0
3576390,0.0
3577101,62.19559605337553
3577693,19.506090261979395
3578028,4.790230423755197
3581652,11.496641722667185
3582007,0.0
3582449,0.0
3584455,43.34225583968139
3584703,4.107627868996957
3585049,14.1676353919621
3585334,10.542028307362955
3585754,0.0
3586203,1.5902225817818874
3590337,51.35536676278438
3590483,0.0
3592179,7.644899752140155
3593311,3.2432700032529738
3593385,12.642771270843163
3593491,11.165693931943558
3593824,10.46310423312881
3594671,7.542095380698036
3595484,2.654144986931634
3595503,0.12294175531726381
3595554,52.943313443600516
3595987,0.0
3596230,12.078694296847388
3598245,13.323628291674616
3600457,75.74767459321114
3600961,9.367353940691029
3601086,10.771887415593902
3601377,4.309754636648286
3601447,2.935861987947149
3601900,6.09543807019363
3602534,20.83658592112668
3603287,0.0
3603366,16.880642003229063
3603426,12.759179277222593
3603979,10.758632830339828
3604199,16.31230244430317
3604551,7.000974649988777
3605076,1.5906768223822851
3605287,1.3077026284666005
3605524,36.14537273324539
3605626,6.5556868973614115
3605896,15.68096073532184
3606459,0.9466432828765221
3610854,22.884867941481808
3613067,20.49444393353386
3613161,28.72592206724315
3613612,5.260077734447087
3613761,12.060478365695502
3613854,6.565899461738589
3614079,45.67034873447102
3614621,11.718826345803954
3615796,41.70129282198199
3616001,0.1078724688149677
3616769,47.08238309000563
3617350,0.6686663960417363
3617430,11.080965947336985
3617494,48.22450212208051
3619399,2.157986592822347
3619705,30.934927273445822
3622012,7.371064612744696
3622797,83.54796097768099
3623201,12.074654548952616
3623673,9.182025580866288
3623946,38.18154021954674
3624380,9.545339835880334
3624387,13.278361442460817
3624653,15.914169135598534
3625075,17.915699309364634
3625713,0.0
3626302,72.2107739193264
3626408,1.7101693767239325
3626719,0.0
3627326,11.074016541733748
3627468,8.44684573746435
3628190,10.476166176021927
3628228,0.0
3628267,35.182039306841354
3628961,3.962363111403583
3629141,44.169562914445855
3629217,63.31739777827025
3629381,1.6962660420881832
3631473,52.46669574464949
3633634,6.287207300356904
3634361,11.186682429048574
3635322,27.730303460560307
3635348,59.324441496761345
3635420,0.0
3635624,3.9439580585273504
3635919,0.0
3637029,10.368881717042484
3638053,7.498893925530794
3638235,3.6541287104952715
3638852,12.192714676801536
3641687,0.0
3642033,0.0
3642278,7.27855610902273
3642325,32.762255710272704
3643392,57.89424052652433
3643801,0.0
3644017,14.173318879761759
3644037,1.130182070465942
3645072,5.854820507178836
3645866,7.708752994823492
3645996,0.0
3646059,40.59357927099527
3646212,0.3706565061657159
3646638,22.11450738933638
3650207,0.0
3650528,12.655165697578514
3652230,24.531484788197687
3653037,38.58388467541353
3654420,54.570880343665
3654510,4.742746330271906
3655367,67.7870705986789
3655688,0.0
3661644,44.673500207935085
3661864,0.0
3662198,5.659035917207888
3662795,47.73860302016261
3663178,79.34623287834991
3663423,2.0984663789644884
3663798,46.15058353905123
3664094,8.019318697841506
3664473,5.785948559259282
3664481,1.934123997259256
3664892,2.8813244657503994
3665721,26.568086706992098
3666015,5.273996537421517
3666146,28.44068778267996
3666617,26.618718137379247
3666653,68.23550701299072
3666884,1.7706757210866968
3667653,0.0
3667692,0.0
3667717,6.736354036989475
3667895,3.201472778866112
3667915,25.423918142572614
3671653,49.23568683257418
3672455,0.0
3673772,80.53991445401411
3673774,34.81969604617907
3674594,20.188820675440674
3674757,58.04379447565404
3674937,0.16626160102411092
3675270,1.169918424354357
3675568,29.14522745621357
3676461,31.153900235399973
3676625,10.673042601934931
3677309,46.188607814745076
3677436,12.352894848107631
3677466,0.0
3677638,12.007462758901145
3677737,2.7517564326424235
3677995,12.871019431359464
3678064,6.210282117876844
3678357,59.81544130412133
3678829,10.656422114892045
3679179,18.539597255570605
3682839,61.800609309361356
3683236,8.204440910152911
3684302,18.47076150142656
3685591,3.6796886006213114
3686256,0.0
3687840,9.881266164091357
3688197,15.218136655727143
3688368,11.222889700281254
3688940,0.0
3689140,66.2495139117038
3693008,6.3270352065298
3693222,12.444742630704361
3693262,14.943855375216138
3694030,40.36097106609842
3694268,6.554238987847871
3694441,9.996732505579622
3694643,0.1622047107653799
3695178,56.24736694918435
3695375,50.41093906815331
3695463,18.000928156274984
3696043,21.799683968734726
3696224,11.864565575173291
3696746,14.401651751820687
3696946,9.51544557192424
3697432,33.54237374659479
3698241,17.08112980399202
3701381,19.248592682229372
3701890,11.860810510864049
3703129,50.70064571303123
3704081,3.6826143463903875
3704297,74.31921292044916
3704729,4.513476632886579
3704891,4.461479175297065
3705030,0.9114344707847621
3705088,0.0
3705368,22.420337160766483
3705495,35.63965633985056
3705534,0.0
3705673,6.997705240738668
3708542,16.304303843079843
3709294,69.35533388989217
3709567,47.56037095706795
3710434,0.49511610989392096
3710483,5.9051841922395525
3710661,55.033627519048856
3711096,10.355203185322704
3711208,0.0
3712133,5.078003474523605
3712330,73.41183751724105
3712846,7.49079500565626
3713028,0.0
3713031,57.03909407392536
3716193,66.51338838444468
3718713,8.634313620947438
3719330,15.802041791316121
3719701,13.854941725877495
3721036,1.4436805158572454
3721826,0.0
3721904,39.403131062305285
3725902,24.926357200405853
3726665,57.780345864655665
3727206,22.736328173186926
3727861,0.0
3728240,10.417807879402837
3728953,0.0
3729469,15.486425050169672
3730645,43.09935974663421
3731388,9.851923896906683
3731534,0.0
3731689,2.2228468949420304
3731871,2.812792974472565
3732008,41.43883020723388
3732059,2.6545445365232894
3735175,8.31032336874128
3735483,14.096110920092755
3737180,9.229078698036709
3740402,19.071273214166197
3740809,10.25862936854623
3741457,62.19369977115654
3741504,0.9735034343625912
3742373,0.14968939580419516
3742413,0.0
3742519,0.0
3742785,0.0
3744465,23.004034586815536
3746945,5.427808704777398
3747392,10.676918226348974
3747505,1.7172962573761978
3747567,46.466525984691934
3747855,0.0
3748401,0.630309670835338
3748684,39.93040966790523
3748804,19.734622796614417
3749338,13.706084410877988
3749528,0.0
3749971,14.071141934979693
3750568,58.92578144014229
3750917,0.3835621419976931
3751570,61.6829790427276
3751737,23.85949225468245
3751894,82.84752142827125
3751919,10.403740797828313
3751932,52.999826627336176
3752352,0.0
3752605,7.358968731248176
3752872,11.684797618628409
3755001,8.31684786666779
3755474,6.165160648828589
3755748,17.819091105387493
3756098,13.747382672348301
3756488,6.593672108449248
3757178,11.72982941323648
3757461,56.2962286348061
3757859,58.80869723800931
3758296,48.966906178016366
3758495,23.726986710564944
3758686,69.63942422997795
3760029,58.07622982343043
3760158,13.499453460531239
3760740,13.410736721399992
3760824,6.557511263189767
3764301,5.012772764280342
3765411,8.830196349252667
3765646,7.45795992106207
3767079,51.07748427034324
3767267,17.67028933165951
3767674,9.169095682611584
3767801,12.334801609013759
3768796,76.15944902228895
3769052,30.66253365644028
3771687,37.51986156555389
3772617,0.0
3773787,6.282396361992554
3774556,0.0
3775379,3.2724350065504666
3775659,40.58475311169204
3775857,0.0
3779523,5.307261146603999
3780206,12.784024497895373
3780715,41.4253256625688
3782016,69.05132058755599
3782082,0.0
3782283,0.0
3782441,0.0
3782457,0.7123773100845696
3782579,25.28762305855974
3782925,51.46399242064701
3783173,9.253598183275201
3783231,0.0
3784298,0.0
3787893,7.490708352224651
3788637,20.315346558852823
3789400,0.0
3789685,4.297767723276092
3790048,19.361038974117818
3791176,10.232214642081978
3791464,0.0
3792227,9.984180420202499
3792507,0.0
3792523,39.00557976546901
3792732,0.96159352542427
3792910,82.55935512561847
3793002,11.586474209283068
3797867,68.92598133108899
3798941,81.31385904276301
3799541,30.62488103884568
3799598,84.71214001613339
3799995,11.160419545061167
3800187,7.2355270532964155
3800332,1.5417423176323979
3800789,1.3143019345183902
3801007,16.30695662709619
3801368,85.40320307358033
3801701,26.74177184881114
3801950,3.903303106881129
3801977,2.097849613571931
3802218,90.53047108618645
3802538,66.84920344357943
3802582,2.8711595813280084
3802908,17.700890081918764
3803154,11.105587524641718
3803194,2.407481080749424
3803201,21.73684803645854
3803622,10.791413487264052
3806630,0.0
3807983,38.42951906521086
3808405,1.5045736110682881
3808709,3.405769034581006
3809988,6.059607227983101
3810334,62.24874794769141
3810864,0.29810409510603364
3811171,67.65023002752824
3811578,0.0
3811639,77.75098024692929
3816424,0.0
3816450,57.12132454101758
3818259,63.70784818315314
3818298,25.42445888522142
3818999,6.181746295335394
3819304,15.552768329959452
3819656,0.0
3819946,64.04303660183115
3820498,3.2343290359948327
3821364,0.24728588031425858
3822296,45.731415125326436
3824057,4.589064251900915
3825362,8.186315785441927
3825437,0.6781155992631014
3825743,24.658922971392684
3826908,22.211192983038423
3827231,14.96654054421009
3827442,20.171394320654066
3828097,15.434790750757251
3828098,10.009661520805118
3829387,0.0
3832444,7.9359833026932165
3832863,10.217659114848722
3833644,23.531202735714494
3834786,33.63394913365173
3835052,30.92468001765662
3835132,8.82335936926858
3835244,39.14993290301317
3835334,0.5443089348745573
3835345,0.0
3835611,0.0
3835681,70.25500759281489
3835740,28.429254424253408
3835948,53.293942692271095
3836180,6.078828757411827
3836199,54.60705577122018
3839258,9.458459872137027
3839365,56.76116544833876
3839717,3.2540948362082105
3840200,17.757267956048914
3840286,11.635112560789196
3840719,18.17047837706707
3841033,7.221464568539361
3842694,33.59601113843034
3843916,2.0222050171941888
3847681,0.0
3848431,10.38725841619798
3848810,0.0
3848877,49.54484792852983
3850182,9.333364309616513
3850237,9.342665232715436
3850254,13.943820568411006
3850967,14.146803399762184
3851183,23.58646271446152
3851498,29.38083747591175
3851571,18.848386293089554
3851719,16.439476282901303
3851770,7.2247181406247805
3852141,4.025491875494517
3852261,47.68541954156519
3852538,49.90889415565853
3852580,0.0
3852660,0.0
3852988,7.324507213254897
3853079,18.124564329305983
3856570,37.003045205762824
3856583,43.21522559200869
3857180,14.049989246743614
3857462,11.9579029903378
3857687,31.658884982867
3857863,57.511861791275635
3858386,16.0264025231144
3858785,0.0
3858822,3.7502163112661364
3860590,74.33874353442746
3860762,8.954680506995954
3861299,16.661326928897587
3861301,0.726466010952926
3861569,1.0004149116541328
3861713,6.003285626685262
3861885,7.471274740144608
3862154,1.482118077088522
3862328,65.39486671295718
3864528,0.0
3865141,82.61608120739555
3866389,24.48695621038879
3866536,9.761230684222234
3866540,26.841203726834152
3866888,1.3657666730708584
3867293,0.0
3867351,76.55358594431033
3867525,1.3821600308787296
3867632,2.5753405107867877
3867739,0.0
3868052,15.182906904158543
3868344,45.22285305449646
3868719,0.0
3868981,54.50865781963192
3869282,0.0
3869335,51.668064066484796
3869436,11.388417097114036
3869967,12.918522477202615
3870158,16.60385565165496
3870187,14.434668164691068
3870317,11.312021213645643
3870502,1.1345807549568718
3870793,9.542325257205363
3870797,22.46180933969579
3873453,0.0
3874023,46.352894441015344
3874702,35.78333677942771
3875294,9.736633906264608
3876269,0.0
3876850,6.581366977151035
3877193,30.168267278818245
3877362,26.744305795337766
3878067,10.721798984943142
3878579,1.5517394936137627
3878621,64.11727302997706
3880863,9.560404407998167
3880985,1.6251424771338066
3881808,15.293541133721043
3883020,13.565011671364054
3884052,6.5898961410167445
3888470,8.867376066466981
3888689,64.3927536483364
3888752,92.0
3889773,0.0
3890018,47.20131547904096
3890947,2.2836551564115233
3892700,81.24795029655877
3894446,2.3051242240280345
3894449,9.919077897006233
3894674,30.200478670885175
3895455,8.767187553117175
3895930,26.228684960497375
3896579,2.176697364637292
3896588,0.0
3896778,31.73332206005138
3897387,34.76012067960058
3897667,9.972787172194693
3898329,1.0514479895208737
3898625,0.0
3898736,8.311431436388453
3901806,39.969473995451054
3903173,10.011360936120155
3903747,5.292966966609427
3906483,54.95691272706404
3906942,16.088881352532752
3907279,21.339377751640782
3907413,65.2355489277087
3907603,62.45637409989244
3907848,68.25579102147584
3907852,12.767420821830065
3908008,18.65144939870607
3908094,8.125493032631262
3908191,3.9186774494023737
3908257,42.34740382909451
3908361,7.732735688232175
3911393,28.542898528687907
3911451,14.916238659512906
3911536,1.5463991876629848
3911632,53.47161576264515
3911804,26.403872538461407
3911826,42.79661641154784
3912794,49.151278407303515
3912900,9.827649509329547
3913674,0.9798941553438496
3913873,13.147181421629373
3914910,6.451351778074603
3915799,0.0
3915933,6.189608213790201
3916062,0.0
3916312,11.396110049398118
3916525,44.035776319790756
3916572,7.4591456125873385
3916775,16.131236746394386
3916962,0.0
3917007,1.402562825548003
3917163,16.781307178903248
3917367,31.19707511950994
3920357,0.0
3920562,82.13662851108998
3921600,8.627700662521171
3921900,0.0
3922214,15.290731067877797
3922314,2.8306023545072705
3922967,7.573798386876803
3924325,44.56923662569249
3924619,25.08128057027868
3924820,59.889858575839895
3925359,2.515704997044999
3925418,4.217773160514071
3928833,11.41123176790672
3929317,24.888144912490553
3929669,10.833717727562238
3930410,2.516328417963827
3930878,8.210867487013921
3930967,5.760851368399976
3931242,16.615914642878522
3932374,1.6996933053505714
3932970,0.514147467519976
3933552,73.06018389433643
3933571,75.24733137355372
3936759,19.68126786952965
3936970,65.94668911392779
3937103,0.0
3937482,2.0613910885913214
3937630,1.7706217151627968
3938401,11.803271106741306
3938956,25.007883376005637
3939086,22.072510264544867
3939128,8.42919051560331
3939929,4.251230861682167
3939974,6.863184161493265
3940234,2.759039845867939
3942409,26.779630243762675
3943594,9.28728310172459
3943630,0.0
3943738,0.0
3944200,28.549101895036593
3944233,58.83222666151505
3944625,68.99976351574568
3945449,11.745831757190224
3945636,19.325953016777028
3945680,9.908376813381302
3945836,12.632628303447333
3946018,35.553486533921266
3946024,0.0
3946201,18.127456247800993
3946245,0.7324340262426432
3949890,13.412908758109488
3950991,6.684586512723548
3951043,0.0
3951363,0.0
3952264,12.173705782474755
3952328,10.145775766211841
3952502,3.0619230210198367
3952676,0.0
3952793,4.122538933446329
3953585,10.823300460873376
3953602,66.86403631540003
3954544,14.991937210657028
3959177,0.0
3959369,0.0
3962389,17.814767734034056
3963168,17.32511621552333
3965787,7.487248318516542
3967123,16.568812342018973
3967467,0.0
3967613,2.3483746413362425
3967945,92.0
3968371,58.72210673848114
3968434,35.27410111728221
3968501,5.200204052781238
3968742,0.0
3969366,5.389367223743783
3969705,13.203392704052135
3970224,10.208887261518854
3970345,11.803843325475519
3970626,50.530454573339235
3971498,0.0
3971534,5.854454297983274
3971775,0.0
3971852,9.407013346519884
3971900,26.48076902473094
3971948,0.0
3972408,0.0
3972453,80.90277111459804
3972524,26.58295641777368
3974464,2.454932577318587
3976928,76.6491851373321
3976991,26.19180536693782
3978092,54.8655814493158
3978364,6.292504983227218
3978543,51.62404615728221
3978632,6.1863301042937096
3978680,8.524773109990385
3979504,0.0
3979522,0.0
3979611,8.573217880290606
3979815,59.05707329622684
3980324,1.6386664492239973
3980611,75.97042566118506
3984077,13.951374463343704
3984207,7.4366195485326685
3984681,50.88970149370029
3985088,2.723233657734461
3985458,17.730111586941618
3985673,2.5237375231511976
3986953,46.75631177134666
3987097,12.415545303648564
3987571,87.89287241681373
3987599,15.481329533642807
3987655,83.6441846073609
3989564,79.45982798058594
3992814,23.628043402633033
3993388,72.23120281827758
3993392,14.69233127409155
3993553,1.9243399859406978
3994287,46.64708630562315
3994638,73.5596391095925
3998498,35.94110010815031
3999079,46.5078618416656
3999735,20.232073087671857
4000133,0.0
4000309,0.5989590864668628
4000530,0.0
4000561,3.520870712153318
4003179,0.0
4003220,68.00323569251836
4003231,41.173372266141996
4003515,43.83302066137954
4004700,50.312135368371486
4004883,6.528182322045957
4006068,23.753167848181285
4007689,0.0
4007784,56.06754275682051
4008362,0.5425242134464625
4011323,13.55468555891187
4012280,0.0
4012558,40.08548667215219
4013339,45.747664062678766
4013685,3.7117207126892
4013920,9.340487959604346
4014004,15.649503118001512
4015354,72.1265661049753
4015422,0.0
4015442,3.3388985910738356
4016109,5.823680222051884
4016121,0.0
4016142,15.030292762994854
4016791,4.277798658230886
4020957,0.0
4021884,8.463825956226621
4021957,80.6805843674205
4023232,16.92683332437899
4023565,6.800900253110832
4023713,12.022800010604897
4024413,1.155282167263664
4024936,38.238578125657064
4025313,2.149107800619994
4025325,36.08220913128506
4025355,5.776768935018616
4025913,69.2340232058728
4026150,59.92259210438992
4031463,23.267232582145773
4031668,13.086963817209778
4033422,51.71641009905714
4033521,71.63874249723224
4033709,2.2569819695922817
4037008,1.494905443128907
4037379,4.405175370305294
4037426,15.272020309151848
4037522,11.311163253026532
4038816,5.813221255512083
4039450,13.407766417528205
4040395,16.830810987472724
4040489,0.0
4040900,24.213467920499205
4041351,5.510994497650628
4041583,0.0
4043470,7.384999975707714
4043830,15.78366464770128
4044625,0.9921143507659025
4047638,32.62700307711808
4047751,0.37148479043710125
4047785,5.43935697718203
4047795,16.69941336225165
4047979,8.055965106857386
4047989,54.13339549220725
4048013,15.698824688160506
4048043,65.10662564224361
4050765,33.91981281134866
4052514,49.06282534166552
4052771,33.61246796526623
4052940,0.0
4053152,1.152240067035187
4053470,0.0
4053558,1.152412394432929
4053564,15.624444305815906
4053804,8.294281499065704
4053987,13.153536785923045
4054332,57.16428168610082
4056741,17.49821745567383
4057099,28.82450681648607
4057361,8.144557332227542
4058316,20.94398944502575
4058515,0.0
4058615,10.626473914723256
4058949,38.09841236751913
4059037,7.206716159130117
4059214,51.35203413994556
4059826,17.011090403497796
4060149,1.472496487803724
4060400,0.0
4060446,23.986153732899922
4060526,9.14998556940781
4060993,9.347176705112865
4060994,0.0
4061171,36.48600309098874
4063357,57.99805899856133
4065300,17.286518210124534
4066179,4.748490370508954
4066224,25.402606616726565
4067136,9.838152329280561
4067200,56.8655992638596
4068216,86.01346342063636
4068273,8.548993834666256
4068760,62.64092864532881
4069211,75.65161946335829
4069228,46.05069161919987
4069341,8.14660444766357
4069363,36.78068220220751
4069584,65.00184116433226
4070027,4.900434523346618
4070133,59.633702214005766
4070140,0.0
4070169,64.28899851080226
4073641,7.341188275565187
4073957,0.0
4074011,0.0
4074344,57.02302139523237
4075252,0.0
4075963,17.319094254043485
4076000,0.0
4081707,2.0449278163805573
4081926,75.5112650433811
4082635,3.75438914996635
4083049,16.20217008461497
4083306,58.662651222156974
4083380,5.56985302443389
4083790,4.191588746059445
4084541,0.0
4084603,2.090046802659643
4085413,0.11008586173924684
4085570,66.47137483035456
4085939,51.89514209530895
4086156,0.0
4088506,31.644262773570485
4088979,6.67089417938357
4089417,2.654536755647044
4090358,64.07254030229345
4090748,22.78174608268919
4092010,10.711680958004877
4092724,0.0
4092751,16.93674707438938
4092796,34.25910262751298
4093053,2.366234780998873
4093403,41.21771284815763
4093591,0.0
4093885,3.398859679290254
4095945,9.985398967472257
4096193,0.0
4097284,42.72904146466965
4098052,0.0
4098497,10.087020656498723
4098642,68.18978504298397
4098656,27.85024157155201
4098814,61.16345929548619
4099088,4.22121211836626
4099553,53.597293553459636
4099710,4.759065908021924
4102936,76.65192893553377
4103007,36.078501770883925
4103146,5.094017513033329
4103165,8.795607641401915
4103323,8.018796235487237
4103528,45.77277250972731
4103623,11.205234580689819
4103974,10.789202455333978
4104160,6.511974159836946
4104264,0.0
4104740,0.0
4104884,2.353759943806523
4104980,48.17636771500927
4105037,14.915952673811482
4106001,82.3496489259276
4106051,15.108150624325852
4108143,9.979843942160315
4108658,0.0
4108799,11.202198351612616
4108838,65.37499418834533
4108987,19.069161893966964
4109104,0.0
4109846,10.841686567369202
4110242,0.0
4111353,1.9522840650785795
4111722,29.230627594134475
4112236,2.4422263777302717
4112322,0.0
4112924,13.544094750197381
4113219,0.0
4113459,43.36051955025075
4115327,42.1688778935499
4116557,0.0
4117128,0.0
4117817,2.6126707883233067
4118244,16.775177534119074
4119422,3.358518635137891
4119780,18.449201935480026
4120232,0.0
4120245,55.97235134004538
4121234,3.7718690223680724
4121879,79.37531150454811
4122050,79.04530322036376
4122052,81.34113587667565
4122066,5.330675852392957
4122105,22.683453942141742
4125486,3.6089753531235615
4125559,11.997683861887346
4125884,0.0
4126073,0.0
4126245,4.632549513431073
4126437,53.037046371678954
4126452,15.479438718667542
4126676,37.78033976065901
4126690,1.7126320786766769
4126816,13.720912602705056
4127402,14.938936929350838
4127524,0.0
4128314,11.265337762088969
4128337,72.73135765789931
4129195,46.52288606874602
4129212,10.752622521528217
4129365,22.260016096136415
4129487,56.88893317067063
4129491,0.0
4129664,2.520188241507313
4129992,14.136228185979114
4130225,2.129629273623131
4130266,14.121522256770117
4130536,18.28380898771382
4131851,0.0
4132116,39.2176297723096
4133713,60.638498017559435
4134035,23.978033288419716
4135645,92.0
4135674,0.18660135303781544
4135876,41.985504448125894
4136032,11.322151114428415
4136596,46.77295234941677
4136832,4.138749924328501
4137306,24.427109707022566
4137414,0.1629128577064023
4137415,54.799436628983706
4137524,12.174658095003174
4137526,33.17608088526839
4137681,52.809715992081195
4137979,71.8391248391591
4141567,0.5314901870124977
4141987,13.955731684009354
4142125,0.0
4144162,47.51923153516545
4144849,1.1412642917824343
4145018,10.070327792719766
4145301,8.348477709459686
4145491,5.434061235010354
4145494,39.668024567691255
4146226,14.79993251872898
4149673,0.8426590239516543
4150060,55.522739628465345
4151641,0.0
4151722,8.294976242067698
4151780,6.743387737109579
4152366,81.21721520409507
4152752,87.88911596124251
4153555,4.635688798703363
4154042,13.01426164611447
4155012,0.0
4155643,0.0
4155661,4.304410168782638
4156015,21.8947866500245
4156239,9.5150463477217
4156921,65.89642151873979
4157064,5.865710726674656
4157226,7.604818266612163
4157228,0.0
4157294,2.2241937296749015
4157451,25.157539265029442
4157602,0.0
4158078,0.0
4161013,82.27560293327005
4162119,21.667976419331318
4162219,64.07983459347332
4162519,25.719489614648523
4162562,0.0
4162957,47.1778172237356
4162997,90.79081061617399
4163020,0.0
4163168,83.65879851965019
4163710,4.449343030519493
4163728,16.266346110164093
4163781,12.626725988208548
4163804,0.0
4164931,67.52828543673577
4165037,62.80555660185473
4165038,4.196790463949078
4165158,0.0
4166474,5.786000833335052
4166480,12.364283843320429
4169840,5.4263866268886005
4170372,0.0
4170460,68.52769628574387
4171272,1.9887419615788886
4171692,64.62027522580817
4172551,0.0
4173038,22.6226399443214
4173107,29.090887946010817
4173396,26.12148055459273
4173622,0.0
4173751,23.15867871510371
4173764,5.951628021638719
4173969,2.121276261403885
4174286,3.2159265845954295
4174387,4.129103869787777
4174444,40.723193003636716
4174475,8.81436873136218
4174716,70.12268681592049
4177768,12.625957263673655
4178830,7.907494506620189
4180818,43.65100825594477
4181449,0.0
4181828,47.453623663927694
4181887,1.9769460100916234
4182262,22.792857292756192
4182771,70.12541106932818
4182844,21.193195540433898
4183095,8.824105454847327
4183328,6.2609076286667715
4183801,57.44713711873383
4184577,39.875085970764374
4187860,0.0
4187918,13.302147635169689
4188766,16.177344864078954
4188807,90.75934682647514
4188848,0.0
4189428,5.213452515338616
4189696,10.264849917115235
4189795,0.0
4190002,1.4455231030884903
4190240,13.4612226334131
4190259,0.0
4190301,0.0
4190463,39.97983056849257
4191038,22.725452090994683
4191802,4.796584897900409
4191968,0.0
4194010,0.0
4194302,29.28587663277331
4195677,43.39150565788247
4195902,43.79840985725839
4196266,23.33501524827805
4196308,0.0
4197235,11.378620861379062
4197396,54.50168598964125
4197645,5.510299786981271
4197760,67.32096546232287
4198153,33.65936870061445
4198575,15.75320653515859
4198667,10.807990902440686
4199123,12.806431295808721
4199156,45.477954494250156
4199411,0.0
4199782,66.18224761810023
4201905,2.015330762346956
4202213,39.992957363662576
4203424,10.160196112003376
4203428,5.364657609836236
4203517,42.532028538036855
4203524,63.630480864083644
4203606,0.0
4203686,0.0
4204024,0.0
4204083,72.87980740563887
4204496,76.04195814020423
4205224,0.0
4205289,66.34450527595641
4205784,0.0
4205815,82.91419286152797
4205816,12.899657600672846
4206034,30.987333736090086
4206087,0.6855634971376077
4208547,24.84844677638597
4208639,39.27356718007331
4209182,1.7819559526129893
4209503,18.663225566913134
4210004,4.145952379121617
4210232,43.54737727811432
4211276,3.6625213168768056
4211459,47.47872541929475
4212249,67.74407514960754
4212389,73.18828900697068
4214733,73.68026571025356
4214852,0.0
4215595,46.589813251601306
4216183,2.301107649832737
4216435,0.0
4216813,55.68389693802788
4216900,37.17385876977486
4217642,6.7229365600137925
4217793,7.7571930857632125
4218067,20.903413974755914
4218098,0.0
4218196,9.167548347787076
4218499,4.601493865468761
4218929,2.5299834866885433
4219851,33.13037575482597
4221999,35.15744652457915
4222400,10.781902797872142
4223782,18.216089285773634
4224091,55.81886056343699
4224391,0.0
4224659,0.0
4224751,0.0
4225050,6.894105054853846
4225738,29.78436373022891
4226098,85.30447608834655
4226521,38.73031148652423
4226535,7.742257475928817
4226549,0.0
4226864,7.505937041965318
4227161,57.92053240956107
4227351,0.0
4227554,62.941629300337276
4227998,81.1887950359316
4228365,0.0
4231348,41.502085386664895
4232530,14.617291286640238
4232559,38.10741434058674
4233025,46.0449612572065
4234072,63.331969113323986
4234332,16.117292893784473
4234338,83.63355143761248
4235150,7.610578217226397
4235620,20.4401594009379
4235843,6.731450646616906
4236359,13.448717633408485
4236725,0.0
4240861,75.09599851803699
4240947,3.045573885307256
4241028,82.69689451786047
4241195,0.0
4241278,0.0
4241430,4.583072396306598
4241561,21.917148632324846
4243522,20.52695753628158
4244086,50.734254444345886
4244134,9.762194755982023
4244235,22.772450258957846
4244476,0.0
4244685,79.77902284155665
4245175,11.13390495501023
4248788,0.008754525869342444
4249131,77.0509426778705
4250093,67.85232530078991
4250905,2.1159137881094168
4250908,7.602003682675907
4251839,0.5274702396951554
4251862,70.49156546856813
4251883,71.13622111800771
4252015,6.025333967310381
4252172,0.0
4252443,0.0
4252539,26.0803465563423
4255703,77.05222426024756
4256091,50.694107771831305
4256114,6.042967214055061
4257078,12.902750365606721
4257081,0.0
4257249,92.0
4257306,2.025389904592121
4257321,10.192849050016086
4257343,16.708421531909273
4257354,92.0
4257392,16.965175982568454
4257627,46.57591605670717
4257892,63.94130110136409
4258054,0.0
4258075,12.086175567975651
4258186,15.601167918335243
4258603,36.54763316789232
4258867,0.0
4261029,41.298630584083746
4261691,9.329990112566982
4261693,92.0
4261951,1.491898960710138
4262135,55.21706188779819
4262248,0.0
4262738,4.219964113758795
4262976,32.04069269439131
4262990,1.2269828459421106
4263072,9.748041719522973
4263330,6.816148154702969
4263482,0.5103828314951784
4263624,24.102131408712502
4263802,25.541360533329282
4263880,17.295442371429957
4263944,60.294851523272044
4264188,22.316939836754266
4265871,0.0
4267133,0.0
4270409,5.150280754479027
4270462,0.0
4270683,0.0
4270689,5.565286984352653
4271059,1.398760233405966
4271119,55.394852757372355
4273931,46.16355283563204
4274443,3.8321823910186126
4274462,55.49190057883434
4274589,12.807485650443212
4274595,69.21611057565028
4274999,7.819859177643444
4276762,29.99703196636657
4277980,2.6658767140744715
4278389,5.6046401004421895
4278717,39.005811331413135
4278801,3.072439206985557
4279049,13.96904916157738
4279260,50.83136803048599
4279323,0.0
4279440,36.946895515035216
4279820,32.50482260641573
4280015,0.0
4280105,0.0
4281898,60.01340693399966
4282178,75.95486640871613
4283264,8.180139333616204
4283462,0.9679560557018263
4284031,31.02022304776397
4284848,0.0
4285465,0.0
4285571,40.81454864145874
4285924,17.470946013202685
4286196,6.231161766665103
4286584,12.185876217983235
4286662,0.07609007178705696
4287043,0.0
4287079,0.0
4287104,0.0
4287221,61.621952534472896
4287605,24.35705645912146
4288276,13.468740435419598
4288330,60.26372127773217
4291015,8.274601128466976
4292165,19.100492497848776
4293935,22.88994064943447
4294546,6.775747174383973
4294617,23.743921502752208
4294640,0.0
4295004,8.793534366297642
4295108,7.675939856558806
4295542,36.434955380815104
4296291,53.71209663369911
4296391,33.74151945355445
4296565,0.0
4296588,0.0
4296687,25.23914189531809
4296724,0.8325890905789777
4296897,3.4881060742551497
4299536,38.323035780402606
4301625,7.888402241654582
4301678,0.0
4302109,11.133272915066527
4302562,10.976301615579771
4302685,5.051549628121826
4302952,46.15658975921047
4302970,59.18264781233766
4303730,23.930970438073146
4303825,6.723031283876455
4304369,4.0508441384887774
4304822,57.19038641266088
4305044,0.0
4305200,15.941990351840097
4307289,78.77404726418234
4308612,65.36847883318524
4308779,8.718397806853261
4308798,48.25392115255479
4309079,5.582486907360288
4309384,9.323809820902035
4310169,10.793599033218356
4311233,75.83621050728374
4311532,0.2556593386013759
4311917,5.988101556127134
4311922,2.147164989828017
4312298,8.186916860906123
4315579,8.043845480289114
4316648,59.130308979232616
4316987,40.54334733069609
4317815,11.921115407475916
4318362,62.356078778166804
4322054,0.0
4322146,28.12444703453162
4324007,9.61205798976497
4324129,11.362778395800746
4324166,7.666144204316815
4324222,4.520016745853866
4324388,72.04556889643936
4324468,0.0
4325124,38.93658198069926
4325134,15.657253244684647
4325220,8.705832540694288
4325244,41.07375447099282
4325480,40.70493725230102
4325538,0.0
4325724,0.0
4329822,2.014489590123169
4330061,12.602002377553426
4330251,22.590977109167888
4331582,6.266142683454298
4332102,18.521273980372378
4332249,0.0
4333204,14.434102099255732
4333628,12.288965855980386
4333942,6.441919375755386
4334013,59.36315974414854
4334267,0.0
4334446,66.20901420101187
4334513,4.198003201992556
4334735,35.13306294980997
4335752,6.3740058980066365
4338548,8.669761891075332
4339188,65.00673983521246
4339690,39.333421510552235
4339924,77.34199386684489
4340161,85.63711748165261
4341158,29.84666781953284
4341477,17.873307939870656
4341664,49.63811026196976
4341998,0.08588601369178406
4342304,8.18963358560164
4342491,0.0
4343285,0.0
4343401,69.57741099406184
4343474,4.783146017798259
4343597,0.0
4344220,0.0
4345691,52.25507260390089
4346933,0.9413056006414351
4347285,0.8280096998158157
4347410,4.766731363638215
4347648,48.75703667218593
4348062,6.536025371390544
4348161,9.585248396442331
4348826,6.676742394157436
4349358,74.72781096830668
4349666,0.0
4350391,15.357322549957495
4350574,0.0
4351166,19.19066488924466
4351262,8.12663959119164
4351563,0.0
4352537,20.29941903630305
4354764,46.335289652369255
4355876,28.279593408805354
4356329,6.255007425600219
4356687,9.645204491721607
4357014,0.0
4357134,0.0
4357298,0.0
4357464,6.500813304869503
4357892,28.240764184145327
4358526,17.63746824985885
4358619,0.0
4359109,80.76480109454332
4359219,22.34119251767421
4359453,41.79046508747968
4359930,0.0
4362345,7.611440740611087
4362570,59.873628758853556
4362837,65.00038451425436
4362992,5.335741456802076
4363116,9.1484287279645
4363693,0.8774104874718986
4364573,7.151215850556518
4364591,48.93486713102182
4364789,3.0737895089905223
4365018,0.0
4365179,27.204197504785036
4365328,2.828203084253289
4365545,0.0
4365833,4.228238708127428
4366792,18.528526565412463
4367233,1.5263796858917331
4368547,44.409739577255465
4369737,4.103221405797264
4371673,2.001997487396288
4371855,34.48782530936541
4371878,48.915167639253426
4371917,25.053608621927808
4372055,20.96254685909411
4372068,28.688684299595817
4372125,13.845895064808012
4372158,32.77772026219694
4374913,64.56755260150575
4375146,2.8825653718673223
4375375,8.896187762277144
4376144,1.2143503989584659
4377593,4.090474492604432
4377929,76.14287593147958
4377999,0.0
4378016,8.864432930317598
4378437,4.153912611671757
4379181,68.66294791268805
4383457,0.0
4383838,11.602671353490205
4384035,84.75627495682937
4384442,17.17073000255082
4384643,2.41248898301491
4385990,6.396051327408657
4386187,12.18353208363601
4386598,75.3687437121527
4387007,20.448674235918887
4387048,6.321623534249554
4387234,0.6577353701205908
4387303,18.72037169154362
4387491,3.5996408895832346
4387507,2.9044666429260317
4387684,24.855215916100303
4388617,0.0
4391869,63.964623259203414
4392250,5.807135106365781
4392402,0.0
4393057,18.115412836078825
4393126,5.565048632517325
4393502,20.2187005931191
4393519,0.0
4393628,42.61777027551248
4394977,55.53398023943146
4395118,7.902185004025569
4395303,31.156802080880617
4395490,3.1750756895313046
4395749,4.558741485920109
4395770,5.345895820856974
4395814,0.9736932877647959
4396106,34.95023656459613
4396142,44.549164627720224
4396143,11.865246601454366
4396299,26.952665379515107
4399625,2.9088036879656514
4400795,0.8947565549609635
4401013,72.3113865256473
4401396,8.800904646233647
4401441,0.0
4401674,70.90110009091254
4402064,4.2406013303465
4402117,45.19351910112223
4402422,31.362079977771508
4403159,1.1280899641040634
4403831,1.0233626578344257
4404750,2.401102894434974
4405946,33.440858513028665
4408381,46.52203780758126
4409074,7.084021558708486
4409328,0.0
4410369,0.0
4411927,0.651156160492846
4412012,20.744654849581273
4412247,2.1815145813786714
4412332,8.48993644636436
4412479,54.982314995555704
4415123,0.44505400223383873
4415259,41.42321630977555
4416190,46.866331145857096
4416761,0.0
4417302,17.574111314857213
4417482,70.33102559520765
4418326,3.426202089989342
4418714,14.858238661167029
4418966,36.8596577709597
4421355,31.807968612279943
4421679,8.611068525275115
4421826,0.0
4421991,0.0
4422017,0.0
4422375,0.28986817468576476
4422494,4.347615565320389
4422602,0.0
4422686,85.2073357543816
4422975,0.0
4423052,58.712274395243924
4423566,15.387260009405413
4423782,1.4545036517460161
4423814,0.0
4424103,13.747750997038715
4424261,30.876928405637976
4424511,88.05969558903334
4426877,11.057413084649511
4428140,11.423055684438559
4428477,39.909960429639035
4428906,7.659267226725859
4429136,14.863236917489452
4429685,0.0
4429816,8.654774459536881
4430179,2.732945347562037
4430452,25.585869080829596
4430645,3.055381429932872
4430747,9.351399899598519
4430769,0.0
4430808,73.48959560979185
4430937,4.877502200071994
4431202,7.951005149029847
4431247,36.55474858516286
4431609,0.0
4434943,54.9244362483743
4435213,8.59936578539881
4435766,0.0
4436686,0.0
4436957,0.3849987087539546
4437053,51.862597501252374
4437362,0.0
4438243,51.656219734025974
4438470,43.667714017094056
4438931,1.941408691078621
4438996,36.739432374865906
4439528,2.824453175532188
4439774,0.0
4440000,0.0
4440176,1.1942486121560876
4440181,0.0
4440432,11.372088604352996
4440611,15.903516545208142
4440773,0.0
4443012,1.2576469738559979
4444051,30.889897835986567
4444204,5.907782132097765
4445185,11.65475972169856
4445613,0.0
4445954,3.053024717930903
4446024,4.918807927554873
4446636,0.0
4446802,50.614028462878004
4447203,28.970328752063814
4447524,3.340164957184072
4447545,0.0
4447611,0.0
4447845,2.117588487813606
4447904,8.257044198946375
4447910,22.301571500143005
4448149,0.0
4448668,25.43414559445294
4449058,4.803033952956007
4449144,6.12093471318159
4449377,72.19286255354183
4449611,4.7302193981093765
4452723,59.90301571214644
4453150,8.14571600165229
4453263,0.0
4453406,5.214122052266525
4453929,0.43733636026762923
4453969,14.654390599929606
4454031,42.37316267364416
4454841,34.0685641705148
4456004,10.472723014588446
4456094,27.068793371834225
4456555,14.202388343820232
4456880,39.14342078576867
4457015,0.0
4460061,16.16344529377953
4460160,4.494643589747589
4461909,9.420588940575044
4462365,0.0
4462491,1.2957498459869399
4464402,8.652450172288074
4464616,9.609743681735793
4465319,0.0
4465420,13.803050623887998
4466644,88.6677422596074
4466780,33.827869131074905
4468043,0.0
4468513,18.98015645131854
4469264,65.65174927273853
4469455,76.08621645781977
4469650,37.605108265363235
4469679,0.0
4470166,50.518197891987626
4470810,0.0
4471358,54.88063643021895
4471485,66.18155957693295
4471513,67.96504611821965
4472904,18.45348703769546
4472978,28.861735610588248
4473156,70.371852647586
4473239,31.14657264832223
4473489,63.736896946403526
4473722,0.0
4474258,63.31307580136295
4474558,8.25387351860109
4474958,83.97935201307351
4475003,11.010884829385965
4475739,11.356977671433889
4475778,43.58286508661815
4475786,32.67906190919722
4476119,55.50050391004026
4476620,5.3894317799430524
4476745,21.983082929641974
4476945,13.803903472648955
4476998,11.464898313851826
4477053,0.0
4479418,51.88501841351151
4479556,0.0
4479700,57.22204826815372
4480308,19.176919819004215
4481295,73.17976506683002
4482166,73.24540525023764
4483117,38.20319573194622
4483361,0.0
4483835,9.610249964966918
4483867,53.43092560613203
4484212,6.3590117924342735
4484310,67.30469493780762
4484324,49.87149559560733
4484526,26.982939471148246
4484620,16.996996802649797
4484663,77.89398023505143
4484899,0.0
4485031,58.91610312608272
4485286,2.074742955917884
4489510,0.0
4490107,0.4398012808437599
4490268,66.3250308225656
4491143,66.23547075672798
4491343,76.35309373389308
4492244,14.352301994272516
4492345,4.800764959307635
4493385,4.928398189413912
4493658,1.4379261403080221
4493937,11.590818640570077
4494178,2.744046265309997
4494258,16.6368520259334
4494364,50.56219545814169
4494581,49.97735883662081
4494582,54.75154398963864
4494588,6.64169522646187
4494688,7.016635038016979
4494795,0.0
4494805,52.08597640396767
4495026,0.0
4497294,0.0
4497963,0.0
4498288,0.0
4498688,12.292039744835783
4498927,47.13638680851516
4499340,24.245837760689334
4499498,43.60645611562959
4499976,33.07215113494888
4500530,12.402638517738474
4500615,0.0
4500806,0.0
4501410,8.18547985768263
4501541,42.81998637998988
4501901,0.7808425113844564
4502002,9.093012910833224
4502545,9.913107036424623
4502596,74.64371128963165
4503432,24.218054901018647
4503742,76.793362065363
4504302,58.94338849044594
4504353,0.0
4508587,1.0221952112417299
4509100,13.95080230931243
4509357,17.521442798330078
4509694,0.0
4510263,12.092090957427637
4510305,26.822339713438872
4511607,6.415751643351719
4511780,12.303337245913127
4511852,47.81920940458536
4512045,6.962419620333598
4512109,1.684981905902493
4512329,1.2220743741513118
4513190,0.0
4514042,9.247367630241648
4514186,15.067295267682013
4516766,61.025834826458194
4516791,0.0
4517117,42.0885681908931
4517177,26.05386837761521
4517456,5.763355288970466
4517673,16.202564870066823
4517853,4.5893267688018256
4518173,2.5735103770249665
4518242,6.629654421571779
4518420,13.255387899377745
4519633,3.9084394284678368
4519764,0.0
4520113,53.22860355218142
4520240,13.806021657210366
4520941,37.96447585846642
4522869,0.0
4524163,4.176103743277729
4524952,8.718943570939658
4525011,5.690245420115225
4525438,0.8645288326015859
4526825,57.63715422759546
4529692,0.0
4530101,15.301493900416581
4530154,5.576577072732533
4530160,8.18883441235812
4531110,92.0
4531156,10.706569540107246
4531311,53.84961977758434
4531455,66.57232717464419
4531484,69.47606813295522
4531990,1.3957738997842242
4532202,37.52957929823312
4532435,10.850957456123332
4533010,63.89968311518856
4533140,11.591490530630757
4533347,0.0
4536637,20.86604691683892
4536674,0.0
4536960,21.467525353541653
4537198,17.6336576360142
4537389,0.0
4537679,4.318114135201718
4538140,0.8597711281700668
4538238,33.10474073555299
4538274,0.22136661446212713
4538345,0.0
4538365,0.0
4538739,5.145565442754595
4538901,0.6984671444040202
4539040,19.15735101285445
4539393,0.0
4539483,9.22764875012141
4540225,0.0
4540408,12.085290241696903
4540478,3.822329573321987
4540661,0.0
4540667,0.0
4541027,53.690919959799274
4541080,0.002525286994234932
4541089,8.437338534305297
4545430,72.63010504888285
4545585,21.55918617960544
4545620,0.0
4545881,77.41767296916444
4546034,7.9976751234917245
4546074,26.044040128082905
4546146,15.124251251572126
4546153,0.0
4546490,22.7227440722517
4546609,0.0
4546723,0.0
4546909,0.0
4547143,0.0
4548296,4.245175555523083
4548313,6.761862478667105
4549155,6.210299223914458
4549248,0.9045485404372826
4549552,12.694105991069371
4549555,19.168555702024435
4549930,29.05337115898821
4550097,12.975522400100765
4550272,0.0
4550557,92.0
4550602,54.73326505531174
4550747,20.136213851961553
4553528,72.6059964878358
4553554,31.346086551584314
4553721,44.15909533660009
4554213,21.464840157636615
4554219,0.644944178954141
4554220,0.0
4554252,50.394764351375045
4554708,9.985984398554173
4555149,0.0
4555241,0.0
4555351,68.58353225125786
4555470,27.926799885342053
4556285,0.0
4556313,13.795818205666599
4556508,2.0950613115306496
4556564,4.992674979166253
4557370,9.572894215767057
4557907,0.0
4558483,64.74653928126119
4558597,9.06233561106577
4559096,72.20758119352796
4559134,29.26239829014323
4559138,0.7035305213952725
4559208,2.1054298102540443
4559338,16.76005209827693
4559341,6.571961718824845
4559421,9.32922281823486
4559590,0.0
4559867,0.0
4563365,0.5807960272505284
4564292,88.05235006176719
4564840,46.00758350777435
4565032,1.0645556728005978
4565076,0.0
4565734,3.1534535881630674
4565976,17.975164277578788
4565981,9.126220876035084
4566240,14.989357070671204
4566340,0.4352944092776383
4566546,5.534702520255404
4567024,4.678924835714518
4567433,62.92208238342661
4567541,6.24433378779424
4567765,47.29540877525333
4567769,0.05525571187644829
4568184,0.0
4568225,4.663169233688514
4568228,17.995107648417132
4568238,40.28153798140523
4568601,52.84615644945826
4570993,8.284992286569882
4571445,32.37682302719531
4571518,47.579026225229526
4572443,0.7175602599352544
4572520,0.0
4572920,37.01862372629953
4573354,7.5764387900405055
4573411,8.286439867702642
4573484,0.5638348678858662
4573508,37.940303107652355
4573555,10.617212152365198
4573564,1.9989703950073547
4573728,57.706375290908504
4573897,61.47634284998369
4574029,9.501003327046899
4574189,0.0
4574551,70.15661244606144
4575364,61.531788776695485
4575369,9.531176340803079
4575689,8.819220088966581
4575968,9.63489248186699
4576231,42.4608201384227
4578471,0.9261713570505066
4579151,7.27258292124943
4579314,10.976504344363214
4579642,0.0
4579780,2.000716363636542
4579872,1.8152019578397969
4580594,46.77716743753509
4580643,4.2629242820457804
4580689,42.11762749165291
4581368,27.002723736299757
4581528,0.0
4581556,92.0
4581788,0.0
4581942,1.794179171123993
4582781,14.787449345417286
4584944,31.452615816098962
4585979,3.006205936002381
4587050,0.0
4587321,0.0
4587349,0.0
4587361,0.0
4587898,4.29123534545743
4588575,2.965575605898188
4588610,9.859028166004578
4588689,0.0
4588978,18.895954197270832
4588980,62.46857617828244
4589062,0.38008802111586704
4589150,3.3136034748905416
4589390,34.17184259679908
4589576,20.365072118869413
4592475,0.0
4592900,0.0
4594389,0.0
4594620,0.4537878948433942
4594970,9.985284852531713
4595090,40.80323697287157
4595344,0.0
4595519,0.0
4595609,2.8628721294933754
4596631,27.753585034768356
4597107,9.729957464764034
4597637,35.63510245296255
4597780,0.0
4597879,46.93761121705391
4598236,0.0
4598265,83.35527474498606
4599226,9.998581269655276
4601325,0.0
4601637,49.65748352060728
4602003,0.0
4602440,0.0
4602978,1.4210103799288092
4603012,4.754336122472225
4603551,25.412049030250714
4603817,3.1626835733316554
4604151,0.0
4604522,50.581655279117506
4604699,0.937292275186028
4604851,13.080949148269887
4604991,49.93736946920525
4605071,0.0
4605747,0.0
4606204,53.33886826512409
4606368,49.33617908546826
4606385,0.0
4607272,1.50254667193974
4607403,0.09487772753035983
4607462,0.0
4607486,43.94120275317119
4607923,25.81790755528901
4608139,62.84289527503957
4609521,0.0
4610675,2.604413548860819
4611203,5.400714414735305
4611256,0.0
4611295,0.0
4612341,0.0
4612401,0.0
4613084,1.638094393510464
4613372,14.510593915786892
4613681,7.382079701589184
4614192,0.0
4614435,2.131549221795403
4614525,9.078499800228514
4614674,0.0
4614838,5.8279424078565825
4614905,11.868604209523106
4615631,42.37397575064865
4615637,19.83515263482286
4615713,3.570197331548904
4615887,0.0
4615991,17.118657903042056
4616131,44.06432460336689
4616254,19.61480070246828
4616285,17.46444970388513
4616372,0.0
4616452,10.876194514642343
4616721,56.3145811486722
4616759,3.1637796409465437
4616923,1.8362234836151963
4619964,21.44490341215024
4620260,0.0
4620262,15.578296587839965
4621618,59.213788822440776
4621823,0.0
4621923,15.241793288624471
4622005,6.608821955548194
4623696,1.1850923956177581
4623771,45.98095922625887
4623867,15.16125406442628
4624141,52.24482256060186
4624521,11.662811804791541
4624657,6.799101338293077
4625126,24.054548631236663
4627590,4.2020955386955094
4628291,4.1955478270398245
4628507,0.0
4628511,3.5177564763973876
4628804,0.90426440340093
4628885,0.0
4629050,0.0
4629138,19.448069700217232
4629595,9.526338568873452
4629685,51.269297590861214
4629726,0.795834283860934
4629753,8.722603553807716
4629864,2.9524992722728953
4629981,43.56105479230932
4630065,48.51361910182804
4630265,7.0078899398920385
4630486,0.0
4630906,6.945617453879045
4631131,0.0
4631365,0.0
4632284,7.896807201174269
4632644,0.0
4632661,10.049354260647043
4632705,0.0
4632787,0.0
4632795,7.642468175925451
4633258,8.611805522987346
4636107,1.5275559223507784
4636323,1.250129631552369
4636874,9.28847961557387
4637146,81.3389432882141
4637470,6.584665972415316
4637858,19.3329923644308
4638086,46.2246486039197
4638668,0.0
4638838,34.548253279752565
4638967,9.382505179218477
4639185,0.0
4639866,0.0
4641291,4.508538176686642
4641406,3.4099972141018107
4641610,1.685221047766838
4641843,0.0
4642269,12.091632858492453
4642354,3.46264723245838
4642539,14.494634159299679
4642913,10.706501269995153
4643163,0.0
4643192,5.950308650549047
4643252,10.753055952949566
4643420,37.41527131022669
4643977,4.995044659932759
4644674,2.8206997889803134
4644828,11.883664517574726
4645170,53.83875426082906
4645285,11.275619881721674
4645824,1.0329398175917106
4645969,58.50007883582186
4649003,53.99303392766379
4649331,10.74180025278896
4649415,0.3419842572117062
4649468,14.69489652467697
4649799,0.0
4649871,56.67971287133897
4650662,1.669531593904388
4651447,16.5753914337878
4652625,0.0
4652629,0.0
4652729,0.0
4652793,36.37705418736677
4653025,2.5932328402054594
4653187,0.0
4653196,0.0
4654547,32.14763341409406
4654712,52.03854397816075
4655098,25.625331958969547
4656361,11.540834867880868
4656633,7.2869793754868155
4656835,1.6508025086530225
4658293,6.726250885715494
4658793,0.0
4659046,30.754591640177026
4659661,8.555853365458788
4660386,0.0
4661464,52.42714006812234
4661662,63.50967802697047
4662109,35.08648250822927
4662158,1.5298372396398179
4662174,14.841051118972842
4662215,0.0
4662638,0.0
4662679,16.73718130325095
4662840,0.0
4663310,37.041225860528975
4663664,24.142549805584984
4663974,0.0
4664672,51.26038729209956
4665192,8.003956719941378
4666794,0.0
4666928,4.85718354714777
4667148,4.625335862128793
4667362,0.0
4667707,6.465453108409648
4668178,12.56608717379838
4668298,50.18967156383353
4668620,15.531269286571096
4669962,6.760491470801107
4671475,65.47246386173268
4671552,5.658236169801434
4671824,17.289744619997116
4672059,19.292206551066066
4672445,52.96631189198419
4672452,25.945234578088233
4676650,0.0
4676969,3.918820496192261
4677002,0.0
4677056,3.861914547986437
4677469,1.5554487237161823
4677544,0.0
4678487,0.0
4678641,10.922298948133168
4678795,0.07094612566005054
4679325,0.0
4679492,15.183126350715305
4679967,10.38830642005599
4680238,11.439721599437455
4680566,2.791106276983207
4680752,28.320804687049772
4683432,11.7700443435612
4683780,6.8537776199085485
4685580,9.429756686959486
4686657,0.0
4687730,0.0
4688091,0.0
4688639,40.53686640007704
4689766,0.3019413354323248
4690677,3.612189674872525
4692471,19.23551860091694
4693217,9.206370869892815
4693855,18.825809698392497
4694224,3.407544113910866
4694228,86.17514134751622
4694480,73.44350229202828
4694519,0.0
4694538,53.9387815515281
4694622,17.69264981027282
4694625,10.137092976991958
4694639,3.1694143817557503
4694688,0.0
4695243,4.451952134009808
4695408,3.998787197807591
4695428,70.15535470691461
4698079,5.725820291484531
4698314,0.0
4698334,13.09147460983781
4698451,1.1640278898390548
4698567,3.1630482625107774
4698664,60.594407798818736
4699609,5.478968044518659
4699710,1.9479825207090045
4700082,5.452792048698555
4700265,1.296871341863799
4700565,6.839899815054075
4701370,11.411560760857844
4701414,0.0
4701425,12.1723215177214
4701892,3.6213572468405104
4702264,3.547469622327533
4704513,4.454979276339614
4704939,0.4556931749399453
4705195,62.14057187460295
4705670,27.484406501953753
4706241,38.49004804346924
4706375,0.0
4706641,4.01231375688149
4706957,0.0
4707077,0.0
4707159,0.0
4707247,7.53274984833584
4707262,0.0
4707285,51.265420744085624
4707667,63.83632148469177
4708279,33.798771068112735
4708314,9.611884342437214
4708609,13.6339769206023
4708737,51.16797796268653
4708843,6.107753531120991
4709274,2.4071326795900987
4709477,0.0
4709543,0.0
4710102,62.81922553068543
4710190,17.89027732076223
4710393,0.0
4710488,0.0
4710572,58.41127709751065
4710817,40.62826385513193
4710819,9.650985147970857
4711148,44.66003755163072
4714600,0.0
4714662,6.267495748623013
4714745,0.0
4715621,0.6027430097082132
4715692,34.74860716060837
4715693,0.0
4715731,0.0
4716086,0.0
4716349,0.0
4716376,14.702801212850304
4716574,4.49194789872849
4717237,5.674874133928142
4717239,0.0
4717267,7.903153807485467
4717440,25.0076606482668
4718234,2.4275722485907565
4718452,27.733290885338583
4718747,55.91991355894818
4718978,35.94570933899536
4719231,0.0
4719825,2.000855477398602
4719918,11.3286517613544
4719931,0.0
4720086,66.65805559710466
4720101,0.0
4720231,2.4538513153672525
4720274,0.0
4720326,0.0
4720349,8.61016261206273
4720414,75.8939646344906
4720506,0.0
4720652,9.146052191939752
4720725,7.450037835483137
4720783,8.067296517581592
4720789,0.0
4720889,64.48920774847382
4721069,1.078406605519902
4721439,10.092538756242
4724661,13.755103147992116
4724857,2.1623432829687985
4724867,0.0
4724943,1.0261019697608091
4725034,4.162681642822264
4725251,35.30291447972196
4725438,44.495988118475985
4725525,9.126301667632013
4725949,12.273744769213117
4725950,0.0
4726448,71.22124608321587
4726477,7.908710054568168
4726737,7.546877126377488
4726893,4.169655917693753
4726930,0.0
4727222,29.233494105434048
4728060,13.784058689120819
4728092,8.972176594435638
4728648,27.20082738268156
4728812,27.752528622420265
4728949,0.683971775878419
4728981,4.8703872396318815
4729008,0.0
4729477,3.0840730557981004
4729579,0.0
4729714,0.0
4729796,0.09732053257696549
4729854,46.73313056855321
4729927,3.836398121304544
4730021,0.0
4730857,1.202399205539841
4731947,36.26139966008499
4733608,0.0
4734343,17.524905346880242
4734488,11.333149833019114
4734544,53.61500492329699
4734691,0.0
4735483,0.0
4735506,0.0
4735688,70.67762655919992
4735847,56.29226239635281
4736087,0.0
4736126,6.358821434053834
4736255,33.43898918848887
4736480,0.0
4736912,0.0
4737133,12.052304405079326
4737392,31.785267877615333
4737830,2.535001658136572
4737930,92.0
4738075,5.818891898758629
4738229,46.46820003334883
4738250,14.051247641765563
4738271,4.759881749222551
4738391,2.7164249495460737
4738406,0.15002336674344718
4738440,12.552433850541263
4738464,6.366061219464257
4738489,6.677024346298886
4738590,20.941149091688725
4738646,0.0
4738814,57.03221261225125
4739015,5.63859015095575
4739557,11.46852036578472
4739703,1.431915369636421
4742068,35.79351910505798
4742102,16.607265202403077
4742384,0.8700484305624485
4742579,0.0
4743172,0.0
4743338,3.8729594779821923
4743840,28.24037942523185
4744192,58.89194194947826
4744496,13.840955754295408
4745212,0.0
4745419,0.0
4746336,17.840937515990568
4746363,62.18723903084675
4746995,0.0
4747001,0.0
4747011,5.764254820318186
4747059,20.725329380884254
4749192,1.7060000090165275
4750486,77.16579061093915
4750578,0.0
4751787,8.674152860253074
4751861,6.923593748598741
4752519,66.78641326155602
4752749,4.978338494133929
4752870,77.28714966485407
4753280,0.0
4753400,0.193940638831684
4753434,0.6735355438162358
4753571,8.960621689847088
4753639,10.097954307799405
4753918,11.027197839669135
4754132,11.20805436392181
4754406,0.0
4754646,0.6649229966889791
4755815,34.35784828073336
4756551,72.02611847752055
4756578,0.0
4757176,8.266601735227127
4757219,0.0
4757501,0.0
4757662,2.966103406682919
4757941,43.85934919319447
4757984,0.0
4757988,7.5318940912386765
4758028,0.9413556910314256
4758063,3.2698696376102916
4758405,14.842544245336029
4758877,0.0
4759145,1.2901476242026675
4759499,3.7541913355887573
4759680,0.0
4759687,0.0
4760053,0.0
4760085,50.74565916844948
4760207,7.968179531452705
4760504,0.0
4762718,0.0
4763342,0.0
4764120,5.0546270338316575
4764643,0.0
4764646,5.020950586033649
4764877,10.987215458150835
4764999,16.94119938017115
4766198,0.8741461657684582
4766218,13.731927493547168
4766262,25.3350047149571
4766468,0.6769514071941884
4766516,0.0
4766699,0.0
4766819,0.0
4766903,0.0
4767139,13.227872588404836
4767213,53.1136174652044
4767328,19.297155962970123
4767537,44.09449280015518
4767549,7.96458204802552
4767942,33.09105921722411
4768029,7.85816039313444
4768030,0.0
4768321,0.0
4768574,12.317240191105256
4768982,0.0
4771229,0.0
4771580,0.0
4771642,10.384862205009888
4772123,2.2293018514860776
4772358,6.726027146555786
4773463,0.0
4773677,0.0
4773998,9.835151803571769
4774041,56.733085690464826
4774056,2.1061492736015452
4774190,30.370605022977635
4774283,5.219227929122091
4774338,0.0
4774629,0.0
4774924,24.105907537037787
4775547,55.582157115473215
4775584,24.688647347521005
4775614,37.255399737573164
4775995,48.445267139172664
4776045,9.799573187919663
4776101,0.0
4776437,49.70954751085694
4776645,8.106937983752552
4776753,10.569776811495508
4777236,14.9212136391886
4777269,17.30352114548571
4778077,0.0
4778260,22.880833190945346
4778312,7.093933767474077
4778638,0.0
4782243,0.0
4782252,0.0
4782569,43.336815051456306
4783057,40.85545677170781
4783614,8.379738303880963
4783674,0.0
4783738,0.8812460319864854
4783756,31.803297242569663
4784037,7.625990919331677
4784114,0.0
4784211,8.470450108087896
4784224,0.0
4784432,78.75795641887933
4784699,10.750646437295558
4785149,12.19819871164379
4785755,14.746340259816982
4785856,6.085167031620564
4786030,0.0
4786440,0.0
4786442,23.134745652610455
4786818,7.591797472410853
4787040,3.4279400576406687
4788812,1.9616657037267338
4791542,0.0
4791964,0.0
4792342,19.00563055166252
4792705,36.42125328355348
4792748,58.1758595372132
4792908,0.0
4792991,3.799610430065634
4793075,8.029266571680033
4793240,58.48613040271302
4793637,46.83752456738523
4793763,44.343936160234804
4794039,18.46278788171152
4794247,4.677652066078686
4794353,60.73846807825022
4794806,39.62771320476601
4795029,0.0
4795485,0.0
4795500,1.5762677660185958
4795523,82.52163767668696
4795922,11.531984137222345
4796070,49.05051371916654
4796220,11.265594506046007
4796255,3.4121763366597264
4796297,17.081447210627303
4798794,0.0
4799245,0.0
4799751,8.713006956679187
4799850,15.364213867404633
4799897,0.0
4800195,0.11395814888206957
4800262,4.675968199716337
4800397,7.191763215337922
4800551,3.241917499836319
4800866,0.0
4800925,13.140106312516528
4801638,14.52418490498291
4801661,8.387022381876047
4802374,12.59272187726065
4802405,7.374401646985746
4802574,0.0
4802855,0.0
4803048,38.64812573482087
4803118,13.646338732943557
4803133,0.0
4803137,0.0
4803623,0.0
4803687,5.460317944288555
4803696,7.246693954365185
4803790,50.22561988952151
4804228,6.713245159410967
4804242,30.958674913597758
4807244,70.16272792801598
4807362,16.825714315659507
4807492,12.983188397132352
4807546,24.49698147090399
4807937,8.232660356079613
4808340,5.551781850075969
4808457,52.66166586795847
4808505,28.850825343581967
4808540,0.0
4809056,0.0
4809347,14.251998542582363
4810148,6.475756404362237
4810267,1.697746969010943
4810308,0.0
4810916,0.0
4812106,1.6577183944026714
4812432,38.24833255914354
4812462,0.0
4812531,61.86263074222638
4812551,77.72594916371258
4812995,12.487704553740748
4813236,1.4692212419028081
4813503,56.41060090803604
4813712,11.483282783620226
4813778,2.510643050655574
4814018,7.222102885685182
4814075,0.0
4814392,0.0
4815126,1.86005029016939
4815177,15.954184820748473
4815464,2.78801389435813
4815495,5.48218122481093
4815848,9.230286360550274
4815953,33.99048776855374
4816055,0.0
4816236,23.593975366594925
4816830,0.0
4816883,0.0
4818422,7.615401858423169
4819238,0.0
4819542,0.0
4820119,9.603231430039152
4821218,7.529520833355605
4821373,0.0
4821715,8.716963450642147
4821786,1.185904495518436
4822057,19.672138237435902
4822548,18.375089430986876
4822557,0.0
4822668,0.0
4822888,22.05666200896264
4822982,0.0
4823025,7.191338853320715
4823031,0.0
4823069,2.5187176980556742
4823264,1.4336343360621342
4823529,58.15646643488462
4823682,25.002582656519984
4823722,6.284780596374723
4823901,48.797846863108
4824052,12.665774087914315
4824146,0.07583589130434376
4824310,18.101213757439574
4824521,61.57036509652472
4824808,1.8048162793054487
4825097,0.0
4825135,11.73743027733235
4828258,0.0
4828320,0.0
4829029,61.27782073034164
4829281,0.0
4829571,4.952109153526017
4830203,37.20727262838166
4830213,2.198945350481246
4830328,3.8977903012289374
4830487,14.372704746964935
4830727,0.0
4830902,0.0
4831093,0.0
4831130,5.702352430944384
4831222,50.88973323904566
4831470,13.054380979830022
4831603,2.338625015512328
4831656,12.313335247034324
4831876,4.614462761127971
4832448,45.99056244802493
4833001,49.26145840338758
4833056,55.64388466860033
4833294,0.0
4833295,4.645557009781037
4833414,17.42909705243858
4836517,45.82595702140084
4836824,62.70468341301834
4837158,26.24168236712236
4837813,0.0
4837935,0.0
4838124,8.139589087870865
4838260,0.0
4838309,8.053037730740904
4838523,0.0
4838536,0.0
4838757,3.981732664653464
4839240,0.0
4839805,1.6909370215223802
4839932,14.64668214551785
4840772,8.533452703452731
4840841,0.5017305757088337
4840977,0.0
4841187,16.506038574111443
4841248,1.6626401979388064
4841843,7.700507845351481
4842054,27.294935475720898
4844012,7.755947261086199
4845032,0.30311305001952604
4845083,18.669781627902587
4845155,23.795291888362627
4845702,0.0
4846095,0.0
4846122,20.115540567440597
4846138,0.0
4846198,1.2427184282218633
4846411,6.754968526483609
4846684,12.986441200411257
4847616,0.0
4847624,0.0
4847648,20.43398023834301
4848798,30.330532475267184
4848854,9.673276818770923
4849173,0.0
4849266,4.07223245194502
4849390,46.19965552009372
4849603,12.676650088944406
4849641,21.744173766671018
4849885,0.0
4850106,12.11493416452435
4851057,5.467544762440411
4852773,26.649199653909683
4853096,0.0
4853287,0.0
4853437,7.253872281853042
4853563,8.456763758125561
4853870,0.0
4854224,2.819711198644974
4854227,0.7938762849051244
4854417,20.161862994867292
4854732,0.0
4855303,0.0
4855570,3.971095163670089
4855682,13.197960148403297
4855986,46.959628270591615
4856083,22.56656882983406
4856293,28.4386660538083
4856339,30.317464526284404
4856373,77.95860888393855
4856465,0.0
4856693,0.8241919118765466
4857027,70.50528012799845
4857614,34.94572154155745
4858305,0.0
4860430,24.237079707304197
4860876,32.58370683646727
4861046,0.0
4861533,26.629070152120992
4862061,68.49894834665781
4862320,10.098886407939245
4862702,51.71378554365438
4863176,9.943927640974032
4864105,0.0
4864856,0.0
4866285,9.645481112943813
4866426,71.7047635980743
4866620,39.37045051807122
4866875,0.5344445091753656
4867016,7.801953366426183
4867042,23.19681894243731
4867504,0.3240194621383665
4867749,0.0
4867790,5.973361225914054
4867907,0.24199351588845275
4868023,0.0
4868150,12.903676624164582
4868220,0.0
4868434,15.223638282022268
4868498,8.381199179095987
4868692,0.0
4869370,3.8674483642548196
4869988,42.22157357044492
4870239,16.406479320740694
4870944,0.0
4871477,0.0
4871590,24.81379654434813
4871659,4.620568737334523
4871966,25.277586615056222
4872295,25.08423787974318
4872499,0.0
4873223,1.5295985481005552
4873699,0.0
4873774,8.744302505478977
4874176,35.824153580610925
4874206,0.0
4874334,0.0
4874363,57.05415082572076
4874401,0.0
4874990,0.0
4876404,3.6980797473553224
4878481,28.800279742158835
4878501,53.40053613386839
4878737,13.96949960558765
4879114,0.0
4879165,25.12970861188241
4879332,0.1400248221311884
4879530,0.0
4879728,5.0468217940085935
4880277,54.23115500336639
4880365,0.0
4880542,3.6967093462751883
4880811,67.56086621761764
4881131,4.022970458133052
4881551,6.437310689793293
4881989,54.485502443108835
4884465,13.45716022581901
4884601,0.0
4884661,14.11408954311353
4885240,0.0
4885673,22.889415498896902
4885832,17.146885827322834
4885966,0.0
4886334,1.2189892091722
4887246,14.807020073970541
4887255,30.119085857399092
4887417,35.3207397520345
4887473,16.586755813742634
4887727,1.9345434490594897
4887774,0.0
4887835,64.82123543261818
4888040,1.6502129660218472
4888112,34.55308852826035
4889948,18.96683596443505
4891378,1.8988110873825477
4893309,0.0
4894009,6.058482101106492
4895881,8.396958770294354
4896619,1.5825375195055003
4899352,0.0
4900630,0.0
4901363,0.0
4902912,66.33898913942737
4902967,59.111313617377164
4903029,12.511579988277695
4904582,13.575433249694434
4907206,0.0
4908032,0.0
4908223,57.323866832223395
4908335,0.0
4908418,33.46741753827897
4908634,39.93473171561459
4908717,0.0
4908922,0.0
4909388,29.010276564277504
4909427,0.8555558249352728
4909949,0.0
4912146,12.160926109924517
4912206,0.0
4913277,14.287838426185282
4914221,17.23222405828627
4914545,28.53795726588034
4914789,5.110410174938515
4915217,0.7516267100838334
4915953,20.805397727847286
4915963,66.20479412016934
4916223,53.12364443174031
4916287,38.56732443767334
4916323,11.24577311601356
4917151,10.878039789525758
4917519,81.3557336176558
4918092,24.621540719686365
4918117,9.252481244255556
4918466,9.147113811471407
4920912,0.0
4921514,4.982936801739719
4922217,30.557477475234386
4922476,70.36138969887865
4922578,19.720819753881308
4924286,35.83426940432601
4924590,0.0
4924816,1.715174860834523
4925277,0.0
4925278,0.0
4925368,12.300481372023242
4925545,3.7634903541074536
4926024,43.58201099920744
4929108,27.523004078643275
4929275,0.0
4929917,10.936164473426011
4930306,0.2947166319024106
4930613,3.2976576944414155
4930683,15.758891638459929
4930993,0.0
4931132,4.97770257060936
4931276,60.6098658293377
4931807,3.0886111571515613
4931962,3.459931552310543
4932075,6.912871645729268
4932157,50.95445203130237
4932714,10.955373964122643
4933043,3.822877817260327
4933387,8.635740981861709
4935058,38.40692631752963
4935544,76.04447819120803
4935653,29.91424610666551
4935717,0.0
4936091,6.005508202393699
4936239,0.0
4937401,0.0
4940073,19.856907679195537
4942985,0.0
4943027,24.67672924021965
4943086,3.9424452145213067
4943244,0.0
4946510,6.081423161692371
4946907,14.461658849314603
4947210,50.29180943608033
4947323,0.11795436245711954
4947515,22.90959672935497
4948325,10.885189300217796
4948345,0.0
4948376,0.0
4949866,0.0
4951029,80.55931245249882
4951293,25.559085553797917
4951402,76.8113670986597
4955638,23.970083357099142
4956258,0.3585919277067191
4956451,1.8748096051506238
4957037,7.193661877567742
4957395,14.652587375832908
4958134,47.45334502115855
4958223,74.2929289983638
4958625,0.46353224082498556
4958697,11.974485339532459
4959569,5.91903272810093
4961949,12.78242901056855
4962537,7.065350486361304
4963349,23.55261152936313
4963511,7.378869422117511
4963900,0.0
4965152,9.639751396740635
4965865,41.98829471910597
4966041,53.78530795038341
4966559,6.600709343705745
4966924,5.29409122893567
4967004,7.660154017582485
4967272,39.93667424880232
4967289,70.63639186210361
4967738,5.720457519608786
4967976,0.36147206010783606
4968633,9.67952150080794
4970846,30.868211444568693
4971196,1.7583484858568212
4971951,20.82885426050593
4972979,70.17720427888324
4974298,50.70169014826201
4974583,0.0
4974744,9.542697261186287
4974843,86.4238148560517
4976184,0.0
4976218,53.81486724046386
4976450,7.716599015454463
4976558,16.3925559207861
4976848,10.095418120204847
4977140,1.5127579275384377
4977384,22.27036349049609
4977449,0.0
4977716,49.78340534332484
4977744,0.0
4977906,13.070652787327845
4978021,0.0
4978214,12.290808901051001
4978363,0.015469022672903066
4978630,1.6549930615515862
4978798,0.0
4978905,64.16463289169396
4979790,8.970004491926751
4981192,34.18272792300524
4981857,21.59234632355748
4982969,0.0
4983691,0.0
4983830,1.9692685410782076
4984907,9.80781867212508
4984951,15.793566707672355
4984976,18.825218983631252
4985504,0.3698600393519129
4985662,75.48038948634454
4985759,1.7039987355702308
4986926,0.0
4987197,0.0
4987238,29.7966807791975
4987950,14.634919331724952
4988633,66.06525531720003
4989054,27.852036439200184
4993488,51.63998666167524
4993692,0.0
4994058,5.288952251216067
4994318,37.14046380777035
4995721,0.0
4995993,71.8796250810361
4996027,4.565093868767214
4996333,14.713752117547045
4996481,9.440781269573442
4996712,19.99765908130754
4996877,6.435655178763206
4997688,40.50023452847058
4998103,36.540071532328646
4998386,7.699614113267966
5000964,62.28105640405211
5005539,0.0
5005766,46.196338174316786
5006113,8.232067984874767
5006545,32.17240423863411
5006927,0.8894498806575442
5009206,17.6513782491958
5009768,51.05089688312569
5010729,75.73699929451755
5010895,30.61793212791911
5010923,5.769644589429127
5011234,8.290896089838903
5011499,9.374378909101956
5011693,2.3411188626686013
5011893,0.8705617779264081
5012940,2.030880588652572
5013258,26.876629947542206
5013302,29.02357699627597
5013403,0.0
5013556,31.961819226698225
5013797,7.409242615460087
5014388,5.373163944464302
5015281,0.0
5018013,37.042749052476516
5018864,25.00797190360084
5019183,0.0
5019531,3.1257880425872884
5021376,48.706559901149205
5021777,30.372420625055504
5021811,44.184915862708365
5021925,5.990953571165953
5021955,0.0
5025333,0.0
5025771,0.7626499156146664
5026525,3.501509653417692
5026612,0.0
5027162,5.278961821125378
5027640,4.647962501797217
5027790,5.885104219107646
5027894,42.98412952329315
5028478,46.303624262869626
5029204,62.55334713774262
5029559,0.0
5029703,36.61057815653408
5029887,2.83235104305831
5029952,76.37845711081809
5030339,49.54185160228186
5030783,1.2540123529387586
5030922,0.0
5031539,0.1840605660697321
5031569,21.19671620130655
5032074,4.513230870610279
5032779,0.0
5035609,39.643429979599695
5036008,0.0
5036261,37.19028904230656
5036776,0.0
5040443,16.20225422810273
5040653,9.571929482148349
5041165,0.0
5041296,1.4592643526450892
5041729,1.03648095710572
5041891,38.78115058760286
5045734,10.0794619334822
5046189,10.75472278798771
5046894,7.98368087841501
5046906,0.45080502561736324
5047608,0.0
5048481,4.4593621767409175
5048487,26.707690027167203
5049113,0.7891220465619782
5049575,9.804198898245051
5049853,0.0
5050156,8.844631291334352
5050586,46.967091422602245
5050587,14.23882784038061
5050664,61.33562662874479
5050936,0.0
5051065,38.046830877612784
5051236,9.848098569470558
5051551,70.17334159004938
5051691,0.0
5052112,10.295495884491707
5054858,0.0
5056895,0.0
5057533,10.639754088403379
5058058,2.3246607641246797
5058359,5.915063562831172
5059370,0.0
5059402,0.0
5059819,20.048122197138213
5060481,0.0
5060771,0.0
5061165,81.97385724095929
5061178,57.977375953195015
5061309,51.2220254445035
5061575,0.0
5064648,43.46611254512182
5064921,7.478432755826589
5065627,0.0
5066883,2.972350672704657
5066963,1.0416410282640456
5067529,3.860471388707836
5068125,8.490506286891083
5068640,7.763250665046897
5068702,55.07841271285977
5069131,12.756356923068687
5069145,0.0
5070378,0.0
5070914,66.30830043661123
5073851,11.330985833496605
5074322,0.0
5075441,0.0
5075530,0.0
5075659,79.00626761330486
5075670,7.1990964792397705
5075810,0.01622064422092251
5078232,16.041696728472076
5078724,63.48606161689458
5078828,5.5419219306369385
5079124,41.48293839175026
5082892,0.0
5083417,15.40616956519526
5085935,54.30985235006907
5086034,0.0
5090974,0.0
5091056,22.439238299295283
5093174,0.27604078238247354
5093690,13.996189138383002
5093803,0.0
5094957,87.04437684132893
5095468,77.6379498476019
5099475,9.795395586691178
5099709,0.0
5101758,24.539611899603308
5101761,70.63336302720708
5102052,0.0
5102132,0.0
5102389,64.74767237760886
5102954,7.2155362266122225
5104489,0.9975870178048254
5104668,0.0
5104964,5.497783583274227
5105164,1.3499216552231417
5105632,0.0
5105768,39.52836293698179
5106041,47.66117739433886
5106214,0.0
5106252,62.34831681279466
5106749,12.550997512896721
5112097,13.315259790267113
5112311,82.84696437801165
5112534,9.920928756607289
5113756,0.0
5114347,22.539873134399535
5114716,0.0
5115736,1.699271472555587
5115952,6.831962205094769
5116234,9.28444998373535
5116726,14.232269788778595
5116982,5.688448986059335
5117177,50.78208442756653
5117339,16.79319520337266
5121847,0.35394089435759213
5122059,0.0
5122518,3.2401053922059013
5124475,82.25548974348656
5124825,0.0
5125207,57.02169410067287
5125217,0.0
5125575,18.93912304602432
5126391,52.30337368453371
5127625,0.0
5131879,0.3745737949572927
5132555,5.2337666048416125
5132986,0.40332140086055546
5133155,3.2303216461333264
5134401,7.058114945575703
5135131,0.0
5141783,47.012617154828966
5142888,61.38669112607702
5143406,19.00185277443611
5143762,8.766929710149867
5144478,5.844816739010952
5144782,0.0
5144917,13.179537067600204
5144979,34.95488523620958
5145439,0.0
5145759,5.067896933541228
5146173,23.040024963686015
5148859,0.7518126044618256
5149368,0.0
5149930,23.190463138180274
5150489,1.7709080646388955
5150756,25.240347660493804
5152064,49.70626094433347
5152230,17.84655237798338
5152375,12.242330395984645
5152875,3.414465699415551
5152924,16.63632455188693
5153294,0.0
5153500,37.36257477766884
5153725,0.0
5156902,58.58030648058534
5159722,7.142713508143473
5159853,42.27454834688239
5159990,4.847569225519187
5160363,3.039003872103116
5160871,16.205641724533816
5162470,30.04504703342471
5163198,46.22871397662024
5163428,1.868899842823275
5166769,0.0
5173154,0.6864282663597052
5175054,76.41104842185064
5178868,9.640831438128266
5179493,0.0
5179986,24.432994353496724
5180656,5.960806441528476
5181488,0.0
5182519,2.908462745380966
5182846,1.882363086850809
5183778,5.944027123630477
5183931,15.078389099438574
5184145,24.54379427417802
5184230,38.41147577767446
5184441,2.6299960617207745
5184571,15.177971578393887
5184738,18.165337498108705
5184986,0.5903399469713193
5185539,29.3030081771062
5189640,0.0
5190411,1.0865720600950581
5192219,73.46011648498734
5192459,0.0
5192765,13.144422341781823
5193020,3.9875237376300063
5193421,40.13127675837859
5193748,0.0
5194346,26.36168101470265
5194812,68.80629977243902
5195831,0.0
5195885,0.0
5200018,4.331453153319252
5200203,27.578661085707445
5200433,0.0
5201371,10.792219107570162
5204141,0.3414032507962119
5204719,45.29174615933133
5205123,22.205916683552985
5205454,11.574611747318173
5208009,14.856545996172507
5208784,2.4769267321343094
5210757,15.09213212573487
5211090,0.0
5211479,47.60934015643736
5211902,62.9150522747833
5212051,4.828101021737286
5212133,0.9437226740206413
5213086,9.730283413828083
5213963,0.14205071310142614
5214511,10.654373699048307
5216799,24.99564634744774
5217359,6.356448245428044
5217507,0.0
5218189,6.511560416445661
5218535,0.036586684756915844
5218768,15.191879664943606
5218839,10.219970078998863
5221073,54.335753106043775
5221389,45.2032486253597
5223919,68.75049609564871
5224210,15.87546650153211
5225088,21.21780593148977
5225343,37.946539936392504
5226844,0.0
5228061,13.941583844952781
5228220,0.0
5230031,12.698046293339019
5230712,51.292482676056046
5230764,19.32775733238227
5231014,0.0
5235742,6.170718077137771
5235795,83.19445416399228
5238378,32.906101764328305
5239459,58.86658078872265
5239658,11.585974596261082
5240837,5.155017124477425
5241294,0.0
5241757,24.178342072732896
5241854,24.423935555529376
5241870,0.0
5242017,52.920983442555766
5242070,0.13264540102441202
5242131,8.378149051808201
5242535,5.5697512526330115
5243259,5.326791655755635
5248636,6.529034735427864
5249202,8.671109800577803
5251340,45.12637324556489
5251624,0.0
5251686,0.0
5252225,0.0
5252559,69.37660850628694
5252792,0.0
5253423,24.012400497324357
5256714,4.6119445037426985
5257237,0.0
5259062,0.0
5259131,18.2634097761931
5259767,2.191464870879784
5260322,0.0
5260386,8.346673870269672
5261014,0.0
5261209,23.54265884418968
5261865,9.865517159240447
5261913,73.94868193611
5262509,12.407388382445298
5265475,90.96414840257472
5265614,26.992731829796732
5266524,71.45780855440526
5267506,0.0
5267509,61.62955738603589
5267542,50.12890332053643
5267544,32.034576772371025
5267773,13.437946641642004
5268030,48.99694185191711
5268045,8.799020179954134
5268818,8.391359473819769
5268960,37.65710336064593
5269143,0.0
5269784,31.54973744114271
5269840,48.16971211364298
5270589,0.0
5271192,0.0
5271500,17.540120416531288
5272504,63.43384370897855
5274268,29.327671766820366
5276050,9.393949881712686
5276396,37.1605429509975
5277242,2.6183438746099483
5277547,2.6981278513871843
5278765,0.0
5278810,18.93203104359987
5279720,17.07765210892564
5279758,0.08517917564167021
5279812,14.556613180918042
5279925,6.6691189446286
5280429,45.458680329416985
5280615,9.162897016796727
5284048,4.335540022383718
5285240,26.407099116936386
5285358,66.52864056921578
5285553,22.66566812040365
5285674,0.0
5285867,1.4139829961554966
5286096,3.992879155459171
5286711,10.56474643030829
5286986,0.0
5287414,12.668642411595194
5287485,3.1936992871939864
5287559,10.223579309797433
5287643,0.0
5287819,64.82018271319433
5291784,0.0
5292764,26.288363734173657
5294260,2.1556710730675306
5296254,18.452577678895402
5297389,3.029877302791462
5297660,0.0
5298139,13.159256452942039
5298299,0.201818847198453
5298356,10.413359449298753
5298458,0.0
5298896,18.602654888851283
5298970,1.343830493497812
5301003,50.96112774201834
5302719,0.0
5303927,0.0
5305288,0.0
5305524,0.0
5308047,11.866556573078434
5308117,30.84222097600336
5308466,0.0
5308506,0.0
5308539,1.4802961246596098
5309621,3.97152913957256
5309634,11.380155632083657
5309959,22.099238187956303
5310464,52.48148118917783
5310859,45.87807569648707
5314883,0.5040635897523842
5315798,0.0
5315955,55.842862325957725
5316266,0.0
5316660,0.0
5316741,21.42257296359087
5318322,31.45997014015449
5318845,0.0
5319319,40.593912184251344
5319408,7.912410884660929
5319637,0.0
5319785,2.9490509213628187
5320267,15.510697798850167
5320325,63.02182320069508
5320983,76.27007825715745
5321256,0.5948386329258213
5326138,4.317316376341804
5326835,57.82835990622616
5326989,0.17189581314068647
5327035,0.0
5328185,0.0
5329077,9.021923272365768
5329548,0.12840394205659322
5333452,0.33348301599981767
5333804,46.19983691353033
5336245,0.0
5337757,9.513602794467246
5338293,22.945047222654154
5338885,36.852046123131984
5339915,63.24039642264814
5340020,63.94446814010791
5340262,77.33666145967831
5341379,0.0
5343122,3.2695926995092393
5343821,10.94466946804615
5344281,0.0
5344850,11.356463942447185
5345498,15.473327574145518
5345731,2.2476353432769187
5346665,0.21086539653415315
5347051,8.947712208496547
5347479,75.05095691537429
5347776,46.4491607854244
5351702,48.61591281509689
5352301,18.08005465496945
5352802,0.0
5353431,5.18183672534078
5353509,18.02435869322264
5353612,33.033328143498146
5354632,15.173411969614703
5354796,64.06541290435321
5354979,1.9381420839409103
5359974,0.0
5362279,27.202879018234334
5362461,8.059527316059274
5363078,2.076023098625889
5363210,1.6227102050254771
5364134,34.337424521699425
5364175,7.102614642813531
5364228,0.0
5364956,28.591895892047873
5365319,1.6030138874388342
5366126,0.8657137531324466
5370580,26.40409361139867
5370956,36.982252086060015
5371052,0.0
5371463,33.09098838731322
5372082,0.0
5372712,0.0
5372777,14.626193789648248
5373645,64.22076107897362
5373674,3.300549356415104
5374226,7.879316010562331
5374901,69.51079817978726
5378919,16.61994547903369
5380048,1.3813447924082425
5381203,0.0
5381209,20.212787660153502
5381230,17.47755295039571
5382755,3.996826946371584
5383235,0.0
5383336,3.0618724212693813
5383841,8.815366480484741
5384337,64.52357374899714
5384971,27.01333398118195
5385793,73.49058446289156
5386100,34.549886922719054
5386242,12.93674294592347
5386846,9.86535179308419
5386890,36.89003253640841
5386990,46.92557569161732
5387217,5.8030780537940565
5389907,10.160345559737905
5390483,0.0
5390738,32.85774524370125
5391140,0.0
5392517,4.712194732103718
5392891,55.844308303596875
5393359,9.79639113684874
5393564,0.0
5395295,66.30434554421038
5395679,67.64543780854723
5396516,0.9823945537590113
5396671,4.186985668394922
5397133,20.39290314698747
5397292,0.0
5400549,0.0
5402583,37.54224541528851
5403109,13.238932613647172
5404627,4.584108653709979
5406041,33.079073165729945
5406067,49.168490840687525
5406143,9.097768004222953
5406187,47.441527008600644
5406389,0.0
5406556,7.107809630045473
5406581,58.94536791596905
5409372,0.0
5409427,69.10772470765065
5409725,7.650982805598254
5410067,54.63046443039355
5410258,0.7966389626304462
5410899,3.9546989424116887
5412350,0.029777751799883845
5412567,1.4674738172026949
5414178,2.351952399883878
5414344,5.696853957943453
5414458,13.534299640781356
5414503,7.443672403518143
5414508,11.140771881695297
5414911,54.525350638169975
5415365,12.314336673883062
5418807,42.25075560678067
5419405,0.0
5420966,0.0
5422535,68.66574219591251
5422832,0.0
5423117,10.682864289298692
5423159,12.739858259394559
5424042,62.45011442895166
5424346,11.529811153730499
5424359,3.082885600567984
5428573,0.0
5429769,0.0
5430658,9.21851131473666
5431845,14.87741484229483
5432178,4.420777317348332
5432659,15.573331199467958
5432930,0.0
5432938,0.8039747742098626
5433238,4.906683184931488
5433746,65.7188366588764
5433766,3.0252958777446466
5433967,80.4981038546899
5434197,54.634498586828315
5434655,0.005584316287716717
5434678,0.0
5434688,3.888576586324014
5434754,17.658599003277608
5442313,12.284503270718027
5442386,5.577948830727699
5442426,6.6004961172335115
5442977,6.700245234357119
5445314,47.90992453417628
5446675,20.50718737187372
5448644,0.0
5454346,0.0
5455353,26.373921299262015
5457400,4.740111290155625
5457860,67.84644183352992
5459693,0.0
5459747,28.44582063939911
5465079,74.30672136485055
5467075,40.18278454722103
5469274,12.491855480065162
5470125,0.7883340899435147
5470186,0.991531903919757
5470215,15.947373066666245
5470350,6.992444353888622
5470363,0.0
5470531,16.774900295824246
5472109,0.0
5476046,19.422860099992413
5476474,11.338418059199228
5477034,0.0
5477378,25.10569202283545
5478741,28.939586849144256
5479460,34.54330432782654
5479614,10.34993683139961
5480100,44.45719018606002
5481032,19.977559045177195
5481351,0.0
5481475,0.0
5481762,77.93061766246564
5481978,0.0
5482031,0.0
5482154,67.52803022737609
5488307,46.071205032396755
5488788,26.49032305221118
5491063,0.0
5491317,0.0
5492717,61.52271411697819
5492776,0.751652513192191
5496999,52.41967993870821
5497654,12.169244576213849
5498089,48.603620653373994
5498131,0.7618972099590167
5500426,7.716940236778505
5500740,44.95762418141684
5502264,0.0
5505535,7.177266411310704
5505592,1.7575174952098322
5506083,14.004603738365006
5506438,4.76975254371839
5507784,11.6214130336406
5509001,0.0
5509665,23.089901916366344
5509771,61.626045675837425
5510725,10.655669313360058
5511067,0.0
5511588,34.69266564967967
5512068,0.40739826220355013
5512118,0.0
5512274,7.431676352090001
5518116,0.0
5520695,52.355958856450435
5520934,7.779024444294027
5521689,0.0
5522518,6.871894412006796
5522519,0.0
5522642,47.12101100336256
5523876,10.315124452986801
5524115,1.8948254299710712
5524262,2.7275953002088613
5524465,4.104526420043449
5524488,49.515712756657834
5524942,63.85422510757267
5525186,0.0
5525510,14.259126678284055
5525612,0.0
5530878,22.6889247124004
5531170,27.068724002867462
5531407,1.435990956772919
5531649,31.690474741876216
5532582,25.568240551423884
5534747,61.35392996718459
5534795,89.03212666911264
5535142,5.5519832198149075
5536390,1.0490407531713757
5536508,52.14772314193161
5536560,7.363986639302237
5536998,38.807921250054086
5537069,16.70365633658973
5538353,5.035958602924566
5538410,4.63546203061825
5538720,26.72100714858957
5543210,8.57349972070994
5543996,1.1753962697933247
5545470,70.16681436596959
5545629,0.0
5545876,9.785458867694736
5546217,55.472432866178345
5546748,0.0
5547367,33.63271070466713
5547802,50.33065086605344
5548710,0.0
5548943,0.0
5549688,11.223116730870807
5550236,3.1591818005719716
5550377,0.0
5550492,13.634858770430007
5555405,15.733180294720572
5555926,0.0
5555971,0.0
5557091,0.0
5557097,73.82065445757664
5557133,67.03507013011836
5557135,0.0
5557381,71.54852267891356
5557684,12.35898886290574
5557903,0.0
5558079,0.0
5558179,0.0
5558242,14.437872143264343
5558596,28.225332034385495
5558747,0.0
5558981,9.203935219496394
5559015,10.320346863507915
5559332,59.35116612765639
5559349,0.888632339798896
5559559,5.65583925331169
5559758,58.27929499418762
5560024,70.83930705464145
5560028,0.0
5560165,0.0
5560227,0.0
5560235,22.243701767161063
5560675,0.7448205139350748
5561046,6.30337724374008
5561355,1.1130109773135715
5561693,1.6482304712965785
5562394,0.0
5562412,2.0527963875164232
5562420,64.0164302228957
5562477,57.51992014933665
5562710,67.46172298955908
5562775,17.383025367452483
5562799,2.617560642461882
5564891,15.309313673276051
5565638,38.18656217087507
5565799,5.763415724036214
5566792,9.001482213280575
5567220,36.48718562915039
5567278,52.953833240060504
5567361,90.99204168563048
5568524,0.0
5568574,0.09041924444207439
5568799,16.428263391563064
5569464,1.0731852226930343
5570633,15.162915285060961
5570843,5.350726599299762
5570957,2.2147926757156426
5571716,17.28255608094002
5571951,26.20705333492591
5572393,3.060413985643443
5574012,6.768443247059601
5576670,0.0
5577006,19.295162733346196
5577856,0.0
5578475,0.0
5579123,2.436256881236581
5579147,1.3346561401581738
5580236,0.7857215056010176
5580648,0.7405555663968855
5581442,5.283403428569812
5581522,0.0
5586571,27.917303291032283
5586877,0.0
5587063,0.0
5587534,7.881928759476914
5589159,58.723521381297594
5589222,7.886415417667415
5590348,6.595131772863169
5590400,0.0
5591026,28.772047271327825
5591612,19.264168463623264
5592012,30.369027362044612
5592034,7.730686121173427
5592647,18.397957903580597
5592693,25.45443359850234
5593057,0.663163567255161
5593975,10.913203054576307
5598429,30.736210568478725
5598741,0.0
5598992,48.45778619014321
5599109,5.63548214875491
5600614,0.0
5601059,14.281746642668232
5601147,0.7794410674227592
5602027,0.0
5602097,0.0
5602369,9.427592386322758
5602494,0.0
5602515,9.649435239973037
5605209,76.59253946738642
5605822,57.42378085662026
5607094,37.841901945195026
5607244,0.0
5611993,0.0
5612231,50.786795515964975
5612772,45.49663189870063
5613334,0.0
5613443,14.112498924849177
5613572,7.955414195541756
5614816,26.61995438727825
5615531,0.0
5615949,0.0
5616298,58.763055302427595
5617565,0.0
5617698,5.476478451873994
5618280,8.738450334947778
5618865,13.371332364064056
5619141,28.23915465100451
5619412,20.660543919323743
5619696,0.0
5624179,0.0
5624616,14.1283318969949
5626957,0.0
5627418,69.62239140447407
5627898,7.856822220450077
5628013,6.149863121501021
5628539,14.471204328953526
5629696,45.74269824340048
5632187,0.0
5632195,25.67801426809546
5632551,3.0782079731101177
5633469,82.13808460913903
5636282,12.304817671227745
5639029,0.0
5640839,41.84994263639654
5641644,32.15618997491569
5641857,80.77003792296685
5642537,0.0
5642609,7.820358017701871
5643121,0.0
5647101,7.261346670705093
5647213,1.072157036711964
5648836,10.22994167853063
5648853,9.657238054898926
5649058,0.0
5649741,0.0
5650386,1.116800541968125
5650479,22.88097653200133
5651344,0.0
5651523,34.7297269728893
5651944,59.27276615412899
5652542,49.018971198732764
5652654,1.7114930543687095
5655080,3.279585586504048
5655462,19.597833557174418
5656524,0.0
5656740,64.57898672244025
5659626,8.998464835566303
5659630,16.03182842569635
5660349,0.0
5660972,0.0
5661080,2.3717513232714182
5663222,13.379966748898674
5663909,25.175525894257728
5665661,17.657733162138406
5665717,37.660295478797586
5666127,0.0
5666270,0.0
5668481,0.0
5669670,5.217930565026453
5669995,69.5626111138563
5671406,10.236167930501857
5671549,35.79826791938377
5671922,10.63074831337984
5672471,0.0
5672879,0.0
5677210,82.91387499470508
5678143,67.51917387527945
5679209,0.0
5679693,68.90789178922017
5679837,0.0
5680505,35.104330953793536
5680714,13.525569414345647
5681742,15.11926385250188
5681778,74.30011710490112
5681914,69.29149567306953
5682277,5.482778186246669
5682787,54.763911502594176
5682992,0.0
5683160,70.18864813517791
5683212,70.1157343165811
5683505,23.330560538318416
5683737,37.56018163530806
5684147,2.167770946259445
5685306,64.99118769848062
5685334,9.618514896201809
5685801,0.4645333025987135
5686255,63.691110380714
5690718,0.9096507494582013
5691265,39.77043394992588
5691347,0.0
5691755,42.61769927996617
5692212,0.0
5692492,19.82993223819853
5692899,33.02962503759492
5693879,32.532449317274526
5694134,7.2157934701332636
5695509,0.0
5695523,35.8146177348833
5696062,8.112274535774773
5696100,0.6131173724596195
5696723,9.506406916174143
5696950,10.25517979464422
5697729,30.18203800720576
5697857,6.207264019213284
5702463,16.159692645250523
5702479,2.5075751405135946
5702904,0.0
5703259,2.8661002110608464
5704852,12.962459721401189
5706045,22.084715093677268
5706259,16.18844779941397
5706340,0.0
5707249,18.281241350655556
5707653,13.473813980555246
5707711,70.6824542833345
5709309,4.769126773933131
5712004,0.0
5712663,13.539191917047553
5713218,3.107519049670259
5713601,0.0
5714478,0.0
5714811,16.222865324553297
5715079,6.878443098044237
5716410,0.0
5716982,4.846375680480612
5717346,13.1009479132928
5718454,65.49701924173795
5718603,2.205202471533781
5719058,2.7711940289878854
5720066,0.0
5720133,11.345307079906739
5720569,14.022673271709216
5725154,0.007792273814921202
5725475,49.8148654866061
5725566,66.39450255472958
5725698,1.312917763412237
5725963,6.3738448889103125
5726103,18.082014098843736
5726139,0.0
5727850,7.063109734273645
5728014,10.875409468300582
5728171,26.349699507605273
5728500,48.95587537690715
5728502,17.089758110660288
5729118,38.25070774120918
5729143,69.27898289207579
5729145,12.677609355710203
5729530,0.26015094376464987
5729989,6.722474967222006
5734275,0.0
5734556,38.02908995617572
5735314,83.95947970616581
5735447,0.0
5736925,82.54185768924873
5737178,73.87285694925816
5737903,14.883109525452547
5738880,35.886095832468875
5739187,11.806267307838745
5739264,4.914633989118627
5739567,0.0
5740147,9.372479165194768
5741241,67.52348033188278
5743959,7.141740123867812
5744764,0.0
5745591,0.0
5745907,8.620015961656762
5746544,27.071436943317224
5746781,29.203576166295733
5747481,9.964569339712156
5747492,0.0
5747984,17.663442225460493
5748301,57.11892754905273
5748695,0.0
5749477,30.307281882040975
5749514,0.22999100835988884
5749569,57.8995422075727
5749651,62.09064160984647
5750006,3.925405438254735
5750144,24.196887841232787
5750426,45.650053769378026
5750871,35.367838683101766
5751070,49.63740012486209
5755338,14.316867465942366
5755559,10.381498691240482
5757333,8.427967254112112
5757952,2.601867295530319
5758632,0.2970298261944677
5758695,46.61404261537061
5758972,0.0
5759126,8.16152932358164
5760036,23.997636778266717
5760776,10.786545119009105
5761032,17.532960426027408
5761908,20.391317078871495
5762947,65.39855583439737
5767004,4.917807177728442
5769180,9.077566172981058
5769548,0.0
5770283,0.641758060531906
5770320,0.0
5771211,2.098648108381404
5773199,19.299323523317994
5773455,0.0
5774245,0.0
5774402,9.228187146445826
5774454,58.70484490894521
5774521,64.01823954729723
5774742,0.0
5775122,20.89688779430596
5775205,8.838395411299075
5779752,7.355079791214344
5780966,33.19275126688731
5781049,0.0
5781782,0.0
5782542,0.0
5782720,47.42461670997509
5783517,71.15530356321175
5783925,70.40210798592747
5784146,6.081050149051919
5784179,3.1102712078409027
5785402,41.257943153957555
5785674,7.082457260311514
5786464,0.0
5790611,36.99060335389572
5791394,14.283422260015321
5791844,0.0
5792709,5.156073809583027
5793388,2.3637652661292563
5793740,0.0
5793821,0.0
5795549,10.70828512649421
5796164,3.8059313426476393
5796405,5.422791662274456
5796517,0.0
5796803,49.86363827103381
5797398,0.0
5797696,42.71046754216734
5802174,0.6845840881243461
5803068,27.427194245652288
5803141,21.759137795871503
5803875,15.968278351349085
5804189,0.14739370289120757
5804451,38.6092194752593
5805232,1.114638929322389
5805561,0.0
5806377,36.85886929285335
5806687,0.0
5806817,61.901141469634254
5809453,5.811493824956777
5810581,56.75761788225724
5810700,61.53411668966394
5811254,9.170507603229325
5812921,2.4756596727952314
5813588,14.100746975834873
5813687,3.0944774978643395
5814016,1.7964081513935
5814530,0.0
5814583,0.0
5815437,10.484701605941105
5815618,12.16545474023787
5816112,31.783222463948363
5816130,53.80720134781145
5816151,53.697626473959204
5816154,40.07479694682461
5818551,7.601840134196337
5818641,0.812639559199674
5820426,0.0
5821386,7.324874940782884
5821886,0.0
5822847,20.19453348682189
5823579,21.83906310459144
5823661,0.0
5824688,0.0
5825260,0.0
5825600,0.0
5825696,32.352262436880594
5825911,9.24393229585612
5825986,47.864397346314036
5826013,67.12670900176934
5826129,24.884426234582783
5826468,5.173553206787609
5826475,72.72101004483379
5826716,72.76717413273545
5829214,16.267675051798633
5830829,36.25450669921548
5833122,10.424795718577514
5833530,2.00904491897429
5834002,27.23789049027185
5834075,68.77772397322812
5835673,0.0
5835889,12.760522871425884
5836186,72.22735144380184
5836274,17.09148465856814
5838302,7.994256410501144
5838377,0.0
5838638,8.917434650460898
5839758,8.201865959196454
5839954,36.18774685860849
5840106,0.0
5842970,2.9846221340789327
5844153,13.42643693484257
5844420,5.806704809417106
5844501,18.381820001026703
5846595,0.6953065922123542
5846654,0.0
5846745,63.25790308214523
5848277,74.00005880780853
5849776,10.143351721344573
5850148,30.799925043250244
5850712,2.9104267511737945
5851013,0.0
5851054,10.404961530823414
5851071,10.09896046235707
5851295,0.0
5851500,39.36468915077279
5851649,74.05345479242123
5856557,61.865504658304424
5857212,0.0
5857280,2.1380872865272167
5857515,7.66069811073271
5858087,5.44109007212797
5858313,0.0
5858413,12.198383466461621
5858496,0.0
5858505,26.683331495547797
5858516,9.795348798671533
5858572,44.974302996073035
5858893,39.041957910770996
5859848,7.245100701590545
5860837,73.22466862332314
5861236,37.14732690345073
5861766,47.35441258862091
5861890,6.531476147192713
5862128,28.437592145087912
5862200,1.8181170848970893
5862395,18.792154526045387
5863088,17.722455506361676
5863458,58.37137962732566
5863609,28.49966857434807
5864956,76.72874989405628
5866656,5.186088503905239
5868578,5.507854976378873
5869058,4.316999131410455
5869693,0.7769657658589182
5870127,84.27948206185573
5872177,0.7313252606614853
5872722,8.27640417479828
5873218,51.69417200000088
5873343,33.49538290824807
5873714,21.257287569025447
5874013,0.0
5874520,35.56213140078603
5874941,25.420702390088927
5875176,4.467309493397742
5875665,11.308171969664768
5879269,0.0
5879480,0.0
5879750,0.0
5880064,13.653282336943278
5881122,4.506682802236718
5882216,22.168858815818744
5882725,35.986147454264916
5883069,64.84825254254818
5883655,0.34777931717565025
5884025,65.99437798737755
5884398,0.0
5885201,51.2719077079547
5885673,17.778755213677137
5888002,9.316632252142384
5888294,9.53522352438852
5888962,1.9878256935323577
5889937,0.10072860416317297
5889968,0.6409036422549228
5891358,12.962277355889356
5891574,15.332953841833636
5892693,85.16972975908689
5892794,8.108833749538046
5893277,16.073416378213707
5893462,0.0
5893581,5.007994251845478
5893612,11.686303882092012
5894720,19.157646280248994
5895016,18.362426027895303
5895056,61.86443111864069
5895082,63.408066007728785
5899299,6.211008828902273
5901993,6.623911088270148
5902026,21.25674782196831
5903240,16.62785466456419
5903889,5.76242605261924
5904490,0.24832099588803658
5904817,27.960506253587006
5905128,39.22930230446657
5905130,0.0
5905501,69.60197393778921
5908365,4.878816412827156
5910246,0.0
5911805,0.0
5911997,30.596540880120205
5912017,1.227355001266183
5912186,10.073097492129591
5912394,1.272396544313601
5912431,10.694060377095376
5912437,0.0
5913117,23.18266567803963
5913433,1.7719322911450632
5913880,0.0
5916607,0.0
5916702,6.420386756864367
5916926,7.010385906442593
5916967,16.1309883659573
5917190,2.678865614084735
5917574,10.364415738609914
5917689,0.0
5917981,23.429871447323826
5918002,2.8198409485316986
5918053,37.748881679358576
5918653,64.14269710194478
5919348,10.869548417775526
5919646,2.9776046293685923
5919967,40.12227523507581
5920088,0.0
5920109,21.162371747804137
5924806,6.683489728554761
5926506,0.0
5926953,57.621340282695755
5927568,14.929997407250568
5927667,7.715655794415277
5928954,0.1846357240220513
5929064,15.866363110530408
5929637,35.94085663577661
5929875,8.62371268192451
5929910,4.973416311789457
5929986,23.934048638943576
5932068,68.2949015773415
5932092,9.626349128233464
5933801,15.269684560391404
5934051,12.963589119304153
5934255,44.813801840731635
5936796,0.0
5940868,6.997186521725041
5941556,8.487855730462549
5941782,53.35586817260421
5941888,0.0
5942682,9.759978914581025
5942843,17.370236039717845
5942962,19.42155822416612
5943265,10.81144736274998
5943508,0.7525590675638298
5944801,53.997746043848494
5945116,27.48587406667179
5945548,0.0
5945685,23.385367971681127
5946137,3.4078251070884065
5946845,42.46806383569523
5947031,6.8729015754841924
5947159,42.72236438633501
5948498,0.0
5954479,0.0
5954758,11.25190388638918
5955722,8.310145290435218
5956344,0.0
5956573,7.0539556470943054
5956695,8.273240830812306
5958299,51.905162643493135
5958772,35.8326485324264
5959211,2.6724703427249565
5959576,5.587546045571862
5964902,8.461289124221725
5965198,31.54929796099892
5965489,28.759599003664896
5966669,0.0
5967489,29.68904407271654
5967741,0.0
5967998,38.68986252319835
5968683,5.022556586397059
5969152,15.55843721440359
5969257,8.324198758769818
5970229,9.879851346180054
5970505,6.764584453947201
5970552,22.978491723551308
5970736,0.0
5975179,65.86731980541262
5977861,36.416239736373534
5978202,30.134203574220653
5978558,47.10736119764163
5978999,74.91625201794821
5979675,13.664476255431886
5980191,68.81188008245645
5980214,0.0
5980403,12.017256693291763
5983591,33.88500987785174
5986107,9.8915606888701
5988468,14.785992952081536
5989087,81.0463177955026
5989289,6.594558281300259
5989511,0.0
5989927,81.74975671285782
5990467,50.57306769383855
5991227,14.70950692189242
5991436,0.0
5991511,0.006406484062473794
5991522,0.0
5991675,19.647431291707043
5992154,9.999198259356369
5993541,58.89604636803211
5998942,4.933221289502747
5998978,0.0
5999400,2.3316499767214296
5999780,0.763202511167357
5999786,31.371016420298695
6000785,64.3045599014593
6000898,28.378705185378216
6001031,2.407984392062474
6001852,23.04438495076048
6002382,5.287303498394543
6002432,46.44756742207741
6002889,37.59697797839147
6003650,2.599436351904849
6004012,44.814491413968746
6004200,0.03217271457834414
6004659,15.19471324359807
6004786,4.660867099234348
6005078,2.7634927753415255
6005868,36.62713005494179
6005919,28.817887120177133
6006270,1.451328814093138
6006711,0.0
6006837,0.0
6006934,12.406098999887227
6007063,28.15066488669803
6011933,56.69321834005785
6012187,29.79772039588717
6013897,40.33943889986135
6014718,42.068799560042535
6015754,1.3313362329733813
6016357,16.93832169552676
6016379,52.819363160208574
6016943,6.444630001700361
6017036,5.1523992764071025
6017043,0.0
6017408,0.0
6017870,1.5010950473502511
6018151,0.0
6018773,14.474892177036146
6018947,11.20595480606211
6019594,13.194404679357756
6019950,12.950822633234768
6020055,0.0
6020382,0.0
6023683,47.5558556270285
6026166,1.836628455365691
6026762,13.560963383424728
6026840,0.0
6027412,1.0367617787521013
6027434,39.42600545097949
6028165,47.56386936431552
6028920,0.0
6029117,63.82905028164466
6029277,0.0
6029549,11.975106617113553
6029987,42.0021332972913
6030210,16.12046345308388
6031001,0.0
6031045,13.740837686346502
6031431,4.825622015856446
6031615,0.0
6032077,41.5313127779117
6032730,8.974853502619005
6033169,23.70215141635918
6034467,65.14850655542321
6034581,67.616528604695
6035510,56.54444047803442
6035520,75.37807918058267
6035534,67.70717485317195
6037422,24.00771519173135
6037761,92.0
6038158,45.02872207256787
6038392,58.63574967643657
6038534,0.0
6038545,18.692342404102344
6038586,64.62753889176625
6039238,33.563229920278445
6040119,0.0
6040704,0.0
6041377,22.922487818197034
6041914,4.141386058250468
6042059,15.02356009225766
6042151,12.463144527979026
6042555,63.31526720796383
6043315,92.0
6043436,9.24230353327517
6044648,20.98412692194595
6045049,0.0
6045055,57.240967245782265
6045552,78.1101359211516
6047095,3.063231536817142
6048412,0.0
6048467,13.506944141041068
6050825,8.642434290940713
6051856,9.062362619348114
6053457,7.399938860600926
6054194,0.0
6054335,20.698926743290365
6054605,4.2461211166843
6054656,1.9477893289941832
6054864,11.276710586830177
6056835,17.823571724164182
6059556,7.7888622772847995
6062060,40.2109545337466
6062168,23.736773656567564
6062593,0.0
6063050,36.83722509163443
6063060,0.0
6063063,51.13728163777547
6063782,4.511273901923147
6064471,54.82788999919696
6065370,7.752680385942995
6065647,0.0
6065786,5.754847236719023
6067536,88.5415996903237
6069703,35.917037161675054
6070550,18.606212774948027
6071153,1.0605534955373273
6071347,11.062466305465527
6072842,6.385632694377541
6073953,29.142933597351877
6074091,20.79407914326874
6074676,11.994872070157918
6074746,2.6525236020035443
6074791,0.0
6074975,44.893711168883804
6075330,4.124156751920012
6076131,0.0
6077282,3.5081678582151525
6077361,0.0
6078066,72.38801624233595
6078300,14.744824126920228
6078694,0.22175619182709028
6078788,11.051062071516089
6078807,19.096076119903906
6078896,5.572688443378823
6078897,12.340685657021858
6079079,53.055216619422396
6079378,4.39675067688173
6082939,9.022055784577738
6082991,0.0
6084475,62.48122489271794
6085932,0.0
6086137,0.0
6086460,19.891636453230696
6088813,0.0
6088910,3.0932068375927813
6089007,18.345683786560123
6090216,2.8965793596947975
6090396,0.0
6090979,7.153830924399067
6091224,7.632220300232596
6091425,0.0
6091493,27.77046918716872
6091850,74.17856911740634
6092004,8.793352845352675
6092130,2.9973396066801357
6092369,4.856930844239088
6092625,37.49844328298442
6092743,32.1734089944332
6092992,21.837329930625444
6093217,5.7926587861011924
6093459,5.029780181310521
6093625,67.7103395358339
6094597,42.20122139774925
6098755,9.191893331926828
6098975,7.837239112062839
6100031,25.511503942000395
6100514,10.006144287764293
6101104,34.65902235785683
6102693,8.116332861840796
6102844,11.400485108055683
6103146,4.450704931625772
6103273,62.06814741307064
6103761,17.009478000639362
6103774,59.96276278231048
6104557,52.615581339382025
6104637,66.50952263149111
6105142,47.99981781107723
6105342,0.9069853338325871
6105581,46.28936059095035
6106273,9.131651068068308
6106445,10.943113100059037
6106676,25.093009234956078
6107289,10.648275238801467
6107592,28.510825371142076
6107614,61.79386611075472
6108703,14.01577709453818
6114300,0.0
6114908,18.149489342330156
6115275,0.0
6115294,75.2973687468112
6117378,0.2666219907695435
6119473,21.27576953993826
6120276,10.24644537106682
6120501,0.0
6120617,0.0
6121052,36.30392717122388
6121231,0.0
6122120,9.465695446948438
6128347,0.0
6128992,9.991740696315425
6129137,58.58350282074181
6129825,4.342212327733442
6130045,33.07503358433148
6130145,61.44424308493213
6130929,0.0
6131266,0.0
6131606,56.6682639642511
6131748,0.2646584859500436
6132230,12.646535138418322
6134199,53.50983200394516
6134448,5.9759082005496325
6134600,0.0
6134906,60.19891425930785
6138423,9.401032349124655
6138632,11.279829006439577
6139914,0.0
6140465,5.753330687047097
6140503,27.67421141828833
6141299,8.915153641333788
6141401,63.3196235447904
6141815,1.2073595545844924
6142363,25.761491976933556
6142603,3.8712831339134652
6142976,1.2299280385838074
6143307,2.6884616815578184
6145011,0.8712205475502799
6145107,10.279111855480991
6145124,1.1796323513156821
6145263,0.0
6145636,0.0
6145657,72.88554837089572
6146238,0.0
6146643,0.0
6150778,0.0
6151241,2.5372677811154247
6151450,3.4708106608966673
6152478,9.3781016005953
6152725,57.1272063602838
6153194,1.2552387132486231
6154291,0.0
6155492,0.6141680625087034
6155626,48.62061425404797
6155904,8.245636832426726
6156278,3.2021450186807243
6156319,0.8014151050194656
6159257,11.2708905985535
6161282,63.56319428920827
6163297,23.460179611435763
6163758,4.350954359264115
6164338,3.604786918812721
6164719,10.973946869254988
6165032,0.0
6165832,10.891617632526305
6167141,3.530101314425366
6167683,10.940545729747683
6168027,0.0
6168663,5.390470981279243
6168880,39.576700521162444
6169065,59.51607675778545
6169335,3.4186978441498397
6169377,5.717811121246889
6169412,7.791906390266291
6169981,9.653027183520983
6170203,22.519806249514865
6170239,46.833366670533074
6170486,51.49454863542085
6170705,17.850089388633496
6170772,12.063950506321852
6170933,0.0
6170979,69.79725451703337
6171026,7.4141939568365895
6171318,9.615810993563066
6171382,45.00378912540937
6176419,35.175107668578455
6178287,11.095544385881787
6179073,85.0492653075029
6179139,7.31585902513293
6179176,12.946270697472649
6180121,59.95463400098846
6180208,1.516187975973473
6180244,4.781059167092636
6181272,0.0
6181309,43.53671606864198
6181957,0.0
6182796,29.587746152285114
6183925,10.92079719824789
6184149,0.46490147676775706
6184285,26.333107144484906
6185426,22.897167789852254
6185452,3.5265995469851212
6185599,60.701018075969735
6186089,0.24273543873506043
6186325,0.0
6186628,22.38726992624354
6187204,12.810574945693055
6188014,4.488177836468886
6188022,7.86680540781629
6192898,8.892147357446191
6192999,46.8450576101947
6193057,8.93325436729478
6194377,92.0
6194718,0.0
6195710,0.0
6196354,87.0220552510205
6196481,0.0
6196860,0.610582046528009
6197119,33.56425713581637
6197134,53.574810183930325
6197170,0.0
6197760,2.7759782135357227
6198343,26.30331297523334
6199549,5.501372683290654
6199555,0.0
6200390,59.889925802184635
6200457,62.2376367881295
6200613,1.8493905923968086
6200619,0.0
6201714,0.0
6201730,4.028184011736663
6201900,70.65147977120324
6206462,74.68914047588599
6207839,0.0
6208796,7.561390318300305
6209084,29.34499304520451
6209147,52.73570261579138
6209200,0.0
6209309,5.809515641863172
6209427,0.0
6209619,10.810096358052597
6210155,0.0
6211055,13.759236772802929
6211624,0.0
6212962,2.3917615877585376
6214452,3.2491876820097794
6214748,5.117998692897906
6215083,25.3375719232316
6215984,40.80011779811981
6216166,11.956640390874266
6216318,0.0
6218730,26.52781574948078
6220085,44.00160786810676
6220514,27.34113556104429
6220699,0.0
6222149,2.6405794328733094
6222376,3.2521668423154537
6223413,35.579794120836745
6224396,15.714552922259422
6225153,0.0
6225501,65.96812892204079
6225968,19.51806338420331
6225974,50.690510867232184
6227059,6.74955533830726
6227345,64.13346536344976
6227944,3.9500579308620516
6228019,61.633080252764394
6228461,63.23620158253804
6232150,14.469517934272396
6232203,11.871892195450286
6232720,74.39342647870913
6232987,0.0
6233889,7.012279052329923
6234096,59.43017712763622
6234725,23.551625362500282
6236899,38.67725656003086
6237065,4.755842573667998
6237175,30.114729922408394
6237403,0.601789683266361
6237974,64.30802133209679
6238281,0.0
6238314,16.06611639124464
6238495,5.7370360790690285
6239016,0.0
6239106,2.96431721686816
6239508,62.90540357695645
6239658,4.792773822256784
6239848,14.080028814534295
6241464,0.0
6242355,6.676061159067238
6244089,15.701491247025217
6244309,0.0
6245792,73.51480939294646
6246559,1.3240178394378148
6246562,7.242783617164363
6246681,11.608927598832501
6246825,12.581201142394185
6247046,70.43071360145134
6248335,21.443316916691998
6249465,1.0585932106463147
6249946,0.0
6252815,23.27609454744694
6255597,29.341979027941328
6256019,1.921510235294278
6256149,60.1588443478474
6256470,24.94310758323225
6258065,17.575778890674528
6260442,55.69979110882179
6261128,13.505527499553303
6261610,35.65323331753945
6261696,80.61086603660607
6261940,7.637288517185063
6262339,3.097279133648108
6262496,0.0
6262562,1.209856058943224
6262631,11.735867741686612
6262812,4.329254257011485
6267938,0.18004827927682499
6269027,3.0725727371877127
6269610,30.070665397186666
6269646,77.2385441996092
6269968,75.31995891675211
6269975,11.010985545815252
6270767,15.82647778307841
6271152,0.44769509722348744
6271429,4.37392166421548
6271491,0.0
6271692,10.180181701921828
6271802,3.737111022092826
6272125,0.0
6272423,64.19383498300442
6272646,0.0
6272810,2.09892593264248
6273469,0.0
6274316,8.410161866734022
6274418,8.042672914033915
6274981,6.218425249783813
6276183,28.520120078591646
6276574,10.356641666107144
6276737,9.738552966980784
6277072,11.997662965604441
6277217,15.986844274706975
6277387,34.55237203270316
6277470,73.31159731205464
6278161,57.68139894614468
6279160,0.0
6282629,41.15139380416791
6283028,15.252140075317989
6283933,8.296325249254188
6284161,0.0
6284318,25.045022956067477
6284582,17.03272159098107
6284657,66.00189284770576
6285824,1.118661808903589
6285844,64.72577882460465
6286112,8.752748995416582
6286307,20.276522572110842
6287438,9.049951120024083
6287919,46.28536504817209
6287961,8.924457644612232
6288004,70.35260332544365
6288635,0.0
6289701,8.363017475549487
6289837,9.065424679748155
6290301,36.19951545144758
6291227,7.658962048951089
6291371,22.916091964169784
6291454,0.3051928698830011
6291877,5.451220941706126
6292069,7.336196806151385
6292515,35.41139217807424
6292833,60.05210547488006
6292850,9.096720871081338
6292866,70.71166763719566
6296553,34.126091015856616
6297613,5.57452183281405
6298154,6.348149095926637
6298807,0.0
6299550,21.06039071467321
6299693,20.47742198725852
6300000,0.0
6300191,26.829918370724535
6300353,17.85211207753374
6300424,0.0
6300653,0.0
6300876,0.0
6301851,0.0
6302159,6.687002469589977
6302346,18.741919176362444
6303109,36.74693124696544
6303611,3.0259921420338927
6303845,14.296979244735283
6303923,57.125131225501136
6303950,5.538323141480838
6304126,9.741808591697698
6304362,9.34397620105441
6304848,8.528498049896442
6304948,7.9270753235848375
6305097,10.243376537404828
6310895,21.803377774531953
6311007,0.0
6311555,0.0
6311716,0.0
6311978,26.31040229661301
6312512,3.714702989768611
6313203,0.0
6313673,0.0
6313782,33.50385576050013
6313994,11.201825215154734
6314214,3.9920128726874253
6314380,7.773660049910255
6314389,12.597640903118737
6314561,0.0
6314794,0.0
6314972,9.155299640102392
6315659,6.662602985697809
6316005,60.33929474279349
6316666,5.681621843339379
6317673,22.80639532782284
6317763,1.2022470036218635
6318545,0.0
6321475,20.92450040665387
6322079,4.093460638115253
6322362,33.62619189006012
6323324,59.83327492236011
6323824,6.480020289503933
6324190,4.299384371362557
6324222,16.1343898847905
6326345,18.484125792256357
6326477,67.35919898156286
6326865,4.5455603552472965
6327529,0.0
6327543,13.231078899811514
6327601,18.687058527548082
6329973,64.48085092682663
6331598,7.794305593133878
6333659,0.0
6334614,22.69332516459805
6334824,57.510256066844065
6334836,0.0
6335429,4.0718219247777725
6335490,5.466656584660534
6335541,0.0
6336312,12.398437655332536
6336391,22.38342604411405
6336701,0.0
6337001,75.80680059796303
6337031,26.093521775115086
6337200,0.0
6337739,1.6773502360816046
6338068,20.159571512644384
6341337,8.205581421046901
6342493,7.628383097802782
6342741,19.259221279163306
6343522,0.0
6343837,0.0
6344052,1.0849572043967086
6344759,61.33981939276248
6344926,20.97244680865692
6344936,9.020934174259246
6345234,1.9116244883315332
6345545,0.0
6345728,14.894966107011165
6346275,5.294642436245979
6346456,4.374645631449447
6346496,10.735139823201571
6347729,5.5905399213888884
6347828,5.28261687074977
6347853,4.317686279941036
6348490,31.10488502296314
6348548,4.410635449037706
6348625,2.368410877272048
6348659,60.325174057980426
6348998,4.600384710657288
6349151,59.444885285515944
6349304,19.436285026140595
6354789,28.206578237749746
6355471,74.57955291191115
6355972,0.0
6356102,11.7218243233051
6356197,0.0
6356366,5.4564889765261455
6356569,48.20579714891705
6357416,1.7555293650154056
6358080,1.3732738959536661
6358641,20.366512165388716
6359111,37.136185283233445
6359526,17.757313076652544
6359643,21.35598604237743
6359812,6.071279994365149
6360200,71.05762834883114
6360224,0.0
6360527,0.0
6361102,41.39690471707943
6361204,5.501026955778492
6361313,12.603800533940081
6362051,13.51774215761666
6362684,12.510396636431217
6363293,6.4577706834263005
6363796,27.838579849396858
6364117,2.526253533848241
6364150,7.398966858222323
6364522,31.294373192670612
6364762,15.342688677416312
6367973,70.65303204287932
6368139,48.384861429565994
6368482,35.93966696160526
6369389,6.503979061998933
6369795,0.0
6370032,15.779905402708025
6370396,14.029592323775127
6370695,6.21323868637166
6370702,60.21014247571394
6370755,0.0
6371117,46.03884141405241
6371191,0.6405370974388767
6371241,3.82354293613367
6371373,33.899218866131925
6371588,23.57218451927133
6371593,6.021243984629081
6371890,1.3426364847608099
6371982,23.11457705663593
6372728,0.08812464866145575
6373149,4.087035189864885
6373238,13.031574953025334
6373582,59.82912459635418
6373770,19.719882925483624
6373790,8.12553536174827
6374332,0.0
6374412,45.81478988983628
6374545,0.0
6374694,13.252282834373268
6375331,13.326183016324329
6375998,1.019776326277949
6376008,7.342970394018117
6376519,4.56693315370331
6376606,6.6749784216563555
6376790,79.17262704130087
6377019,3.4689353496519786
6377384,16.47746434820543
6377527,8.871434038259437
6377624,24.901590147688218
6377669,8.388814866170415
6378279,5.163946166876933
6378804,16.43736931081524
6381574,15.438491670359646
6382031,24.80454689316042
6383035,3.7681510861821224
6383296,8.364507683780623
6383557,56.266737599106015
6384003,0.0
6384378,2.7691417866846066
6384544,21.40659507622724
6384560,8.30906144001009
6384622,19.127498576352686
6384741,6.917858970888169
6385039,16.04673225318748
6385199,7.373352085192202
6385364,0.0
6385528,0.14560773250166648
6386141,39.12538533741179
6386992,15.437630030415953
6387424,1.7392226966594215
6387831,12.050256705786317
6388047,0.0
6388137,0.0
6388154,27.794343988262142
6388744,7.89664201270682
6389473,44.2857506411525
6389685,0.0
6389979,35.62272152050884
6390282,6.171344621423664
6390777,19.129178703020166
6391252,0.0
6391438,76.2076148123877
6395425,37.80349489893252
6395433,53.922540376269616
6396519,0.0
6397899,31.675159480953518
6397963,8.989960262532534
6398393,3.4267739833829864
6399285,12.037560715561895
6399305,24.44138709046566
6399885,57.18356159560539
6400170,54.137725280155934
6400255,4.887524449465737
6400482,9.217066430770053
6400705,39.32076390809401
6400812,36.204383764487375
6401158,0.0
6402661,7.899117574270271
6402712,0.0
6402807,0.0
6402808,16.235804751962867
6403342,16.337389395570177
6403741,0.0
6403745,4.80049527546846
6403755,0.0
6404432,7.543773709948617
6404584,17.74347307236713
6405859,10.141560904992623
6409060,8.616258207629535
6409436,0.0
6409834,8.01233707055966
6410814,37.92754558150725
6410862,22.53867726871944
6412116,9.810331020338715
6412146,13.728758350027881
6412693,43.36086144338244
6413009,0.0
6413242,6.340935426533029
6414410,22.129141471541732
6414925,55.585489698807756
6415974,8.586637721770831
6416262,0.0
6419491,0.0
6420148,4.380241608784381
6420850,0.0
6421257,0.0
6421335,8.08493035394509
6421429,21.65317968165838
6421799,24.10941886945281
6421823,0.9910498212758441
6421977,1.0646882262989337
6422186,11.157861307060003
6422190,22.85308071980795
6422360,0.391442133039817
6422646,0.0
6422762,0.0
6422875,92.0
6423130,10.150095942835453
6423589,25.9695128561966
6423870,5.952705050186715
6424203,3.9658947030179448
6424836,0.0
6424952,67.36803813065404
6425071,8.996979820063011
6425175,38.09513962348446
6425215,0.0
6425221,0.0
6425751,24.067105876500328
6426250,0.0
6427200,68.48374671537971
6428482,40.45787439824693
6428854,17.694611168334905
6428913,8.719247700393666
6428942,8.97091531819968
6429418,77.26232947038268
6429856,0.0
6429866,15.689794330719597
6429905,34.78460561411843
6431878,20.77889705125704
6433445,6.343440761424784
6433811,0.0
6434126,6.212453319537815
6434646,9.970498871826301
6434902,5.394158653095268
6436057,9.965508605733582
6436433,0.0
6436828,0.0
6436917,1.3018209545083153
6437069,68.34459421373748
6437194,0.0
6437347,0.0
6437367,0.08864599073950785
6437710,10.019413315612795
6438254,0.0
6438456,76.51104572866657
6438465,10.533321266906796
6438520,17.34472864544601
6438856,74.06476900603676
6443330,0.0
6443513,0.0
6444497,2.8435605572278533
6445173,72.44492566147625
6445656,0.0
6447136,17.741394007716423
6447332,84.65571633280976
6448687,7.2847835505235
6448899,51.09074854669701
6449002,0.0
6449609,0.0
6449703,15.722669143749833
6449718,19.920323101621413
6450018,12.762296773010874
6450118,64.0819304075392
6450230,8.596334125490024
6450240,3.243944168684216
6450408,47.28039812991955
6450479,20.120011893117173
6450749,19.58898841813765
6450846,0.0
6450884,14.864362112025914
6451722,8.128897737127652
6451855,19.21748371464531
6451892,0.0
6452188,48.21225894477879
6452225,13.540504421575719
6452251,0.0
6452279,0.0
6452402,71.5307715265158
6452448,0.0
6452519,0.0
6452534,68.17384379591718
6452618,43.458391078490926
6452764,0.0
6452788,11.363601178286878
6452940,21.061325645853607
6456733,25.4474598388502
6456851,24.76925346251253
6457073,1.9436892708394353
6457367,72.34365319970786
6458689,10.14912890927959
6458749,0.0
6460349,49.989739367851435
6460353,43.44414945938545
6460588,52.161356316679544
6460909,10.592786562465829
6461723,4.324658803238194
6461789,65.85387966503842
6462046,0.0
6462078,0.0
6462192,48.916659492089615
6462362,0.0
6462452,0.0
6462513,73.41447164241075
6463008,13.174214088023746
6463009,0.0
6463288,0.0
6464014,17.569066727777226
6464032,1.4823306328504273
6464070,9.370793661245337
6464254,45.86632452503306
6465986,0.0
6466315,1.3080644795206453
6466590,12.968130740539813
6466613,2.660802140004286
6466805,0.0
6466821,0.7399757305072328
6466923,0.0
6467167,1.6317637604951472
6467264,0.0
6467319,45.07986273090536
6467509,1.1590633424327024
6467815,0.0
6467956,86.33422871775389
6472718,0.0
6472721,27.344860830218963
6473307,23.930812787391364
6474867,8.901636840572138
6475263,9.531502622786668
6475709,52.389268588218606
6476234,0.0
6476426,9.404682874461443
6476702,0.0
6476769,30.129861548704902
6477137,1.1460114339727099
6478141,6.375644094120055
6478214,24.994457788970315
6478459,13.48023372922517
6478503,35.592193611869575
6478519,5.533353091529143
6478995,86.4812000367894
6479193,0.0
6479356,42.1305029891397
6479372,3.6240354024152737
6479956,9.096449255933301
6480042,77.55341909764039
6480467,0.0
6480631,34.262193065997955
6480764,7.622479137503433
6481286,10.56052162813895
6481743,11.274434104405806
6486137,0.0
6486475,9.159830296714444
6486682,42.76886009398096
6487678,45.969253136014956
6487933,31.03337726355543
6488411,0.0
6488940,8.264359716968023
6490196,0.0
6490295,35.68056506178167
6490689,20.024670653322424
6491190,0.0
6491257,16.200858226389407
6491619,16.349999895599133
6491692,22.00878709769887
6492144,12.312764181322159
6492190,18.416270004253214
6492449,17.150130994135694
6492663,21.556879929947726
6492778,36.617451346731904
6492790,52.50603602622135
6493500,58.94162137091319
6493693,26.299984852288983
6493727,13.10381087815627
6493737,0.0
6493740,28.571537542856674
6493864,18.276843475367187
6493985,0.0
6494312,46.320512175440435
6494374,92.0
6494798,42.814545432733155
6499591,16.829467581057532
6499870,5.253159147859321
6500587,6.444060496251581
6500674,10.882616310508794
6501082,11.368061053168454
6501308,1.1995142563716357
6501865,0.0
6501996,27.03066758407008
6502018,68.10147841826355
6503647,15.308495602109765
6504176,1.0883183508145962
6504196,0.30139333700820004
6504620,6.964688390250519
6504972,10.77587520983807
6505238,0.0
6505424,10.290236711546292
6505490,2.4062744325686296
6506191,1.7942086006896432
6506404,10.421513038374549
6506449,0.0
6507084,0.0
6508781,58.92499258718956
6509750,0.0
6510123,4.756770937002251
6510646,6.604701249417001
6511675,0.0
6511720,0.0
6511760,27.76615569784331
6512107,89.50023498635491
6512248,10.269537779639442
6512429,21.632766406514527
6512627,4.763876283642908
6512774,1.5124022770328764
6514160,39.17800303724126
6514596,57.01668283582516
6514861,2.766008240897115
6514902,0.0
6514992,8.438735832240056
6515263,59.08335815961501
6515318,44.076372629679234
6515475,1.126041108137244
6515562,5.287978896867209
6516045,33.63606786320433
6519873,16.02507288099671
6520005,8.73245843168825
6520350,33.26329961276173
6521734,0.0
6522426,5.651597228821146
6522629,0.356668794223733
6522643,2.963615520573917
6522849,20.792157270481994
6524331,78.11708701430611
6524590,54.871375698049306
6526579,8.754375678916496
6527142,38.9832049823608
6527387,0.0
6528869,16.996791766792327
6529564,0.6712010803146811
6534409,7.667222518169545
6536047,3.733699940728492
6536702,16.144392751394555
6536719,4.902507104143858
6537985,32.13987044026122
6538963,65.90062872818767
6539114,1.5488912739696232
6539778,55.924240314622935
6540533,3.4890626462133056
6541532,73.8629036056698
6542929,34.57141023995325
6543312,6.173458640408505
6543609,1.0308844716164849
6543687,8.586871160278541
6543852,9.238411200584473
6544243,76.45063819479599
6544315,12.217849741712932
6544347,9.194282182252032
6544586,0.0
6544638,10.52507165214417
6544686,7.646971781970684
6544718,3.1465450247089066
6545392,81.1976289740725
6545427,0.0
6546187,49.94340200480847
6546196,6.309473452437068
6546210,62.96286563313288
6549918,0.06433445061541931
6550380,0.0
6550702,9.668657324137008
6551650,1.8437127389347765
6552694,10.501376185497383
6552799,25.46464153107518
6553257,67.7779279367571
6553559,60.876135550503186
6553655,0.0
6553874,6.292496098093011
6553881,10.541716795461959
6553895,6.712803099630165
6554200,30.16298378774992
6554479,12.077091783634742
6554506,2.216627035730177
6554731,14.548204232442867
6554910,0.8315171348981281
6555289,6.814567095681362
6555427,10.953422426365215
6555527,13.99889119731862
6555586,9.841507285102828
6555712,0.0
6555997,5.838266096754076
6556105,0.0
6556843,2.1319205014985485
6557022,0.0
6557095,63.2196407509159
6557211,0.0
6557289,0.0
6558650,0.0
6559193,5.0898438254735865
6559232,35.34786604871345
6559538,13.774690745520438
6559631,14.12393508976691
6559662,8.182051008496906
6559926,45.32671964517543
6560165,21.764989293165833
6560257,15.199926281971479
6560394,83.25117517032085
6560717,0.14941408332737893
6561192,0.1413911379381716
6561301,41.05346191024835
6561328,1.0099806591301999
6561509,11.769956664461084
6567114,48.384920005595575
6567188,7.8279089200553855
6567462,32.53624874613054
6567481,0.0
6567966,43.92198672085643
6568008,9.46601612222161
6568093,6.272762648698468
6568302,2.2455241193332043
6568335,16.495884184306952
6568363,4.1791836817409305
6568625,11.586417670839545
6569403,0.0
6569412,13.298405670105339
6570350,0.27135410338292587
6571441,6.026654152700324
6571456,7.591076589960281
6571682,7.36746542797259
6571767,2.531922280107075
6571860,4.4715246685477155
6571890,52.12632081043468
6571943,0.0
6572382,0.0
6572527,0.9794798610423427
6572570,62.1049288738716
6573229,10.788847831892127
6573732,0.0
6574353,0.0
6574595,6.7171979465283655
6575083,8.77442295152742
6575789,68.72714921640713
6575873,24.117397529880606
6575907,18.627416427811216
6576027,20.94382197476491
6576336,64.0125089442285
6576463,52.73656125976706
6576557,17.293035656090183
6576628,0.0
6576633,0.0
6576768,0.0
6576933,14.659238473266917
6577178,8.4140049435375
6577187,1.446833170597472
6582117,32.19436580706755
6584626,0.0
6585028,64.31389828940485
6585334,8.938922046475746
6585424,5.3493772419903785
6585852,0.0
6586028,64.48736881080502
6586181,56.17105113592409
6586663,58.508826793855505
6587414,6.535542136827615
6587687,18.236082057127227
6588935,8.315221683160757
6588947,5.796785509636017
6589338,54.84718923864019
6589520,11.927446217452783
6589561,37.66299764298654
6589884,11.37694629453695
6590549,11.857355234437499
6590570,64.28016913382122
6590612,3.977390166261422
6591796,0.0
6592944,62.4432988166476
6594136,25.946228030559645
6596268,13.483422186871579
6596562,59.45030644983621
6598720,3.8691690103750886
6599689,0.0
6599950,0.0
6599973,0.7303387599639919
6600078,2.4486942945827437
6600755,0.0
6600878,63.00185726047784
6600953,1.699083136339624
6601409,16.578078889375092
6602762,0.0
6603170,0.0
6603534,57.78344308580746
6603602,40.79031560953422
6603756,18.116444059597207
6603830,65.33289553962805
6606910,19.573473364775804
6607086,33.075671018786295
6608246,25.935314799826962
6609871,18.34619239413726
6610629,0.4457679207661229
6611314,31.342553300842404
6611380,30.756473349848445
6611505,0.8299487222583011
6611547,79.63180125036286
6611557,26.661150826816275
6611857,24.64311943446682
6612664,40.4704230849915
6612744,7.662959162660364
6612751,61.03341258640914
6612902,0.0
6612996,22.711700543675725
6613154,0.0
6614034,6.0752364405908
6614078,10.179685327157117
6614105,0.0
6614486,10.582034056201387
6614604,27.734246722472484
6619187,0.0
6619518,12.099004638488829
6619768,41.595254599970524
6619984,42.136142010500684
6620407,1.2024793411962094
6620897,0.0
6620912,0.0
6621344,61.738379332283436
6622389,0.0
6622401,46.403541403092206
6622792,6.81541233472656
6623330,37.64850238496837
6623399,3.38024184091244
6623425,19.66801040970467
6624045,0.0
6624467,0.0
6625406,31.161563591454957
6626027,1.1730010734720082
6626066,28.00694972827082
6626121,0.0
6626652,0.0
6626894,0.4435368954168766
6626896,0.0
6627254,1.5588293243607225
6627472,0.0
6627553,45.798658509284586
6627668,0.8862763804593428
6628092,32.49447070070689
6628117,0.0
6628489,0.0
6628599,56.41800022170358
6628731,20.92357987340825
6629478,0.0
6630037,16.409893036294683
6635179,67.35218142922602
6636401,3.030771554651203
6636906,18.436531576742688
6636993,20.517512406682464
6637311,1.1049207996961847
6637692,65.21605422375879
6637806,41.383662801874365
6637985,39.320950628641604
6638042,22.54400957865687
6638170,3.758373389754702
6638446,3.958557425472179
6638953,10.32168267573886
6639114,5.414822516151446
6639120,74.41093607731307
6639226,34.020294024222245
6640227,3.4972616884434657
6640469,4.616606413425018
6640642,82.24872145262482
6640703,51.27346501420904
6641053,10.61739528749414
6641564,0.0
6642469,44.671411888304256
6642884,49.07846157565712
6643754,0.0
6644283,62.88592876196885
6644355,6.386138567320835
6644580,12.574396800538146
6644582,0.0
6644669,8.50948707536054
6645108,11.16967025326531
6645263,14.91190371580101
6645306,4.788507763422345
6645387,68.24972907014157
6645634,38.68627799248115
6645963,34.813368900949826
6646365,11.34078250174834
6647744,1.4932575621656312
6649555,26.558041819272965
6650886,9.085357812320034
6651107,10.510467079050493
6651156,24.00167062096037
6651857,0.0
6651949,51.13467701203756
6652170,5.540141270623614
6653903,5.72344361470541
6653986,4.170852304194334
6654081,1.3194929694456121
6654202,10.061065176577147
6654863,50.0615597482259
6655895,10.591496474322575
6656441,0.0
6656880,13.020120628035627
6657134,6.354665713671082
6657708,0.0
6658537,75.85699232806405
6659165,49.57075056808481
6659371,3.9610596652918133
6659963,0.0
6660330,29.44139291585737
6660373,18.37541458468683
6660511,13.3587686166615
6660835,49.10977328637693
6661170,10.90586649151809
6661700,12.791286363729249
6662208,0.0
6662234,2.0638512452916835
6662257,0.0
6662418,0.0
6662487,59.55638183966111
6662495,24.19289823599565
6668981,18.31922479193333
6669183,26.337560614340084
6669199,9.184823633728094
6669443,22.432399447211047
6669637,10.982339006965695
6669950,0.0
6670064,5.493592601136427
6670272,0.0
6671179,5.6491633553859515
6671315,0.0
6671557,25.811726159196425
6671805,0.0
6672257,49.91521662517645
6673174,0.0
6673638,3.955953818511354
6673748,22.78097216438595
6673773,33.906161117241574
6674155,33.65205411685155
6674342,1.4137795213551456
6674482,1.4949774958921154
6674505,8.149938653472695
6674686,51.83855237455705
6675194,54.22477660937276
6676066,24.28755546230107
6676250,9.07246852756505
6676383,9.792676796438947
6676721,4.2172490364675
6677108,3.8177240889794177
6677109,0.0
6677204,2.762285312939845
6677292,25.98378944992917
6677647,0.0
6678163,1.445333914590421
6678262,4.682218590978543
6678304,0.34814072915309424
6679063,3.596181493484856
6684189,13.118817347027363
6684355,8.914254918345154
6684697,18.78295552756355
6685156,0.0
6685697,53.12440444448273
6685818,8.461694579485581
6685873,0.0
6686140,18.297185635740185
6686332,0.0
6686629,39.69331701280097
6687404,5.011269374495811
6687816,16.359547988610792
6687855,7.918029634780908
6687933,22.167747965250463
6687976,9.394082724586106
6688119,0.0
6688207,0.0
6689092,4.489003553743252
6691005,0.0
6691723,7.121498501444258
6692191,5.159017512265429
6692571,56.298041829844244
6692586,0.0
6692633,22.845560024214663
6692735,23.040415563503494
6692743,7.729585787682133
6692786,5.268056672505054
6692975,0.0
6693788,0.0
6693942,0.0
6697715,0.0
6698963,5.766498735469952
6699103,6.517138749104909
6699291,11.817281946927864
6699826,0.0
6699837,24.784127265770643
6699912,0.0
6700345,1.840102470298369
6700461,5.696143843596346
6700541,74.89765747684427
6701002,43.28019304632587
6701223,0.0
6701543,7.543912411442889
6701577,54.920263568306616
6701818,6.066096982208684
6701970,13.225367959662726
6702293,4.366738522948765
6702379,10.27674577857055
6702648,1.2849452018711531
6702816,5.561409207786525
6702912,0.0
6703091,0.0
6703106,0.0
6703191,1.2211375549449244
6704000,0.20753847401555703
6704247,11.54216925420878
6704291,24.568849012046336
6705413,0.0
6705606,5.945255169106225
6705784,0.0
6705858,0.7250471897141963
6705984,65.77936063248802
6706132,9.868588144975504
6706263,7.190764102813603
6706280,22.13913312399263
6706345,11.66843526777842
6706703,0.0
6706708,21.63765277920455
6710367,0.0
6710420,30.986460250588017
6711306,0.0
6711524,3.3272149886606073
6711671,0.0
6712618,0.0
6713005,0.0
6713114,6.418504750265747
6713436,0.0
6714006,0.0
6714685,12.909214455762928
6715369,0.0
6715399,5.595484617440032
6716034,0.0
6716147,5.310447197963136
6716199,0.0
6716218,0.0
6716326,0.0
6716340,21.77786271227452
6716400,0.0
6716695,61.5431741227951
6717076,7.431636344063939
6718257,2.4323077116561294
6719207,4.6803462295513505
6721253,2.2274768264004194
6722338,0.0
6723035,50.934226605523385
6723207,0.0
6723500,11.682888846824415
6724266,29.568342302125195
6725463,6.084583587425918
6725469,0.0
6725819,7.420613040046547
6726274,7.75280987714568
6726308,0.24317522582349937
6726337,12.838477720995918
6726702,0.0
6726748,28.799776864593643
6729250,16.514897980658077
6729383,10.251958753627534
6729778,6.537990323620072
6730582,12.765819893997353
6730680,0.0
6731170,0.19623043090384584
6731445,12.523722690880525
6731463,8.65205851959957
6731830,4.1994402640158555
6732446,18.677877747945278
6733842,48.15352974490452
6734340,11.558021583918325
6737827,79.657029795527
6738639,69.77149003816169
6739145,36.04954217631036
6739520,46.83007677002524
6739776,3.296775527505666
6740143,0.0
6740465,0.8850983010508244
6740606,0.0
6740840,38.52032428856581
6741023,8.658494268271532
6741094,0.0
6741111,8.092040590415685
6741922,0.0
6742121,0.0
6742244,0.0
6742250,11.796569378896749
6742680,28.416554287602047
6742993,1.5868546270079378
6743210,30.23709711513083
6743346,6.176070014041407
6743386,6.946139082967427
6743813,1.0454991953332993
6746003,64.1027151275139
6746143,12.967518997017969
6747106,45.82644757142192
6747109,63.369009049584605
6747193,48.60686501178453
6747308,12.036367272385945
6747552,44.76004825677074
6747708,12.400639655775649
6747958,7.622918768185642
6748710,1.0478555046942546
6748848,0.0
6748873,0.0
6748886,23.79056181825468
6748952,0.0
6748973,1.4736016804082794
6749285,76.32307124808509
6749427,56.178371755093224
6749485,29.17683742262443
6749612,50.5778606472777
6750178,0.0
6750191,9.665429594144147
6750251,0.0
6750443,39.11317322708951
6753832,0.0
6753970,0.9928800628948053
6756970,18.173576194109717
6757769,6.918328560211549
6757821,0.4460698612151006
6757929,0.0
6758221,3.1988271965227213
6758402,7.557615217929687
6758550,6.5290909824839005
6758832,7.770480835118015
6758846,1.4141840715533007
6758857,49.41012318687468
6759052,0.0
6759088,45.19523446705497
6759264,1.1026422096997663
6759527,0.0
6759722,21.516574641034204
6760370,32.257483794178015
6760510,0.0
6760893,19.17340538484693
6761084,4.452206255167816
6761135,2.2033063348667454
6761248,64.22200177060033
6761867,15.102411053879088
6763899,3.414147920715287
6764999,8.555028902249212
6765002,6.743603893114432
6765042,2.4371547737732513
6765065,10.10766139117679
6765105,50.35329065484536
6765570,57.09277758267961
6765702,0.0
6766259,8.81351197953095
6766662,9.99977077175297
6766806,9.100826202011234
6766908,0.0
6767252,5.5561276384511515
6767503,44.61226142330217
6767603,0.0
6767811,0.0
6770160,16.29788199990167
6771374,10.76798559820574
6773703,0.0
6774866,24.0864588857368
6776165,4.346081708579796
6776299,2.0680642825908038
6776698,88.63809954032223
6776711,3.2597971426229364
6777026,3.013697069880706
6777408,10.197279142977758
6777603,38.48438874141278
6778238,30.96136180153571
6778322,10.391357473191889
6778619,25.61400416278233
6778747,67.8100155635171
6778776,2.302278359411382
6779326,10.266356973825715
6779905,3.4903096388041135
6779930,0.0
6780207,0.0
6780323,65.1191104636319
6780509,59.077377243621875
6781464,3.238807069135113
6781685,0.0
6781859,0.0
6782211,34.18372400662932
6782212,15.500139602918487
6782331,2.1832432517253366
6782407,0.0
6782600,1.3478754262913597
6782841,17.75414053005146
6783518,0.0
6783942,0.0
6784171,3.60219592312216
6784207,29.243033643960324
6784345,10.22004234544156
6784378,28.795135834470322
6784453,36.72199487644979
6784669,0.0
6784807,17.305305367817617
6785290,8.78989536963811
6788274,0.0
6790870,38.240828425264425
6791173,0.0
6791554,39.283497791371275
6791694,43.88011337520815
6791914,0.0
6792722,7.4223246878311215
6792778,0.0
6793249,0.0
6793382,13.138976372708605
6793654,41.62340495274467
6794912,0.0
6794977,25.318959737833868
6795252,1.9025634554933006
6795356,0.0
6795568,74.26271556183715
6795657,32.79237450043442
6795918,0.5403152826063362
6796014,3.653533450276555
6796031,0.0
6796058,9.467946722823683
6796235,11.478160955043947
6796379,12.96735343500874
6796409,47.66970657706122
6796474,56.42999870476989
6796994,47.09093279420628
6797129,0.0
6798855,59.713286548146776
6798874,13.242561512070345
6799517,2.4600120739680023
6799539,6.7096275776800525
6799542,2.6541350290259587
6799814,53.130271873336895
6799864,7.229848873280908
6799944,15.839584788689336
6799999,60.66199971798543
6800274,6.555301084019536
6800336,6.297912440406812
6800548,37.1628302850797
6800799,89.24928826817433
6804744,0.0
6805513,0.0
6805817,0.0
6807079,8.992669453172205
6807281,5.2186237264549575
6807297,0.0
6807358,13.313787756925215
6807871,2.4426063414306967
6808818,18.878823644864887
6808869,15.828442977150736
6810316,4.282312774101008
6810789,22.030896007531247
6811252,2.2054476059887023
6811364,2.199368331725829
6811543,0.0
6811817,6.950440220514174
6812409,44.5147792437678
6812444,49.13002734378289
6812539,55.06945981590797
6812888,6.5613157829554964
6812924,92.0
6813041,0.0
6813682,0.0
6817489,24.942564437649196
6817511,1.648795245758059
6818783,0.0
6818919,18.97377801332399
6819732,7.056016977047612
6819990,21.265095622893273
6820129,0.0
6820431,14.909353347387807
6820773,23.871382710287016
6821618,0.0
6821916,65.34396602847218
6821978,0.0
6822398,11.292018564560614
6822430,49.486152061395956
6822443,49.19812251468219
6822471,57.16557886301362
6822519,23.842327930507516
6822535,27.586547348268894
6823578,0.0
6824005,0.0
6824090,3.3028202270757063
6828417,0.0
6828889,0.0
6829632,0.4853011319303917
6829681,24.567044787031953
6829746,0.5028686248888974
6829990,7.880893431526481
6832599,0.0
6832606,23.60105229381213
6833000,8.67220281070906
6833049,15.466403683451063
6833263,11.553720411601667
6834701,0.0
6834972,0.0
6835487,2.682117438162564
6835688,10.683486005081853
6836304,27.50245299628463
6836362,0.0
6836485,70.48952137455143
6836879,0.4710524951887223
6837002,48.13782289386267
6837038,11.464605861864435
6837529,0.0
6837807,23.770838310029745
6839938,48.25977545509152
6842082,16.343504365721785
6842636,17.47825403951356
6842885,0.0
6842919,0.0
6843884,8.772619735027867
6844637,0.0
6845913,1.7730306019880757
6846105,3.331658723046779
6846464,7.160021237594982
6846536,0.0
6846956,34.481328342698546
6847053,0.0
6847612,5.501554264581564
6848064,9.018213855579312
6848451,0.0
6848862,27.674737998600428
6849332,0.657745090901571
6849470,4.2081543692482555
6849879,0.0
6850373,11.556504724589722
6850801,3.4592043791863674
6851685,7.659008828867151
6851748,0.0
6852513,4.608266201135898
6852626,13.113564752031778
6852664,0.998742431768747
6853271,24.322412932559214
6853472,46.91023350442614
6853532,0.0
6853661,0.0
6853689,0.9162034495585587
6853752,14.262955863359508
6853761,74.64462796031962
6854013,7.286372818115872
6854104,0.0
6854304,39.11434371517334
6854372,3.44024899823593
6854662,28.431200516483322
6854803,37.162862882924635
6855034,84.92781475330494
6860656,10.72485970631677
6860929,0.0
6862191,1.018709617583724
6862388,1.910935398626151
6862600,0.0
6863057,0.7640433806213096
6863540,7.617751230294225
6863691,5.400472541630826
6863948,0.0
6863968,15.69588160160962
6864276,30.26465728071956
6865053,16.09295573204337
6865222,42.643473819635915
6865662,15.164111660016083
6866061,5.045262917862665
6866290,0.0
6866419,0.0
6866594,0.0
6867094,13.659869023071707
6867321,53.55239295845169
6867325,47.54108452211973
6867897,29.349421082689297
6869099,5.775649503447465
6869369,38.29672438897944
6869459,0.0
6869991,30.95614448375577
6870280,0.0
6870543,0.0
6870647,33.09694956029874
6871028,33.42158108416335
6871600,14.59526581596964
6871627,0.0
6875917,5.131206787334698
6878020,46.70982510403369
6878864,4.282842113154874
6879039,11.805698439934417
6879485,0.0
6880182,0.33310444993925614
6880311,5.344003457618598
6880873,5.231373190321484
6881043,16.06976516324368
6881101,2.910705384811912
6881827,1.3735783846699618
6881867,9.695870899251283
6882661,0.5058930112157114
6883015,5.119681152875522
6883096,30.70343084887267
6883231,0.0
6883404,6.892213115012318
6883406,19.532623630199474
6883801,0.0
6883897,48.03930072770212
6884130,0.0
6884254,0.0
6884663,0.0
6885205,52.08900580605811
6885767,0.0
6885805,0.0
6885838,10.430735497997258
6886003,18.70677206660828
6886339,0.0
6886455,46.49198255819298
6886575,53.31318058113298
6886662,6.9656485938903
6886846,19.79930812755331
6887127,28.612679735819633
6887166,7.8359052853848326
6887308,67.15253388150484
6887595,17.043564529850208
6887755,75.40807135633564
6892425,4.960084025486019
6893767,46.2376570708068
6893829,1.5592229773164092
6894501,21.858083531129246
6894965,0.0
6895270,0.0023823470822819104
6895727,43.50532444656188
6895837,4.034499117125769
6896737,0.0
6897597,0.5400600178159038
6897603,2.5841570248060464
6897911,60.06373232169164
6898500,43.58255342989675
6898938,77.775623638524
6899160,0.0
6899456,0.0
6899995,46.50052830444162
6900168,92.0
6900378,9.406437167770157
6900518,0.0
6901350,0.0
6901541,3.0256540753196433
6901827,6.645394199803029
6901892,0.0
6902147,0.0
6902589,0.0
6902729,42.716130796922066
6902828,28.410447315371194
6904576,30.813357336018903
6907341,49.532174927107896
6907623,0.0
6908140,7.230178698347544
6908545,1.4503150266358205
6908603,10.454891277320385
6908835,0.0
6908837,54.58748576249125
6909128,42.43897089360979
6909460,65.56767840897608
6910034,0.0
6910614,48.94533457175015
6910706,18.374185193105156
6912077,0.0
6912675,0.0
6912998,4.825385482355216
6913503,0.0
6913773,2.249219217933522
6913903,4.450345015868635
6913963,17.263178021990907
6913969,3.257646715288722
6914332,56.7393231605729
6914516,0.0
6915467,0.0
6919797,17.45875821397528
6920568,18.625328216537063
6921004,9.715002379105918
6921249,0.0
6921404,2.6216133994878206
6921473,3.9510916344509823
6921921,17.056386654952163
6922107,1.4017078572505355
6922269,7.800647152423437
6922505,7.059479226719532
6923000,6.705424592510305
6923485,41.14164158897596
6924109,48.352573477547985
6924695,81.10996720477073
6924793,14.862649034800327
6924876,5.257345589253944
6924942,0.13823776714615832
6925270,0.0
6926006,5.352821750637574
6926366,71.62554111139201
6926449,13.336089123513538
6926528,14.829242383557641
6926727,18.081610833719864
6926838,4.753876901459996
6927013,8.0997510933937
6927027,9.988802503007825
6930780,79.58949764191824
6931057,58.57351870932239
6932760,21.7960717042154
6932898,0.361101359023003
6932921,15.780707217274141
6933290,11.894783719268027
6933582,2.97823237061332
6933878,1.4586650731917885
6934015,26.625672605585812
6934770,1.9717921426332836
6935184,26.735711507934603
6935582,0.0
6936157,79.56926699992695
6936316,38.595998058216146
6936620,8.703436345534001
6936794,10.51843125221967
6936837,42.71474271441439
6937027,0.0
6937200,9.764440406645186
6937262,0.0
6937375,0.0
6937480,0.5727700480013524
6937591,0.0
6937897,0.0
6938259,5.646539716233498
6938484,0.29204369180403233
6938560,0.0
6938678,7.4734089605742895
6938827,15.448617760121145
6939024,3.1768134778376833
6939054,7.78299952920397
6939235,13.511227616996667
6939260,5.410573404603589
6939638,2.6513980862766218
6939660,3.540386257942494
6939668,0.0
6939719,11.064417037869298
6939758,7.618051199406132
6939859,4.76832762031075
6940034,26.81744922541441
6940108,59.70553590101491
6940115,32.08778778307221
6940419,29.96675135206427
6941601,0.0
6941644,8.035124469725055
6942211,10.360029676308848
6944665,0.660119516298117
6947017,0.0
6947196,0.0
6947396,2.545665076429735
6947477,0.0
6947601,0.0669462732538122
6947730,10.464685806072396
6948441,8.175629911068853
6948970,0.0
6949104,1.5960593241783911
6949421,2.1257629776504317
6949526,23.838804728715715
6949554,9.54685854943287
6949828,9.176104260087808
6950065,40.763816556048276
6950365,5.631656632350769
6950477,2.8194633367446826
6950736,1.4676117944182252
6951735,30.961163832436746
6951995,0.0
6952235,5.127315105296894
6952592,26.87389684268664
6952639,9.104871585773815
6952888,6.68889118323937
6953066,12.137224166736686
6953132,2.8011927557270937
6953449,0.0
6953483,0.0
6954483,14.203634486643601
6955973,10.519434067342594
6956630,49.09732440188365
6956813,3.631509380221651
6957008,0.0
6957059,0.787894870179791
6957272,12.319467541270143
6957328,19.492937839838216
6957385,37.446606839190245
6958924,31.398797051988364
6959359,0.0
6960073,48.727478240695795
6964112,65.96987990476302
6965019,74.78818488292268
6965153,63.051727921053626
6965655,15.00864399285016
6965689,6.762486309038863
6966329,0.0
6966519,10.149434122310048
6966635,44.422817365034234
6966985,38.50265573830617
6967011,37.10905887676441
6967119,0.0
6967235,49.388027512492876
6967708,29.505591621488318
6967723,61.677000112019385
6967980,0.0
6968050,67.03804842563642
6968410,0.0
6968488,0.0
6968737,12.24868957171487
6969425,10.37421344977431
6969473,4.823007783424977
6970158,0.0
6970429,0.0
6970866,10.577311636833166
6970925,2.4366029139944274
6970965,9.618048727621222
6971056,0.0
6971955,48.711078552211646
6972046,0.0
6972177,0.8423411785490131
6972238,6.955653481694249
6972244,0.0
6972473,0.0
6972534,1.0474800168053875
6972554,0.0036825672354510175
6972659,19.99057498751391
6973159,0.0
6973286,8.029358156152263
6973292,50.34166157241643
6973473,51.762713916427
6973544,0.0
6974136,4.357202531908076
6974206,45.72760530701828
6974728,19.223407653730636
6975129,0.0
6975897,2.9597173724776766
6977444,0.608111823539673
6978254,18.41808442868568
6980091,84.88082145494448
6980669,88.35156503004114
6982174,0.0
6982563,5.169053019547299
6984612,7.8616791063931615
6985716,0.0
6985895,0.0
6986426,0.0
6986600,5.384660673304587
6987465,3.2353045049122855
6987560,0.0
6988265,1.1817059986220357
6988710,3.1223380833791303
6988794,0.9283339198831797
6989117,10.716558576825602
6989258,0.0
6989436,65.3154643997594
6989515,43.07187497654653
6990436,3.2243285902172403
6990524,0.0
6991324,44.34796535547402
6991421,1.3668229723405219
6991797,8.053065504165168
6991902,0.8273513562872452
6991910,7.491559602464054
6992300,9.633673026405027
6992310,0.0
6992770,83.42193345916596
6992831,75.3936546970993
6992939,0.0
6992973,0.7697771172978847
6993265,0.9637760749995081
6993502,72.21540510399561
6993520,0.0
6993538,0.0
6993862,39.79460111835904
6994004,45.084445940655016
6994032,67.48964919545631
6994038,58.888290309799395
6994259,11.660112755118028
6995408,15.930754143837738
6999056,0.0
7000630,0.0
7001049,11.715602741161192
7001580,0.0
7001872,19.565077049639974
7002250,5.337600498804569
7002269,1.4330855161253666
7002406,0.0
7002635,0.47979267124025426
7002943,0.16525586178343588
7003992,0.0
7004770,6.76323756351011
7006151,1.4650232459976387
7006695,50.3326954000151
7007199,6.407781967837373
7007597,0.0
7007729,11.613517868235
7007972,24.187009305079098
7008819,33.941081061333016
7009122,18.578709905539718
7009152,76.52440896367864
7009209,6.299956107099014
7009949,10.291456153529445
7010001,12.030795993215548
7010003,6.690961298813331
7010013,6.438877180280379
7010135,0.0
7010406,15.790585956457193
7011808,26.263390475910214
7011887,0.0
7015094,63.684923505649955
7015213,7.064858322314272
7016626,0.0
7018581,0.0
7019534,7.798100717375384
7021332,7.218599766480011
7021346,0.0
7021350,0.0
7021851,66.08759089151485
7021938,0.0
7021948,0.0
7022570,6.528899761300671
7023177,11.477791468115278
7023667,0.0
7024138,14.679526356907012
7024303,0.0
7024474,16.43380021748282
7024538,0.0
7024618,7.762937739936838
7024774,8.424094508778786
7024778,44.35937021366782
7025113,7.788287024260576
7025134,36.43573141841494
7025563,30.59084516480261
7025760,1.6551909627822567
7026048,19.55374577307304
7026258,0.0
7032396,0.0
7032448,1.3775217334676242
7032474,6.871836534489134
7032855,27.835713634205185
7032930,16.113081715943924
7033871,18.50198776810945
7034574,3.387514949849109
7034787,2.839500956093424
7034879,21.636863510428874
7034909,0.0
7034947,8.664555271174159
7035094,0.0
7035239,0.0
7035304,4.1598220511456105
7035403,26.137354070444083
7035441,38.98115332179983
7035513,54.01765664043123
7036021,9.17117169267393
7036079,15.689008378016212
7036277,0.0
7036285,0.0
7036787,56.46727287967978
7037516,0.9535798136513094
7037537,31.031785612752564
7037585,0.06749923600295915
7037740,0.0
7037791,68.35198650280213
7037918,73.20401791366731
7037999,5.423289639680846
7038049,5.013046251134291
7038563,0.0
7038604,57.743712180745106
7038875,56.64716433093995
7039103,39.92870754333882
7043746,58.351789407413115
7044822,0.0
7044853,3.1419192294065965
7045422,69.41602216086103
7047076,17.012942208959362
7047329,25.725754836945704
7047808,30.0472066811492
7048418,0.0
7048508,5.715040652693013
7050316,0.0
7050346,69.24509031468085
7050590,7.623136043435331
7050595,75.7518753496382
7050731,0.0
7050959,8.212879633395758
7051619,1.4921129408616096
7051777,2.1731701982184433
7051938,0.0
7052026,0.0
7052234,0.0
7052476,0.0
7052546,0.0
7052658,12.63542140801055
7053044,0.0
7053098,0.0
7053336,0.0
7053353,4.682685304603645
7053737,14.749864806707144
7054048,0.0
7054405,0.0
7062144,1.3472681070745054
7062446,0.0
7062469,37.7004066078734
7062987,0.2076058870344113
7063158,16.22941003927903
7063407,0.0
7065121,7.3388339156370535
7065419,28.174166713573207
7065653,0.0
7065748,0.0
7065858,0.0
7066122,4.880495524657597
7066281,40.27978092957606
7066401,10.177159802639913
7066983,0.0
7067220,0.0
7067267,8.820436204940414
7067406,46.355688658796666
7067504,45.875129494684415
7068150,53.68666598863606
7068659,0.5350044851381597
7069207,32.677433539556034
7069250,18.745519078457498
7069551,6.51185661176013
7069789,0.0
7070028,1.3259481867513259
7070404,28.35068655434688
7070461,4.022189973081481
7070734,12.542505405820314
7070947,9.385565559197921
7071504,9.314172429375098
7071657,0.5459391267718416
7071804,0.0
7071858,0.0
7071867,52.05304450131389
7072614,49.859006143943056
7072679,0.0
7072777,0.0
7072975,0.0
7073291,0.0
7073896,10.592985862110062
7074062,5.393633230908726
7074118,14.06111385307507
7074169,0.0
7074232,0.0
7074366,0.7846242706053275
7074920,5.337515460137077
7075449,0.0
7081004,0.162620700211086
7082752,11.936329845759278
7082816,0.0
7083264,65.35651601593597
7084130,0.0
7084621,7.634895037177792
7085741,6.489020718843598
7085903,34.305253189831824
7086101,0.02267100291637547
7086411,10.558254685864263
7087124,0.0
7087549,0.7661086041297622
7087752,1.7515842231487753
7087777,10.34477503940753
7088033,26.31428267136085
7089310,26.062606255559622
7089639,0.0
7090512,54.16763633669431
7090821,50.591281864303674
7090958,0.0
7091014,10.103233092306077
7091056,73.52716958840784
7091125,70.75827423790108
7091660,36.898465782725445
7092135,5.667529473659535
7092618,15.641582230648439
7092626,24.315796823465515
7093122,0.0
7093646,3.9871306191521754
7093674,45.672019767468186
7093920,66.0226616832623
7093970,0.0
7094807,6.436443356632051
7094866,0.0
7095125,68.24034910858182
7095331,4.183709012270441
7095570,0.4508281924653019
7095708,27.00965530354339
7095888,38.24669787908016
7096111,1.2906778177353928
7099737,14.310499250630222
7101296,38.37319684808468
7101822,0.0
7104378,7.3349004413027785
7105913,2.1807490169350174
7107053,1.2139867856998094
7108462,0.0
7108852,12.496212998267673
7108992,0.0
7110032,35.721885166171624
7110061,3.844461269597879
7110176,0.0
7110657,0.0
7110954,6.5129990465293375
7111050,63.24036993923957
7111775,0.0
7111838,19.31181255292268
7111940,0.0
7112684,15.403068433169587
7113258,0.0
7113826,0.0
7114141,0.0
7114231,0.0
7114665,0.0
7114790,13.71965385018985
7115746,9.240039795621286
7116273,55.50646862609562
7116566,62.38861173211951
7116654,0.0
7116670,0.0
7116786,0.0
7120477,22.949680295397798
7122791,5.48285182334353
7123455,8.02529537101676
7124396,18.79270880659498
7124527,5.255733856184982
7124850,33.946095488082435
7125294,12.547163471583524
7125385,33.930021276394314
7125792,0.0
7126159,58.5063923473031
7126996,0.0
7127458,47.76218220571367
7127844,0.0
7127988,0.0
7130505,80.8183684184683
7130506,7.049910529165125
7130845,8.198165226195606
7131007,11.847227700068345
7132096,82.52276569110518
7132341,32.10736419265017
7132520,0.0
7132891,13.297937323925296
7133005,4.475433587701708
7134127,6.597408602091001
7134362,9.66044839587996
7134550,1.2948167940618234
7134595,14.284652573318873
7135297,5.063029933542904
7140665,54.114798486671965
7141549,8.26901743555289
7142361,0.0
7142734,40.10140014047786
7143142,51.78472614594824
7143146,0.0
7143974,8.631194177602424
7144102,2.235795736180073
7144145,68.25880362822758
7144807,35.64822902741359
7145333,10.2841769542326
7147955,1.5208984110431558
7148121,17.493851053756636
7148487,41.25011149977589
7148567,2.3805074295468316
7148680,3.623376343260709
7148691,0.0
7148721,69.40042570872032
7148730,12.709948181866821
7148789,27.95360498032935
7148791,82.03358228003798
7149042,5.553528877446148
7149408,0.0
7149691,0.0
7149710,0.0
7149836,0.0
7155068,9.537076363968644
7156481,0.0
7156537,49.227138375988325
7158236,0.0
7158408,85.50817731977367
7158916,19.58778400153539
7159258,14.157825623984188
7159259,0.0
7160363,78.13465376202038
7160545,4.128877542253086
7161112,0.9869253245961644
7161416,45.31745178860125
7162419,19.166499580653557
7162435,0.0
7162441,3.717928616025077
7163131,0.0
7163349,8.924016563138643
7163434,3.0936984113005437
7163999,6.1844635702310455
7168652,12.086313181496706
7170149,12.967548213949357
7172107,0.8128423923467096
7173501,5.503371643555724
7173574,0.0
7173841,0.0
7174361,12.443921806166777
7174695,0.0
7178232,2.0665984785375215
7178361,3.085180852382244
7178556,0.0
7178827,23.51207620581733
7178887,0.0
7179078,11.1281690126794
7179131,29.355125768307804
7179291,5.529556681661781
7179339,3.176926618323961
7180015,0.7025054596634206
7180568,1.94960598584559
7181242,58.89314032180341
7181422,0.0968952703842163
7181644,0.0
7182105,23.73137093403851
7182243,16.417332588259036
7182523,0.0
7189370,0.0
7191373,0.0
7191781,5.099163612060259
7192484,3.9716242428534443
7192809,17.906483195122142
7193370,0.0
7194042,11.263422941278538
7194843,3.1317628960276807
7195227,0.0
7195473,23.96685212250626
7195888,0.0
7196194,0.0
7196427,0.0
7197409,54.20104136161734
7197423,8.24775503897925
7197860,0.0
7198644,0.8092759942640484
7198878,0.0
7198959,0.0
7199049,13.080684804708028
7199258,75.75495896120191
7199464,0.0
7201169,0.0
7201615,0.0
7202368,68.79416200324712
7202409,16.086754679336984
7202612,82.97380830225367
7203655,19.992197268763725
7203672,26.697925897286847
7203867,0.0
7203943,0.0
7203949,17.522782111713635
7204171,38.222991753407854
7204409,45.312731525913925
7204443,74.39779254793817
7204547,0.0
7204890,68.05101229842614
7205083,3.515418659832555
7205241,30.505406699890557
7205533,7.834848284709963
7205903,3.4037044353984456
7205945,29.5230849825669
7206140,0.3261255481121239
7206489,80.99367419062057
7206796,68.51887029733439
7207910,45.12747300437161
7214055,0.0
7215518,44.764845170753986
7215836,1.1902070981444979
7216079,28.57116748101344
7216784,48.03555639684918
7217157,0.0
7217957,22.525964600247285
7218076,0.0
7218272,0.0
7218368,11.982281369401925
7219051,46.305154982294056
7220651,31.985372108008185
7221003,0.0
7221712,0.9671641415349157
7223743,2.2607896561488943
7224086,10.373984823922981
7224609,12.321071610576688
7224899,70.34725934567277
7225585,0.0
7225593,23.07124668208993
7225598,0.0
7225732,9.52401235332561
7225919,46.780209697782226
7226069,18.532607028840083
7226543,6.176846517657179
7226624,0.0
7226840,16.37252107044194
7227152,0.0
7227418,22.731390270472744
7227555,1.6440834557180715
7227760,3.5795195105777324
7227988,74.07778077471849
7228397,0.1004517513413532
7228424,0.0
7229757,0.0
7233505,3.9679490702690288
7234538,0.0
7235787,1.7281730439514895
7236337,41.23059620869812
7236487,4.257870920495698
7236638,0.0
7237484,0.0
7237763,17.051037987770883
7237848,10.015779656439825
7238041,27.75098261412827
7238540,13.675635387324583
7238562,0.0
7239039,0.0
7239527,0.0
7240056,10.700814622162603
7240464,1.250084089943293
7240997,7.5924954530396676
7242683,0.7731621478707709
7243067,13.465796439992417
7243708,1.769389551876607
7244171,33.38897695125147
7244699,88.25739691569939
7244823,3.9106739538045545
7245239,32.26655778015113
7245295,65.34197870529219
7245660,0.0
7245793,13.704486066137171
7245876,5.857658654214767
7246159,0.0
7246373,24.164866217057583
7246515,3.021472428206266
7246533,0.6348752143872076
7246609,24.376443604565385
7246783,0.8315082851024655
7246903,30.202674078534933
7247357,73.52608537099078
7248189,7.750056742471607
7252936,0.511641877957068
7253330,83.4537570995194
7254436,21.320866483934125
7254969,0.0
7255372,0.09273827680058133
7255568,7.500006706864262
7255653,58.20512754753707
7256000,11.637470645005784
7256216,62.93829166138675
7256732,20.14514851923712
7256796,0.0
7257163,39.75451959072327
7257303,14.026413030781349
7257465,2.7432201534894958
7257922,0.0
7258087,0.0
7258864,77.92108239333555
7259369,0.0
7259638,7.624490077419502
7259804,9.702811914048059
7261121,0.0
7262042,55.88422941875968
7262304,6.600094399281424
7262312,68.26086371131535
7262410,46.79246323402981
7262451,0.0
7263510,2.7210454407985267
7263899,1.5938221354683364
7264287,0.0
7264379,6.376371436505686
7264496,1.2415603844336545
7264571,3.4665494171439093
7265079,62.841345092037365
7265118,5.430709208230475
7265271,21.0782339325864
7265331,5.2454634336857
7265407,31.90550670982313
7265495,63.977474165311364
7265571,21.59464694711486
7265918,27.28688607183124
7269771,62.6043733607493
7272453,0.0
7273249,4.622568499485126
7273562,0.0
7273752,16.533509163889654
7274100,37.7281115854452
7274216,0.11696708746770668
7274672,0.0
7275169,12.443591307993977
7275569,0.0
7275726,3.826690529112909
7275822,6.294201507941011
7276603,0.0
7276620,27.598861336219827
7276862,0.0
7277102,12.642813507675285
7277143,0.0
7277180,0.0
7277230,55.72736363592363
7277600,0.0
7277878,9.089918589916053
7278293,35.71802840098586
7278383,2.9600128908900913
7278762,69.55688767138425
7279081,92.0
7279392,3.4513770421862446
7279583,36.94070755150439
7279612,0.0
7279657,0.7521421153052543
7280322,0.0
7280643,10.000862061334388
7280861,62.81769373542129
7281309,64.17732688885917
7281340,0.21063982572482942
7285712,10.192531455342767
7286166,10.434965638434129
7286324,60.78466701481131
7287390,11.34978119752148
7288168,30.824114046854156
7288752,2.509941018372402
7288823,7.378549966199181
7289134,0.0
7289414,0.0
7289496,3.3923811434408435
7289727,0.0
7290379,4.968130848685838
7291229,58.188398513915935
7291438,41.10708291808104
7292011,57.247237912133194
7292020,9.069024079048162
7293098,0.0
7293292,0.0
7293915,0.1739302050125886
7294013,5.396126363293938
7294129,45.01068835799205
7294234,11.167999494990255
7295210,40.38295871315726
7301460,6.51167517723119
7302070,7.23335985042149
7303995,12.582734756792412
7304034,34.582071057491746
7304094,40.18758769149966
7304695,17.3072225139097
7305139,0.0
7305967,0.6880155584991385
7306108,89.747058572643
7307027,6.460238579041324
7307682,19.278397420897953
7308118,0.0
7309633,2.1598481862784027
7309708,13.724186101916715
7310097,8.96709066025673
7310140,0.0
7310144,0.0
7310752,8.087699670469412
7310835,6.894644761725022
7310948,42.40610463964047
7311209,0.03847276758602902
7316104,0.0
7317062,57.83867956039068
7317063,13.216497455598379
7318106,9.272605678804332
7318332,17.30304689461756
7319169,7.262033146805141
7319582,0.0
7321054,0.0
7321292,1.6431609267992755
7321314,0.19588562543862054
7321343,41.6730778360132
7321443,1.4142481134329898
7322088,4.494463130266929
7322656,0.0
7324457,46.03807789063828
7324746,53.983368099630745
7324952,4.410896926582389
7325889,43.95356228260051
7326082,9.185742018891858
7326201,20.031769858487856
7327841,7.262143563894021
7328260,12.963300174185687
7328712,0.0
7328754,12.546245740396266
7328775,1.5715237649795952
7328783,91.24422859580082
7328852,17.262941375693266
7328890,9.058670696963844
7329091,60.09920306267298
7329161,1.5666888503422172
7329694,0.0
7329699,5.3612480386010475
7329781,13.14571936914134
7330216,66.99027182964343
7330257,43.90754320959032
7330270,0.7968439740582838
7330879,11.045706835998452
7331083,0.0
7331201,8.186714607869625
7331850,0.4051079902158463
7332130,0.0
7332552,8.194635576378026
7333311,14.946305169581372
7334459,0.0
7336658,37.44350297586513
7339012,8.76856706157239
7339716,14.654820909818831
7339994,5.611233934086606
7340280,6.144865050176072
7340318,8.654710701126838
7340771,3.23599152472557
7341077,0.0
7341406,48.47940182324576
7341424,10.3114754210577
7341500,0.0
7341541,25.73997775679593
7341705,0.8699668741691013
7341912,1.6254560584292364
7341983,56.82459421870277
7343477,12.648480910409056
7343512,10.898547178170688
7344720,65.34886284004708
7344761,0.0
7345333,0.0
7345443,14.153045493755144
7345708,4.018621535665691
7345789,58.717423047806584
7345807,0.0
7345868,67.13906494515908
7346270,9.964780680689195
7346434,0.0
7347106,0.0
7347486,4.117590811105792
7348509,0.0
7348714,20.298685354454342
7348959,65.98123363208863
7349064,0.0
7349372,4.830345756535998
7349421,11.172924154370108
7349556,14.621958898387057
7349633,0.0
7349830,14.075501393278678
7350888,6.123359998781769
7351078,5.101196597632285
7356030,54.47270433741888
7356831,8.529731355648549
7356890,0.0
7358093,0.8488090130204853
7359313,0.0
7360214,0.0
7360402,18.890482248313766
7363109,14.96218986762575
7363175,0.0
7363608,0.0
7363690,12.463105328116917
7364850,28.567588068248995
7365160,7.6442288909071365
7365481,10.034861820832852
7366831,0.0
7366839,7.9976394913775835
7366982,0.0
7367009,0.0
7367029,0.0
7367039,2.4440382746685927
7367913,0.0
7368173,0.0
7368274,4.284968701667211
7368444,2.2258153439999617
7368683,43.04761958883661
7368887,0.0
7369097,42.22074250114841
7369427,31.037526462139013
7369806,0.0
7376652,8.942455776229707
7378058,0.0
7379353,0.0
7380251,0.0
7380485,4.368090083273856
7380663,7.435418523717637
7381236,5.64853501850034
7381816,64.88270542412928
7381893,12.098156867336769
7381928,0.0
7382200,0.0
7382245,0.8158113231560336
7382396,22.47523557654862
7382573,1.7980249225773761
7382982,0.0
7383173,11.293591039647175
7383380,18.15497507650428
7383722,0.4952686809844522
7384002,0.0
7384040,1.1827685065625317
7384393,5.041757351975512
7384633,53.45767404561677
7385589,4.074772490283827
7385688,7.780895211315986
7386119,8.943821958090432
7386158,5.43418925280838
7387040,22.157083731664066
7387093,45.985434531065145
7387604,54.39413686657489
7388240,60.00371155191637
7388254,10.183821570773894
7388452,35.583043521434014
7388612,45.952226329258295
7389044,0.0
7389278,0.0
7389481,51.578863626288246
7389639,2.119545350744076
7389683,13.33974118853201
7391230,33.129270602785894
7393127,42.80757302150961
7394136,0.0
7395202,0.0
7396215,0.0
7396507,2.009584343343967
7396662,29.634665481253187
7396853,6.859384180471139
7397226,1.9102209353302797
7397237,1.6392009324762071
7397649,0.2951781234947717
7397699,6.236161046408917
7398008,9.540079543015402
7399178,0.0
7399717,0.0
7399754,9.599404785756995
7400940,0.0
7401048,3.0261018093940706
7401503,11.871240683815145
7401512,16.944524482351532
7401514,18.712693974072685
7401573,15.632764481733155
7402299,10.329905533434363
7402888,1.503901163305116
7403009,2.9856449496135653
7403108,0.0
7403320,11.516483263711798
7403721,0.0
7403758,0.0
7410392,37.31328236088542
7412399,0.0
7413605,7.832604379847247
7413866,19.74486103607563
7415905,70.69088756987955
7417520,16.36449846515452
7418759,81.01686425037052
7418874,5.350441748614735
7419238,6.10934483833616
7419253,0.0
7419334,1.652576050306429
7420849,0.0
7421191,15.640743127877663
7421751,9.483857891842735
7421930,2.312794456075302
7423596,0.0
7426597,88.09725357393032
7427528,14.345283380470626
7428365,11.328821724264088
7428891,20.849177088600122
7429161,29.95542707369121
7430660,0.0
7430873,39.8141448873275
7430991,55.22630075932432
7431316,0.0
7431452,6.893726475621513
7431609,0.0
7432279,0.0
7434061,0.0
7434316,11.448807246940824
7434350,0.7158825237842237
7434480,0.8485817814029346
7434615,0.0
7435200,4.692268791578407
7435223,63.33891812088552
7435430,24.17991065687386
7435466,0.0
7435577,2.411352551467502
7435882,0.0
7435904,0.0
7436186,16.662709713103546
7438240,0.0
7438896,51.760519325278196
7438925,7.417964800971028
7439092,0.0
7439516,0.0
7439751,9.494902339255916
7440548,3.833426273260578
7449531,4.733248836604993
7450216,60.56169365055678
7451040,71.01804685074225
7451145,11.51650428425318
7451599,0.0
7451805,0.0
7451911,0.797474239656232
7452230,60.97691604731667
7452390,22.559531826590828
7452454,0.0
7452896,2.8305493191816424
7452987,12.783028024362245
7453537,58.27957797379342
7453831,64.96715531286057
7454031,0.0
7454171,0.0
7454326,1.0871440517628699
7454378,23.66979969060707
7454446,11.157915940181155
7454739,0.0
7454853,1.0768196721007044
7455059,3.4458007390402017
7455785,1.1080685141768924
7456166,23.979888787325713
7456692,0.0
7456879,0.9280948790308443
7457099,63.78552698252195
7457101,5.192149096030697
7457698,8.935328679550857
7458382,8.08806646651444
7459320,20.054491677300078
7459809,19.19089328643397
7459879,1.4111459395301225
7459928,60.34965308233341
7460009,5.962924534288213
7460265,8.654545915690171
7460574,2.460951473770727
7460748,10.339846345365743
7460933,50.330311149735316
7461502,3.9036661437897564
7461785,6.07967307296591
7462057,12.641296776390725
7462785,73.55010186870544
7464214,0.0
7468695,0.0
7469908,75.20025311445627
7470123,0.0
7470253,1.1051871936417754
7471116,0.0
7471510,0.603974726916455
7471599,2.7764502853583295
7471917,3.275959414848053
7471933,45.51703486264874
7472384,3.0864066576777347
7472465,0.4726770182088771
7472513,8.191241996279992
7472710,48.31948756962597
7472870,5.971326030680643
7473642,0.0
7473685,0.0
7473909,10.392638334683312
7474172,0.06212630868215285
7474311,7.856892247795315
7474816,48.313265723944546
7475552,27.418688135144045
7475708,0.0
7476506,0.0
7476713,0.0
7478570,10.238663528901874
7478950,0.0
7479939,48.39322834015872
7480189,17.97249680855169
7480229,16.543397794063644
7480309,6.887933629758315
7480729,39.65099363433294
7480853,29.92437996036596
7480890,47.58676017690138
7481844,6.0505936157514455
7482524,13.987851809198492
7482767,0.0
7482792,32.33705430584056
7482821,18.070951771122672
7482867,4.989396896423592
7483113,9.223104123642067
7483186,0.11186834835632453
7483940,17.723429062546977
7484548,17.073493960362022
7490151,58.65764892147629
7490286,12.169779254388146
7491108,20.019105952046733
7491590,3.1028295291292025
7491713,4.721130497091785
7492292,4.718453697050769
7492539,0.0
7493359,48.69695801392471
7494744,89.22728593388229
7495368,9.324172880814551
7495477,23.120521764690803
7495768,1.6259328765587284
7496044,65.41187808789604
7496274,8.20985461217684
7497287,9.07075408291832
7497599,12.97564786445902
7497652,0.0
7498271,46.70128766650186
7499708,53.672329126351585
7499919,2.5355530426382984
7500139,7.090306811941382
7500228,53.254084749773824
7500641,0.0
7500745,0.0
7500903,0.0005124657632435969
7500966,45.03142442761993
7501292,24.238197225312582
7501556,12.717256208833227
7501694,47.9225831914535
7501717,16.210214353603497
7501794,0.34856106644583207
7501806,9.663139363932835
7502141,69.26686015592755
7502146,20.48349630945853
7502549,5.8490669172969305
7503672,9.828075242932186
7508560,63.74776211767851
7508588,22.03391879690237
7509362,0.4706750677713174
7510924,2.625335794714573
7510976,6.283955379254408
7511452,66.0012689988719
7511919,2.7873459056146146
7512056,0.0
7512116,0.0
7512240,29.099178120732752
7512767,11.595934690279421
7512811,0.0
7513650,8.804908630505043
7514135,0.21964951006956568
7514466,7.431692583630337
7514849,4.061161726139133
7514964,0.0
7515499,2.445303777936928
7515787,54.93383642089917
7515971,0.0
7515987,10.909684729891374
7516218,30.21804168312807
7516219,66.96357381085421
7516249,14.97270596030934
7516992,0.0
7517207,9.837076328590506
7517482,3.9033062497702886
7517578,0.5234718616852305
7518146,9.117135595895576
7518301,0.0
7518450,0.0
7518501,10.60511278821069
7518559,0.0
7518967,5.2243961167930735
7519317,0.0
7519448,91.61387342709153
7519959,58.26998082575266
7524934,0.0
7525255,5.486253941425357
7525375,12.894397022375912
7525874,1.45116972388643
7525905,0.0
7526088,0.0
7526377,28.888647919202036
7526900,28.566289928944748
7526944,21.0493905883308
7527469,6.943586019525313
7527607,9.654892731217444
7529231,0.0
7529906,15.765209712507485
7529908,17.252385930121303
7529943,0.0
7530563,1.656755208541064
7531309,0.0
7531604,6.361285997686174
7533321,0.0
7533626,27.591329078490297
7533864,0.0
7534169,0.0
7534463,0.0
7534543,40.95352787310519
7534579,23.068974703280254
7534996,7.123381765535662
7535272,44.237167187935576
7535303,0.0
7535450,56.639932234211024
7535868,19.71729347729925
7535873,15.577520552778147
7540025,4.703700602798783
7540104,77.82427128400775
7540256,3.8622846600025156
7541249,45.371196529321736
7541444,9.380427205013511
7542840,36.56666005615606
7543133,6.6236609021292665
7543232,0.0
7543381,5.610471295858417
7544036,7.063366080399831
7544344,12.742707062292979
7544831,0.0
7545043,0.0
7545351,0.4351516717513775
7545729,2.659686019127811
7545751,0.0
7546039,0.0
7546171,1.3151599766889603
7546944,40.2754169932951
7547454,51.81284872142133
7547481,15.430882895376634
7547536,68.79403237395871
7548106,18.733959882701022
7548503,0.5032977735238688
7548659,4.927539085144481
7549019,10.560914393581477
7550058,5.440078314439305
7554458,5.779281155072454
7554629,8.476340357605359
7554634,62.02360751398096
7554902,54.51026440586198
7555676,14.893279122261141
7556003,2.851511234298364
7556587,0.0
7556715,0.0
7557546,53.36903983651595
7557547,18.219420468916212
7558578,5.248162209448374
7558596,75.20965249512332
7559593,20.369778461953253
7559955,59.4633432614921
7560016,21.300071507441224
7560291,7.526449381966387
7560658,0.0
7561584,44.9553240026773
7561688,4.927347639993862
7562042,55.053934214022725
7562061,1.5190670340457544
7562534,27.405460987037422
7562837,0.0
7563041,9.387273032088466
7563426,0.0
7563717,0.0
7564276,2.989024210926509
7564577,2.4318287071019284
7565120,14.335103456448913
7565221,0.0
7570475,0.0
7572534,16.230088328072647
7572637,10.00244780774689
7573103,1.585524250876965
7573321,0.0
7573681,0.08030280565954939
7573932,0.0
7574438,0.0
7575352,1.6720412761800745
7575668,4.7072632041770035
7575934,0.0
7576350,0.0
7576897,55.309004144179376
7576910,18.155035309296558
7579241,29.40125419848855
7579396,36.682529669926964
7579619,12.050511912205828
7579681,0.3992752110644133
7580481,42.606662319349546
7581316,0.31963128817378816
7581334,3.53270116149141
7581456,0.0
7581679,0.9413626250882672
7581727,0.0
7582163,30.46153084364756
7582168,11.247995357892684
7582705,0.0
7582706,0.0
7583507,0.0
7583981,0.0
7584224,0.0
7584471,3.872031731707324
7584660,49.14856727077646
7587270,6.908441862865061
7588165,2.311063212244541
7590712,69.73661490042537
7591467,9.643723160271726
7591512,2.4200280672721775
7591595,7.11252617452417
7592976,0.0
7593263,75.58956217914562
7593556,27.893685773556314
7594093,7.463188568672404
7594911,58.06747005041098
7596004,45.025589274448336
7596078,0.0
7596341,0.0
7596536,9.932341996084993
7596687,0.0
7596739,4.504426959245386
7596751,50.3737776251745
7596900,58.82608659709549
7597951,0.0
7598279,0.0
7598986,0.0
7599311,0.5697507534367219
7599569,15.592966813436483
7599621,0.0
7599873,3.0220225328967416
7600983,15.957901104235297
7601046,5.3972618784145325
7601559,2.2830917315946806
7601632,0.0
7601723,42.16957548404162
7601924,36.68768597545791
7601979,29.367152686832895
7602261,0.0
7602442,0.0
7602528,0.0
7602563,4.411433219484927
7602785,34.428446972540094
7602826,0.0
7603070,0.0
7603125,9.896402516618558
7603341,17.017585312508224
7603430,0.974100418734622
7603440,8.96551078783046
7603693,11.57209184078571
7604543,15.128430874076265
7606677,5.617329429934422
7607537,15.175004661934423
7608700,61.343397255047606
7609843,50.16921060508942
7609957,0.0
7610704,13.684125962139056
7613124,16.315261729766988
7613146,58.59327210934706
7613150,29.01483604186216
7613846,59.93652068439376
7615088,6.487468493633735
7615496,74.67580873869451
7615503,6.757416143906063
7615626,7.546398575324467
7615693,7.701462471839484
7615935,0.0
7616025,13.706188732938692
7617383,0.0
7617589,22.930835344120112
7617694,24.542482704497726
7617812,0.0
7617911,4.6152105547983595
7618476,4.098171660186118
7618790,18.377565303229446
7618847,0.0
7619668,35.91241708938596
7619996,2.485912664250499
7620029,2.3341378374029134
7620257,26.97522383642942
7620592,7.968996491076453
7620785,21.077176204828994
7621032,0.6659845051868487
7621131,59.46422977418835
7621381,9.166683363268206
7621415,0.0
7621629,0.0
7621748,36.82299740086024
7621847,69.59200437066727
7622042,0.0
7622051,73.97160462689665
7622697,2.0531750335980163
7625298,21.183157256923664
7628442,0.0
7628791,54.180273245924276
7629108,8.65731509373435
7629339,8.468639635290636
7629563,3.2660516871413634
7629815,5.521227398958459
7629972,8.213474400347032
7630082,74.43766187291584
7630302,55.24739933480103
7630502,0.0
7631203,60.81048482450143
7631233,0.0
7632731,0.0
7633057,27.70011232759967
7633239,5.300321429655135
7633247,34.93806339212047
7633609,7.256593577236352
7634327,20.386918834316113
7634805,0.0
7635764,85.47855341069862
7636280,15.269763186580214
7636284,0.8536966769544563
7636455,11.729517081820688
7636890,30.244955628439275
7636954,0.0
7637001,4.601279025722327
7637047,0.0
7637112,0.0
7637197,4.415735783643392
7637472,0.623898133913471
7637896,17.57634682133841
7638216,62.58196512939275
7638848,46.12410424849382
7643399,14.337428037005061
7643428,21.83404032492861
7644203,14.285779529135397
7644505,0.0
7644813,2.563718472910182
7644838,10.235451601056333
7645359,8.800262664102753
7646522,21.834316331827402
7646602,54.44891886204125
7646751,56.61522386497414
7646825,10.238604819881683
7647268,19.62513741236743
7647719,1.9845541746960365
7648634,15.67668017356931
7649526,19.213795345713955
7649846,86.40194962287367
7649902,56.69342198532919
7650597,33.251981085135334
7651280,0.0
7651474,90.02702111501068
7651698,25.165067530600894
7651715,0.0
7651885,48.4304299569954
7652100,0.0
7652181,11.725439272205328
7652345,0.0
7652500,11.436133419138976
7652508,0.0
7654931,80.8575687239549
7655858,0.0
7656412,13.228867265379154
7656808,0.0
7658409,29.131002898743688
7659042,0.30467428879241965
7660099,76.458873720461
7660226,12.814694713500025
7660468,21.227154958964604
7661395,0.0
7661915,54.65254453891637
7662069,0.0
7662742,32.11200848646014
7662874,35.81684343225743
7662981,9.785552164311401
7663500,0.1497401123219575
7663617,0.0
7663756,47.464023029353164
7664066,34.36148380646043
7664144,64.46486389378137
7664262,2.2753659699226603
7664465,16.57810705206834
7664855,50.277060994611006
7664863,23.133286674437706
7664959,10.493834441322399
7664965,5.378073753465763
7664991,49.47793471620613
7665230,0.29179597571900473
7666157,0.0
7667953,1.199424281839235
7669241,60.163199704638316
7670668,0.602922931324521
7671984,24.08641919869001
7672306,65.6982720115902
7672361,21.984991704387276
7672571,2.274407645086548
7672817,73.21671550961074
7673779,0.7059181825177525
7674659,32.42439525591356
7674796,0.0
7675647,12.730271429118652
7675781,92.0
7675962,23.053967579629543
7676145,71.53057237311594
7676301,1.7522683113346815
7676306,32.08722018883317
7676721,30.240040364541386
7677505,9.748005007620336
7677597,25.799083410788207
7678084,18.320323345667475
7678187,1.4590825777954635
7678351,10.927967509378597
7678386,1.631272032871614
7678450,13.008394903777287
7678730,0.0
7678743,45.07679625639969
7679047,20.110912332742878
7679086,0.0
7679094,3.2495732025074773
7679120,33.26292911178132
7679142,2.137394203702847
7679541,17.199830269148343
7679714,40.7228256592854
7679818,0.0
7679943,2.433943952703231
7680278,15.685906646982101
7680709,92.0
7680940,34.922204405191415
7681478,10.464528375468625
7682344,3.8893526146110275
7682866,3.665809992884874
7686178,8.989818719785859
7688130,78.38997777170763
7689495,10.639968181643262
7689651,4.611292851427386
7690729,26.935202866848726
7691006,1.8560223262776745
7691059,2.4692986326143327
7691790,60.010989370327394
7691908,1.07250815248171
7692326,14.461171487037866
7692701,0.40627904152717775
7692866,0.0
7693037,0.0
7693040,0.9100599500813402
7693124,6.6060816473595665
7693320,0.0
7694064,31.22292787650002
7694654,47.01054029958518
7694852,0.0
7695043,56.78447155748398
7695220,9.409959477260948
7695909,0.0
7696314,2.357180368093559
7696645,56.55003967420273
7696843,0.0
7697025,0.0
7697055,0.91678920572717
7697082,0.0
7697100,31.39138290686674
7697425,0.0
7697603,9.339294713782913
7697792,0.0
7697857,0.0
7698190,43.8661801874952
7698521,29.496685730767062
7698530,0.0
7698642,13.021564033371838
7698722,55.35207024517073
7698923,28.227578917515444
7699037,10.133892779609873
7699156,0.0
7699220,1.7208055621287244
7699335,6.5160200175991605
7699366,0.0
7699407,0.0
7699703,0.0
7699962,23.224056000965213
7700054,53.59470497338476
7700741,6.466342669174203
7701295,15.294534330274764
7704198,0.0
7706406,1.4565897486870298
7706455,14.537677336262831
7706471,0.0
7706593,19.19921872575819
7707191,0.5195835935947812
7707274,11.258820165356177
7707725,11.656924127803897
7707789,80.8678525280132
7708148,10.855631215832993
7708671,7.846009085086287
7708860,71.25002037706071
7708861,79.70023052687611
7708956,75.7043326899049
7709304,6.381385359727709
7710159,2.9170554674151106
7710442,0.0
7711407,25.545945090603915
7711451,0.0
7711804,42.385113682685954
7712639,10.309193076417735
7712849,0.0
7713421,16.092157373171666
7713437,10.884376494961225
7713509,0.0
7714152,75.40630657265973
7715192,6.766936912559068
7715342,17.628390651042295
7715624,5.209145559353715
7716148,11.96071927311781
7716489,0.0
7716776,0.0
7716812,77.8110142745336
7717071,5.0444600113620055
7717284,4.759782693358389
7717594,2.7505390258768685
7718042,0.13832281628777565
7718894,0.0
7718995,92.0
7722946,1.561514068350526
7723494,17.55996942431519
7724031,1.277607571376997
7724752,4.59805445468934
7725030,0.6754525381245173
7725075,0.0
7725197,6.172874723374726
7725496,56.63276977818673
7725573,0.0
7725825,30.191000473921818
7726274,27.220316773147204
7726982,21.011972186543396
7727061,79.44695365344307
7727796,0.0
7728018,9.805916493966663
7728262,0.0
7728265,4.184585166072303
7728510,43.78734286556999
7728674,35.86364682041463
7728831,47.66220155215677
7729043,30.164138610094227
7729215,15.34207940505538
7730160,5.737721312126887
7730527,0.0
7730852,57.70683982769021
7731013,25.4100375080151
7731385,12.546361691366862
7731765,10.700141730940977
7732060,11.413446583675544
7733241,8.47626590939305
7733651,20.184818958738784
7733862,18.12346448330741
7733896,38.87379593400134
7734034,8.048655662065734
7734116,64.76573341571975
7734164,6.524149978798878
7734173,28.42519437820458
7734176,9.537036201768458
7734226,11.64628844956372
7734240,13.995595304137858
7734355,18.439088999878926
7734819,45.16739465190884
7734957,71.5896983423253
7734995,46.75339651651981
7735348,49.182334326379795
7736787,0.0
7741297,73.2143339288383
7742054,0.0
7742753,41.95720529156322
7743042,0.0
7743202,5.574044475551766
7743233,0.0
7743323,30.649927095488202
7743340,8.537106715900357
7743601,13.921533416401054
7743778,50.58886865090873
7744236,3.35990354838831
7744591,22.2940810682351
7744907,0.0
7745417,14.13475823569943
7746019,7.206838771991265
7746286,35.0611261968278
7746303,6.638476573918851
7746903,0.0
7747016,13.413161184313935
7747017,2.0315690274711287
7747237,10.795441052551396
7748035,64.78503607788494
7748044,2.00654456777837
7748135,8.296979696473045
7748170,32.22695231915803
7748678,13.021600543749805
7748836,15.838335900385495
7749069,16.187476863377448
7749367,1.870785242045649
7750044,32.03808324189955
7750282,0.0
7750695,52.72519728187316
7750936,8.490421644607657
7754697,58.98076290416701
7754916,2.2619078373163077
7754994,0.0
7756015,3.8917226272765504
7756302,0.0
7756711,2.2673148303517223
7756817,1.6424723997671613
7757619,8.616180298363751
7757818,27.618122074766937
7758257,18.535721303846678
7758673,0.557284724697027
7759275,0.0
7759511,10.475936715011656
7759637,45.81794245600004
7759823,8.106648914455775
7759906,0.0
7760158,21.112748622864665
7760204,7.264952640625069
7760566,9.745619930307683
7761083,24.103451818890818
7761161,34.10647715010064
7761191,2.9869447638403486
7762173,60.76682520342327
7762201,0.5484836854713606
7762343,4.670665703050595
7762394,0.0
7762437,60.16085085867281
7762574,0.0
7762866,28.688998404978626
7762930,5.842280742112877
7763728,17.710074716217946
7763869,65.36047649522061
7763918,0.0
7764285,14.719720979218692
7764314,16.239079985265484
7768278,11.017865160045268
7768655,0.0
7768661,15.169184642119454
7768999,44.45307511801379
7769660,0.39964943261771424
7770529,0.0
7770747,0.030770856645446543
7771170,4.519069703458847
7771351,76.16472121318225
7771362,17.397140738010826
7771661,5.115837168296693
7772281,32.366120715084804
7772377,0.0
7772462,2.8269030679484644
7772479,16.268164728014703
7772724,0.0
7773365,0.0
7773386,26.770832598984228
7773645,0.23900646739919296
7773669,48.829192289802826
7773967,15.997340549410815
7774373,64.12581833105219
7774422,7.13674594784289
7774655,62.88479231542716
7774722,35.555079363741044
7775427,0.0
7775431,8.106642699254383
7775455,0.0
7775627,21.186005067454147
7775711,0.0
7775924,0.5386598629633212
7776105,76.20147990134677
7779419,10.826030604927617
7780850,10.061099858057673
7781123,0.28242398238453603
7781490,26.151741530710098
7781847,63.20666554112326
7782176,13.442422337893895
7782340,32.08937852002899
7784894,4.006304325331165
7785052,4.163221233156811
7785451,18.576976537517844
7785582,7.967400061198028
7785655,76.44250621484626
7785745,0.0
7786504,7.826964232400918
7786536,5.817012114856915
7786683,0.0
7787223,0.0
7787799,3.1192761421168314
7787962,81.68783625440965
7787983,62.810691687233735
7788438,3.8415144540468873
7788504,19.043783784431675
7788688,7.629066195559467
7789346,3.5256102114196253
7789408,5.642957526175266
7789685,45.58307680577317
7789692,9.12878376387286
7789848,5.61349436774708
7789850,29.933321017545136
7790161,9.63740454726905
7790581,15.320854778187389
7790627,47.173737367176244
7790850,14.054470092624626
7797213,25.09385075534164
7797490,0.0
7797733,3.5636272645058753
7798327,0.0
7798559,38.209083130174086
7798633,11.856727370990363
7798694,0.0
7799096,6.920993425149888
7799357,8.731933831865298
7799410,24.77288246557041
7799577,8.847791243836006
7799787,0.706907563476058
7799893,4.931456286710592
7800824,0.2546299452480554
7801023,3.216616148356799
7801483,6.09325787392013
7803063,17.00174766149481
7803319,0.0
7803399,0.0
7803475,49.59047205961126
7803545,5.8376506546988125
7803683,5.950813155616679
7803828,17.667140851898303
7804414,23.75096691910224
7804434,0.0
7805051,36.9502475704828
7805159,0.0
7805295,40.66200394183362
7806103,5.121960431284187
7806246,39.882564218321114
7806322,70.92265308032643
7806890,10.838798897429399
7807175,5.273969141292483
7807454,0.0
7807792,4.848513681504322
7808057,0.0
7808182,55.3915111036177
7808346,8.761275389875813
7808374,0.0
7808452,42.88978482869524
7808484,5.516917325725423
7808799,5.918080061310171
7809295,0.6379215100873736
7809328,53.18037197318089
7809408,43.75930871871613
7809481,4.5606336584082285
7809535,45.957600301698406
7809629,10.420893556654057
7809746,2.609239009427725
7809878,8.931071302009201
7810109,0.0
7810500,0.0
7811933,62.271839327112545
7812655,10.663457932992223
7814575,9.613302604418882
7815865,2.0541868625123882
7816930,4.49320887084825
7817350,0.2515950892453489
7818601,0.0
7818734,0.0
7819272,14.587338507112449
7819465,0.0
7819706,2.166937522379307
7819909,30.733860039858705
7820556,1.1795790752190527
7820664,9.895382076106877
7820861,51.90163565602053
7820916,8.068585701882775
7820969,7.867006697426554
7823396,0.3077201076921554
7823474,12.583303616806766
7823495,25.3635228400458
7824374,43.75926957877886
7825487,0.0
7825593,10.852742535034132
7825663,17.824995360149607
7825743,2.739696334338241
7826016,34.063143755206625
7826413,15.093318423894374
7826478,18.822765060600965
7826517,45.04082772819783
7826573,1.1665924147945006
7826846,0.0
7827525,23.333067685249908
7827531,27.591787613371608
7827616,8.40431384071416
7827817,72.41496779107129
7828204,5.989852291878272
7828740,28.353124307189695
7831556,5.31733159389254
7832138,54.854463940903024
7832737,20.799835232340598
7834112,0.0
7834712,0.0
7834769,7.435924826055391
7835198,0.0
7835733,30.210320221030862
7835778,0.002125612031100843
7836258,11.21348706889507
7836589,0.0
7837347,0.990200846172165
7837575,23.160423042444982
7837583,0.0
7837632,12.517788905254484
7837670,0.0
7837685,11.455722251575331
7837852,5.896981171267257
7837859,0.9881450958026647
7837963,13.849277410274148
7838393,25.46195481765872
7839087,40.74369400699679
7839545,47.30151678253319
7839930,71.33730980750254
7839972,1.694539371373729
7840544,3.29603111702032
7840798,7.587836779012619
7841038,15.550094370745803
7841410,0.36011553019705644
7841464,0.0
7841521,39.69486250366556
7841576,2.431664794766874
7841904,6.028199606624241
7842276,19.42065069098404
7842597,9.698954972116475
7842650,8.012346028327052
7842939,42.24879022905099
7843582,18.32062816733262
7843604,79.54639638889043
7843781,45.61710668401506
7843902,18.995566779549655
7844206,0.46315167757327913
7844263,3.5217074036003524
7844947,2.609601430760044
7846162,34.28426485994451
7849404,0.40993836617019497
7849755,14.3191134883179
7850400,30.559529330354003
7851371,0.0
7851753,0.0
7852297,0.0
7852370,16.938567934357984
7853110,0.0
7853584,1.9063213986956669
7853587,29.146659905664308
7854287,15.495964148697318
7854307,68.34087965813559
7854426,6.104687774142725
7854730,58.96867639524904
7854999,21.763682496175285
7855021,15.009042129080818
7855244,0.0
7855499,0.0
7856015,18.205981706833086
7856187,0.0
7856476,20.952598843470973
7856830,1.1113117733546929
7857050,4.731095985039246
7857465,6.812337540462501
7857504,28.194410068207116
7857685,8.550001861648688
7857897,7.403751588256021
7858338,54.51782256101853
7858468,92.0
7858629,10.876099019925789
7858644,0.5821444690608004
7858673,67.62849128025164
7858709,4.055661067129442
7858731,0.0
7858791,0.0
7858824,20.95571406566554
7859293,9.332274171343911
7859840,6.808086806673344
7859932,4.31636983019925
7859978,7.278287228378208
7862762,33.12465507267698
7865678,18.017580166847402
7866845,5.149724193809874
7867205,10.179575548211062
7867264,0.0
7867321,2.8185499697571927
7867388,0.0
7867494,29.67184617098144
7867623,0.0
7867800,10.733063115222988
7868427,19.628367521042527
7868971,0.0
7869449,0.0
7870403,47.492515023184396
7870442,2.355834275109814
7871441,9.000693670812261
7871699,2.5671856175089545
7871818,64.42365571881163
7872172,7.1575946874491265
7872617,7.423321174712314
7872983,9.44571386373331
7873215,0.0
7873433,0.0
7873524,0.0
7873543,9.401850053119176
7873940,4.353318494747725
7874697,23.96136568388608
7874958,1.3297594859905573
7875071,8.349365170136537
7876954,36.78077279661115
7877599,16.861231866769465
7878795,53.84885462836489
7879486,58.97671508663455
7880066,52.32510845433145
7880799,66.1184342257902
7881023,2.6960446474596864
7881195,0.0
7881469,6.155893388458757
7881522,0.0
7881928,6.926584543364804
7881985,0.0
7882127,0.0
7882517,0.0
7883220,0.8011239931400951
7883623,70.86859105445802
7883692,0.0
7883798,0.0
7884708,34.51510099180701
7885309,34.32194852065882
7885338,65.93111038899367
7885810,50.50621700903525
7886069,0.0
7886635,58.79085758989072
7886670,5.7802999139044715
7886869,28.120002406184184
7887206,21.329347843722523
7892279,58.495309474292476
7893768,82.19279029979774
7894007,59.16197381037289
7894907,61.90867251586867
7894983,10.16646273770506
7895157,0.0
7895935,0.0
7896396,27.31401307770588
7896536,44.099561121998
7897114,8.558425488811203
7897229,12.868486091757532
7897307,51.5060277951429
7897312,62.933773839091295
7898106,24.090072874671286
7898302,0.0
7899605,14.823110188433091
7899881,0.0
7900119,0.0
7900129,26.698069835239984
7900437,3.3979089774368916
7900478,6.418274897275296
7900575,9.63725354467676
7900722,6.89842206867209
7900908,56.67696164460608
7901592,29.75900795100349
7901635,65.24549871326157
7901720,3.360676693443345
7901766,0.6744404595454299
7901928,0.0
7902074,0.0
7902129,44.923595948531776
7902291,0.0
7902409,30.985137076414553
7902445,63.498968624258495
7902617,9.828025276531918
7903060,5.344992020235161
7903374,33.329892867909045
7903627,56.39501574206275
7903721,2.587271407135937
7908712,0.0
7910635,36.67797071228742
7910702,0.0
7911249,23.421374551348713
7911571,18.65357246441173
7912217,4.49603059606536
7912652,17.817393138610228
7913704,18.335253486800724
7914369,60.28514283366429
7914519,10.480912694848435
7915083,9.83542780709383
7915327,9.033280573625127
7915525,16.446571234156657
7915596,79.7770322640365
7915844,4.394055433768152
7915894,1.9635240095732769
7916103,13.88675915661166
7916684,0.6672517193495082
7917604,9.35158160003737
7917755,0.0
7917925,46.99805576063811
7918597,0.0
7918660,55.85098368567707
7919214,67.452688125078
7919303,1.7625270829248691
7919372,9.261073621838719
7919636,1.247842799232295
7919761,32.35836531928234
7919803,19.350684175588697
7920394,52.34262539087215
7920508,5.8005951947954095
7920963,60.15685503109826
7920993,13.273335815725552
7921643,0.0
7921666,55.91814556462231
7927838,47.28072433899679
7928493,0.0
7928712,3.731529989837263
7928756,0.5125005602014525
7928917,0.0
7928979,0.4382778065735806
7929441,88.18914541437715
7929718,16.973805144874724
7930492,4.543410829921076
7930857,0.0
7931003,2.2515667491019613
7931180,0.0
7932428,0.3186466808016277
7932907,3.449181849502068
7933140,31.56389436342827
7933775,27.282695786010265
7933777,0.0
7933896,0.7605929452635749
7933959,36.92347901738738
7934557,6.90563274833692
7934867,28.101539878699548
7935386,55.03747466982179
7935508,0.7443174727873441
7935915,20.71822649510817
7935958,17.10390695677414
7936161,11.437864017307025
7936965,0.0
7936980,24.24701694753191
7937553,12.932707990219669
7938095,11.559797248253222
7938375,0.0
7938434,6.279330766135054
7938565,0.07518827086202862
7938719,14.021198287106653
7938793,19.210299205682354
7939074,1.2324546785892423
7939346,1.6461352857761113
7939575,5.569186443342289
7939785,4.389363409684599
7939788,8.003386139938108
7945940,39.15041190253639
7946605,0.0
7946876,2.474264577241044
7948163,27.630184485508074
7948395,7.608080123543566
7948463,0.05742997180495735
7948903,0.0
7949119,42.26249068724796
7949419,18.131307921633002
7949480,30.843013184994234
7949799,10.684119390916393
7949889,49.28712796518498
7950817,33.44693018171961
7951971,0.0
7952315,18.58210035016507
7952963,43.04001494507303
7953220,0.0
7953571,0.0
7953690,0.0
7954453,2.0382840253510786
7954838,20.823689285137018
7954940,0.0
7955150,1.5597009743063524
7955181,1.1134696992195643
7955427,10.041492308666335
7955906,0.0
7955965,0.0
7956241,2.3340258955698907
7956290,0.0
7956643,10.2874920213467
7956955,59.07275906238592
7956997,15.510406323340199
7957182,0.0
7957339,5.40632434158973
7958154,0.0
7958390,25.352985359567114
7962950,55.539646735253164
7963278,52.75385228563854
7963444,0.0
7963518,22.287262047607406
7964792,19.522565301219508
7964931,42.553448471348815
7965146,2.383003882426138
7965264,10.662916548753607
7965953,12.836104289089903
7966943,21.441177924409146
7967112,0.0
7967489,0.3085935380263507
7967875,1.639968596690487
7967942,12.843198731685085
7968138,0.0
7968283,0.5029340862929459
7968404,7.711088428854559
7968783,31.33445380171921
7968983,24.560883031570874
7969111,87.33257813980242
7969270,0.0
7970450,0.0
7970479,55.72855779956102
7970533,33.531013356754805
7970578,13.554817287448067
7970631,0.0
7970699,0.0
7970842,36.94147685956928
7971035,11.374593501546123
7971379,0.0
7971602,43.67851074331954
7972046,55.26078523432265
7972259,3.127124921757563
7972332,6.918057026427633
7972388,0.0
7972462,6.700182748725702
7973384,7.742668848075038
7973491,19.42336015288442
7973550,3.500489661887606
7973730,0.242216260392631
7973928,49.809563229831994
7973933,2.106656127518022
7974899,7.287414187364888
7979433,0.0
7980488,56.38124804665711
7981341,0.0
7982126,0.0
7982976,10.940136805918087
7983099,4.638875405332762
7983495,31.124446160222995
7983565,73.78595092467592
7984128,33.579047238829986
7984245,15.802241026920532
7984388,0.0
7984555,4.392683852279188
7984904,0.0
7986033,6.227596776311678
7986074,0.14457762245315564
7986862,20.134793926049788
7987167,28.871959005522484
7987209,52.8191525364282
7987288,1.7521361281660646
7987306,0.0
7987971,76.4138216374808
7988012,33.48440300003026
7988084,7.534654849830154
7988156,86.8260718579009
7988259,7.070210816974232
7988381,29.921388686434163
7988477,14.531017934106416
7988867,9.074634006516575
7989884,46.27626181734631
7994086,38.74048340515854
7995293,0.0
7996391,0.3060134449371077
7996748,21.380958853872002
7996995,2.570325529207601
7997358,8.469677638291095
7997723,57.376441031384395
7998020,0.0
7998338,0.0
7998377,0.43173754385497887
7998385,11.128551678033105
7998624,15.839825798457959
7998921,0.3513648029123928
7999190,0.0
7999290,28.235889570733903
7999574,26.40537315758288
8000657,20.29678086324676
8000716,33.11564733086606
8000972,16.917168141235038
8001051,61.36666779817569
8001287,17.592726252555316
8001339,36.372433942713805
8001390,2.197531947567988
8002080,47.865333957423076
8003337,7.232570207771538
8005645,26.953143004331245
8006746,0.0
8007908,31.798223021915824
8008601,4.48297270621152
8009058,3.256009526868631
8009332,46.52901990991893
8009566,0.0
8009605,10.386601291166507
8010585,29.68033132675084
8011048,76.30324710412452
8011289,4.965490423066697
8011605,16.53350820170131
8011722,0.0
8012041,3.3640608748259737
8012334,2.7309046176097027
8012793,5.111107367259159
8013017,16.271569959397546
8013609,31.445139958350744
8013731,21.98242839311525
8013762,0.0
8013780,1.5658875499457494
8013947,12.741218945711125
8013954,7.650786428564338
8014173,7.2067970747716785
8014312,6.2257667514757955
8014315,0.0
8014654,0.0
8014737,0.0
8014811,2.8383149923635074
8015001,9.210066407857127
8015256,6.8775449329482115
8015894,25.161456780413022
8015895,0.0
8015959,11.349693557143844
8016148,0.0
8016260,39.259563529014976
8016420,75.38372316790733
8016435,5.820113321603927
8016681,0.0
8016725,7.602572512731946
8016728,25.208474749763333
8016763,0.0
8016769,3.4748209038559494
8016946,35.97955899073199
8017041,17.254435067999943
8017078,6.914290708468066
8017399,10.652404914814703
8017587,0.0
8018074,2.5473084763993725
8021647,54.85339729574629
8021726,45.01606064708718
8021914,74.73154806738991
8022623,26.776988959059175
8024051,19.010299431381107
8024687,7.56031896202613
8024915,44.05615221059508
8025808,23.61768551467042
8026859,0.0
8027690,6.198912278852301
8028382,3.4313023467018766
8029217,0.0
8029331,4.204169376272496
8029379,53.61366451596364
8029461,7.657837340699906
8029907,17.37618929774611
8030123,0.0
8030872,2.514283552952943
8030918,0.0
8031617,13.05915984659223
8031703,37.6900006966734
8031823,59.70689351147708
8032151,0.0
8032173,5.5306057301707625
8032689,0.0
8033015,37.758016103399406
8033041,39.86498161912038
8033303,33.91982143462718
8033487,9.1380368734022
8033491,8.593849154286609
8033609,77.56760608163182
8033860,0.0
8034433,0.0
8034444,27.429824913872437
8034599,0.6159169282422354
8034664,0.2199423184810243
8035046,62.19649198959666
8035143,39.38785058573751
8035370,9.874489200198298
8035373,28.10618507503126
8035441,55.77760069967522
8035557,36.02029218584344
8035731,8.324838253976239
8035733,13.358889979144756
8036193,25.71075948629568
8036326,3.608519580093329
8036500,82.08588476155147
8036524,0.0
8037006,1.4269167287905589
8037537,12.015221563260702
8040050,55.11807565440735
8041585,5.0598284706521
8042732,5.487138374008531
8043896,15.798901753206053
8044115,21.955248024305213
8044434,4.7597897543246575
8044779,5.201111119504326
8044795,6.653421471949542
8044856,49.97434070192905
8045117,5.2976549476133314
8045996,4.415236017389844
8046173,0.0
8047048,0.0
8047775,9.707578357907568
8047942,5.827007229322167
8048022,0.0
8048480,0.0
8049303,2.915508312860972
8049708,43.01977532169792
8049964,48.472577610794325
8049994,0.0
8050265,2.1492399946593324
8050544,3.4549158655835086
8050747,0.0
8051076,39.825516160579134
8051094,49.60425586998555
8052243,0.24445543372149814
8052398,0.0
8052679,59.45393494308959
8052841,41.58858533605386
8052900,0.0
8053474,0.0
8053664,1.2898179750719478
8053697,0.0
8054051,6.061418289579912
8054295,48.80264862087582
8054396,71.44758958265979
8054493,9.232536792556957
8054676,16.540993599861118
8055508,79.6385195187311
8055859,29.39382303042421
8058693,42.112409242327935
8062149,7.428127984706457
8062793,0.0
8062956,0.0
8063109,72.87644661426805
8063277,16.10294383635796
8063845,46.613499071121815
8065068,6.143948585629623
8065272,0.0
8065751,0.5258453221120547
8065861,1.364796077591663
8066253,42.05115978546742
8066924,41.44104740506628
8066925,9.097412627333291
8067449,0.0
8067466,35.56891361056605
8068089,10.031518560123978
8068304,0.0
8068363,28.396493850541617
8068609,33.72179016237647
8069765,0.0
8069858,55.03127753068964
8069938,32.140932142191126
8070145,9.652494895810669
8070334,0.0
8071250,0.0
8071607,0.0
8071961,0.0
8072069,8.403788773610259
8072579,0.0
8072744,0.28096607827131237
8072802,86.4450635875917
8077721,13.51128220669439
8079894,70.00245797296121
8079900,2.6270680926980745
8080954,31.346733463686625
8081177,10.61797176026604
8082331,1.504690710235458
8082554,0.0
8082651,14.216144363471589
8083931,0.0
8084527,25.649945980354204
8084550,1.7249468504800873
8084731,8.198036999416331
8084878,0.0
8085542,3.9582151385020836
8085549,28.16238585954654
8085692,1.5047130236334212
8085930,0.0
8086465,6.234172422974908
8087274,8.711157307821395
8087330,29.719962080392968
8087780,15.577948868592365
8088779,41.54339645369488
8089062,41.76412844567418
8089722,0.0
8089927,4.131157461666344
8090023,0.45741509786144974
8090426,77.94847910198237
8090529,0.0
8090698,13.482208789747204
8091080,1.1587988660077926
8091243,18.467969820064198
8091463,41.454278050401356
8092877,19.389324745653937
8097123,26.53141803678037
8098481,16.707451495624547
8098736,48.41006731959154
8098828,0.0
8099205,3.194730761461173
8099249,5.7972453386827105
8099478,11.37351139110897
8100787,0.0
8101258,14.253472673183346
8101374,0.0
8101581,27.365588700087816
8101762,0.0
8101848,0.0
8102012,33.79568599184311
8102057,9.135466571025496
8102637,0.0
8103140,8.914398230787292
8103342,67.68464763418912
8104879,0.0
8105749,2.192750400819868
8105752,25.655684729984742
8106228,6.313980434484954
8106428,13.720463116919909
8106445,15.39158470332439
8106449,0.0
8106619,38.250628164778746
8106774,42.36670107969869
8106830,8.756949026831627
8106902,0.0
8107212,12.75870351736885
8109092,2.033112512261134
8111686,13.11154043696672
8112228,25.64583013088612
8112556,8.435824227827332
8113145,3.462451918864673
8113407,0.0
8115116,50.78050738360889
8115321,55.946056588258806
8116276,4.668525976623243
8117019,8.270950594049467
8117161,5.915888974751525
8117163,48.88409225016706
8117213,30.88309422142371
8117310,0.0
8117482,0.0
8117731,11.223354144554293
8118605,7.619453340563517
8119610,36.2008085155762
8121643,74.1349578622418
8125640,9.729747870824369
8126091,2.9418161414377764
8126104,26.283885446195903
8126777,16.702234818610073
8126980,4.496093813928837
8127123,6.074959801708964
8127186,0.0
8127517,1.363295776439493
8127628,0.0
8128539,1.0736315087376482
8129018,11.335488224293677
8129389,0.0
8129669,0.837459530055547
8130153,14.718284895603638
8130277,13.836168078501759
8130291,0.0
8130551,0.0
8131356,8.843146752281989
8131765,0.0
8131995,32.44027246286365
8132046,14.11158303081799
8132122,0.0
8132430,0.0
8132629,73.87851789295505
8132699,0.0
8132897,3.929351786012603
8133275,61.7977171530059
8133345,18.797336777042226
8133932,3.2934626939660134
8135403,53.03768856123558
8135887,0.8211766931633591
8141318,9.736057564864772
8141967,0.0
8143119,0.0
8143588,0.0
8143851,0.0
8144339,10.93650244065416
8144631,0.0
8144709,40.968841952814785
8144798,0.0
8145150,15.486102661637055
8145645,3.5378077335198412
8145653,2.4607911389513504
8145675,0.0
8146444,17.12441516473576
8146518,26.17277188771218
8147083,23.19375192973949
8147106,47.446542615883935
8147212,9.530716586448015
8147633,0.0
8147928,26.76671541241173
8148182,11.274486698143797
8148668,0.0
8149309,24.910179478550702
8149789,5.91528347254107
8149849,23.83889214626928
8151268,21.478199407493065
8151645,19.09184200311215
8151925,80.45664501641158
8152470,10.86823010839543
8152513,0.20900352509635312
8152565,1.084623419523421
8152675,53.35118431387022
8152697,0.0
8153005,0.0
8153044,13.214599441025875
8153128,25.93065331387036
8153235,15.237896918106728
8153240,0.0
8153639,0.0
8154203,0.0
8159329,0.3188010167500437
8160542,0.0
8162214,16.413464286485684
8162587,7.901204462568906
8162607,85.26613143921884
8162622,0.0
8163275,33.329804600223575
8163625,12.249370268389782
8165315,25.83844208516279
8165707,5.2844616552524215
8166218,8.72813778006222
8166617,10.328253394625818
8166737,17.169693044954265
8166752,5.677965740843085
8167057,25.108451576914085
8167145,0.0
8167783,0.0
8168670,14.392990072439979
8169030,0.0
8169615,60.37866093964306
8169667,50.92424478487572
8170005,37.34867718314
8170917,4.362206129918285
8171241,15.600103123339117
8171295,2.634749854546918
8171299,0.0
8171873,0.0
8172062,31.001108670796114
8172572,0.0
8172653,0.04499408409276384
8172864,0.7193232115212211
8173170,0.9475468541600804
8173232,0.0
8174249,9.091120905248431
8174397,0.0
8174840,25.207784266260706
8181170,0.0
8181864,6.635902861499581
8182759,30.757721379617315
8182829,9.437441222848442
8183217,14.874798353779475
8184624,0.0
8184754,0.0
8185374,25.690038225509323
8185497,2.713407600150667
8185787,74.98132874008837
8186234,10.196592990414338
8186924,6.392995212528909
8186991,0.0
8187334,0.0
8187634,0.0
8188176,0.0
8188644,45.641895425036445
8189390,2.0795263253896366
8190035,6.0843146680808005
8190071,10.33652668856815
8190147,7.421631185006525
8190190,61.79708728513309
8190747,0.0
8190848,0.0
8191540,24.12517506272214
8191699,23.61832470875325
8192079,0.0
8192443,68.19976945453391
8192532,3.4537208293489883
8192768,43.45179827431309
8192808,0.0
8192936,5.376850739628722
8193000,32.91099757843481
8193127,0.0
8193135,29.453153210043737
8193595,1.0614051652728307
8193625,35.50825073680211
8193768,18.917114978002033
8194194,0.0
8194225,20.11068425395427
8194283,13.585856511898903
8194369,10.909469264376618
8194401,26.640349840354567
8194650,50.952700092184486
8194812,65.67417067340278
8195034,4.954623262964727
8195094,49.3307035253233
8195117,5.683663984548986
8195151,10.94317722581264
8195335,0.0
8195353,12.091143397788692
8195521,0.0
8195719,9.928120809831931
8195840,0.5250002014048505
8200729,50.65421354521434
8201629,7.144322301583003
8202455,5.15165739973434
8203294,0.0
8204392,0.0
8205064,6.522873861106213
8205342,0.0
8205555,14.69421694053375
8205701,61.218163158758095
8206060,13.687478200433628
8206718,13.172358683479167
8207350,18.79689919629221
8207701,0.0
8207764,49.54043028256514
8208090,19.831904083361614
8208110,0.0
8208824,0.0
8208997,3.971665332215963
8209242,9.107304116136802
8209307,1.6803257598323498
8209412,0.0
8209746,0.29983974699634786
8210384,9.945648232237325
8210423,23.186803376596828
8210543,21.40915086214377
8210728,17.614685949353426
8210734,33.336649089607114
8211314,0.0
8211513,6.9998895041464735
8211709,5.264838214951389
8211852,0.0
8212058,12.797531225691849
8212215,6.810842617523242
8212592,1.5199220972765275
8212733,15.207815154972266
8213019,0.0
8213145,4.26313836394732
8213362,10.96912899901038
8213444,61.748219761543176
8213800,0.0
8214005,0.0
8216392,9.77760569860354
8217350,17.033112006476927
8217454,5.771391649054962
8218942,10.544588945822994
8219313,1.2047899912966216
8219404,9.871193580108372
8219648,78.89664698794519
8220331,0.0
8220472,2.212033448328036
8221965,22.866961023894213
8222540,4.689585472919852
8222831,51.14813174861746
8222857,5.138649049326752
8223756,4.089401889086517
8224233,0.0
8225210,0.0
8225997,5.7421117876244985
8226137,0.0
8226967,0.2864374921120074
8227361,40.8392542341319
8228217,13.493892800883522
8233117,0.0
8233484,31.724008254400395
8234295,0.0
8234456,0.0
8235667,6.678982362427753
8235820,0.0
8236539,0.0
8236660,26.46928140053334
8236773,0.0
8237477,66.449479992078
8237586,0.0
8238028,19.759123819444063
8238581,0.0
8238754,62.30961463030315
8238926,68.18141943129889
8239111,3.445369212869686
8239159,0.0
8239333,7.451411206224179
8239352,52.96095095592856
8239394,25.619035441878772
8239534,12.25730888762265
8240016,80.13504438403943
8240819,33.27587674084419
8241237,3.83726072893203
8241545,55.29089089401857
8241894,0.0
8241975,76.6170054476338
8245639,38.55319763373773
8246555,10.793815558067596
8246675,71.29662733238933
8250194,3.5182804616568646
8250576,0.0
8250729,31.141753501536385
8250925,69.45479608389036
8251209,4.592308736164746
8252398,0.0
8253057,82.21888823245646
8253376,5.459622178055035
8254028,19.525201364772457
8254419,7.762602346168883
8254640,2.1036835284834083
8255082,0.0
8255329,0.0
8255964,54.79685206865855
8256091,0.0
8256749,65.87395261645304
8256789,1.3350257804448944
8256806,4.781688051458648
8256930,15.040990570163423
8257222,32.12552741209991
8257590,0.0
8257896,11.830006785161807
8257999,17.657565285484814
8258394,0.0
8265482,6.59479133905657
8266485,26.568097823322546
8266871,0.0
8266933,28.990720340798802
8266969,0.0
8267425,9.219815377204192
8268219,1.0455928283789824
8268702,9.398401360135715
8268876,30.30649182693183
8268976,0.0
8269241,69.81392810309853
8269318,53.09589869126837
8269852,35.385585202933385
8269950,2.6565108203847068
8271628,60.184763356608045
8271658,79.85809153261326
8271934,65.6327937621588
8272122,5.294098136652465
8272216,0.22789284007432542
8272327,27.382696320650297
8272532,57.91443099995869
8272749,19.758202968194965
8273700,2.075915937121742
8273730,4.916463115523108
8274488,64.364591152665
8274516,61.35661871439063
8274685,0.0
8274723,70.4638667624474
8274917,0.05579097772641006
8275295,12.81081101644093
8275421,24.047420856861955
8275455,8.914292780223242
8275474,0.20391480436668985
8275676,37.4151559273068
8275940,0.0
8276646,15.775179791609357
8278733,4.822503481027546
8283594,36.652586195215314
8284223,63.87805290725572
8285198,8.541793437578285
8285367,9.276706664620967
8285693,2.534257948255778
8285992,5.735378382944354
8286034,77.71495512173209
8286139,0.0
8286167,0.0
8286476,0.1519778336073685
8286494,19.058346093954917
8287001,13.610826841578486
8287943,6.962932877680352
8288098,82.29550210995149
8288774,6.605637693093676
8290042,56.88396126073636
8290210,0.0
8290278,53.67884016070412
8290587,26.249722652400642
8290724,33.724925426390655
8292078,56.26903128583456
8292095,52.41773874099887
8292129,76.85785379885553
8292343,13.286601008566052
8292595,12.611549007803148
8292848,4.68875904970762
8292864,0.0
8292919,0.0
8293087,0.0
8293222,13.026806234170074
8294144,24.251168424407684
8294502,40.20947126144165
8297694,6.976612595274894
8299030,52.33185636107341
8299218,5.488894271560071
8301159,42.047543797913065
8301768,42.14004251077245
8301850,20.018031695041316
8302619,2.815882982560474
8302890,0.0
8303074,7.864128595289813
8304116,1.9905970343781476
8304243,0.0
8304809,34.73055048606227
8305898,0.0
8306292,48.129991877788434
8306427,0.0
8307946,32.37763748986511
8308128,5.090631438875825
8308176,5.032036601403057
8308683,60.55698469660121
8308797,47.440982312956734
8308937,1.6009343905268807
8309384,53.61828234088471
8309474,18.00953836096523
8309502,28.085562621716335
8309731,47.88670265689412
8309746,0.79626864490168
8309886,0.0
8311468,0.0
8311723,7.817937289397612
8311762,58.39525695443933
8311783,53.173808728904326
8311933,4.5809970597512475
8311970,37.81283842455096
8311974,25.65101805133393
8312148,13.362547031762091
8313370,33.21304818610597
8313551,57.9893350945529
8316290,52.52642169568001
8316959,5.121365905326989
8317595,0.0
8319351,6.14281672095084
8319588,0.0
8320198,4.860652006699723
8320972,6.969627008050686
8321354,7.546655089846453
8321517,4.58759697033841
8321524,1.683255786993989
8322138,0.0
8322881,27.417444471299184
8323944,20.833281133307622
8324080,6.720310794858385
8324481,21.223893672131876
8324941,0.0
8325667,0.0
8326026,3.627680530375713
8326337,25.788373033226865
8326389,0.8579580674449119
8326753,3.074276277687595
8326835,6.204407391814293
8327302,39.334399533931624
8327562,15.880187741461576
8327596,0.0
8327773,84.79044100603804
8327930,61.32432457688905
8328213,26.85671981911692
8328670,6.702716618119787
8328706,12.537411489336684
8328837,0.0
8329796,5.992150356182584
8331648,16.801451160602987
8334273,0.0
8334574,25.365943179061897
8335000,13.779930278470822
8335100,7.204054191136279
8335481,9.103068502942463
8335913,17.384319670798398
8336175,58.840884391415265
8336554,6.96642913501433
8337535,0.0
8337536,18.538585491976683
8337597,0.0
8337827,0.0
8338312,16.712466072043206
8339036,65.80567258445924
8340304,5.4220750613351
8340307,15.826668100774405
8340381,4.910422295262741
8340400,4.068805146310574
8340553,5.521230869497813
8341556,65.02848168765243
8341669,0.0
8341734,53.50663119871952
8342009,10.532052810874909
8342200,0.0
8342763,12.472081966213146
8342998,4.423697835623308
8343210,54.98537030306413
8348413,52.43005664530008
8349397,63.224474067888
8349835,23.573733939820965
8350557,0.42057024092640205
8350891,6.7480958470004
8350952,9.194534633043697
8351796,0.0
8353898,0.0
8354383,0.3424019808034018
8354816,0.0
8354926,14.770519971543642
8354988,32.43487735438105
8355319,0.0
8355713,0.5893538002130043
8355776,3.515985713301994
8355794,0.41273720931223323
8356465,4.835556326517121
8356720,0.2359977757870979
8356743,21.747834870838922
8359098,2.0023081170019523
8362098,28.261592608048197
8362248,0.0
8362676,10.515519481992449
8363084,0.0
8364525,5.056782010936217
8365172,78.40489943228485
8366172,5.657589402399346
8366891,49.357880740668286
8367125,8.151203572143643
8367486,79.97091672264276
8367611,20.042532326658637
8367871,0.0
8368708,5.887577580477291
8368723,39.571156537199776
8368794,26.742631101498436
8369857,26.997845011587515
8369895,17.791046873525964
8370140,12.6378338491484
8370236,87.67750137134988
8371527,46.48959036895454
8371541,55.43732742519501
8372652,0.0
8372912,3.2169241609154966
8378428,7.560720271794683
8379136,10.570167523002922
8380868,8.38674567012447
8381173,31.573265399199308
8381388,2.050753689221402
8381514,4.996260574118331
8381974,4.235174649759998
8382055,31.34302022560383
8382592,4.406023892277609
8382602,3.320076738637738
8383187,0.0
8383276,8.09464577884124
8383633,0.0
8385014,6.533916501000995
8385064,0.0
8386528,30.39133293913386
8386694,0.0
8386829,0.0
8386889,0.6253019597093044
8387338,0.0
8387361,27.91672575382501
8388235,7.945209229971518
8388303,0.0
8388309,0.0
8388864,0.0
8389302,0.0
8389905,69.70650389256696
8390100,0.878840474439194
8390444,0.0
8390605,0.0
8390739,20.426733791850282
8390906,5.84385713357522
8391035,0.0
8391105,7.481841430386247
8391111,0.0
8391132,65.75701547287176
8391160,22.784092202582563
8391534,4.451360885230905
8391648,41.12985983693606
8392636,5.021381779188303
8392760,77.75498035431212
8393139,5.4657066656299165
8395504,2.6746911522752974
8397623,62.916837001594956
8398120,8.409078076501004
8398176,0.0
8398566,0.0
8398742,7.358633334514963
8398955,90.1420675323287
8400121,7.613899219812005
8400723,31.86020470955126
8401620,6.198756602760845
8402207,59.49739464413635
8402380,0.0
8402882,1.9487587980154828
8403071,17.40478649474617
8403316,53.98487672058712
8403327,34.440836918838905
8403710,11.377462438022398
8404181,0.0
8404787,15.614094566224516
8405280,6.450130746061376
8405664,13.69793386206057
8405978,35.45264841342678
8406520,12.97208918519167
8406689,6.543698270903928
8407577,12.166804541397404
8407677,16.021826932882647
8407862,47.49387466951148
8408530,9.006746472883123
8408534,0.0
8408674,35.82016884495532
8408695,1.035775075326839
8408768,0.0
8408853,0.0
8409178,25.74784637609831
8409300,21.729570787876234
8409401,36.95668058376338
8409459,41.1041934099787
8409542,6.684274567754812
8409573,4.282129588373877
8409575,8.984816916537753
8409839,37.99222946698129
8410004,4.842231532172285
8410450,57.974753125341024
8411164,7.4211632532404295
8411300,9.813082922809805
8411390,6.3528134669893745
8411428,6.987536746858211
8412352,0.19583164970376998
8416015,75.37446888193139
8416681,8.016799370863275
8417134,49.42053034315778
8417805,6.806480383514277
8417899,1.642425737724885
8418154,10.272384008979465
8418984,40.62028494554248
8419475,0.0
8420343,49.98611658697919
8420572,5.689622262832778
8420940,15.72489727891059
8420972,16.429810073312442
8421416,0.0
8421564,0.0
8422085,35.41711634033048
8423554,0.0
8423636,43.86423277271323
8423666,25.166253747883395
8424350,48.80715500339618
8424572,18.82681504394163
8424577,1.1750842728867852
8424694,4.825562488940456
8425058,14.698170233978672
8425177,0.0
8426309,0.3029950156784409
8426521,0.0
8426584,48.19538365996335
8426753,0.0
8426874,0.0
8427013,36.87916742992392
8427400,47.766770383412265
8427638,28.563688526122952
8427707,0.0
8427735,0.0
8427772,2.442344007256743
8427997,3.2186294968211726
8428220,27.514727161184876
8428252,34.6668968064681
8428577,1.3487131330770623
8428777,0.0
8429515,0.0
8434813,0.0
8436188,17.272399225338212
8436762,0.4284183309571503
8436843,0.0
8437111,0.0
8437115,36.63311483982219
8437316,19.791915188358168
8438760,11.916742433609222
8438775,68.85101940553616
8438801,8.749840005438053
8439595,11.326494525491718
8439758,53.31264559127933
8440295,76.41153206396521
8440352,56.06276151034183
8440837,7.5772889631453495
8440866,90.80309865649133
8441574,22.800473686538076
8441969,6.125818374819453
8442352,3.0222247617201603
8442672,11.326914433871785
8442997,4.5790960473309
8443516,0.5400649193114972
8443684,69.77153224813115
8444040,9.710227106319486
8444115,43.634982371445155
8444227,28.71287084245655
8444555,61.469376255704724
8444619,24.562633779691247
8444730,6.76353538874843
8444863,4.524227372691428
8444940,37.9075399626203
8445382,0.0
8445681,0.0
8445883,0.0
8446914,50.99940501621042
8449994,2.364556427151051
8450523,39.541385048757675
8453518,0.0
8454110,64.82551529188152
8454754,47.71978426845232
8455225,0.0
8455625,49.20867281940856
8456014,0.0
8456220,0.4589396410608586
8456805,54.52845616549946
8456825,49.216691422574094
8456902,0.0
8457294,26.299028222643805
8458055,0.2254579198343194
8458068,36.33358722460246
8458125,0.0
8458505,19.87503419826207
8458852,48.29771467935806
8458966,32.58480047637216
8459000,3.330696927304416
8459563,6.6258105754150165
8459574,5.266856326432055
8459599,15.290342363946515
8459660,6.375359650434412
8459696,81.7417713755419
8461476,35.69578760860013
8463779,12.036802124935129
8466120,0.0
8467862,0.0
8468318,0.0
8468586,7.276718633606855
8468662,2.520302548022542
8468699,3.161756772631982
8468745,0.0
8468835,0.0
8469889,0.0
8470130,1.0414007450678113
8470281,6.593113750910398
8470491,64.10626407842335
8470559,6.572829934473511
8470974,8.904736300128505
8471007,18.633481443631865
8471061,1.5907927566358069
8471063,17.785146385491664
8471233,0.0
8471906,12.069034163143947
8471927,0.0
8472562,14.06296539604385
8472673,8.19538125332928
8472940,1.1534787438260352
8472997,0.0
8473327,92.0
8473353,0.0
8473374,28.07844829760421
8473480,71.52782466868659
8473484,8.173143062036992
8473571,90.52429775223834
8473623,0.0
8473833,2.6187833901359454
8474015,7.6637058052410865
8474260,3.017448787046874
8474472,7.567765148915459
8474514,2.688534023103351
8474702,0.0
8475392,45.513006986192764
8481680,0.0
8482165,0.0
8483296,4.112284728436201
8483688,0.0
8483768,62.656419991553925
8484152,0.0
8485053,8.068160764280833
8485057,33.810252328595375
8485529,0.0
8485554,62.97023212162032
8485571,2.5266216821157386
8485651,5.645492491236567
8485671,0.0
8486482,10.503900026960842
8486828,9.880002082735182
8486894,53.881797418873056
8486946,0.0
8487176,8.730120638246241
8487297,0.0
8487664,45.90165430853646
8487674,0.0
8487757,0.0
8487784,19.003140646451868
8487822,44.83916692517232
8488082,11.893535935914858
8488097,1.2758241456092705
8488273,37.17167207713915
8488308,21.000618188438132
8488322,59.17948805464756
8488834,7.310300557865595
8489022,0.0
8489308,0.0
8494012,12.473436459644466
8494234,33.55174081571279
8496436,19.626134736131455
8496467,4.147439518257052
8496632,55.81613177847517
8497248,0.0
8497600,41.416311263713915
8497869,25.69024194299199
8498379,11.385360740886718
8498885,1.9961677066640036
8498969,10.421605654498673
8499562,7.3063482542189035
8499719,52.06165779388816
8500102,4.75876942734719
8500649,2.5497850056397695
8500740,5.062364675460486
8500983,1.7396649401577022
8501279,0.0
8501323,47.552560770967105
8501622,0.0
8501697,6.79137305811421
8501750,15.421322304346994
8502567,0.5419724451954195
8502915,0.0
8503064,0.0
8503360,0.0
8503830,23.375346682146578
8504121,2.8848793857115567
8504231,5.327866813732889
8504263,31.683276931630886
8504271,0.009252374306804256
8504708,37.16313918928835
8504788,16.03081920872993
8504811,0.0
8504995,8.59100478920147
8505031,0.0
8505151,0.04054604676666074
8505175,16.004704374730466
8505591,21.34110676423729
8505785,14.26497210482129
8506013,10.581440958543176
8506035,36.4304527944659
8506125,48.24482689060115
8506167,2.094872830493479
8506284,26.88585938355588
8506755,0.0
8506833,0.0
8506835,45.134199038150804
8506855,0.0
8506867,0.0
8507768,22.373694048005888
8508269,0.0
8511404,0.37107615415531114
8513953,18.94325926156649
8514177,3.016582965518822
8514448,0.0
8514620,6.461349552369278
8515213,8.594275135852833
8515432,61.32304131705087
8515886,26.98148619216834
8517554,18.311675417886143
8517887,11.35078983286845
8518186,0.0
8518214,11.810981203332037
8518280,14.160168513658732
8518359,7.121098385430315
8518364,0.0
8518657,47.4717700452372
8518878,0.6210251223114938
8520094,81.71578967369297
8520667,10.274372611453025
8520693,52.669516772321764
8520836,1.9682119048098556
8521188,7.394286274946822
8521666,55.106247458727616
8521692,37.14063223942174
8521720,30.927034751616503
8521884,28.387746023973115
8522062,41.99451033777583
8522326,40.265002912404555
8522395,45.3881641972536
8522756,0.0
8522876,0.0
8522878,0.0
8522933,71.93758035737531
8523014,8.047692085334827
8523027,37.81509441271212
8523046,59.48634827191423
8523065,19.771148474809483
8523066,1.7646902508092381
8524648,0.0
8526633,44.18031906656034
8529957,9.03980265631678
8530825,4.912683538920611
8530858,0.0
8531691,13.811312927902875
8531772,10.22782766404277
8531976,4.466321322059592
8532354,1.5979213263389838
8532520,5.954667913701293
8532599,9.985593573159647
8532763,79.61872821904839
8532825,0.0
8532876,0.0
8532970,0.5846615034487925
8533035,0.0
8534230,16.044475211431532
8534400,3.958282099991848
8534893,51.5521904824637
8535041,6.419474845963343
8535125,38.33194373663127
8535332,0.0
8535338,0.0
8535694,0.0
8536589,12.622878504104257
8536676,9.864428285187934
8536829,3.827060470030432
8536911,7.65159985806158
8536955,3.7404620633236263
8537400,0.0
8537628,34.314088645789035
8539057,0.0
8539544,0.8105277342129327
8539699,0.0
8540113,0.0
8540941,0.0
8541182,15.958629601137659
8547442,0.0
8547627,5.822183677957263
8548307,5.124852970399992
8548407,3.710203266119535
8548971,33.65735809635341
8549106,44.362424403875146
8550184,57.07414895238906
8550380,0.0
8550516,12.330730029152065
8550604,3.702565976715377
8550784,10.793959718641979
8550799,12.897217154468883
8551446,69.86462661040008
8552070,17.014665959382015
8552516,0.3717480459065996
8552616,0.0
8552838,29.003664426296243
8553166,6.917306046278888
8553197,0.0
8553204,34.233311385224226
8554567,57.83082636163455
8555036,3.141375546699159
8555142,51.45262284630436
8555231,68.22477181090758
8555577,8.370645793235092
8555721,44.23492190677413
8555964,0.5536064391015003
8556774,8.833393502749495
8556792,26.528559921895887
8556794,17.34950699803434
8557123,39.532207969537865
8558283,4.255236259935231
8563290,0.0
8563603,1.8221646750330152
8564412,0.0
8564500,0.35873756642678956
8564804,0.796673906181816
8564983,1.5594496985359356
8565339,12.447976488027251
8565340,0.0
8565548,39.47803141072695
8566525,70.36134383080918
8566780,10.791423677011586
8567173,13.169023869257316
8567307,3.010905149604575
8567525,3.9435326293708854
8567664,4.767756995612288
8567855,6.11298636087022
8568137,64.42552450706998
8568363,4.451063211552331
8568624,0.025904940143966826
8568841,3.650779056186323
8569079,56.691827464022815
8569212,0.0
8569951,62.08183300292194
8572460,0.0
8574047,13.576749539123803
8574120,23.68111421305141
8574289,1.2189785315105155
8576371,32.36462696338486
8576948,21.756728776933997
8577270,0.0
8578817,0.5406850050991707
8579012,44.02126962628677
8579476,0.042847665841087235
8580273,0.0
8580467,30.66181817121981
8580704,42.694603255901505
8580746,67.50913089264031
8580947,23.083476587995143
8581068,0.7636932082295402
8581091,51.68888095127306
8581264,3.3321947313870197
8581716,22.178906461161333
8581784,13.029635876208737
8582163,63.96205921813074
8582643,10.152168516245204
8582756,1.3548032778119783
8582762,0.0
8582786,31.37045401217275
8582976,0.001001760477414848
8583175,27.928684479702465
8584215,0.0
8588016,14.324762755470736
8588141,0.0
8588357,17.244958129317695
8589668,4.865223317472328
8589729,40.391348714648615
8590198,17.142971977864555
8590275,0.0
8590822,3.370410173896559
8590851,0.0
8591707,0.0
8592122,6.6371992580289145
8592390,54.470635156970495
8592411,27.016660010816743
8592525,7.686789056010234
8592757,8.374290998192592
8593656,69.95622661209855
8595036,41.3845158380662
8595191,0.0
8595346,14.759235916327164
8595359,0.17613012318103216
8595415,0.5692362919355247
8595446,8.764467078360902
8595450,25.709347972419593
8596015,5.977451343444919
8596666,6.155169426987008
8597003,0.9168697048125622
8597141,19.418338686665017
8597265,0.0
8597976,21.5501260409036
8600189,29.030261926704746
8601145,53.022119007970446
8603891,0.0
8604250,0.0
8605214,9.670329862621664
8607283,17.747244046858363
8608243,39.386048656433914
8608793,27.08610851110219
8609467,0.0
8609750,9.816380818743532
8609779,86.22157420896227
8610382,38.53927356692913
8610516,3.2657080026924987
8610571,11.941672757719779
8612715,21.436905723293812
8612724,0.0
8612906,7.326520497266095
8613122,16.332549548478703
8613175,57.84186107406062
8613226,0.0
8613389,41.40656350282621
8613920,0.0
8614204,16.210021415130132
8614388,53.73213486150298
8614461,8.264177705161025
8614498,11.741724850980667
8614751,52.28908881439324
8614884,10.658501502336549
8615187,9.738779445491403
8615333,2.7734600578368784
8615647,0.0
8615671,13.812276888894246
8615821,24.79272054664397
8615830,5.954576051146496
8616102,0.0
8616221,6.943456797797346
8616551,31.047377115318934
8616888,41.57571180849995
8618231,0.0
8619067,8.028179205596722
8619510,24.14508328753717
8620134,68.55496171934013
8622301,77.55458119035201
8622957,59.21012184617623
8623370,48.707740238657465
8623758,47.211729694644085
8624118,0.0
8624833,43.34922214940118
8625398,5.284892361688879
8625732,4.691355876066311
8625895,8.037313652840663
8627060,32.9794307209662
8627394,4.097347780156717
8627432,8.686436252156874
8628042,0.0
8628425,37.53830378975965
8629187,4.745519790041172
8630001,5.809697843790573
8630023,0.0
8630560,21.264395245653482
8630599,79.43652251106379
8631355,10.00496151166525
8631389,0.0
8631819,16.32426793726664
8633243,19.672267148677733
8634024,0.0
8634152,0.0
8634169,54.1377637162558
8634189,70.66823662952478
8634383,70.90130695710357
8635191,16.831517620683798
8635289,54.42443129183896
8635291,6.469664747809084
8635320,0.0
8636057,42.758481601992116
8636089,4.125976728379392
8636274,5.959323449104396
8636411,1.6115301101402224
8636520,1.0603314274677231
8642133,4.306243430976828
8642982,73.74842257002508
8643939,2.3556142371430084
8644070,36.577920342364976
8644087,0.05222930504860557
8644654,31.896881338162693
8645664,0.0
8645816,21.0496909916856
8647106,9.548424217850716
8647400,0.0
8648051,35.820777650462674
8648134,1.5724374545267565
8648254,1.4826004085361397
8648479,5.788466915228835
8648668,0.0
8649087,4.159859259944817
8649144,12.607330569459034
8650177,39.553151454140895
8651132,4.996708307587262
8651260,4.019185511756632
8651580,6.1508628105069505
8651786,9.775075474085803
8652372,1.5780890889471877
8652556,72.39643112008206
8652866,89.09992292576317
8653072,52.081283971274416
8653444,22.371566422109222
8654577,4.976961827124761
8661533,11.638790907375114
8662610,0.0
8662997,52.97581305354355
8663660,69.29766929265536
8665047,14.55886237832106
8665125,0.0
8665778,11.180193408492947
8666528,36.516036451118104
8666705,0.0
8666925,2.720653653940772
8668115,13.075353119434187
8668241,2.330594442628289
8668928,0.0
8670025,2.6717586369390105
8670231,0.0
8670765,6.766810726330359
8670966,1.6743926407004608
8671752,7.047294960414186
8672280,9.445726302075094
8673141,4.192367965510094
8674025,7.0486065350936045
8674223,69.9406050258827
8676240,0.0
8678768,33.64178513802776
8680223,0.0
8680473,8.37427218149211
8680487,0.0
8680642,3.232101344273005
8680648,69.32014189204071
8680649,0.0
8680891,4.605310955086466
8681076,14.370071119026356
8681616,6.429894568964045
8682738,0.0
8683033,0.6058266670543446
8683137,2.462435705076089
8683432,45.705778959323204
8683482,0.018627934365390786
8683783,19.14932540108492
8684042,19.17212184380041
8684082,56.20735200316235
8684124,1.663114818709225
8684292,0.0
8684600,5.652163468332837
8685857,2.34194864282426
8686167,8.5561835346425
8686361,13.944943052343568
8686886,1.852368745033182
8687305,34.538593871895145
8688095,8.534180944739198
8690394,0.0
8690657,12.636978722040826
8690821,0.0
8695381,37.5163262019051
8696758,51.52733494591963
8696961,7.256202015635978
8697198,11.223291997476853
8697491,0.0
8697741,0.0
8697809,16.229426865980592
8697936,7.70294637640972
8698459,14.854262888343992
8698673,2.866827186009594
8698963,3.386880370055927
8699229,4.935487811523998
8700748,65.90468309688623
8700870,73.1125388668469
8701055,57.86922279989366
8701169,2.7303899294061864
8701228,60.31264304581372
8702075,44.44231145562152
8702895,0.0
8702930,0.0
8703437,43.75824969653717
8703671,13.258120094147635
8704112,4.586955128483304
8704235,0.0
8704348,48.6450895491953
8704432,0.7527776074696249
8704606,46.110162642280535
8704666,46.40492585444031
8704821,64.60018178824889
8705505,15.82640694349513
8709326,0.0
8712309,34.03758013762828
8712745,0.0
8714408,51.68031970995852
8714485,69.2081602470926
8714605,9.050334617245824
8714613,20.430822958406324
8715038,36.19357671439594
8715361,0.0
8715508,32.40588261834308
8716341,4.5477754114640305
8716577,13.03737279514862
8717373,2.068951511264565
8717698,10.962906483932024
8718032,32.27891970634125
8718423,10.956984362013367
8718572,39.32689989136655
8718819,27.291926434357023
8718970,61.97046851933741
8719013,0.0
8719349,1.0470298403181104
8719788,0.0
8719818,0.0
8719948,34.83224151872292
8719984,6.729995947548662
8720234,37.380870602014355
8720488,14.985055180652928
8720693,34.10201321740248
8720865,7.688915200280135
8720930,0.0
8722224,2.3691404352248924
8722376,0.0
8722731,36.03981709021828
8722860,21.368345881765975
8723462,6.699718820994704
8727973,3.855670071613119
8728639,2.775054502335145
8729819,6.402494787624455
8729945,11.777801853931564
8729960,11.538120557607009
8730848,10.535761417179891
8731075,0.0
8731224,34.24782967247976
8731653,1.1706042492054536
8731667,10.184424306925834
8731752,0.0
8732244,4.321408737636695
8734174,75.6399836814596
8734846,0.0
8735320,0.0
8735399,22.163627127589614
8735633,0.0
8736296,21.16511808738506
8736788,4.764729619309243
8736827,8.651390804673731
8736934,0.0
8737487,12.702231387593649
8738451,42.998246001317185
8738535,32.042617651869925
8738713,7.997881746489249
8739034,21.486778288273996
8739228,1.532536086979107
8739326,8.167108043283491
8739642,17.922935081345777
8739683,53.337488590888256
8739868,1.1054044059000816
8740079,0.0
8740154,52.739676640374924
8740192,0.0
8740241,35.72517486700393
8740344,6.161948597692927
8740576,9.800671790033569
8741049,0.0
8741124,24.457429073624617
8741289,0.0
8741297,0.0
8741574,0.9087030932081746
8741685,2.3501133031867596
8741896,42.47279394908259
8742374,17.08268451277877
8742520,58.00415369635291
8742625,0.06005764150213366
8743269,7.410051651083727
8743749,59.32799645749708
8744299,0.0
8745126,45.13045505750797
8749948,39.67687791113638
8750161,51.55049364902513
8750772,72.45596869218681
8751747,15.667018714683145
8752471,24.11683686044156
8753832,62.131446561479756
8754186,1.4141241801945412
8754339,5.858807593084755
8754465,0.0
8754560,41.97619430212974
8755259,30.16295619251221
8755583,29.021449455945593
8755870,0.0
8756017,0.0
8756139,10.141010011877484
8756619,0.0
8756685,0.0
8757726,47.76407187043298
8758146,8.420996414337147
8758534,35.756856748790526
8758954,13.04163526784945
8760046,9.011966631011767
8760284,8.387433540018513
8760442,73.01814910684352
8760489,4.681988516912025
8760775,0.0
8760844,35.0955794351139
8761031,0.0
8761546,3.7968754714482245
8761854,53.81695574455155
8762004,0.0
8762135,8.697301134539778
8763547,20.329823913575794
8764232,0.0
8764617,4.682556363830393
8768800,0.0
8770660,6.955802080190068
8772268,1.9616050648495431
8772365,61.25608766168555
8772654,49.24062301870364
8773391,6.610153277300139
8774175,25.557150753571097
8775344,0.0
8775871,0.0
8776280,2.4653199396529324
8776479,0.0
8777022,9.441793501506318
8777263,0.0
8777890,0.0
8778159,33.33649065110468
8778487,13.64760072954946
8779268,4.899696696648583
8779868,0.0
8780061,11.256171417356363
8780251,10.179100424633432
8780425,0.0
8781445,3.200333589388208
8781592,44.94746123749847
8781736,5.464105024715941
8781958,55.63388754269098
8782030,0.0
8782407,0.0
8782437,0.0
8782605,0.0
8782697,9.808611652263512
8782984,6.937212917773813
8783094,0.0
8783194,0.0
8783445,0.2775185405247882
8784461,35.92752081405796
8784649,59.73938835178107
8785114,8.002801663985771
8789273,0.0
8789310,0.0
8789372,37.802003854681985
8790941,15.418721512971949
8791055,2.432185627848554
8791898,48.712052890689925
8792086,7.9278866449327055
8793503,59.009998240949976
8793642,41.88384079388383
8793683,0.0
8794495,0.0
8794911,64.85104262080233
8794998,3.156223792081178
8795849,0.0
8795858,76.44958128961463
8796283,65.71484459515611
8796655,22.663284673222357
8796876,14.019865492489316
8797080,10.985001839791504
8797385,2.9883375510141477
8797770,8.984970694439745
8798227,11.701294805036184
8798404,13.358402978581339
8798499,17.428939442535082
8798516,92.0
8798556,0.0
8799166,11.855062520028675
8799384,48.691934345587036
8799529,16.622605069265255
8800203,19.776816585869007
8800628,5.4630629567315125
8800632,2.271977652370751
8801016,12.855337849097985
8801196,77.71804052128286
8801963,14.12398458869258
8802151,2.011273224142137
8807611,12.04699561144852
8807842,0.0
8808301,35.33107267114568
8808863,0.42806580764595736
8808943,33.95859496635445
8809054,0.0
8809420,9.285203959149406
8809578,0.15917923788410704
8809716,0.0
8810710,0.2523530349033152
8810937,49.34504424778789
8811687,33.355485100187806
8812030,0.0
8812167,0.0
8812730,37.88397616142485
8813118,0.4141053994555861
8813271,0.0
8813547,49.06499658363753
8813968,3.7209154527187636
8814304,0.0
8814574,16.9537544863403
8814798,0.0
8815050,20.05195044197429
8815099,20.260620401363376
8815120,11.314366335351416
8815447,75.13592361987725
8815477,0.0
8816030,22.65059683049882
8816070,47.621750482005744
8816151,0.0
8816420,7.4906835917827195
8816637,39.27730084954955
8816672,3.259944732071567
8823897,17.492555437667022
8823924,0.0
8824016,1.5837109868049382
8824532,26.3773832639492
8824747,0.0
8824809,11.592382474187403
8825458,33.3221790233899
8826124,41.921259917267825
8826129,0.0
8826658,5.398401212963567
8826833,28.769289294327358
8827221,48.54252722748249
8827402,65.69513338272296
8828000,5.066700820105602
8828448,4.980555705742738
8828577,7.047350162068881
8828613,0.0
8829443,1.474778927656672
8829753,0.0
8830110,0.9798995435324009
8830119,4.283155318580434
8830129,4.34067718447303
8830246,25.022282803335223
8830394,17.265656447120506
8830505,0.0
8830529,0.0
8830586,65.79156940495302
8830690,0.0
8830952,6.108989007111333
8831553,23.750577175974094
8831758,4.607444616597796
8831792,4.919551460375597
8831923,74.24137427097577
8831935,0.0
8835781,8.998660088973708
8836180,58.436112580608444
8837242,57.691487100056115
8838513,2.357622754295086
8838861,1.9077987282718851
8838932,65.32886180169541
8839746,2.2041914885431098
8839938,0.0
8840625,48.725557287200836
8840745,62.72016273148324
8840959,10.272604806734137
8841528,8.176674526855983
8842080,23.969540166716165
8842185,0.0
8842667,0.0
8842793,0.3071373829674826
8842889,42.0551094359911
8843110,0.0
8844402,30.445324542908146
8844652,0.0
8844825,44.73211035405985
8845441,60.35273666272086
8845851,1.3594586213942037
8845951,12.773740584482788
8845982,14.146278958953367
8846634,0.9182898005413875
8846781,5.836485590518798
8847484,0.0
8847542,73.03325314278992
8847577,5.178201806315634
8847665,22.579217599599623
8847787,54.83951154357573
8847885,5.871540649211177
8848090,47.086332376371274
8848125,3.5557077097665086
8848162,2.0124788744198554
8848547,8.436073585203339
8848794,5.894182550753264
8849386,7.4731747272767635
8850025,3.4380718970078945
8853511,2.2428661074964182
8854748,5.998618818162839
8855166,35.73104240851267
8855457,16.239648462347866
8856687,0.0
8856741,45.726392799900424
8857528,13.04186961974623
8857546,59.91640180362865
8858698,4.737642583431445
8859006,12.19632623398531
8859710,0.0
8859802,11.596391642685983
8860277,29.931686824688803
8860350,37.94455505088707
8860450,65.06296016471121
8860745,26.01412142373622
8861464,0.0
8861568,10.06313891078947
8861719,1.8115585373977368
8861981,0.0
8862793,0.0
8862995,17.01075296038191
8863005,0.0
8863026,7.431323347583714
8863296,44.30438475386823
8864003,4.538160216622352
8864229,17.9181583229212
8864262,33.06045391717352
8864404,0.0
8865338,0.4301723257793313
8866066,10.740751402235205
8866335,18.533243981726805
8866381,38.208983584604816
8866826,48.9491797353671
8867112,5.79512252878304
8867253,9.006352950311687
8867531,0.0
8867650,0.0
8867911,3.888520831488158
8868006,0.0
8868157,0.0
8868258,14.328045057847007
8868429,0.0
8868525,52.779277775328346
8868762,0.0
8869507,35.068735673911846
8869660,0.0
8869702,5.742365561451834
8869871,8.497191537241292
8870276,7.125570759585379
8870310,66.58994822181945
8870422,23.686937492558457
8870472,11.90227677778379
8870789,0.0
8873479,56.55718824307842
8877042,24.175104827687598
8878181,60.08635416724549
8878282,0.0
8878544,32.26159193392551
8878750,39.42418324029811
8878976,10.51557746023473
8879282,71.47543004746001
8879767,40.56032143944633
8879913,3.541639740360445
8879975,0.0
8880173,73.93461987947092
8880194,0.0
8880524,7.812713415363611
8881253,7.041935273147878
8881451,9.300391475769523
8881955,0.0
8882811,50.65978332637823
8883032,0.0
8883074,0.0
8883269,49.70639442029684
8884228,76.00885637225471
8885968,51.64381216703843
8886036,11.371987934384677
8886421,0.0
8886624,0.0
8886732,34.333787459885
8886850,58.3487634680728
8886910,0.0
8887525,23.115244590860758
8887660,25.291067938114026
8887748,9.781658170487852
8887908,55.125129150796916
8888082,0.0
8888084,0.0
8888093,6.664192471682242
8888481,0.0
8889858,15.114841553838858
8892174,0.0
8894114,10.956945874873291
8894773,82.68007787170916
8895019,18.89216428722802
8896759,13.718872820655172
8897607,0.7337584050451014
8897775,0.0
8898050,4.994775682796231
8898742,4.8825964853113035
8899476,92.0
8899565,35.90458641870867
8900062,49.27238979549523
8900093,7.232977368832554
8900200,0.0
8900997,6.9222239213857435
8901469,62.81035929054683
8901538,21.641689490026096
8901901,8.705539975878288
8902042,0.0
8902110,34.9505329822926
8902172,0.0
8902181,0.0
8902347,10.093275589752913
8902420,4.544686907179244
8902804,23.12656209311375
8903056,0.0
8903395,4.579560626559491
8903721,27.406363726212398
8903837,12.121639730653023
8903855,0.0
8903943,3.6897578256771055
8903952,14.061613689200165
8904076,7.959855833797327
8904160,18.126740210993596
8904224,1.777654812682293
8904488,8.218474656438467
8904563,4.288816881835594
8904662,0.8186291446846212
8905011,41.606422704089695
8905176,2.396497382121055
8905345,24.50292163299708
8905609,0.0
8905651,20.57380813202669
8906054,48.90899734988478
8906176,19.398262876398462
8906260,36.71146764683384
8906379,37.19462719577867
8906489,0.0
8906532,7.09457923499415
8906620,1.3402869595611548
8906712,0.04317142172181576
8906797,75.19959296032121
8907184,87.1940757053161
8907362,9.12643879538512
8907476,44.85145545406657
8907580,11.700903721784648
8907592,26.80576562018399
8907598,6.467406903594338
8907756,12.958973865302873
8907844,10.04660250316951
8907901,70.03633760183473
8908518,5.903604048199806
8908636,40.66228825694656
8908653,61.292957627018744
8913478,5.1634835186757115
8913672,26.218180591168313
8914876,0.0
8915071,24.70084938232059
8915191,31.611900183739998
8915295,1.1592333383318767
8915836,0.0
8916000,3.8716855620959407
8916480,0.08717689066678247
8916960,37.91745983967551
8917603,0.0
8918151,20.296388473472035
8918177,37.59902119444397
8919326,1.0021331572001984
8920490,15.917479717159402
8920714,0.0
8920794,20.826489335462846
8920977,2.5380999447706003
8920988,0.0
8921687,35.6971576779054
8922585,8.162069927251942
8923020,53.66606522316611
8923833,0.0
8924504,72.2288396503357
8924552,1.2686845953276702
8924606,38.36180109401355
8924638,55.74104337072574
8924919,0.26613318033080446
8924966,32.548302478838
8925006,33.11135691378951
8925082,0.0
8925214,10.735049506805261
8925581,0.0
8925628,7.182070059809028
8925866,36.583702031677284
8931189,19.004083891869374
8931436,21.185455814113304
8931562,3.283389722687815
8931828,0.0
8931888,7.278213217077507
8933153,23.04349049831618
8933384,0.0
8933398,3.2748261362602946
8933503,13.596544254615331
8933629,9.548289684107608
8933743,0.0
8935053,0.0
8935067,0.0
8935326,8.78979226266322
8935527,8.1825486486213
8935622,0.21376704627186172
8935628,29.353760688995543
8936266,10.52164128676938
8936511,36.682708776143386
8937186,0.0
8938501,43.245317397373746
8938831,0.12326307428012484
8939341,26.78370425849797
8939409,51.695788339133685
8940683,36.79581175047212
8940709,73.73945506778526
8941082,16.71706549650365
8941366,56.49523378571016
8941980,6.580113665959921
8942272,7.211937284510526
8942467,67.36654940610791
8942502,4.100807249752236
8942536,9.77742106141627
8942654,55.69316695231357
8947588,29.14967119100687
8947796,43.9207668050945
8949503,0.0
8949622,0.0
8949763,33.260368458503095
8950419,37.07953991578428
8950507,33.38491777942785
8950589,0.0
8951081,8.945598967090636
8951258,2.989369619736081
8951319,5.138340115298227
8951480,8.821699504112082
8951763,45.14873615423888
8952044,2.4654686031108284
8952956,0.0
8953066,0.0
8953104,58.68886929339437
8953404,57.171512103833535
8953570,0.0
8954037,68.05796827686467
8954990,2.453894829054633
8955133,0.7796677072390708
8955194,0.0
8955543,9.877240323719192
8955558,17.091739538043505
8955695,12.340741337446929
8955750,65.1105537273823
8955886,62.60072389453228
8956039,12.302310924055973
8956253,32.34146827099486
8956471,0.0
8956759,11.260337880822071
8957008,14.140886306021692
8957012,75.4126592163881
8957139,0.0
8957189,0.0
8957301,59.66510499292654
8963270,11.762541299342672
8963331,0.31286896190734126
8963532,0.0
8963690,41.221119691708324
8963758,1.6236555466947706
8964008,23.9326598776532
8964740,0.0
8965178,16.612883559937536
8965303,12.378887409053583
8966074,1.5891714604782905
8966080,41.72765725170367
8966368,12.645882632427053
8966499,0.9324375961487164
8966576,3.5648320365657753
8966869,37.213556627631796
8967170,5.169622073124991
8967396,20.605026779463493
8968741,49.93728300390819
8968789,49.438224808396065
8968898,26.954956135625523
8969047,14.113826259156859
8969658,2.5369664587843843
8969760,4.459774767097137
8969877,4.783049246804005
8970248,28.86384970128345
8970652,6.715988059538155
8971606,50.268174637387624
8971670,0.0
8972196,32.42164075629095
8972219,16.84209266073578
8972290,0.0
8972353,46.69927899579612
8972382,3.6087181484547415
8972426,85.72803046171467
8972453,0.0
8972540,13.843387218542507
8972908,31.414144421395427
8972977,0.7743009004147439
8972994,4.0816229035741
8973075,43.72447231340767
8973092,26.75987551446016
8973106,0.0
8973131,0.0
8973138,25.814868822850762
8973222,0.0
8973682,0.0
8974365,0.0
8975201,73.38673522351834
8975583,5.184323007168793
8979762,41.016455726364626
8979852,29.367914997579895
8980708,13.045828692367685
8981725,0.0
8981866,9.785244419676594
8982166,65.9475455098667
8983353,52.606804767575454
8983609,12.363243030001406
8983870,32.42832042754637
8984777,35.91773126182409
8984863,0.0
8985316,25.49066700842443
8985856,0.0
8986308,0.0
8986585,70.84847349592542
8986634,0.2901897402174143
8986821,0.0
8987250,9.145807373581029
8987419,6.174046044317308
8987462,38.904710114663516
8987930,0.0
8988451,41.21881810664291
8988495,0.0
8988707,0.0
8989205,70.13683655271146
8989235,0.0
8989320,80.20146421646596
8989333,35.553642552036536
8989380,22.776589657634474
8989544,0.0
8990063,0.0
8990100,0.0
8990368,0.0
8990630,0.5518243809648169
8991157,0.0
8991521,0.0
8991767,79.26713728920778
8992224,0.0
8992423,0.0
8992859,82.63336092530875
8992881,16.503113406785083
8992894,19.195398099466047
8992905,81.57138323124434
8993290,1.536228196532825
8993313,11.072793861119024
8993757,1.1715190166801577
8993871,55.354435891313585
8993887,58.95163738234365
8993901,4.39257818466092
8994025,13.573433174929185
8994197,0.0
8994220,13.144733682762158
8994363,28.088175902751765
8994480,0.23895877479533567
8994529,20.79140741498984
8994904,0.0
8994917,17.488748764498283
8994928,18.16798917940384
8995119,12.143260463021242
8995120,0.0
8995279,7.2731118614338826
8996181,0.0
8996204,0.0
8999205,58.15733749919996
9001999,0.0
9002096,1.3469668681436318
9002524,47.173454588424406
9002703,2.8122767541051417
9004652,0.0
9004661,28.981117083332144
9004664,45.029809420789185
9004813,8.339378787052091
9004948,39.58803107448517
9005771,0.2580532155813344
9006032,0.36425825041037996
9006090,5.057590648593589
9006204,0.05609077051544631
9006249,0.0
9006557,2.185628811921866
9006703,0.0
9006818,4.532554234600923
9006873,9.819740318744419
9006942,41.87974986261422
9007043,0.0
9007095,40.39308883629398
9007249,0.39590341650045957
9010023,0.260990798735115
9010371,54.98563214043285
9010379,0.0
9010431,10.388520940441893
9011614,0.0
9012130,5.496990429197545
9012169,2.0176639441058626
9012173,17.340393023477766
9012470,22.18455026016057
9012540,0.0
9012814,0.0
9012913,6.481228680268124
9013350,5.237127478031617
9013904,7.597200319409936
9014166,0.0
9014320,7.776210311688466
9014352,13.442062747014837
9016178,7.256374645270554
9016650,87.97774307962831
9018851,1.3878814814386615
9019702,0.0
9019941,3.3072588338703
9020184,52.5725077118878
9021572,63.56513139533663
9021755,0.0
9021829,26.33153721931926
9022047,0.0
9022118,29.807397279175554
9022318,0.0
9022797,1.615734541967612
9022864,53.0751805673268
9023240,3.7036024761808974
9023423,9.226575388029573
9024500,2.9066377397047702
9025101,0.0
9025154,0.5088183799746702
9025218,11.472147293465262
9025310,18.03944810561351
9025379,0.15275834231579566
9025887,5.622543016288752
9026157,5.547311308649967
9026203,49.21722019559434
9026860,6.026092104248669
9027109,13.703271104735606
9027283,12.496805362220627
9028105,3.171431136403413
9028493,16.77342723873415
9028599,1.7511152848525988
9028856,48.55238003306692
9028916,10.39927605378761
9029138,4.14041803912388
9029289,32.68738603345398
9029345,5.358819658308832
9029469,0.0
9029740,46.242726046733424
9030345,36.24430200613809
9030678,0.0
9030684,0.0
9030997,57.54781616627412
9031081,54.63901880193217
9031172,32.62259572507647
9031189,15.72340425292353
9031216,3.969785492785185
9031272,34.982357259966065
9031411,0.35064889156979717
9031847,13.71462756222079
9032243,0.0
9033218,12.033920330263225
9033229,36.433017264369354
9034645,54.0543258515393
9035181,0.0
9039236,0.0
9039548,5.684973076621006
9039772,0.0
9040796,1.9511287176392145
9041068,73.04312993371502
9041410,1.293606203999957
9042110,0.0
9042177,31.06805232751617
9042594,7.084451313364532
9043628,50.889525669978944
9044466,30.724380783235823
9044642,6.144646733824231
9045358,7.704578666180872
9045655,38.69305789139252
9045818,74.61167390710577
9045876,31.959608113231727
9046203,74.08579634899272
9046274,0.9470542139990883
9046808,0.23141901041942248
9048374,38.553991545056085
9048434,31.270912226415867
9048630,31.303608807881943
9048729,1.4776711442757176
9048963,1.9703635818779652
9049013,0.0
9049505,0.0
9049607,0.0
9049656,0.0
9049810,0.0
9050105,68.83216413601647
9050144,0.0
9050373,42.42740782154667
9050388,8.64027201180621
9050443,0.0
9050672,1.9092901789151568
9051248,14.09036132586845
9051314,0.10487733128097076
9051442,72.70588093420146
9054109,7.105260274593167
9056113,0.0
9056282,8.15217196056998
9056804,0.2318859646424798
9056858,7.3863405933274535
9057395,0.6303836981429924
9057937,0.0
9058111,50.35238421682913
9058258,3.3867149521484947
9058854,32.684560306706
9059314,12.21413094055736
9059418,37.210427579155
9059783,53.72954763977832
9059854,34.95420063725097
9059931,13.2380958036998
9060062,5.101622498758765
9060448,49.53082443175541
9060925,19.598019478074896
9061117,0.0
9061145,13.633628157864294
9061331,39.72105025230065
9061821,0.5996003352151078
9061899,19.98556274351464
9062929,50.66675358265771
9063028,0.0
9063266,12.851547680829675
9063304,0.0
9063376,0.8150537773188091
9063523,18.23448310078494
9063972,8.870188365023246
9064211,3.1678376475700603
9064394,39.24032527867286
9064723,54.2373569102377
9064820,8.140809822900557
9065219,9.572753560293812
9065474,1.963594608022568
9065665,3.6970822375675
9066198,7.8358482617329415
9066654,0.538960972988896
9066788,1.8847483286916713
9071813,2.3308243894424194
9072538,0.0
9072759,0.6127163134963283
9073438,43.10327652471
9073600,0.0
9073987,5.09839531280123
9074530,10.93753138647503
9074702,12.667080169263635
9074963,0.0
9075249,3.2282605219617224
9075398,0.41192186126756525
9076464,0.0
9077315,6.557349468566255
9077548,0.0
9077610,9.05436992032039
9077858,17.636610370975923
9078183,28.66199240267334
9078187,87.03272420229922
9078339,1.3095078054159117
9078340,39.266303689426664
9078357,9.862590081226791
9078632,70.27524723052454
9078739,60.6355861703311
9079330,0.0
9079807,0.0
9079871,72.75405365654568
9080467,0.0
9080886,2.491230620787938
9081009,1.0486820002295758
9081032,16.60600945179194
9083471,0.0
9085154,34.10019421806202
9085598,0.0
9086629,0.0
9087160,11.980597144397109
9087285,3.957225444298899
9087566,12.976028565174566
9087923,0.0
9088278,32.37222864651739
9088331,0.0
9088444,4.171906757264551
9088480,0.0
9089397,4.712745897114651
9089732,6.284058540047205
9090606,0.0
9091714,57.57855935030863
9092024,0.0
9092331,3.516194353131702
9092845,20.051323760326916
9093032,0.0
9093168,5.49720227149124
9093261,0.0
9093446,1.849199546102959
9094134,0.0
9094496,11.53014249695449
9094789,3.421441825072449
9095053,17.676900053335906
9095086,14.222287125700575
9095319,39.467865047307775
9095433,0.0
9095482,22.13110476672677
9096327,0.0
9096381,36.12258281673856
9096383,10.673249776043711
9096535,5.101612754618603
9096938,8.833251260022102
9097056,45.110876542889294
9098234,9.191029719763897
9098690,0.0
9103692,6.460367831974835
9104108,8.62702907290305
9104954,2.9418344966816647
9105518,10.343857280387013
9105853,0.0
9106568,40.91398827142992
9106735,3.708544563551982
9106751,0.0
9107046,0.0
9107062,4.825087126878486
9107118,0.0
9107261,21.32682687650263
9107450,0.0
9107681,3.089057351104259
9107772,34.28381606002821
9107788,9.674525340656828
9108110,0.0
9108196,51.37451814242349
9108295,0.41277812398547553
9108419,32.50759301158465
9109215,3.4501783296676294
9109385,36.492565900830435
9109675,2.769961255720169
9110135,42.111424658040846
9110810,0.0
9110811,24.7974517641429
9111254,11.118653833214434
9111266,1.1109343816394741
9111561,0.0
9112024,0.0
9112676,35.8492873938507
9112776,0.0
9113032,66.52517500785535
9113404,6.656425254605047
9113414,49.12370294195705
9113702,1.785404170724732
9114234,0.0
9114309,35.126753607833464
9114773,10.076773805319547
9115627,32.02465437736228
9115635,13.603043746272924
9116203,72.41845104311989
9116479,0.0
9116850,0.0
9116868,26.847181923231595
9116914,0.0
9118355,38.66870237070571
9118545,40.61710658991267
9118958,10.116071550276992
9119254,1.8553121764461906
9120050,0.0
9121555,20.129614945986006
9121896,23.824201773993728
9124500,19.833062706594283
9125631,0.0
9125862,0.6654582537141138
9125932,30.18660170117031
9127698,0.0
9127871,0.0
9128491,11.347006444875099
9128606,6.441545703021092
9128798,2.803150207075589
9128987,6.621769442419101
9129016,36.236045551541
9129357,86.59493746950727
9129381,0.0
9129491,0.0
9129846,40.12518637682447
9130235,12.942927358831128
9130275,85.57141976558505
9130519,29.62895115749563
9130634,76.58407283380099
9130824,37.23590292382952
9131682,5.757237907333021
9131802,12.880409859965148
9132442,0.0
9132449,20.735816082355505
9132614,15.070535857937351
9132648,26.55912528255959
9132731,17.672568535047226
9132956,4.7761926051955115
9133116,4.958051705231831
9133129,48.969824105393904
9133818,61.8004618819171
9134939,6.791312941365675
9135080,53.057212505286415
9135633,0.0
9135888,0.0
9135895,10.574819057393377
9136206,0.0
9136814,15.21065145511789
9137140,10.84029588465171
9137149,0.0
9137365,92.0
9137480,14.748353645105695
9137533,24.31099431249004
9137941,0.0
9138246,75.66661595027792
9138319,0.44422657431397994
9138452,26.127299890325965
9138932,23.236916724948045
9139174,54.49489295727813
9139495,0.0
9143104,0.0
9144999,0.38380047915785553
9145070,76.68368881539524
9146583,23.750206235700865
9146709,1.0377223129824529
9147250,0.0
9147288,0.3186618430727961
9147335,12.608043877412477
9147431,47.85130463139046
9147463,0.0
9147557,0.0
9148123,6.803619119159869
9148471,2.443317759088778
9148647,3.4839540741604296
9149182,0.0
9149435,1.657260439672477
9149797,10.721848751523652
9150194,27.285301177542557
9150647,7.467451344505555
9150710,0.0
9151490,4.9315655445081035
9151677,0.7969778497875311
9152795,71.44627473018906
9152840,0.0
9152932,0.0
9152965,4.2449174814921875
9153075,0.0
9153235,7.439988200484912
9153695,0.10425803544337242
9154045,20.198762989177983
9154773,2.511843951959449
9155119,30.448469619117375
9155206,39.86226914568392
9155212,19.97986697056195
9155404,5.27976150450008
9155496,0.0
9155704,78.83051558339076
9156011,68.04441999323396
9156095,18.240791745975876
9156108,4.605678131488311
9156331,2.6068798868686756
9156577,70.40179800460263
9156650,0.0
9156676,57.85121670428884
9156678,37.22756972648613
9157402,5.2007681401111014
9157483,0.48291823425731906
9157504,0.0
9157604,36.19887702720284
9162161,1.2270946490064034
9163561,11.516836238302012
9164247,6.436426965423685
9164770,5.494253733268231
9165191,16.998774891190635
9165244,58.67789457112828
9165670,0.0
9166211,7.05008825106507
9166769,25.574582298871626
9167308,4.348264641487212
9167798,7.240931075822438
9167936,58.40253545710437
9168009,6.75752767584936
9168813,7.962625476217475
9168954,2.6536884268752416
9169181,0.0
9170129,56.14225425260006
9170584,8.94893776035066
9171140,0.0
9171302,2.213117846470034
9172067,5.348841997277127
9172192,79.42460331880426
9172277,2.976484420832037
9172421,0.0
9172470,0.0
9172493,0.0
9172576,0.0
9173096,42.617884143131086
9173352,11.872415771770143
9173925,51.55512158086129
9174180,0.0
9174208,23.290908408288807
9176859,58.49716647933807
9177858,37.166505297700745
9179751,0.0
9180626,0.0
9180770,0.0
9181301,8.73943188669805
9181506,5.487350275806335
9182008,15.503245872155652
9182754,39.33084116912365
9183045,8.286686247102644
9183276,32.55511590201511
9184124,60.87862933003013
9184855,42.494798880940145
9185291,0.0
9185416,0.0
9185696,27.94415780238385
9185806,0.0
9186341,2.475374428538636
9186662,0.0
9186862,27.621802641785557
9187622,21.691373525158774
9187924,0.0
9189339,8.65589816742419
9189459,0.0
9189521,11.393760147058991
9189745,8.653170103961166
9191908,0.36660917236272184
9193390,0.0
9193975,0.0
9194620,9.540468678831406
9195534,0.1523872950052052
9195601,0.0
9195901,5.90037310622948
9196017,25.42685467008799
9196297,59.85102807162167
9196408,3.0297033939185454
9196539,39.03068265482722
9196915,3.009780340783294
9197311,0.0
9197433,8.98897302890429
9197573,30.60132635626967
9197704,19.561973195758178
9199020,23.873034791682848
9199104,3.4233960456836243
9199185,56.326853684639026
9200387,21.068587809965067
9200880,21.97902479648115
9201458,0.0
9201989,0.0
9202257,20.96107479017315
9206211,0.0
9207023,0.4907926641895557
9207049,47.38999223908113
9208071,52.80287333196738
9208531,0.0
9209464,0.0
9210071,0.0
9211534,0.0
9211585,0.0
9211719,0.0
9212890,0.0
9212994,0.0
9213448,31.915723271309865
9213504,68.4596504570591
9214901,0.06049433934074955
9215155,8.796604106131014
9215400,10.348085747539265
9215423,0.0
9215618,16.212496709480142
9216366,0.0
9216519,4.813918359857048
9216815,28.252359024567603
9216865,71.18075721752187
9217460,15.14200841393535
9217571,0.0
9217688,0.0
9217770,0.0
9217797,41.1609317347843
9217837,18.41556016376277
9218051,0.0
9218655,24.212208963056703
9218728,0.0
9218745,5.464463099653443
9219049,32.23500293571122
9219127,0.0
9219472,77.07133625143516
9219569,42.30029424052682
9219616,3.9632841032857655
9224907,7.224078148448662
9225536,5.329515197193977
9226737,2.2420919886342077
9228310,11.613808756112412
9229199,73.57621484128747
9229730,0.1454309271191292
9229896,41.84665590475699
9230690,0.0
9230698,8.59576662121546
9230864,65.38129291227133
9231083,9.59776462453383
9231455,0.41919542058119674
9231618,11.354044603562635
9231653,22.015129710963215
9232087,0.0
9232242,0.0
9232501,9.465792840577812
9232724,2.6240535473925846
9233130,15.823498842473647
9233613,6.043564167160348
9233636,44.508592393805465
9234256,10.529516231556194
9234415,11.236076816343335
9234429,0.0
9235166,15.837189051676738
9235946,14.325267157081932
9235960,0.11540267401602478
9236078,50.77964585299803
9236305,37.36122141217708
9236394,57.13147895669737
9236852,0.9912043247438618
9237147,11.99200599905926
9237709,0.0
9237725,0.0
9237857,5.60595820304583
9238046,13.248803479430435
9238061,1.079448255091215
9238295,1.6902554245687753
9238507,12.783623068891568
9238560,47.953179133061845
9239068,21.47630910838746
9239250,22.998431753208923
9239252,0.0
9239268,2.5941525563704815
9239436,2.423781184271398
9239583,27.573780161164386
9239637,16.029296449385768
9239679,18.09491488887504
9239738,0.0
9240025,14.462857013659324
9240138,3.435548168343473
9240499,0.0
9240615,35.00202148039592
9240659,5.91241643793272
9240784,31.24795828470392
9240833,0.0
9240869,0.0
9241147,54.33149497576043
9242243,0.0
9247750,30.926816729311987
9248049,65.3730512915595
9248163,0.0
9248222,0.0
9248558,0.0
9248934,4.926500550274305
9249597,5.422514892531211
9249776,0.0
9250212,10.216746596006125
9250241,0.0
9250340,0.0
9250348,0.0
9250374,5.386418587430931
9250470,55.8842435417062
9250644,0.0
9250731,15.707824560267305
9250895,62.275942614166716
9251298,14.38358960383524
9252156,12.608285262735045
9252257,0.0
9252443,10.598665069302122
9252484,0.37287002160845617
9252835,50.238966783490014
9253282,14.635944631494858
9253505,0.0
9253638,27.65876575474382
9254332,30.506628451148913
9254533,77.70541357139696
9255115,0.0
9255297,0.8058624362974598
9255470,0.0
9256323,27.908684082622973
9257315,1.0522049219444014
9257904,66.40291207914474
9258236,46.40303319553079
9259254,0.0
9260328,0.0
9260587,27.70008211930562
9260911,73.92083644976543
9261392,64.30651671970332
9261610,47.81054276696811
9263535,16.218463391564057
9265785,2.514276724986125
9267641,14.466178547480403
9268702,0.0
9269126,28.362508406759822
9269191,58.743910462825504
9270006,9.218666657509182
9270122,7.659076273114657
9270176,0.0
9271322,37.54930337737865
9271567,13.39856048430628
9271742,68.40180015499088
9272841,0.0
9273010,31.842226786563167
9273345,36.67466554376196
9273903,42.05467093382051
9274832,0.8135343521848384
9274960,0.0
9275691,34.00469962309795
9275885,13.110555548371075
9275941,16.014565912988324
9276535,0.0
9276587,9.118681461760758
9276877,0.0
9277581,13.378039672428912
9277635,29.710224166447958
9278568,0.0
9278723,28.484411580942997
9278786,1.8534337542307249
9279054,0.0
9279146,8.795503617707247
9279308,35.334613967434066
9279343,55.21687626126592
9280117,0.0
9280184,18.780449216552228
9280474,0.0
9280667,0.0
9280872,65.22751974416909
9281146,16.377944004347988
9281201,38.84241192452673
9281881,1.9779367832903816
9281947,50.879038327786475
9281978,8.881471821415063
9282008,0.0
9282368,3.6748100406729733
9282437,0.0
9282443,8.2960297320231
9282692,40.14131935903487
9282872,16.876129655083915
9283228,0.0
9283561,0.0
9288358,14.694997588449592
9288652,5.726726274961841
9288977,6.423015036371108
9289352,5.411417003283894
9289871,0.0
9291285,0.0
9291537,1.0534525146616787
9291870,3.589062849140099
9291998,12.661691058067
9292183,1.108176848978907
9292449,32.5598317587906
9293319,0.0
9293571,17.340863590301005
9294074,13.222207978022688
9294257,2.8390555255058985
9294446,0.8284132112164357
9294872,6.211979815363726
9295261,1.8178608285552187
9295345,4.242447992595643
9295725,24.397016256680075
9295846,7.847573046608211
9296089,0.0
9296132,81.4627054627434
9296598,0.0
9296742,0.0
9296744,31.282522029559196
9297237,0.0
9297603,9.632476966191952
9298319,62.386477779884665
9298426,22.052087941911985
9298746,0.0
9298802,0.0
9298825,13.511601300198826
9298992,6.175178240108458
9299035,0.0
9299042,0.06125492585817227
9299164,7.691828793266701
9299210,22.701127564041663
9299256,0.0
9299672,57.86074779554029
9299921,3.2763765373063904
9300033,1.0791103503080564
9300478,0.0
9300634,0.0
9300701,11.034568921100437
9300714,49.906581512306175
9301402,0.9759883248172301
9301562,0.30287451270363874
9301647,3.6495975040088666
9301755,0.0
9301784,0.0
9302048,1.0220461896750308
9302654,0.0
9302921,53.16207830696243
9303376,0.0
9307115,6.312630887523326
9308016,0.7048555034803776
9308944,9.222230531772471
9309301,39.89250133143972
9309328,7.750752976862884
9310119,8.361777094824017
9310252,47.21310301227219
9310518,35.802484410584356
9310777,34.83270510521856
9310896,6.545099623848003
9310923,10.929632463725277
9310939,12.350663512168502
9310972,0.6631177484280641
9311032,0.0
9311348,5.108329433872946
9312164,0.3621674073146792
9313792,40.80045504571719
9314004,4.096677847161082
9314036,10.667986271856925
9314474,89.90674925698528
9314873,0.0
9315152,8.225476807901806
9315478,1.4430712546463837
9315559,64.49806418019972
9315567,43.46365540116219
9316006,0.0
9316033,6.832642524778095
9316060,3.5033408900103638
9316086,0.0
9316143,0.8989280969878877
9316287,7.90951403926141
9316305,51.49447807684764
9316815,3.2842681200234054
9317303,3.2913681503428975
9317573,0.0
9317622,52.499677964357254
9317907,0.0
9318239,5.513553219793884
9319328,10.049813913205135
9319569,54.57011056576811
9319688,4.946955212153064
9320053,0.0
9322463,10.836362596996146
9322949,12.857036913777058
9323310,1.7221393983341713
9324448,33.98859514060933
9324521,50.2563773645363
9325853,0.0
9325887,0.0
9326851,24.332718401486893
9326969,0.8915165250151915
9327507,51.41544134532756
9328355,50.556601755125364
9328396,64.49603167895705
9328481,16.039320341543565
9328578,39.70953571946836
9328896,55.941034967975334
9329170,28.94213780166954
9329425,11.224460413412366
9329658,0.0
9330231,0.0
9330321,31.836397564278787
9330440,24.39588775466947
9330813,4.648007844722578
9330884,3.3802544613897894
9331214,7.4652320172615845
9331257,29.008216548071374
9331413,5.265857819623555
9331444,0.0
9331520,78.26146478109351
9331558,4.238735530154692
9332396,0.5938281100884382
9332872,50.05497011572055
9333039,15.95839054521263
9333310,0.0
9333364,31.220670569165595
9333433,2.2754100485431152
9333460,16.033937416295068
9333533,16.755189421806087
9333739,0.0
9333862,6.659365051703922
9334192,0.0
9334228,7.5930461541548695
9334365,0.8774287589646761
9334427,15.9687266087492
9339092,12.818907677048358
9339253,3.6555382060991164
9339308,47.80378751854406
9339334,36.95900840179598
9339373,23.041359513684775
9340975,18.803367696357277
9341196,0.0
9341252,12.56442683263348
9342019,41.521043534496144
9342263,35.393811934057744
9343759,0.0
9343896,1.4320334920746447
9344000,37.029800934560235
9344016,0.0
9344626,0.0
9345523,0.0
9346357,0.0
9346456,0.0
9346752,57.742819448936906
9346899,0.26587109235212125
9347278,10.704023474624986
9347368,6.059458810059645
9347422,1.0581404346232333
9347752,3.5996448840348165
9347803,0.0
9347830,1.0039771685616543
9348249,0.0
9348389,42.53097216179365
9348923,50.92124180368333
9349116,1.3939489183731872
9349221,39.607383822237516
9349483,3.5654420361974033
9349542,0.0
9349755,72.35561271083156
9349866,0.0
9349949,10.644050681946972
9349950,49.256024698404765
9350060,61.86938148304256
9350103,0.0
9350125,8.253778430815785
9350164,7.165639145715687
9350295,34.33093787455408
9350729,20.38916071771748
9350889,0.0
9351006,49.02446056527911
9351013,7.818610302739856
9351036,30.170654927574382
9351769,0.0
9352684,0.0
9352791,21.900496288304332
9358718,0.0
9359064,34.835560672342005
9359438,41.21354069273148
9359827,0.167129248704029
9359933,5.591922555535696
9360072,0.0
9360968,53.013445224992104
9361107,63.653097767918446
9362100,6.10895931176875
9362269,38.0849907647874
9362280,63.01958135483659
9362315,0.0
9362344,63.508354381914124
9362388,41.44290686062031
9362527,1.1941173150229432
9362648,2.1544861144687886
9363046,0.0
9363340,0.0
9363344,0.0
9363417,12.082477052229848
9363741,0.0
9363749,15.854410145980545
9363823,12.80799368801457
9363970,0.0
9364043,0.0
9364096,9.736991967914271
9364257,5.895671680242053
9364352,0.0
9365025,1.3089746666618858
9365259,0.0
9365581,92.0
9365929,0.0
9366483,2.7731337204312396
9366680,5.963886271250168
9367054,24.302589454246196
9367337,46.408612966288814
9367472,8.549541567927765
9367562,0.6042493445252575
9367571,31.278620180501377
9367923,0.0
9368365,0.0
9368377,9.933581827932176
9368845,0.0
9368969,1.5705379708373925
9369032,7.150051839384709
9369087,0.7126802353593646
9369116,76.08469951347423
9369127,9.851389129111901
9369514,19.010609626202974
9369699,2.817753877282172
9369705,8.154466334961178
9370059,4.909197260072844
9370370,62.8261625621917
9370382,40.796326179803735
9370403,12.0909794543714
9370501,8.279112593405465
9370513,11.009846743824252
9370896,28.080895898806826
9371009,6.782099465119124
9371045,1.3835850080606846
9371138,0.0
9371163,60.288440376883194
9371171,51.66359303002673
9371173,0.5168310801293003
9371349,2.9752531825573456
9371362,6.376442558240349
9371645,7.280453919374999
9372147,0.0
9372158,9.225352631603165
9372527,12.369850281309901
9372859,21.128013642702093
9372941,11.323192215773567
9373011,3.3695754708632677
9373100,23.918846364740723
9373167,9.817043484377145
9373919,5.540515731663312
9374060,13.027172153794403
9374169,12.665670818876741
9378184,71.17466193165899
9378785,0.0
9380291,18.341081299695617
9380429,0.0
9380912,14.385167106075784
9381224,9.000093764454455
9381259,49.97197801934217
9381315,0.0
9381697,8.757060881590583
9381790,0.0
9382195,14.332184387065645
9382321,0.6590501278952203
9382719,54.72376958031252
9383044,0.0919687982281161
9383071,7.439826206172093
9383634,38.67344315176978
9384231,0.0
9385566,0.0
9385743,0.0
9385790,19.156408445922217
9386602,0.0
9386675,0.0
9386678,37.86924020600448
9387165,0.0
9387349,0.0
9387437,45.25549788002208
9387631,0.0
9387676,46.88619275213862
9387913,31.133461910257118
9387914,8.392484000191978
9388254,65.55750969611404
9388397,4.803408613101574
9389037,4.569625133857286
9389575,41.32649658051217
9389620,23.288493053431633
9389656,5.198654446628041
9389827,46.204361770074755
9389977,0.0
9390033,6.468398665106626
9390061,43.1908147569814
9390084,0.0
9390885,3.7306389133091855
9390925,0.0
9391149,40.15578501298064
9391333,68.53459247318597
9391509,92.0
9391567,0.0
9391829,0.8122640817168261
9392048,19.961484997713036
9392095,60.11973542451008
9392315,32.80338976308037
9392466,55.65257608630954
9393005,0.0
9393322,64.80844808545677
9393343,12.034002724605976
9393417,0.0
9393674,77.07429230028532
9393783,8.148408700288286
9393873,15.2790056029093
9393884,12.418378678742734
9393966,8.91619985900062
9394477,10.024546671135383
9394510,0.0
9394565,0.0
9394635,32.4643885944401
9395060,0.0
9396442,34.25467960334616
9398776,28.838620098371948
9400975,5.091178298608831
9401166,14.219355317863325
9401453,4.432489274138199
9401896,56.62205607348607
9401974,15.447083104050954
9402649,0.0
9402760,66.11097717779214
9402952,51.11442270163909
9403351,0.0
9403419,0.0
9403626,78.42717245908364
9403766,3.317528686303749
9403872,5.060996668894703
9404123,79.1477924836077
9404455,45.61862236475896
9404707,36.82748071524618
9404709,47.67490695994583
9404985,65.5052237617908
9405150,0.1387236001302341
9405162,1.057576885348702
9405488,59.20726151732418
9406234,0.0
9406699,76.89837665049905
9407912,29.255474372393255
9408107,4.281208218383178
9408178,1.5947322546342448
9408218,71.95884796293713
9408391,0.0
9408494,0.32256983602980327
9409245,6.577921162762696
9409367,68.27016681786344
9409457,79.4483047363534
9409873,8.9430202806939
9410042,8.049595917566165
9410510,52.26004877414809
9410527,1.766680380625722
9410846,66.79695876427024
9411126,62.39512675866259
9411379,16.550006787771338
9411743,29.84794983837964
9411914,0.0
9412082,3.131327922902962
9412351,6.379542579600937
9412375,26.1252081283372
9412522,28.725311392112303
9412617,15.409682476330218
9412652,0.0
9412891,0.0
9412913,2.781892449195091
9413287,1.6938854410973008
9413386,12.322301850036553
9413501,4.458844339666008
9413603,65.22343828787558
9413642,0.0
9413779,39.84267531602396
9413794,69.78681332247842
9413809,36.00295515711745
9413861,5.858804922931014
9414019,35.77670182755534
9414036,9.062076377401048
9414237,0.0
9414521,3.6356494003581403
9414929,13.048310732693501
9415125,0.0
9415426,27.573729956652862
9415450,14.450703823949887
9415577,30.685603191173495
9415661,0.0
9415828,11.169432039329557
9416000,13.955110406209908
9416039,0.0
9416084,8.217987708796805
9416198,74.7043867476821
9416560,11.328960358844093
9416852,0.14745416933520872
9421542,0.0
9422196,2.51554245128046
9422273,6.746362436870847
9422331,0.060648940750464675
9422915,55.36360798740784
9423397,53.66986218506059
9424118,61.25068441176286
9424217,0.0
9424314,36.898596455256246
9425074,14.44744174475941
9425835,11.025326531385893
9425847,69.19333781636571
9426095,10.114996529503252
9426345,14.243382659749248
9426418,0.35638374684754126
9426526,10.05903529596197
9426612,51.80120504320354
9426786,29.649266792178317
9427101,0.0
9427341,45.40461387589966
9427418,0.0
9428609,19.35488397963468
9428684,10.37254571234147
9428696,21.27060706577428
9429015,44.443762485373064
9429038,79.92446860013652
9429451,2.303239188711501
9429554,9.680076516891994
9429658,3.2982951913728655
9429855,9.961676387174244
9430133,0.0
9430326,0.0
9430623,0.0
9430740,32.175509444081676
9431085,73.60209982827678
9431369,67.79396979788564
9431865,4.912430000344408
9431992,53.32669377652036
9432750,21.77633505885813
9433234,37.96122798716653
9433334,14.448569287324265
9433824,4.094555983113736
9434105,68.17024236556487
9434213,67.41015506063027
9434495,57.903932885215234
9434513,49.93672801654668
9434781,0.0
9434801,42.42216422348174
9435148,3.4436724649594552
9435234,31.970531710564707
9435462,17.383528481839697
9435568,66.68993409498597
9436038,9.024081120031369
9436315,7.268769796684275
9436559,4.3887242460374765
9436650,0.09719994826082967
9436968,0.0
9437085,0.0
9441186,73.62723899314676
9443463,13.079671271359103
9443647,0.0
9443733,7.9550445815431985
9444300,9.490490281898495
9444819,0.0
9444997,42.66121844690395
9445501,8.237027946328578
9445652,40.52856067027118
9445687,6.534799990813283
9445757,69.9083871800947
9445766,77.46148253903857
9445789,8.919625397993197
9446298,1.8474095224359317
9447019,22.93952959088803
9447137,10.419069381919517
9447198,0.0
9447274,5.432174243260228
9447707,0.0
9447954,10.415322428562838
9448029,1.438950640517774
9448135,76.68750630546793
9448279,3.07233134265455
9448558,7.662213876538885
9448978,17.81209680448488
9449002,10.79341112955698
9449323,11.96025533862467
9449361,0.0
9449603,55.25749863856206
9449713,18.218726324271906
9449718,48.30644451821289
9449888,40.73505218524001
9450671,14.660292953183031
9450738,11.299571229688326
9451025,0.0
9451126,73.5662002854285
9451165,26.022477824696388
9451184,20.737106597586084
9451250,50.59429441162685
9451334,0.0
9451597,81.14920695543694
9451768,0.0
9451784,10.133444420667452
9451805,21.006811468487335
9452037,0.0
9452061,0.0
9452113,19.525357411520723
9452124,87.58503206188482
9452127,36.384383337140584
9452354,11.26988453036958
9452399,0.0
9452425,0.0
9452454,47.72867279987955
9452728,50.53668004175145
9453126,59.845413958209406
9453245,0.0
9453249,1.7126011577547118
9453266,9.059110266530233
9453302,56.191115254970505
9453356,8.476956462133224
9455269,79.79391942490592
9455454,3.0107588880437675
9457202,0.0
9457285,62.495402018778655
9458150,11.22268115086149
9458247,4.43093428536266
9458372,19.143134329492348
9458393,0.0
9458811,43.92054902510514
9459910,15.510392929569093
9460093,1.4880617619638699
9460513,10.68408614145244
9460661,10.946332443423984
9461085,14.256231953677421
9461086,8.070739795909986
9461187,0.0
9461214,55.93887388262178
9461238,80.86065945882599
9461634,14.008966480109642
9461660,0.0
9461747,1.4012487486702128
9461779,6.002603814727205
9461801,0.18279149695728591
9461836,0.0
9461963,4.834283643910236
9462015,32.100412401574964
9462070,4.236210290144733
9462208,11.703945739649505
9462694,0.8860166964103797
9462850,0.0
9462884,12.580010553550213
9463039,8.035774347699537
9463130,0.0
9463628,25.59015164063318
9463681,6.480939548616789
9463692,55.60931092083285
9463790,0.0
9463804,12.54123292459181
9463830,0.0
9464046,6.123303203911483
9464098,7.744611109086016
9464195,0.0
9464235,0.0
9464267,0.230717444408711
9464507,0.0
9464528,4.531891903597959
9464560,0.0
9464605,6.487696580125345
9464672,5.0765253333341676
9464780,0.0
9464876,42.24192270560035
9464900,0.0
9465382,21.90156834546226
9465717,1.4970939623274262
9465778,2.7742709102135237
9466759,52.81648459081964
9468563,86.34717030471549
9469014,4.1856335564470655
9469655,8.635447246712111
9469827,0.0
9470048,0.0
9470121,2.6443316638898864
9470148,9.235547763307856
9470554,0.0
9470677,73.07162076398848
9471498,2.031596570258685
9471715,57.57246674971467
9471807,0.0
9471997,1.5726959059088017
9472829,32.25579729941799
9472966,0.0
9473014,35.50115016852176
9473393,0.0
9473484,63.0386337258144
9473646,46.3562556908253
9473663,0.0
9473798,13.545633357395843
9473828,0.0
9473837,0.0
9473852,0.0
9473889,13.428082564809124
9474161,16.67404104446299
9474495,7.605190581998379
9474607,30.023850489471066
9475494,0.07549300149866411
9475501,0.0
9475631,0.0
9475703,11.544578317643804
9475894,9.104475060688259
9476212,0.0
9476243,13.31218943203708
9476293,0.0
9476353,77.29312227768648
9476397,2.1338972499274362
9476551,63.90670409322008
9476759,92.0
9476831,0.0
9476850,66.47043829536725
9476857,0.0
9476882,26.93406707701125
9476900,3.9331916981226698
9477000,0.0
9477010,25.574896307507462
9477096,0.0
9477211,35.97426197122865
9477349,30.24194488032842
9477653,1.6950656814132259
9477830,0.0
9477888,3.055685449368532
9478169,0.0
9478196,40.28514139113913
9478446,64.53884016831509
9478506,0.8855553998971928
9478577,69.25105542457624
9479348,20.150363044248817
9479421,6.556188654872479
9479513,20.852290172435904
9479608,0.0
9479647,0.0
9479656,10.471251060239531
9484148,0.0
9484158,1.837770867109601
9484208,10.260702999857564
9484892,2.268057843132553
9485047,46.77329654053759
9485301,40.91352539378186
9485606,67.3074399385427
9485989,0.0
9486300,26.51512888593269
9486332,0.0
9486575,0.0
9486678,25.583350612100855
9486698,3.996842620325573
9486784,0.0
9486786,8.102825907975223
9487251,62.21703510430774
9487327,8.385676212617923
9487684,4.597674062542161
9487692,5.364898857059359
9487838,0.0
9488408,25.5971634536967
9488860,2.984291462995806
9489421,9.009781364822523
9490080,0.16187538895594855
9490137,69.30149018105635
9490199,0.9581886268522979
9490272,82.83019729676738
9490415,3.2875675914549944
9490541,45.07075846837334
9490600,0.0
9490639,0.0
9490889,21.742207313157245
9490926,0.0
9490959,40.97337018778912
9491126,0.0
9491872,0.0
9491922,0.0
9491947,12.683603667892932
9492011,69.71051363241773
9492024,9.251491307894874
9492069,0.0
9492165,1.7575708635489207
9492398,82.80671718169896
9492640,64.32548134006683
9492750,25.26217734421049
9492860,0.0
9493086,19.761639306237463
9493269,0.0
9493306,58.594967467423
9493360,2.6741144217082606
9493403,0.9639329408620299
9493699,3.2293491014983147
9493786,0.4896205878924249
9494534,0.0
9494701,2.155711794662448
9494786,6.420994159407982
9494826,74.97543543411574
9494900,0.0
9494965,1.9944269027659658
9495007,35.24938426371326
9495140,0.0
9495424,0.0
9495502,5.038948624713527
9495982,0.0
9496026,5.676936924336829
9496094,11.876924945769566
9496206,58.437215437422616
9496371,0.0
9496372,0.0
9496398,1.4103908577292827
9496502,52.98968990036918
9496845,47.93276913524604
9497062,11.524663794925651
9497080,44.950838052351166
9497513,2.886391640713235
9498138,0.0
9498940,0.0
9502016,36.587680097229516
9502150,23.734614725578844
9502712,37.66294157558202
9502981,37.7926107712576
9503704,15.401684898616992
9504072,48.509385520499045
9504882,33.62937227331398
9504968,46.41593575057548
9505047,4.158360404514319
9505105,48.46448601693691
9505111,46.98968547269153
9505158,14.273764946039456
9505268,0.0
9505512,63.50377715661571
9505563,0.0
9505602,0.8043628279066297
9505686,8.662666461049188
9505762,78.4729069509471
9505990,6.423043297507284
9505991,22.937284181498278
9506306,45.6498216206742
9506526,12.482197356266916
9506861,69.7229766478116
9506882,8.373684737262149
9506945,19.58263218090817
9507042,5.516640121499833
9507132,3.1561377462872535
9507244,5.019105241501244
9507596,0.9961336331374469
9507794,2.7965262438631413
9507915,0.0
9508057,0.10557952247374658
9508105,0.0
9508137,84.35427597405241
9508162,24.832171717930745
9508288,32.49315655067456
9508497,0.0
9508668,4.334586401253993
9508780,1.4667957009313923
9508962,8.233892729455654
9509148,40.4807374725327
9509369,13.92270009995206
9509529,0.0
9509672,43.082540740939415
9509686,0.0
9509691,38.63831908921981
9509922,44.100631680484724
9510151,0.0
9510158,35.90142314491278
9510370,2.166155123679154
9510385,7.972361086057717
9511073,10.650583755493308
9511112,21.76700057647404
9511119,0.0
9511370,2.3895538507650755
9511559,0.10824153023514782
9511851,0.0
9511865,11.79954254077095
9512164,0.6348289630929358
9512347,17.909396750991526
9512419,18.311193868618204
9512472,1.1955438008316577
9512594,64.01606578602684
9512612,6.648236467604285
9512773,31.42143276442316
9512844,50.19431520528431
9512888,5.129950050573818
9512941,0.0
9513248,0.0
9513261,8.405202829430614
9513312,0.0
9513357,8.83136430086433
9513408,65.50977270481059
9513511,8.7388452221265
9513743,33.005662073639094
9514368,0.0
9514432,11.347761999429764
9514549,0.0
9514670,4.427705766998578
9514721,65.59051902488639
9514730,1.0345369916311142
9514772,5.578139371119896
9514832,0.0
9514839,1.0490223019538618
9514935,0.0
9514937,8.215453070377286
9515409,6.077549974274071
9515597,0.0
9516142,41.91602313439707
9517488,6.627180788185839
9517507,62.48632363933252
9519514,16.530923067369407
9521009,0.0
9522516,37.051296436629606
9522986,2.7726331393118855
9523023,23.33033853281384
9523125,3.430533025711327
9523156,51.992146243927095
9523627,1.1502685064659275
9523761,4.519613823043635
9523762,12.643675759181043
9524047,17.269258018370927
9524129,6.377624359901624
9524141,3.69914939063721
9524433,2.592803344076607
9525001,3.0132883141804854
9525096,15.100666722812157
9525173,0.0
9525241,11.828391810904023
9525335,0.0
9525377,2.186564120132793
9525490,0.8315334634281655
9525531,15.917979588427137
9525925,53.57003054986107
9526313,0.0
9526314,41.80858331433908
9526794,38.91768289513268
9526879,0.0
9527244,7.445063085859211
9527407,40.244952178455826
9528568,0.0
9528648,48.18052369205499
9528987,10.03525366884535
9529306,0.0
9529332,61.09025953003908
9529431,0.0
9529493,24.280567718677112
9529607,6.112076236190163
9529662,54.62805635205823
9530079,4.100768630010201
9530083,14.870843822978987
9530287,0.0
9530381,90.03206120356344
9530714,60.70886645042007
9530797,67.07642997615909
9531565,4.755148355837271
9531676,0.0
9532024,2.655098294265194
9532048,1.745714930386164
9532435,75.0711660805284
9532913,2.6481272594145437
9532973,0.24498737151539274
9533089,23.83935730080298
9533144,1.7636742411662922
9533222,0.0
9533818,0.0
9533889,17.348257564711908
9534209,3.0665178609761377
9536965,19.392329359620497
9539111,0.0
9539212,2.9703547253502514
9539397,0.0
9540005,64.42856257539819
9540147,30.63100445761561
9540193,44.582312626481716
9540974,0.0
9541017,0.0
9541094,6.088547273599822
9541320,5.218667773726985
9541514,0.4919692006086578
9541921,5.06068570394708
9542140,29.692017680761815
9542572,35.335838517510915
9542827,0.9594895952030953
9542872,0.6774066924784066
9542984,11.552897755161801
9543637,9.156535981654642
9543640,11.978182894286334
9543678,17.354464923050116
9543824,5.5817584081634095
9544410,53.380816572065726
9544597,9.228750840146922
9544653,3.014177964903631
9545059,0.0
9545164,43.36701557394817
9546184,3.795103597834107
9546215,6.123876810997473
9546267,0.0
9546587,26.747998074203338
9546711,44.258457436704255
9546808,7.760653262883814
9546888,0.432083046617727
9546943,18.22198565157749
9546944,0.0
9547019,17.24422668155369
9547160,8.272229309344617
9548120,19.03339143683188
9548191,54.347465560308486
9548427,8.872449699232497
9548693,18.021798849103316
9548728,0.0
9548756,0.0
9548788,0.0
9548866,16.863953363431747
9549076,12.057702193923681
9549078,3.7040855409507074
9549118,0.0
9549223,0.0
9549572,1.4704611011817263
9549790,10.175970271131067
9549937,1.1414021121577491
9549987,26.010280198640437
9550142,10.820726678685254
9550147,73.14243956954861
9550276,0.6577180064188219
9550306,11.552156167911086
9550392,6.856750228412025
9550423,3.4083409152596644
9550501,0.0
9550620,33.799897541943245
9550750,15.632490831843953
9551158,51.269382482658294
9551417,31.499578971587002
9551672,7.790175550918438
9552317,13.554530829191684
9555580,0.0
9555648,57.162758841838624
9555679,0.0
9556966,30.785387110565637
9557136,0.0
9557226,59.359754414798054
9557775,47.991112564838225
9557776,7.580811000128822
9557816,2.673529208586565
9558085,10.059477689211135
9558152,1.221895432234966
9558396,6.462676486620673
9558500,15.294863762754396
9558860,0.0
9559115,6.150857809435905
9559548,0.0
9560057,1.3245357182677182
9560089,8.830035076183258
9560141,6.713466069822317
9560526,0.0
9560832,0.0
9560834,6.335269619414259
9560902,0.6666040812348726
9561222,48.90106434112048
9561332,12.709754369109714
9561448,0.0
9561631,9.487300952309035
9561664,5.344297573573151
9562515,18.738194470998558
9563063,0.0
9563210,4.532705746885327
9563266,59.72923502676178
9563436,38.91299423241519
9563766,0.5502792450178973
9563868,81.01772536454254
9563873,43.53351424660028
9564057,0.0
9564140,0.0
9564260,20.720085086416255
9565788,51.135589204683725
9565831,60.42545103286688
9565934,9.889935839224776
9566067,2.6024965546739054
9567875,0.0
9569572,3.191035457937531
9570366,0.0
9570519,0.0
9570939,13.449140453150754
9571263,5.67055132692947
9571369,31.95805186452042
9571516,0.0
9571623,7.213598497090317
9572219,52.40798506781345
9572653,3.7424218064537342
9572779,0.0
9572909,10.174247132008325
9573394,0.0
9573507,35.885733358155356
9573564,2.934329613417809
9573606,6.424726352877705
9573876,0.0
9573898,30.475453111752614
9574455,8.024792173239867
9574877,0.6395320331744401
9574933,30.327297895324314
9574936,43.66241227027527
9574953,21.685915268584758
9575049,47.640485015155356
9575089,24.392322761748567
9575138,10.039629872715757
9575226,7.507049692976274
9575236,0.0
9575285,0.0
9575298,0.0
9575320,0.0
9575455,11.407741105670333
9575562,20.534377950287784
9575682,6.091257049751931
9575809,0.0
9575930,5.518035850747005
9576155,83.62666460889933
9576274,66.84420214729167
9576329,0.0
9576342,0.0
9576344,0.0
9576478,60.59128921631092
9576906,0.027661827337325917
9577543,2.4374067129579444
9577556,1.168248548032203
9577644,22.519819674183687
9577660,0.0
9577748,1.601201780171408
9577777,42.956580987086646
9578255,24.46863391771032
9578438,79.43514368688702
9578639,7.717703914033898
9578683,76.73581532709147
9578848,1.1005331589210599
9578857,1.3375186350658126
9578960,9.661535260896464
9579067,7.030516304170185
9579770,0.0
9579927,90.27615943726681
9580372,1.3759736945241414
9584779,0.0
9585027,1.49262275101308
9585055,24.771314981063657
9585339,7.540808946407729
9585440,0.0
9586086,7.6594748405356725
9586258,0.2963625732453963
9586691,2.4903140677780087
9586958,6.70998510789069
9587066,0.0
9587846,0.0
9588053,1.1307823075346555
9588164,0.0
9588196,1.1988512998150398
9588888,9.052406539878156
9589030,13.535778551508322
9589676,2.678189202068218
9589722,0.0
9589764,10.791672323012087
9589879,31.985509259830806
9590048,1.202818788845363
9590519,10.848193027232476
9590861,50.87731696634312
9590866,1.0076286520726043
9591135,11.808291756954176
9591645,0.0
9591966,5.778286437293701
9592032,0.0
9592159,7.148824284548091
9592562,30.030769361733874
9592585,68.6772550898076
9592655,1.9387283498505
9592725,20.384335201585397
9592975,0.0
9593065,20.57288542770538
9593075,4.773346938610231
9593737,5.68839207527342
9593794,36.91411881952502
9594046,0.0
9594188,2.7951509148655376
9594568,70.0828623721695
9594885,0.3409394087053741
9594936,34.08313274479153
9594976,22.833165210555123
9594995,90.98359274299793
9595063,1.8488567958130027
9595099,28.628508105761533
9595779,0.0
9595836,46.56866922543888
9596042,14.468540699397657
9596089,0.8055935702615855
9596207,0.7983664194856317
9596299,17.612660205914388
9596561,0.0
9597325,40.859395611317545
9597422,23.183381738521604
9597627,45.467877991055595
9597676,38.428324437956235
9597931,23.141125098941906
9603395,6.176890558451667
9603611,9.421103444274912
9603991,0.0
9604011,6.844694898091333
9604045,4.6319178768431755
9604498,13.063409911741076
9604629,1.2734495542749507
9604772,6.976360279105862
9605039,34.771692640925046
9605192,47.06269614878625
9605259,0.0
9605451,11.108336274665518
9606229,37.551504063207375
9606360,50.27501965736455
9606504,0.0
9606578,73.94715325320354
9606642,8.257480754088668
9606704,0.0
9606773,10.428406451268529
9606832,0.0
9607275,2.346683596988292
9607482,1.4468744310533914
9607920,63.7986717666807
9607952,43.3438979977195
9608639,49.04124735819335
9608753,16.778316834924276
9608814,51.77727339216482
9609140,67.0665861187035
9609246,0.0
9609356,23.48518898427603
9609588,4.729316788411165
9609800,9.801085202888864
9610258,28.21790615314118
9610982,0.0
9611059,60.489778314797
9611216,1.7427225211006245
9611372,11.012188702999175
9611469,0.0
9611593,2.652701591956678
9611656,0.10609794292179942
9611659,45.28604544517618
9611741,0.6838523357365105
9611968,13.345876676778815
9612260,30.11021799819765
9612294,24.028623842674754
9612676,0.0
9612732,12.255231169065475
9612758,27.572057000258305
9612946,0.0
9613420,1.2616240053686099
9613465,35.78402536093526
9613532,74.58647456457315
9613541,0.0
9613565,0.0
9613574,22.518769701737405
9613781,58.368157979643875
9613813,0.0
9613850,0.0
9614123,0.0
9614672,0.0
9614688,12.20363030421992
9614785,65.49590189591639
9614889,0.0
9615209,11.272197450134271
9615352,0.0
9615422,2.2949667079554956
9615504,8.674051956037282
9615576,10.427923580517891
9615644,0.8245681318621578
9615976,1.1395505360419875
9616080,0.0
9616400,10.198400402421036
9616453,0.0
9616534,38.90916963840707
9616635,12.403832592847607
9616729,0.0
9616842,42.58760731315963
9617219,62.03462443204094
9617349,4.367464882036423
9619848,8.39305983031823
9621849,31.04099413006768
9624177,0.0
9624220,6.150591174063621
9624796,20.72649799252938
9625125,0.0
9625266,4.835348989234852
9625344,0.7570485529756823
9625346,38.98165744556936
9625731,52.743896271075094
9625790,11.70189301753529
9625889,45.78309612692149
9625926,0.0
9625955,1.2767660317605092
9626145,0.0
9626150,3.987940714540702
9626243,13.571844550209569
9626477,7.215148328945354
9626509,0.0
9626675,32.01907637210492
9626760,13.042125704419401
9627012,41.23019024566023
9627442,1.917334447424416
9627513,38.56585661856217
9628198,38.988323707970274
9629171,7.031050003764264
9629178,1.1719587859988998
9629194,0.0
9629345,0.0
9629551,35.63107948299892
9629581,35.920359441574796
9629672,22.008248006014107
9629811,12.072238348011602
9630011,4.653072483134487
9630336,0.0
9630730,0.0
9630970,42.71284451399758
9631175,0.0
9631444,0.0
9631808,45.131846098918444
9631903,11.914349972554653
9631959,0.0
9632372,19.248302911946702
9632692,6.342863057153735
9633323,28.75800297247349
9633579,26.273268512769484
9633608,25.564978747115042
9633740,38.680654908277866
9633920,3.573308407875821
9634829,6.369896930327478
9634880,38.66897822231199
9634995,0.0
9635160,4.216482660963699
9635555,0.0
9635607,30.44258477060186
9635880,27.194993716844692
9635981,16.195487885871664
9636009,1.638826163422756
9636293,12.045821539033106
9636675,0.0
9637133,0.3712758543657415
9642518,78.15415907923392
9642915,0.0
9644037,26.834682105290106
9644386,51.60065190545317
9644430,0.19904293880555457
9644444,50.93117187674174
9644961,3.8688949804337156
9645272,92.0
9645338,8.294546768909903
9645422,19.511847469662918
9645934,9.987195036813922
9646181,0.0
9646272,3.5777085994435893
9646357,26.84170482652376
9646412,44.3174530735391
9646678,0.0
9646745,15.226612012821398
9646918,3.8450056474710017
9646958,0.0
9646972,12.593438862494637
9647025,0.0
9647396,48.82509097701589
9647450,4.693263532208579
9647486,6.832805178526819
9647790,28.062067735738587
9648225,14.798848624539112
9648874,9.876418290372989
9649261,0.0
9649376,0.0
9649623,8.510134324984108
9650667,78.39747803964319
9650946,19.123603326641167
9651083,0.0
9651616,0.0
9651926,37.63220705495044
9652348,5.2014052976421965
9652413,0.0
9652591,45.08694883755539
9652624,13.376632327953047
9652665,1.2137450154440685
9652787,28.698345251323403
9653005,3.815984312874015
9653297,0.0
9653305,3.840156873349599
9653314,9.692023951009244
9653433,3.1461168114461096
9653464,0.0
9653481,0.5234244314349681
9653592,12.07838803033112
9653738,26.05977176275814
9654509,0.0
9654775,1.4113637923068794
9655327,7.649682516651097
9656161,58.565793232559535
9656326,3.9555920234120094
9659670,11.16543510795254
9659869,12.769801705633121
9660636,0.0
9660912,18.792806921147204
9661762,21.410731015989747
9662136,63.97386001732983
9662298,5.154791514039843
9662571,38.92224134634262
9662622,0.0
9662691,15.837381561157798
9663306,25.05956385476845
9663776,2.80479458983433
9663956,29.397738964722834
9664369,1.2032625646547288
9664378,0.0
9664414,36.825322030030705
9664497,11.928509727494742
9664537,23.41962976134463
9664630,0.18425955040030573
9664861,3.88330896824899
9665117,0.0
9665125,19.01913563218166
9665170,77.2477208511985
9665364,8.209042061788026
9665579,14.457796558442098
9667527,0.0
9667733,0.9715757196785191
9667868,7.025078998099083
9667996,62.44141143505879
9668363,5.809874224278126
9668485,69.26517518107505
9669172,12.316145742658712
9669578,2.4124848175904106
9669703,50.301163489885354
9670233,45.94987376053482
9670576,14.960148866739637
9672054,61.69061313791326
9674509,15.705926134093694
9675806,1.5928389459947994
9676890,2.4974956122477465
9677343,0.0
9677640,2.4089453500247586
9677912,49.93112205341027
9678146,7.926008926731715
9678389,18.17621581430094
9678870,1.5700365637530282
9679058,33.12672450250744
9679278,9.644292342512607
9679310,0.0
9679337,10.025198095278633
9679369,0.0
9679670,1.016326513968501
9679720,49.91985738157156
9679900,8.633312197958169
9680804,0.0
9680940,50.79364754642199
9681391,0.08551587281861117
9681693,0.0
9682135,0.0
9682617,48.267865118749945
9682862,0.0
9683022,32.8928986542414
9683079,15.317852822648021
9683147,1.1551286940317098
9683421,11.87715158869279
9683429,15.528289844947405
9683691,0.0
9683828,0.0
9684188,43.79056599764132
9684223,15.962163421823949
9684309,0.0
9684366,0.0
9684732,0.7751126450533903
9684923,0.0
9685075,1.55720476385752
9685213,0.0
9685336,0.0
9685465,0.0
9685669,14.335612546141096
9686090,13.117069512732677
9686167,13.0894106567266
9688802,21.328237934399098
9689276,54.93957584686553
9689707,0.0
9690915,1.368990608197521
9691204,0.0
9691391,47.69038141919909
9691588,0.0
9691842,0.2609140957453988
9691957,15.738406110925624
9692016,17.49711055653248
9692205,0.0
9692365,13.708946093905183
9692740,0.0
9692905,5.840163636643638
9692978,0.0
9693107,3.276736043430681
9693262,22.39076867641736
9693279,13.752208323587546
9693816,0.0
9693821,4.617040806677217
9693948,9.763464441847685
9694001,0.0
9694633,2.502161432910249
9694758,5.180536357539999
9694950,0.0
9695450,0.11733232860012066
9695491,4.159445401796823
9695714,5.735105315536828
9695932,1.485960795808289
9696264,38.942342092731245
9696560,0.0
9696622,23.597291154812034
9696720,0.18819755088764367
9697064,25.095430971906524
9697111,0.9162824308792921
9697193,0.0
9697622,34.136329858904034
9697664,25.632464728325075
9697726,10.434341539701428
9697969,0.0
9698101,38.8015249496641
9698250,0.0
9698613,0.0
9698691,1.5563759123223946
9698992,34.368962426621096
9699493,33.92211721808241
9699559,1.5544653753963047
9702796,17.330027761216513
9705782,51.981539349807846
9705958,2.941613472926541
9706212,11.587553894853322
9706511,0.0
9706724,8.355848289645529
9706977,8.95300702224371
9707426,5.735896539692369
9707531,6.788398124427317
9707579,0.6807135176921548
9707684,0.0
9707807,0.0
9709067,0.0
9709178,23.896491783861826
9709801,0.0
9709989,13.49800969568247
9710117,0.0
9710538,0.0
9710620,0.311470202311412
9710712,0.0
9710927,0.0
9710967,0.0
9711488,0.0
9712020,10.494266310636654
9712682,59.513078973408945
9712796,0.0
9713048,13.190189923703919
9713493,72.69731691786832
9713594,24.380185207504823
9713736,0.0
9713840,12.463212729293723
9714004,41.44483561379636
9714250,30.91290576500832
9714531,20.289195632510214
9714629,3.9456662906910296
9714734,11.145621338644053
9714880,2.727039501798849
9714995,0.0
9715017,8.408160902670666
9715092,0.0
9715183,7.619679162149943
9715287,1.2322525561831768
9715404,0.0
9715592,5.082437298768504
9715641,0.0
9715684,0.0
9715759,0.0
9715956,8.682343800519362
9715973,0.0
9716123,53.080732122533114
9716204,0.0
9716223,13.07863236908478
9716233,0.0
9716234,58.66023147986593
9716424,18.17685687464607
9716437,16.19121689527474
9716737,8.019492017815217
9717662,0.7415084051513432
9717727,1.9277485699065195
9717781,15.728910462593994
9718529,43.011946363659895
9719091,0.0
9720191,2.053333220537205
9720713,4.7482066808495915
9720809,8.192475205317969
9723296,23.427449245831543
9723899,0.0
9724452,0.0
9725232,83.47117794808759
9726784,7.068576168553541
9726939,42.12992338636513
9727373,7.058869515365274
9727404,0.0
9727821,0.24029036048660402
9728188,0.7574282616739758
9728203,7.607188507508091
9728525,38.61278873200745
9728739,0.0
9728852,0.6144888807968414
9729872,1.807130877277629
9730110,2.2158434309165713
9730111,5.580457296172568
9730306,0.0
9730397,6.989337927783289
9730432,52.34285209630187
9730645,3.676778614536495
9730654,45.83878837170221
9731008,54.40959490297124
9731041,0.36326610045181695
9731134,43.49208618032629
9731178,10.450308414461752
9731237,41.4596992599917
9731566,9.09451483687284
9731879,0.0
9731957,2.108689748690601
9732828,0.0
9732845,0.0
9733138,1.5743159839864518
9733250,34.177404438631456
9733280,10.776500014262048
9733470,1.3604534401879853
9733730,12.328938383627737
9733741,74.61389269398293
9733788,2.7210431386511047
9733795,0.0
9733862,27.761143460457056
9734232,2.712179885585414
9734448,2.2129484928029157
9734618,4.723092972594863
9734667,44.4726056734249
9734718,5.228827725544594
9734844,0.0
9735085,0.0
9735392,10.688154433660557
9735503,36.14470481463517
9735931,31.839400011505404
9735957,7.492211243782911
9737065,26.158246007960564
9737132,0.0
9737171,64.42631685788248
9737254,0.0
9737293,0.0
9737348,0.0
9737352,2.32258408197103
9737362,28.874199033521926
9737479,0.0
9737516,0.0
9737659,0.0
9737665,0.0
9737691,0.0
9737710,13.528580795474852
9737719,0.0
9737794,26.120932418573993
9737805,4.577501885207955
9737840,84.78906215667713
9738044,0.0
9738048,0.0
9738094,9.252154865833099
9738193,13.736461211467649
9738355,8.800541500468903
9738438,75.8932686878338
9738605,0.0
9738632,30.194407518979368
9738756,12.623735316988544
9738805,0.0
9739586,4.3035550288001865
9739888,0.0
9740264,42.93980034996809
9740581,0.0
9745378,6.76659551326896
9745385,21.2983801048481
9745484,30.471928759335263
9746837,0.0
9746864,0.0
9747044,7.340846432415255
9747117,0.0
9747186,53.33152685190819
9747497,0.0
9747647,0.0
9747777,46.09334114480708
9748230,0.8048437590765651
9748759,46.369062111680556
9748800,0.0
9748877,1.2488042550705387
9749046,0.0
9749285,68.08399006496407
9749320,0.0
9749603,4.787225906109541
9749853,11.36147058807861
9750209,0.0
9750308,16.228450968439844
9750406,0.0
9751394,31.85403774608387
9751696,0.0
9751729,0.46832208353134774
9751732,0.3670028782630652
9752166,14.543141528071075
9752548,50.427329724658996
9752573,7.120737021080494
9752655,10.665850533233211
9753456,15.779154853363927
9754392,8.16673232933952
9754466,0.0
9754624,0.28163989443206816
9754626,3.8691244554528836
9754747,1.5783549367548417
9754751,2.4788796961237978
9754968,26.55705795088974
9755064,43.494822817212125
9755074,41.00882792649569
9755270,1.2993903902038682
9755301,15.265644031049838
9755382,0.0
9755479,0.0
9755543,44.97616737789264
9755679,0.0
9755736,42.441716260321826
9755785,0.0
9755907,23.85545149646984
9755951,11.711843521590595
9756054,3.1575616217032234
9756141,29.827843269619926
9756236,0.0
9756699,21.351449553127352
9756729,0.518033089325435
9756886,0.0
9756891,6.573102344330202
9757018,0.870057196891338
9757581,16.748773651208083
9757785,62.84576231712098
9757801,0.9759328697794203
9757913,0.0
9757966,16.316953744936008
9758040,0.0
9758291,10.382855616706948
9758406,10.204381652141848
9758512,0.0
9758755,0.1597485492721873
9758923,45.56842945610473
9758953,0.0
9758964,20.606153661605383
9759204,5.116685373448526
9759331,2.105859296849495
9759704,1.5416394092304913
9759865,1.7509459943315733
9759957,0.0
9760148,8.00298480409733
9760401,1.9051788351474421
9760675,2.0697974455134798
9761238,0.0
9761918,2.060354143867073
9764969,22.506625668549198
9765117,0.0
9765553,1.0360921764862638
9765726,0.0
9765900,3.8919562859364163
9765944,1.8745121171772183
9766404,0.0
9766498,0.0
9766922,0.4986704595867053
9766959,0.0
9767098,3.216451534709101
9767864,81.15622516880447
9767929,1.5622407444292037
9768199,8.222456099587305
9768333,0.08528454540675057
9768492,0.24894339002100452
9768768,0.471676590567327
9769423,60.01378236387736
9769814,0.0
9769910,36.38320568478519
9770016,51.44350938987409
9770249,71.03803587338973
9770294,40.03338543335232
9770447,3.8188792970780057
9770459,19.75452951133122
9770880,0.8677529285060714
9771013,0.0
9771370,3.7068129087502584
9771535,0.0
9771811,42.411648737228084
9771836,2.5703664591768067
9771896,0.0
9771983,0.0
9772152,43.889425021205575
9772379,65.06574512538654
9772730,0.0
9772819,0.0
9773158,5.700402615919572
9773244,18.75988768376083
9773544,11.049767282762602
9773852,67.0765770666901
9773902,0.0
9774346,0.0
9774477,2.5647231523205747
9775055,0.0
9775167,0.0
9775237,38.91365345346889
9775397,0.0
9775801,4.79643007070117
9775847,20.068686645412036
9776054,75.11718692009617
9776245,65.81589857701044
9776318,0.0
9776832,0.7440974895542354
9777174,3.4675607967656816
9777422,0.0
9777511,0.0
9777530,74.15644352736385
9777601,0.0
9777652,7.557260118625372
9777883,0.0
9778050,0.0
9778372,59.89337716035363
9778505,37.6128800692965
9778583,0.0
9778655,9.28807241641831
9778734,1.0842258357294412
9778748,0.0
9778960,0.0
9778978,22.932789118404294
9779357,0.0
9780023,75.32906193111401
9784125,0.0
9784272,0.0
9785063,0.0
9785349,2.1273819502545166
9786021,0.0
9786182,64.23770540373789
9786470,0.0
9786543,14.197764761631525
9787323,28.631986823874477
9787400,2.2808068207580803
9787590,0.6386189198451504
9787634,10.280014603356378
9788114,64.13211019598774
9788134,0.0
9788345,30.76749049403567
9788375,37.99298373398637
9788396,12.92418439343955
9788521,43.88670156227174
9788564,0.0
9789045,33.65060230064756
9789339,0.0
9789350,22.137534343370447
9789392,35.90665229114433
9789792,2.962471374990244
9789885,59.196156965417025
9789937,11.493054178183662
9790098,0.0
9790328,0.0
9790354,2.055037803125437
9790462,15.268999584195946
9790807,0.0
9790840,1.1702501057976988
9790949,69.47075143590638
9791282,0.0
9791355,5.277240441297842
9791753,0.0
9792286,73.33532087170829
9792440,0.0
9792485,15.894864698288131
9792631,10.797328522779168
9792720,0.0
9792836,2.2633287456088524
9792911,2.530499610330324
9793041,0.0
9793213,0.0
9793250,24.4979015758225
9793413,4.983258031472182
9793440,0.0
9793465,38.33095044074856
9793665,0.6106256171735396
9793668,57.086910937021536
9793722,0.0
9793983,59.48957917210752
9794058,0.0
9794077,0.0
9794083,50.58067653213401
9794364,57.26277048343405
9794958,0.5888963223513386
9795124,22.777053916018332
9795850,0.0
9795890,1.764784680786967
9795958,0.0
9796114,52.698470730731245
9796155,0.0
9796198,0.0
9796283,17.60492174217932
9796314,0.9671670818336082
9796386,0.0
9796419,18.204131366230534
9796442,15.276466980422015
9796491,14.36767831514458
9796501,58.25106928440634
9796548,15.238997355446102
9796856,0.0
9797293,3.313340137371121
9797333,0.0
9797997,34.65622135485299
9799789,0.0
9800346,0.07110751359572731
9800489,0.0
9801016,4.228845654188326
9802333,0.0
9802368,51.05794663195802
9802654,0.0
9802971,0.0
9803574,31.991528193704546
9803686,3.8785692634900855
9804299,0.0
9804368,60.15544821615345
9804673,0.0
9804849,6.990986884192857
9805128,7.873251463452199
9805346,0.0
9805563,7.244975187999195
9805748,0.0
9806434,0.0
9806444,7.528125985798361
9806606,11.839188467266275
9806634,8.254476873943268
9806752,5.270630893288001
9806996,3.0264763095863714
9807059,0.0
9807494,11.398560958382198
9807758,0.0
9807848,69.68286314907769
9808055,0.0
9808248,0.0
9808637,19.488098356950236
9808640,0.0
9809229,25.144106045620212
9809716,8.78907250403487
9809911,9.475834573948447
9810009,26.33783596698573
9810125,9.32626519671684
9810187,0.0
9810235,0.0
9810427,0.0
9810530,0.8409104098475879
9810696,63.62798370394499
9810854,0.0
9811273,0.0
9811274,0.0
9811434,0.0
9811614,1.3209188530325946
9811717,0.3859791002685
9811958,22.617004191304126
9811997,1.0137249464783125
9812150,8.854831197203275
9812606,7.476488448985442
9812759,18.800339527830566
9812787,0.0
9812826,13.698688202911846
9813359,11.252708403699252
9813364,0.9328264507781157
9813567,20.49774470986133
9813570,0.22314609543835928
9813585,10.289138092937812
9814018,0.0
9814108,11.52745724253861
9816578,14.269431442648425
9818465,1.7369138998196334
9818469,0.0
9818669,5.835616238607422
9818825,53.35052758653268
9819018,24.91953022631619
9819038,16.838439522723526
9819437,0.0
9819589,0.0
9819772,0.0
9820035,0.0
9820068,7.1883402543537755
9820408,8.239546267957916
9820483,0.0
9820533,40.53812732367209
9820724,11.898466621318077
9820829,0.0
9821024,2.2149996494175497
9821183,0.0
9821208,0.5897675299395857
9821303,0.0
9821370,34.3323953766251
9821911,58.273838580056285
9822032,6.944122619136174
9822101,43.97137762690312
9822153,11.945395554380703
9822507,18.449704800137518
9822635,12.251055558320639
9822738,0.0
9822823,74.14442158265058
9822983,0.0
9823143,71.88104064201667
9823182,63.30096094196785
9823320,59.13941347698049
9823444,0.0
9823880,13.563859985272082
9824042,8.937815355201856
9824112,0.14890310246045857
9824247,29.392100356376027
9824287,0.0
9824547,85.21745434368862
9824613,6.864925549370014
9824682,0.0
9824982,4.018830355805967
9825066,0.426275961078197
9825180,0.0
9825197,0.0
9825420,2.1644618571132597
9825939,0.0
9826062,26.29475407025582
9826081,9.907679681964687
9826160,3.962546746481216
9826267,0.0
9826493,46.94427049115052
9826628,68.97750302932445
9826678,0.0
9826940,5.917241633149125
9827236,3.9728365525637557
9827799,27.624536282391915
9827800,0.0
9827988,19.072111521059774
9831813,58.29283529827435
9832641,70.7654753159755
9832730,30.727869718664767
9832882,0.0
9833212,9.257934726412934
9833340,0.0
9833558,0.0
9833742,0.055136177081340776
9833962,68.9237088169742
9834074,0.0
9834456,7.993438399918993
9834706,0.0
9834943,1.4174964877506326
9835017,0.0
9835140,0.321870674254491
9835315,10.69020188039213
9835350,68.239240984117
9835402,3.785230407422162
9835880,4.8770199325007155
9836020,0.032995409414510846
9836127,10.576503705501523
9836212,0.0
9836505,3.2313771241641547
9836642,4.118803664495907
9836966,1.035209690361576
9836970,0.0
9838145,2.7122736490367387
9838297,30.460554840231204
9838443,0.0
9838543,43.42007947450997
9838832,5.779844594986052
9838920,3.4139786480765935
9839223,0.0
9839263,7.6783891844505305
9839300,0.0
9839341,0.0
9839346,44.40918193609908
9839378,7.839281079409091
9839800,55.38463611421654
9839812,1.9222481028020013
9839956,6.495753668563729
9840192,40.43044301188248
9840261,0.0
9840280,51.21487867679796
9841139,0.0
9841168,32.36657522310889
9841215,15.001034725017206
9841548,29.312945111945268
9841671,0.0
9841695,10.217222545918212
9841890,6.065644400916213
9841907,4.909195691822099
9841949,8.498451169543358
9842117,50.44170854761967
9842239,0.009736202629561319
9842323,0.0
9842363,0.0
9842420,0.0
9842447,4.467788809423304
9842492,47.99718761617225
9842493,0.0
9842765,0.0
9843052,0.0
9843468,7.008077871185797
9843531,13.150364094079773
9843634,10.846554405680003
9843643,0.0
9843646,0.653465883080365
9843826,0.5815931893522617
9843851,0.0
9843884,53.24733826543097
9843892,2.42044458813659
9843914,6.612003384570681
9843951,0.0
9843956,32.87342719046456
9844407,0.0
9844408,3.809444958387026
9844439,8.274560365676102
9844482,45.251814646853944
9844489,63.286601434622725
9844509,0.1278906690301227
9844593,63.3914189411599
9844603,18.222342791624158
9844805,15.468468709542876
9844884,62.981922601752984
9844892,0.0
9845314,8.69934527478815
9845341,4.184460588129895
9845454,45.340816437939665
9845558,1.5659611897943293
9845652,10.811712673173147
9846015,4.504873007748774
9846120,0.8347907632094973
9846222,13.18774451159435
9846468,0.0
9846591,0.0
9846660,38.326468682994424
9847867,5.1875175282954515
9847917,0.0
9851704,14.329891704010791
9853063,0.0
9853382,37.179613593987526
9853884,0.0
9854141,2.5439437841240107
9854477,22.590512777594675
9854746,10.038234372247267
9854778,5.907246247738904
9854899,3.605671810048385
9855153,2.87298572498468
9855415,5.541282148716881
9855458,13.963637644051587
9855772,11.16330481778472
9855793,5.808649719587002
9855979,30.819384701325347
9856135,13.027239509234057
9856151,0.0
9856683,17.39516002798245
9856730,26.159299483736724
9856757,10.949194212205548
9856995,68.90699522746277
9857438,4.254559216674622
9857914,0.8077749250196646
9857967,9.25731637646097
9858029,10.056489940351874
9858093,4.815746737674836
9858112,6.41369349485494
9858221,4.432012888249858
9858527,0.0
9858642,12.245226686302658
9858645,0.0
9858687,25.213602636008687
9858696,53.45985583979876
9858717,32.83303620377079
9859081,65.29615825610232
9859181,17.433469590845995
9859195,11.196884084357162
9859602,46.965579112504436
9859856,0.0
9859861,67.93691585235834
9860303,10.796196114218276
9860416,0.0
9860455,0.0
9860631,6.229224702237445
9860720,9.277589163258007
9860752,0.0
9860758,8.87737718481965
9860774,55.73647849690558
9860989,22.449104578009383
9861118,0.0
9861124,10.542419467278258
9861135,0.0
9861136,0.1464919603780146
9861196,5.046893317330962
9861553,0.0
9861625,80.37741242928709
9861747,0.9500032708871586
9862049,0.0
9862199,0.0
9862364,0.634824260675181
9862883,0.0
9862913,0.0
9862945,5.641701608436939
9863035,0.0
9863091,0.0
9863626,3.7786063290291096
9863678,3.733921493812055
9863860,7.52511031723423
9864121,0.0
9864137,7.598591106015277
9864230,4.478864381982035
9864324,0.6501803479508084
9864427,23.932064064830506
9864749,0.0
9864796,3.597771210336994
9864820,15.506861847025483
9864900,0.0
9865226,0.6029069290781734
9865262,0.0
9865344,7.086755512999019
9865363,0.0
9865374,0.0
9865398,5.854018663971274
9865506,37.138486806195296
9865659,4.971230928143406
9865939,0.0
9866287,8.76663133376217
9866617,0.0
9866971,0.0
9867264,0.0
9867398,31.977028068287886
9867454,2.9175423148904898
9867521,56.320643565597884
9867629,37.434465332366734
9867803,1.5528373740307302
9868032,0.0
9868799,0.0
9869156,3.480770555913338
9872904,0.0
9873079,0.0
9874042,7.086914525273386
9874289,6.080052671211405
9874454,0.0
9874794,0.0
9875002,25.067800539307676
9875109,0.0
9875134,4.768080365687119
9875450,5.682097376638147
9875822,0.0
9875883,54.80388673443865
9876042,0.0
9876335,19.833340057966716
9876447,34.434018617353246
9876474,19.61766725553396
9876492,4.810105727884832
9876902,4.998973136949495
9876930,5.539895893095277
9876971,45.31168101452812
9877196,1.525290231557399
9877436,5.227590580909613
9877684,2.7546548620600895
9877776,1.25871019034809
9877933,0.0
9878121,7.44136926787256
9878361,5.316540712989081
9878593,4.879975292938866
9878659,8.388066600250283
9878851,0.0
9878922,41.38284496792691
9878929,64.8506153873605
9879216,3.191302758789945
9879235,42.00248773198649
9879796,8.931051433951389
9880140,2.407587866747434
9880294,2.460616588840402
9880664,16.684486867447028
9881037,70.54974219151964
9881146,26.517138766164074
9881195,0.9584741901470082
9881516,0.179735691864515
9881685,6.863503276927524
9881769,4.36242816216788
9882134,0.0
9882187,0.0
9882254,84.19976421291148
9882537,0.0
9882838,12.349351784558252
9883145,18.51970696430873
9883197,0.0
9883391,0.0
9883768,0.0
9884430,27.461415912925066
9884516,1.8972543799902155
9884667,71.20202790525725
9884870,0.0
9884880,58.67043841710511
9885264,14.843841063326757
9885280,41.41834375290695
9885430,0.0
9885501,62.40425801908216
9885720,0.0
9885817,8.441123520535726
9885941,0.0
9886015,0.42019362276787575
9886034,0.0
9886073,0.0
9886220,0.0
9886514,3.5201054291967253
9886516,51.181861358666275
9886606,5.414349153776101
9886735,15.242634559099336
9886867,0.09907155207154972
9886912,1.1780293415920795
9887276,0.0
9887396,11.596251176181752
9887654,70.16324555429796
9887698,0.0
9887763,22.643640891684164
9888076,37.803675092458946
9888533,26.762159157056566
9889720,0.0
9890574,42.43622576364186
9894255,0.0
9894297,41.55952676849623
9894526,38.16403527586884
9894565,18.15390897285129
9894707,18.153680266119572
9894820,0.0
9895802,0.0
9896292,25.611760255064105
9896546,7.985238980670623
9896594,0.0
9896627,0.0
9896824,48.0401649848681
9896889,14.21763208787895
9897073,0.0
9897378,0.05397814814064361
9897418,0.0
9897611,0.0
9897820,6.097654245801319
9897854,0.39449550547792356
9898112,18.880770137955295
9898150,33.87305401372759
9898344,58.116961750599025
9898485,66.01298463620834
9898619,2.978584975117805
9899132,68.25211374410628
9899499,1.2145928734351514
9900048,0.0
9900120,0.0
9900484,0.0
9900560,76.62779918673536
9900572,0.0
9900885,0.0
9901202,7.041325801604721
9901329,5.952700365235934
9901468,0.0
9901613,0.0
9901986,0.0
9902057,13.990802252194541
9902123,42.833229093388276
9902314,4.694792993271257
9902395,0.0
9902590,3.9674429722765154
9902711,6.6080324242072095
9902915,0.0
9903132,12.785973762314235
9903150,6.625237252406642
9904259,0.0
9904320,0.0
9904460,77.6246694402771
9904613,0.0
9904929,58.83720064005315
9905076,49.902374682791994
9905682,0.0
9905894,30.904473493240594
9905905,9.549007094143
9906178,0.0
9906359,1.4820889589398405
9906425,9.794176677688455
9906631,36.66696240579839
9906918,0.0
9907167,46.53789653877745
9907257,4.959306383430629
9907307,67.84684207188832
9907690,4.780640273529976
9908424,0.0
9908719,80.94915130281835
9908732,9.461343393613873
9910619,0.07740644595334345
9911083,1.1742611435675485
9911887,17.57635796812174
9914098,0.0
9915643,13.144820575718697
9915819,13.78258854094161
9916357,0.0
9916475,33.68140479813883
9916767,56.92548328092144
9917384,0.0
9917669,7.621743605600969
9917797,10.378495677090221
9918126,38.64778003796242
9918567,0.0
9918817,3.931458791998402
9919042,0.0
9919053,2.010622244934524
9919127,35.58096231652457
9919143,6.011905509942331
9919450,3.4680835203900138
9919518,0.0
9919641,0.0
9919727,23.887943744278438
9919959,0.419548924813526
9920117,7.218880826744289
9920313,10.695584033996987
9920383,0.0
9920406,75.78139801246903
9920458,9.755128326112445
9920459,0.0
9920607,0.0
9920752,0.0
9920941,8.024082333882411
9921109,0.0
9921366,2.8437029432343266
9921389,34.939116279068834
9921774,0.0
9922192,0.975757668419007
9923382,0.0
9923402,0.0
9923452,8.690456221034616
9923478,0.0
9923485,0.0
9923887,28.012021920778743
9924665,1.83949785106757
9924723,15.772270946607463
9925140,5.518274638349304
9925349,0.0
9925507,58.24406293973277
9925518,1.5780517460544914
9926044,57.198469900036905
9926058,0.0
9926171,14.478961276286917
9926599,0.0
9926781,6.982468542836543
9926792,8.475277937662078
9927252,0.0
9927314,0.0
9927385,3.662674466366859
9927397,11.278667389571659
9927400,0.0
9927495,0.0
9927666,45.05423238055208
9928281,0.0
9928794,3.9310957034079337
9928937,17.116016296994708
9933792,30.388131170641962
9934510,0.0
9934593,40.01334963794607
9935340,2.1630675758434634
9935354,56.236343537268375
9935613,9.949445634579682
9935833,6.668404267272614
9935894,0.0
9935949,0.0
9936139,0.0
9936259,2.647394438432123
9936805,0.7207329057989753
9937145,10.673740954777813
9937220,11.384418218680374
9937307,3.6801962703947666
9937434,5.880160441504621
9937667,0.0
9938208,0.0
9938299,46.022650713523156
9938471,24.872908907814356
9938520,0.0
9939023,4.619786076351925
9939177,1.8703715734824193
9939202,14.463937771009654
9939843,29.43599526940301
9939962,13.860744185183513
9940253,7.525062783386243
9940300,74.61954431857586
9940443,1.0061568218936827
9941282,35.53362301913369
9941890,63.58318498220233
9942157,58.828452814835664
9943207,63.92466405608483
9943258,0.0
9943345,4.052738669049539
9943382,6.574155216887625
9943801,0.03390483698262159
9944013,0.0
9944331,2.6197041553974643
9944426,39.22408662827265
9944788,46.721864820837226
9944808,14.513109868441298
9945127,7.856463404563371
9945206,41.533888361479136
9945481,25.47171035205102
9945496,23.466400396794576
9945515,63.18259129359912
9945730,38.180245511043346
9945750,0.0
9947155,47.60271333054774
9947824,82.6219812507872
9949396,29.9450325086331
9950923,2.7084040863267447
9951506,19.29038884637179
9951705,0.0
9951750,2.776929605693148
9952191,5.5315223445095505
9952400,10.399733646972855
9952429,0.0
9953121,23.31034754700603
9953601,72.89436634876378
9954123,6.1819822251289835
9954145,50.53915980185043
9954426,6.64037387754329
9954573,3.793371299469051
9954585,4.64779778603058
9954688,12.651395949400268
9954700,0.0
9955490,47.062348966951326
9955493,15.128800897268128
9955545,2.322074402472751
9955736,73.78981950430246
9955765,9.864386521602578
9956082,0.0
9956388,16.52912482483569
9956781,12.639249178415696
9956834,39.512173320365804
9957384,70.35180223883796
9957436,0.0
9957646,29.944736969956384
9958312,4.68527224226542
9958387,0.0
9958442,0.2960724221640092
9958456,39.179414792647954
9958472,0.0
9959006,0.0
9959084,17.132797422221437
9959100,65.82921260076573
9959169,61.35852981923605
9959175,16.518918282369743
9959180,75.30323583169653
9959187,49.55811904739123
9959190,64.49214499031399
9959194,76.40552823646775
9959246,1.0240792154936074
9959521,50.230029184764156
9959562,0.0
9959975,18.26430176687292
9960876,0.0
9960970,0.0
9961313,7.7602720525949636
9963988,44.804724813209766
9965305,0.0
9966717,0.0
9967046,60.72860070161089
9967141,49.69868440837678
9967218,7.98638875677689
9967314,30.342849471885813
9968094,2.156524994636122
9968223,70.43126455902521
9969073,3.8057174515974026
9969761,19.388839052195443
9969773,0.5432954668761099
9969781,0.0
9969936,27.701993609702306
9970118,9.813905964134861
9970637,0.0
9970995,1.5076138712574974
9971319,0.0
9971730,12.585551232043493
9971794,40.43613356755925
9972046,7.704625695516896
9972062,4.773073130042022
9972403,0.0
9972742,0.0
9973003,18.631451678175473
9973134,0.0
9973190,50.04394092373147
9973654,4.820446767234145
9973680,2.3276435940392943
9974135,34.527703279976045
9974153,70.33775065420703
9974484,1.1744217245851516
9974646,5.746029648291092
9975089,2.5464384152333324
9975344,10.817844354140284
9975382,0.0
9975425,61.763969542858966
9975839,27.775728328139596
9975846,14.198775200081329
9975872,2.7260147803251584
9976190,0.0
9976222,0.0
9976264,27.267297542272594
9976626,4.38956824905717
9976644,5.507516516641431
9976784,0.0
9976820,6.624879373110893
9976827,35.629939141771615
9976839,18.313443154687654
9977283,0.0
9977470,1.8714265712209297
9977595,0.0
9977982,0.0
9978348,1.4717604262574113
9978426,0.1675669926082648
9978536,0.0
9978589,36.54533181156534
9978633,29.36323545462451
9978664,1.665284924970173
9978722,0.1947214243578017
9978768,53.63230209755722
9979548,0.0
9979608,9.154419215256013
9979707,11.55470286745065
9984143,2.124008622257289
9985812,1.3868088277571644
9986609,0.4390077417370932
9986770,4.451273728427765
9986969,0.0
9987222,0.0
9987456,0.0
9987543,9.119373372763206
9987549,31.90573194213244
9987907,0.0
9987983,12.523412069063987
9988353,30.568984429396902
9988556,42.132286051684154
9988907,7.0405504056471955
9989028,0.0
9989842,0.0
9990026,0.4493132380272087
9990117,2.4412948934861873
9990403,0.0
9990560,60.171398481746174
9990571,3.7991330944263595
9990611,7.981114792642806
9990959,38.50933953881277
9991143,1.2677369390705309
9991265,38.26244989225343
9991374,1.3330393798120141
9991391,1.4940200767496705
9991577,10.624621545007145
9991919,5.176426536238544
9991949,1.7312820002748381
9992236,12.173432166829333
9992479,0.0
9992858,25.820338456342384
9992903,24.313782092756306
9992945,38.892026170049036
9993137,0.0
9993138,2.6291958302371867
9993183,4.406657571080885
9993463,1.0248730365763308
9993516,0.0
9994062,5.265547232194997
9994185,4.537731489759409
9994744,23.693123715226896
9994973,0.0
9995163,66.28618527973427
9995322,10.865177128008273
9995513,0.0
9995634,3.3121488520890097
9995669,0.0
9996144,25.304598226728803
9996402,33.96982878968323
9996535,0.0
9996642,73.58302212440375
9996793,9.955201488407809
9997006,0.0
9997045,6.999176114539573
9997702,6.876522494837197
9997980,30.30391284368205
9998091,5.637237067869414
9998152,0.0
9998154,0.0
9998362,0.0
9998688,7.18093930838063
9998898,0.7519197954252164
9998930,29.764343518466767
9999117,0.948596422082808
9999220,0.0
9999351,22.420754426227006
9999372,2.94438221565159
9999398,0.0
9999513,3.7641139717552576
9999646,0.0
9999878,9.713329066432443
9999919,15.935371753893044
10000070,20.55716710091705
10000137,0.0
10000254,0.0
10000470,22.750971285648227
10000717,0.0
10000834,1.5620764561234566
10000943,45.79724870453134
10000975,38.97911012433649
10001011,0.0
10001022,0.0
10002317,0.0
10006913,2.5814450706168657
10007761,20.483970841391674
10007793,0.576907224832155
10008109,0.0
10008874,0.0
10009390,0.0
10009531,1.3628399811388547
10009737,0.0
10009762,0.534405381113686
10010119,14.040217703677644
10010250,0.0
10010321,0.0
10010345,73.91790851824771
10010434,14.124743455859615
10010507,4.36194530232644
10010717,0.0
10010845,55.893366317410404
10010914,8.126597789143709
10011009,1.7017676237308983
10011168,36.249507930128594
10011509,7.875108208460524
10011677,1.0600546513565305
10011763,28.392578844146037
10011850,0.0
10012011,21.641554467174963
10012292,6.263584300311486
10012551,1.117579432524849
10013027,54.25879925483204
10013355,0.0
10013379,41.95977187078354
10013582,0.0
10013750,11.311481188610127
10014261,0.0
10014269,7.10969227956776
10014417,11.077605362384851
10014499,7.997015113813831
10014849,2.600517099739683
10014975,11.836555117710745
10015336,4.496968177394045
10015642,29.23416477125756
10016124,3.85833018258559
10016343,0.0
10016412,0.0
10016601,3.529988568027804
10016602,7.8495845101835044
10016803,26.8676326362627
10016832,2.701564561926972
10017050,8.98948086678758
10017265,5.524178007506116
10017345,0.0
10017692,52.35671272885789
10017822,3.8448842189529593
10018379,9.148872705617315
10018549,54.98356807541682
10018895,0.0
10018963,54.904891283973924
10019018,1.4581751153754183
10019159,22.114278217136295
10019335,0.0
10019420,20.805628201587645
10019504,0.0
10019508,40.55826359591633
10020060,0.0
10020104,1.2109038211181655
10020125,24.650114578136765
10020217,7.402319786493727
10020815,0.0
10021252,0.0
10021301,48.751054019031706
10021499,0.0
10021680,43.65881830907572
10021699,8.794821642184623
10021700,3.519320598259462
10021707,0.0
10021820,7.072105409037228
10021869,0.0
10021915,6.686209711818769
10022348,48.91074763650754
10022414,1.0384582179285289
10022503,0.0
10022610,0.0
10022730,6.680047895283039
10023252,70.84343768686884
10023498,29.708631589529638
10023618,0.0
10024702,54.004025523256715
10030073,0.0
10030753,0.0
10030874,0.5137519174343481
10030997,28.4775646206786
10031014,17.41375102389312
10031436,0.04653539264739237
10031574,19.918280973238687
10031678,7.727371524018594
10031965,50.354654499880404
10032285,1.5935358900507524
10032406,60.08796173676293
10032560,37.189314054064944
10032842,2.0527479764439605
10033005,8.190263934001017
10033096,0.0
10033238,39.11325313416106
10033336,2.1300058151166397
10033734,10.870443467039138
10034083,0.0
10034090,0.05380595410914424
10034493,1.3768903219409907
10034597,39.3381795899206
10035023,8.058364260799692
10035098,0.0
10035132,11.699027658668854
10035525,0.0
10035596,11.885453471003785
10035643,4.637173434345552
10035846,41.55457506806722
10035920,71.38431037909785
10035950,0.0
10036295,0.0
10036394,0.0
10037088,7.596230216410596
10037097,1.2962652449094634
10037770,76.26605610870922
10037800,12.030279878107812
10037946,74.47602713257984
10037962,9.751596048348723
10038211,30.04079649074319
10038560,19.471543689535785
10038598,5.2899128288026205
10038633,0.0
10038695,0.0
10038721,7.6263793895866705
10038731,14.476913411007168
10038776,52.40774627700744
10039012,11.738491519647681
10039375,0.0
10039817,11.433140885849717
10039961,3.1175908324295065
10039968,0.0
10039975,16.102638353978463
10039992,3.184744319503892
10040472,6.270328787877297
10040563,4.684095480008828
10040798,0.2254948771395462
10040942,2.335156410361421
10041002,26.286908815100418
10041028,0.0
10041157,15.396652305490484
10041376,8.147964149038096
10041518,35.436859162768364
10041531,2.2818094100556507
10041589,5.479115874690095
10041889,14.271274129943755
10042322,18.363979583959157
10042484,32.81643125494342
10042505,3.3300226826572015
10042563,44.7370498350636
10042625,18.292259502962388
10042929,7.051731760066637
10042932,3.6881479467128955
10043064,0.0
10043153,40.24197035700951
10043624,65.94701208764931
10043694,10.255975242549589
10043750,0.0
10043854,18.022631945307374
10043942,47.06495066883403
10044457,32.15355974856268
10049070,0.0
10049335,0.13453578603293437
10049360,5.196860295573849
10049589,0.0
10049766,0.0
10050035,0.0
10050536,8.740728334739028
10050665,5.648923044919989
10050847,36.434426766434285
10050860,0.0
10050866,0.0
10051853,0.45219364784774996
10051911,0.0
10051946,0.915619442513318
10051959,3.1884833990948422
10052324,8.247207153659048
10052336,0.0
10052409,3.2304080139719105
10052466,1.643036123528681
10053223,0.0
10053330,28.37925988782394
10053523,4.921605253494739
10053592,0.0
10053602,0.0
10053943,19.21597655878856
10054404,0.0
10054500,10.559337490745655
10055189,6.775022104221854
10055475,0.0
10055764,5.42917906818375
10055872,0.0
10055925,13.690828658271592
10056170,12.352495775366101
10056358,9.489237528190337
10056449,4.404518497930994
10057529,0.5876814293285122
10057986,0.0
10058014,47.892557530667744
10058137,0.0
10058176,8.23753004972091
10058491,56.47789646242226
10058633,31.232758534049644
10058639,51.758550615390966
10058944,0.0
10059219,8.7507259267881
10059573,0.0
10060147,0.0
10060776,31.902186214177938
10061628,15.79477299142551
10062378,2.3964578505013634
10063216,0.0
10064209,17.844478562749693
10064218,11.423076879893244
10064959,61.46305390928135
10065056,0.0
10065873,0.0
10066131,0.0
10066452,60.79496059290023
10066508,0.0
10066843,18.52268460938381
10066875,0.0
10067614,45.28038853413866
10067932,0.0
10068145,4.1361715956358225
10068269,0.0
10068329,4.038974320542394
10068386,67.451399272717
10068450,0.0
10068539,6.1330410642104525
10068693,0.20200825527653876
10069099,0.0
10069174,0.0
10069185,53.26345038660735
10069373,1.6555074179199778
10069376,17.1382752088522
10069755,0.0
10069795,0.0
10069885,11.993815805331941
10069923,2.7876648910101807
10070145,48.89573061879112
10070235,0.05955261963043057
10070294,8.28966510312813
10070457,30.789859305590404
10070582,0.0
10071118,31.683143344729764
10071225,4.196933968523048
10071254,3.8442301842239104
10071373,0.0
10071464,14.322089690281878
10071681,0.0
10072007,1.9034168231566966
10072750,8.700749750053383
10072898,9.293025554472969
10073973,9.071453331032295
10073975,0.0
10073995,4.513818584233633
10074185,0.11975924914319336
10074282,0.0
10074308,1.675946838125924
10074362,9.508411931134901
10074524,0.0
10075014,6.204623446289567
10075528,0.27312598132471066
10075730,52.98590466896462
10076024,33.903079196994106
10076231,3.224342826358658
10076836,0.0
10078736,34.726985090669544
10080979,0.0
10081576,0.0
10081958,0.0
10082054,0.0
10082287,0.0
10082414,32.66080440886365
10082575,0.0
10083580,18.105496898223144
10083670,0.0
10083881,0.0
10083970,0.0
10084178,1.0520402894060012
10084191,0.0
10084382,0.33739617864043936
10084631,9.391292639995896
10084735,1.954952879295682
10084751,5.010087539109726
10084769,55.21895128005312
10085436,20.848332450713905
10085457,12.852425589321648
10085478,20.865729213118893
10086307,19.867587101593006
10086396,64.86110903122133
10086520,16.067554630218325
10086656,48.30301474773357
10086861,10.720165195720405
10086874,12.317859545669442
10086882,0.0
10086885,49.98563728011419
10086888,0.0
10086976,84.5685614387277
10086994,0.0
10087253,24.373363827465177
10087575,6.728025731220981
10087590,21.090897385347127
10087609,5.615347829861541
10087623,0.0
10087811,8.581793312988971
10088464,1.0079718127300268
10088720,26.92957582852549
10088886,55.40840344219692
10088889,0.0
10088956,59.908963452941514
10089529,8.88192240002904
10089694,14.597169408691574
10089720,0.07134850519366154
10089727,4.906092684651959
10089841,2.5682761604486117
10090579,0.0
10090599,0.0
10090894,8.106521228056522
10090922,75.0388565787759
10091021,20.940640007780473
10091438,2.108805934961765
10091829,2.063001392230227
10092202,8.418864314951996
10095611,46.663224846939016
10095913,0.5251122530816872
10096707,37.77742270781624
10096773,0.0
10097709,45.880372774815946
10097911,0.0
10097957,14.112997455806116
10098262,4.792952836101811
10098593,48.987204943892976
10098890,0.819471975108975
10098921,5.60705032298484
10099080,0.0
10099459,1.142693626025114
10100202,6.270423098025056
10100348,0.0
10100453,0.0
10100474,5.333403924736189
10100613,7.100265404344206
10100659,1.8112782209901255
10100799,11.326639957578216
10101023,3.5284307226099756
10101046,2.0129265258354962
10101097,52.587167242230386
10101765,76.54442306156002
10101791,3.680285510186309
10101804,2.979561923375776
10102005,5.0691289477883785
10102206,6.261086564575173
10102632,0.0
10102723,0.9309765282587961
10102792,0.0
10103405,8.062743870298362
10103770,0.0
10103877,9.23208152141509
10103895,0.0
10103934,1.4451191166195372
10104068,18.265641822302108
10104118,0.8065910237596867
10104130,4.198685243417259
10104246,3.5610930330440667
10104337,5.336384712489195
10104410,0.0
10104806,0.0
10105128,4.46217532159579
10105556,7.992216343923964
10105606,52.33872397250516
10105690,30.7065471614876
10105732,4.640214896444576
10105917,9.592068201188042
10106188,41.655729209260066
10106335,38.35789908745359
10106480,6.43757601858875
10106530,29.891766869684325
10106768,59.73209457596399
10106802,27.179843595377456
10107113,0.0
10107182,0.0
10107260,0.0
10107452,5.366253379793541
10107606,0.0
10107689,12.940487810950067
10108417,0.0
10115193,0.0
10115298,17.333081604570772
10115372,18.76514094799675
10115375,0.0
10115419,23.169808575422742
10115937,2.5318712778505628
10116151,11.758355165800225
10116440,35.339628323433615
10116671,0.0
10116778,0.0
10117060,0.0
10117283,0.3453864930271138
10117624,5.074065444067564
10117649,8.556424026877608
10117807,4.929625796288228
10118042,6.54443899542153
10118796,10.088972620738765
10119392,1.1114848397724373
10119590,8.227781256729322
10120055,22.70116599658153
10120206,77.41839290877869
10120384,0.0
10120414,0.0
10120476,64.22642873804165
10120478,9.109347485756466
10120514,0.0
10120578,0.0
10120691,0.0
10120829,26.586688694019102
10121376,20.619264343561913
10121380,59.1374582758785
10121746,0.0
10121950,0.0
10122016,4.411419093461717
10122650,0.0
10122700,39.113853535659
10122880,8.405809273572139
10123450,1.3236775538747523
10123594,40.94462956157302
10123678,17.90294258607614
10123923,0.0
10124008,3.0368257854547167
10124136,42.01693295954954
10124161,0.21421439897399353
10124212,0.0
10124443,42.834460748353926
10124550,0.0
10125030,6.7579147168809826
10125211,22.746996601700516
10125395,15.585115791528558
10126114,2.050841949265795
10126402,9.68157837895022
10126521,19.54455944399902
10126560,0.0
10127534,9.880747442933249
10129759,7.157797411711172
10130963,12.777107593997023
10132356,0.0
10132572,0.0
10132633,66.00965736950423
10132818,0.0
10133027,0.5629054091598569
10133147,42.644820415584945
10133350,38.89451675000716
10133559,0.0
10134071,13.33086447610988
10134298,9.780859215523712
10134309,5.933467326692799
10134443,8.39523774299045
10134546,25.673209389357694
10134557,4.095806208521246
10135104,23.91866090312812
10135523,91.57926266884834
10135531,74.72525985856473
10135852,34.86563670875845
10136199,0.0
10136256,0.7946712422306419
10136750,0.0
10136861,0.0
10136980,7.719793570096186
10136994,24.941759209112433
10136996,51.346755561648465
10137006,8.954935633793298
10137028,56.89578500509649
10137143,14.757078279403125
10137236,1.6419847364490678
10137315,0.0
10137499,63.63874677999138
10137757,0.0
10138218,63.10313998221299
10138533,25.00078063191313
10138870,33.97895979662514
10138872,42.54663464047095
10138888,0.0
10138958,7.861958910058
10138996,0.0
10139093,9.424688245955373
10139332,0.0
10139347,8.629337793908697
10139617,8.767250478655995
10139724,14.12894426379333
10139922,92.0
10140164,41.22163688190424
10140275,6.507671004646188
10140368,92.0
10140462,0.0
10140604,9.26012158247967
10140729,7.96105237397601
10141276,1.9375771978793104
10141718,36.942875274782175
10141933,0.0
10141998,2.65242548600979
10142067,18.124497471453175
10142499,43.78315076703929
10142867,0.0
10143231,0.0
10143655,39.11707672260529
10144140,65.11830674589712
10144398,0.0
10144422,89.5190809928622
10146747,1.0505754047734825
10148197,0.0
10148581,7.929754484009898
10148955,1.7812923544342212
10148969,51.58181205150962
10149393,0.8792093189684564
10149932,1.777476767333333
10150224,0.0
10150643,0.7462540288817578
10150648,30.77618168960342
10150723,5.645886677180712
10151054,9.76675479409814
10151209,24.937764876298385
10151488,14.971773486005787
10152015,12.339093021784429
10152029,6.18374112774039
10152091,0.0
10152738,0.48269663349832115
10152758,30.39691145219689
10152936,0.5611577099445952
10153267,12.76508644187421
10153349,0.0
10153363,37.978074598162124
10153654,3.7410584040162647
10154118,33.47911026229702
10154397,0.0
10154449,1.7404931751352564
10154762,43.092023114983434
10155029,0.0
10155159,90.47125379851263
10155167,26.796491932098743
10155628,8.172427581201276
10155672,19.48327489254983
10156213,0.0
10156290,22.13832360915233
10156314,0.0
10156340,11.60282129765097
10156342,5.452814962158982
10156960,51.92765495096461
10157171,0.0
10157289,17.464883527133903
10157294,0.0
10157426,27.19940912693503
10157789,1.0866756211121782
10157939,8.55452535392645
10157977,22.69794845724565
10158141,0.0
10158203,0.5284831170511879
10158490,8.701367390920495
10159182,1.2376230289649826
10160921,9.363842684442595
10161081,0.0
10161401,0.7358681100969378
10161557,12.826836423493297
10161583,0.30808716008022685
10161705,22.81905110154714
10162621,38.72413208500521
10162932,0.0
10163231,1.9606031135406354
10163240,0.0
10163536,40.24660556998765
10163683,5.409466320494893
10163724,0.0
10164008,6.732898139835456
10164145,0.0
10164331,73.74834595911312
10164606,0.0
10165064,87.93015204776225
10165181,7.991585991577995
10165410,0.0
10166365,10.285987337261044
10166624,0.0
10167401,19.699379164247894
10167665,0.0
10167797,34.39766677418448
10168049,1.4394192787740394
10170115,4.06390316692751
10170471,0.0
10170638,6.2326124739174915
10171644,24.054534622372152
10172540,0.0
10172586,10.443842117291972
10173271,0.0
10173304,25.35996581313885
10173687,0.9352781451341414
10173750,0.0
10174133,0.0
10174324,78.84411019869408
10175133,10.257785293530734
10175187,0.6956244380560292
10175678,4.156065990488877
10175969,0.0
10176405,13.783603776860197
10176512,0.0
10176696,0.0
10176730,24.713851062668546
10177183,23.405133726129257
10177753,1.134611961065275
10178082,6.8282618854637995
10178685,16.796948306415608
10179187,0.0
10179372,0.4822434501571209
10180231,0.0
10180427,19.5746771508122
10180766,0.0
10184638,25.24944770098584
10185913,32.69456021207507
10185960,12.30790864322595
10186192,92.0
10186688,4.568468744187232
10186767,0.0
10186787,4.819332033262761
10186876,0.0
10187307,0.0
10187402,62.985029007714324
10187515,0.0
10187685,5.513399307811817
10188121,1.4176223764149398
10188296,11.600541051501377
10188405,0.0
10188806,5.044271104497561
10189351,38.54181687833268
10189803,0.0
10190770,32.349575772889565
10191142,90.2108205452534
10191601,60.98500807628737
10191942,0.11954161768383642
10192564,15.710321545698399
10192898,0.0
10193009,12.356914792695846
10193753,14.690788836094463
10194616,34.78083967841824
10195493,7.578694885612727
10197242,65.60802751349797
10199699,0.2608140035531221
10200787,26.85536428451635
10201295,8.796371575727946
10202641,20.261837700975818
10202655,0.0
10203071,19.247147814148775
10203087,17.081936751660805
10203095,42.49495679571183
10203097,2.5756981264493177
10203236,40.37079256717573
10203556,0.0
10204097,29.021788332822783
10204208,24.78176430386261
10204245,13.985348005827369
10204327,20.396302993994304
10204479,0.0
10204999,7.542671639736874
10205130,43.45467308856765
10206269,12.183504306823508
10207945,20.47038057635219
10208716,0.0
10208854,1.7046205030714177
10209102,7.359513144009782
10209283,18.678459295132733
10209396,20.655829006423296
10209403,0.0
10209471,56.282953082741734
10209654,15.166748481965904
10209973,13.134593874039659
10210556,0.07423422141301472
10210667,62.65336099374574
10211109,0.0
10211935,68.38695555701386
10212686,1.2191569697477505
10213080,0.0
10213280,6.737195760737144
10213355,32.759135324705234
10213711,15.65375470435535
10214197,0.0
10218027,58.42155929262743
10218475,63.13217404263656
10218975,0.0
10219639,2.1260892096129993
10221640,16.61014973170538
10221874,51.785613428490684
10222715,0.0
10222998,55.62130950430273
10223260,0.0
10224321,6.966857786899132
10224557,3.442766005926849
10224564,13.36235058233246
10225827,66.84959882769218
10225915,21.20817429509912
10225972,5.55988582044013
10226208,16.407253417044053
10226269,1.750535592480027
10226431,48.002336038135525
10227067,0.0
10227297,0.0
10227402,25.986833969879783
10228720,18.196802951773414
10229049,56.35257745413313
10229094,52.04417729998043
10229187,0.0
10229340,0.0
10229579,9.352067707830983
10230344,7.58328315157717
10230429,21.60309465993732
10231834,53.75655391878877
10232039,65.6934416334085
10232344,0.0
10232605,0.7058721338740668
10233244,17.233668292335107
10233795,0.0
10233905,41.399016368176305
10234090,6.762631502171043
10234589,33.88485473423802
10234713,45.008653886748654
10234715,2.4265077324456072
10235033,35.45583041002515
10235938,31.476910397861154
10236033,0.0
10236389,15.503154850752129
10237991,1.382321192539493
10240092,3.5181032917480977
10241021,59.91469450992174
10241950,33.6399102611962
10242138,39.7001504335652
10242249,13.82317052543544
10242330,0.0
10242936,51.9335866727286
10243326,0.18516319031600048
10243454,5.22542610492723
10243497,24.84869555587358
10243648,0.0
10243895,56.483012477545564
10244388,0.0
10244450,73.19599683036341
10245584,20.149724979161356
10245677,0.0
10245880,29.51177364888143
10245953,7.664691328440796
10245959,23.50129484981154
10246002,4.9220841647195215
10246013,0.0
10246134,88.49947902987608
10246816,0.0
10247250,6.12445194914708
10247376,3.406819944245811
10247679,0.0
10247766,0.0
10247793,0.8406118353744532
10248067,0.0
10248539,0.0
10248690,6.54077393941872
10249411,5.180010700586003
10249886,53.77817122061533
10249927,4.78257409115043
10250438,20.98120782099331
10250621,22.518225390163956
10250647,3.4671342809352055
10251082,73.72375521912426
10251114,10.148675379408914
10252387,6.106293481601085
10252499,11.662482960115547
10252712,15.640653941358117
10252908,15.839957169919096
10252921,62.14040609431495
10252962,3.1682012836150477
10252999,31.751633595753805
10253367,2.5164755778747043
10253408,0.3368099970861458
10254619,0.0
10254681,10.255928616494778
10255192,2.056664805625836
10256457,9.79136729255238
10257476,15.309437962365186
10260862,0.0
10262379,48.509800872338445
10262580,4.302038970391266
10263284,0.0
10263395,0.6118096646820703
10263516,46.6232793053722
10264880,3.009440410693802
10265675,0.0
10265814,0.0
10265988,32.83763768286432
10266171,1.5637692980965525
10266428,6.468122898721603
10267034,18.70912461203975
10267050,2.4340697275449834
10268145,0.0
10268712,37.982977301371626
10270687,54.77070725765235
10271848,0.0
10271884,40.577478981287456
10272000,0.0
10272326,0.0
10272840,0.6236961592810317
10273206,5.167331213844619
10273251,30.255183796378866
10273462,0.0
10273647,27.209028333818544
10274257,66.6589191159776
10275361,49.61329671126204
10276934,0.0
10277543,0.0
10277812,3.71243719093151
10278229,0.0
10278364,0.0
10278507,0.0
10279573,0.0
10279737,52.538143760611995
10280355,0.25908362493125736
10280391,18.643023955384088
10280416,0.7898317021944834
10281169,1.0707049170154974
10281702,11.396447435215585
10282058,2.6988950914804803
10282063,59.877907127957634
10282176,0.0
10282278,34.277716600668285
10282292,7.509680853197096
10282408,0.0
10282713,1.6466395110264926
10282857,0.0
10283008,32.00969043765776
10283038,62.415991346405995
10283688,13.486278234231282
10289124,59.814874556533994
10289394,5.293116206321876
10289872,40.207530946382754
10291680,0.0
10292088,0.0
10292231,43.2697797466643
10293298,27.949249281575455
10295156,0.0
10295857,14.768824129240137
10295995,7.599932904687787
10296063,0.0
10296588,4.7683630908381005
10296902,4.172249580965136
10298106,6.265105968997215
10298550,57.50425997374867
10298748,20.114938193997094
10298824,24.53710030943637
10298845,0.0
10299477,58.14298685057217
10299725,1.315633746133841
10299827,0.0
10299870,4.6112272187316385
10301140,39.93448317796174
10307179,16.593759462975996
10307776,0.0
10307958,47.67883680259931
10308738,61.68026630808301
10309007,0.0
10309115,8.209845123839386
10309255,30.29541807899718
10309942,5.330172319354816
10310103,12.911609563363712
10310874,32.09576398282526
10311049,0.0
10311299,0.0
10311898,0.0
10312071,7.590393117729512
10312309,0.0
10312486,24.948417724257034
10313271,0.22843830464790216
10313703,47.16597716652729
10314379,8.257397795968238
10315444,6.639559964002871
10315973,30.01523753120816
10315976,0.0
10316547,0.9716140009687777
10316551,92.0
10316575,0.0
10316743,1.3795565586941692
10316923,0.264738818597003
10317919,17.161433751063086
10318220,6.227021814597649
10318395,53.747628805173946
10318675,11.280160289336045
10318684,59.38240015223756
10318776,16.68756343065737
10319189,69.7795436607903
10319730,10.558834219496596
10319795,0.0
10319866,0.0
10320083,2.5915193013854534
10320928,28.270222322600837
10321100,53.991437255813736
10322621,1.950769552425605
10323094,51.810426453337506
10327434,2.7288997858794772
10328424,4.669873713299005
10328582,28.770665603504824
10328877,2.1326951063399946
10330927,45.022393847113605
10331878,7.188088999534806
10332161,7.1658760028824915
10332440,26.709764972307745
10332767,0.0
10333143,0.0
10333304,15.840184664291904
10333496,0.9948216657304343
10333985,3.4770997103330075
10334259,0.0
10334881,31.424720617087267
10335191,51.634136067170495
10335793,0.5468362699343459
10335950,7.450269082316847
10337293,0.0
10337511,0.0
10337846,0.0
10338678,31.518349270419954
10338696,8.447070302550628
10338770,2.634364678683255
10338833,0.0
10338839,8.116455558717128
10339044,81.62764895054397
10339057,11.049094348129273
10340247,61.04379560012997
10340745,0.5931860149536163
10340849,1.5301706568689966
10340867,44.243589641438035
10340994,14.010842608063516
10341262,0.0
10341271,60.306004819530436
10341382,0.0
10341439,5.685804308319327
10341640,0.0
10341932,75.99309465893614
10342005,0.0
10342059,0.0
10342295,8.370771737258696
10342404,0.0
10342448,12.198848701048611
10342646,5.9108524257469455
10342713,31.279848847402754
10342743,0.0
10342806,6.5642079929834765
10344882,0.0
10345066,1.26861145967559
10345574,4.946103549743221
10350120,0.0
10350911,65.16557816201131
10351249,82.54100990662653
10351366,35.594381440650885
10351753,0.0
10352410,0.0
10352632,7.854244239458712
10353449,53.616081066381504
10353711,0.0
10354038,29.9489602494259
10354208,0.0
10354471,46.856479380988944
10354742,0.0
10354815,5.947582494532014
10355928,4.4888156344579
10356080,0.0
10356239,18.714620855071338
10356808,18.204517064332805
10356916,65.32804450536082
10356966,53.18496067534515
10357730,17.906943276904556
10358093,7.41033246555962
10358311,69.1966955598921
10359485,0.0
10359486,35.58704788796076
10359492,36.31697326722776
10360144,13.265245664209054
10360180,81.65937832089753
10361285,0.36660945962157143
10361844,41.06752035786577
10362013,0.05631540839883442
10362016,68.23633012173414
10362194,8.570401493031873
10362710,12.46686458323181
10363093,15.813675844944626
10363118,9.494117627945414
10363197,0.0
10363852,0.0
10364229,0.0
10364442,2.649064307221984
10364566,7.3562308363710045
10364604,46.19636222986143
10365451,0.0
10365516,59.677612854644885
10365862,27.460955636311958
10366096,19.5033413344865
10366137,0.04889597958582215
10366219,28.1171282656475
10366441,6.4869406122163795
10366570,57.55607651184848
10366904,4.453358791397427
10367519,0.0
10367650,0.9093969800573589
10367677,6.064375273017035
10367884,18.76045442728656
10368055,9.610808338004418
10368358,37.90656972577859
10368714,43.9935584891407
10369062,0.0
10370374,0.0
10370929,0.0
10376078,0.6824240192892432
10376622,53.49715597964297
10376627,33.174294613227865
10376897,0.0
10377156,23.632934289345634
10377405,11.792163256794275
10377445,0.0
10377924,82.31229771482296
10378518,0.0
10378774,0.0
10379439,85.12964666589704
10379700,18.716715056713465
10379735,75.77570925231333
10380644,13.114001424062259
10380993,16.66489839244155
10381123,7.4005545747349615
10381492,0.0
10381777,53.835761665909786
10381888,78.41221871999682
10382377,67.1750444924649
10382430,0.0
10382822,0.0
10383636,0.0
10383904,33.62195249580186
10384098,0.0
10384216,5.413455721769303
10384319,7.675350044622514
10384698,1.7688254205371194
10385807,0.0
10386341,87.28778311975742
10386789,0.22684243857008113
10387132,67.46130433289636
10387320,0.0
10387851,3.0434635333242284
10387852,0.0
10388054,22.96203028665513
10388543,0.0
10388585,0.0
10389715,45.99765876602111
10389934,11.859073237504479
10390088,28.17813218494713
10390220,9.80747966567754
10390274,2.161223299946478
10390481,0.0
10391118,4.554873399208077
10391229,14.348812504816507
10392041,0.0
10392472,6.294667628384378
10392932,0.22290946088821073
10393166,0.9272783022949227
10393619,12.59868365795132
10399663,17.200435831974293
10399893,0.0
10401534,0.06726226716617845
10403667,0.0
10404087,0.0
10404385,12.82878956642012
10404638,75.95526343172767
10404671,9.759356442792438
10405094,0.931097638406083
10407271,20.825060804522302
10407723,81.29939502948477
10408631,0.5776611422254732
10408789,40.482521917449176
10408816,0.0
10409494,10.739878562788881
10409669,28.184537329979698
10409905,7.22139360935531
10410022,0.0
10410597,2.483336583200874
10410795,20.285358848422227
10410959,17.531142551288973
10411533,4.732858282056441
10411665,14.258573243957379
10411679,6.84072439602064
10411803,15.680872221815733
10412006,0.0
10413100,0.20553568954432677
10413124,7.189058763186388
10413262,0.0
10413399,76.10654948271127
10413491,7.305197326210084
10413567,4.411885545607877
10413576,58.33438770417532
10413642,24.118408145547335
10413927,59.74187753468525
10414065,2.1370080343404396
10414445,3.6580078045480917
10414777,60.905720618684065
10415070,57.58082724667731
10415370,35.77011808140467
10416461,0.0
10417214,5.203233486927097
10417430,56.27069781086718
10417797,16.43225481475627
10422846,29.183284206735742
10425030,1.8200150991402815
10425759,46.30230044014337
10426358,9.549565816890684
10426976,1.8179555561336045
10427362,81.14915013801257
10428054,22.605394356728866
10429094,2.43446972148584
10429702,5.052720214216297
10429779,0.0
10429806,3.609857635566847
10430006,0.0
10430127,0.18508312588836162
10430287,0.0
10430591,2.959688115496725
10430628,4.435128261668204
10430662,0.0
10430715,6.0678956833487945
10431267,16.63052035839833
10432610,0.0
10433284,0.0
10433841,0.0
10433860,0.6626852399746852
10433918,0.0
10434438,0.0
10434573,22.538688346057974
10435225,13.846899326670822
10435577,29.29674344932328
10435733,34.77186376981608
10435862,6.993036676536143
10436554,0.5778023796091354
10436734,10.002129968237988
10437027,1.7850642327078603
10437634,0.0
10437777,0.0
10437811,40.136423740115724
10437826,6.958171913553514
10437887,0.0
10438257,7.698810139818072
10438280,4.092579848856623
10438662,67.92177249902754
10439184,6.007639386921987
10439885,1.4489621355029954
10440798,0.0
10441075,39.41705374318418
10445597,0.0
10445864,11.28653238413105
10447227,0.0
10447360,0.0
10447691,0.0
10448600,0.0
10448885,11.867210160201225
10449111,0.860935297593695
10449466,0.0
10449728,13.301157978222243
10449941,0.0
10449964,46.838592802724385
10450688,49.5795956589134
10451057,0.0
10451267,0.0
10451359,6.988897305269369
10451489,12.196499627381733
10451508,7.357775891352411
10451613,0.4687195398035726
10451701,0.0
10452249,28.4131966121681
10452524,12.07078688036507
10452541,31.06069394074857
10454253,0.0
10454628,35.0426702022702
10454801,5.321867473957191
10455138,12.449936442534351
10456631,4.333415375334731
10457363,0.0
10458115,7.541742197528556
10459237,1.4169954063983923
10460113,17.13772552233224
10460302,0.0
10460315,0.0
10465447,13.449323590805633
10466072,3.231135672338773
10467179,8.075558326938157
10467390,36.709039461842345
10469243,5.2830837362469865
10470083,31.790580793095327
10470258,55.69292791942541
10470375,5.401397833745342
10470455,0.28010812681988995
10470677,11.056035023419808
10472004,7.523831554682683
10473730,11.330413498767264
10473849,6.231777496026552
10474225,0.0
10474722,14.028340989871047
10474780,28.465298328811713
10475237,69.16574358730132
10475319,0.0
10475700,1.090639111291793
10476119,24.042839863325135
10476135,0.0
10476319,1.9256386839585318
10476556,60.32915809387578
10476782,0.0
10477683,81.49032753468117
10477698,31.406376991660164
10477978,0.0
10478904,0.0
10482486,1.3312802214782664
10482554,68.71545514126646
10484019,22.354130406708542
10486974,0.0
10488146,61.24654932658175
10488206,13.704810685210667
10488464,6.914838778095962
10488831,28.231848937163015
10488915,18.160739957345378
10489306,8.261590638506568
10489326,57.3898961100278
10489896,0.0
10489923,0.0
10490134,0.0
10490263,70.68389133349726
10490373,23.471313231666645
10490929,38.46587731327913
10490947,0.0
10491070,3.8236680859892616
10491137,3.0333027828662793
10491340,7.832583239040751
10491594,52.0354940746448
10494337,3.33093055561433
10495299,0.0
10495620,27.210788152263795
10495884,0.10846520960459216
10496401,0.0
10497886,0.5768726452818242
10498577,2.7871970297108533
10499025,0.0
10500033,0.0
10500085,0.0
10500222,0.0
10500406,13.351078649606372
10500815,0.0
10500873,0.0
10500992,1.6685641893692562
10501331,47.62894367273387
10501920,29.43316248480732
10503392,54.693622766196405
10504508,0.0
10507161,5.736407528665271
10510846,5.116428831898837
10511064,4.922888112083363
10512466,0.0
10512812,23.79698728572977
10512817,5.231342361833754
10513228,48.82465058216783
10513499,0.0
10514152,0.0
10514166,2.1604141793669456
10515677,0.0
10515838,27.834595415921342
10515875,22.917804552247595
10515993,15.777559765796454
10516322,28.31695762451549
10516424,15.342919697195924
10516610,4.6774433414699885
10516626,22.465990153741345
10516819,22.2464502411044
10518694,0.0
10518896,3.630054070721826
10519216,0.0
10519429,5.263501928622482
10519519,5.902055611298714
10520431,0.0
10520668,4.867747461412783
10521059,6.851497443134647
10523618,53.39194000481099
10524365,57.60380772215112
10524460,0.0
10524938,3.3517478211020055
10525851,7.723715307222548
10525911,27.27100107203716
10526346,0.0
10526871,63.496081768335436
10526955,0.0
10527013,0.0
10527274,13.63141282645394
10527486,22.041511123110084
10527956,8.164472093178606
10529176,3.7075446171317097
10530373,26.488718301549543
10535630,0.0
10536156,0.0
10537216,40.30418095786385
10537769,0.0
10538427,51.335907860207904
10538536,3.0797955310767193
10539491,63.34917951343672
10540175,21.892100079158062
10540927,44.13369967359749
10541080,18.406551213680977
10541201,28.411140751312516
10541260,1.483823876850181
10541488,18.502131090561967
10541837,0.42415047462409206
10542167,3.77398539512361
10542347,20.440459189002702
10542668,7.4242390225332855
10542679,17.24488946900061
10542965,0.0
10543277,0.0
10544439,0.0
10545027,12.814403394422222
10546254,20.924253952566538
10546396,14.04919827397574
10546568,0.0
10546606,0.0
10547353,1.2875848841317818
10548910,7.039112614811742
10549054,41.840589729452574
10549445,41.12072777452328
10549650,0.0
10549714,6.629467902313543
10549781,9.094392204878233
10550240,10.040745546947939
10550349,0.04790523874556385
10550543,0.0
10551087,0.0
10551675,42.108852286981
10551825,2.9418468537638276
10552168,0.12135974480226963
10552983,41.93680854789876
10554070,13.52224526144824
10560148,0.0
10560986,0.0
10561130,0.0
10561771,10.764593594757812
10562085,0.16016214757375025
10562462,34.7947282064039
10562668,17.968024788911627
10562789,50.172316526359744
10562990,4.4791562614505835
10563076,1.1414012557084732
10563387,0.0
10563493,0.0
10563586,17.621079090919928
10564163,7.504063331188185
10564375,6.7649436463281845
10564483,5.929868505035692
10564621,4.648082335966954
10564702,0.0
10565686,0.0
10566302,81.70437738771918
10568153,12.384998199154687
10568208,74.69220258111079
10568646,0.0
10568695,0.09857768673654022
10569249,36.11683861414289
10569568,9.171890200449084
10569804,0.10520273311633233
10569865,4.132146998865387
10569945,16.28231736124744
10570156,35.53865343308781
10570447,35.31343545766866
10570660,0.0
10571112,2.8620137581977474
10571255,0.0
10571323,7.417506613302653
10571889,5.341674161092129
10572094,56.47419801066543
10572807,18.68331002776347
10573225,74.72591823166891
10573273,0.0
10574604,6.063642630695192
10575811,0.0
10575817,0.0
10576118,0.0
10576813,0.0
10577023,27.930120411091746
10579428,31.5561021242345
10582297,36.870998822389964
10582695,30.714412471970043
10585446,5.191311564774573
10586336,32.960685389896746
10586633,0.0
10588057,0.0
10588705,24.57967174073918
10588741,0.5358953096099199
10589684,65.58645152180281
10589700,0.0
10589945,25.367324917931697
10590105,3.772795890515603
10591112,0.0
10591234,4.524109073355412
10594419,48.61549909737773
10594705,0.0
10595000,74.38093670689163
10595374,57.04379442951809
10595677,45.442818235396324
10595963,0.11844013130658482
10596279,12.296476761005472
10596295,0.0
10596315,0.0
10596652,1.2841320955245124
10596990,2.429691656550407
10597161,56.74403836726942
10597695,0.0
10597780,9.705208066813341
10598043,0.0
10598766,0.0
10598941,7.236333619438746
10599045,0.0
10599796,1.6942190575975218
10603050,0.9811709675146432
10605445,82.93004924727455
10606531,0.0
10607372,0.0
10608844,66.87465803808942
10608956,0.0
10609213,0.0
10609249,46.33406592885372
10609274,15.289387827742019
10609790,35.47365286578768
10609963,0.0
10610434,8.001160063227736
10612067,62.539603983890636
10613007,4.692509650168379
10613607,5.273226671306979
10613823,28.148674765892814
10613950,2.5974775208627605
10614204,12.467433562633708
10614832,9.222730922095487
10615116,40.479958565199674
10615184,12.913259822546223
10615569,0.0
10615883,47.668964800493114
10616998,0.0
10617247,4.598029657690773
10617859,0.0
10618948,37.006075698669214
10619208,26.581454702612312
10619400,0.0
10619886,18.655691201200728
10624485,8.309005630426892
10625435,5.540949587393019
10627621,16.383600599508767
10627898,24.454307041185345
10628495,1.906519746082978
10628593,22.232260052067375
10629434,2.36467215990314
10629596,0.0
10629860,1.728254063178973
10630302,74.47496886152592
10630738,3.2664230281596716
10631005,0.0
10631165,0.9564223381439874
10631279,0.0
10631426,3.7023468569211673
10631540,0.0
10631930,10.323843706415325
10632141,0.0
10632572,0.6544951649386803
10632893,9.966650242866777
10632936,42.68505039960273
10632973,0.0
10633603,3.222507404343286
10633895,0.0
10634051,5.543985838969611
10634446,5.317113823438213
10634652,0.0
10634933,4.081827029036553
10635913,0.0
10636394,0.0
10636576,0.0
10636755,8.798661575183836
10637378,25.291227723915508
10644142,0.0
10645518,0.0
10645546,9.152596700491138
10646179,27.619070097480055
10646642,9.43778848407782
10647051,0.0
10647977,30.42752920655802
10648481,37.59781534486917
10648628,0.36635892644736145
10649625,12.697463365779733
10650496,0.0
10651786,13.858372334917078
10652203,19.480893398187995
10652427,0.0
10652993,0.0
10653607,5.016947891748586
10653956,75.41078224615316
10654319,51.60523752798332
10654803,0.0
10656197,2.710717062622173
10656360,0.0
10656617,0.03988812872314185
10656844,0.0
10657080,54.81722223015719
10657771,11.644190330485223
10658613,36.376865519893244
10659041,0.0
10659552,4.287169338971701
10659808,10.028330835226988
10659825,0.0
10659999,10.615928185027137
10660058,0.0
10660121,79.09358620116373
10660502,0.0
10665558,14.649885377912316
10670128,29.435334820079973
10670635,14.391467842539122
10670716,39.554543986455144
10671323,3.3657408646205482
10671380,6.635084553788644
10671576,7.469172773466276
10671589,4.442751884685364
10672723,41.23854771636628
10672907,29.48107824466804
10673293,15.998231940031943
10673957,73.07796663714754
10674299,36.57843897738698
10674385,0.0
10674836,2.647801081902017
10674978,14.277376508874212
10675210,7.841027248478035
10675218,0.5375365673231656
10676073,92.0
10676246,0.0
10676766,0.0
10676786,0.0
10676937,1.6507353259048685
10676959,27.667682252799885
10679350,34.553374194146436
10679588,30.011631544463754
10679702,60.844285831046186
10679740,0.0
10679868,21.883099745998443
10680344,39.743428258481686
10680375,9.758943737363708
10681362,0.6961042075816906
10681535,72.32915468291412
10682536,8.738173035499614
10683459,4.194030013355835
10683993,27.81207021629671
10684138,42.51665332442216
10684159,26.763784810982692
10684164,0.7340416872239359
10684258,68.49866945838842
10684843,0.0
10685439,58.730391044904955
10685883,84.36672654053851
10685892,76.93033629071284
10686406,0.0
10686719,25.64339476452948
10686990,44.703586573224484
10688178,48.33757674326217
10695412,0.03645875442605018
10696356,3.6367296954644566
10696570,73.356007119689
10697332,0.0
10697868,0.0
10698161,0.0
10698557,2.544409537996522
10699318,79.4327898688438
10699546,14.059816431897552
10699580,39.66261864999647
10700115,3.7184429204804843
10700310,5.284118353847582
10700393,7.913540740496586
10700458,7.036441495446532
10701112,0.0
10701343,0.0
10701872,23.528076555456533
10701931,0.0
10702087,0.0
10702489,43.98201742426665
10702506,6.561538113588952
10703299,3.3117015413720416
10703534,0.0
10704883,1.7924009960256662
10705086,0.0
10705110,27.540472092064668
10705585,6.558338625026032
10706099,42.24122397651278
10706430,1.747918401594582
10706850,26.479188795436688
10706857,20.53421251255861
10707557,0.0
10708420,12.471281540597158
10708561,11.75853704856095
10708584,4.707825900675125
10708789,0.0
10708999,32.24360593824817
10709205,79.74766510908296
10709249,85.97905041521022
10709570,0.0
10709859,49.61597727925965
10710788,0.0
10717518,54.070334839250755
10718789,45.83641006919961
10719319,31.973410308532074
10719585,5.926417544064186
10719995,0.06438221638526187
10720124,1.8405385196889767
10720191,5.43136633527174
10721301,0.0
10721609,0.0
10721909,0.3224443872526237
10721957,2.6859787136569793
10723142,6.132562368967321
10723230,0.0
10723310,40.144682798697445
10723651,0.0
10724150,25.055117355827353
10724373,30.609137526701637
10725310,3.543271151602063
10725410,0.5389903782410599
10725467,28.609433305641048
10725570,0.0
10726217,27.974971126800092
10727010,47.27410440658262
10727155,2.4224093618616607
10727559,0.0
10728067,0.0
10728750,0.0
10729016,92.0
10729421,77.51856243380297
10729750,7.431492768745535
10729911,0.0
10730260,9.81315540346932
10730693,66.50499060705525
10731317,10.759918411750718
10731545,66.0748573204759
10731673,0.8545082051131274
10732265,0.9972269462734786
10732441,7.735319009880698
10732564,3.072062010664588
10732710,15.4325113251344
10732830,0.0
10733012,2.050988437502646
10734081,1.6417702011393729
10737301,0.0
10741013,5.131089291700903
10741445,0.9137418034096996
10741638,4.871693641107463
10743361,0.0
10743445,44.46714441341239
10743488,0.22038176319895086
10743489,0.0
10744110,0.0887042024074205
10744427,0.0
10745696,48.99749173917524
10746029,1.579239088069226
10746511,8.919757638744436
10746785,0.0
10747030,0.0
10747093,0.0
10747346,0.0
10747810,22.419740233347092
10748040,41.41869196715298
10748496,0.0
10748793,14.275723685022154
10748860,5.302552420101637
10749081,25.460285617129507
10749273,0.6045241999231123
10750143,6.163415042146717
10751336,0.0
10751938,0.4376611868442062
10752111,0.2429438599891185
10752798,0.0
10753120,0.0
10753199,11.726686648873127
10753967,1.324630909886892
10754079,14.47191159972607
10754087,80.35388567147783
10754796,0.0
10755235,7.874775483478459
10755415,0.0
10755419,0.0
10756521,12.95001910381312
10756804,2.819461583517146
10761649,16.03711337021921
10761792,9.58964508719513
10765525,21.079889811202843
10765607,46.84294447846107
10766138,0.0
10766262,2.9301939226715206
10766309,24.985745876881282
10767935,0.0
10768289,0.0
10768463,0.0
10769127,48.95909957727201
10769208,63.830271972166045
10769917,0.0
10770507,68.68590603911954
10770541,23.258297189483706
10770544,24.52901173012482
10770650,92.0
10770759,0.0
10770836,0.0
10771026,0.0
10771052,0.0
10771754,39.341233055101355
10771959,2.2807926487864663
10772141,12.24945549288488
10772535,6.090322117554685
10772764,4.530108712521248
10773150,0.0
10773475,22.167104075409924
10774201,0.0
10776367,2.2274873029645974
10777069,0.0
10777581,19.1209309883538
10780568,0.0
10780675,6.164263812761014
10781170,0.10171799779006108
10781583,10.072974311775162
10781865,0.0
10782390,41.55905669168632
10782463,0.0
10782753,20.102822805523992
10782966,0.12137960778645152
10783044,15.282797889655427
10783175,2.7229498852011744
10783448,3.4526257870131687
10783750,2.0379672347213003
10784969,13.192233824921608
10785643,0.0
10785752,0.0
10785755,24.660347534556742
10786255,16.286746764884278
10786393,1.7450058325650843
10786987,63.321384141359964
10787042,16.125633379954643
10787056,5.166120367051697
10787314,30.680880024976595
10787316,0.10831711878876149
10787482,8.482173074495215
10787823,0.0
10787897,1.7433734756983696
10789121,0.0
10789163,34.583731789603014
10789551,0.0
10789664,0.0
10790087,45.71424253673987
10790425,34.474092784396476
10790817,0.0
10791008,30.232323938352554
10791190,5.776155257753363
10791277,0.15012099261370437
10791753,0.0
10795948,39.80323370005
10798454,18.74067365708948
10798550,0.0
10798553,10.86596708584489
10799408,63.28656544150918
10800831,0.0
10801360,5.39652034903866
10801738,0.0
10801937,0.0
10802342,0.0
10802654,24.28793609690284
10804123,0.6982408371257165
10805436,0.0
10805658,0.0
10805767,0.0
10807423,25.2680132996836
10807460,1.104022655104842
10807685,1.0748288186287667
10807702,0.0
10807789,56.79331508763543
10808108,24.48581577879736
10808493,0.0
10808999,30.66445247474578
10809205,5.823427285936155
10809542,26.61183514544992
10809958,0.0
10810042,13.466388273242035
10810141,0.585034226070313
10810728,0.0
10810807,0.0
10811112,1.8969669605815582
10811496,0.11618116095008446
10811581,0.0
10811591,0.0
10812641,1.3595039033567993
10812960,0.0
10813793,0.0
10822131,4.184840735213854
10823515,9.099567624721573
10823991,1.4572053216879937
10824027,7.085206613366598
10824378,0.0
10824492,0.0
10824756,0.0
10825308,0.0
10826224,65.62661574458559
10826734,0.0
10827051,13.539056610261277
10827093,2.4028521591187086
10827307,9.699390063164131
10827567,75.82932305700135
10828985,60.742179745478275
10829384,53.51487936986862
10829701,12.581939845935942
10830580,43.176910060039184
10830815,24.776999922079938
10831241,24.12633068584757
10831913,0.0
10832123,9.218359129365773
10832131,3.369847145981417
10832172,1.509600925007362
10832913,2.815491206049792
10833173,2.9729770290016333
10834145,30.68223619213007
10834514,16.035625016395834
10835173,0.0
10836657,0.0
10836760,0.0
10836805,39.864706942762005
10836896,2.1013044752922383
10837242,6.168823250829153
10837349,29.39135549582248
10837442,0.0
10837508,16.670479333406576
10837866,92.0
10838084,33.39355585016772
10838188,8.94066826519606
10838791,3.593662725295381
10839036,0.0
10842610,14.86489087630382
10843988,56.90830427831161
10846184,0.0
10847986,0.0
10849426,0.026322382426421598
10849516,20.844140848503436
10850026,44.75616234351384
10850072,0.0
10851299,0.5290707775007562
10851925,1.780429454719716
10852007,0.0
10852152,20.7817102962887
10852790,0.0
10853313,81.90655581266894
10853573,2.816276725552889
10853955,36.510609440399946
10854168,36.41532181339911
10854585,36.530975550068696
10855312,3.7432721732603262
10855464,92.0
10857325,8.657844552931373
10857432,0.0
10857723,0.0
10858150,0.0
10858331,11.237280466515806
10858411,0.0
10858582,4.928978460181213
10858699,2.825184064542391
10858829,33.55007879533688
10859514,0.0
10859773,6.950231717882254
10860176,34.089840100348205
10860601,0.0
10861130,14.03678306070342
10861663,0.0
10861883,0.0
10863069,0.0
10863335,0.0
10863853,10.24128511369085
10864062,12.153259051851144
10864782,5.321897434949349
10864852,11.902879834318632
10865235,2.7560292920377805
10866450,0.0
10869804,0.0
10870670,0.0
10871497,18.151757998426127
10872646,3.0385498704010914
10872842,28.52974244824859
10873150,3.9191068201400796
10873374,9.799834258726186
10873946,24.881316628724186
10874577,0.0
10875244,0.0
10875296,6.492134935574974
10875500,16.88536236691732
10875536,3.196699156878143
10875630,0.0
10876137,6.313926283453647
10876317,0.0
10877191,91.93935926255031
10877214,0.0
10877433,0.7574282553960572
10878243,6.6895592566574535
10879117,7.257405814112822
10879246,9.874662819385208
10879253,11.682989665205126
10880196,13.957913183771069
10880486,13.326134636913332
10880846,4.8111050245446805
10881075,0.0
10881347,18.864696997284746
10882414,0.0
10882692,0.0
10883121,31.77129666666295
10883292,0.0
10884185,3.1248868295059964
10884260,55.64609410731723
10884683,9.785028482019285
10884990,14.812516568841602
10885414,49.21967409510058
10886453,48.16162060900752
10886532,3.740448466488992
10886689,53.78522018740563
10886778,7.091919275603068
10887091,0.0
10887262,7.575026017942498
10887265,55.58370376122867
10887433,0.0
10887444,0.0
10887645,25.96747236489245
10887847,83.31340579474289
10888320,62.77718103294879
10888404,0.0
10889543,0.6904159715862974
10895011,0.24900576708868272
10896274,2.9558180808176786
10896750,0.0
10897696,91.5979924492475
10898205,4.5031427559188515
10898458,0.05605181987027663
10898767,0.0
10899030,11.741550647068472
10900130,63.7036890463609
10900270,4.361273309644776
10900511,7.751087932185481
10901062,5.891714456696583
10901255,34.376919533936
10902014,6.244550696343694
10902729,11.06502077421571
10903055,13.192312560279596
10903419,15.553543958646884
10906344,13.86841879641554
10906862,44.17246666099202
10907380,0.0
10907477,0.0
10908209,45.01121098949585
10908338,0.0
10908520,0.0
10908616,0.0
10908904,0.0
10909367,0.0
10909389,0.1615643947562262
10909743,31.920719479259247
10909987,74.87966273234359
10910332,0.0
10910694,3.351511720765089
10913636,7.374987795433487
10914578,0.0
10914679,0.0
10915008,1.6233962577185892
10915617,0.0
10918507,45.420148525476684
10918885,27.178499254775055
10919060,0.0
10919160,53.745030080764145
10920487,0.11330847144293443
10920758,4.5867407378813425
10921091,0.0
10921135,0.6257359781319067
10922736,6.0605077632103885
10923161,50.455763836680575
10924986,0.0
10925158,59.30577328822779
10925844,1.1927626681389292
10925899,6.680269550883274
10926381,0.6828802271761916
10926473,0.0
10926625,0.0
10926997,7.121222057561134
10927228,0.0
10927972,0.0
10928176,0.0
10928250,10.489932711926947
10929569,0.0
10930222,2.2787385196992673
10930244,0.375993109473864
10931273,3.00010085145135
10932059,3.0018271605218487
10934694,16.71697699510312
10937904,0.0
10938202,8.693209331422317
10938519,52.23566008922123
10938544,19.37384488259376
10938850,15.666718368796012
10939168,68.37954859855233
10939344,38.136787728864476
10940099,1.1277140685569762
10940182,6.913636677706457
10941326,6.599273046381146
10941625,8.889136020662683
10941748,2.722616549433795
10941762,56.29245102067129
10941782,0.0
10941982,5.185671262693539
10942806,0.0
10942986,0.0
10943005,66.27289106528984
10943065,0.0
10943114,0.0
10943909,0.0
10943915,51.20999481407257
10943951,33.471639629931474
10944323,0.0
10944989,0.0
10945456,0.0
10945536,0.0
10945632,92.0
10945985,9.916594925877511
10946644,54.27270991903252
10947377,0.0
10947965,23.25128021200593
10948538,11.94938262222917
10948619,3.5613103344043395
10948774,0.0
10949026,0.0
10951019,49.70227844965216
10953231,0.0
10955799,0.0
10956433,40.12003369473457
10957003,0.0
10957579,0.0
10958169,27.76249936769724
10958463,56.06234332571685
10958668,0.0
10959341,0.0
10959754,0.0
10961231,58.566095795237594
10962164,5.170606653130058
10962323,0.0
10962507,0.16731010354128273
10962710,0.0
10963122,30.231587135686627
10963433,89.47814511906819
10965252,0.0
10965574,5.0833489834419865
10965810,0.0
10966022,3.151741015791636
10966240,1.8897793069354876
10966471,2.4998184943218362
10967026,50.3759802863206
10967404,12.021824839977405
10967698,1.4776181344038761
10967760,0.0
10968498,1.4180521489490516
10968828,0.0
10968894,24.47404871992769
10968972,3.486062630002216
10968982,28.13943051921361
10969203,23.81266958407872
10969492,0.6454179470725165
10969864,12.664048165823871
10970314,56.03033813166398
10970381,41.342308035338725
10970872,16.333265657936728
10971200,30.620910905627703
10971444,0.0
10971590,5.8223612286564155
10971781,0.0
10974609,0.24414344160202006
10975762,0.0
10978055,0.0
10978135,31.177320117394935
10980266,0.0
10980554,0.0
10981677,19.440184332004787
10982173,7.629738385407364
10982449,3.8477667179263833
10982490,0.0
10983426,61.275535568946964
10983433,49.780554891513
10983794,5.604980974263164
10984202,0.0
10984340,16.026415927357313
10985093,13.15109956104748
10985169,6.141701810534904
10986007,7.583975280775981
10986246,3.916993090501272
10987024,86.1997624492295
10987342,27.938890655754555
10987461,8.097771361329709
10988431,16.556186595657216
10988682,64.7521178907312
10988898,25.789789626731928
10989359,2.7736304436994956
10989958,49.00404326122147
10990088,0.0
10990123,14.320433097372451
10992628,78.21128413688243
10994503,59.96901102228601
10994530,12.24194214472244
10995025,5.683046617615304
10995810,0.0
10995951,5.757768334778827
10996034,0.0
10996215,0.0
10996416,7.089035710970798
10996424,1.0780937374061708
10996466,11.137771497567265
10996543,0.0
10996946,10.794022201419324
10996977,7.376179027087602
10997172,11.244571210235222
10997236,20.575671912182628
10997410,0.0
10997789,45.26300906950201
10998154,1.8119122089680175
10999819,19.436414733171603
11006092,0.0
11006093,11.459802552797719
11006134,0.9604591653927699
11006779,71.88608664749998
11007370,9.028975580487732
11007719,11.371057098462519
11007827,0.0
11008081,0.0
11008371,0.0
11008530,43.126484900506505
11008877,2.230323741641463
11009445,0.0
11009529,85.64689663184183
11009761,22.687690730337188
11010008,67.66546986255881
11010920,0.0
11010923,2.6063931618745286
11012185,0.0
11013121,0.0
11013385,3.530829026938733
11014002,9.543858235621268
11014386,6.188467710177697
11015270,12.88600718024491
11015920,0.0
11016267,0.0
11016289,0.0
11016751,8.419634559411602
11017918,45.76625931066155
11018410,3.8913754951659527
11018744,62.46548162484484
11019597,5.077768875931376
11019971,4.489308936274604
11020405,0.0
11020862,61.417947273421866
11021048,0.0
11021108,45.56765594800916
11021148,19.407470551469814
11021160,21.983691613318804
11021221,39.4052790635903
11021376,18.55926333754389
11021593,20.187917782222705
11021889,0.0
11022274,46.35529759198544
11022523,7.348551649757969
11022864,40.26703422305981
11022939,0.0
11030761,35.201133336135406
11030995,0.0
11031876,0.0
11032098,0.0
11032472,41.540325098625495
11032561,0.0
11032614,9.91847994920348
11032615,0.0
11033331,0.0
11033476,0.0
11035490,21.224146059200017
11035722,0.0
11036133,42.11458228472717
11037105,0.0
11037414,3.760753229553714
11037425,70.27229132261009
11037514,0.0
11037962,1.3234461355294584
11038817,0.0
11039124,0.0
11039158,14.825091507122437
11039221,7.8805306585474995
11039478,34.5366721094313
11039689,3.406046528644982
11040114,0.0
11040513,0.3789545984652847
11041690,37.207676742323294
11043453,6.384743808489198
11043651,1.7976596145422619
11043804,6.911691878060118
11044169,1.2688576188835512
11044229,0.0
11044326,13.011862707593473
11044369,0.0
11044383,2.8712251304858185
11044397,20.401193818318283
11044578,21.145390842829052
11045609,17.470564171723133
11045683,15.886060873526283
11045981,0.0
11046564,8.163042734287863
11046590,4.308550304534869
11046598,65.64726611131148
11046693,27.927426780106437
11046801,31.71156188709532
11046858,36.48873291015906
11046927,24.153051442100256
11046995,0.0
11047173,55.85844821691796
11047193,0.1734691652929854
11047353,0.0
11048669,64.45743563345141
11053833,10.415951405511315
11056821,0.0
11057141,0.0
11057184,11.436364362057212
11057942,16.007177194127834
11058643,0.0
11058935,0.8871198071585127
11059197,0.0
11059952,81.9948269535922
11060328,52.687269911913056
11060380,0.0
11060513,0.0
11061063,0.9272884832985895
11061197,9.423274469598496
11061511,47.079532041523564
11062031,7.8978389100180735
11062629,0.0
11062697,0.9204595149569741
11062704,6.324604673558703
11063065,1.6418526719241626
11063451,0.0
11063535,0.0
11063671,0.0
11064012,29.780172574934006
11064671,22.542722956446845
11064777,0.0
11065571,0.0
11065633,0.0
11065965,20.040226542343262
11067629,0.0
11068187,4.00602652319116
11068630,4.4310641867892215
11069031,14.62730478342699
11069102,32.68178953472563
11069164,5.521586016010293
11069291,0.4462314857057095
11069663,0.0
11070137,63.348165587473666
11070633,0.3297656619154168
11070795,11.019806260880248
11071503,0.0
11072683,9.637582716351751
11077282,36.000612314852894
11078285,0.0
11078388,0.0
11078640,0.0
11078859,3.2503388669200177
11079022,32.57437515258017
11079478,0.0
11079731,33.89088515662526
11081261,9.23260007699551
11081447,2.030481333369199
11081671,6.999238051308488
11082443,34.60587277492896
11082830,0.0
11083755,45.626469123641634
11084143,59.884187737452
11084436,53.35779381539176
11084965,2.6483141405156587
11084990,2.881387822781967
11085012,16.72789169283628
11085352,0.0
11085397,0.0
11086379,0.0
11086720,78.96217137761434
11086972,15.81232737913141
11088381,13.923688076195141
11089123,16.150411033869936
11089290,2.022961898677373
11089397,16.710386151382103
11091488,0.0
11091565,2.061820908625691
11091711,0.0
11095719,49.62710806972444
11095796,10.880187091239023
11096034,9.172865477924706
11096605,19.327410940787836
11098152,1.120553745261688
11098335,22.8333244085308
11098551,22.556591948221865
11098587,18.415509505230013
11098829,7.149850521704231
11099089,10.936617018204146
11099853,1.5221773891394932
11100352,6.288831971001336
11100490,62.42051394652835
11100541,58.48482830586499
11100996,0.1824956098633308
11101525,5.2032361729777605
11101926,52.56685160712005
11102164,0.0
11102712,3.663522473975654
11102976,0.0
11105182,0.0
11105331,0.0
11105457,45.66320287845598
11105533,12.85750044633587
11105968,0.0
11106206,10.086200164880161
11111303,92.0
11113333,0.0
11113554,5.760757859031436
11115324,2.138900877708082
11115426,39.38403649416689
11116289,0.0
11117800,0.8196310088696279
11117896,22.89334597656604
11118404,11.972526070798722
11118437,28.680115808524967
11118670,0.16083100746440238
11120851,16.245388285493256
11121029,61.18922237531864
11122003,62.961341322143014
11122042,57.98273855612207
11122822,31.2604549108462
11123276,3.6628345413326606
11123735,36.22139724071263
11124058,0.0
11124422,0.0
11124613,30.95884417574748
11124655,40.5672920093453
11124862,3.569093138159836
11124954,2.031076512685658
11125166,88.60091392613054
11125209,71.67766486315483
11125724,0.0
11125894,0.0
11126103,0.04646367542719787
11126226,1.2885225815311685
11126621,7.803390377314749
11126759,36.82650960723709
11126767,2.8611217538133644
11126883,8.56038937806305
11129145,0.0
11131304,19.598796508995573
11132775,0.0
11134972,0.0
11135512,12.084174056375495
11136050,0.0
11136924,0.0
11136996,0.0
11137712,0.0
11137758,46.47008055822749
11137966,0.0
11137993,0.0
11138618,0.0
11138823,92.0
11138901,0.0
11138910,12.362705820016721
11139180,3.2545977927156002
11139968,29.3077165783033
11140165,16.403515744303334
11140302,69.07194556622343
11141939,8.575833083148588
11142154,5.070489756567213
11143122,11.485482435113127
11143222,3.3803099932339222
11143462,54.828509648422376
11143545,0.0
11143891,18.326702343863033
11144011,0.0
11144409,2.8665200829260655
11144496,0.0
11144544,36.32839305886355
11144715,47.73474249865091
11144797,7.8564664950573615
11145222,14.000139596472344
11145523,0.0
11145689,0.0
11145913,14.14914609931737
11146017,14.257365440248567
11146432,92.0
11146488,3.606705639684396
11146502,0.0
11147172,6.84549328715838
11147693,0.0
11147823,0.0
11147918,0.0
11148320,4.344159740645637
11148342,17.494868390539104
11148433,3.1639664521768083
11148990,16.007907731143497
11149221,37.88410078104054
11151100,6.732308982176164
11151103,23.01938928918626
11153891,0.0
11153996,0.0
11155963,10.24922577888627
11156427,13.637044604650058
11158544,0.0
11159093,23.202976816559
11159400,5.031398159922382
11159720,0.0
11159859,2.5479842587234742
11160167,30.369893853657583
11160700,4.80581849397295
11160734,6.422653618757806
11161067,44.13167095865701
11161207,0.0
11161660,92.0
11161908,12.694881991423514
11162192,5.896247244903172
11162475,21.403540966762705
11162591,2.7651087945309385
11162906,3.5306981366707504
11162977,22.15015726844817
11163043,0.0
11163136,0.0
11163491,29.619332039334473
11164047,37.3585947611577
11164714,58.08192876217857
11164743,0.0
11164967,12.583875880332833
11165063,0.10700161844781775
11165126,64.75977764726318
11165328,28.983766095637613
11166113,55.867439962335474
11167085,0.0
11167183,0.012273493880641695
11167381,18.195432358757024
11167618,14.070305331090786
11168007,0.7825807817084964
11168411,0.0
11168514,0.0
11168825,16.811920427149715
11169660,11.404295075143196
11169926,0.4406572352688798
11170165,43.10453340953228
11170320,0.0
11170672,6.674366510309447
11175261,17.127476824254835
11175685,53.406333663503226
11176944,3.206014683504968
11177192,0.027173076524078965
11177205,1.8480598464420268
11177756,16.034859128866927
11177837,63.04417359552479
11178582,11.149130657255178
11179088,0.0
11179160,0.0
11179453,4.186280805326682
11180110,5.302098108632649
11180903,9.866238811598059
11181379,0.0
11181405,69.7676643417808
11181948,0.0
11182179,6.056521882104626
11182302,34.41394666702809
11182804,47.39753818285067
11182862,0.0
11182867,49.133259440941096
11183391,27.922362896415756
11183669,0.24214050050900227
11183868,39.450844637179685
11183878,16.586898679653288
11183989,0.0
11184440,4.0243077762996435
11185068,0.2726924612375754
11185197,0.0
11185707,0.0
11185729,31.439896048251825
11185849,0.0
11185993,5.240454161111522
11187424,65.24140553536688
11187722,29.193720289984483
11189017,1.4191625522579514
11190071,3.391103460549182
11190248,59.71095411761586
11190303,0.2629868916797804
11190306,0.0
11190497,24.42632332214525
11190511,24.328533282003523
11190515,0.0
11190519,28.06067088003615
11190604,0.0
11190698,58.58684162315689
11190701,0.0
11190831,61.2517461712779
11191242,60.412731736023154
11191459,0.0
11191474,4.650738539615514
11191763,0.0
11191899,1.7484043630508452
11191992,0.30721895528365195
11192139,2.2317944629919637
11192178,2.6990520654322907
11192257,26.339060246469963
11192516,4.728923297864647
11192586,0.0
11194693,90.16201865116668
11199636,7.231421399457126
11200375,11.138170388693926
11201486,5.153807073913306
11201676,76.65461885768424
11201707,0.0
11202061,0.07884680524687582
11202399,5.14871416687506
11202569,35.95479297320368
11202649,23.49719542420519
11202870,38.3603291495505
11203313,0.0
11204732,5.118749167880559
11205241,0.22967002683411408
11205265,1.0553708969131073
11205447,16.55065652945025
11205980,0.0
11206340,12.165895251862203
11206364,0.0
11206528,1.9982598563921208
11206920,5.406411756245355
11207036,26.31359534904422
11207101,16.674413572374412
11207181,0.0
11207238,0.0
11207722,2.7315569010919276
11208218,9.884628258078926
11208635,0.0
11208720,0.0
11209647,7.374774235514408
11209798,64.3608902947438
11210604,6.683507489873655
11210913,0.5805430529762745
11211310,0.0
11211589,13.21664244654864
11211612,0.0
11211665,0.0
11211669,4.7203733275681685
11211865,25.987442574727858
11211985,0.0
11212177,34.709246362166475
11212449,58.621793522879464
11213730,0.0
11214883,9.77304597145421
11215771,4.917095102401099
11216394,0.0
11216492,0.0
11216918,9.206730490001771
11217893,0.0
11218116,0.6306009485338819
11218246,2.8290544850548613
11219929,29.68521034642182
11220997,0.0
11221125,47.60540696526412
11221362,0.0
11221482,7.828720570883583
11221821,32.94812613231339
11221835,22.689593808096767
11222408,17.59027511419125
11222927,0.0
11222933,45.23414317457258
11223389,35.708392118411496
11223800,3.1678406811062985
11223995,10.53957888125202
11224460,0.0
11224970,6.700752400205964
11225219,10.52912191144297
11225591,23.841949370548082
11225819,0.0
11225849,0.0
11226397,11.658435476217068
11226985,0.0
11227489,27.734406472748468
11227558,92.0
11227612,4.277145785895058
11227620,7.726898006024861
11228416,0.0
11228502,6.748568836960004
11228512,5.736093996968535
11228726,0.0
11229663,13.907046209129355
11234656,12.409116838703078
11235102,0.0
11235370,9.70084065913752
11235824,65.2352298716194
11236956,0.0
11237554,0.0
11237750,0.8047012828829381
11238039,1.0068361963912125
11238591,8.0428386129677
11238744,15.739034773756849
11238936,8.364667279375304
11239248,20.015586122425738
11239295,12.363009901797586
11239332,7.262971037364906
11239716,7.774166632174506
11240074,0.0
11240470,3.91217518628779
11240749,0.4257980567304216
11240758,0.0
11241043,0.9839249789076305
11241381,0.0
11241637,3.512240005469657
11241794,27.544122632371234
11242039,8.05569167196349
11242292,0.0
11242310,2.0089051741446013
11242469,5.797696867378441
11242777,57.48183810297018
11243434,80.82213105869602
11243444,69.26524435328277
11243621,10.622697133894217
11244622,49.30738754322126
11244946,2.0934820713852034
11249069,1.2371182548789648
11250755,9.067028562512228
11251296,86.25480567133674
11251308,51.410791140816606
11251511,7.306402470687381
11252576,0.6481368842748871
11253076,7.009291604593749
11253351,0.8191747029193337
11253929,78.29297736671838
11254338,0.0
11254551,5.227100576918737
11254989,14.069761693560082
11255088,0.14430061690821816
11255157,91.81580248190122
11255694,24.712150979972783
11256539,6.804205262427125
11257441,8.229516975719982
11257497,7.275753180317189
11258093,0.9605266236209715
11258391,7.500965878103202
11258564,13.187782225123044
11258581,10.307853096527793
11259306,22.450881302043623
11259376,0.0
11259488,0.3705226244162034
11259989,0.0
11260360,0.0
11260417,6.175941311900537
11260657,4.613193477014953
11261409,1.5262174794499899
11261571,0.0
11261600,8.155949377968497
11261753,0.0
11261870,28.33879605001639
11262072,2.141454126468183
11267601,4.568183137572312
11270724,7.69009495690603
11270782,0.0
11271818,7.807230630957228
11272475,5.369185505234256
11274554,6.1306887118556475
11274685,7.5431851346795185
11274790,0.10723016497785665
11275850,3.6632788715091635
11275898,7.5804717072267636
11276353,39.254743407750226
11276602,84.514452777929
11276876,0.9594755868032294
11276915,6.17669957196517
11277343,0.448201270526404
11277765,14.156016451243108
11277955,2.348669551372346
11278290,0.0
11278868,9.353910160119145
11278993,92.0
11279405,0.0
11279652,0.0
11279820,0.48828406143894654
11279847,16.710587697217107
11280089,79.33999808105415
11280391,37.8001288481029
11280429,1.1801113752939862
11280492,0.0
11280583,30.072123852462063
11280866,46.39396478299243
11281365,71.43433602595536
11281393,85.92839386850017
11281913,1.765139692451939
11282325,42.32233114542324
11283088,0.0
11283535,0.0
11284186,6.544163588467036
11284626,1.3727943214027505
11291158,0.9122768691322349
11291559,17.83784282301876
11292217,0.0
11292338,59.51736694768843
11292496,2.724831368840043
11292970,0.0
11293006,20.338362744423733
11293662,1.2256487906970683
11293767,0.4419146700410792
11293937,41.82377361111251
11294494,0.0
11294538,1.0846390698894268
11294902,0.0
11295457,0.0
11295630,0.0
11296409,41.30427105741421
11296590,6.912738251003638
11297941,12.378199139207464
11298162,66.55496076849076
11298300,5.0353071084510574
11298511,0.0
11298615,0.0
11298718,1.8229191136729312
11298867,0.0
11298955,8.260141319877029
11299099,0.0
11299717,1.8508510795006572
11299824,59.53190566335417
11300198,0.0
11300414,4.1003021777428685
11301286,4.714402740337967
11301359,7.2025555458215464
11302298,0.45349355357590326
11302389,0.0
11302521,0.0
11302886,30.773759108570538
11302971,2.6825007799576
11303015,1.351045123129758
11303236,0.0
11303306,9.090138507625547
11303478,0.0
11303624,34.05528508507688
11303818,0.0
11303934,74.871112094181
11304069,15.967113200863565
11304325,7.94088312767326
11304805,12.678239413351328
11305815,42.44011270463443
11306483,0.0
11314451,44.65858981407706
11314756,10.014248184347592
11315042,1.5678347443266105
11315425,0.0
11315578,41.966909341693835
11315644,54.160689296662284
11315999,81.22072492751795
11316411,6.375985640372257
11316674,4.742437020022621
11317742,15.831068211210795
11317816,4.583660238643503
11319105,56.056820874474035
11319762,26.66196667397699
11319858,0.0
11320246,36.14919353843985
11320849,48.63723959501347
11321005,4.073989433765252
11321410,5.825449480679701
11321484,0.39758917240679637
11322077,12.015494117486178
11322263,0.0
11322323,5.017002535393864
11322391,8.53483247316452
11322591,19.787432736449908
11323007,9.956993227764222
11323397,69.64736977744295
11323433,50.35851460083377
11323444,49.59580765730945
11323476,2.2308033068555417
11323526,51.59162581700257
11323529,55.53321674377511
11323545,6.582542089399389
11323583,32.71080007110142
11323609,64.41257638769241
11323801,31.26299813766159
11323922,0.0
11324173,64.0489671919739
11324200,9.996653201058002
11325050,25.017273130301493
11325485,4.292727420234208
11325499,0.0
11325635,55.30694287082545
11325656,1.4589540503975158
11325695,12.016560545470746
11325775,11.214298818457912
11325941,9.059299458870932
11326009,12.381809565842246
11326272,19.934906426009753
11326908,0.0
11328979,9.316279524668722
11333478,21.20341132840538
11334476,50.2260359187316
11335160,13.734438496685865
11335302,12.264970935925831
11335747,44.999509727813425
11335931,32.35261135113222
11338624,0.0
11338807,10.309752815987984
11338848,5.179695135562795
11339046,0.0
11339377,3.7845372726902937
11339876,10.397155722870991
11340424,1.6924406187610685
11340542,0.0
11340781,16.896292350403506
11340871,1.2287543199423965
11340884,7.110926809001434
11341650,2.356902316631839
11341723,0.0
11342027,1.1059908022327107
11342626,4.408630530138623
11343196,34.52832962507472
11343331,13.717577647479104
11343728,3.620550534520582
11343779,0.0
11344102,16.5328405050766
11344203,2.0912985372522996
11344745,6.731858897054728
11344750,73.2450847453996
11344902,27.2268674925773
11345083,6.041542811385476
11345116,8.921238552583382
11345723,1.880626343497383
11346699,0.0
11347963,0.0
11351798,10.161559455505298
11352165,0.0
11352494,43.31198319153724
11353310,10.134124371746744
11353885,7.662342997760369
11354002,0.8286947954132486
11354781,0.0
11355823,17.270733186048982
11355871,0.0
11356941,22.85660357088097
11357052,5.449666141148619
11357182,16.238639997768026
11357237,35.56205896323587
11357269,56.69708990625566
11357606,4.47155367029978
11357735,22.010806168764617
11357801,48.980868980467704
11359026,10.353681907721509
11359610,10.180622270858109
11359701,0.3708842220573061
11360407,18.663314569311957
11360854,19.123002274880776
11361106,76.85678858254253
11361320,6.989956023478882
11361471,24.58002099102
11361502,4.923628929335564
11361791,0.12449239179289151
11362029,6.316285196537429
11362387,58.006574224287114
11362414,3.783175234788473
11362506,0.0
11362675,0.0
11363037,38.02404710714092
11363459,13.29122408670981
11363537,0.0
11367687,0.6223601340903535
11368277,3.0789333442827385
11369211,12.739668979896187
11369889,16.558511015854215
11370129,21.28472586095907
11370914,3.175570677569034
11371510,1.356375790536525
11371773,11.238411226626543
11371974,5.557674671266305
11372088,2.340303532598803
11372929,3.823910434829223
11373637,1.2564678017496789
11373899,6.982519636565179
11374189,6.407161851701012
11374317,38.15888895532515
11374387,10.485689456899014
11374404,5.910059853882515
11374453,15.193983063396729
11374542,2.1577047040601016
11375128,0.0
11375235,3.9564177998894223
11375733,1.485316268858277
11375875,0.976201423367101
11375909,2.459624500518011
11376516,57.018440849655775
11376684,69.43906355141166
11376730,15.129411348059765
11377233,13.081141192761848
11377308,2.126552407412845
11377582,38.82119384807905
11377665,35.747192526470634
11377777,1.7263152783606444
11377966,0.0
11378048,20.654745121372166
11378146,8.897546523049265
11378821,8.562719487132552
11378856,5.725556743998435
11379331,10.54108375279305
11379978,0.0
11380176,9.29019865389369
11381288,10.442972129465392
11387191,76.25979816317829
11387473,1.865380580362043
11387731,7.3107586569943415
11387925,0.0
11389328,0.5074472175753684
11390263,0.0
11390265,2.1287938037020524
11390786,4.586920412183481
11391101,31.56149990360658
11391284,16.932229599060022
11391457,23.25305333628306
11391476,0.0
11391541,7.114343448478856
11391713,2.844545385674941
11391811,0.0
11391863,15.110830164986318
11391896,3.0462877143890523
11393199,49.24551046222835
11393822,10.065274638237419
11394189,48.40206640923338
11394389,19.576207429256332
11394722,0.0
11394906,6.662155336624004
11395511,41.124227013151476
11395752,0.0
11396083,41.98661308423688
11396198,33.503627211523174
11396906,36.915720437382596
11396922,12.48306131442029
11396943,0.0
11396957,8.438625701592684
11397010,1.584755232206419
11397187,43.24311384896267
11398266,6.413684035228698
11398939,2.3981083353717807
11399642,7.638816265307142
11400001,42.708019768356046
11400460,38.13862279738976
11405149,4.046210707684033
11406174,2.0416532714637725
11406761,7.977485680170922
11406814,0.0
11407817,0.6883699888191614
11407839,51.309412700301586
11408491,0.0
11409352,9.559950516763397
11410116,92.0
11410580,1.5589539590847679
11411111,8.798929393000364
11411552,5.547197081184429
11411760,12.494559081730593
11411839,15.033375207878805
11412104,36.323316009064484
11412169,7.543829474832613
11413034,26.543506464829147
11413562,0.5509471298993844
11413728,0.0
11414531,92.0
11415685,0.0
11415772,38.98619205033056
11416121,0.0
11416321,17.18502194135136
11416953,25.39635490486888
11417214,3.1357972189449157
11417447,36.518934131041625
11417923,43.20622063542135
11417985,3.1536075074160017
11418784,4.33911668848333
11418938,74.03767728640156
11419133,0.8405222512013708
11419305,7.612741209493883
11419407,23.53694097149729
11419481,1.881747258992604
11419565,1.4202626733123296
11419801,1.7549064419816602
11420657,2.139221881675404
11420814,15.258273948637232
11420840,45.77318641016589
11421292,67.90068693813197
11421345,26.741281648744
11421477,33.5318227712283
11421502,26.273049460557907
11421608,29.938516394474775
11421679,0.0
11421969,53.84554444098175
11421994,80.90294814519294
11422056,68.53707920710156
11422256,3.2146855295240258
11422359,17.175524839797447
11422779,10.10041090409156
11422825,0.28693272737523046
11423050,7.133374314126343
11423260,3.7850457347164266
11423400,0.0
11426779,4.799934465983718
11427854,0.0
11428129,1.7952361499070335
11430572,64.32732980163658
11431669,0.0
11432120,48.06111506546275
11432431,7.903963095524752
11433851,0.0
11433954,0.336534580165889
11434047,5.510154636314933
11434565,6.6935869107116375
11434934,24.542602829552123
11434982,13.755426714475895
11435373,67.63554901586517
11435419,1.6816376377797724
11435529,6.681784982299845
11435841,83.49889223168083
11436132,37.825913774177
11436982,0.0
11437323,29.144890944107367
11438045,8.640090898965205
11438561,26.663839418525427
11438999,1.3690660241728594
11439208,11.066192740475039
11440004,0.0
11440243,0.0
11440548,14.472637730223159
11440798,11.51755042553901
11441130,0.0
11441138,41.15536367453469
11441293,8.857337963541063
11441498,1.7517635026989495
11442376,0.0
11442670,4.772029971824807
11442701,0.0
11443028,0.0
11443205,9.05219725728822
11443421,26.07178940759201
11443837,0.0
11444224,12.628141081515516
11446915,11.000655537321997
11447448,19.207528049138503
11447550,25.881387484698458
11447572,17.07144542190506
11448534,6.309631666986647
11449801,5.118906382500022
11450241,4.060116057271639
11450458,11.47294151641303
11450791,5.11909431771938
11451597,51.799335451208954
11452958,2.3100968752583313
11453557,3.08105229271316
11453815,0.4296724985268554
11455062,14.168594620924303
11455267,0.0
11455351,0.0
11455873,17.816568664595938
11456014,6.533618679839272
11456047,2.392718293853939
11456088,0.4780630977504572
11456179,0.0
11456753,8.304158711013876
11457332,21.093900394601917
11457547,45.44041645847123
11457577,5.755501002608142
11457693,0.733814236380752
11457714,5.723389733598509
11458219,26.125338388519573
11458475,2.3818111335974876
11458516,6.861956294727669
11459084,12.145317009620001
11459099,0.24261204286989368
11459958,64.5135682363914
11460617,7.192073239735997
11460773,37.361143029797084
11460933,6.108403585221559
11461331,15.974726163322764
11461509,2.2194087259566686
11461813,16.712074378794778
11461918,0.0
11461980,0.0
11462136,62.51888231908329
11462148,0.0
11462241,8.971980402037595
11462440,2.1990974776576877
11462446,38.4484861916194
11462720,87.57329278002825
11462828,2.864802010360357
11462836,10.812792584258041
11463363,5.571795830902879
11464188,1.9203023897457427
11470197,3.4536064720109287
11470210,74.23969287332886
11470530,31.83239939183288
11471104,5.602475668960345
11471120,24.28792444482329
11471575,4.629301904014092
11472013,0.784395408458991
11472060,0.0
11472593,4.299128163930817
11473571,10.543603562649206
11474206,4.748263675562484
11474440,0.0
11474496,4.901109521902896
11474664,65.63459323168067
11474958,34.96525540385808
11475174,1.5958451212650218
11475664,6.148768383478078
11475777,0.0
11475963,67.43644483038801
11476271,8.748139187630109
11476912,0.0
11476971,0.02863764169499916
11477187,18.07697146525897
11477203,63.49571034414247
11477302,8.822346915536038
11478453,8.387453724688633
11479296,11.591889128388678
11479550,7.159967056479818
11480726,12.31451267361405
11480835,1.7577647997307295
11481357,0.0
11481544,4.686096918052151
11481548,20.92832085715522
11481656,33.2802630830786
11481723,0.0
11481822,0.0
11483117,0.0
11483376,46.9196854004832
11486357,14.534015499831092
11487102,3.2171419282686244
11488475,19.193414749544324
11489613,25.85926952806308
11490330,0.15975120254586983
11491051,1.4207228382782944
11491092,8.452609011963538
11492508,23.88365770158322
11494114,32.67176796002399
11494226,6.981011702372747
11494510,0.0
11495048,7.372371608741695
11495797,17.391875061414147
11496387,0.0
11496584,36.432155600211395
11496607,52.017256274351254
11496968,56.50073240030496
11497341,46.22198041214598
11497449,16.487072672453913
11497469,0.0651633328999921
11497474,3.3873404432079752
11497677,0.0
11497760,4.316318109967462
11497795,5.6899172758023795
11497826,22.445922264225707
11497855,7.334212017867692
11497883,0.0
11497938,31.25162029781557
11497996,0.0
11498017,7.110216015300821
11499224,10.138152068152671
11499514,0.0
11502010,24.913871746822977
11505351,0.6498600657964886
11506248,11.511111057653665
11506960,2.6069795030658653
11507286,0.0
11507817,42.737438389099474
11507900,0.0
11508105,14.6003007880649
11508499,26.025749140861727
11508642,58.96774563467218
11509497,1.762320123443466
11510417,20.032211811408473
11510483,46.70685321431453
11510524,1.4928233590303037
11510624,0.0
11511154,8.945086010343093
11511197,20.8528858455577
11511431,39.732557015778575
11511507,15.658358768908826
11511592,14.385548963166883
11511603,67.23277883852282
11511643,19.66059719351241
11512267,0.0
11512366,15.035233213994509
11512404,0.0
11512622,10.785879511947641
11513249,7.242611742979527
11514229,15.97671412074606
11514943,12.665211655647049
11517530,11.106743300996513
11518206,16.156130660828246
11518834,55.039706041954226
11519438,8.322976130785584
11521111,0.0
11521447,69.23270869892465
11524437,8.206814518944974
11524783,11.775273582328673
11525495,5.470409968824178
11525851,0.0
11525940,2.193104451024304
11526771,0.39775203561572425
11526816,0.0
11527477,2.397079747028066
11529467,14.876336643157309
11529598,40.21748969839307
11529701,25.32762864673439
11529770,10.597129740780638
11529778,92.0
11530592,8.342845623682841
11530668,5.9348541259094745
11530851,92.0
11531130,0.18707591609545915
11531134,7.802307648643286
11531322,12.3605379191876
11531338,0.0
11531356,0.0
11531434,2.575002691329807
11531570,2.1979217456276814
11531708,7.9376248835485725
11532045,13.600955973779264
11532391,4.455742309708278
11532526,7.7929936948644425
11532531,20.860052766757313
11533402,2.478107670887404
11533501,60.402372999270135
11533760,9.847407520757333
11534035,36.08847515528804
11534543,5.5733282212456245
11535351,58.8289744330065
11540867,18.42191050164204
11543031,0.8572210650477317
11543818,2.0603884645202726
11544234,1.8699995399686102
11544408,43.36233905868686
11544438,46.54234917093785
11544737,0.37925589663311143
11545979,39.638710778415735
11546021,37.876719144062456
11546119,11.746070643155342
11546336,7.524012200152264
11546520,5.284775134296908
11547352,1.0526271662463387
11547379,33.81297156099281
11547400,21.891460618719343
11547596,0.0
11547640,49.79021374762913
11547967,27.660679673774744
11548043,1.4518982973502546
11548429,19.913375931964737
11548744,8.597182115993284
11549061,1.6764184288938822
11549213,0.0
11550670,24.665235722950747
11550967,5.3879921187775075
11551271,0.0
11552402,77.97464065641566
11552627,0.5457941558826249
11552651,19.10059657307515
11552717,1.208731791726219
11552808,43.22914855906013
11552907,8.615131633385026
11553357,12.878244847304899
11553359,0.0
11553403,21.41954224629295
11553451,3.1127193192541682
11553484,51.68314996205101
11553543,37.22850844605744
11553749,13.386255193434629
11553908,2.6467134220140807
11554076,0.0
11554091,41.555800483172064
11554113,26.32509877192726
11554172,4.346606687230576
11554224,2.0153234262694966
11554428,0.0
11554894,35.91609131192898
11554990,0.0
11555360,10.014738941543605
11555593,25.840264602578436
11555646,0.0
11556043,0.0
11556421,0.0
11559698,13.258879358521746
11561228,12.392038424118656
11561251,45.625985778010005
11562827,0.0
11563472,13.395552636942156
11563484,0.5507157245078353
11563582,0.0
11564228,8.067209217581954
11564448,1.4400890845360763
11564742,34.22878085451547
11564960,1.1649939312146174
11565062,0.0
11565272,29.298157117691233
11565394,8.660202086646343
11565841,18.229125146425265
11565921,34.966609563334906
11566457,5.940526128015414
11566577,35.40131856122158
11566601,0.7744112755427537
11567620,0.0
11567648,0.0
11567964,0.0
11567978,77.17643961034783
11568026,9.031178454972512
11568039,0.0
11568343,8.206700234109356
11568637,68.08987496798045
11568937,3.955438791690888
11568987,76.95841529422731
11569226,59.51109898968003
11569354,4.000240081345247
11569560,12.580711836777354
11569882,8.74798125297945
11570121,0.0
11570148,2.5466945250911053
11570191,0.0
11570685,62.120017554886694
11571119,60.06105640253196
11571180,0.0
11571416,53.40162599418414
11571525,24.713298743622488
11571619,0.0
11571841,43.689438876716686
11572181,74.86237606515124
11572529,67.1228199457205
11572967,27.809261819740673
11573090,4.085070688552996
11573143,0.040576012954467444
11573155,18.12419566265865
11573249,0.0
11573269,11.92330931861403
11573316,1.4623354402824873
11573695,2.71821396082526
11573939,26.760186162691753
11574057,0.6082508210748614
11574461,49.73900923474043
11574674,61.30338485252167
11574679,0.0
11574785,44.39796138245368
11574884,27.9847771930146
11575767,43.36166666232057
11580884,4.041310785788276
11581423,9.315502016664734
11581475,1.0710614187707819
11582733,33.50715072405921
11582842,7.513652886820971
11583591,51.91080825687136
11583798,6.740175654456806
11584182,12.51767154368526
11584344,18.670955534119265
11584535,48.18763894640199
11584823,0.0
11585072,0.0
11585163,12.85051476143726
11585636,33.58195895208437
11585740,9.274391914673664
11585873,3.686401522483557
11586599,0.0
11587722,23.929255232945756
11587779,3.068145427390597
11587800,0.0
11588003,3.3565668505095445
11588098,3.352362940798855
11588250,76.06864516202987
11588364,0.0
11588746,7.026065958228962
11589448,16.314437972781263
11589713,1.6398510067471008
11589772,6.268638190333121
11589822,0.9989716964779838
11590013,6.834217004607119
11590585,2.6480437135296384
11590855,0.0
11591118,7.731661949908215
11591141,1.86064703840281
11591276,2.3143776266232408
11591283,29.131191112988482
11591497,5.41477956545722
11591546,68.20809230620574
11591700,23.74097819850324
11591798,79.3214840391471
11591840,92.0
11591921,30.416571896114064
11591983,0.0
11592367,18.458873485738494
11592831,51.90806167266108
11592893,0.0
11593012,44.276415019992264
11593187,50.26120283463547
11593290,0.0
11593514,0.0
11593690,16.883064703808337
11593727,72.13467581880909
11594063,13.803132875807005
11595466,14.055351818965484
11597942,1.9454148074054274
11598370,0.0
11598905,2.583758301133116
11600477,0.0
11601086,0.0
11601567,0.0
11601634,34.67868740361834
11601695,16.042398167678975
11602485,0.5653376376864685
11602574,11.384171751254193
11603201,9.503102585419335
11603328,0.0
11603588,62.1399600905206
11603613,0.0
11603642,0.0
11603903,27.653090640133627
11605696,38.01735109425658
11605983,10.919287231242311
11606320,0.0
11606898,16.233337328640673
11607591,10.954619743306665
11607729,48.979388924356044
11607764,0.0
11608343,28.376464473183095
11608528,0.0
11608984,0.0
11610197,0.0554566005455257
11610260,19.67758462131296
11610570,0.0
11610853,10.533110212123844
11611063,1.8875622844061013
11611213,61.71040050540936
11611273,0.0
11611809,2.8862069525179237
11611999,41.7954779168461
11616521,0.0
11616592,62.858202013655294
11617720,11.127512199387873
11617815,29.099550734729522
11617817,1.9528261088489884
11618854,92.0
11619028,0.0
11619103,29.49427738387984
11619278,21.549976853938066
11619483,0.0
11619832,46.94277529259087
11620137,27.2891877275143
11620335,4.81516532326777
11620541,6.912921022811474
11620688,31.77633162206242
11620706,18.120821007503395
11620931,4.919268361688545
11621452,81.19829419774325
11622588,4.858276733144102
11622703,36.15178944519732
11623281,17.754418512133164
11623480,0.0
11624287,46.56694741104325
11624657,12.595863893617611
11624694,80.72523844874749
11624922,0.0
11625244,55.48547425609609
11625274,24.440881789811836
11625684,72.87002031367483
11625822,0.0
11625980,5.323317566755144
11626139,42.45944024525759
11626620,0.0
11626697,0.0
11627479,9.830542576902118
11630834,0.5590059881918847
11631639,4.5288172491523255
11632742,2.130814565217193
11633183,8.309088475795832
11633413,6.106988618571677
11633999,16.183627273781163
11634140,65.95552803589828
11634797,6.52155485259528
11635265,0.0
11635505,29.290766306689864
11635760,12.854404030849345
11635764,6.422718182369948
11635791,12.412954917085507
11636784,40.962297680420185
11637131,7.019295010702045
11637245,5.24410498394748
11637669,54.64762804518626
11637733,8.651199891647586
11638070,27.868260962946813
11638187,0.0
11638339,2.2323433361192713
11638534,2.3059559762457766
11638577,78.93451353573252
11638693,17.6826361326221
11638727,10.452816230187032
11639109,0.0
11639708,0.9421733085987327
11639754,0.749540661082456
11639940,8.810240140897044
11640318,3.87406777762898
11640637,7.81295639398045
11640682,1.0396886606237032
11640800,7.7204330278473705
11640894,3.402270762258567
11640978,0.0
11641041,61.71285542341609
11641222,7.473831177775207
11641258,9.621060954924094
11641273,7.390602031058705
11641793,2.957086972635693
11642165,5.039865047441744
11642198,55.00869299969221
11642973,0.0
11643472,33.88428293760097
11643809,17.307172365643176
11646243,41.11566555626211
11646875,23.009254475452316
11647383,6.7407399163770805
11647490,5.406712380647317
11647618,73.24031581619577
11647648,58.14242504130765
11647692,77.88843684788068
11647799,0.0
11648163,56.998264819978466
11648365,0.5846186270303093
11649096,27.171151750964928
11649217,6.695421517530733
11649561,12.313438322494427
11649885,5.880426951504894
11649961,1.2229905735462339
11650429,41.85935088094707
11650504,0.22274618161929993
11650735,3.96769295164907
11651142,25.576512745587678
11651505,80.88209962365892
11651528,3.166361590140305
11651929,9.370463008564812
11652232,57.055281963589394
11652262,11.123886112740607
11652282,0.0
11652590,12.4276365802316
11652843,0.8482635366347111
11654370,3.998270139005516
11654372,1.6914815394171612
11654477,0.0
11655500,41.256501694976606
11656227,0.0
11656367,5.422040359551772
11656393,11.103691932546155
11656567,2.193513061383186
11656721,7.287547261862933
11657101,22.799993047578177
11657418,15.789639999666989
11657426,3.8731999480504413
11657520,33.816382264480666
11657552,4.082601801436873
11658232,6.3385961465011675
11658358,14.512573834381193
11658372,0.0
11658539,0.0
11658608,2.831867689523037
11658674,39.85633379171787
11658678,0.17056126350919953
11658855,0.2659490644519522
11658885,57.00900977597574
11658950,1.9317929136856868
11659175,58.341418939465576
11659180,28.522220594486733
11659218,0.0
11659296,20.539035506863172
11659603,8.995612530579947
11659676,42.86805625094193
11659792,3.064591151261027
11660835,0.0
11661839,3.854976315009111
11665165,15.18542804729578
11667127,12.482259044296768
11667455,1.3415060662595693
11667910,54.996820634923616
11669704,47.17351265508312
11669852,26.03484398207045
11669908,38.846669035610404
11670701,44.47312324221327
11672849,30.744254079945314
11672888,17.292598291118587
11673320,28.326273634340225
11673451,0.0
11673544,0.0
11673719,71.93402682140834
11674081,17.647987627030503
11674858,12.371528377151925
11675156,0.0
11675341,28.74374646706209
11675540,2.6653484656799904
11675634,23.33730320321437
11675715,72.04633199887544
11675817,14.355714807894216
11676726,4.235175321082188
11676920,43.71882439883685
11676953,17.58948729203845
11676973,61.2511019302709
11677431,1.0269830604948496
11677489,20.36632139937023
11677499,3.697497947315256
11678073,1.7077272629326572
11678148,0.45524380990890734
11678410,32.46037650563425
11678620,1.470622518886593
11679032,86.72527925737498
11679128,40.37890061618628
11679758,0.0
11681311,13.321257040490451
11685868,41.0327060361252
11687348,50.186734743689975
11687703,26.2618740279961
11688507,0.0
11688806,12.0153668079118
11689494,49.06372002303671
11689603,33.691372714024425
11689818,11.280604207700357
11690405,0.0
11690836,1.3309491404410139
11691154,21.431624579826
11691166,20.4816193093743
11691284,16.02056600458758
11691402,43.517208395524264
11691825,39.32674268793108
11692436,1.3026083952826149
11693165,0.0
11693343,53.16860545183963
11694274,14.544382359555328
11694707,0.0
11695028,9.521497060298053
11695674,24.308736048546088
11696214,2.829742054915947
11696852,4.360696622236084
11697031,63.596381685083095
11697284,1.7993858591347447
11697324,4.732399187196187
11698028,50.83447446014172
11698323,9.564739268332808
11698352,8.391122164476258
11699131,5.52110440369097
11699192,46.012022974409994
11699256,39.09319479062649
11699367,18.747936739536776
11699462,8.524357356497383
11700121,8.340953610963503
11700127,63.77911678671632
11701304,51.56154034915432
11701408,10.275265468509865
11702691,31.616587599635032
11707576,32.38983689643273
11708045,0.09132885050134831
11709747,39.886188538195064
11710235,3.5902755940340967
11710348,46.349185107556245
11710582,24.82001963984566
11711294,61.11699575553292
11711636,0.0
11711957,70.09027598506555
11712250,0.0
11712318,78.81744949559959
11712388,2.041466301865775
11712550,39.2639436002522
11712801,1.2853191678076996
11712888,0.0
11712912,0.0
11713533,0.9274995615001558
11713627,79.78315136398234
11713659,0.0
11713848,40.620852003914884
11714140,0.0
11714323,34.986062195057215
11714524,33.88643800454618
11714956,12.363275068841546
11715723,0.5122914416655675
11716677,37.76251447427564
11716947,13.588510768312695
11718329,0.027448880581104618
11718547,41.425980118946065
11719769,0.0
11719771,0.0
11719939,9.04480366936654
11720348,0.0
11720909,63.71527192531989
11721748,2.1012493734553175
11721959,1.560727392105683
11722329,0.0
11723385,3.589824400485277
11724036,13.382661641510929
11724873,55.628010309581676
11729955,0.0
11730187,81.38712069982137
11730569,0.0
11731412,8.353328917677175
11731896,0.0
11732377,0.0
11732851,24.999305165061678
11733119,0.08066269672580972
11733156,0.0
11733179,0.0
11733555,0.0
11733721,27.565636885942617
11733833,18.223921625551036
11733844,5.126963301768043
11736177,0.0
11737524,90.00912631401155
11739399,8.89265906866676
11740742,40.206552471791426
11740802,75.13153167317435
11741711,18.50486797374954
11742244,3.918417891966264
11742329,6.5642711174794
11742527,38.28854491149302
11742689,5.568367246720328
11743257,19.795191200152914
11743278,59.14100925791299
11743826,11.493130191570039
11744004,79.65525655702969
11749623,1.3353978139893954
11750599,0.0
11751006,1.549689777245142
11751470,33.42711778073312
11751521,4.475629480232612
11751916,5.720366754117727
11751951,3.3063513023705084
11753066,2.0968618048415166
11753199,14.655772985197306
11753237,4.319499279523264
11753579,33.983094336900606
11753645,45.98974695689615
11754084,11.373289974961892
11754131,0.0
11754563,0.0
11754686,3.6553439835240056
11755010,8.759631274200139
11755946,17.68166554087246
11756349,45.63887267422841
11757587,7.984202893190055
11757792,0.0
11758562,40.828089608410465
11759044,0.04098992954413205
11759202,6.180030906320052
11759457,14.045090344377037
11760186,39.687429585171984
11761002,63.92473531487826
11761373,12.35224151245621
11765880,2.6093470098083174
11766492,51.87336821913702
11766670,36.18376691595989
11767697,9.534836276474614
11768657,0.0
11768746,1.7833038032134212
11768873,9.734482661197287
11769396,13.720316964122269
11769983,7.794318239965044
11771293,0.0
11771422,2.6788587435160167
11771515,13.86605433011453
11772890,0.0
11774332,10.381978137545772
11774793,0.0
11775342,0.0
11775483,92.0
11775601,3.366005550253867
11775730,0.16472127151136817
11775838,30.200199410803734
11776117,0.23610556778701408
11776141,12.092940406913215
11776931,3.9634366481726246
11777182,56.084225365718076
11777797,0.3336305220056843
11778465,5.574231769995876
11778570,0.0
11784410,28.436819015817534
11784650,0.0
11786452,1.3579640116758895
11786894,0.0
11786930,16.027013300932758
11787014,16.438248146952112
11787290,14.80415868257154
11787813,0.0
11788075,0.0
11788542,4.384999894183473
11788559,18.624322483178823
11789014,9.196274558117363
11789224,3.2958594656638454
11789422,20.491315963183077
11789696,0.0
11790536,61.925296190857175
11790749,5.444350768835967
11791225,20.016245256738678
11791673,25.574370270731315
11791968,57.52578274372102
11793542,1.411970154256018
11793601,16.778518297125686
11794695,2.8457458767904953
11795407,20.043825484029142
11795579,4.481288583615704
11796068,25.43820255888729
11796761,23.665076121358503
11798095,1.6353192350106625
11798398,25.873608637320814
11798590,4.645429364640869
11798782,10.291573550329144
11798956,13.092037281577419
11798983,3.5174474046678093
11799819,6.728627457473404
11800120,71.18538984822352
11800658,0.9438831998143442
11800723,9.642134333590406
11800886,0.0
11801018,20.05716343477026
11801105,0.09689779009087118
11801772,1.3289641841192328
11801825,0.0
11802158,3.1436428482441237
11802367,54.303319722994054
11802539,0.4615078406248614
11804245,30.19276995347196
11804381,3.664633470025528
11804400,15.4472171516096
11807243,7.691378752865667
11808073,63.79754943770515
11811342,2.188940773325676
11812076,61.26826924238919
11812649,36.08702926516961
11812819,31.105458259972956
11813229,0.0
11813543,30.6722092402509
11813695,0.0
11814079,39.29458266275072
11814184,0.0
11815686,3.913639174260691
11816370,15.544652656042366
11816814,35.146177020688434
11816864,34.48826430165226
11816944,0.0
11817037,20.910961679414488
11817305,21.083874461455547
11818015,0.0
11818137,69.81529913698452
11818197,21.23846374592322
11818542,68.41342695208664
11818728,41.06287010334737
11819422,9.075034893694664
11820877,4.643742389500851
11821119,0.0
11821352,19.257228743733954
11821371,0.37935366943694504
11821404,50.15676137670289
11821421,25.373065514348315
11821428,81.74954946484232
11822115,0.1091120833306789
11822193,0.0
11824236,83.43709648188728
11824245,57.25087632387682
11824915,75.6384334444453
11825145,8.958070792247959
11825529,80.01492298163322
11825702,0.0
11825759,7.157844736987943
11825771,3.1632411175545414
11826123,0.0
11826442,28.956664148662504
11826465,5.681541282108679
11826602,21.779518235679383
11826853,2.9766708220331637
11827175,13.335337659854247
11827224,3.156036004948035
11828091,56.59667751383289
11828207,5.5418111358174045
11828473,0.0
11829322,4.314556448122559
11829328,7.808494707383588
11829628,0.0
11830682,6.216162606872864
11838349,30.220657187522143
11839615,0.0
11839633,24.976322528047135
11840771,66.66893553691484
11841163,2.7020977330384035
11841335,2.9280293373348876
11841449,60.39233329871067
11841988,3.3421692331189377
11842200,68.06143583869672
11842300,9.903265244764235
11843935,0.0
11844556,42.16898714984813
11844833,0.08477104211017661
11844839,15.437944986134738
11845193,0.0
11847204,10.542474500311222
11847369,21.460906692051182
11847762,41.41207617701269
11847891,45.730595131273034
11847989,20.32691539706682
11848146,48.91777737036811
11848926,5.823338090595843
11848985,38.963178289254174
11850012,6.026303569494694
11850106,20.103173223087673
11850262,0.8660268318207969
11850334,3.6889865894199083
11850410,32.717316612942625
11850448,10.77031626122536
11850502,17.94937913092072
11850771,11.35501577100922
11850782,35.36250845550528
11850865,0.0
11851186,0.0
11851560,43.340595336578694
11851653,9.612694287470637
11851715,35.09951219949598
11852071,8.95919800512769
11852768,41.25000475661492
11858047,14.190003073246281
11858737,2.8938781192470415
11859900,0.0
11859901,11.32817999260056
11860589,0.0
11860672,48.59937057286943
11860918,18.9323274693636
11861329,0.0
11861360,0.0
11861696,0.687484236876287
11862330,8.107969148467966
11862411,33.12596943824102
11862690,0.0
11863794,0.0
11864042,0.0
11864066,2.797269530346753
11864922,8.558938575035846
11865196,60.22786439567713
11865398,13.46506024634867
11866434,0.0
11867104,6.459653943970714
11867112,72.49484572311096
11867277,67.13247143978006
11868177,0.0
11868703,11.687298299370337
11868730,83.292687220164
11869365,26.624190115424067
11869735,0.0
11869989,24.318126602642785
11870183,2.7653392277694238
11871539,0.0
11871645,32.17516285461749
11871646,0.0
11871836,45.525836901445416
11871993,69.5969544737915
11872222,0.0
11872316,10.597584888272046
11872357,0.0
11872558,0.0
11872643,20.20082456617147
11873075,27.182037136981236
11873575,1.5020093778066794
11874080,1.3712231213979607
11875118,92.0
11880126,11.556163710558408
11880675,11.520077718306215
11880867,36.71649332108118
11881719,9.3184834901163
11882026,9.974413704012836
11883388,0.0
11884317,48.88430898189081
11884931,25.921216919807186
11885997,4.361815421631597
11888277,1.4744523019610654
11890279,44.600313002067374
11890343,84.01862598989442
11890537,81.03430674051148
11890794,32.24637447107003
11890882,8.109840784673942
11891164,32.44997900627375
11891181,0.0
11891268,1.8652487402076616
11891358,9.527077881971117
11891606,32.17153491448926
11891831,45.11844578473474
11891901,1.0140574250861434
11892023,5.372993905828679
11892476,13.629034474906668
11892986,16.621622645190072
11893359,39.030797990751644
11893613,0.0
11893817,9.04270452896603
11895700,5.06247974009095
11896016,4.027477716632696
11899574,8.47436193141963
11903589,0.0
11904345,63.95821172931324
11904610,55.86210320822395
11904802,0.0
11904821,4.06696514106153
11905003,4.4387414538155525
11905035,0.5921572289040853
11905635,34.05195510717251
11906184,60.60067621680515
11906376,7.4673072858353535
11906584,4.415231148712401
11907019,50.251700775145395
11907285,9.231400709281743
11908036,2.43022817898391
11908538,28.57260907715628
11909028,64.14982949296477
11909308,72.23756056983576
11909349,0.0
11909622,1.619053566568347
11909668,77.16410924504115
11909798,2.5453594365275194
11910225,2.0688323248393914
11910257,1.0046520682901843
11910586,39.01638946705312
11910984,2.1993654995037417
11911381,0.0
11911486,15.157312057962631
11911820,16.382136713441845
11911879,44.562382932033714
11917067,3.144831685619806
11918530,12.496447290610753
11918575,3.3544015478176306
11919385,0.0
11919593,10.641454102494627
11919920,0.0
11920151,29.692466060023385
11920660,31.60814954883086
11921650,1.7501738533271904
11922580,92.0
11923036,5.669544672547843
11924022,0.0
11924595,0.0
11924804,0.0
11924943,7.305008290412115
11925257,29.47834009673763
11925501,0.0
11925767,63.577081877991354
11926111,4.347391493981604
11926477,16.895088070876284
11927300,4.376540037891765
11927793,16.756421909347345
11928980,0.0
11929230,0.24138303718373777
11929908,12.662942592496485
11933088,0.0
11933676,44.429898350585326
11935301,38.76057068513106
11937039,34.36687315989943
11937618,62.92624095324974
11937647,6.127717399449956
11937764,66.17282703871916
11939213,28.037539893625702
11940204,8.906794358844785
11940527,10.971825213181312
11941183,24.463387979770616
11942185,0.0
11943649,13.46091665093813
11943700,0.31734169851391414
11943758,0.0
11943834,28.238837030192563
11944384,29.299837193680357
11944641,10.14089054416361
11944668,55.04696669524094
11945851,0.0
11946206,12.207731446225928
11946219,40.68042907837006
11947316,13.9646811140326
11947651,14.075039193120823
11947686,0.0
11947855,71.16904135298728
11949632,0.0
11949712,20.12942246054878
11950107,18.22875667493097
11950302,16.671179177017784
11950973,7.049337723610854
11953072,2.501393938884796
11954872,14.376345474157603
11960101,4.137054199980142
11961344,0.44767144240204004
11962284,0.0
11962712,62.64557978011217
11964132,4.395325491911741
11964327,7.455364859679918
11964592,10.469768583019508
11964607,21.2719692227516
11966139,51.74114535981869
11966838,34.61222203178499
11966874,17.44579353019072
11967620,16.40854666605005
11967963,43.03122439764243
11968539,28.5849385718871
11968958,7.329521927398339
11969329,1.9367784391208218
11969336,9.788657017934902
11970048,5.975493909533462
11970212,43.579997876534506
11970285,37.56005647635801
11971016,47.651003470064815
11971023,47.99704106139973
11971078,31.107085672390383
11971405,26.279037463079312
11971778,3.5706806910023374
11971986,13.3062404892177
11972141,9.338343156589723
11972321,57.38038673511613
11972356,0.0
11972950,2.8628707374231865
11973003,28.18476828285786
11973178,43.998439124696425
11973328,0.0
11973611,10.821896186832454
11978602,3.174108231386917
11980373,11.13942673325149
11980390,33.304822531403595
11981145,5.942950341926597
11981360,4.06642311931823
11981665,0.0
11982174,35.34062465624405
11983581,60.597022867284196
11984206,11.94509520165711
11985355,0.0
11987038,1.4162043501439108
11987197,6.828823349091728
11987376,1.764259660612133
11988689,31.55481267393899
11989606,49.168144828380235
11991044,24.31467104537567
11991081,45.88018497236915
11992103,57.99107239098135
11992348,14.246347869291938
11992387,1.4128525421624616
11992626,1.6974134669430327
11992839,63.01880608868852
11993790,92.0
11999777,42.1260640862387
12000515,33.68815566905238
12000617,35.53299016134502
12000983,33.397119244463546
12001000,52.338950048043614
12001101,51.385911091142
12001233,7.823129719754974
12001695,11.53411673864997
12002291,1.4910405786117664
12002943,11.80319659786337
12003009,51.40536952614002
12003542,0.0
12003600,1.6712442993146368
12004008,25.45514108852843
12004408,12.066793918218568
12004744,3.0372983416525017
12005195,22.356402629239284
12005978,2.117941167563096
12006287,17.81490659381239
12007517,33.22770042251093
12008897,21.94901774368514
12009001,0.8358633417569123
12009678,32.01961975293405
12009779,24.077279391496482
12009821,33.09378634741274
12009985,36.71456140919355
12010980,10.827207224015034
12017589,15.563920406324272
12017677,0.0
12017780,39.31428571876019
12018095,6.991669972334172
12018612,28.203602483663424
12020077,0.0
12020225,5.300282329407473
12020688,44.36575327751079
12020835,25.7038751167358
12022098,63.65806760092877
12022746,6.107743104295842
12022833,6.680698914052137
12023054,14.231094308642618
12023424,16.784768863597684
12023576,30.78890263093894
12023792,8.819806716973687
12024663,0.6356126661033841
12025076,44.93648639283042
12025168,46.65803097535988
12025968,66.47891177397719
12026175,9.316063923436907
12026305,16.59478753998851
12026418,29.20558214234633
12026686,87.02945249267074
12027198,62.89127135958057
12027413,31.20908894979781
12027963,86.22236389483562
12028198,27.048814508188414
12028495,4.000507620101764
12028753,65.59644656643243
12033408,33.06546103258132
12034608,61.81607060999084
12034640,13.173738169471271
12034848,11.416199772705845
12035657,71.48827130257607
12037003,24.366957106464803
12037304,5.695816249548535
12037554,92.0
12038181,4.068476330458331
12038270,0.0
12038468,0.8809368237261381
12039383,16.12685363039634
12039579,12.849073948863634
12040933,44.312806626300926
12042253,19.740983814051937
12042353,13.387692496698573
12042866,12.223264455751668
12043311,14.170575716962485
12043534,8.717201418750008
12043641,49.18222159965025
12043694,21.700547318419815
12044303,28.959629905954323
12048637,41.24538519900471
12050280,0.0
12050897,12.68398169843966
12050932,9.228504997026569
12050938,0.0
12052721,4.236217171878103
12053105,34.92214503943944
12053427,52.86196768274853
12054152,79.06527439898244
12054259,4.458328573491933
12054516,32.22713959141532
12055395,0.0
12055738,19.55015441360934
12056095,41.18195598071279
12056132,20.965464268523313
12056517,6.731881691967075
12056684,51.63208974980297
12056851,0.9177508852988652
12057444,38.35110001885648
12057450,20.084443421431494
12060119,6.074278769880102
12062027,35.13092007097079
12062331,0.0
12062599,0.08923039926889231
12062827,0.0
12063331,7.695933829089974
12063562,28.856888936424873
12063968,15.253249221721674
12066474,3.573116261529563
12067155,1.931628228136077
12068031,26.960467259930088
12069170,8.527336052061635
12069655,16.007770243334754
12069877,19.47873234784177
12070541,9.24445744387247
12070890,1.0533790782128136
12071282,90.9233283308352
12071454,27.232384252432915
12071650,11.791864880173073
12071735,0.0
12072069,46.39310659298477
12072266,24.322532920089778
12073240,0.5807637972865933
12074125,51.37518138148095
12077177,7.675158102432825
12078123,5.762812238334142
12079099,8.482818981512658
12079942,32.67937776634768
12079993,41.169426169685714
12081492,32.25096581425779
12082111,13.69115770794793
12082184,0.0
12082561,13.744435773182538
12082737,0.0
12082781,29.96234893986047
12082855,9.910888133705416
12083640,11.142074214918672
12083942,24.31307827102968
12084976,21.122802594514646
12085498,0.0
12086351,8.891591036491846
12086527,0.0
12086603,5.026654123807589
12086852,0.0
12087785,15.792688434229198
12087945,30.194033671730345
12088526,22.851458105648696
12088888,86.32935830792195
12089463,0.0
12089661,2.9968738317511594
12089692,60.87911364668506
12089972,23.152183651916737
12090468,74.57944996945741
12090903,14.683759696432801
12091820,46.385147830144774
12091900,0.0
12092445,0.0
12092786,15.028360811061638
12092816,2.322404723316936
12092894,20.227300738164885
12092938,0.0
12092981,69.22862670328571
12093078,40.81331932406426
12093499,0.0
12093559,15.841673151115963
12094242,1.958298265492303
12094765,1.329411463852658
12095084,0.0
12095636,23.83001814615897
12099115,1.373857749748126
12103284,0.0
12106772,0.0
12106836,1.2345048116480513
12106946,40.823546146855
12106963,15.298844832294222
12107027,0.0
12107534,48.18836857016642
12108140,21.805630779533715
12109853,0.3670101470002649
12110777,12.946981688614578
12112284,11.517736919330936
12112602,0.0
12112808,0.0
12113015,83.35398070925575
12113077,3.6531133741184902
12113232,1.3432157109443565
12113235,70.74977309993287
12113489,20.547560270173292
12114017,92.0
12114228,42.60416517448014
12114304,35.86034842697686
12114319,33.105240048026126
12114511,38.906898682784195
12114628,20.26416796114524
12114756,0.24122963861609747
12114810,81.56512600506889
12116392,2.196739101145333
12123648,17.290410481799945
12124356,26.340186927895836
12124848,1.859173631383804
12125142,12.663632732221323
12125285,3.8385739223515927
12125830,0.6431960320343606
12125920,47.00550080546376
12126104,10.21308331542891
12126359,28.475049964283222
12126363,36.96771827481016
12126789,31.360798047842373
12129472,30.006925036464175
12129822,0.0
12130093,23.66187750499492
12131310,1.8543609053411743
12132030,14.964091342475992
12132126,22.934351118386964
12132772,32.057593012013264
12133168,3.739282385732274
12134113,47.24383295724017
12134652,86.1017825799093
12134654,0.0
12134914,36.06249078152537
12135387,0.0
12135856,4.863170807450558
12135895,0.0
12136917,11.420317330679026
12137113,15.982585919182824
12137645,0.0
12142921,75.61920718408646
12144168,28.43090211964701
12145787,8.603271468156827
12146317,62.87287903420421
12146707,12.588704442551048
12146964,2.64338228332295
12147982,11.065599424182501
12149019,2.742844831425721
12150471,42.914750559096625
12151638,25.004646182972415
12152452,6.095170362219896
12153338,36.633582700637994
12153489,73.40949594610612
12153508,6.451465696092093
12153709,0.19152409930865133
12153900,12.760220884816391
12155544,13.091080937760758
12156007,1.6843384325513355
12156452,40.15719419719648
12156475,26.81341831259669
12157468,0.0
12158013,29.749150350966516
12158649,0.0
12158766,70.64931136958762
12159172,19.61421403117076
12163560,23.248856621370145
12165437,0.0
12166451,0.0
12166896,13.845913033008735
12167268,23.89620345367711
12167819,46.86562260274859
12167857,16.560844794968297
12168087,31.572048625394096
12168212,21.213072327085236
12169731,40.285694584891175
12170304,13.455460413978805
12171671,92.0
12172054,18.891118250153404
12172102,0.6153728075164011
12172121,42.37306360787172
12172890,0.0
12173205,92.0
12173233,38.89478682837209
12174524,26.577307959902825
12175636,4.287714325225068
12176140,0.0
12176285,0.5747088618871103
12176725,12.598476589784035
12180383,0.0
12181485,46.37182201814125
12182560,0.0
12183916,45.11189870665242
12184956,11.370990120782913
12185223,0.4950305725292594
12185225,41.98616312325923
12185578,5.944729853075238
12185843,0.0
12186007,24.400479531419315
12186034,4.6104190810861
12186615,35.59806935712124
12187068,0.5559979872923009
12187513,40.203252612696716
12188122,41.26107544774276
12188184,20.54437585596839
12188651,32.98548797563636
12188908,21.21088341511092
12189021,5.167666118768516
12189059,0.0
12189997,67.55026144377044
12190337,30.600881024588283
12190607,0.0
12190921,4.80368412165317
12191643,0.0
12194513,0.0
12196647,1.3469495896810315
12197263,0.0
12197272,5.218529181009082
12198481,27.585608645654233
12199008,0.0
12199236,13.52849266717238
12199977,40.79960837506545
12201917,74.25921694847838
12202511,15.221505620621265
12202839,10.856066348626065
12205604,58.35376557822385
12206029,10.1726935560025
12206323,44.9183226826122
12206339,37.16650991038429
12206831,2.833676555734584
12207062,0.7563979032943777
12207964,92.0
12208061,31.896378850751873
12208341,3.1459963544735174
12208842,36.748100414395665
12208970,80.18717584017719
12209447,3.0532265480500698
12210198,12.463397493930394
12210323,26.027551856708925
12210448,90.09232958449178
12210616,4.338982890206907
12210920,6.725482743595016
12211018,26.334993965701425
12211085,0.0
12211168,0.0
12211917,6.264063307883582
12218763,38.95697288225058
12221270,23.707301078023157
12221970,28.196794170548444
12223738,41.48023653616791
12225321,42.41853710853173
12225802,15.124020204626198
12227135,34.192327710106504
12227784,78.58899404543457
12228023,1.8808111135403465
12230921,14.619726551752123
12231160,44.26652838043672
12231185,12.467061565011306
12231534,92.0
12231662,49.384520730348314
12232392,92.0
12232580,0.0
12232858,71.42907948808238
12233808,19.58916126083895
12242672,0.0
12243367,7.124461145827404
12243598,27.38769435236214
12245236,26.040306013973087
12245694,14.611640852976201
12247584,7.907622257493507
12247913,18.03266393650305
12248870,68.21755256923782
12249461,6.920378523604306
12249574,30.52029270817244
12251517,5.029513706348666
12252271,12.99088980620693
12252375,12.609664779585884
12252504,0.0
12252956,7.487386846853944
12253338,4.246366498128857
12253343,85.12118318984015
12254895,0.0
12256716,0.0
12261352,0.13924972722921325
12265503,6.586640480036074
12267599,52.95617513206272
12270481,8.469415063546151
12270664,14.187416317627559
12271089,0.49987591260421027
12272376,3.6670951245922367
12285217,22.602396290502334
