PropertyID_test,Pred
795,0
2515,53
2595,8
5099,30
5107,26
5110,3
5136,5
5178,84
5270,76
5441,33
5552,23
5754,0
5803,49
5857,29
5945,8
6111,1
6365,65
6476,5
6848,38
7097,39
7258,7
8024,18
8025,7
8258,20
8293,57
8343,8
8371,7
8477,2
8490,12
9518,58
9668,70
9704,54
9782,76
9896,9
9972,1
10423,70
10767,3
10962,54
10994,32
11174,24
11900,44
11931,2
12048,79
12192,70
12303,12
12382,68
12543,16
12579,4
12596,18
12622,2
13050,49
13076,4
13414,22
13488,70
13910,2
13974,21
14287,8
14374,72
14377,48
14434,11
14435,7
14694,3
14699,2
14983,0
14991,3
15049,22
15220,61
15338,41
15341,12
15396,13
15491,6
15880,6
15940,51
15962,39
16008,30
16284,14
16421,80
16422,3
16486,6
16580,72
16583,5
16595,23
16701,12
16794,49
16949,43
16971,18
16974,67
17037,58
17135,26
17226,4
17535,41
17669,7
18195,6
19043,7
19169,66
19319,27
19601,21
19812,21
20300,0
20311,14
20611,77
20661,3
20734,69
20755,9
20913,76
21293,41
21677,30
21794,26
22562,7
22673,7
23269,48
23481,48
23501,12
23586,15
23606,0
23628,0
23844,12
24189,28
24215,53
24261,18
24281,61
24285,50
24686,6
25192,1
25235,62
25406,19
25805,52
26012,25
26238,59
26362,67
26520,12
26590,6
26933,6
26954,10
27024,82
27159,86
27403,4
27531,84
27644,28
27659,7
27759,6
27883,2
28055,16
28062,7
28083,6
28224,50
28342,3
29012,23
29013,44
29414,45
29455,70
29594,11
29628,72
29683,53
30031,56
30222,72
30255,21
31332,3
31425,29
31555,15
31998,2
32023,42
32037,48
32244,34
32291,17
32331,29
32411,3
32965,63
33009,63
33156,18
33223,82
33263,57
33656,4
34824,0
35548,4
36133,47
36703,12
36934,11
37042,1
37106,13
37197,41
37214,0
38663,19
38771,25
38788,5
38833,65
39267,84
39282,61
39567,49
39586,76
39755,5
40039,5
40453,5
40966,2
40989,58
41348,53
41679,3
41959,77
42530,10
42580,83
42882,64
43533,4
43656,14
43711,8
44096,34
44145,26
44161,78
44288,37
44461,10
44619,57
44973,48
45282,35
45556,57
45637,6
45689,71
45703,53
45936,24
46544,34
47199,59
47370,1
47868,1
48620,18
48719,15
49048,8
49715,60
50541,8
50623,0
50726,10
51485,67
52123,22
52251,3
52757,10
53212,56
53359,2
53758,11
53843,51
54040,6
54158,84
54213,3
54453,3
54486,82
54544,18
54626,30
54712,4
54846,15
55371,1
55467,75
55505,20
55587,15
55668,34
55737,66
55902,49
55959,50
56467,64
56525,10
56612,4
56859,71
57161,43
57166,5
57468,78
57874,72
57901,7
58062,4
58101,75
58286,5
58294,0
58364,7
58467,13
58471,0
58729,13
59293,0
59628,0
59832,17
60037,8
60084,6
60308,19
60611,75
60666,62
60680,29
61406,0
61470,9
61492,48
61694,1
61747,34
61832,9
61869,8
61887,1
62038,1
62264,9
62427,15
62430,63
62461,70
62787,76
62891,75
62903,8
62925,69
63154,8
63260,2
63360,78
63462,44
63565,0
63573,5
63588,4
63610,21
63815,12
64000,2
64277,56
64334,64
64361,36
64627,36
65018,1
65019,33
65131,10
65255,23
65556,4
65660,43
65813,1
65933,26
66008,37
66222,50
66251,15
66275,14
66718,76
66974,12
67145,10
67208,74
67272,32
67445,2
68099,21
68305,35
68444,38
68716,0
68735,50
68774,3
69137,5
69266,1
69460,4
69755,53
70226,67
70279,12
70595,64
70609,49
71483,2
71507,34
71534,80
71970,0
71999,1
73413,1
73586,53
74073,1
74240,26
74333,3
74680,72
75167,7
75193,7
75612,1
75727,10
76761,83
77455,14
77799,6
79635,66
79749,1
80700,3
80834,28
80924,22
81526,23
81739,1
81771,27
82132,43
82525,37
82928,53
83243,77
83474,0
83656,12
84010,1
84480,6
84659,84
85213,2
85252,60
86215,38
87279,25
87566,2
87853,84
87987,9
89205,7
89621,76
93313,18
93540,5
94005,10
94477,86
94783,62
95706,4
95883,6
96804,9
97587,10
98259,18
99913,3
100023,25
100368,37
100433,32
101633,28
102995,39
103311,3
103555,9
103806,66
104970,3
105416,6
105469,2
106363,85
106647,33
107415,17
107690,15
107799,5
108175,17
109891,62
110576,10
110739,61
110762,3
110784,5
111308,5
112648,2
113265,69
114353,31
114388,1
114940,14
114969,23
115959,13
116940,76
118061,26
118231,10
118266,4
118267,2
118430,22
118541,1
119008,23
121473,29
121687,2
121861,13
123784,38
124777,2
125053,22
125163,11
125265,2
126067,8
126443,64
126982,81
128205,4
130632,4
130731,10
131747,13
131757,79
131892,10
131918,0
132024,5
133025,66
134387,80
135320,6
135393,69
135465,60
135706,1
136398,50
136493,13
136923,43
137303,3
137558,15
137635,59
138968,1
139207,1
139624,32
140053,6
140133,54
140195,71
140223,68
140237,68
141154,81
141177,4
141335,17
141500,43
142069,0
144148,2
145064,5
145988,0
146808,1
147004,2
147586,66
148182,0
148187,20
148259,31
148568,3
148825,75
149287,1
150444,3
150804,6
151916,2
152259,61
152263,65
152453,8
152520,11
152783,17
152819,32
152883,81
153309,8
153388,1
154934,5
155296,21
155958,4
156385,2
157673,16
158061,11
158290,9
158901,35
158913,2
159019,39
159815,5
159913,1
160824,11
160952,5
161394,0
161996,58
162429,7
162565,5
163627,80
163809,8
165653,9
165824,0
165960,72
166006,80
166172,19
166279,6
166809,61
167030,10
168042,6
168084,18
168775,20
168810,1
169063,9
169152,72
169479,4
169480,56
169532,22
170215,1
170286,49
170441,5
170847,15
171256,10
171562,21
172445,17
172675,73
172870,51
173072,18
173742,37
174966,47
175069,60
175720,28
175902,4
176129,21
176653,11
177606,14
177709,14
178491,0
178651,0
178744,7
179234,16
179925,5
180053,6
180201,1
180524,2
180653,22
180822,81
181972,56
182062,49
182069,55
182095,24
182225,0
182649,81
182727,7
183344,3
183691,2
184189,0
184638,27
185266,4
185478,53
186305,39
186730,15
186871,1
187167,2
187956,26
187979,49
187986,3
188087,56
188146,2
188622,0
188803,5
189135,16
189181,1
189732,67
190105,32
190542,11
190968,23
191075,21
192263,5
193105,26
193240,17
193333,10
193853,11
194034,3
194154,21
194691,2
195027,5
195123,43
195240,17
195971,67
195989,78
196100,20
196983,39
197155,43
197253,2
197389,2
197390,2
197753,84
197931,53
197942,78
198028,18
198478,54
199195,41
199425,0
200059,0
200625,0
201173,14
203907,30
204065,51
204833,5
204894,9
204959,59
205735,39
205968,8
206316,20
206957,76
207049,17
207249,8
208095,32
208191,46
208499,69
209087,0
209232,2
209287,3
209378,77
210531,1
211078,80
211152,7
211974,8
212109,2
212848,87
213330,26
213447,57
214227,43
214325,59
214474,25
215746,6
216015,83
216563,9
218224,12
218358,11
218508,63
218793,3
219066,16
219245,0
220413,70
220946,70
221097,64
221823,40
222054,9
222304,8
222340,57
222913,80
223926,41
223930,12
224510,13
224699,5
225306,67
225354,4
225887,59
225926,20
226700,8
227715,76
227735,14
228132,3
228517,12
228888,66
229212,41
229367,85
229728,1
229874,1
230194,57
230321,6
230449,7
230854,83
230956,18
231145,65
232084,3
232331,13
232564,3
232618,58
232706,1
232866,10
232894,9
233189,48
233963,68
233979,13
234034,22
234184,29
234730,1
234909,73
234990,55
235552,27
235595,16
235666,17
235951,38
235960,41
236671,44
236788,45
236806,1
236811,45
237734,16
238208,47
238746,5
238814,62
239410,5
239733,14
239934,58
240314,74
240709,8
241021,10
241140,8
241862,4
241969,2
242479,35
242532,17
242585,18
242643,20
242768,73
242789,86
243229,7
243352,47
243700,3
243714,7
245175,26
245430,14
245504,80
245544,54
245607,12
246134,6
246434,3
246896,3
246938,84
247756,0
247890,10
248029,26
248713,13
248865,7
248871,50
248966,9
249582,0
249626,1
249867,4
250369,20
250420,0
250536,5
250619,68
250973,65
251056,1
251262,78
251277,36
252076,65
252607,7
253332,8
253466,7
253471,2
253537,59
253612,8
253623,9
253800,7
253803,4
253811,3
253839,2
253846,2
253956,31
254168,3
255487,21
255601,81
255650,2
255672,13
255957,5
256153,69
256467,1
257568,17
257802,1
258284,78
258397,40
258412,64
258774,35
258865,33
259887,14
260004,32
260407,41
260618,67
260672,11
260732,0
260755,1
261259,0
261366,0
261491,28
261781,5
261869,61
262343,24
262583,53
263360,66
263502,1
263776,27
264083,41
264323,68
265145,0
265626,16
265831,4
266492,0
267294,13
267376,2
267425,60
267490,6
267553,1
267652,5
267663,15
268281,21
268392,11
268449,3
268481,1
268549,58
268868,31
269134,4
269208,26
269215,10
269283,26
269327,5
269337,17
269404,2
270165,6
270226,6
270681,1
270776,0
270929,20
271083,68
271130,27
271279,43
271510,1
271694,1
271954,51
272026,15
272146,0
272473,0
272738,11
273895,1
274085,34
274127,6
274270,23
274376,4
274743,0
274946,0
275271,74
275443,0
276014,21
276120,81
276491,5
276734,0
277128,4
277133,6
277313,4
277372,15
277883,7
278151,51
278631,0
279102,1
279857,37
280393,10
280419,2
280477,10
280480,8
280688,29
281067,66
281097,2
281143,6
281192,12
281220,52
281238,25
281521,1
281690,1
281703,4
281851,41
282443,31
282856,7
282863,29
283194,20
283272,9
283550,2
284095,1
284096,78
284866,67
284973,1
285344,28
285442,0
285469,8
285492,12
285853,21
286134,2
286662,66
286747,0
286838,2
287272,30
287338,0
287481,33
287523,2
287814,42
287845,23
287908,3
288043,36
288077,12
288224,1
288726,26
288930,2
289020,18
289288,46
289576,2
289665,74
289995,26
290193,6
291017,1
291051,0
291468,80
291622,0
291673,1
291682,0
291714,17
291825,64
292047,55
292266,5
292281,0
292314,18
292585,25
292800,41
292973,45
293328,5
293724,1
293973,1
294239,7
294250,32
294280,5
294490,9
295279,14
295366,13
295485,0
295998,26
296345,49
296361,56
296717,7
296854,0
298202,40
298782,67
298788,28
298854,0
298920,86
299078,71
299778,17
300062,53
300140,78
300162,3
300668,2
300976,0
302057,67
302758,3
303462,1
303725,18
303851,40
304634,35
305211,80
305554,55
305670,30
306190,58
306576,63
306798,53
307264,5
307344,51
307729,0
308241,13
308823,0
309354,1
310152,1
310272,35
310338,18
310420,8
311142,4
311356,54
311965,84
312104,17
312429,25
312664,29
313093,5
314407,0
314442,0
314456,4
315421,1
315711,12
316079,45
316925,0
317131,7
317192,13
317662,33
317838,42
317938,18
318187,12
319790,15
319844,13
320524,2
320876,70
321014,6
322923,20
322974,59
322982,42
323059,56
323512,12
323706,33
323994,0
324000,6
324517,57
326908,61
326946,27
326956,25
327778,0
328040,1
328693,53
328744,7
328798,33
329385,9
329933,1
330347,1
331986,23
332525,2
332740,32
334714,12
334724,65
335778,9
335797,51
335820,55
336085,5
336449,4
336756,33
337468,7
337922,3
338706,4
339386,1
339451,10
340082,0
340365,2
341314,0
341982,9
342027,7
342995,19
343119,61
343273,0
343971,63
344068,0
344092,24
346527,18
346805,10
347360,3
348753,33
348862,37
350435,9
350525,35
351859,12
352651,10
352938,20
352990,9
353801,20
354514,70
355224,64
355563,3
356712,1
357224,0
357509,25
358565,80
361811,14
362813,0
364043,78
364275,36
365227,56
365439,2
366519,23
367516,2
367810,5
369411,83
369626,24
369671,21
370288,3
371138,0
371594,4
371835,4
372843,52
373783,2
375076,3
375136,81
375249,4
378846,7
379002,1
379326,70
380416,18
380730,25
380923,4
382524,3
384379,1
385326,68
385632,1
385657,2
385824,30
386507,2
386744,68
386799,26
387377,28
387410,1
387898,5
389050,40
389482,14
391948,5
392549,12
392794,48
394076,17
394111,11
394292,18
394395,21
394474,86
394529,6
395613,22
396780,1
397034,1
397420,56
398682,58
399640,4
399946,53
400039,66
400546,77
401022,0
401039,74
401553,3
402201,83
402273,48
403068,63
404923,82
405408,63
406926,61
406992,5
408133,40
408143,1
408491,2
408983,24
409293,52
409734,28
410249,6
410694,34
410704,9
411336,59
411525,19
411918,68
412061,50
412092,34
412180,4
413528,1
413605,38
413709,74
413721,7
413775,0
413815,10
414553,4
414801,38
416108,1
416426,7
416557,19
417064,50
417710,18
419678,1
420001,14
420010,0
421554,47
422877,33
423015,53
423818,42
424192,9
424298,36
424744,64
424870,36
426008,13
426044,67
426491,3
428180,83
429504,0
430615,2
430920,0
431330,50
431344,6
432090,59
432858,9
432870,3
432897,24
432950,59
433060,75
433267,49
433914,46
434792,43
435579,33
435946,68
436510,5
436780,9
436912,18
437906,1
438513,43
438773,7
439750,11
439955,2
440171,13
444430,33
445377,59
445437,23
446367,11
447766,0
447875,1
448048,21
448049,59
448603,18
449034,70
450009,73
450011,9
450492,7
450530,11
450699,2
450769,3
450905,1
451381,0
451626,4
452068,0
452728,25
452824,1
453099,6
453161,6
453255,4
453449,4
453922,77
454188,1
454763,9
454961,4
455743,33
455947,58
456190,83
456280,75
456457,6
457829,74
458134,43
459319,1
459810,1
461338,41
461480,8
462385,7
462986,37
463833,5
465267,11
465407,13
465803,0
466395,21
466402,2
466457,66
467302,47
467634,78
467866,42
468613,0
469806,4
470061,44
470370,24
470591,31
471562,75
471712,72
471758,1
471845,1
472376,4
472673,3
473035,6
473592,39
474090,18
474261,46
474694,68
475456,0
475472,55
476260,8
476841,47
476851,0
476899,5
476983,87
478242,19
478385,64
478464,6
478604,4
478949,1
479263,12
479285,23
481022,75
482365,12
482802,1
482969,11
483485,85
483505,31
484312,21
484722,8
485200,62
486902,21
486915,80
487816,35
488211,46
488309,4
488327,64
489086,41
489276,77
489708,41
489962,44
490989,6
491123,40
491496,28
491891,3
491977,0
492785,24
492931,10
492933,12
492977,1
494191,9
495611,0
496095,0
498038,36
498052,30
498120,1
498693,74
498794,5
499274,1
499683,20
500845,62
501082,51
501541,4
502108,1
502309,59
502429,41
503460,8
503529,6
503722,12
503791,11
504322,8
504362,24
504405,9
504507,48
505029,11
505315,36
505716,9
506121,82
506280,0
506403,0
506409,2
506443,2
506527,1
506571,15
506629,48
507393,71
508080,66
508117,32
508391,22
508583,30
509537,9
509933,1
509989,32
510264,0
510447,24
510543,6
510624,10
511385,4
511638,31
511733,1
511911,9
511960,4
512144,15
512209,29
513327,1
513688,68
514451,6
515392,25
515456,4
515552,29
516461,14
516508,1
516643,0
516936,7
517600,73
518566,0
518576,31
518960,82
519310,76
519615,2
519805,75
519983,5
521672,57
521820,0
522081,46
522160,26
522240,6
522349,7
522837,29
524111,62
524114,27
524182,9
524919,73
525120,26
525293,65
525725,0
526532,5
526887,38
526923,9
527318,3
527422,78
528251,11
528464,5
528485,8
529046,1
529340,12
530135,67
530576,38
531208,3
531258,12
531363,6
531486,6
531769,2
532288,61
532323,4
532398,0
532641,33
532749,56
533444,16
533731,30
533927,58
534897,15
535095,5
535119,0
535129,2
535352,23
535457,2
535631,78
535834,22
536578,5
536799,24
536859,2
537324,57
537337,18
538012,9
538905,0
539110,0
540191,14
541653,7
541725,42
541993,59
542017,0
543733,2
543776,1
543792,74
544039,1
544256,2
544324,34
544331,7
544956,2
545252,36
545257,64
545296,0
545597,1
546383,79
546442,3
546504,1
548056,73
550288,2
550809,18
551074,1
552141,40
552502,7
552519,72
553516,34
553565,14
554165,12
554669,2
555206,26
556874,8
557098,0
557356,5
557865,7
557902,54
557927,5
558029,6
559118,3
559505,3
559811,0
559863,3
560097,1
560231,7
560287,1
560867,50
561179,6
562098,45
562302,10
562449,1
562479,1
562524,15
564447,67
564540,0
564614,15
565531,19
565907,1
565942,1
566835,75
566911,1
567281,83
568392,5
568743,67
568846,16
568933,21
568966,8
569255,26
569651,1
570363,19
570458,14
570549,6
571564,78
573671,27
573801,2
573815,17
575873,4
576020,76
576142,3
576426,9
577824,0
578239,18
578274,2
579604,67
579716,64
579817,18
580144,1
580153,50
580943,30
581180,39
582669,1
582764,7
583102,7
583159,4
583224,4
583337,16
584386,41
584428,47
584523,1
585260,14
585300,9
585937,53
586640,1
586983,4
587077,49
587519,0
587554,9
587698,22
588631,39
588677,2
588919,4
589708,79
590903,5
591025,15
591046,19
591112,18
591135,17
591602,0
592282,5
592342,35
592376,5
592785,16
592831,5
592853,13
593292,86
593350,12
593642,21
593900,59
593923,44
594020,60
594036,1
594311,1
594521,0
594524,19
594611,4
594639,12
595321,1
596346,1
596373,78
597584,4
597624,7
597668,7
599847,2
600129,6
600434,1
600626,4
600877,1
600891,36
601479,71
602142,5
602453,17
602603,1
602729,12
602783,6
602966,0
605670,35
606386,27
606623,0
607525,19
607735,48
607891,43
609126,2
609198,6
609213,2
609429,0
609559,54
610118,4
610596,29
611791,0
613776,61
616290,60
618477,20
618557,20
618836,1
618916,7
620473,68
620540,21
621220,0
621269,1
622082,4
622541,0
623852,1
623962,7
624222,7
627432,39
627505,64
627835,64
628064,2
628100,1
628198,8
629000,7
629105,8
629624,0
629793,15
629855,4
629949,42
630620,34
631134,7
631561,69
632347,81
632692,49
633162,73
633276,51
633969,2
634328,25
635282,66
635842,46
636391,6
636915,1
638822,43
638894,0
639199,41
639267,30
640255,57
640910,5
640990,50
641012,3
641027,5
641439,13
641817,20
642070,65
643328,79
643529,3
643591,6
643814,2
643877,7
643910,62
643948,85
643951,10
644001,3
644559,0
644575,19
644841,0
645693,78
645942,20
646298,21
646325,21
646378,14
646453,8
647656,1
648246,10
648263,11
650867,7
651375,39
651438,9
651475,83
651544,30
651761,7
654005,22
654232,3
655705,43
656913,12
656975,28
657161,16
657217,86
657243,2
657727,50
657734,3
657885,1
658008,66
658257,63
658294,56
658932,3
658963,21
659875,9
659888,61
659952,23
660016,76
660036,26
660542,52
660812,85
661839,2
661847,67
662298,46
663668,4
666443,10
667375,17
667432,13
667502,60
668121,44
668382,6
669774,1
669939,27
670064,78
670212,3
671022,6
671303,6
671402,13
671544,0
671593,36
671633,42
671765,83
672616,1
673061,7
673107,3
673152,8
673760,72
674231,3
674620,2
675793,0
675817,0
675824,32
676752,80
677162,35
678001,0
678068,26
679756,6
680104,8
681361,74
681582,30
681599,37
681805,64
681989,32
682027,9
682032,34
682706,9
682996,80
683106,13
683183,0
683821,12
684941,0
685364,40
685381,3
685435,6
686153,83
686384,30
686696,66
687679,1
687794,14
687845,14
687964,19
688663,6
689900,23
690643,15
690675,5
690680,1
690960,85
690972,39
691049,30
692657,6
692736,2
693479,3
694374,4
695216,40
695261,4
695568,0
696464,33
696593,0
697765,7
697923,67
698298,6
698327,4
698894,3
699645,59
700317,1
700916,61
701363,75
701397,6
702213,27
703125,0
703971,8
704047,1
704669,33
704746,0
704838,39
705783,23
706347,4
707302,0
707358,1
707387,1
707443,62
707695,1
707736,9
708358,38
708374,83
709271,0
710283,3
710290,17
711393,5
711462,4
711635,45
711881,1
712127,19
712136,34
712200,11
712260,24
713616,14
713857,58
714028,7
714939,5
715073,16
715544,18
715615,73
716350,3
716433,4
716780,0
716949,79
717725,3
718761,17
718796,41
719393,4
719621,26
720221,0
720242,7
720274,1
721719,23
722399,0
723362,39
723457,14
723468,2
723507,21
723560,67
723786,40
724806,8
725509,74
726692,4
727414,72
727512,14
727835,51
727964,3
728409,70
728493,48
728498,34
728573,0
728837,1
728857,5
729386,0
729678,52
729684,41
729714,23
729740,1
729811,16
730634,7
732397,0
732700,14
732818,3
733207,0
734514,57
736061,46
736187,41
736743,2
737100,0
737126,69
737330,6
737356,4
737500,4
738008,20
738263,0
738283,16
738588,6
739458,62
739738,0
739815,65
739890,12
741154,6
741345,0
741354,8
741456,85
741509,0
741740,0
741783,82
741797,9
741806,24
741862,14
742779,6
742795,45
743429,5
743468,13
743549,47
744078,46
744096,8
744227,7
744418,12
744638,15
744913,3
745037,41
746088,72
746346,81
746362,58
746393,25
747159,68
747316,19
747401,5
747636,2
748118,49
748277,34
749362,44
749455,84
749534,20
749738,33
750946,0
750984,1
751818,58
751851,1
752150,49
752455,5
752811,69
753399,10
753687,66
753718,24
753983,21
753991,83
754190,34
754353,6
755032,12
755312,8
755392,4
755525,4
756611,73
756767,62
756861,1
756892,2
756924,71
756928,9
756941,4
757187,16
758782,3
759181,44
759901,67
760088,11
760556,5
761835,17
761848,3
762015,23
762088,6
763546,53
763809,24
763824,77
763833,61
763878,48
763932,22
763962,50
764753,78
765288,0
765315,57
765335,12
765542,0
765569,20
766228,5
766814,1
766915,0
766948,17
766964,0
766973,27
767286,6
767571,74
767771,1
767797,0
767969,37
767983,4
768106,82
768162,33
768797,21
769279,11
769448,77
769740,13
769899,3
771396,0
771430,5
771464,1
771625,15
771647,12
772667,4
772679,9
773041,59
773259,6
773813,2
773993,76
774791,41
774899,1
774948,4
775016,3
775233,1
775280,54
775311,0
775447,79
776381,10
776500,38
776820,2
776845,4
777097,4
777327,23
778291,0
778381,9
778390,74
778615,0
778968,15
779001,69
779217,60
779607,15
780205,10
780238,1
780322,27
781486,75
782063,1
782681,1
783307,76
783341,47
783397,2
783705,82
783818,3
783964,40
784024,41
784169,78
785003,1
785097,6
785366,1
785508,66
785953,11
786105,3
786481,3
786696,3
786843,72
786955,52
786967,12
787567,0
787593,3
787941,42
787968,2
787992,10
788683,69
789302,16
789593,36
789596,7
789686,0
790018,5
790032,35
790059,80
790074,44
791049,9
791087,1
791135,15
791191,63
791223,5
791541,0
792061,2
792187,24
792251,0
792418,11
792457,7
792609,16
792748,9
792808,3
793493,52
793951,15
793986,9
794020,5
794156,44
794318,12
794362,7
794413,4
794427,22
794457,28
794496,68
794535,3
794567,34
795198,24
795752,61
795775,0
798100,14
798108,0
798128,5
798429,81
799319,61
799467,31
799829,63
799836,71
799900,11
800408,6
801058,4
801370,60
801626,8
802651,17
802677,6
802983,8
803071,4
803237,9
803257,29
803267,26
803835,68
804040,0
804494,11
804815,20
805218,26
805271,0
805405,4
805411,24
805973,5
806038,67
806205,11
806314,72
808680,0
808774,5
808836,14
808851,71
809567,42
809929,14
810346,11
810431,0
810681,0
810830,20
810867,34
811117,0
811198,8
811457,1
811801,1
811950,7
812462,14
812467,10
812532,4
812695,77
812925,14
812938,24
813155,9
813459,4
813470,4
813554,31
813645,8
813736,55
814556,3
814890,2
815045,23
815386,24
815450,0
815465,75
815637,0
816503,85
816875,5
816907,14
817007,21
817188,16
817355,20
817412,7
818030,35
818084,31
818252,22
818253,16
818259,1
819228,27
819419,60
819504,0
819956,18
819984,8
820070,22
820146,30
820225,2
820801,1
821135,41
821252,29
821266,21
821506,11
821584,3
821585,1
822119,9
822164,31
822172,4
822263,46
822266,9
822297,1
822298,36
823245,3
823631,18
824163,13
824421,0
824515,7
825129,40
825486,62
825545,32
825550,2
825664,4
826236,1
826603,28
826642,3
826990,5
827796,21
827802,12
828130,21
828218,6
828553,5
828685,31
828915,14
829215,6
829935,16
830370,7
830482,45
830949,54
832005,17
832096,77
832157,0
832281,0
832810,15
832855,42
832947,68
833860,40
833927,77
834559,0
834600,11
834962,0
834982,4
835138,7
835231,59
836411,5
836513,0
836519,11
836947,2
837134,0
837164,6
837284,2
837430,2
837471,36
837503,78
838489,82
838586,5
838669,78
838974,3
839058,7
839336,88
840118,11
840371,30
840516,57
840616,47
840731,25
840794,8
840914,2
841192,3
841211,7
841292,5
841463,1
841484,30
841978,3
842167,15
842176,58
842279,37
842484,16
842740,7
842973,2
843003,1
843033,4
843472,0
843491,38
843499,1
844023,1
844025,0
844278,21
845074,1
845362,2
845417,16
845495,7
845514,85
845669,0
845999,1
846101,3
846224,2
846272,0
846275,71
846407,0
846431,5
846508,0
846671,13
846698,27
846854,49
846857,13
846948,8
847591,0
848071,31
848174,2
848220,81
848699,70
848707,16
848722,51
849567,17
849574,18
849703,75
849927,18
850093,24
850097,53
850260,5
850324,66
850338,74
850359,4
850388,0
850943,5
851366,7
851952,0
852483,9
852709,72
852949,0
853263,0
854095,9
854396,7
854736,23
855150,75
855300,0
855386,46
855412,15
855462,0
855542,1
855549,60
855894,1
855919,15
855959,9
856386,0
856396,7
856428,8
856440,13
856976,1
857941,11
859045,64
859521,9
859596,15
860401,73
860827,83
860837,63
861561,38
861689,21
861759,7
862890,2
863199,57
863209,43
864031,7
864271,8
864981,62
865033,80
865992,11
866890,35
867020,41
867694,1
867717,1
867721,65
867749,4
867803,25
868966,0
871030,17
871079,10
871835,1
872008,62
872069,17
872897,75
872981,2
873024,48
873373,7
873602,31
873610,1
873701,75
874577,1
874615,41
874683,13
874706,62
875460,17
875543,1
876488,56
876792,32
876916,5
877067,12
877394,5
877412,4
877431,5
878525,9
878844,6
879111,50
879238,1
879244,10
880424,67
880452,50
880811,3
880870,7
881159,19
882523,3
882590,36
883517,12
883919,73
886808,35
886821,6
887129,56
887292,75
887526,27
888127,0
888554,8
888583,11
889247,8
889376,78
890605,6
890855,2
892080,20
892210,5
893556,27
894093,38
894988,29
895253,15
895429,3
895431,4
895447,4
896443,27
898263,0
898264,0
898669,43
898839,1
898861,36
899948,1
902528,3
902709,79
904060,9
904371,32
905314,26
905425,63
905694,6
906058,49
906829,0
907966,10
908015,24
908275,9
908346,1
908469,17
910366,23
910976,40
911964,6
913177,5
913816,6
914245,80
914325,12
914355,8
914594,1
916105,3
916836,8
916837,38
917699,0
918239,27
918398,8
918610,41
919212,45
919269,0
919491,57
919581,9
919830,40
919955,11
919978,80
919990,0
920930,1
920951,3
921034,9
921203,15
921585,42
921695,7
922695,10
922764,77
923053,11
923741,8
924600,19
925010,1
925458,2
926337,9
927075,79
927408,56
927597,19
927987,8
928004,64
929790,18
929833,15
929891,65
930701,34
930809,64
931780,55
932241,1
932277,8
934224,19
935695,7
937396,0
937448,6
937840,1
937876,1
939035,83
939260,1
939411,69
939657,70
939724,65
940046,75
940856,40
941077,0
941563,7
941642,74
943891,64
943929,0
944040,9
944755,69
944840,8
945297,85
945820,4
949194,2
950038,0
950777,3
951944,16
953275,46
953284,1
953437,3
953821,7
953960,65
954105,61
955354,16
955489,58
955542,7
956412,80
956554,81
956573,14
956887,1
956943,65
957289,8
957592,5
958222,12
958353,11
959349,4
959779,9
959788,52
959791,13
959871,0
959948,11
960495,8
961477,81
961830,7
961877,78
962056,12
962620,10
964118,48
964514,41
966104,38
966167,10
966663,2
968848,8
968921,69
969115,0
969463,2
970659,55
970715,18
970949,60
971247,60
971253,62
972366,2
972426,11
973128,35
973371,71
973535,83
973791,11
975229,28
975250,14
975359,1
975369,25
975636,11
975656,66
975897,3
977152,6
977267,3
977290,61
978615,67
979560,10
979656,42
979851,8
980018,1
980098,15
981494,0
983220,7
983625,81
984380,6
985273,65
985642,3
986540,11
986727,84
986936,10
986939,0
987329,25
988991,17
989241,40
989423,8
989488,55
989925,1
989976,40
990171,84
990703,12
991396,2
992186,9
992508,22
992598,62
993011,34
993040,82
993785,0
995169,1
995187,53
995341,0
995367,10
997028,1
998023,4
998896,1
999984,51
1000264,79
1000871,1
1001367,62
1001405,61
1001447,46
1002469,2
1005558,40
1005763,5
1006292,72
1006493,1
1006697,24
1006699,18
1007266,1
1007724,21
1009018,4
1010683,3
1011326,13
1011449,12
1012203,13
1012321,36
1012337,7
1013235,33
1013363,5
1013647,66
1013779,0
1014305,3
1016004,59
1018769,83
1018858,0
1019111,7
1021122,13
1021414,22
1021668,9
1022180,6
1023117,5
1023754,5
1023833,5
1024113,6
1024135,12
1024342,1
1024364,30
1024932,6
1024949,18
1025847,4
1026385,0
1026592,55
1026683,8
1027022,0
1027162,2
1027808,38
1027934,2
1028139,0
1028158,4
1028222,14
1028263,32
1029845,82
1030254,8
1030780,26
1032127,1
1034106,38
1034911,0
1035717,1
1036734,71
1037017,7
1039045,7
1039215,77
1039931,54
1039983,9
1039984,54
1040018,12
1040182,78
1041218,3
1041334,28
1041512,41
1041574,1
1041746,3
1041974,1
1042416,71
1043046,38
1044502,62
1044917,22
1045155,0
1045491,76
1045633,14
1045897,74
1046454,0
1046615,24
1048382,5
1049153,82
1049207,1
1049224,48
1050389,46
1050955,82
1051859,14
1052960,7
1053375,1
1053504,43
1054201,71
1055135,1
1055674,6
1055863,0
1056119,66
1056597,45
1056657,70
1056754,72
1056804,41
1058361,1
1058791,71
1058872,1
1059025,81
1059889,0
1060019,64
1060080,1
1060553,83
1062796,0
1063020,83
1063060,51
1063678,19
1066079,3
1066660,1
1066769,87
1067022,48
1068924,3
1069287,3
1069429,2
1071138,73
1071394,1
1071743,19
1071760,1
1072481,78
1073635,84
1073780,7
1074360,11
1074564,61
1075314,0
1076873,33
1077179,19
1078889,16
1079675,7
1080543,14
1080674,2
1080797,9
1080839,13
1081932,6
1082406,51
1082849,55
1083888,16
1084294,35
1085529,5
1085566,11
1085916,51
1086322,15
1086468,2
1086598,10
1086819,2
1086958,50
1087354,7
1089143,7
1089619,6
1089766,14
1089994,39
1090380,5
1090567,39
1090732,2
1091534,82
1091582,25
1093570,89
1093977,6
1094623,0
1095278,1
1095472,57
1096511,68
1097464,82
1098967,11
1099387,4
1099680,1
1100421,59
1101035,81
1101097,16
1101224,12
1101525,32
1102853,11
1104208,1
1104567,36
1104762,10
1106282,14
1107092,13
1109092,11
1109388,52
1109582,22
1109624,1
1109826,1
1110193,28
1110533,1
1111854,37
1111882,78
1111981,69
1112070,27
1112407,24
1112484,20
1112504,0
1113258,12
1114788,17
1114858,1
1115349,34
1115381,1
1115438,19
1115576,21
1117181,2
1117632,1
1117958,19
1118062,9
1118213,0
1118479,5
1118547,6
1120033,0
1120210,1
1120392,62
1121448,15
1121502,20
1122462,15
1123077,1
1123237,1
1123879,16
1124394,0
1126656,17
1126669,71
1128681,10
1130240,0
1130680,84
1131422,61
1132242,0
1132907,13
1133211,4
1133254,3
1133341,8
1133460,0
1134369,57
1134553,56
1134635,2
1134988,42
1135315,1
1137768,6
1138727,37
1140461,1
1140837,6
1140912,3
1141071,58
1141076,1
1141120,29
1141150,19
1141632,67
1141759,10
1142034,31
1144171,0
1144809,7
1145134,78
1145488,0
1147507,4
1147754,0
1147884,8
1148380,3
1148451,0
1148759,1
1149845,70
1150382,13
1150398,28
1150400,7
1150514,0
1150914,4
1151388,44
1151980,63
1154609,1
1155475,12
1155885,81
1156423,0
1156634,41
1156733,10
1156977,4
1159142,6
1160028,1
1161838,42
1163484,67
1163969,12
1164046,8
1164370,25
1166538,39
1167009,8
1167219,37
1167314,7
1167395,1
1167444,43
1167658,78
1169928,8
1170261,79
1170401,1
1170656,0
1170887,6
1171342,68
1171581,0
1171674,63
1171955,6
1174479,0
1174619,0
1174944,26
1175304,48
1175394,0
1175536,8
1177156,11
1177395,0
1177725,47
1177986,0
1178231,38
1178389,2
1179080,76
1179938,0
1180159,0
1180296,13
1180473,1
1180618,1
1182186,12
1182668,22
1183172,71
1183517,0
1183567,22
1183628,6
1183632,25
1184848,18
1185525,18
1186153,19
1186569,65
1186653,20
1186746,83
1186761,48
1187220,1
1187411,16
1187588,75
1189738,65
1191082,1
1191144,19
1191606,33
1192845,86
1193072,0
1193793,14
1194525,21
1195177,5
1197135,6
1197645,9
1198231,1
1198681,2
1198874,42
1199878,7
1200033,0
1200359,9
1200456,5
1200707,44
1201426,2
1202883,32
1203737,63
1203799,1
1205103,78
1206407,0
1206525,11
1206643,4
1206859,1
1207489,1
1208461,3
1208742,59
1209350,6
1209492,3
1209684,28
1209921,36
1211777,5
1212319,12
1213991,23
1214133,67
1215951,7
1216084,24
1216905,59
1217046,66
1217670,23
1217823,2
1217875,0
1219919,30
1220962,7
1221172,8
1221503,14
1221511,14
1221576,49
1223230,7
1223755,81
1223980,68
1224056,11
1225060,13
1225604,50
1226176,1
1226480,84
1228698,41
1229086,19
1229289,80
1229463,5
1229536,6
1229566,10
1230956,1
1231104,0
1231273,15
1232212,8
1232433,56
1232491,3
1233186,4
1235205,14
1236489,55
1236705,53
1236788,18
1236914,0
1237275,15
1238624,0
1239265,0
1239293,4
1239421,10
1239563,77
1239842,3
1240213,4
1240698,35
1240885,0
1241905,11
1243308,1
1245343,6
1245624,4
1245714,10
1245855,61
1246123,4
1246287,1
1246670,7
1248477,3
1248527,2
1249419,9
1251294,2
1251889,2
1252565,35
1252680,0
1252770,48
1253039,5
1255964,2
1256152,1
1256275,0
1256290,0
1256707,12
1256768,47
1257416,11
1257994,49
1260619,16
1263964,83
1264663,0
1264695,54
1264701,0
1264732,47
1264887,56
1264920,1
1267945,50
1267954,56
1268083,14
1268126,57
1268154,40
1268175,18
1268218,2
1268226,65
1270420,1
1271297,26
1271312,0
1272282,6
1274530,7
1274738,0
1275942,48
1276054,49
1276554,0
1277955,6
1278469,9
1278506,8
1278784,66
1279185,4
1279189,5
1279234,1
1279449,22
1279855,1
1280188,21
1280427,0
1280533,19
1280916,19
1281023,11
1282638,78
1282763,0
1283523,66
1283701,1
1283928,6
1284189,10
1284990,40
1285927,34
1286024,23
1286933,48
1286972,82
1290336,24
1291490,14
1291558,5
1291561,14
1291913,83
1292184,62
1292585,79
1294267,20
1294417,86
1294438,75
1294721,0
1297663,18
1300191,1
1301227,3
1301259,5
1301262,1
1301321,7
1301507,52
1301986,76
1302596,8
1302684,5
1304459,27
1304604,7
1305590,25
1306749,14
1307405,10
1307723,4
1308355,8
1308877,1
1309707,18
1310672,32
1311399,4
1312178,7
1312228,3
1313020,0
1313141,15
1313258,67
1313768,4
1313885,49
1315676,8
1315753,9
1316175,0
1316416,0
1316538,1
1316691,55
1316747,4
1317648,1
1319855,2
1321174,15
1322432,6
1322917,84
1323485,0
1323528,62
1323789,8
1324295,0
1325432,40
1325472,15
1325473,10
1325759,16
1326566,5
1327940,25
1328032,0
1328080,78
1330056,28
1330753,7
1330775,40
1331231,3
1332345,8
1332570,8
1332663,18
1333269,6
1335550,48
1335634,83
1336390,1
1336435,6
1337124,20
1337193,8
1337609,4
1338900,0
1339672,31
1340568,33
1340982,7
1342296,42
1342928,16
1344128,18
1344262,24
1344474,0
1344551,76
1345712,14
1346389,0
1346822,2
1346989,0
1347103,49
1347175,4
1347204,40
1348306,15
1348655,30
1348885,2
1349187,1
1349237,77
1349503,8
1349834,77
1351217,61
1351364,5
1351404,29
1351427,5
1351683,0
1351889,23
1351915,2
1352657,5
1352916,6
1354042,9
1354415,82
1354775,5
1355859,16
1356513,0
1356545,11
1356889,9
1356895,1
1358179,0
1359411,22
1360781,1
1360820,1
1360873,3
1360926,25
1360932,0
1361428,9
1362512,35
1362925,26
1364584,10
1364921,27
1365505,1
1367775,2
1368568,0
1368674,70
1369559,4
1369670,1
1369799,1
1370064,6
1370154,2
1370405,84
1370600,2
1371114,15
1373456,9
1373541,2
1373655,56
1374144,0
1376820,12
1377134,39
1377478,38
1377622,0
1378088,0
1378111,0
1379616,58
1380326,5
1381569,0
1382245,6
1382256,6
1382607,6
1384858,0
1385985,0
1386742,73
1387166,4
1387361,5
1387839,6
1388569,7
1391999,39
1392144,25
1392330,75
1392390,22
1392398,9
1393169,0
1393419,23
1393994,0
1397839,1
1399187,7
1399273,5
1399352,65
1401578,1
1401826,5
1402731,55
1403323,0
1403827,53
1404586,6
1404629,0
1407364,31
1410197,33
1411349,28
1411811,43
1411979,0
1412531,9
1413795,17
1414196,6
1414747,5
1415738,42
1417215,14
1420335,3
1420559,3
1421077,21
1421933,11
1422237,1
1423063,14
1423112,13
1423957,0
1426302,7
1426436,0
1426643,0
1426738,2
1427401,59
1428371,0
1430650,55
1431246,28
1431373,63
1432694,2
1433326,57
1433337,33
1433849,6
1436810,13
1437044,3
1437163,6
1437903,0
1438369,82
1439295,25
1440363,80
1440512,0
1441260,5
1441931,0
1442450,3
1442799,85
1443077,22
1444924,1
1445250,34
1445813,1
1445842,3
1445876,2
1445957,8
1445977,5
1447952,5
1448691,35
1449546,30
1450568,18
1450685,63
1453049,12
1453998,17
1454920,20
1455061,22
1455407,8
1456142,4
1456352,81
1456430,10
1456565,2
1457003,5
1457042,10
1458645,29
1458995,7
1459724,1
1459862,50
1461721,52
1461822,4
1461965,68
1462270,1
1462341,9
1466053,0
1466081,40
1466534,31
1466592,2
1466688,0
1467025,39
1467030,79
1467618,7
1469244,27
1469955,8
1470117,0
1470698,26
1470969,7
1471201,0
1471244,10
1471265,8
1471952,12
1472166,1
1472842,1
1474887,6
1475661,7
1476085,3
1476244,22
1478084,2
1478270,1
1478468,8
1479113,12
1481753,6
1483688,34
1484077,45
1484207,21
1486963,44
1487222,7
1490223,11
1491731,2
1491991,14
1492810,2
1492856,61
1494527,79
1494817,0
1494934,1
1496319,3
1499572,5
1499650,13
1503296,5
1506284,72
1507437,5
1507929,3
1507974,13
1508461,32
1510830,1
1511048,3
1511216,47
1511303,64
1511933,28
1512006,75
1515026,7
1515135,7
1515522,23
1515611,9
1515979,49
1516048,6
1518302,62
1519621,4
1519799,37
1520136,2
1520651,10
1520813,40
1521091,9
1521256,6
1521536,1
1521862,4
1523865,0
1523892,0
1524562,72
1524610,16
1524948,16
1525121,2
1525143,5
1525580,0
1525602,71
1526129,1
1526274,4
1526416,0
1526741,56
1528339,0
1530561,70
1533652,35
1533807,9
1534078,6
1534109,6
1538944,0
1539361,0
1539462,8
1540562,19
1541353,1
1541832,29
1542279,36
1543023,2
1545525,14
1545924,17
1546380,26
1546748,13
1549413,75
1551044,42
1551078,30
1551916,7
1552576,82
1555500,0
1555853,6
1555919,8
1557326,54
1557548,0
1557778,23
1557803,3
1559912,7
1560573,12
1560606,0
1560957,6
1561735,1
1564553,67
1565808,3
1566714,82
1567003,14
1568777,7
1569396,56
1569444,4
1569842,1
1569906,1
1570096,23
1571050,21
1573068,7
1573753,8
1574097,29
1576724,16
1576883,3
1577575,25
1577913,29
1578996,46
1581223,0
1581466,72
1582263,1
1582540,1
1582875,49
1582940,9
1583111,25
1583128,26
1583258,0
1583673,0
1583971,3
1583985,29
1584167,17
1586304,3
1586454,7
1586489,32
1586608,15
1586773,53
1588221,7
1588903,10
1589715,10
1590214,74
1591811,81
1592879,0
1593444,1
1594395,2
1596169,5
1596314,1
1596603,16
1596669,1
1597002,1
1598518,4
1598722,16
1598863,1
1598950,14
1601704,2
1601776,0
1601955,73
1602731,28
1602793,43
1604324,19
1604488,59
1606115,4
1607335,7
1608567,2
1609799,0
1611089,0
1611398,0
1612489,3
1613419,17
1613539,1
1613859,6
1614925,0
1615083,83
1616807,4
1617264,0
1617443,37
1617488,4
1618034,2
1618877,1
1619312,6
1619538,4
1619695,60
1619756,73
1619841,5
1621986,1
1623013,55
1624451,10
1627297,33
1627696,57
1627949,8
1628003,8
1628138,1
1628156,59
1628564,31
1628643,60
1628878,69
1629248,8
1631938,12
1632416,31
1632592,57
1632833,1
1633331,21
1633453,0
1633924,74
1633941,20
1634856,15
1635672,13
1636349,54
1637178,13
1637346,8
1639145,8
1639762,51
1640521,0
1640610,17
1640992,8
1640995,9
1641022,0
1641291,31
1641665,11
1644133,5
1644146,79
1644357,1
1645086,26
1645105,8
1645181,57
1645667,76
1646541,56
1646607,7
1646910,1
1646949,32
1649844,7
1649994,0
1650470,2
1652380,0
1652426,54
1653872,2
1654170,0
1654282,3
1654444,21
1654551,7
1655027,83
1655291,74
1655390,55
1655713,14
1656621,80
1656884,0
1658703,17
1658988,20
1660838,22
1661749,0
1664716,0
1665017,27
1665300,78
1665498,7
1665686,2
1665792,8
1668176,47
1668328,81
1669664,32
1670623,9
1672433,10
1672938,1
1673849,6
1675694,0
1677887,18
1678467,3
1678889,7
1679211,82
1681814,1
1682282,71
1683227,0
1683415,1
1683897,2
1686941,2
1687184,19
1687592,1
1688650,69
1688724,0
1691188,9
1691681,2
1691702,0
1692166,2
1693524,13
1695731,0
1696332,1
1697047,69
1699132,3
1699934,23
1702032,0
1702413,10
1702581,86
1702694,1
1702695,1
1702916,13
1703222,0
1703303,19
1703798,8
1703844,0
1704798,72
1706103,40
1706997,23
1707422,0
1707850,10
1708262,78
1708541,3
1708757,0
1709042,51
1709089,16
1710430,23
1710729,0
1711248,5
1711379,9
1712077,1
1712660,70
1713896,6
1716395,25
1716640,10
1716857,1
1716923,1
1717058,20
1717149,0
1717215,1
1717226,9
1717499,51
1717579,6
1717793,0
1717870,5
1718001,2
1718287,64
1718791,11
1718989,13
1720971,1
1721103,1
1721415,1
1721695,0
1722358,6
1722622,80
1725295,63
1725297,1
1725858,4
1727536,55
1728256,45
1728437,15
1728625,12
1729145,76
1729247,5
1729679,0
1730855,0
1730937,8
1731046,5
1731097,6
1731245,69
1731351,1
1731969,9
1732322,73
1732471,1
1732542,22
1732612,11
1732866,44
1732893,67
1732939,5
1733157,82
1733447,57
1734167,5
1735545,59
1736064,3
1736456,77
1737891,21
1741622,19
1742471,17
1742601,1
1742654,41
1743221,13
1744216,43
1744921,49
1745172,0
1746582,4
1746726,49
1747440,52
1747833,28
1749563,80
1750443,8
1750679,67
1750701,65
1751967,19
1752112,12
1752206,56
1753671,6
1753699,0
1753974,2
1754527,24
1755831,0
1756076,1
1756174,0
1757909,2
1757982,4
1758391,74
1759154,59
1759292,15
1760411,5
1761101,2
1762997,3
1763008,1
1763209,60
1763367,19
1763520,11
1763615,5
1763863,7
1763977,1
1764106,1
1766890,23
1767037,84
1768235,0
1769124,38
1771965,63
1771989,62
1772650,1
1772824,17
1776732,36
1777869,18
1778294,7
1778588,4
1778700,10
1778792,1
1781052,0
1781687,18
1781697,11
1782056,23
1782079,16
1782437,33
1783069,4
1783102,6
1784987,1
1785141,5
1787728,0
1788026,0
1788210,2
1788754,33
1789715,4
1791502,5
1792520,0
1793091,85
1793411,9
1793606,14
1797001,0
1797025,41
1797476,30
1797523,0
1797661,9
1798256,2
1798308,10
1798324,27
1801036,1
1803130,38
1803475,14
1804505,80
1805150,9
1806378,35
1806994,21
1807106,77
1807515,6
1807757,7
1808497,12
1808550,63
1809547,13
1809719,15
1810457,66
1810653,1
1810781,4
1811012,11
1811051,40
1813348,46
1813409,30
1813452,1
1813681,0
1814010,18
1814279,85
1814366,8
1814757,14
1815099,7
1815211,62
1815423,16
1815512,84
1815523,26
1815526,2
1817647,42
1818411,64
1818430,62
1820307,21
1820516,0
1820858,24
1820992,6
1821168,2
1821541,12
1821787,11
1821973,4
1822436,1
1822872,7
1824808,24
1826188,0
1827525,0
1827962,22
1828063,32
1830154,1
1830244,3
1830335,2
1830949,0
1831050,84
1831337,3
1832210,25
1832223,6
1832286,11
1832617,33
1832659,5
1832680,1
1832755,0
1835122,10
1835149,21
1835396,33
1835865,1
1836322,1
1836859,30
1837384,0
1838904,21
1839818,16
1839878,59
1840303,0
1840649,0
1840820,57
1841356,8
1841399,2
1842739,49
1842931,62
1843674,82
1843772,2
1844088,23
1844094,63
1844254,1
1844489,19
1844915,10
1844973,20
1845249,5
1846100,21
1846580,72
1846722,13
1847261,12
1847379,30
1847434,74
1847620,1
1850705,9
1851559,28
1853656,5
1854757,6
1855848,1
1856027,27
1856219,84
1856261,3
1856418,51
1856803,9
1857078,79
1857351,4
1858492,17
1859322,0
1859901,32
1860313,0
1861281,1
1861493,41
1861773,1
1861873,4
1862436,7
1864660,2
1864691,0
1864757,40
1866051,2
1866128,79
1867237,0
1867843,65
1868169,6
1868817,1
1869202,14
1869432,4
1869497,11
1870021,63
1870853,1
1871261,1
1871545,41
1872028,8
1872169,0
1872829,4
1873304,83
1873333,69
1873453,0
1873582,8
1875082,65
1875850,2
1876083,3
1876168,3
1877244,79
1877255,70
1878868,1
1879762,1
1880345,1
1880539,25
1881103,5
1881801,21
1882252,0
1884398,0
1884489,0
1884921,1
1885682,19
1885714,47
1886240,1
1886820,6
1886978,46
1887003,62
1887239,23
1887291,34
1889685,2
1890125,3
1890143,62
1890467,0
1891017,9
1891118,6
1891670,15
1891816,1
1892319,32
1892680,21
1893225,14
1894120,11
1895196,82
1895516,4
1895544,0
1897092,0
1897447,80
1897623,8
1899076,81
1900616,16
1900780,45
1902092,2
1902962,0
1903322,39
1905865,8
1905918,13
1906763,0
1906804,79
1906993,3
1908290,21
1908767,0
1909128,13
1909648,3
1910105,25
1910210,3
1910306,19
1912425,4
1912468,4
1913282,1
1913317,4
1913722,1
1913803,70
1913835,2
1914185,2
1914320,12
1914544,22
1914590,64
1914630,4
1914787,46
1915154,77
1916456,2
1917226,6
1917286,16
1917872,18
1918693,79
1918903,82
1919490,3
1919647,12
1919766,72
1920085,9
1920310,1
1920568,1
1922967,1
1924317,65
1925247,1
1925406,45
1925703,82
1925709,0
1928005,0
1928556,0
1928973,7
1929041,5
1929614,4
1930283,1
1930469,56
1931136,8
1931855,35
1932110,16
1933687,64
1933904,9
1934382,5
1934444,0
1934447,0
1934512,7
1934746,0
1935109,79
1935826,3
1936089,38
1936772,52
1938391,72
1939106,11
1939283,27
1939417,0
1939757,1
1939857,17
1940956,62
1941048,6
1941439,6
1941495,36
1943012,7
1944087,39
1944211,17
1944641,55
1944686,0
1944805,23
1945393,0
1945437,28
1947400,2
1948333,0
1948494,78
1948745,11
1949334,0
1950157,44
1950276,0
1950311,18
1950342,6
1953461,33
1954003,10
1954146,0
1954310,3
1954404,4
1954495,0
1955003,12
1956677,40
1956726,18
1958765,39
1960031,6
1960556,47
1960562,51
1960821,2
1961157,0
1961288,34
1961361,0
1961533,18
1961937,10
1964864,35
1965103,12
1965712,1
1966173,0
1966349,58
1966407,0
1966903,0
1967045,10
1969100,13
1969854,50
1970017,6
1970177,32
1970466,0
1970574,19
1970587,10
1970697,9
1971200,74
1971528,0
1971983,5
1972126,46
1972163,15
1972330,0
1973889,75
1973934,14
1974398,7
1974455,0
1974700,9
1974901,48
1975069,5
1975168,6
1975236,1
1975519,0
1976094,5
1977800,9
1978394,20
1978445,3
1979113,0
1979127,70
1979160,1
1979502,23
1979848,0
1981410,18
1981669,13
1981921,7
1981977,19
1982013,8
1982408,1
1982909,15
1983188,2
1983466,89
1983677,8
1983976,0
1984378,1
1984486,29
1984871,16
1986737,11
1986831,18
1987504,4
1987546,13
1987939,1
1987949,1
1988392,22
1989731,1
1990045,0
1992421,0
1992676,5
1992751,0
1993323,1
1993623,11
1993835,72
1994398,14
1994574,41
1994679,0
1995090,1
1995454,7
1995509,62
1995605,10
1995717,0
1998829,57
2000611,18
2001022,67
2004909,0
2006452,5
2006671,2
2006699,0
2007323,0
2007357,8
2007504,71
2008217,7
2008227,71
2008441,27
2008809,3
2008898,0
2010429,0
2010787,1
2010839,11
2010943,17
2011212,10
2011504,49
2011521,41
2012029,15
2012360,0
2012368,83
2012750,4
2013807,83
2013882,55
2014701,7
2015094,61
2015168,85
2015586,1
2015996,1
2016502,0
2016834,10
2017012,0
2017316,2
2017397,36
2017517,19
2018602,1
2018951,5
2020576,56
2021064,0
2021284,6
2021634,32
2022126,1
2022520,1
2022728,14
2022729,85
2022938,13
2023081,24
2023454,77
2026088,8
2026434,1
2026697,0
2027350,0
2027406,41
2028056,0
2028268,0
2028272,5
2028432,28
2028625,1
2028787,2
2028925,43
2030001,39
2030357,4
2030899,0
2031495,10
2031673,6
2032345,0
2032727,7
2032879,1
2033605,6
2033730,59
2033924,0
2034359,30
2036105,56
2036424,12
2036690,1
2037130,1
2037582,7
2037951,4
2038017,34
2038314,8
2038381,10
2038471,1
2039945,61
2041041,46
2041837,2
2042764,15
2043060,9
2043289,75
2044392,1
2044873,56
2044889,19
2045488,1
2045556,63
2045727,79
2045847,9
2045929,7
2046173,34
2046584,4
2046789,44
2048479,0
2048796,5
2049363,20
2050039,1
2050060,13
2050368,13
2053822,12
2053926,15
2054032,1
2055303,58
2055614,15
2055671,2
2056307,4
2056330,0
2056789,3
2057295,14
2057315,12
2057326,13
2057358,1
2057534,2
2057553,5
2057944,19
2060612,45
2061563,17
2061811,2
2061814,27
2061897,46
2063239,1
2063922,7
2065391,31
2065985,0
2066046,84
2066165,40
2066451,2
2066623,0
2066846,5
2067115,0
2067359,9
2067365,0
2067773,15
2067928,20
2069027,0
2069709,2
2069779,0
2069864,24
2070083,3
2070542,3
2070612,56
2071021,0
2071265,0
2071420,77
2071446,63
2072126,7
2072321,0
2074833,15
2074912,14
2074985,5
2075568,51
2075619,32
2075758,0
2076018,9
2077748,0
2077763,1
2078075,7
2078687,0
2078886,1
2079671,10
2079686,23
2079789,54
2080861,83
2081177,5
2081394,4
2081408,0
2081438,0
2082694,0
2083547,28
2083671,18
2083749,33
2083940,12
2084109,33
2086828,11
2086868,0
2087020,3
2087343,49
2087898,4
2088095,3
2088158,1
2088272,0
2088316,12
2088389,1
2088444,70
2088725,36
2088969,4
2089173,22
2089273,2
2089492,15
2089581,2
2089745,35
2089773,1
2091204,0
2091483,1
2092422,48
2092611,8
2092976,2
2093477,8
2093858,7
2094213,2
2094262,0
2094265,52
2094411,0
2095829,9
2096581,15
2096641,82
2096968,70
2097205,0
2097607,1
2097795,8
2097912,2
2098030,6
2098664,0
2098850,2
2100174,20
2101112,22
2101167,59
2101200,15
2101323,26
2101884,23
2102492,30
2102493,5
2103480,0
2103544,0
2104119,50
2104472,23
2104539,4
2104622,2
2104626,4
2104910,62
2105618,50
2107372,0
2107939,65
2108424,7
2108481,6
2108635,0
2108784,5
2108851,25
2110493,2
2110938,79
2111172,35
2111463,12
2112808,18
2113934,8
2114989,2
2115424,27
2115662,28
2115773,5
2115809,4
2116940,5
2118063,22
2119582,2
2120677,62
2120808,12
2122613,0
2123079,24
2123284,6
2124414,4
2124473,0
2124536,30
2124808,10
2124906,0
2124910,65
2126194,1
2126830,0
2126987,0
2127377,5
2127767,47
2128464,0
2128761,13
2129515,5
2130312,4
2130315,44
2130742,14
2131089,0
2131349,9
2131472,13
2131515,29
2132248,2
2133714,3
2135434,24
2135489,48
2136200,2
2137111,1
2137165,4
2137823,52
2138787,2
2138900,4
2139532,5
2139828,18
2140284,81
2140434,3
2140544,3
2141411,67
2141549,85
2141612,67
2141667,80
2142130,1
2145209,1
2145620,68
2145759,67
2146145,1
2148025,75
2148625,10
2149184,0
2150596,8
2150727,0
2150750,4
2151235,14
2151558,16
2152948,24
2153173,31
2153435,75
2154313,11
2155583,42
2156111,28
2158022,3
2160591,23
2160982,29
2162874,1
2162974,1
2163313,24
2164135,60
2164707,62
2164992,1
2165107,6
2165549,1
2165679,4
2165795,7
2168443,0
2168753,0
2168932,46
2169722,15
2170025,18
2170383,29
2170618,1
2170644,3
2171340,0
2171701,39
2171712,45
2171809,0
2171886,11
2172544,24
2172601,0
2175577,1
2175879,72
2176017,62
2177753,2
2177876,2
2177930,0
2178042,0
2178408,5
2181941,16
2182077,25
2182804,32
2182810,10
2183423,76
2183826,13
2186138,0
2186452,0
2187682,16
2188869,47
2189115,0
2189129,0
2189742,50
2191591,2
2191612,1
2192845,31
2193537,7
2193896,64
2194263,8
2196666,3
2197283,61
2197725,1
2198112,25
2200247,8
2200962,0
2201581,5
2202422,0
2202858,1
2203154,0
2204022,1
2204313,28
2204397,11
2204672,0
2206900,0
2206957,1
2207015,5
2207684,0
2209445,0
2209653,18
2209722,6
2210281,8
2210421,0
2210675,50
2210906,19
2213715,29
2214256,57
2214323,65
2214534,1
2214689,4
2215631,1
2216470,0
2217686,22
2219962,0
2220415,1
2220431,9
2220830,0
2221988,28
2222889,10
2223289,1
2223399,2
2223628,10
2225865,0
2226217,7
2226305,36
2227377,0
2227913,5
2228824,80
2231564,4
2231814,0
2232600,9
2232697,30
2236318,3
2236458,0
2237063,2
2237495,11
2237851,1
2238030,3
2238389,12
2238435,0
2240038,8
2240196,1
2241434,1
2241816,48
2242066,7
2242525,16
2243081,10
2243180,7
2243184,15
2243266,12
2243275,0
2243321,42
2243540,0
2243984,0
2244009,3
2247803,68
2247822,7
2248204,0
2248215,9
2249059,7
2249872,23
2249928,0
2250790,6
2252844,0
2253397,0
2254269,0
2254428,6
2254469,0
2254505,0
2254654,34
2255005,1
2255501,5
2255578,11
2256415,66
2256979,0
2257190,3
2259344,1
2259483,27
2260342,0
2260572,3
2260659,0
2261018,1
2261215,0
2261269,1
2261693,0
2262805,61
2262865,0
2262934,28
2263248,0
2265778,0
2268084,3
2268632,2
2268888,3
2268947,1
2271504,0
2271792,36
2272080,1
2272242,0
2272500,0
2272739,0
2273473,0
2273613,3
2273733,2
2273936,63
2274334,30
2274651,6
2274687,15
2276666,29
2277287,12
2277707,5
2277785,0
2278677,4
2279335,1
2279433,3
2279517,11
2280843,3
2281041,1
2281142,0
2281829,3
2281866,1
2282122,8
2282819,9
2282962,0
2283001,36
2283101,10
2283304,18
2283499,0
2284013,1
2284027,84
2284454,0
2284809,0
2284894,5
2285132,2
2285167,10
2285201,3
2285351,0
2285355,0
2287415,13
2287894,0
2289119,0
2289612,85
2290017,40
2290620,4
2290645,85
2290915,0
2291291,5
2291536,1
2292275,7
2295816,33
2295924,0
2296024,2
2296312,0
2297058,19
2297259,0
2297549,38
2297963,2
2298711,0
2298731,27
2299633,1
2302589,1
2302803,1
2303039,8
2303583,0
2303955,28
2304663,1
2304963,7
2305025,2
2305890,11
2307448,3
2307885,6
2309289,9
2309559,0
2310275,36
2310791,23
2312939,12
2314398,14
2314406,21
2314930,2
2315543,27
2316244,1
2318157,75
2318184,37
2318229,20
2319613,1
2320028,84
2320581,46
2322972,13
2323502,50
2323714,84
2324453,2
2324519,0
2326595,7
2328686,78
2328749,2
2330911,0
2331148,2
2331154,17
2331499,19
2332006,9
2332284,27
2332880,5
2332990,1
2334411,58
2336995,38
2338082,24
2339411,0
2339446,16
2341778,7
2342930,16
2342957,3
2343208,77
2343665,61
2344751,12
2344783,2
2344953,1
2346089,0
2346243,0
2346296,12
2346416,85
2346671,9
2350664,19
2352953,5
2356684,10
2356850,0
2356989,12
2357070,27
2360565,37
2361050,8
2362207,23
2362306,4
2362357,42
2365645,1
2366509,17
2366524,4
2367243,1
2367254,17
2367767,0
2370610,6
2371377,0
2371632,70
2372540,69
2372591,64
2372629,3
2372740,24
2373339,31
2373363,2
2373948,47
2374700,0
2374963,5
2375015,4
2377695,37
2378593,18
2379786,0
2385251,0
2385779,76
2386897,4
2387035,1
2387693,5
2389329,7
2390214,1
2392301,44
2392861,19
2395670,0
2396249,6
2398423,9
2398691,74
2399434,23
2399671,25
2400073,18
2400215,59
2404708,55
2405613,1
2407196,50
2410200,57
2411866,5
2412294,1
2412940,16
2413507,17
2414063,2
2416016,56
2416104,12
2416191,0
2417509,0
2417616,8
2419242,1
2419890,10
2419950,12
2420026,83
2420589,3
2424646,16
2425222,1
2425318,7
2425980,1
2426057,1
2426507,0
2429575,5
2431607,15
2431784,0
2432032,19
2432545,72
2432622,3
2433604,64
2435576,11
2435838,45
2437594,30
2437965,82
2442330,1
2443113,0
2445093,26
2445715,77
2445856,8
2445905,8
2446430,51
2446543,1
2446954,0
2447138,2
2447171,3
2447467,61
2447634,2
2447847,85
2452769,65
2453608,1
2453739,2
2453855,1
2454667,11
2455215,4
2457182,4
2457754,0
2457755,19
2458095,0
2458512,34
2460303,0
2460578,30
2460683,2
2461562,6
2461673,80
2461829,3
2462248,0
2462451,1
2464673,17
2464679,1
2464886,60
2465460,3
2465962,1
2466627,5
2467546,7
2467882,0
2467963,10
2468167,0
2468171,1
2468186,19
2472215,5
2472461,0
2472636,25
2473110,19
2473861,56
2477444,1
2477543,14
2477717,9
2478415,71
2478441,84
2478825,18
2479144,70
2479193,5
2480788,5
2482319,0
2483196,6
2483497,0
2484057,5
2487569,1
2487728,40
2488022,0
2489313,8
2489407,80
2489615,24
2493176,7
2493201,13
2493601,10
2495596,0
2495691,10
2495824,73
2495893,27
2496331,72
2500087,1
2500390,9
2501519,1
2501809,5
2505219,0
2505890,1
2506158,65
2508024,6
2508175,0
2509822,73
2510394,32
2511914,3
2512871,0
2513351,0
2513706,0
2513864,0
2514272,5
2514760,22
2514831,56
2515147,0
2515634,3
2515876,1
2516206,13
2516430,5
2517989,14
2518372,0
2518907,0
2519112,48
2519255,0
2521691,0
2523629,6
2524034,80
2524523,27
2526386,5
2526437,4
2526673,8
2528636,42
2529170,10
2530004,4
2530057,0
2530145,3
2530757,2
2531212,2
2531815,0
2532144,1
2532197,15
2532443,1
2532731,4
2534869,41
2536263,1
2537390,24
2537745,75
2538248,77
2539413,1
2539759,0
2539811,4
2540173,10
2540393,1
2543303,18
2544154,33
2547198,62
2547570,2
2547619,8
2550012,12
2550075,7
2552636,12
2553097,54
2553391,49
2554110,12
2558392,4
2560334,4
2560546,44
2561229,87
2562621,10
2563135,16
2563967,21
2565071,10
2565611,4
2566451,0
2568543,1
2568874,68
2569108,2
2569323,6
2570488,53
2571133,55
2571217,37
2571283,4
2575762,1
2576206,0
2578731,3
2586199,0
2586328,1
2586484,20
2586788,13
2592080,48
2592259,4
2594067,10
2594162,0
2594380,16
2598145,15
2598767,4
2600692,0
2601449,84
2603870,43
2604156,1
2605015,73
2605966,8
2606145,0
2606370,2
2606383,7
2607517,1
2607575,1
2608391,8
2608483,7
2608680,2
2608700,0
2610922,1
2611765,2
2612011,2
2612572,74
2613681,6
2613864,1
2617515,10
2618627,4
2620661,34
2620837,10
2625214,2
2625559,66
2625766,19
2626256,0
2627425,6
2628191,4
2629613,77
2632699,57
2633717,2
2634235,86
2634554,86
2634573,5
2634576,16
2635078,3
2635711,54
2636396,5
2636643,0
2636744,3
2636762,85
2636987,85
2640467,42
2643039,0
2644542,6
2645448,3
2645558,23
2645561,5
2648761,1
2648957,24
2651107,0
2651125,16
2651650,17
2652871,1
2653186,20
2653411,1
2653544,7
2653644,22
2656101,4
2656619,9
2657213,56
2657689,0
2657791,79
2658113,26
2659165,5
2659448,76
2659732,4
2661098,5
2664975,12
2665579,87
2668311,31
2668770,12
2672220,0
2673792,60
2674784,71
2674884,25
2676453,48
2676692,7
2677617,1
2677643,6
2677706,11
2679171,61
2682471,16
2682974,4
2683387,12
2683438,24
2684480,0
2685701,5
2685819,79
2685940,27
2686412,79
2686639,55
2687332,14
2687464,0
2687567,43
2690557,39
2693580,16
2694111,14
2694288,22
2695042,64
2695367,19
2698206,13
2698645,83
2699454,42
2700296,16
2701047,5
2701572,5
2701910,1
2701991,82
2702053,80
2707344,1
2707450,78
2707819,7
2708262,3
2709923,8
2709979,19
2710417,1
2710543,17
2712028,0
2713695,3
2716762,0
2716889,14
2717461,8
2721778,88
2721883,1
2722391,0
2722983,36
2723019,2
2723303,25
2724993,18
2725385,82
2727166,20
2727766,6
2728126,81
2729395,17
2729913,68
2730497,52
2730652,16
2736264,8
2737955,0
2738161,0
2738377,6
2738669,76
2739112,74
2739832,0
2740125,19
2740253,3
2740389,85
2743443,1
2743624,4
2747058,8
2747712,3
2747978,19
2748016,0
2748239,1
2748493,3
2752482,35
2754006,82
2754728,1
2755951,0
2756525,82
2756829,5
2756847,3
2757036,23
2759978,0
2760590,21
2760968,83
2761390,0
2761766,3
2763303,4
2763675,15
2764392,12
2764516,22
2768188,0
2769505,5
2769623,2
2770230,6
2770914,2
2771141,9
2771668,71
2773698,7
2773754,16
2774189,85
2774381,6
2774934,81
2777719,2
2781747,14
2783786,16
2784311,1
2786015,71
2789724,29
2790742,0
2791400,0
2791848,44
2793630,4
2794880,35
2798608,23
2800150,6
2800327,10
2801603,64
2803462,15
2803507,8
2803785,13
2804065,13
2804103,1
2806791,88
2808257,9
2808477,1
2808880,0
2809027,2
2809975,30
2811585,2
2811703,64
2814076,5
2815748,61
2815750,2
2816854,1
2818471,74
2818530,28
2819086,5
2821079,0
2823012,78
2824253,83
2824484,30
2824553,73
2825322,17
2825336,1
2825539,5
2827615,28
2829821,39
2829832,0
2831378,0
2831639,0
2833834,9
2833998,5
2834328,0
2834421,44
2835159,0
2835738,42
2836345,67
2838319,5
2842830,46
2843185,3
2848235,82
2848276,7
2848532,37
2849477,10
2851945,1
2853085,13
2853557,84
2854979,77
2855220,36
2856036,3
2858010,69
2858120,4
2858430,0
2862466,68
2862900,9
2864385,0
2864480,3
2864637,1
2865370,2
2866217,37
2867463,6
2872666,4
2874602,0
2874695,2
2874932,11
2875203,6
2875509,47
2875653,0
2876055,39
2879157,5
2880895,23
2881692,0
2886357,1
2887581,0
2887761,26
2888261,0
2888818,17
2888877,1
2889781,11
2892280,11
2892709,52
2892830,68
2894055,1
2894146,7
2895820,81
2897100,69
2897471,74
2897985,5
2898338,1
2899082,0
2899116,1
2904571,0
2904661,28
2905572,75
2906940,22
2908258,3
2908420,0
2909690,10
2912886,0
2913960,55
2913978,1
2914445,53
2917698,20
2918225,30
2918704,0
2918764,1
2919081,14
2919287,0
2919377,4
2919875,0
2925138,0
2925888,1
2926508,1
2927005,9
2927487,49
2931544,5
2931859,25
2932027,61
2933406,17
2935329,3
2935897,49
2936054,35
2936192,77
2939514,11
2939670,36
2939958,1
2940007,0
2940762,3
2941688,20
2942129,57
2942211,20
2943334,5
2943641,36
2943724,15
2946155,6
2947668,1
2949128,41
2949790,0
2950178,0
2950627,28
2952861,1
2953058,2
2954989,14
2957425,31
2958344,2
2959168,59
2959682,1
2960080,9
2964260,1
2965557,10
2967375,50
2967792,9
2968070,84
2968964,16
2969663,4
2969722,0
2969803,66
2969919,40
2973962,2
2975389,0
2975604,9
2976875,0
2977232,82
2977482,1
2977643,7
2978053,4
2978697,3
2978825,6
2979650,15
2979775,6
2979871,13
2980355,76
2983952,10
2984662,0
2985279,8
2985678,77
2986847,51
2987015,1
2988045,5
2989428,12
2989596,28
2993952,26
2994536,8
2994541,41
2994648,2
2994659,30
2995368,49
2996823,3
2997377,5
2997824,2
2998230,0
2998911,2
2999527,5
3002478,11
3002746,0
3003127,9
3003386,61
3004348,86
3004969,7
3005261,26
3005990,3
3005994,12
3006318,68
3010571,12
3010978,17
3011058,26
3011417,5
3011497,1
3013136,56
3013158,1
3013383,1
3013404,16
3013668,3
3015711,20
3016563,83
3018278,0
3018422,2
3019264,0
3021617,1
3022063,53
3022247,13
3022777,46
3025885,36
3026737,11
3027445,3
3028186,24
3029723,0
3031514,19
3031660,1
3032110,50
3032355,0
3033723,9
3035054,37
3035621,28
3036132,1
3037002,1
3037740,11
3038732,1
3038781,7
3039186,49
3039888,2
3040654,21
3040917,0
3041889,11
3042547,30
3042553,66
3042980,74
3043127,7
3043416,0
3043425,33
3043548,18
3047340,0
3047757,76
3047903,0
3048226,87
3048321,4
3051679,5
3052214,8
3052285,3
3052726,40
3057844,1
3058995,6
3059025,86
3059383,51
3060745,32
3060766,12
3061093,1
3061221,68
3063513,1
3064153,69
3065612,27
3065812,1
3065911,49
3066652,9
3066976,42
3067062,6
3067277,2
3068047,0
3070876,27
3072242,9
3072757,7
3073195,0
3075343,3
3075657,1
3076051,0
3079237,19
3079567,74
3081281,13
3081335,0
3081454,0
3081756,69
3082406,53
3082988,0
3083026,68
3083249,71
3083966,46
3085185,4
3089264,5
3089577,8
3090315,3
3090922,14
3092322,8
3093240,76
3093762,3
3095016,11
3095023,73
3095119,33
3095348,4
3095550,49
3095682,1
3098703,63
3099573,2
3100440,0
3100555,0
3100927,15
3101746,0
3103596,5
3103784,11
3104253,34
3104543,0
3105086,19
3105137,18
3105572,8
3105712,66
3105849,5
3106051,2
3110281,0
3111195,69
3112608,55
3112872,0
3112953,7
3112966,2
3115710,7
3116166,1
3116327,1
3116519,0
3120723,0
3121011,61
3122230,0
3124456,1
3125426,72
3129731,7
3129888,15
3131794,1
3131982,3
3133055,35
3133621,0
3133754,4
3136014,0
3136318,6
3136535,6
3137069,0
3137906,49
3137920,0
3138699,0
3138937,0
3139073,29
3139181,0
3139489,41
3139623,10
3140375,9
3142216,1
3143311,4
3144094,0
3152039,0
3152701,44
3152724,2
3152841,0
3154590,3
3156460,54
3156969,82
3157330,0
3157420,3
3157747,14
3164639,4
3165063,8
3165190,5
3166540,9
3166564,14
3166797,0
3167520,3
3168163,0
3172778,1
3173148,30
3173685,43
3174292,55
3174902,0
3174948,0
3175023,80
3175204,80
3175209,52
3176553,0
3176781,11
3176874,82
3180308,10
3181376,0
3182176,4
3183018,7
3183201,12
3183339,13
3185037,54
3185529,17
3185712,0
3185718,1
3185829,29
3185840,0
3185977,1
3186147,20
3191358,2
3191450,8
3191779,0
3191925,21
3192969,0
3194049,31
3194510,7
3194552,1
3196836,2
3198114,2
3199022,55
3199633,26
3199891,50
3200713,27
3200785,59
3201161,0
3208196,68
3208864,56
3208895,1
3208908,1
3208922,17
3209319,1
3209685,0
3209866,0
3209980,72
3210405,55
3212922,9
3213127,32
3213712,0
3215660,81
3215722,0
3216134,24
3216238,11
3216247,1
3217153,6
3217196,1
3217684,68
3217808,12
3218526,76
3218787,73
3219401,0
3219928,0
3220028,3
3220178,42
3220820,76
3222262,76
3222510,3
3224913,34
3225390,56
3225440,5
3225975,24
3226454,0
3226489,76
3228049,5
3229157,6
3231562,26
3235070,19
3236301,26
3236919,11
3237048,9
3237052,4
3237069,10
3237524,3
3237602,1
3238109,0
3238431,9
3238517,12
3240903,11
3241074,5
3241287,13
3241486,45
3241882,31
3242138,0
3242167,3
3244360,0
3246086,0
3247463,79
3248306,14
3250448,81
3250977,20
3251113,10
3251148,58
3251638,0
3251901,1
3254762,0
3261569,46
3261740,6
3262760,12
3262855,1
3262961,23
3263039,0
3263260,40
3263561,0
3263650,1
3263680,0
3264261,13
3264348,0
3265410,27
3267114,0
3268008,27
3269126,2
3270428,6
3270809,4
3271549,8
3271767,0
3271893,8
3272159,0
3272161,15
3272201,11
3272466,1
3272610,1
3272721,1
3272778,5
3273170,55
3273182,0
3276963,3
3277079,0
3277684,5
3278158,70
3278436,3
3278631,1
3278758,55
3279446,0
3280787,0
3282274,24
3282726,75
3283019,1
3283284,3
3283405,9
3283729,5
3283741,0
3283782,30
3283867,3
3284019,24
3284085,12
3284230,21
3288710,25
3289376,8
3290309,28
3291524,8
3292042,41
3292224,10
3293357,7
3293488,2
3293528,85
3293577,1
3293918,74
3294131,18
3297016,29
3297255,0
3299862,29
3301118,8
3302259,38
3302463,23
3302921,60
3303165,77
3303211,2
3303273,0
3303335,10
3303382,64
3303873,18
3304163,3
3304307,62
3304505,84
3304670,25
3304732,0
3307936,4
3308942,0
3309377,2
3309572,39
3309761,1
3309982,51
3310662,3
3311235,7
3311412,81
3311821,42
3311830,83
3311834,77
3312276,55
3312417,42
3315355,42
3316191,16
3317039,0
3318524,0
3319685,12
3320635,0
3321432,6
3324203,80
3324250,7
3325297,20
3325310,21
3325584,5
3325617,82
3326000,13
3329145,0
3334360,0
3334616,2
3334756,1
3337585,4
3337808,3
3338062,7
3338552,0
3339205,0
3340276,4
3340780,45
3341682,4
3341986,15
3342681,3
3343299,1
3343671,0
3344168,9
3344400,6
3351165,13
3351364,11
3353282,4
3353422,0
3354484,9
3354795,14
3354829,1
3355024,19
3357882,13
3359768,73
3360896,28
3361203,42
3361370,5
3361783,5
3362302,0
3362363,1
3363182,3
3363845,2
3363926,0
3364021,0
3364669,0
3368441,15
3368609,37
3368741,37
3369100,55
3370103,26
3370151,18
3370435,0
3371089,8
3371155,1
3371770,24
3372573,8
3372925,0
3373030,27
3375448,87
3376567,22
3377193,9
3377697,0
3378268,39
3378289,5
3378627,79
3380197,64
3380546,5
3382507,42
3383066,5
3383382,12
3383516,5
3383816,2
3384323,0
3384875,38
3385332,0
3385338,68
3386226,51
3386269,4
3386587,13
3386696,77
3386746,2
3390242,9
3391220,10
3391548,0
3392418,8
3393705,9
3393798,7
3394798,62
3395099,8
3395681,13
3398697,2
3400645,7
3400739,66
3400929,0
3401175,3
3401937,64
3402068,5
3402415,7
3402562,13
3404247,1
3404313,50
3404472,86
3404668,82
3404892,1
3408897,11
3409820,77
3409926,28
3410470,39
3410557,5
3410850,2
3411006,66
3411086,87
3411380,9
3411815,8
3411912,1
3412893,2
3413783,0
3413981,0
3414084,19
3414182,1
3414653,42
3414843,2
3414885,14
3415582,8
3415829,0
3416118,33
3420223,7
3420526,63
3420546,64
3420707,15
3421020,32
3421589,4
3421605,66
3421607,1
3424943,90
3425054,9
3426149,71
3429765,45
3430107,1
3430453,77
3430612,1
3431377,19
3431378,70
3431674,2
3434075,5
3434284,67
3434454,16
3434471,1
3439131,64
3439207,7
3439298,2
3439664,36
3439687,2
3439781,0
3440226,0
3440523,1
3440741,4
3441127,2
3441221,7
3441604,2
3441729,5
3441930,83
3442067,8
3442140,0
3445138,12
3446036,32
3447361,65
3447448,1
3447964,0
3448303,4
3448563,13
3448776,1
3449575,55
3450210,3
3451983,11
3452009,24
3452623,12
3452809,41
3453624,26
3453750,1
3454212,6
3454343,52
3454662,2
3454893,3
3456576,84
3457338,0
3457802,0
3457822,75
3457987,0
3458525,42
3459384,34
3460129,13
3461872,0
3462475,1
3462561,73
3462626,1
3462871,0
3462975,0
3463475,80
3464645,28
3464706,1
3465310,48
3465329,1
3465351,8
3465407,7
3465604,8
3465607,5
3465651,51
3465972,14
3466675,18
3466842,1
3466991,0
3467257,5
3467267,6
3467587,5
3467959,13
3468044,72
3468092,6
3468914,0
3468919,5
3469115,12
3469771,84
3473305,26
3473778,13
3474011,4
3474320,72
3475693,3
3476105,41
3476131,1
3476195,1
3478624,5
3478813,1
3479461,29
3479614,63
3479639,63
3479881,17
3482707,17
3483278,1
3483699,1
3485146,2
3485641,15
3486029,55
3487236,50
3487445,0
3487886,5
3488283,2
3488332,1
3489004,1
3489242,5
3489450,60
3489484,81
3489608,13
3490209,19
3490317,84
3490322,0
3492910,22
3494876,7
3496438,0
3496976,1
3497198,5
3497765,76
3498602,39
3498763,14
3498895,13
3499016,1
3499174,15
3502581,21
3503249,0
3503403,11
3505276,13
3507112,18
3508355,2
3510705,27
3510790,6
3511778,15
3511898,6
3512428,43
3513138,77
3513270,18
3513303,71
3513651,3
3513960,52
3516700,76
3518114,25
3518682,61
3519172,20
3519923,65
3520094,11
3520756,21
3521124,11
3521318,67
3522329,8
3522472,1
3522513,8
3528438,34
3528709,1
3529442,8
3529888,12
3529893,3
3530395,1
3530517,40
3531018,82
3531190,1
3531681,76
3531850,1
3532067,24
3532338,33
3533180,20
3533208,3
3533549,0
3533669,15
3533777,62
3534012,82
3534137,3
3534256,0
3534379,62
3534443,52
3538463,82
3538727,0
3539882,1
3539952,0
3540722,66
3541464,1
3542044,28
3542523,68
3543227,52
3543534,5
3544113,8
3544719,5
3544796,0
3544899,48
3545066,6
3545591,1
3548133,39
3548393,9
3548691,6
3549126,33
3549478,46
3549798,73
3549819,1
3551598,81
3552405,5
3553361,3
3553398,0
3553679,22
3553713,29
3554230,6
3554287,0
3556241,0
3556615,23
3557570,13
3557831,16
3558578,1
3559005,1
3559450,2
3559515,5
3559871,0
3561338,73
3561417,0
3562245,14
3562445,7
3563035,1
3563047,41
3563251,4
3563271,62
3569229,1
3569570,14
3570201,8
3570470,44
3570528,0
3570985,3
3571021,7
3571154,12
3574063,5
3575238,1
3575453,1
3575487,0
3575859,4
3575918,1
3576390,1
3577101,62
3577693,21
3578028,1
3581652,8
3582007,0
3582449,3
3584455,54
3584703,2
3585049,10
3585334,14
3585754,2
3586203,1
3590337,49
3590483,0
3592179,7
3593311,1
3593385,10
3593491,7
3593824,12
3594671,5
3595484,1
3595503,0
3595554,53
3595987,0
3596230,7
3598245,6
3600457,80
3600961,6
3601086,7
3601377,3
3601447,4
3601900,9
3602534,12
3603287,0
3603366,11
3603426,9
3603979,4
3604199,29
3604551,5
3605076,0
3605287,1
3605524,40
3605626,6
3605896,26
3606459,0
3610854,17
3613067,21
3613161,29
3613612,9
3613761,10
3613854,3
3614079,47
3614621,8
3615796,43
3616001,1
3616769,45
3617350,3
3617430,5
3617494,49
3619399,1
3619705,39
3622012,4
3622797,87
3623201,10
3623673,9
3623946,24
3624380,3
3624387,12
3624653,13
3625075,11
3625713,1
3626302,85
3626408,1
3626719,0
3627326,2
3627468,6
3628190,10
3628228,2
3628267,27
3628961,1
3629141,50
3629217,62
3629381,1
3631473,60
3633634,11
3634361,8
3635322,19
3635348,69
3635420,0
3635624,5
3635919,0
3637029,5
3638053,2
3638235,3
3638852,9
3641687,0
3642033,1
3642278,9
3642325,20
3643392,59
3643801,0
3644017,16
3644037,1
3645072,6
3645866,5
3645996,0
3646059,39
3646212,2
3646638,13
3650207,0
3650528,18
3652230,21
3653037,34
3654420,40
3654510,6
3655367,73
3655688,0
3661644,48
3661864,0
3662198,2
3662795,40
3663178,87
3663423,1
3663798,45
3664094,8
3664473,3
3664481,0
3664892,1
3665721,21
3666015,1
3666146,27
3666617,24
3666653,78
3666884,2
3667653,0
3667692,0
3667717,3
3667895,3
3667915,24
3671653,50
3672455,0
3673772,81
3673774,35
3674594,14
3674757,66
3674937,0
3675270,0
3675568,31
3676461,27
3676625,6
3677309,46
3677436,8
3677466,0
3677638,11
3677737,3
3677995,13
3678064,5
3678357,61
3678829,9
3679179,12
3682839,62
3683236,2
3684302,19
3685591,2
3686256,1
3687840,4
3688197,8
3688368,7
3688940,5
3689140,70
3693008,6
3693222,7
3693262,19
3694030,43
3694268,6
3694441,8
3694643,0
3695178,59
3695375,54
3695463,14
3696043,16
3696224,13
3696746,18
3696946,10
3697432,41
3698241,17
3701381,11
3701890,10
3703129,56
3704081,0
3704297,78
3704729,5
3704891,1
3705030,1
3705088,1
3705368,13
3705495,31
3705534,1
3705673,4
3708542,18
3709294,79
3709567,45
3710434,0
3710483,2
3710661,70
3711096,12
3711208,0
3712133,10
3712330,76
3712846,11
3713028,2
3713031,63
3716193,69
3718713,2
3719330,17
3719701,10
3721036,0
3721826,0
3721904,44
3725902,17
3726665,65
3727206,25
3727861,0
3728240,6
3728953,0
3729469,17
3730645,51
3731388,13
3731534,3
3731689,2
3731871,2
3732008,50
3732059,1
3735175,10
3735483,9
3737180,5
3740402,18
3740809,6
3741457,56
3741504,1
3742373,2
3742413,1
3742519,0
3742785,0
3744465,31
3746945,4
3747392,10
3747505,4
3747567,50
3747855,2
3748401,0
3748684,42
3748804,16
3749338,20
3749528,0
3749971,14
3750568,66
3750917,0
3751570,52
3751737,24
3751894,84
3751919,4
3751932,45
3752352,0
3752605,5
3752872,16
3755001,6
3755474,5
3755748,10
3756098,8
3756488,7
3757178,12
3757461,66
3757859,47
3758296,43
3758495,16
3758686,81
3760029,60
3760158,15
3760740,11
3760824,2
3764301,1
3765411,9
3765646,7
3767079,57
3767267,21
3767674,7
3767801,6
3768796,70
3769052,40
3771687,27
3772617,0
3773787,5
3774556,1
3775379,4
3775659,43
3775857,0
3779523,3
3780206,4
3780715,48
3782016,79
3782082,0
3782283,0
3782441,0
3782457,0
3782579,21
3782925,65
3783173,6
3783231,0
3784298,1
3787893,5
3788637,23
3789400,0
3789685,5
3790048,16
3791176,5
3791464,1
3792227,2
3792507,0
3792523,34
3792732,1
3792910,72
3793002,9
3797867,81
3798941,83
3799541,32
3799598,83
3799995,7
3800187,6
3800332,1
3800789,1
3801007,18
3801368,85
3801701,21
3801950,3
3801977,1
3802218,84
3802538,75
3802582,2
3802908,15
3803154,9
3803194,5
3803201,18
3803622,12
3806630,0
3807983,21
3808405,3
3808709,2
3809988,3
3810334,76
3810864,0
3811171,72
3811578,2
3811639,83
3816424,0
3816450,62
3818259,61
3818298,23
3818999,4
3819304,18
3819656,0
3819946,72
3820498,5
3821364,0
3822296,43
3824057,3
3825362,7
3825437,1
3825743,24
3826908,22
3827231,10
3827442,16
3828097,13
3828098,5
3829387,0
3832444,10
3832863,11
3833644,26
3834786,30
3835052,27
3835132,7
3835244,27
3835334,0
3835345,5
3835611,1
3835681,85
3835740,44
3835948,35
3836180,7
3836199,59
3839258,9
3839365,57
3839717,2
3840200,16
3840286,15
3840719,13
3841033,2
3842694,33
3843916,7
3847681,0
3848431,5
3848810,0
3848877,23
3850182,8
3850237,4
3850254,9
3850967,9
3851183,12
3851498,30
3851571,14
3851719,17
3851770,4
3852141,7
3852261,59
3852538,60
3852580,0
3852660,0
3852988,6
3853079,19
3856570,32
3856583,37
3857180,11
3857462,10
3857687,18
3857863,65
3858386,18
3858785,0
3858822,5
3860590,81
3860762,5
3861299,15
3861301,1
3861569,5
3861713,4
3861885,5
3862154,1
3862328,78
3864528,0
3865141,88
3866389,21
3866536,6
3866540,18
3866888,2
3867293,0
3867351,83
3867525,0
3867632,1
3867739,11
3868052,11
3868344,53
3868719,0
3868981,70
3869282,2
3869335,49
3869436,17
3869967,12
3870158,22
3870187,13
3870317,14
3870502,2
3870793,4
3870797,24
3873453,0
3874023,42
3874702,31
3875294,7
3876269,0
3876850,4
3877193,28
3877362,30
3878067,6
3878579,0
3878621,74
3880863,13
3880985,1
3881808,14
3883020,13
3884052,6
3888470,10
3888689,65
3888752,72
3889773,0
3890018,39
3890947,3
3892700,86
3894446,3
3894449,6
3894674,19
3895455,5
3895930,24
3896579,3
3896588,0
3896778,32
3897387,36
3897667,6
3898329,1
3898625,3
3898736,6
3901806,33
3903173,11
3903747,8
3906483,47
3906942,20
3907279,15
3907413,78
3907603,66
3907848,81
3907852,11
3908008,15
3908094,5
3908191,3
3908257,51
3908361,7
3911393,11
3911451,10
3911536,2
3911632,59
3911804,27
3911826,41
3912794,45
3912900,3
3913674,1
3913873,11
3914910,4
3915799,0
3915933,12
3916062,0
3916312,11
3916525,51
3916572,1
3916775,15
3916962,1
3917007,0
3917163,19
3917367,33
3920357,0
3920562,79
3921600,8
3921900,0
3922214,15
3922314,2
3922967,6
3924325,38
3924619,27
3924820,64
3925359,3
3925418,3
3928833,1
3929317,38
3929669,10
3930410,1
3930878,5
3930967,5
3931242,13
3932374,0
3932970,0
3933552,85
3933571,84
3936759,12
3936970,70
3937103,0
3937482,1
3937630,0
3938401,8
3938956,26
3939086,16
3939128,2
3939929,1
3939974,8
3940234,1
3942409,11
3943594,2
3943630,0
3943738,2
3944200,25
3944233,56
3944625,80
3945449,6
3945636,16
3945680,4
3945836,8
3946018,32
3946024,1
3946201,11
3946245,1
3949890,14
3950991,15
3951043,0
3951363,0
3952264,12
3952328,10
3952502,2
3952676,0
3952793,3
3953585,14
3953602,73
3954544,10
3959177,0
3959369,1
3962389,10
3963168,15
3965787,3
3967123,11
3967467,1
3967613,0
3967945,85
3968371,59
3968434,40
3968501,4
3968742,0
3969366,3
3969705,17
3970224,6
3970345,13
3970626,57
3971498,0
3971534,4
3971775,0
3971852,3
3971900,8
3971948,0
3972408,1
3972453,80
3972524,26
3974464,1
3976928,81
3976991,34
3978092,54
3978364,6
3978543,57
3978632,7
3978680,6
3979504,0
3979522,0
3979611,4
3979815,67
3980324,0
3980611,85
3984077,8
3984207,1
3984681,54
3985088,8
3985458,9
3985673,3
3986953,47
3987097,12
3987571,85
3987599,13
3987655,84
3989564,85
3992814,13
3993388,80
3993392,9
3993553,0
3994287,36
3994638,80
3998498,39
3999079,28
3999735,18
4000133,1
4000309,1
4000530,0
4000561,0
4003179,0
4003220,78
4003231,39
4003515,59
4004700,46
4004883,6
4006068,23
4007689,0
4007784,57
4008362,0
4011323,20
4012280,0
4012558,44
4013339,47
4013685,1
4013920,13
4014004,22
4015354,86
4015422,2
4015442,0
4016109,8
4016121,0
4016142,15
4016791,4
4020957,0
4021884,6
4021957,85
4023232,10
4023565,5
4023713,12
4024413,0
4024936,38
4025313,1
4025325,36
4025355,10
4025913,79
4026150,74
4031463,25
4031668,15
4033422,52
4033521,77
4033709,3
4037008,7
4037379,3
4037426,17
4037522,11
4038816,5
4039450,6
4040395,16
4040489,1
4040900,23
4041351,0
4041583,2
4043470,4
4043830,18
4044625,1
4047638,24
4047751,0
4047785,0
4047795,12
4047979,7
4047989,62
4048013,13
4048043,73
4050765,22
4052514,61
4052771,19
4052940,0
4053152,2
4053470,0
4053558,3
4053564,17
4053804,3
4053987,7
4054332,59
4056741,11
4057099,41
4057361,4
4058316,21
4058515,1
4058615,7
4058949,36
4059037,2
4059214,53
4059826,12
4060149,0
4060400,1
4060446,14
4060526,10
4060993,5
4060994,0
4061171,22
4063357,63
4065300,23
4066179,3
4066224,23
4067136,7
4067200,60
4068216,84
4068273,2
4068760,69
4069211,76
4069228,39
4069341,3
4069363,37
4069584,68
4070027,3
4070133,66
4070140,0
4070169,74
4073641,6
4073957,0
4074011,0
4074344,67
4075252,0
4075963,10
4076000,0
4081707,5
4081926,54
4082635,7
4083049,19
4083306,61
4083380,1
4083790,1
4084541,1
4084603,3
4085413,0
4085570,67
4085939,18
4086156,0
4088506,26
4088979,7
4089417,2
4090358,76
4090748,15
4092010,11
4092724,3
4092751,10
4092796,16
4093053,2
4093403,44
4093591,2
4093885,3
4095945,7
4096193,0
4097284,45
4098052,0
4098497,4
4098642,70
4098656,46
4098814,71
4099088,5
4099553,52
4099710,2
4102936,82
4103007,17
4103146,1
4103165,7
4103323,3
4103528,45
4103623,13
4103974,4
4104160,2
4104264,0
4104740,0
4104884,1
4104980,34
4105037,10
4106001,83
4106051,9
4108143,4
4108658,6
4108799,9
4108838,78
4108987,11
4109104,0
4109846,7
4110242,1
4111353,0
4111722,33
4112236,1
4112322,0
4112924,7
4113219,0
4113459,46
4115327,47
4116557,1
4117128,2
4117817,5
4118244,22
4119422,1
4119780,14
4120232,1
4120245,50
4121234,4
4121879,81
4122050,76
4122052,79
4122066,2
4122105,23
4125486,5
4125559,10
4125884,0
4126073,0
4126245,7
4126437,67
4126452,17
4126676,30
4126690,1
4126816,21
4127402,13
4127524,0
4128314,7
4128337,86
4129195,46
4129212,6
4129365,19
4129487,61
4129491,0
4129664,3
4129992,12
4130225,2
4130266,7
4130536,28
4131851,0
4132116,32
4133713,59
4134035,34
4135645,84
4135674,1
4135876,51
4136032,8
4136596,46
4136832,2
4137306,30
4137414,0
4137415,61
4137524,8
4137526,35
4137681,62
4137979,82
4141567,1
4141987,8
4142125,0
4144162,46
4144849,0
4145018,7
4145301,10
4145491,4
4145494,38
4146226,10
4149673,0
4150060,60
4151641,0
4151722,6
4151780,6
4152366,83
4152752,81
4153555,0
4154042,10
4155012,0
4155643,1
4155661,1
4156015,22
4156239,7
4156921,72
4157064,3
4157226,4
4157228,4
4157294,3
4157451,26
4157602,0
4158078,2
4161013,86
4162119,18
4162219,69
4162519,29
4162562,0
4162957,44
4162997,84
4163020,0
4163168,83
4163710,10
4163728,18
4163781,10
4163804,0
4164931,69
4165037,70
4165038,6
4165158,0
4166474,7
4166480,11
4169840,0
4170372,0
4170460,66
4171272,1
4171692,79
4172551,0
4173038,14
4173107,28
4173396,22
4173622,0
4173751,12
4173764,3
4173969,1
4174286,2
4174387,3
4174444,18
4174475,1
4174716,79
4177768,11
4178830,8
4180818,42
4181449,0
4181828,56
4181887,1
4182262,21
4182771,73
4182844,28
4183095,0
4183328,3
4183801,68
4184577,39
4187860,0
4187918,12
4188766,12
4188807,86
4188848,0
4189428,1
4189696,6
4189795,0
4190002,0
4190240,7
4190259,0
4190301,0
4190463,32
4191038,6
4191802,2
4191968,0
4194010,0
4194302,29
4195677,42
4195902,34
4196266,29
4196308,0
4197235,9
4197396,56
4197645,4
4197760,75
4198153,35
4198575,21
4198667,10
4199123,12
4199156,41
4199411,0
4199782,78
4201905,1
4202213,38
4203424,4
4203428,3
4203517,42
4203524,73
4203606,0
4203686,0
4204024,0
4204083,82
4204496,80
4205224,3
4205289,71
4205784,1
4205815,84
4205816,10
4206034,34
4206087,0
4208547,31
4208639,42
4209182,1
4209503,11
4210004,1
4210232,46
4211276,1
4211459,36
4212249,64
4212389,84
4214733,73
4214852,0
4215595,50
4216183,1
4216435,2
4216813,64
4216900,26
4217642,7
4217793,7
4218067,13
4218098,0
4218196,13
4218499,1
4218929,4
4219851,23
4221999,27
4222400,6
4223782,11
4224091,67
4224391,1
4224659,1
4224751,0
4225050,7
4225738,25
4226098,75
4226521,28
4226535,7
4226549,0
4226864,3
4227161,65
4227351,0
4227554,75
4227998,84
4228365,0
4231348,41
4232530,11
4232559,34
4233025,47
4234072,72
4234332,18
4234338,74
4235150,2
4235620,20
4235843,5
4236359,11
4236725,0
4240861,85
4240947,1
4241028,71
4241195,1
4241278,0
4241430,0
4241561,17
4243522,12
4244086,50
4244134,10
4244235,26
4244476,0
4244685,74
4245175,9
4248788,1
4249131,76
4250093,77
4250905,1
4250908,6
4251839,0
4251862,66
4251883,70
4252015,1
4252172,0
4252443,1
4252539,17
4255703,86
4256091,53
4256114,9
4257078,14
4257081,0
4257249,83
4257306,2
4257321,4
4257343,9
4257354,85
4257392,19
4257627,59
4257892,66
4258054,0
4258075,12
4258186,3
4258603,33
4258867,0
4261029,34
4261691,11
4261693,80
4261951,1
4262135,63
4262248,0
4262738,3
4262976,16
4262990,1
4263072,5
4263330,11
4263482,2
4263624,20
4263802,27
4263880,16
4263944,60
4264188,10
4265871,1
4267133,0
4270409,4
4270462,1
4270683,0
4270689,1
4271059,2
4271119,67
4273931,46
4274443,4
4274462,60
4274589,17
4274595,84
4274999,2
4276762,30
4277980,0
4278389,3
4278717,39
4278801,2
4279049,3
4279260,46
4279323,0
4279440,29
4279820,27
4280015,5
4280105,0
4281898,70
4282178,70
4283264,9
4283462,1
4284031,28
4284848,2
4285465,0
4285571,41
4285924,23
4286196,3
4286584,8
4286662,2
4287043,0
4287079,0
4287104,0
4287221,74
4287605,22
4288276,8
4288330,66
4291015,6
4292165,19
4293935,27
4294546,22
4294617,21
4294640,0
4295004,11
4295108,5
4295542,37
4296291,58
4296391,45
4296565,0
4296588,0
4296687,7
4296724,0
4296897,2
4299536,39
4301625,4
4301678,0
4302109,16
4302562,12
4302685,6
4302952,44
4302970,68
4303730,28
4303825,5
4304369,13
4304822,67
4305044,0
4305200,11
4307289,84
4308612,69
4308779,11
4308798,50
4309079,9
4309384,7
4310169,6
4311233,81
4311532,3
4311917,10
4311922,2
4312298,6
4315579,9
4316648,60
4316987,28
4317815,10
4318362,48
4322054,0
4322146,17
4324007,4
4324129,7
4324166,3
4324222,3
4324388,76
4324468,0
4325124,23
4325134,8
4325220,3
4325244,42
4325480,36
4325538,0
4325724,0
4329822,1
4330061,12
4330251,28
4331582,8
4332102,3
4332249,0
4333204,9
4333628,10
4333942,5
4334013,71
4334267,0
4334446,70
4334513,1
4334735,29
4335752,3
4338548,6
4339188,72
4339690,48
4339924,80
4340161,83
4341158,25
4341477,13
4341664,52
4341998,0
4342304,9
4342491,0
4343285,2
4343401,74
4343474,10
4343597,1
4344220,1
4345691,65
4346933,1
4347285,1
4347410,9
4347648,53
4348062,4
4348161,10
4348826,8
4349358,76
4349666,0
4350391,9
4350574,1
4351166,25
4351262,3
4351563,0
4352537,8
4354764,49
4355876,31
4356329,4
4356687,6
4357014,0
4357134,0
4357298,0
4357464,3
4357892,23
4358526,20
4358619,0
4359109,80
4359219,11
4359453,33
4359930,0
4362345,5
4362570,67
4362837,73
4362992,4
4363116,5
4363693,1
4364573,6
4364591,47
4364789,0
4365018,0
4365179,24
4365328,4
4365545,0
4365833,4
4366792,18
4367233,1
4368547,33
4369737,1
4371673,1
4371855,30
4371878,50
4371917,12
4372055,18
4372068,24
4372125,11
4372158,19
4374913,75
4375146,2
4375375,1
4376144,3
4377593,3
4377929,80
4377999,1
4378016,6
4378437,1
4379181,70
4383457,8
4383838,5
4384035,83
4384442,10
4384643,3
4385990,5
4386187,8
4386598,83
4387007,17
4387048,5
4387234,1
4387303,16
4387491,1
4387507,3
4387684,38
4388617,0
4391869,68
4392250,8
4392402,0
4393057,7
4393126,4
4393502,17
4393519,1
4393628,42
4394977,61
4395118,9
4395303,17
4395490,1
4395749,0
4395770,1
4395814,7
4396106,29
4396142,40
4396143,7
4396299,16
4399625,1
4400795,0
4401013,86
4401396,8
4401441,1
4401674,71
4402064,3
4402117,38
4402422,33
4403159,0
4403831,1
4404750,2
4405946,34
4408381,51
4409074,9
4409328,4
4410369,0
4411927,0
4412012,28
4412247,1
4412332,5
4412479,59
4415123,1
4415259,23
4416190,49
4416761,0
4417302,15
4417482,73
4418326,5
4418714,8
4418966,33
4421355,12
4421679,14
4421826,0
4421991,0
4422017,0
4422375,0
4422494,2
4422602,1
4422686,89
4422975,0
4423052,64
4423566,14
4423782,2
4423814,1
4424103,4
4424261,22
4424511,85
4426877,12
4428140,16
4428477,41
4428906,7
4429136,15
4429685,2
4429816,11
4430179,0
4430452,21
4430645,1
4430747,4
4430769,1
4430808,75
4430937,6
4431202,5
4431247,38
4431609,0
4434943,58
4435213,8
4435766,1
4436686,0
4436957,2
4437053,56
4437362,1
4438243,58
4438470,38
4438931,2
4438996,36
4439528,2
4439774,0
4440000,0
4440176,0
4440181,0
4440432,12
4440611,9
4440773,0
4443012,1
4444051,19
4444204,5
4445185,12
4445613,3
4445954,7
4446024,3
4446636,0
4446802,48
4447203,28
4447524,5
4447545,0
4447611,0
4447845,1
4447904,6
4447910,17
4448149,1
4448668,18
4449058,1
4449144,11
4449377,76
4449611,3
4452723,55
4453150,5
4453263,0
4453406,7
4453929,0
4453969,10
4454031,37
4454841,35
4456004,7
4456094,29
4456555,7
4456880,35
4457015,1
4460061,10
4460160,3
4461909,11
4462365,0
4462491,1
4464402,14
4464616,1
4465319,1
4465420,20
4466644,79
4466780,29
4468043,0
4468513,22
4469264,71
4469455,85
4469650,38
4469679,1
4470166,54
4470810,0
4471358,63
4471485,74
4471513,64
4472904,13
4472978,28
4473156,83
4473239,31
4473489,68
4473722,1
4474258,77
4474558,5
4474958,84
4475003,6
4475739,12
4475778,48
4475786,26
4476119,51
4476620,2
4476745,13
4476945,9
4476998,7
4477053,3
4479418,55
4479556,0
4479700,66
4480308,23
4481295,79
4482166,70
4483117,47
4483361,1
4483835,9
4483867,59
4484212,2
4484310,54
4484324,49
4484526,15
4484620,17
4484663,79
4484899,0
4485031,44
4485286,0
4489510,1
4490107,0
4490268,77
4491143,72
4491343,85
4492244,12
4492345,1
4493385,3
4493658,2
4493937,13
4494178,2
4494258,14
4494364,51
4494581,56
4494582,61
4494588,3
4494688,5
4494795,0
4494805,55
4495026,0
4497294,1
4497963,0
4498288,1
4498688,7
4498927,53
4499340,17
4499498,32
4499976,34
4500530,14
4500615,1
4500806,0
4501410,8
4501541,50
4501901,0
4502002,9
4502545,8
4502596,83
4503432,26
4503742,78
4504302,71
4504353,2
4508587,1
4509100,8
4509357,19
4509694,0
4510263,7
4510305,19
4511607,2
4511780,20
4511852,58
4512045,6
4512109,1
4512329,2
4513190,0
4514042,4
4514186,11
4516766,71
4516791,0
4517117,46
4517177,27
4517456,1
4517673,11
4517853,4
4518173,1
4518242,4
4518420,8
4519633,3
4519764,0
4520113,61
4520240,10
4520941,40
4522869,0
4524163,1
4524952,10
4525011,4
4525438,1
4526825,65
4529692,3
4530101,19
4530154,6
4530160,9
4531110,77
4531156,8
4531311,67
4531455,51
4531484,52
4531990,0
4532202,22
4532435,11
4533010,73
4533140,10
4533347,0
4536637,15
4536674,0
4536960,20
4537198,10
4537389,1
4537679,3
4538140,4
4538238,21
4538274,1
4538345,1
4538365,1
4538739,5
4538901,0
4539040,21
4539393,7
4539483,9
4540225,0
4540408,22
4540478,2
4540661,4
4540667,13
4541027,63
4541080,0
4541089,9
4545430,66
4545585,16
4545620,0
4545881,82
4546034,7
4546074,23
4546146,12
4546153,1
4546490,15
4546609,0
4546723,1
4546909,1
4547143,0
4548296,3
4548313,2
4549155,4
4549248,0
4549552,10
4549555,11
4549930,35
4550097,9
4550272,0
4550557,85
4550602,63
4550747,20
4553528,81
4553554,39
4553721,58
4554213,18
4554219,1
4554220,1
4554252,51
4554708,4
4555149,0
4555241,0
4555351,79
4555470,30
4556285,0
4556313,14
4556508,0
4556564,1
4557370,5
4557907,1
4558483,79
4558597,5
4559096,83
4559134,16
4559138,0
4559208,12
4559338,15
4559341,2
4559421,5
4559590,0
4559867,0
4563365,1
4564292,83
4564840,58
4565032,1
4565076,0
4565734,1
4565976,10
4565981,5
4566240,8
4566340,1
4566546,5
4567024,1
4567433,72
4567541,1
4567765,58
4567769,1
4568184,0
4568225,3
4568228,14
4568238,29
4568601,63
4570993,4
4571445,12
4571518,61
4572443,2
4572520,0
4572920,29
4573354,4
4573411,4
4573484,1
4573508,41
4573555,3
4573564,10
4573728,68
4573897,61
4574029,20
4574189,1
4574551,74
4575364,64
4575369,9
4575689,3
4575968,7
4576231,46
4578471,0
4579151,3
4579314,4
4579642,1
4579780,1
4579872,3
4580594,40
4580643,4
4580689,46
4581368,28
4581528,2
4581556,84
4581788,0
4581942,0
4582781,16
4584944,23
4585979,2
4587050,0
4587321,1
4587349,0
4587361,2
4587898,2
4588575,2
4588610,9
4588689,0
4588978,15
4588980,59
4589062,1
4589150,2
4589390,35
4589576,11
4592475,0
4592900,1
4594389,0
4594620,1
4594970,7
4595090,39
4595344,1
4595519,0
4595609,1
4596631,19
4597107,10
4597637,28
4597780,2
4597879,45
4598236,0
4598265,85
4599226,6
4601325,0
4601637,60
4602003,0
4602440,0
4602978,1
4603012,10
4603551,26
4603817,2
4604151,0
4604522,38
4604699,2
4604851,12
4604991,59
4605071,1
4605747,1
4606204,58
4606368,64
4606385,0
4607272,1
4607403,1
4607462,0
4607486,40
4607923,21
4608139,76
4609521,0
4610675,0
4611203,3
4611256,0
4611295,0
4612341,1
4612401,0
4613084,1
4613372,10
4613681,4
4614192,1
4614435,0
4614525,6
4614674,1
4614838,7
4614905,14
4615631,43
4615637,11
4615713,3
4615887,1
4615991,13
4616131,39
4616254,25
4616285,14
4616372,0
4616452,5
4616721,57
4616759,1
4616923,1
4619964,24
4620260,2
4620262,12
4621618,65
4621823,1
4621923,14
4622005,9
4623696,0
4623771,52
4623867,14
4624141,56
4624521,10
4624657,1
4625126,14
4627590,1
4628291,2
4628507,3
4628511,1
4628804,5
4628885,1
4629050,1
4629138,15
4629595,11
4629685,53
4629726,1
4629753,8
4629864,5
4629981,41
4630065,57
4630265,6
4630486,1
4630906,4
4631131,1
4631365,0
4632284,3
4632644,0
4632661,5
4632705,1
4632787,1
4632795,5
4633258,5
4636107,0
4636323,2
4636874,5
4637146,85
4637470,6
4637858,18
4638086,45
4638668,0
4638838,30
4638967,6
4639185,4
4639866,0
4641291,0
4641406,1
4641610,0
4641843,2
4642269,12
4642354,3
4642539,16
4642913,7
4643163,0
4643192,4
4643252,7
4643420,32
4643977,4
4644674,5
4644828,9
4645170,63
4645285,2
4645824,1
4645969,66
4649003,61
4649331,9
4649415,2
4649468,13
4649799,0
4649871,65
4650662,2
4651447,13
4652625,0
4652629,0
4652729,0
4652793,17
4653025,0
4653187,0
4653196,1
4654547,11
4654712,63
4655098,31
4656361,8
4656633,7
4656835,3
4658293,2
4658793,1
4659046,23
4659661,8
4660386,0
4661464,55
4661662,73
4662109,33
4662158,1
4662174,7
4662215,0
4662638,1
4662679,10
4662840,1
4663310,31
4663664,24
4663974,0
4664672,55
4665192,6
4666794,0
4666928,4
4667148,1
4667362,0
4667707,1
4668178,11
4668298,53
4668620,7
4669962,8
4671475,80
4671552,2
4671824,18
4672059,5
4672445,58
4672452,24
4676650,0
4676969,8
4677002,2
4677056,2
4677469,1
4677544,0
4678487,1
4678641,2
4678795,0
4679325,0
4679492,8
4679967,7
4680238,8
4680566,6
4680752,29
4683432,10
4683780,4
4685580,1
4686657,0
4687730,0
4688091,1
4688639,42
4689766,0
4690677,1
4692471,18
4693217,9
4693855,22
4694224,5
4694228,90
4694480,72
4694519,0
4694538,59
4694622,18
4694625,8
4694639,2
4694688,0
4695243,4
4695408,2
4695428,81
4698079,4
4698314,0
4698334,4
4698451,0
4698567,1
4698664,64
4699609,4
4699710,2
4700082,5
4700265,0
4700565,5
4701370,8
4701414,0
4701425,8
4701892,0
4702264,2
4704513,3
4704939,0
4705195,64
4705670,26
4706241,34
4706375,1
4706641,1
4706957,1
4707077,0
4707159,0
4707247,4
4707262,0
4707285,63
4707667,78
4708279,33
4708314,6
4708609,18
4708737,62
4708843,5
4709274,1
4709477,1
4709543,1
4710102,75
4710190,16
4710393,0
4710488,0
4710572,69
4710817,45
4710819,8
4711148,42
4714600,0
4714662,2
4714745,1
4715621,1
4715692,30
4715693,0
4715731,1
4716086,0
4716349,0
4716376,14
4716574,1
4717237,2
4717239,0
4717267,5
4717440,32
4718234,2
4718452,21
4718747,53
4718978,32
4719231,0
4719825,1
4719918,8
4719931,0
4720086,71
4720101,1
4720231,2
4720274,1
4720326,0
4720349,2
4720414,82
4720506,0
4720652,6
4720725,3
4720783,9
4720789,0
4720889,76
4721069,1
4721439,8
4724661,5
4724857,0
4724867,2
4724943,0
4725034,2
4725251,24
4725438,44
4725525,3
4725949,12
4725950,0
4726448,85
4726477,8
4726737,7
4726893,8
4726930,0
4727222,29
4728060,19
4728092,6
4728648,28
4728812,34
4728949,0
4728981,2
4729008,0
4729477,2
4729579,0
4729714,1
4729796,3
4729854,46
4729927,13
4730021,0
4730857,1
4731947,44
4733608,0
4734343,17
4734488,8
4734544,55
4734691,0
4735483,3
4735506,0
4735688,74
4735847,67
4736087,2
4736126,7
4736255,26
4736480,0
4736912,0
4737133,5
4737392,37
4737830,0
4737930,1
4738075,3
4738229,46
4738250,5
4738271,2
4738391,8
4738406,2
4738440,9
4738464,4
4738489,4
4738590,14
4738646,3
4738814,56
4739015,2
4739557,10
4739703,2
4742068,34
4742102,10
4742384,3
4742579,0
4743172,0
4743338,5
4743840,31
4744192,68
4744496,13
4745212,0
4745419,1
4746336,26
4746363,68
4746995,0
4747001,1
4747011,1
4747059,6
4749192,1
4750486,83
4750578,0
4751787,10
4751861,4
4752519,77
4752749,10
4752870,84
4753280,0
4753400,1
4753434,0
4753571,7
4753639,8
4753918,4
4754132,12
4754406,0
4754646,0
4755815,42
4756551,81
4756578,1
4757176,4
4757219,0
4757501,0
4757662,3
4757941,40
4757984,0
4757988,6
4758028,2
4758063,3
4758405,10
4758877,0
4759145,2
4759499,8
4759680,7
4759687,0
4760053,1
4760085,51
4760207,6
4760504,0
4762718,0
4763342,0
4764120,2
4764643,0
4764646,4
4764877,7
4764999,13
4766198,0
4766218,16
4766262,16
4766468,1
4766516,0
4766699,1
4766819,0
4766903,0
4767139,7
4767213,57
4767328,14
4767537,47
4767549,7
4767942,31
4768029,6
4768030,0
4768321,0
4768574,8
4768982,0
4771229,1
4771580,0
4771642,6
4772123,1
4772358,1
4773463,0
4773677,0
4773998,8
4774041,61
4774056,2
4774190,39
4774283,5
4774338,4
4774629,0
4774924,27
4775547,64
4775584,10
4775614,35
4775995,40
4776045,6
4776101,0
4776437,48
4776645,8
4776753,9
4777236,9
4777269,18
4778077,1
4778260,19
4778312,5
4778638,7
4782243,2
4782252,0
4782569,34
4783057,46
4783614,3
4783674,0
4783738,0
4783756,42
4784037,5
4784114,0
4784211,5
4784224,0
4784432,83
4784699,12
4785149,11
4785755,9
4785856,3
4786030,0
4786440,0
4786442,15
4786818,3
4787040,2
4788812,0
4791542,0
4791964,0
4792342,21
4792705,46
4792748,60
4792908,3
4792991,9
4793075,7
4793240,52
4793637,49
4793763,17
4794039,7
4794247,5
4794353,62
4794806,26
4795029,0
4795485,0
4795500,2
4795523,82
4795922,6
4796070,42
4796220,9
4796255,4
4796297,13
4798794,0
4799245,0
4799751,15
4799850,11
4799897,0
4800195,0
4800262,7
4800397,12
4800551,2
4800866,0
4800925,12
4801638,20
4801661,8
4802374,11
4802405,5
4802574,0
4802855,1
4803048,33
4803118,15
4803133,1
4803137,1
4803623,0
4803687,1
4803696,5
4803790,57
4804228,8
4804242,23
4807244,75
4807362,0
4807492,7
4807546,16
4807937,4
4808340,3
4808457,59
4808505,23
4808540,0
4809056,0
4809347,10
4810148,2
4810267,2
4810308,0
4810916,0
4812106,2
4812432,27
4812462,1
4812531,65
4812551,81
4812995,7
4813236,1
4813503,58
4813712,7
4813778,1
4814018,4
4814075,0
4814392,2
4815126,1
4815177,9
4815464,0
4815495,6
4815848,7
4815953,26
4816055,0
4816236,33
4816830,1
4816883,1
4818422,6
4819238,0
4819542,0
4820119,15
4821218,6
4821373,0
4821715,6
4821786,0
4822057,17
4822548,3
4822557,0
4822668,0
4822888,26
4822982,2
4823025,5
4823031,1
4823069,2
4823264,0
4823529,65
4823682,8
4823722,6
4823901,53
4824052,14
4824146,0
4824310,14
4824521,61
4824808,0
4825097,0
4825135,14
4828258,0
4828320,0
4829029,72
4829281,0
4829571,8
4830203,27
4830213,0
4830328,3
4830487,13
4830727,0
4830902,1
4831093,0
4831130,10
4831222,51
4831470,20
4831603,1
4831656,17
4831876,13
4832448,47
4833001,43
4833056,66
4833294,0
4833295,5
4833414,15
4836517,47
4836824,72
4837158,17
4837813,0
4837935,0
4838124,8
4838260,1
4838309,6
4838523,0
4838536,0
4838757,1
4839240,0
4839805,0
4839932,8
4840772,5
4840841,1
4840977,0
4841187,12
4841248,2
4841843,6
4842054,29
4844012,10
4845032,0
4845083,15
4845155,30
4845702,2
4846095,0
4846122,17
4846138,0
4846198,1
4846411,2
4846684,12
4847616,0
4847624,0
4847648,13
4848798,25
4848854,10
4849173,0
4849266,1
4849390,57
4849603,5
4849641,24
4849885,1
4850106,10
4851057,7
4852773,22
4853096,0
4853287,0
4853437,4
4853563,14
4853870,1
4854224,0
4854227,2
4854417,11
4854732,0
4855303,1
4855570,1
4855682,10
4855986,51
4856083,12
4856293,16
4856339,19
4856373,82
4856465,0
4856693,0
4857027,77
4857614,29
4858305,0
4860430,19
4860876,31
4861046,0
4861533,25
4862061,71
4862320,6
4862702,38
4863176,8
4864105,0
4864856,0
4866285,8
4866426,71
4866620,42
4866875,1
4867016,5
4867042,28
4867504,0
4867749,0
4867790,10
4867907,0
4868023,0
4868150,9
4868220,1
4868434,11
4868498,4
4868692,3
4869370,3
4869988,48
4870239,10
4870944,0
4871477,0
4871590,7
4871659,0
4871966,18
4872295,21
4872499,0
4873223,3
4873699,0
4873774,7
4874176,36
4874206,0
4874334,2
4874363,69
4874401,0
4874990,0
4876404,0
4878481,20
4878501,62
4878737,8
4879114,0
4879165,21
4879332,1
4879530,0
4879728,5
4880277,64
4880365,0
4880542,5
4880811,69
4881131,8
4881551,3
4881989,54
4884465,9
4884601,0
4884661,23
4885240,0
4885673,18
4885832,10
4885966,0
4886334,0
4887246,15
4887255,27
4887417,29
4887473,13
4887727,1
4887774,0
4887835,79
4888040,2
4888112,32
4889948,13
4891378,1
4893309,0
4894009,4
4895881,1
4896619,0
4899352,0
4900630,1
4901363,0
4902912,77
4902967,69
4903029,12
4904582,10
4907206,0
4908032,0
4908223,55
4908335,0
4908418,28
4908634,36
4908717,0
4908922,1
4909388,15
4909427,7
4909949,1
4912146,6
4912206,0
4913277,7
4914221,14
4914545,28
4914789,6
4915217,0
4915953,21
4915963,79
4916223,48
4916287,30
4916323,8
4917151,9
4917519,79
4918092,17
4918117,10
4918466,5
4920912,0
4921514,4
4922217,26
4922476,73
4922578,24
4924286,29
4924590,0
4924816,0
4925277,0
4925278,0
4925368,11
4925545,1
4926024,32
4929108,21
4929275,1
4929917,10
4930306,0
4930613,3
4930683,15
4930993,1
4931132,0
4931276,58
4931807,0
4931962,3
4932075,5
4932157,48
4932714,9
4933043,2
4933387,9
4935058,27
4935544,83
4935653,27
4935717,0
4936091,1
4936239,0
4937401,0
4940073,23
4942985,0
4943027,24
4943086,2
4943244,0
4946510,8
4946907,16
4947210,58
4947323,0
4947515,26
4948325,5
4948345,0
4948376,0
4949866,0
4951029,87
4951293,26
4951402,79
4955638,19
4956258,0
4956451,1
4957037,3
4957395,9
4958134,50
4958223,76
4958625,2
4958697,15
4959569,1
4961949,14
4962537,2
4963349,27
4963511,1
4963900,0
4965152,7
4965865,35
4966041,58
4966559,2
4966924,11
4967004,8
4967272,39
4967289,74
4967738,4
4967976,3
4968633,7
4970846,24
4971196,0
4971951,15
4972979,62
4974298,52
4974583,0
4974744,4
4974843,83
4976184,0
4976218,62
4976450,3
4976558,5
4976848,10
4977140,0
4977384,26
4977449,0
4977716,47
4977744,0
4977906,9
4978021,2
4978214,11
4978363,0
4978630,1
4978798,0
4978905,66
4979790,6
4981192,31
4981857,17
4982969,0
4983691,0
4983830,5
4984907,12
4984951,24
4984976,14
4985504,0
4985662,85
4985759,6
4986926,0
4987197,2
4987238,24
4987950,20
4988633,69
4989054,23
4993488,46
4993692,0
4994058,4
4994318,27
4995721,0
4995993,83
4996027,1
4996333,2
4996481,0
4996712,10
4996877,2
4997688,37
4998103,18
4998386,3
5000964,72
5005539,1
5005766,47
5006113,8
5006545,28
5006927,0
5009206,15
5009768,62
5010729,81
5010895,17
5010923,5
5011234,13
5011499,5
5011693,7
5011893,1
5012940,1
5013258,16
5013302,19
5013403,2
5013556,29
5013797,3
5014388,3
5015281,1
5018013,42
5018864,49
5019183,0
5019531,3
5021376,71
5021777,33
5021811,45
5021925,5
5021955,0
5025333,2
5025771,1
5026525,3
5026612,0
5027162,4
5027640,3
5027790,3
5027894,50
5028478,53
5029204,69
5029559,0
5029703,49
5029887,2
5029952,84
5030339,56
5030783,0
5030922,0
5031539,0
5031569,30
5032074,6
5032779,1
5035609,36
5036008,1
5036261,39
5036776,3
5040443,17
5040653,10
5041165,0
5041296,0
5041729,1
5041891,30
5045734,8
5046189,15
5046894,6
5046906,1
5047608,0
5048481,1
5048487,20
5049113,1
5049575,8
5049853,0
5050156,5
5050586,42
5050587,4
5050664,63
5050936,0
5051065,44
5051236,12
5051551,67
5051691,0
5052112,6
5054858,0
5056895,0
5057533,8
5058058,2
5058359,6
5059370,0
5059402,0
5059819,16
5060481,0
5060771,0
5061165,83
5061178,61
5061309,51
5061575,1
5064648,33
5064921,3
5065627,2
5066883,2
5066963,0
5067529,4
5068125,12
5068640,1
5068702,48
5069131,8
5069145,0
5070378,0
5070914,77
5073851,15
5074322,0
5075441,0
5075530,0
5075659,84
5075670,3
5075810,1
5078232,14
5078724,75
5078828,6
5079124,41
5082892,0
5083417,14
5085935,63
5086034,1
5090974,0
5091056,11
5093174,0
5093690,4
5093803,4
5094957,71
5095468,85
5099475,7
5099709,0
5101758,18
5101761,79
5102052,0
5102132,1
5102389,68
5102954,7
5104489,2
5104668,0
5104964,3
5105164,1
5105632,0
5105768,47
5106041,44
5106214,8
5106252,66
5106749,16
5112097,16
5112311,80
5112534,3
5113756,0
5114347,26
5114716,1
5115736,1
5115952,3
5116234,7
5116726,15
5116982,1
5117177,49
5117339,15
5121847,1
5122059,0
5122518,1
5124475,85
5124825,0
5125207,62
5125217,2
5125575,13
5126391,62
5127625,0
5131879,0
5132555,2
5132986,1
5133155,1
5134401,8
5135131,0
5141783,51
5142888,73
5143406,8
5143762,10
5144478,2
5144782,0
5144917,7
5144979,27
5145439,0
5145759,3
5146173,17
5148859,3
5149368,0
5149930,32
5150489,3
5150756,25
5152064,55
5152230,21
5152375,10
5152875,1
5152924,13
5153294,0
5153500,33
5153725,0
5156902,67
5159722,6
5159853,38
5159990,6
5160363,3
5160871,21
5162470,35
5163198,32
5163428,1
5166769,0
5173154,0
5175054,80
5178868,9
5179493,0
5179986,29
5180656,0
5181488,0
5182519,1
5182846,1
5183778,7
5183931,22
5184145,19
5184230,30
5184441,2
5184571,13
5184738,18
5184986,1
5185539,39
5189640,0
5190411,0
5192219,81
5192459,0
5192765,20
5193020,4
5193421,40
5193748,1
5194346,19
5194812,69
5195831,0
5195885,0
5200018,6
5200203,14
5200433,1
5201371,5
5204141,0
5204719,45
5205123,21
5205454,10
5208009,10
5208784,2
5210757,7
5211090,0
5211479,56
5211902,72
5212051,5
5212133,0
5213086,4
5213963,1
5214511,0
5216799,33
5217359,6
5217507,2
5218189,4
5218535,2
5218768,15
5218839,2
5221073,65
5221389,45
5223919,81
5224210,14
5225088,16
5225343,39
5226844,0
5228061,10
5228220,0
5230031,6
5230712,50
5230764,7
5231014,0
5235742,2
5235795,82
5238378,23
5239459,60
5239658,9
5240837,1
5241294,0
5241757,20
5241854,9
5241870,2
5242017,65
5242070,0
5242131,5
5242535,2
5243259,3
5248636,5
5249202,6
5251340,45
5251624,0
5251686,0
5252225,0
5252559,79
5252792,0
5253423,19
5256714,3
5257237,0
5259062,0
5259131,11
5259767,0
5260322,0
5260386,5
5261014,1
5261209,19
5261865,8
5261913,79
5262509,5
5265475,79
5265614,19
5266524,80
5267506,1
5267509,68
5267542,38
5267544,16
5267773,14
5268030,45
5268045,6
5268818,6
5268960,43
5269143,3
5269784,33
5269840,61
5270589,0
5271192,0
5271500,10
5272504,74
5274268,22
5276050,3
5276396,34
5277242,4
5277547,1
5278765,0
5278810,11
5279720,15
5279758,2
5279812,11
5279925,4
5280429,45
5280615,5
5284048,4
5285240,20
5285358,74
5285553,21
5285674,0
5285867,0
5286096,5
5286711,10
5286986,1
5287414,14
5287485,3
5287559,3
5287643,0
5287819,76
5291784,1
5292764,13
5294260,3
5296254,15
5297389,4
5297660,0
5298139,9
5298299,0
5298356,8
5298458,0
5298896,8
5298970,2
5301003,59
5302719,0
5303927,0
5305288,0
5305524,0
5308047,4
5308117,26
5308466,1
5308506,1
5308539,4
5309621,2
5309634,9
5309959,19
5310464,54
5310859,39
5314883,0
5315798,0
5315955,46
5316266,0
5316660,0
5316741,11
5318322,29
5318845,0
5319319,26
5319408,6
5319637,1
5319785,2
5320267,7
5320325,77
5320983,84
5321256,1
5326138,3
5326835,56
5326989,0
5327035,0
5328185,1
5329077,16
5329548,3
5333452,0
5333804,46
5336245,0
5337757,9
5338293,20
5338885,38
5339915,77
5340020,78
5340262,81
5341379,0
5343122,2
5343821,13
5344281,1
5344850,10
5345498,14
5345731,0
5346665,0
5347051,4
5347479,78
5347776,46
5351702,59
5352301,15
5352802,1
5353431,1
5353509,18
5353612,25
5354632,14
5354796,75
5354979,1
5359974,1
5362279,26
5362461,3
5363078,2
5363210,1
5364134,41
5364175,0
5364228,0
5364956,38
5365319,2
5366126,0
5370580,36
5370956,39
5371052,0
5371463,40
5372082,1
5372712,0
5372777,16
5373645,77
5373674,5
5374226,15
5374901,80
5378919,14
5380048,0
5381203,2
5381209,7
5381230,11
5382755,2
5383235,0
5383336,5
5383841,11
5384337,63
5384971,22
5385793,74
5386100,23
5386242,16
5386846,7
5386890,33
5386990,50
5387217,0
5389907,5
5390483,0
5390738,37
5391140,0
5392517,0
5392891,63
5393359,5
5393564,1
5395295,76
5395679,80
5396516,2
5396671,1
5397133,14
5397292,0
5400549,0
5402583,47
5403109,3
5404627,4
5406041,43
5406067,61
5406143,5
5406187,55
5406389,0
5406556,4
5406581,67
5409372,0
5409427,75
5409725,6
5410067,64
5410258,0
5410899,2
5412350,8
5412567,0
5414178,0
5414344,4
5414458,8
5414503,7
5414508,5
5414911,61
5415365,11
5418807,61
5419405,1
5420966,1
5422535,71
5422832,0
5423117,14
5423159,12
5424042,66
5424346,7
5424359,0
5428573,5
5429769,0
5430658,4
5431845,21
5432178,3
5432659,17
5432930,0
5432938,1
5433238,5
5433746,76
5433766,2
5433967,85
5434197,59
5434655,1
5434678,1
5434688,2
5434754,15
5442313,6
5442386,2
5442426,3
5442977,2
5445314,43
5446675,8
5448644,0
5454346,1
5455353,27
5457400,5
5457860,77
5459693,0
5459747,18
5465079,79
5467075,37
5469274,5
5470125,5
5470186,0
5470215,18
5470350,6
5470363,0
5470531,14
5472109,0
5476046,26
5476474,7
5477034,0
5477378,24
5478741,22
5479460,34
5479614,8
5480100,34
5481032,14
5481351,0
5481475,0
5481762,81
5481978,0
5482031,0
5482154,76
5488307,53
5488788,10
5491063,0
5491317,0
5492717,73
5492776,0
5496999,57
5497654,9
5498089,55
5498131,2
5500426,5
5500740,32
5502264,0
5505535,8
5505592,1
5506083,15
5506438,1
5507784,4
5509001,0
5509665,18
5509771,69
5510725,8
5511067,4
5511588,43
5512068,0
5512118,0
5512274,2
5518116,0
5520695,48
5520934,6
5521689,0
5522518,2
5522519,0
5522642,29
5523876,9
5524115,2
5524262,1
5524465,3
5524488,54
5524942,67
5525186,1
5525510,19
5525612,1
5530878,9
5531170,11
5531407,1
5531649,30
5532582,20
5534747,71
5534795,89
5535142,9
5536390,0
5536508,57
5536560,5
5536998,36
5537069,24
5538353,4
5538410,3
5538720,36
5543210,6
5543996,0
5545470,79
5545629,1
5545876,4
5546217,57
5546748,1
5547367,36
5547802,61
5548710,2
5548943,0
5549688,8
5550236,4
5550377,0
5550492,14
5555405,9
5555926,1
5555971,0
5557091,0
5557097,73
5557133,68
5557135,6
5557381,77
5557684,10
5557903,0
5558079,2
5558179,1
5558242,11
5558596,30
5558747,0
5558981,6
5559015,14
5559332,72
5559349,0
5559559,15
5559758,60
5560024,64
5560028,1
5560165,2
5560227,0
5560235,11
5560675,0
5561046,5
5561355,3
5561693,0
5562394,0
5562412,1
5562420,62
5562477,63
5562710,81
5562775,18
5562799,1
5564891,11
5565638,47
5565799,5
5566792,11
5567220,48
5567278,57
5567361,87
5568524,1
5568574,0
5568799,22
5569464,0
5570633,12
5570843,0
5570957,2
5571716,12
5571951,19
5572393,3
5574012,7
5576670,1
5577006,23
5577856,1
5578475,1
5579123,1
5579147,1
5580236,1
5580648,0
5581442,4
5581522,0
5586571,23
5586877,0
5587063,2
5587534,8
5589159,61
5589222,10
5590348,4
5590400,0
5591026,36
5591612,19
5592012,16
5592034,7
5592647,8
5592693,21
5593057,0
5593975,5
5598429,23
5598741,0
5598992,33
5599109,1
5600614,0
5601059,2
5601147,0
5602027,0
5602097,0
5602369,8
5602494,0
5602515,9
5605209,81
5605822,68
5607094,37
5607244,2
5611993,0
5612231,49
5612772,50
5613334,0
5613443,12
5613572,6
5614816,29
5615531,0
5615949,0
5616298,41
5617565,1
5617698,3
5618280,9
5618865,13
5619141,31
5619412,14
5619696,0
5624179,1
5624616,9
5626957,0
5627418,79
5627898,4
5628013,12
5628539,10
5629696,56
5632187,0
5632195,23
5632551,2
5633469,86
5636282,6
5639029,1
5640839,44
5641644,36
5641857,81
5642537,2
5642609,4
5643121,1
5647101,4
5647213,1
5648836,3
5648853,5
5649058,0
5649741,0
5650386,6
5650479,35
5651344,0
5651523,41
5651944,58
5652542,55
5652654,4
5655080,3
5655462,21
5656524,0
5656740,73
5659626,1
5659630,13
5660349,0
5660972,0
5661080,2
5663222,11
5663909,15
5665661,19
5665717,43
5666127,2
5666270,0
5668481,2
5669670,12
5669995,82
5671406,9
5671549,36
5671922,6
5672471,0
5672879,1
5677210,83
5678143,74
5679209,0
5679693,63
5679837,0
5680505,41
5680714,16
5681742,11
5681778,70
5681914,60
5682277,1
5682787,56
5682992,0
5683160,67
5683212,58
5683505,19
5683737,29
5684147,0
5685306,77
5685334,18
5685801,2
5686255,68
5690718,1
5691265,28
5691347,5
5691755,35
5692212,1
5692492,15
5692899,47
5693879,20
5694134,3
5695509,0
5695523,35
5696062,4
5696100,3
5696723,10
5696950,7
5697729,20
5697857,3
5702463,13
5702479,3
5702904,0
5703259,1
5704852,7
5706045,24
5706259,14
5706340,0
5707249,18
5707653,16
5707711,78
5709309,2
5712004,3
5712663,11
5713218,4
5713601,3
5714478,0
5714811,10
5715079,1
5716410,0
5716982,8
5717346,12
5718454,78
5718603,1
5719058,2
5720066,0
5720133,8
5720569,19
5725154,0
5725475,50
5725566,61
5725698,1
5725963,5
5726103,12
5726139,0
5727850,7
5728014,3
5728171,34
5728500,59
5728502,22
5729118,34
5729143,79
5729145,7
5729530,0
5729989,7
5734275,0
5734556,36
5735314,85
5735447,0
5736925,82
5737178,83
5737903,18
5738880,44
5739187,12
5739264,6
5739567,0
5740147,5
5741241,72
5743959,6
5744764,0
5745591,1
5745907,5
5746544,25
5746781,25
5747481,4
5747492,0
5747984,15
5748301,55
5748695,1
5749477,19
5749514,1
5749569,58
5749651,73
5750006,0
5750144,27
5750426,43
5750871,47
5751070,44
5755338,6
5755559,11
5757333,4
5757952,2
5758632,2
5758695,49
5758972,0
5759126,11
5760036,17
5760776,9
5761032,16
5761908,13
5762947,73
5767004,4
5769180,6
5769548,3
5770283,0
5770320,4
5771211,1
5773199,13
5773455,0
5774245,0
5774402,10
5774454,71
5774521,71
5774742,1
5775122,21
5775205,4
5779752,9
5780966,46
5781049,1
5781782,0
5782542,0
5782720,51
5783517,83
5783925,82
5784146,6
5784179,0
5785402,19
5785674,8
5786464,2
5790611,37
5791394,9
5791844,0
5792709,1
5793388,4
5793740,1
5793821,0
5795549,18
5796164,6
5796405,2
5796517,0
5796803,61
5797398,0
5797696,38
5802174,2
5803068,33
5803141,8
5803875,17
5804189,0
5804451,37
5805232,1
5805561,1
5806377,52
5806687,0
5806817,63
5809453,9
5810581,67
5810700,59
5811254,6
5812921,1
5813588,8
5813687,3
5814016,1
5814530,1
5814583,0
5815437,8
5815618,16
5816112,20
5816130,56
5816151,53
5816154,18
5818551,2
5818641,1
5820426,0
5821386,6
5821886,0
5822847,32
5823579,28
5823661,0
5824688,0
5825260,5
5825600,1
5825696,36
5825911,8
5825986,58
5826013,80
5826129,24
5826468,1
5826475,78
5826716,79
5829214,11
5830829,27
5833122,5
5833530,0
5834002,3
5834075,76
5835673,0
5835889,7
5836186,74
5836274,16
5838302,7
5838377,1
5838638,6
5839758,7
5839954,25
5840106,0
5842970,2
5844153,12
5844420,7
5844501,14
5846595,0
5846654,1
5846745,63
5848277,83
5849776,6
5850148,34
5850712,2
5851013,1
5851054,10
5851071,5
5851295,0
5851500,33
5851649,79
5856557,73
5857212,0
5857280,2
5857515,5
5858087,4
5858313,2
5858413,18
5858496,0
5858505,31
5858516,7
5858572,54
5858893,37
5859848,4
5860837,76
5861236,35
5861766,47
5861890,6
5862128,13
5862200,2
5862395,29
5863088,13
5863458,59
5863609,15
5864956,78
5866656,4
5868578,6
5869058,1
5869693,0
5870127,86
5872177,1
5872722,3
5873218,52
5873343,26
5873714,27
5874013,0
5874520,35
5874941,20
5875176,3
5875665,11
5879269,1
5879480,0
5879750,0
5880064,14
5881122,1
5882216,22
5882725,32
5883069,66
5883655,0
5884025,74
5884398,0
5885201,52
5885673,14
5888002,3
5888294,6
5888962,1
5889937,1
5889968,7
5891358,10
5891574,11
5892693,84
5892794,8
5893277,11
5893462,0
5893581,7
5893612,5
5894720,17
5895016,16
5895056,71
5895082,65
5899299,7
5901993,7
5902026,25
5903240,18
5903889,2
5904490,0
5904817,14
5905128,43
5905130,0
5905501,79
5908365,5
5910246,0
5911805,0
5911997,25
5912017,0
5912186,6
5912394,2
5912431,6
5912437,1
5913117,23
5913433,1
5913880,1
5916607,1
5916702,2
5916926,6
5916967,12
5917190,3
5917574,12
5917689,0
5917981,31
5918002,0
5918053,19
5918653,68
5919348,6
5919646,8
5919967,33
5920088,0
5920109,15
5924806,2
5926506,2
5926953,70
5927568,9
5927667,4
5928954,5
5929064,9
5929637,26
5929875,7
5929910,2
5929986,7
5932068,63
5932092,6
5933801,13
5934051,6
5934255,45
5936796,1
5940868,5
5941556,5
5941782,64
5941888,2
5942682,5
5942843,15
5942962,28
5943265,7
5943508,2
5944801,63
5945116,25
5945548,1
5945685,34
5946137,1
5946845,49
5947031,3
5947159,42
5948498,1
5954479,0
5954758,12
5955722,4
5956344,1
5956573,2
5956695,2
5958299,45
5958772,23
5959211,1
5959576,6
5964902,9
5965198,29
5965489,34
5966669,1
5967489,38
5967741,1
5967998,33
5968683,6
5969152,15
5969257,4
5970229,3
5970505,2
5970552,32
5970736,1
5975179,78
5977861,27
5978202,22
5978558,51
5978999,80
5979675,17
5980191,67
5980214,0
5980403,6
5983591,23
5986107,7
5988468,8
5989087,84
5989289,5
5989511,0
5989927,71
5990467,57
5991227,8
5991436,3
5991511,0
5991522,0
5991675,13
5992154,12
5993541,70
5998942,4
5998978,0
5999400,1
5999780,1
5999786,26
6000785,72
6000898,29
6001031,1
6001852,12
6002382,1
6002432,40
6002889,36
6003650,3
6004012,42
6004200,1
6004659,15
6004786,3
6005078,0
6005868,35
6005919,29
6006270,0
6006711,0
6006837,0
6006934,3
6007063,34
6011933,57
6012187,33
6013897,32
6014718,45
6015754,1
6016357,15
6016379,54
6016943,2
6017036,6
6017043,0
6017408,3
6017870,5
6018151,0
6018773,17
6018947,10
6019594,7
6019950,20
6020055,0
6020382,0
6023683,49
6026166,1
6026762,24
6026840,0
6027412,1
6027434,29
6028165,35
6028920,0
6029117,78
6029277,1
6029549,15
6029987,36
6030210,16
6031001,1
6031045,7
6031431,7
6031615,0
6032077,42
6032730,5
6033169,26
6034467,66
6034581,78
6035510,62
6035520,81
6035534,73
6037422,22
6037761,85
6038158,52
6038392,67
6038534,0
6038545,17
6038586,70
6039238,33
6040119,0
6040704,0
6041377,29
6041914,2
6042059,17
6042151,9
6042555,62
6043315,86
6043436,6
6044648,20
6045049,0
6045055,56
6045552,78
6047095,3
6048412,0
6048467,5
6050825,1
6051856,6
6053457,3
6054194,0
6054335,16
6054605,0
6054656,3
6054864,10
6056835,13
6059556,4
6062060,23
6062168,27
6062593,0
6063050,44
6063060,0
6063063,54
6063782,2
6064471,65
6065370,5
6065647,4
6065786,3
6067536,76
6069703,30
6070550,14
6071153,0
6071347,9
6072842,5
6073953,15
6074091,3
6074676,12
6074746,6
6074791,3
6074975,40
6075330,1
6076131,0
6077282,4
6077361,0
6078066,78
6078300,3
6078694,2
6078788,12
6078807,11
6078896,8
6078897,4
6079079,58
6079378,0
6082939,4
6082991,4
6084475,74
6085932,0
6086137,2
6086460,17
6088813,0
6088910,0
6089007,15
6090216,0
6090396,2
6090979,5
6091224,9
6091425,0
6091493,26
6091850,75
6092004,4
6092130,2
6092369,7
6092625,33
6092743,30
6092992,19
6093217,5
6093459,5
6093625,76
6094597,39
6098755,5
6098975,3
6100031,14
6100514,9
6101104,18
6102693,9
6102844,12
6103146,3
6103273,72
6103761,21
6103774,65
6104557,56
6104637,77
6105142,48
6105342,0
6105581,49
6106273,11
6106445,6
6106676,10
6107289,10
6107592,33
6107614,55
6108703,18
6114300,1
6114908,7
6115275,0
6115294,73
6117378,0
6119473,15
6120276,5
6120501,0
6120617,2
6121052,36
6121231,2
6122120,2
6128347,0
6128992,7
6129137,72
6129825,2
6130045,37
6130145,72
6130929,2
6131266,0
6131606,57
6131748,1
6132230,18
6134199,55
6134448,0
6134600,0
6134906,63
6138423,6
6138632,18
6139914,0
6140465,5
6140503,28
6141299,13
6141401,66
6141815,2
6142363,13
6142603,5
6142976,0
6143307,5
6145011,1
6145107,10
6145124,0
6145263,0
6145636,0
6145657,83
6146238,0
6146643,0
6150778,0
6151241,1
6151450,4
6152478,3
6152725,64
6153194,0
6154291,4
6155492,4
6155626,59
6155904,11
6156278,1
6156319,0
6159257,8
6161282,67
6163297,26
6163758,5
6164338,1
6164719,20
6165032,0
6165832,4
6167141,4
6167683,9
6168027,0
6168663,4
6168880,40
6169065,75
6169335,3
6169377,1
6169412,7
6169981,8
6170203,35
6170239,48
6170486,51
6170705,22
6170772,6
6170933,2
6170979,79
6171026,0
6171318,10
6171382,33
6176419,17
6178287,6
6179073,85
6179139,4
6179176,9
6180121,65
6180208,1
6180244,8
6181272,0
6181309,43
6181957,0
6182796,18
6183925,3
6184149,0
6184285,41
6185426,17
6185452,3
6185599,68
6186089,0
6186325,0
6186628,21
6187204,14
6188014,0
6188022,2
6192898,7
6192999,57
6193057,8
6194377,84
6194718,0
6195710,1
6196354,66
6196481,0
6196860,0
6197119,38
6197134,52
6197170,0
6197760,11
6198343,31
6199549,1
6199555,0
6200390,41
6200457,59
6200613,0
6200619,0
6201714,0
6201730,1
6201900,71
6206462,81
6207839,1
6208796,9
6209084,15
6209147,60
6209200,2
6209309,5
6209427,1
6209619,4
6210155,2
6211055,16
6211624,0
6212962,3
6214452,3
6214748,1
6215083,24
6215984,44
6216166,10
6216318,0
6218730,17
6220085,22
6220514,27
6220699,1
6222149,3
6222376,5
6223413,30
6224396,2
6225153,0
6225501,74
6225968,16
6225974,44
6227059,4
6227345,67
6227944,5
6228019,69
6228461,71
6232150,10
6232203,9
6232720,81
6232987,0
6233889,0
6234096,67
6234725,7
6236899,29
6237065,0
6237175,29
6237403,0
6237974,77
6238281,0
6238314,6
6238495,6
6239016,0
6239106,0
6239508,68
6239658,4
6239848,7
6241464,1
6242355,3
6244089,12
6244309,0
6245792,77
6246559,2
6246562,13
6246681,7
6246825,8
6247046,76
6248335,30
6249465,0
6249946,0
6252815,17
6255597,26
6256019,1
6256149,62
6256470,20
6258065,7
6260442,61
6261128,20
6261610,39
6261696,83
6261940,6
6262339,2
6262496,0
6262562,0
6262631,8
6262812,3
6267938,1
6269027,0
6269610,27
6269646,83
6269968,72
6269975,15
6270767,15
6271152,1
6271429,3
6271491,0
6271692,4
6271802,3
6272125,0
6272423,73
6272646,0
6272810,4
6273469,0
6274316,3
6274418,6
6274981,5
6276183,25
6276574,12
6276737,13
6277072,11
6277217,18
6277387,43
6277470,79
6278161,60
6279160,0
6282629,48
6283028,16
6283933,12
6284161,0
6284318,3
6284582,23
6284657,76
6285824,0
6285844,75
6286112,1
6286307,23
6287438,7
6287919,40
6287961,6
6288004,75
6288635,1
6289701,11
6289837,12
6290301,39
6291227,10
6291371,31
6291454,0
6291877,1
6292069,4
6292515,22
6292833,50
6292850,7
6292866,78
6296553,23
6297613,8
6298154,6
6298807,0
6299550,21
6299693,19
6300000,0
6300191,16
6300353,15
6300424,0
6300653,0
6300876,1
6301851,0
6302159,1
6302346,14
6303109,28
6303611,0
6303845,14
6303923,44
6303950,1
6304126,2
6304362,7
6304848,8
6304948,3
6305097,5
6310895,22
6311007,1
6311555,3
6311716,0
6311978,16
6312512,2
6313203,0
6313673,0
6313782,22
6313994,5
6314214,3
6314380,5
6314389,22
6314561,0
6314794,0
6314972,8
6315659,5
6316005,62
6316666,1
6317673,19
6317763,1
6318545,3
6321475,9
6322079,2
6322362,38
6323324,73
6323824,2
6324190,2
6324222,19
6326345,16
6326477,75
6326865,9
6327529,1
6327543,3
6327601,14
6329973,79
6331598,4
6333659,0
6334614,25
6334824,63
6334836,1
6335429,1
6335490,8
6335541,0
6336312,7
6336391,14
6336701,0
6337001,82
6337031,29
6337200,0
6337739,4
6338068,13
6341337,4
6342493,6
6342741,15
6343522,5
6343837,0
6344052,0
6344759,72
6344926,22
6344936,3
6345234,1
6345545,0
6345728,13
6346275,6
6346456,2
6346496,6
6347729,5
6347828,2
6347853,6
6348490,28
6348548,2
6348625,0
6348659,66
6348998,5
6349151,73
6349304,14
6354789,7
6355471,83
6355972,0
6356102,11
6356197,0
6356366,1
6356569,61
6357416,0
6358080,1
6358641,27
6359111,40
6359526,10
6359643,28
6359812,7
6360200,79
6360224,0
6360527,1
6361102,70
6361204,0
6361313,18
6362051,13
6362684,11
6363293,6
6363796,34
6364117,0
6364150,8
6364522,36
6364762,8
6367973,68
6368139,57
6368482,25
6369389,6
6369795,2
6370032,17
6370396,11
6370695,0
6370702,66
6370755,0
6371117,47
6371191,0
6371241,0
6371373,31
6371588,9
6371593,3
6371890,0
6371982,19
6372728,1
6373149,1
6373238,10
6373582,40
6373770,18
6373790,5
6374332,2
6374412,41
6374545,0
6374694,18
6375331,11
6375998,1
6376008,1
6376519,0
6376606,6
6376790,78
6377019,3
6377384,14
6377527,8
6377624,9
6377669,7
6378279,1
6378804,8
6381574,21
6382031,18
6383035,2
6383296,4
6383557,57
6384003,0
6384378,1
6384544,13
6384560,1
6384622,12
6384741,0
6385039,12
6385199,5
6385364,0
6385528,0
6386141,40
6386992,10
6387424,0
6387831,7
6388047,0
6388137,0
6388154,10
6388744,8
6389473,37
6389685,1
6389979,42
6390282,1
6390777,13
6391252,0
6391438,82
6395425,40
6395433,56
6396519,0
6397899,23
6397963,1
6398393,1
6399285,7
6399305,23
6399885,68
6400170,54
6400255,0
6400482,1
6400705,44
6400812,23
6401158,1
6402661,5
6402712,0
6402807,0
6402808,10
6403342,11
6403741,0
6403745,1
6403755,0
6404432,8
6404584,9
6405859,7
6409060,5
6409436,0
6409834,8
6410814,35
6410862,19
6412116,4
6412146,10
6412693,53
6413009,3
6413242,4
6414410,25
6414925,64
6415974,7
6416262,2
6419491,0
6420148,2
6420850,0
6421257,1
6421335,1
6421429,15
6421799,21
6421823,0
6421977,2
6422186,23
6422190,22
6422360,2
6422646,0
6422762,1
6422875,88
6423130,16
6423589,17
6423870,7
6424203,0
6424836,0
6424952,71
6425071,2
6425175,45
6425215,1
6425221,0
6425751,25
6426250,2
6427200,74
6428482,29
6428854,23
6428913,11
6428942,1
6429418,84
6429856,1
6429866,7
6429905,35
6431878,20
6433445,11
6433811,0
6434126,0
6434646,11
6434902,5
6436057,10
6436433,0
6436828,0
6436917,1
6437069,78
6437194,0
6437347,0
6437367,2
6437710,12
6438254,0
6438456,82
6438465,4
6438520,10
6438856,80
6443330,0
6443513,0
6444497,1
6445173,75
6445656,0
6447136,21
6447332,84
6448687,7
6448899,52
6449002,0
6449609,0
6449703,13
6449718,30
6450018,14
6450118,71
6450230,11
6450240,0
6450408,44
6450479,12
6450749,11
6450846,1
6450884,5
6451722,6
6451855,13
6451892,0
6452188,50
6452225,13
6452251,0
6452279,0
6452402,70
6452448,7
6452519,0
6452534,74
6452618,34
6452764,1
6452788,8
6452940,24
6456733,25
6456851,9
6457073,0
6457367,80
6458689,0
6458749,0
6460349,50
6460353,38
6460588,51
6460909,12
6461723,3
6461789,66
6462046,0
6462078,0
6462192,50
6462362,1
6462452,1
6462513,77
6463008,7
6463009,0
6463288,3
6464014,24
6464032,1
6464070,6
6464254,35
6465986,0
6466315,2
6466590,6
6466613,3
6466805,1
6466821,0
6466923,0
6467167,0
6467264,1
6467319,45
6467509,4
6467815,1
6467956,85
6472718,0
6472721,21
6473307,26
6474867,5
6475263,2
6475709,62
6476234,0
6476426,7
6476702,1
6476769,26
6477137,1
6478141,2
6478214,23
6478459,11
6478503,32
6478519,5
6478995,86
6479193,0
6479356,31
6479372,5
6479956,1
6480042,83
6480467,0
6480631,17
6480764,5
6481286,1
6481743,1
6486137,0
6486475,9
6486682,18
6487678,60
6487933,18
6488411,0
6488940,5
6490196,1
6490295,40
6490689,8
6491190,0
6491257,7
6491619,21
6491692,17
6492144,1
6492190,16
6492449,16
6492663,24
6492778,35
6492790,55
6493500,58
6493693,16
6493727,4
6493737,0
6493740,19
6493864,10
6493985,0
6494312,56
6494374,78
6494798,46
6499591,3
6499870,5
6500587,7
6500674,6
6501082,13
6501308,7
6501865,0
6501996,32
6502018,78
6503647,12
6504176,1
6504196,0
6504620,7
6504972,18
6505238,2
6505424,2
6505490,1
6506191,0
6506404,11
6506449,0
6507084,1
6508781,69
6509750,1
6510123,1
6510646,5
6511675,0
6511720,0
6511760,33
6512107,73
6512248,9
6512429,21
6512627,2
6512774,1
6514160,42
6514596,65
6514861,1
6514902,0
6514992,9
6515263,61
6515318,46
6515475,1
6515562,1
6516045,12
6519873,30
6520005,11
6520350,34
6521734,1
6522426,4
6522629,6
6522643,0
6522849,19
6524331,82
6524590,55
6526579,6
6527142,43
6527387,0
6528869,15
6529564,0
6534409,4
6536047,1
6536702,2
6536719,4
6537985,32
6538963,76
6539114,0
6539778,63
6540533,5
6541532,80
6542929,31
6543312,7
6543609,1
6543687,5
6543852,11
6544243,76
6544315,11
6544347,6
6544586,0
6544638,12
6544686,1
6544718,1
6545392,84
6545427,0
6546187,52
6546196,4
6546210,73
6549918,0
6550380,0
6550702,7
6551650,3
6552694,9
6552799,28
6553257,78
6553559,69
6553655,0
6553874,10
6553881,16
6553895,4
6554200,24
6554479,10
6554506,1
6554731,14
6554910,0
6555289,8
6555427,11
6555527,18
6555586,6
6555712,0
6555997,6
6556105,0
6556843,1
6557022,0
6557095,62
6557211,0
6557289,0
6558650,0
6559193,5
6559232,25
6559538,2
6559631,14
6559662,4
6559926,48
6560165,10
6560257,14
6560394,85
6560717,0
6561192,0
6561301,47
6561328,0
6561509,9
6567114,46
6567188,4
6567462,36
6567481,0
6567966,42
6568008,4
6568093,5
6568302,5
6568335,3
6568363,3
6568625,9
6569403,0
6569412,9
6570350,0
6571441,1
6571456,7
6571682,5
6571767,1
6571860,6
6571890,55
6571943,0
6572382,0
6572527,1
6572570,75
6573229,6
6573732,0
6574353,0
6574595,3
6575083,5
6575789,77
6575873,24
6575907,7
6576027,9
6576336,77
6576463,66
6576557,5
6576628,1
6576633,0
6576768,0
6576933,13
6577178,4
6577187,0
6582117,35
6584626,2
6585028,80
6585334,6
6585424,5
6585852,2
6586028,73
6586181,68
6586663,68
6587414,11
6587687,11
6588935,8
6588947,2
6589338,68
6589520,4
6589561,41
6589884,11
6590549,9
6590570,78
6590612,5
6591796,0
6592944,73
6594136,16
6596268,13
6596562,58
6598720,2
6599689,0
6599950,0
6599973,2
6600078,3
6600755,0
6600878,68
6600953,2
6601409,14
6602762,0
6603170,0
6603534,68
6603602,37
6603756,18
6603830,73
6606910,16
6607086,28
6608246,28
6609871,19
6610629,1
6611314,21
6611380,21
6611505,0
6611547,87
6611557,23
6611857,18
6612664,38
6612744,10
6612751,70
6612902,0
6612996,9
6613154,1
6614034,1
6614078,8
6614105,0
6614486,12
6614604,10
6619187,1
6619518,15
6619768,41
6619984,31
6620407,1
6620897,0
6620912,0
6621344,68
6622389,0
6622401,43
6622792,2
6623330,38
6623399,2
6623425,3
6624045,0
6624467,1
6625406,10
6626027,0
6626066,11
6626121,0
6626652,0
6626894,1
6626896,1
6627254,3
6627472,1
6627553,50
6627668,0
6628092,28
6628117,0
6628489,0
6628599,66
6628731,12
6629478,0
6630037,16
6635179,75
6636401,6
6636906,5
6636993,3
6637311,6
6637692,67
6637806,32
6637985,46
6638042,24
6638170,5
6638446,5
6638953,10
6639114,5
6639120,79
6639226,15
6640227,1
6640469,1
6640642,84
6640703,55
6641053,9
6641564,0
6642469,46
6642884,51
6643754,0
6644283,71
6644355,4
6644580,8
6644582,1
6644669,5
6645108,10
6645263,8
6645306,4
6645387,72
6645634,27
6645963,38
6646365,10
6647744,3
6649555,9
6650886,5
6651107,12
6651156,25
6651857,0
6651949,62
6652170,7
6653903,3
6653986,2
6654081,0
6654202,12
6654863,42
6655895,9
6656441,0
6656880,4
6657134,4
6657708,0
6658537,83
6659165,41
6659371,0
6659963,1
6660330,24
6660373,9
6660511,18
6660835,58
6661170,4
6661700,4
6662208,0
6662234,1
6662257,0
6662418,0
6662487,69
6662495,26
6668981,18
6669183,3
6669199,5
6669443,3
6669637,9
6669950,0
6670064,5
6670272,1
6671179,3
6671315,0
6671557,18
6671805,0
6672257,51
6673174,1
6673638,1
6673748,24
6673773,20
6674155,20
6674342,2
6674482,0
6674505,5
6674686,59
6675194,61
6676066,15
6676250,7
6676383,5
6676721,1
6677108,4
6677109,1
6677204,1
6677292,6
6677647,0
6678163,3
6678262,6
6678304,0
6679063,1
6684189,14
6684355,3
6684697,21
6685156,12
6685697,54
6685818,6
6685873,0
6686140,19
6686332,0
6686629,27
6687404,3
6687816,15
6687855,2
6687933,4
6687976,3
6688119,0
6688207,1
6689092,3
6691005,0
6691723,5
6692191,2
6692571,59
6692586,0
6692633,20
6692735,7
6692743,5
6692786,6
6692975,1
6693788,0
6693942,2
6697715,1
6698963,2
6699103,4
6699291,7
6699826,0
6699837,24
6699912,0
6700345,2
6700461,2
6700541,75
6701002,25
6701223,1
6701543,1
6701577,70
6701818,0
6701970,10
6702293,3
6702379,9
6702648,1
6702816,5
6702912,0
6703091,0
6703106,0
6703191,1
6704000,0
6704247,8
6704291,22
6705413,1
6705606,3
6705784,0
6705858,0
6705984,79
6706132,3
6706263,6
6706280,20
6706345,8
6706703,0
6706708,1
6710367,0
6710420,18
6711306,0
6711524,1
6711671,1
6712618,0
6713005,0
6713114,5
6713436,0
6714006,0
6714685,9
6715369,1
6715399,3
6716034,1
6716147,6
6716199,0
6716218,0
6716326,0
6716340,30
6716400,0
6716695,68
6717076,3
6718257,1
6719207,1
6721253,2
6722338,1
6723035,31
6723207,0
6723500,12
6724266,26
6725463,3
6725469,2
6725819,2
6726274,6
6726308,0
6726337,10
6726702,0
6726748,26
6729250,13
6729383,15
6729778,4
6730582,14
6730680,1
6731170,0
6731445,13
6731463,6
6731830,5
6732446,7
6733842,53
6734340,8
6737827,83
6738639,68
6739145,44
6739520,57
6739776,1
6740143,0
6740465,2
6740606,2
6740840,38
6741023,4
6741094,0
6741111,13
6741922,0
6742121,0
6742244,1
6742250,7
6742680,29
6742993,0
6743210,29
6743346,6
6743386,4
6743813,0
6746003,69
6746143,10
6747106,50
6747109,66
6747193,51
6747308,13
6747552,49
6747708,6
6747958,5
6748710,0
6748848,0
6748873,0
6748886,12
6748952,0
6748973,3
6749285,81
6749427,67
6749485,21
6749612,54
6750178,0
6750191,7
6750251,3
6750443,31
6753832,1
6753970,2
6756970,3
6757769,6
6757821,1
6757929,0
6758221,1
6758402,12
6758550,5
6758832,6
6758846,0
6758857,50
6759052,0
6759088,38
6759264,6
6759527,0
6759722,23
6760370,32
6760510,4
6760893,18
6761084,8
6761135,1
6761248,71
6761867,20
6763899,1
6764999,7
6765002,2
6765042,2
6765065,9
6765105,54
6765570,66
6765702,0
6766259,8
6766662,7
6766806,6
6766908,0
6767252,2
6767503,39
6767603,0
6767811,0
6770160,7
6771374,5
6773703,0
6774866,22
6776165,1
6776299,0
6776698,77
6776711,3
6777026,1
6777408,13
6777603,47
6778238,41
6778322,7
6778619,24
6778747,74
6778776,4
6779326,7
6779905,1
6779930,1
6780207,0
6780323,46
6780509,66
6781464,1
6781685,0
6781859,3
6782211,25
6782212,10
6782331,0
6782407,0
6782600,1
6782841,23
6783518,2
6783942,1
6784171,3
6784207,37
6784345,16
6784378,28
6784453,47
6784669,0
6784807,22
6785290,8
6788274,1
6790870,43
6791173,0
6791554,47
6791694,37
6791914,0
6792722,5
6792778,1
6793249,1
6793382,12
6793654,41
6794912,0
6794977,17
6795252,0
6795356,2
6795568,79
6795657,38
6795918,2
6796014,1
6796031,0
6796058,8
6796235,12
6796379,11
6796409,58
6796474,57
6796994,53
6797129,0
6798855,71
6798874,18
6799517,2
6799539,3
6799542,6
6799814,60
6799864,8
6799944,26
6799999,66
6800274,5
6800336,7
6800548,40
6800799,81
6804744,0
6805513,0
6805817,0
6807079,4
6807281,1
6807297,0
6807358,12
6807871,5
6808818,20
6808869,22
6810316,6
6810789,30
6811252,1
6811364,1
6811543,0
6811817,5
6812409,34
6812444,53
6812539,69
6812888,4
6812924,85
6813041,0
6813682,0
6817489,25
6817511,0
6818783,1
6818919,3
6819732,4
6819990,32
6820129,2
6820431,13
6820773,27
6821618,1
6821916,69
6821978,0
6822398,9
6822430,54
6822443,61
6822471,58
6822519,17
6822535,19
6823578,0
6824005,0
6824090,2
6828417,1
6828889,0
6829632,0
6829681,16
6829746,0
6829990,8
6832599,0
6832606,29
6833000,6
6833049,9
6833263,0
6834701,2
6834972,0
6835487,0
6835688,6
6836304,28
6836362,1
6836485,75
6836879,0
6837002,52
6837038,5
6837529,0
6837807,31
6839938,54
6842082,5
6842636,6
6842885,1
6842919,0
6843884,7
6844637,0
6845913,2
6846105,1
6846464,7
6846536,0
6846956,39
6847053,0
6847612,2
6848064,6
6848451,3
6848862,27
6849332,1
6849470,2
6849879,0
6850373,5
6850801,2
6851685,5
6851748,3
6852513,2
6852626,8
6852664,2
6853271,25
6853472,48
6853532,0
6853661,1
6853689,1
6853752,6
6853761,73
6854013,3
6854104,0
6854304,31
6854372,0
6854662,41
6854803,30
6855034,85
6860656,9
6860929,1
6862191,0
6862388,4
6862600,1
6863057,0
6863540,5
6863691,12
6863948,0
6863968,20
6864276,34
6865053,19
6865222,48
6865662,16
6866061,1
6866290,0
6866419,0
6866594,2
6867094,6
6867321,69
6867325,42
6867897,41
6869099,15
6869369,37
6869459,0
6869991,23
6870280,0
6870543,1
6870647,37
6871028,33
6871600,17
6871627,1
6875917,6
6878020,47
6878864,1
6879039,12
6879485,0
6880182,1
6880311,0
6880873,4
6881043,14
6881101,0
6881827,1
6881867,9
6882661,1
6883015,3
6883096,29
6883231,0
6883404,4
6883406,28
6883801,3
6883897,59
6884130,0
6884254,0
6884663,0
6885205,62
6885767,0
6885805,0
6885838,10
6886003,15
6886339,0
6886455,54
6886575,61
6886662,4
6886846,24
6887127,25
6887166,2
6887308,77
6887595,24
6887755,67
6892425,4
6893767,57
6893829,2
6894501,11
6894965,1
6895270,1
6895727,46
6895837,4
6896737,0
6897597,0
6897603,2
6897911,71
6898500,38
6898938,83
6899160,1
6899456,0
6899995,40
6900168,83
6900378,8
6900518,2
6901350,0
6901541,3
6901827,4
6901892,0
6902147,0
6902589,1
6902729,35
6902828,33
6904576,32
6907341,54
6907623,2
6908140,5
6908545,0
6908603,5
6908835,0
6908837,45
6909128,42
6909460,79
6910034,0
6910614,46
6910706,21
6912077,0
6912675,0
6912998,2
6913503,4
6913773,4
6913903,1
6913963,9
6913969,3
6914332,65
6914516,0
6915467,0
6919797,21
6920568,11
6921004,7
6921249,0
6921404,1
6921473,3
6921921,14
6922107,9
6922269,10
6922505,8
6923000,6
6923485,36
6924109,52
6924695,85
6924793,18
6924876,3
6924942,0
6925270,0
6926006,9
6926366,76
6926449,9
6926528,16
6926727,23
6926838,4
6927013,5
6927027,6
6930780,85
6931057,70
6932760,10
6932898,0
6932921,19
6933290,10
6933582,1
6933878,2
6934015,16
6934770,1
6935184,35
6935582,0
6936157,81
6936316,36
6936620,6
6936794,11
6936837,45
6937027,1
6937200,0
6937262,0
6937375,0
6937480,0
6937591,0
6937897,0
6938259,6
6938484,1
6938560,0
6938678,1
6938827,10
6939024,0
6939054,2
6939235,10
6939260,2
6939638,2
6939660,1
6939668,0
6939719,7
6939758,9
6939859,1
6940034,24
6940108,64
6940115,28
6940419,38
6941601,0
6941644,5
6942211,7
6944665,0
6947017,0
6947196,2
6947396,0
6947477,0
6947601,0
6947730,15
6948441,5
6948970,0
6949104,1
6949421,1
6949526,25
6949554,4
6949828,5
6950065,28
6950365,4
6950477,0
6950736,0
6951735,49
6951995,0
6952235,1
6952592,15
6952639,4
6952888,10
6953066,1
6953132,3
6953449,0
6953483,0
6954483,15
6955973,8
6956630,55
6956813,2
6957008,0
6957059,1
6957272,17
6957328,17
6957385,34
6958924,29
6959359,0
6960073,59
6964112,77
6965019,83
6965153,73
6965655,15
6965689,5
6966329,0
6966519,3
6966635,42
6966985,35
6967011,29
6967119,1
6967235,50
6967708,18
6967723,66
6967980,1
6968050,69
6968410,0
6968488,0
6968737,5
6969425,8
6969473,6
6970158,0
6970429,1
6970866,3
6970925,1
6970965,11
6971056,4
6971955,46
6972046,0
6972177,1
6972238,8
6972244,0
6972473,1
6972534,3
6972554,0
6972659,22
6973159,0
6973286,7
6973292,44
6973473,52
6973544,0
6974136,0
6974206,47
6974728,20
6975129,0
6975897,3
6977444,0
6978254,24
6980091,85
6980669,82
6982174,0
6982563,0
6984612,4
6985716,1
6985895,1
6986426,0
6986600,8
6987465,1
6987560,0
6988265,1
6988710,3
6988794,0
6989117,15
6989258,0
6989436,71
6989515,48
6990436,1
6990524,0
6991324,43
6991421,1
6991797,2
6991902,4
6991910,4
6992300,5
6992310,0
6992770,74
6992831,81
6992939,0
6992973,0
6993265,2
6993502,70
6993520,1
6993538,0
6993862,48
6994004,51
6994032,78
6994038,69
6994259,4
6995408,3
6999056,0
7000630,0
7001049,15
7001580,0
7001872,23
7002250,3
7002269,0
7002406,0
7002635,3
7002943,2
7003992,0
7004770,8
7006151,3
7006695,54
7007199,0
7007597,3
7007729,8
7007972,16
7008819,28
7009122,7
7009152,81
7009209,2
7009949,5
7010001,7
7010003,6
7010013,1
7010135,0
7010406,14
7011808,17
7011887,0
7015094,75
7015213,4
7016626,0
7018581,1
7019534,5
7021332,3
7021346,0
7021350,0
7021851,78
7021938,0
7021948,3
7022570,6
7023177,9
7023667,0
7024138,15
7024303,0
7024474,27
7024538,0
7024618,5
7024774,5
7024778,51
7025113,7
7025134,37
7025563,32
7025760,1
7026048,21
7026258,1
7032396,1
7032448,3
7032474,5
7032855,5
7032930,16
7033871,19
7034574,1
7034787,1
7034879,25
7034909,0
7034947,5
7035094,0
7035239,0
7035304,2
7035403,33
7035441,42
7035513,65
7036021,11
7036079,8
7036277,1
7036285,0
7036787,67
7037516,2
7037537,15
7037585,1
7037740,0
7037791,75
7037918,72
7037999,3
7038049,6
7038563,1
7038604,71
7038875,67
7039103,36
7043746,63
7044822,0
7044853,6
7045422,71
7047076,17
7047329,21
7047808,16
7048418,0
7048508,8
7050316,0
7050346,72
7050590,1
7050595,78
7050731,0
7050959,5
7051619,1
7051777,0
7051938,0
7052026,0
7052234,1
7052476,0
7052546,4
7052658,7
7053044,0
7053098,0
7053336,0
7053353,4
7053737,15
7054048,0
7054405,0
7062144,1
7062446,0
7062469,34
7062987,2
7063158,11
7063407,1
7065121,9
7065419,24
7065653,1
7065748,0
7065858,1
7066122,10
7066281,53
7066401,11
7066983,3
7067220,0
7067267,2
7067406,47
7067504,46
7068150,55
7068659,0
7069207,19
7069250,17
7069551,7
7069789,1
7070028,1
7070404,30
7070461,5
7070734,10
7070947,6
7071504,9
7071657,1
7071804,0
7071858,1
7071867,48
7072614,39
7072679,0
7072777,0
7072975,1
7073291,1
7073896,4
7074062,4
7074118,7
7074169,1
7074232,0
7074366,2
7074920,4
7075449,0
7081004,2
7082752,14
7082816,0
7083264,70
7084130,1
7084621,11
7085741,4
7085903,53
7086101,1
7086411,8
7087124,0
7087549,0
7087752,0
7087777,8
7088033,19
7089310,18
7089639,0
7090512,45
7090821,56
7090958,0
7091014,6
7091056,80
7091125,79
7091660,22
7092135,2
7092618,17
7092626,27
7093122,0
7093646,7
7093674,30
7093920,75
7093970,1
7094807,9
7094866,3
7095125,68
7095331,4
7095570,2
7095708,27
7095888,42
7096111,7
7099737,7
7101296,21
7101822,0
7104378,4
7105913,1
7107053,0
7108462,1
7108852,7
7108992,0
7110032,40
7110061,2
7110176,1
7110657,0
7110954,3
7111050,66
7111775,0
7111838,7
7111940,1
7112684,10
7113258,0
7113826,0
7114141,1
7114231,2
7114665,0
7114790,7
7115746,2
7116273,62
7116566,74
7116654,0
7116670,1
7116786,3
7120477,9
7122791,6
7123455,12
7124396,9
7124527,3
7124850,32
7125294,16
7125385,45
7125792,0
7126159,56
7126996,0
7127458,36
7127844,0
7127988,1
7130505,84
7130506,4
7130845,1
7131007,10
7132096,86
7132341,22
7132520,0
7132891,18
7133005,0
7134127,9
7134362,1
7134550,0
7134595,14
7135297,3
7140665,56
7141549,6
7142361,0
7142734,44
7143142,58
7143146,0
7143974,5
7144102,2
7144145,72
7144807,23
7145333,8
7147955,1
7148121,11
7148487,34
7148567,0
7148680,5
7148691,0
7148721,75
7148730,4
7148789,24
7148791,80
7149042,3
7149408,0
7149691,3
7149710,0
7149836,0
7155068,11
7156481,2
7156537,48
7158236,0
7158408,87
7158916,16
7159258,13
7159259,0
7160363,79
7160545,2
7161112,1
7161416,40
7162419,27
7162435,0
7162441,0
7163131,1
7163349,3
7163434,2
7163999,5
7168652,12
7170149,7
7172107,1
7173501,4
7173574,0
7173841,0
7174361,9
7174695,2
7178232,1
7178361,3
7178556,0
7178827,21
7178887,0
7179078,11
7179131,32
7179291,2
7179339,1
7180015,0
7180568,0
7181242,50
7181422,0
7181644,0
7182105,16
7182243,17
7182523,2
7189370,0
7191373,1
7191781,2
7192484,1
7192809,24
7193370,0
7194042,17
7194843,3
7195227,0
7195473,15
7195888,0
7196194,0
7196427,0
7197409,61
7197423,6
7197860,0
7198644,0
7198878,0
7198959,0
7199049,11
7199258,77
7199464,0
7201169,0
7201615,0
7202368,78
7202409,26
7202612,81
7203655,20
7203672,22
7203867,0
7203943,0
7203949,13
7204171,43
7204409,38
7204443,74
7204547,0
7204890,75
7205083,2
7205241,21
7205533,7
7205903,7
7205945,30
7206140,0
7206489,82
7206796,79
7207910,55
7214055,0
7215518,42
7215836,1
7216079,23
7216784,45
7217157,0
7217957,17
7218076,1
7218272,0
7218368,8
7219051,47
7220651,8
7221003,0
7221712,0
7223743,2
7224086,6
7224609,19
7224899,79
7225585,1
7225593,20
7225598,0
7225732,9
7225919,47
7226069,14
7226543,6
7226624,0
7226840,19
7227152,1
7227418,16
7227555,4
7227760,1
7227988,74
7228397,0
7228424,0
7229757,0
7233505,1
7234538,0
7235787,1
7236337,39
7236487,4
7236638,1
7237484,0
7237763,13
7237848,9
7238041,20
7238540,10
7238562,0
7239039,0
7239527,0
7240056,7
7240464,0
7240997,7
7242683,2
7243067,15
7243708,2
7244171,47
7244699,84
7244823,2
7245239,28
7245295,61
7245660,2
7245793,19
7245876,4
7246159,0
7246373,7
7246515,0
7246533,1
7246609,23
7246783,0
7246903,40
7247357,62
7248189,5
7252936,0
7253330,86
7254436,16
7254969,0
7255372,0
7255568,3
7255653,62
7256000,9
7256216,70
7256732,34
7256796,0
7257163,43
7257303,17
7257465,4
7257922,0
7258087,0
7258864,70
7259369,1
7259638,5
7259804,8
7261121,0
7262042,49
7262304,6
7262312,72
7262410,39
7262451,0
7263510,2
7263899,0
7264287,0
7264379,4
7264496,1
7264571,1
7265079,69
7265118,9
7265271,13
7265331,2
7265407,24
7265495,74
7265571,20
7265918,21
7269771,75
7272453,0
7273249,3
7273562,1
7273752,13
7274100,26
7274216,0
7274672,1
7275169,3
7275569,2
7275726,1
7275822,4
7276603,0
7276620,21
7276862,0
7277102,5
7277143,0
7277180,0
7277230,75
7277600,0
7277878,5
7278293,38
7278383,0
7278762,78
7279081,87
7279392,0
7279583,40
7279612,0
7279657,0
7280322,0
7280643,5
7280861,66
7281309,76
7281340,1
7285712,7
7286166,11
7286324,61
7287390,9
7288168,33
7288752,2
7288823,3
7289134,1
7289414,0
7289496,5
7289727,0
7290379,6
7291229,50
7291438,35
7292011,67
7292020,7
7293098,0
7293292,2
7293915,1
7294013,4
7294129,55
7294234,12
7295210,44
7301460,6
7302070,11
7303995,10
7304034,28
7304094,37
7304695,15
7305139,2
7305967,2
7306108,84
7307027,5
7307682,31
7308118,0
7309633,0
7309708,15
7310097,4
7310140,0
7310144,1
7310752,7
7310835,13
7310948,40
7311209,1
7316104,0
7317062,59
7317063,19
7318106,8
7318332,18
7319169,3
7319582,0
7321054,0
7321292,1
7321314,1
7321343,30
7321443,0
7322088,2
7322656,0
7324457,63
7324746,62
7324952,1
7325889,46
7326082,9
7326201,19
7327841,9
7328260,10
7328712,0
7328754,9
7328775,2
7328783,89
7328852,20
7328890,1
7329091,70
7329161,1
7329694,0
7329699,4
7329781,14
7330216,75
7330257,56
7330270,0
7330879,3
7331083,1
7331201,6
7331850,0
7332130,0
7332552,2
7333311,16
7334459,0
7336658,34
7339012,5
7339716,20
7339994,7
7340280,7
7340318,9
7340771,1
7341077,0
7341406,51
7341424,13
7341500,0
7341541,23
7341705,2
7341912,5
7341983,67
7343477,9
7343512,10
7344720,74
7344761,4
7345333,0
7345443,13
7345708,5
7345789,58
7345807,0
7345868,78
7346270,2
7346434,1
7347106,0
7347486,1
7348509,0
7348714,18
7348959,72
7349064,0
7349372,7
7349421,6
7349556,11
7349633,0
7349830,15
7350888,0
7351078,2
7356030,55
7356831,5
7356890,1
7358093,1
7359313,0
7360214,0
7360402,10
7363109,17
7363175,0
7363608,2
7363690,18
7364850,23
7365160,6
7365481,8
7366831,0
7366839,11
7366982,0
7367009,0
7367029,5
7367039,4
7367913,0
7368173,3
7368274,5
7368444,1
7368683,47
7368887,0
7369097,45
7369427,24
7369806,1
7376652,8
7378058,0
7379353,0
7380251,0
7380485,1
7380663,2
7381236,2
7381816,54
7381893,8
7381928,1
7382200,0
7382245,1
7382396,34
7382573,0
7382982,1
7383173,9
7383380,12
7383722,1
7384002,0
7384040,1
7384393,5
7384633,43
7385589,5
7385688,8
7386119,9
7386158,3
7387040,14
7387093,56
7387604,53
7388240,47
7388254,5
7388452,19
7388612,47
7389044,0
7389278,0
7389481,54
7389639,3
7389683,14
7391230,37
7393127,37
7394136,0
7395202,0
7396215,0
7396507,1
7396662,35
7396853,3
7397226,0
7397237,0
7397649,0
7397699,3
7398008,7
7399178,0
7399717,0
7399754,10
7400940,0
7401048,1
7401503,14
7401512,13
7401514,24
7401573,12
7402299,8
7402888,0
7403009,2
7403108,0
7403320,4
7403721,0
7403758,1
7410392,25
7412399,1
7413605,3
7413866,16
7415905,78
7417520,22
7418759,73
7418874,6
7419238,8
7419253,0
7419334,1
7420849,3
7421191,10
7421751,11
7421930,0
7423596,1
7426597,87
7427528,14
7428365,5
7428891,16
7429161,27
7430660,0
7430873,46
7430991,59
7431316,0
7431452,5
7431609,3
7432279,1
7434061,0
7434316,7
7434350,3
7434480,0
7434615,1
7435200,5
7435223,72
7435430,27
7435466,0
7435577,1
7435882,0
7435904,1
7436186,20
7438240,0
7438896,41
7438925,5
7439092,1
7439516,1
7439751,8
7440548,1
7449531,1
7450216,61
7451040,79
7451145,7
7451599,0
7451805,0
7451911,4
7452230,70
7452390,13
7452454,0
7452896,1
7452987,11
7453537,52
7453831,64
7454031,0
7454171,0
7454326,0
7454378,21
7454446,12
7454739,0
7454853,1
7455059,7
7455785,0
7456166,31
7456692,0
7456879,0
7457099,69
7457101,1
7457698,11
7458382,4
7459320,14
7459809,10
7459879,4
7459928,54
7460009,9
7460265,6
7460574,0
7460748,6
7460933,59
7461502,1
7461785,5
7462057,9
7462785,70
7464214,1
7468695,2
7469908,74
7470123,1
7470253,0
7471116,1
7471510,0
7471599,4
7471917,3
7471933,48
7472384,1
7472465,0
7472513,8
7472710,52
7472870,8
7473642,0
7473685,2
7473909,8
7474172,0
7474311,2
7474816,34
7475552,26
7475708,0
7476506,1
7476713,1
7478570,6
7478950,0
7479939,42
7480189,7
7480229,26
7480309,3
7480729,42
7480853,49
7480890,57
7481844,5
7482524,10
7482767,0
7482792,22
7482821,20
7482867,6
7483113,1
7483186,0
7483940,12
7484548,28
7490151,70
7490286,8
7491108,9
7491590,4
7491713,1
7492292,9
7492539,0
7493359,27
7494744,82
7495368,5
7495477,15
7495768,1
7496044,67
7496274,5
7497287,6
7497599,4
7497652,0
7498271,56
7499708,59
7499919,0
7500139,3
7500228,67
7500641,0
7500745,0
7500903,0
7500966,50
7501292,26
7501556,8
7501694,41
7501717,19
7501794,0
7501806,6
7502141,78
7502146,31
7502549,4
7503672,7
7508560,71
7508588,27
7509362,2
7510924,1
7510976,2
7511452,76
7511919,1
7512056,0
7512116,0
7512240,10
7512767,7
7512811,0
7513650,3
7514135,0
7514466,4
7514849,0
7514964,0
7515499,2
7515787,56
7515971,0
7515987,11
7516218,30
7516219,77
7516249,17
7516992,0
7517207,12
7517482,3
7517578,1
7518146,9
7518301,0
7518450,0
7518501,1
7518559,0
7518967,10
7519317,0
7519448,82
7519959,63
7524934,0
7525255,3
7525375,11
7525874,1
7525905,0
7526088,3
7526377,23
7526900,17
7526944,15
7527469,3
7527607,3
7529231,0
7529906,11
7529908,17
7529943,0
7530563,1
7531309,0
7531604,2
7533321,0
7533626,16
7533864,0
7534169,0
7534463,0
7534543,39
7534579,25
7534996,8
7535272,40
7535303,1
7535450,54
7535868,19
7535873,17
7540025,7
7540104,77
7540256,1
7541249,53
7541444,6
7542840,26
7543133,4
7543232,1
7543381,11
7544036,5
7544344,5
7544831,0
7545043,0
7545351,1
7545729,1
7545751,0
7546039,0
7546171,3
7546944,47
7547454,56
7547481,10
7547536,74
7548106,2
7548503,0
7548659,7
7549019,4
7550058,3
7554458,4
7554629,12
7554634,58
7554902,54
7555676,13
7556003,2
7556587,0
7556715,2
7557546,64
7557547,12
7558578,2
7558596,83
7559593,15
7559955,59
7560016,23
7560291,5
7560658,0
7561584,44
7561688,6
7562042,54
7562061,1
7562534,21
7562837,1
7563041,10
7563426,0
7563717,0
7564276,4
7564577,1
7565120,13
7565221,0
7570475,0
7572534,26
7572637,9
7573103,0
7573321,1
7573681,0
7573932,0
7574438,0
7575352,1
7575668,4
7575934,3
7576350,0
7576897,65
7576910,21
7579241,27
7579396,26
7579619,4
7579681,1
7580481,36
7581316,0
7581334,1
7581456,0
7581679,2
7581727,0
7582163,16
7582168,8
7582705,0
7582706,0
7583507,0
7583981,0
7584224,1
7584471,3
7584660,58
7587270,6
7588165,6
7590712,62
7591467,4
7591512,3
7591595,4
7592976,0
7593263,82
7593556,30
7594093,8
7594911,59
7596004,51
7596078,1
7596341,0
7596536,5
7596687,0
7596739,5
7596751,56
7596900,68
7597951,0
7598279,0
7598986,0
7599311,1
7599569,13
7599621,0
7599873,1
7600983,14
7601046,7
7601559,3
7601632,0
7601723,45
7601924,41
7601979,36
7602261,2
7602442,0
7602528,0
7602563,6
7602785,40
7602826,2
7603070,1
7603125,7
7603341,11
7603430,1
7603440,7
7603693,15
7604543,21
7606677,8
7607537,17
7608700,64
7609843,52
7609957,2
7610704,18
7613124,17
7613146,64
7613150,20
7613846,59
7615088,8
7615496,76
7615503,3
7615626,2
7615693,5
7615935,0
7616025,6
7617383,0
7617589,37
7617694,30
7617812,0
7617911,4
7618476,7
7618790,16
7618847,0
7619668,45
7619996,0
7620029,2
7620257,6
7620592,6
7620785,32
7621032,1
7621131,59
7621381,9
7621415,1
7621629,0
7621748,12
7621847,71
7622042,0
7622051,63
7622697,1
7625298,14
7628442,0
7628791,58
7629108,6
7629339,8
7629563,0
7629815,10
7629972,4
7630082,82
7630302,64
7630502,0
7631203,70
7631233,0
7632731,2
7633057,35
7633239,4
7633247,26
7633609,6
7634327,18
7634805,1
7635764,83
7636280,9
7636284,0
7636455,8
7636890,9
7636954,2
7637001,2
7637047,0
7637112,0
7637197,1
7637472,0
7637896,18
7638216,68
7638848,37
7643399,12
7643428,18
7644203,10
7644505,2
7644813,6
7644838,8
7645359,9
7646522,16
7646602,61
7646751,63
7646825,9
7647268,21
7647719,0
7648634,16
7649526,15
7649846,87
7649902,62
7650597,15
7651280,2
7651474,86
7651698,16
7651715,0
7651885,44
7652100,0
7652181,19
7652345,1
7652500,13
7652508,0
7654931,80
7655858,1
7656412,8
7656808,1
7658409,26
7659042,0
7660099,80
7660226,14
7660468,20
7661395,0
7661915,54
7662069,0
7662742,17
7662874,29
7662981,4
7663500,0
7663617,1
7663756,49
7664066,34
7664144,73
7664262,7
7664465,12
7664855,37
7664863,29
7664959,7
7664965,4
7664991,47
7665230,0
7666157,1
7667953,0
7669241,71
7670668,5
7671984,30
7672306,61
7672361,22
7672571,1
7672817,83
7673779,1
7674659,21
7674796,0
7675647,10
7675781,83
7675962,13
7676145,77
7676301,1
7676306,31
7676721,34
7677505,12
7677597,20
7678084,11
7678187,0
7678351,3
7678386,1
7678450,13
7678730,0
7678743,53
7679047,22
7679086,3
7679094,5
7679120,30
7679142,4
7679541,23
7679714,50
7679818,0
7679943,3
7680278,10
7680709,79
7680940,27
7681478,11
7682344,6
7682866,2
7686178,6
7688130,86
7689495,5
7689651,3
7690729,28
7691006,1
7691059,2
7691790,71
7691908,0
7692326,26
7692701,2
7692866,0
7693037,0
7693040,0
7693124,9
7693320,1
7694064,25
7694654,37
7694852,1
7695043,67
7695220,8
7695909,2
7696314,1
7696645,64
7696843,0
7697025,1
7697055,0
7697082,0
7697100,44
7697425,0
7697603,9
7697792,0
7697857,0
7698190,33
7698521,31
7698530,2
7698642,18
7698722,63
7698923,30
7699037,17
7699156,0
7699220,0
7699335,4
7699366,2
7699407,0
7699703,0
7699962,26
7700054,66
7700741,5
7701295,16
7704198,0
7706406,1
7706455,17
7706471,1
7706593,18
7707191,0
7707274,13
7707725,9
7707789,81
7708148,9
7708671,0
7708860,75
7708861,78
7708956,78
7709304,1
7710159,2
7710442,0
7711407,15
7711451,2
7711804,43
7712639,3
7712849,1
7713421,17
7713437,10
7713509,1
7714152,78
7715192,7
7715342,25
7715624,1
7716148,9
7716489,0
7716776,0
7716812,82
7717071,3
7717284,1
7717594,6
7718042,0
7718894,2
7718995,85
7722946,2
7723494,25
7724031,1
7724752,4
7725030,0
7725075,0
7725197,1
7725496,52
7725573,0
7725825,26
7726274,29
7726982,16
7727061,85
7727796,0
7728018,4
7728262,0
7728265,0
7728510,49
7728674,38
7728831,52
7729043,20
7729215,14
7730160,0
7730527,0
7730852,51
7731013,20
7731385,5
7731765,19
7732060,16
7733241,6
7733651,24
7733862,13
7733896,46
7734034,8
7734116,76
7734164,7
7734173,17
7734176,9
7734226,21
7734240,22
7734355,16
7734819,46
7734957,68
7734995,43
7735348,60
7736787,0
7741297,75
7742054,0
7742753,33
7743042,0
7743202,7
7743233,0
7743323,29
7743340,6
7743601,0
7743778,56
7744236,5
7744591,25
7744907,0
7745417,15
7746019,3
7746286,25
7746303,4
7746903,0
7747016,11
7747017,1
7747237,5
7748035,65
7748044,0
7748135,6
7748170,19
7748678,9
7748836,19
7749069,10
7749367,1
7750044,30
7750282,0
7750695,58
7750936,4
7754697,69
7754916,0
7754994,0
7756015,2
7756302,0
7756711,1
7756817,0
7757619,4
7757818,19
7758257,10
7758673,0
7759275,0
7759511,9
7759637,42
7759823,8
7759906,0
7760158,9
7760204,5
7760566,14
7761083,17
7761161,29
7761191,1
7762173,68
7762201,0
7762343,0
7762394,4
7762437,71
7762574,1
7762866,33
7762930,3
7763728,13
7763869,69
7763918,0
7764285,15
7764314,7
7768278,10
7768655,0
7768661,17
7768999,57
7769660,1
7770529,0
7770747,0
7771170,3
7771351,75
7771362,18
7771661,0
7772281,13
7772377,0
7772462,0
7772479,15
7772724,1
7773365,1
7773386,26
7773645,1
7773669,45
7773967,24
7774373,68
7774422,10
7774655,71
7774722,26
7775427,1
7775431,13
7775455,0
7775627,17
7775711,0
7775924,1
7776105,79
7779419,12
7780850,16
7781123,0
7781490,18
7781847,58
7782176,9
7782340,29
7784894,7
7785052,3
7785451,22
7785582,1
7785655,79
7785745,0
7786504,5
7786536,5
7786683,0
7787223,0
7787799,2
7787962,83
7787983,47
7788438,2
7788504,17
7788688,6
7789346,2
7789408,6
7789685,51
7789692,4
7789848,1
7789850,43
7790161,6
7790581,10
7790627,30
7790850,6
7797213,9
7797490,0
7797733,1
7798327,0
7798559,38
7798633,5
7798694,0
7799096,4
7799357,3
7799410,13
7799577,4
7799787,8
7799893,2
7800824,1
7801023,0
7801483,1
7803063,29
7803319,0
7803399,1
7803475,46
7803545,5
7803683,3
7803828,20
7804414,27
7804434,1
7805051,33
7805159,0
7805295,31
7806103,2
7806246,43
7806322,83
7806890,11
7807175,1
7807454,0
7807792,3
7808057,0
7808182,47
7808346,7
7808374,0
7808452,46
7808484,3
7808799,8
7809295,0
7809328,58
7809408,45
7809481,4
7809535,42
7809629,5
7809746,1
7809878,6
7810109,0
7810500,0
7811933,56
7812655,10
7814575,6
7815865,1
7816930,4
7817350,0
7818601,0
7818734,3
7819272,6
7819465,3
7819706,0
7819909,28
7820556,3
7820664,6
7820861,59
7820916,7
7820969,11
7823396,0
7823474,17
7823495,23
7824374,45
7825487,0
7825593,8
7825663,16
7825743,0
7826016,32
7826413,12
7826478,17
7826517,38
7826573,0
7826846,0
7827525,15
7827531,24
7827616,5
7827817,68
7828204,4
7828740,35
7831556,3
7832138,56
7832737,12
7834112,1
7834712,1
7834769,7
7835198,1
7835733,32
7835778,0
7836258,7
7836589,0
7837347,0
7837575,30
7837583,1
7837632,10
7837670,0
7837685,8
7837852,15
7837859,1
7837963,10
7838393,21
7839087,28
7839545,36
7839930,77
7839972,1
7840544,0
7840798,2
7841038,14
7841410,0
7841464,0
7841521,41
7841576,5
7841904,9
7842276,14
7842597,16
7842650,13
7842939,40
7843582,14
7843604,83
7843781,46
7843902,10
7844206,3
7844263,6
7844947,2
7846162,18
7849404,0
7849755,18
7850400,34
7851371,0
7851753,0
7852297,0
7852370,17
7853110,0
7853584,1
7853587,19
7854287,8
7854307,80
7854426,4
7854730,67
7854999,18
7855021,11
7855244,0
7855499,0
7856015,11
7856187,0
7856476,20
7856830,0
7857050,5
7857465,1
7857504,31
7857685,4
7857897,8
7858338,58
7858468,80
7858629,6
7858644,0
7858673,77
7858709,1
7858731,1
7858791,1
7858824,15
7859293,9
7859840,3
7859932,0
7859978,1
7862762,26
7865678,17
7866845,2
7867205,3
7867264,1
7867321,1
7867388,0
7867494,41
7867623,1
7867800,8
7868427,16
7868971,0
7869449,0
7870403,41
7870442,0
7871441,8
7871699,2
7871818,70
7872172,5
7872617,5
7872983,4
7873215,1
7873433,0
7873524,1
7873543,4
7873940,3
7874697,20
7874958,1
7875071,5
7876954,28
7877599,16
7878795,54
7879486,68
7880066,54
7880799,77
7881023,9
7881195,0
7881469,1
7881522,0
7881928,7
7881985,0
7882127,0
7882517,1
7883220,3
7883623,79
7883692,1
7883798,0
7884708,23
7885309,31
7885338,73
7885810,59
7886069,1
7886635,69
7886670,4
7886869,19
7887206,26
7892279,69
7893768,83
7894007,68
7894907,70
7894983,13
7895157,0
7895935,0
7896396,22
7896536,49
7897114,5
7897229,10
7897307,62
7897312,69
7898106,18
7898302,0
7899605,11
7899881,1
7900119,0
7900129,22
7900437,1
7900478,13
7900575,7
7900722,7
7900908,66
7901592,26
7901635,76
7901720,2
7901766,1
7901928,0
7902074,0
7902129,41
7902291,0
7902409,24
7902445,70
7902617,6
7903060,4
7903374,25
7903627,60
7903721,1
7908712,0
7910635,30
7910702,0
7911249,13
7911571,15
7912217,1
7912652,19
7913704,11
7914369,69
7914519,15
7915083,4
7915327,8
7915525,7
7915596,83
7915844,4
7915894,0
7916103,10
7916684,0
7917604,4
7917755,0
7917925,27
7918597,2
7918660,59
7919214,74
7919303,1
7919372,7
7919636,0
7919761,39
7919803,7
7920394,54
7920508,4
7920963,64
7920993,11
7921643,0
7921666,61
7927838,48
7928493,0
7928712,4
7928756,0
7928917,0
7928979,0
7929441,73
7929718,7
7930492,8
7930857,0
7931003,2
7931180,0
7932428,0
7932907,1
7933140,28
7933775,20
7933777,0
7933896,0
7933959,44
7934557,3
7934867,22
7935386,62
7935508,0
7935915,31
7935958,20
7936161,13
7936965,0
7936980,21
7937553,13
7938095,10
7938375,1
7938434,7
7938565,2
7938719,13
7938793,27
7939074,1
7939346,2
7939575,3
7939785,1
7939788,4
7945940,49
7946605,0
7946876,1
7948163,34
7948395,6
7948463,0
7948903,0
7949119,30
7949419,14
7949480,28
7949799,16
7949889,41
7950817,21
7951971,0
7952315,14
7952963,49
7953220,0
7953571,0
7953690,2
7954453,3
7954838,2
7954940,0
7955150,1
7955181,0
7955427,9
7955906,2
7955965,1
7956241,0
7956290,0
7956643,7
7956955,71
7956997,20
7957182,1
7957339,1
7958154,0
7958390,27
7962950,57
7963278,56
7963444,4
7963518,28
7964792,31
7964931,47
7965146,0
7965264,6
7965953,19
7966943,16
7967112,2
7967489,1
7967875,1
7967942,10
7968138,1
7968283,0
7968404,5
7968783,35
7968983,29
7969111,85
7969270,0
7970450,0
7970479,51
7970533,35
7970578,13
7970631,0
7970699,0
7970842,29
7971035,4
7971379,0
7971602,50
7972046,51
7972259,5
7972332,3
7972388,0
7972462,6
7973384,1
7973491,10
7973550,3
7973730,0
7973928,57
7973933,6
7974899,4
7979433,0
7980488,62
7981341,0
7982126,0
7982976,11
7983099,2
7983495,12
7983565,81
7984128,24
7984245,12
7984388,0
7984555,3
7984904,0
7986033,2
7986074,0
7986862,15
7987167,26
7987209,51
7987288,1
7987306,0
7987971,80
7988012,30
7988084,15
7988156,86
7988259,9
7988381,17
7988477,9
7988867,4
7989884,57
7994086,37
7995293,0
7996391,4
7996748,19
7996995,1
7997358,12
7997723,54
7998020,1
7998338,0
7998377,0
7998385,13
7998624,13
7998921,1
7999190,0
7999290,16
7999574,20
8000657,11
8000716,26
8000972,11
8001051,63
8001287,13
8001339,23
8001390,3
8002080,51
8003337,3
8005645,15
8006746,1
8007908,23
8008601,4
8009058,1
8009332,49
8009566,0
8009605,13
8010585,30
8011048,81
8011289,3
8011605,6
8011722,1
8012041,1
8012334,2
8012793,2
8013017,12
8013609,26
8013731,25
8013762,0
8013780,1
8013947,11
8013954,3
8014173,7
8014312,5
8014315,0
8014654,0
8014737,1
8014811,1
8015001,11
8015256,8
8015894,32
8015895,0
8015959,18
8016148,0
8016260,31
8016420,79
8016435,4
8016681,7
8016725,4
8016728,21
8016763,2
8016769,0
8016946,40
8017041,22
8017078,2
8017399,9
8017587,0
8018074,0
8021647,61
8021726,40
8021914,79
8022623,37
8024051,15
8024687,8
8024915,46
8025808,23
8026859,0
8027690,2
8028382,5
8029217,0
8029331,6
8029379,60
8029461,9
8029907,15
8030123,0
8030872,2
8030918,4
8031617,8
8031703,49
8031823,66
8032151,0
8032173,3
8032689,0
8033015,39
8033041,33
8033303,29
8033487,3
8033491,8
8033609,77
8033860,0
8034433,0
8034444,32
8034599,1
8034664,0
8035046,74
8035143,45
8035370,3
8035373,23
8035441,49
8035557,33
8035731,9
8035733,14
8036193,17
8036326,3
8036500,85
8036524,0
8037006,3
8037537,10
8040050,63
8041585,2
8042732,5
8043896,22
8044115,16
8044434,6
8044779,3
8044795,8
8044856,61
8045117,6
8045996,2
8046173,1
8047048,0
8047775,5
8047942,8
8048022,0
8048480,0
8049303,1
8049708,46
8049964,39
8049994,1
8050265,4
8050544,2
8050747,1
8051076,12
8051094,48
8052243,0
8052398,0
8052679,66
8052841,33
8052900,0
8053474,1
8053664,0
8053697,0
8054051,4
8054295,38
8054396,75
8054493,12
8054676,15
8055508,77
8055859,29
8058693,43
8062149,5
8062793,0
8062956,2
8063109,73
8063277,13
8063845,50
8065068,4
8065272,1
8065751,0
8065861,0
8066253,44
8066924,30
8066925,5
8067449,0
8067466,34
8068089,11
8068304,1
8068363,26
8068609,42
8069765,0
8069858,59
8069938,27
8070145,7
8070334,1
8071250,3
8071607,0
8071961,2
8072069,11
8072579,1
8072744,0
8072802,86
8077721,9
8079894,75
8079900,1
8080954,5
8081177,9
8082331,3
8082554,4
8082651,21
8083931,0
8084527,10
8084550,2
8084731,5
8084878,0
8085542,0
8085549,23
8085692,0
8085930,0
8086465,6
8087274,8
8087330,16
8087780,6
8088779,42
8089062,40
8089722,0
8089927,11
8090023,0
8090426,81
8090529,0
8090698,9
8091080,1
8091243,7
8091463,34
8092877,7
8097123,14
8098481,20
8098736,59
8098828,1
8099205,2
8099249,7
8099478,3
8100787,0
8101258,17
8101374,0
8101581,16
8101762,0
8101848,1
8102012,33
8102057,5
8102637,0
8103140,14
8103342,65
8104879,0
8105749,1
8105752,1
8106228,6
8106428,5
8106445,9
8106449,0
8106619,39
8106774,56
8106830,5
8106902,0
8107212,20
8109092,2
8111686,10
8112228,31
8112556,5
8113145,3
8113407,0
8115116,54
8115321,49
8116276,1
8117019,4
8117161,3
8117163,40
8117213,23
8117310,0
8117482,1
8117731,3
8118605,2
8119610,37
8121643,79
8125640,8
8126091,4
8126104,22
8126777,26
8126980,3
8127123,2
8127186,0
8127517,1
8127628,1
8128539,1
8129018,15
8129389,0
8129669,0
8130153,21
8130277,15
8130291,0
8130551,0
8131356,5
8131765,0
8131995,23
8132046,8
8132122,0
8132430,0
8132629,77
8132699,0
8132897,4
8133275,68
8133345,21
8133932,2
8135403,52
8135887,0
8141318,7
8141967,0
8143119,0
8143588,1
8143851,0
8144339,14
8144631,1
8144709,43
8144798,0
8145150,16
8145645,5
8145653,2
8145675,0
8146444,22
8146518,24
8147083,19
8147106,48
8147212,7
8147633,0
8147928,21
8148182,13
8148668,0
8149309,14
8149789,3
8149849,12
8151268,14
8151645,7
8151925,84
8152470,11
8152513,2
8152565,2
8152675,63
8152697,2
8153005,0
8153044,16
8153128,16
8153235,11
8153240,0
8153639,0
8154203,1
8159329,2
8160542,1
8162214,20
8162587,6
8162607,82
8162622,0
8163275,24
8163625,6
8165315,16
8165707,3
8166218,9
8166617,11
8166737,8
8166752,5
8167057,30
8167145,0
8167783,3
8168670,16
8169030,0
8169615,55
8169667,40
8170005,29
8170917,4
8171241,10
8171295,1
8171299,3
8171873,1
8172062,28
8172572,0
8172653,0
8172864,0
8173170,0
8173232,0
8174249,3
8174397,1
8174840,21
8181170,0
8181864,2
8182759,17
8182829,14
8183217,5
8184624,1
8184754,0
8185374,24
8185497,4
8185787,78
8186234,0
8186924,4
8186991,0
8187334,0
8187634,1
8188176,3
8188644,33
8189390,3
8190035,1
8190071,4
8190147,6
8190190,65
8190747,1
8190848,2
8191540,25
8191699,12
8192079,0
8192443,73
8192532,2
8192768,39
8192808,0
8192936,3
8193000,31
8193127,0
8193135,24
8193595,1
8193625,40
8193768,12
8194194,0
8194225,14
8194283,9
8194369,9
8194401,24
8194650,47
8194812,67
8195034,1
8195094,54
8195117,2
8195151,4
8195335,0
8195353,6
8195521,0
8195719,3
8195840,1
8200729,50
8201629,4
8202455,2
8203294,0
8204392,0
8205064,7
8205342,0
8205555,4
8205701,63
8206060,11
8206718,13
8207350,18
8207701,1
8207764,51
8208090,38
8208110,2
8208824,0
8208997,1
8209242,9
8209307,1
8209412,0
8209746,1
8210384,4
8210423,17
8210543,23
8210728,8
8210734,38
8211314,0
8211513,5
8211709,1
8211852,0
8212058,10
8212215,3
8212592,3
8212733,11
8213019,1
8213145,1
8213362,6
8213444,63
8213800,1
8214005,1
8216392,4
8217350,40
8217454,3
8218942,9
8219313,1
8219404,16
8219648,84
8220331,1
8220472,1
8221965,13
8222540,0
8222831,46
8222857,1
8223756,1
8224233,1
8225210,1
8225997,1
8226137,0
8226967,1
8227361,33
8228217,10
8233117,0
8233484,34
8234295,0
8234456,1
8235667,2
8235820,0
8236539,0
8236660,11
8236773,1
8237477,63
8237586,1
8238028,21
8238581,0
8238754,65
8238926,80
8239111,2
8239159,2
8239333,4
8239352,55
8239394,15
8239534,9
8240016,76
8240819,13
8241237,2
8241545,45
8241894,0
8241975,83
8245639,33
8246555,1
8246675,75
8250194,2
8250576,0
8250729,45
8250925,75
8251209,5
8252398,2
8253057,65
8253376,5
8254028,21
8254419,4
8254640,0
8255082,1
8255329,0
8255964,54
8256091,0
8256749,74
8256789,2
8256806,0
8256930,16
8257222,25
8257590,10
8257896,4
8257999,14
8258394,2
8265482,3
8266485,17
8266871,0
8266933,42
8266969,0
8267425,7
8268219,1
8268702,5
8268876,33
8268976,0
8269241,74
8269318,62
8269852,29
8269950,4
8271628,68
8271658,80
8271934,77
8272122,6
8272216,1
8272327,22
8272532,66
8272749,23
8273700,1
8273730,1
8274488,69
8274516,68
8274685,0
8274723,75
8274917,1
8275295,7
8275421,34
8275455,10
8275474,0
8275676,32
8275940,0
8276646,4
8278733,5
8283594,33
8284223,75
8285198,6
8285367,9
8285693,1
8285992,6
8286034,82
8286139,0
8286167,0
8286476,0
8286494,21
8287001,13
8287943,5
8288098,82
8288774,3
8290042,57
8290210,0
8290278,56
8290587,9
8290724,26
8292078,65
8292095,45
8292129,74
8292343,10
8292595,6
8292848,3
8292864,1
8292919,3
8293087,1
8293222,15
8294144,31
8294502,35
8297694,2
8299030,40
8299218,3
8301159,43
8301768,46
8301850,18
8302619,0
8302890,0
8303074,2
8304116,2
8304243,0
8304809,39
8305898,1
8306292,38
8306427,2
8307946,44
8308128,2
8308176,1
8308683,58
8308797,39
8308937,0
8309384,45
8309474,12
8309502,4
8309731,52
8309746,1
8309886,0
8311468,0
8311723,6
8311762,69
8311783,59
8311933,1
8311970,50
8311974,11
8312148,10
8313370,16
8313551,67
8316290,57
8316959,4
8317595,2
8319351,4
8319588,0
8320198,3
8320972,5
8321354,4
8321517,2
8321524,1
8322138,1
8322881,25
8323944,26
8324080,5
8324481,18
8324941,0
8325667,0
8326026,1
8326337,25
8326389,2
8326753,7
8326835,8
8327302,44
8327562,14
8327596,0
8327773,84
8327930,64
8328213,26
8328670,7
8328706,15
8328837,0
8329796,1
8331648,20
8334273,0
8334574,21
8335000,10
8335100,4
8335481,9
8335913,20
8336175,65
8336554,5
8337535,0
8337536,22
8337597,0
8337827,0
8338312,10
8339036,72
8340304,4
8340307,16
8340381,2
8340400,7
8340553,4
8341556,76
8341669,0
8341734,61
8342009,15
8342200,0
8342763,17
8342998,6
8343210,50
8348413,46
8349397,72
8349835,24
8350557,1
8350891,0
8350952,2
8351796,0
8353898,1
8354383,3
8354816,2
8354926,8
8354988,21
8355319,0
8355713,0
8355776,2
8355794,2
8356465,6
8356720,2
8356743,11
8359098,1
8362098,22
8362248,0
8362676,14
8363084,2
8364525,3
8365172,78
8366172,3
8366891,52
8367125,5
8367486,81
8367611,22
8367871,1
8368708,3
8368723,46
8368794,10
8369857,33
8369895,16
8370140,8
8370236,84
8371527,35
8371541,69
8372652,0
8372912,4
8378428,10
8379136,10
8380868,9
8381173,19
8381388,8
8381514,3
8381974,4
8382055,26
8382592,1
8382602,1
8383187,0
8383276,6
8383633,0
8385014,3
8385064,0
8386528,30
8386694,0
8386829,0
8386889,0
8387338,1
8387361,12
8388235,8
8388303,2
8388309,0
8388864,0
8389302,0
8389905,69
8390100,0
8390444,0
8390605,1
8390739,6
8390906,2
8391035,0
8391105,3
8391111,0
8391132,71
8391160,15
8391534,5
8391648,38
8392636,4
8392760,81
8393139,8
8395504,2
8397623,73
8398120,4
8398176,0
8398566,0
8398742,4
8398955,84
8400121,5
8400723,24
8401620,6
8402207,59
8402380,7
8402882,0
8403071,13
8403316,60
8403327,21
8403710,10
8404181,0
8404787,9
8405280,6
8405664,7
8405978,27
8406520,13
8406689,13
8407577,20
8407677,27
8407862,52
8408530,11
8408534,0
8408674,23
8408695,1
8408768,0
8408853,0
8409178,29
8409300,10
8409401,37
8409459,46
8409542,1
8409573,1
8409575,11
8409839,29
8410004,2
8410450,61
8411164,4
8411300,4
8411390,9
8411428,6
8412352,0
8416015,82
8416681,10
8417134,52
8417805,5
8417899,1
8418154,5
8418984,21
8419475,0
8420343,47
8420572,3
8420940,11
8420972,19
8421416,0
8421564,0
8422085,35
8423554,0
8423636,32
8423666,23
8424350,46
8424572,15
8424577,1
8424694,6
8425058,15
8425177,0
8426309,1
8426521,0
8426584,45
8426753,1
8426874,0
8427013,13
8427400,41
8427638,34
8427707,0
8427735,0
8427772,0
8427997,2
8428220,36
8428252,32
8428577,0
8428777,0
8429515,0
8434813,1
8436188,12
8436762,2
8436843,0
8437111,0
8437115,16
8437316,27
8438760,6
8438775,72
8438801,13
8439595,11
8439758,49
8440295,77
8440352,61
8440837,5
8440866,78
8441574,27
8441969,4
8442352,1
8442672,9
8442997,4
8443516,0
8443684,61
8444040,10
8444115,39
8444227,33
8444555,58
8444619,30
8444730,7
8444863,1
8444940,43
8445382,0
8445681,0
8445883,0
8446914,52
8449994,0
8450523,38
8453518,0
8454110,68
8454754,51
8455225,0
8455625,46
8456014,0
8456220,0
8456805,57
8456825,49
8456902,1
8457294,21
8458055,3
8458068,45
8458125,0
8458505,20
8458852,54
8458966,40
8459000,1
8459563,4
8459574,4
8459599,6
8459660,3
8459696,76
8461476,34
8463779,6
8466120,1
8467862,1
8468318,0
8468586,4
8468662,4
8468699,3
8468745,2
8468835,0
8469889,0
8470130,1
8470281,2
8470491,59
8470559,3
8470974,9
8471007,24
8471061,0
8471063,3
8471233,0
8471906,7
8471927,9
8472562,8
8472673,3
8472940,0
8472997,1
8473327,84
8473353,0
8473374,18
8473480,76
8473484,5
8473571,85
8473623,0
8473833,2
8474015,7
8474260,1
8474472,11
8474514,1
8474702,1
8475392,47
8481680,0
8482165,0
8483296,5
8483688,0
8483768,65
8484152,0
8485053,7
8485057,36
8485529,0
8485554,73
8485571,1
8485651,5
8485671,0
8486482,13
8486828,9
8486894,63
8486946,1
8487176,8
8487297,0
8487664,46
8487674,0
8487757,0
8487784,16
8487822,34
8488082,10
8488097,0
8488273,27
8488308,20
8488322,61
8488834,7
8489022,2
8489308,3
8494012,6
8494234,33
8496436,12
8496467,2
8496632,57
8497248,0
8497600,46
8497869,14
8498379,8
8498885,0
8498969,6
8499562,9
8499719,58
8500102,6
8500649,4
8500740,3
8500983,1
8501279,0
8501323,42
8501622,1
8501697,2
8501750,5
8502567,0
8502915,0
8503064,0
8503360,0
8503830,17
8504121,2
8504231,2
8504263,32
8504271,0
8504708,32
8504788,5
8504811,1
8504995,6
8505031,0
8505151,2
8505175,10
8505591,7
8505785,7
8506013,7
8506035,17
8506125,40
8506167,0
8506284,21
8506755,1
8506833,1
8506835,44
8506855,0
8506867,0
8507768,29
8508269,0
8511404,1
8513953,16
8514177,3
8514448,1
8514620,3
8515213,6
8515432,54
8515886,10
8517554,9
8517887,5
8518186,0
8518214,12
8518280,9
8518359,8
8518364,0
8518657,48
8518878,0
8520094,82
8520667,5
8520693,56
8520836,1
8521188,8
8521666,62
8521692,29
8521720,46
8521884,35
8522062,49
8522326,37
8522395,48
8522756,0
8522876,0
8522878,2
8522933,76
8523014,3
8523027,39
8523046,63
8523065,12
8523066,0
8524648,0
8526633,35
8529957,10
8530825,2
8530858,1
8531691,10
8531772,7
8531976,1
8532354,5
8532520,1
8532599,8
8532763,74
8532825,0
8532876,0
8532970,1
8533035,0
8534230,15
8534400,3
8534893,52
8535041,2
8535125,40
8535332,0
8535338,0
8535694,0
8536589,9
8536676,8
8536829,3
8536911,9
8536955,1
8537400,0
8537628,28
8539057,0
8539544,1
8539699,0
8540113,0
8540941,0
8541182,7
8547442,1
8547627,14
8548307,3
8548407,1
8548971,43
8549106,36
8550184,63
8550380,1
8550516,12
8550604,4
8550784,10
8550799,12
8551446,69
8552070,19
8552516,1
8552616,0
8552838,22
8553166,5
8553197,0
8553204,36
8554567,66
8555036,0
8555142,48
8555231,77
8555577,4
8555721,37
8555964,0
8556774,8
8556792,35
8556794,20
8557123,46
8558283,1
8563290,0
8563603,1
8564412,0
8564500,0
8564804,1
8564983,3
8565339,13
8565340,0
8565548,38
8566525,72
8566780,8
8567173,11
8567307,0
8567525,0
8567664,7
8567855,5
8568137,62
8568363,1
8568624,0
8568841,5
8569079,68
8569212,0
8569951,68
8572460,0
8574047,20
8574120,26
8574289,1
8576371,38
8576948,30
8577270,0
8578817,1
8579012,45
8579476,1
8580273,0
8580467,41
8580704,31
8580746,69
8580947,16
8581068,0
8581091,60
8581264,2
8581716,22
8581784,14
8582163,72
8582643,8
8582756,0
8582762,0
8582786,46
8582976,1
8583175,23
8584215,0
8588016,13
8588141,1
8588357,13
8589668,4
8589729,48
8590198,14
8590275,0
8590822,2
8590851,0
8591707,2
8592122,7
8592390,56
8592411,21
8592525,4
8592757,11
8593656,69
8595036,50
8595191,0
8595346,6
8595359,1
8595415,1
8595446,5
8595450,20
8596015,6
8596666,6
8597003,2
8597141,18
8597265,0
8597976,28
8600189,32
8601145,54
8603891,0
8604250,0
8605214,8
8607283,16
8608243,32
8608793,29
8609467,1
8609750,7
8609779,83
8610382,41
8610516,1
8610571,4
8612715,12
8612724,0
8612906,5
8613122,11
8613175,77
8613226,0
8613389,31
8613920,0
8614204,12
8614388,58
8614461,9
8614498,8
8614751,55
8614884,5
8615187,6
8615333,0
8615647,1
8615671,11
8615821,29
8615830,4
8616102,0
8616221,8
8616551,21
8616888,35
8618231,0
8619067,11
8619510,11
8620134,70
8622301,72
8622957,63
8623370,48
8623758,48
8624118,0
8624833,36
8625398,0
8625732,1
8625895,6
8627060,27
8627394,1
8627432,9
8628042,3
8628425,27
8629187,3
8630001,4
8630023,0
8630560,19
8630599,76
8631355,7
8631389,0
8631819,23
8633243,41
8634024,0
8634152,0
8634169,65
8634189,61
8634383,67
8635191,16
8635289,57
8635291,5
8635320,2
8636057,42
8636089,2
8636274,0
8636411,1
8636520,0
8642133,3
8642982,73
8643939,0
8644070,34
8644087,1
8644654,17
8645664,0
8645816,16
8647106,4
8647400,0
8648051,20
8648134,0
8648254,0
8648479,2
8648668,0
8649087,5
8649144,14
8650177,25
8651132,5
8651260,2
8651580,2
8651786,8
8652372,1
8652556,77
8652866,83
8653072,56
8653444,14
8654577,1
8661533,4
8662610,0
8662997,54
8663660,63
8665047,16
8665125,0
8665778,4
8666528,34
8666705,0
8666925,1
8668115,11
8668241,2
8668928,1
8670025,3
8670231,0
8670765,6
8670966,1
8671752,9
8672280,9
8673141,1
8674025,6
8674223,76
8676240,0
8678768,34
8680223,0
8680473,8
8680487,1
8680642,1
8680648,75
8680649,3
8680891,5
8681076,10
8681616,5
8682738,0
8683033,1
8683137,1
8683432,35
8683482,0
8683783,17
8684042,15
8684082,55
8684124,9
8684292,0
8684600,3
8685857,2
8686167,11
8686361,14
8686886,2
8687305,23
8688095,4
8690394,17
8690657,8
8690821,0
8695381,43
8696758,53
8696961,4
8697198,12
8697491,0
8697741,0
8697809,9
8697936,4
8698459,13
8698673,2
8698963,1
8699229,2
8700748,59
8700870,63
8701055,54
8701169,3
8701228,67
8702075,54
8702895,0
8702930,0
8703437,39
8703671,14
8704112,1
8704235,0
8704348,45
8704432,0
8704606,54
8704666,41
8704821,71
8705505,9
8709326,0
8712309,36
8712745,0
8714408,53
8714485,73
8714605,5
8714613,19
8715038,31
8715361,1
8715508,33
8716341,2
8716577,19
8717373,1
8717698,4
8718032,25
8718423,8
8718572,40
8718819,20
8718970,66
8719013,1
8719349,1
8719788,0
8719818,0
8719948,40
8719984,5
8720234,32
8720488,15
8720693,22
8720865,6
8720930,0
8722224,0
8722376,0
8722731,35
8722860,11
8723462,3
8727973,0
8728639,0
8729819,4
8729945,8
8729960,8
8730848,7
8731075,0
8731224,21
8731653,1
8731667,6
8731752,0
8732244,1
8734174,79
8734846,0
8735320,0
8735399,15
8735633,0
8736296,18
8736788,1
8736827,1
8736934,0
8737487,10
8738451,48
8738535,21
8738713,6
8739034,27
8739228,1
8739326,6
8739642,5
8739683,60
8739868,1
8740079,0
8740154,60
8740192,0
8740241,35
8740344,4
8740576,5
8741049,0
8741124,27
8741289,0
8741297,0
8741574,4
8741685,2
8741896,40
8742374,9
8742520,66
8742625,1
8743269,7
8743749,76
8744299,0
8745126,44
8749948,35
8750161,38
8750772,80
8751747,4
8752471,20
8753832,66
8754186,4
8754339,4
8754465,2
8754560,52
8755259,32
8755583,23
8755870,0
8756017,1
8756139,13
8756619,1
8756685,0
8757726,41
8758146,7
8758534,16
8758954,15
8760046,12
8760284,7
8760442,76
8760489,0
8760775,0
8760844,26
8761031,0
8761546,3
8761854,51
8762004,0
8762135,8
8763547,9
8764232,0
8764617,6
8768800,1
8770660,3
8772268,2
8772365,68
8772654,58
8773391,4
8774175,31
8775344,0
8775871,0
8776280,2
8776479,1
8777022,4
8777263,0
8777890,0
8778159,20
8778487,10
8779268,4
8779868,0
8780061,14
8780251,6
8780425,0
8781445,5
8781592,37
8781736,3
8781958,55
8782030,1
8782407,1
8782437,0
8782605,0
8782697,8
8782984,5
8783094,2
8783194,0
8783445,3
8784461,34
8784649,59
8785114,4
8789273,0
8789310,0
8789372,33
8790941,5
8791055,0
8791898,62
8792086,4
8793503,68
8793642,35
8793683,0
8794495,0
8794911,70
8794998,1
8795849,0
8795858,76
8796283,72
8796655,18
8796876,11
8797080,4
8797385,2
8797770,4
8798227,11
8798404,12
8798499,6
8798516,84
8798556,0
8799166,12
8799384,63
8799529,13
8800203,23
8800628,7
8800632,2
8801016,13
8801196,82
8801963,15
8802151,0
8807611,16
8807842,0
8808301,21
8808863,0
8808943,25
8809054,0
8809420,3
8809578,0
8809716,1
8810710,2
8810937,45
8811687,25
8812030,0
8812167,0
8812730,33
8813118,0
8813271,0
8813547,45
8813968,3
8814304,0
8814574,7
8814798,0
8815050,27
8815099,23
8815120,8
8815447,81
8815477,1
8816030,5
8816070,30
8816151,1
8816420,4
8816637,38
8816672,1
8823897,24
8823924,7
8824016,1
8824532,19
8824747,0
8824809,7
8825458,40
8826124,38
8826129,1
8826658,5
8826833,22
8827221,36
8827402,74
8828000,3
8828448,2
8828577,2
8828613,1
8829443,1
8829753,0
8830110,1
8830119,6
8830129,7
8830246,20
8830394,23
8830505,0
8830529,4
8830586,75
8830690,1
8830952,6
8831553,16
8831758,2
8831792,4
8831923,70
8831935,0
8835781,10
8836180,63
8837242,72
8838513,1
8838861,1
8838932,72
8839746,1
8839938,0
8840625,45
8840745,67
8840959,5
8841528,3
8842080,25
8842185,1
8842667,0
8842793,1
8842889,40
8843110,0
8844402,38
8844652,2
8844825,48
8845441,74
8845851,0
8845951,14
8845982,11
8846634,1
8846781,5
8847484,0
8847542,76
8847577,5
8847665,25
8847787,53
8847885,1
8848090,56
8848125,1
8848162,0
8848547,3
8848794,3
8849386,2
8850025,1
8853511,1
8854748,1
8855166,23
8855457,13
8856687,0
8856741,46
8857528,8
8857546,55
8858698,3
8859006,16
8859710,0
8859802,5
8860277,21
8860350,34
8860450,74
8860745,13
8861464,0
8861568,3
8861719,0
8861981,2
8862793,0
8862995,10
8863005,0
8863026,5
8863296,34
8864003,2
8864229,14
8864262,35
8864404,0
8865338,0
8866066,10
8866335,20
8866381,25
8866826,45
8867112,3
8867253,4
8867531,0
8867650,0
8867911,1
8868006,0
8868157,1
8868258,14
8868429,0
8868525,58
8868762,0
8869507,42
8869660,1
8869702,4
8869871,6
8870276,1
8870310,70
8870422,25
8870472,11
8870789,1
8873479,65
8877042,23
8878181,64
8878282,0
8878544,30
8878750,38
8878976,3
8879282,79
8879767,39
8879913,3
8879975,2
8880173,79
8880194,1
8880524,8
8881253,6
8881451,3
8881955,0
8882811,48
8883032,0
8883074,0
8883269,57
8884228,79
8885968,48
8886036,7
8886421,0
8886624,3
8886732,19
8886850,56
8886910,0
8887525,20
8887660,11
8887748,7
8887908,49
8888082,4
8888084,1
8888093,8
8888481,0
8889858,10
8892174,0
8894114,8
8894773,74
8895019,11
8896759,8
8897607,0
8897775,6
8898050,4
8898742,1
8899476,82
8899565,43
8900062,58
8900093,4
8900200,0
8900997,9
8901469,55
8901538,21
8901901,5
8902042,0
8902110,30
8902172,0
8902181,0
8902347,7
8902420,6
8902804,14
8903056,0
8903395,4
8903721,14
8903837,9
8903855,0
8903943,1
8903952,9
8904076,5
8904160,14
8904224,0
8904488,7
8904563,2
8904662,1
8905011,43
8905176,1
8905345,26
8905609,0
8905651,17
8906054,52
8906176,10
8906260,39
8906379,48
8906489,0
8906532,5
8906620,1
8906712,1
8906797,76
8907184,80
8907362,5
8907476,27
8907580,7
8907592,21
8907598,3
8907756,4
8907844,8
8907901,67
8908518,4
8908636,24
8908653,67
8913478,1
8913672,16
8914876,0
8915071,26
8915191,22
8915295,3
8915836,0
8916000,7
8916480,1
8916960,47
8917603,0
8918151,22
8918177,34
8919326,0
8920490,11
8920714,0
8920794,11
8920977,1
8920988,0
8921687,16
8922585,8
8923020,57
8923833,0
8924504,73
8924552,1
8924606,29
8924638,51
8924919,0
8924966,43
8925006,25
8925082,0
8925214,5
8925581,2
8925628,8
8925866,25
8931189,12
8931436,6
8931562,3
8931828,0
8931888,5
8933153,33
8933384,0
8933398,4
8933503,8
8933629,7
8933743,0
8935053,0
8935067,1
8935326,6
8935527,5
8935622,4
8935628,21
8936266,13
8936511,23
8937186,2
8938501,30
8938831,1
8939341,23
8939409,55
8940683,20
8940709,80
8941082,16
8941366,58
8941980,1
8942272,1
8942467,72
8942502,5
8942536,0
8942654,68
8947588,12
8947796,33
8949503,0
8949622,0
8949763,38
8950419,30
8950507,27
8950589,0
8951081,3
8951258,1
8951319,1
8951480,2
8951763,27
8952044,3
8952956,1
8953066,0
8953104,72
8953404,62
8953570,0
8954037,77
8954990,2
8955133,1
8955194,1
8955543,8
8955558,11
8955695,9
8955750,69
8955886,68
8956039,7
8956253,34
8956471,1
8956759,13
8957008,6
8957012,78
8957139,0
8957189,0
8957301,71
8963270,9
8963331,13
8963532,1
8963690,39
8963758,0
8964008,16
8964740,0
8965178,7
8965303,13
8966074,0
8966080,35
8966368,11
8966499,1
8966576,3
8966869,24
8967170,4
8967396,13
8968741,46
8968789,52
8968898,33
8969047,9
8969658,1
8969760,3
8969877,1
8970248,38
8970652,3
8971606,51
8971670,0
8972196,19
8972219,14
8972290,1
8972353,51
8972382,1
8972426,56
8972453,2
8972540,7
8972908,32
8972977,0
8972994,1
8973075,43
8973092,21
8973106,0
8973131,0
8973138,21
8973222,0
8973682,1
8974365,0
8975201,72
8975583,1
8979762,39
8979852,39
8980708,9
8981725,0
8981866,15
8982166,73
8983353,53
8983609,18
8983870,29
8984777,29
8984863,0
8985316,8
8985856,2
8986308,0
8986585,77
8986634,1
8986821,0
8987250,13
8987419,3
8987462,37
8987930,0
8988451,35
8988495,1
8988707,0
8989205,73
8989235,0
8989320,76
8989333,39
8989380,16
8989544,1
8990063,0
8990100,1
8990368,1
8990630,3
8991157,1
8991521,0
8991767,82
8992224,0
8992423,1
8992859,86
8992881,8
8992894,19
8992905,85
8993290,3
8993313,6
8993757,0
8993871,43
8993887,58
8993901,5
8994025,13
8994197,0
8994220,14
8994363,25
8994480,0
8994529,26
8994904,0
8994917,21
8994928,18
8995119,14
8995120,0
8995279,4
8996181,0
8996204,0
8999205,59
9001999,0
9002096,1
9002524,56
9002703,1
9004652,1
9004661,8
9004664,36
9004813,1
9004948,25
9005771,0
9006032,1
9006090,1
9006204,1
9006249,1
9006557,7
9006703,0
9006818,1
9006873,5
9006942,31
9007043,1
9007095,32
9007249,2
9010023,0
9010371,60
9010379,0
9010431,10
9011614,0
9012130,2
9012169,1
9012173,8
9012470,29
9012540,0
9012814,0
9012913,7
9013350,3
9013904,6
9014166,1
9014320,9
9014352,11
9016178,5
9016650,83
9018851,1
9019702,1
9019941,4
9020184,58
9021572,72
9021755,0
9021829,20
9022047,0
9022118,24
9022318,11
9022797,1
9022864,51
9023240,8
9023423,5
9024500,1
9025101,0
9025154,0
9025218,4
9025310,10
9025379,5
9025887,0
9026157,1
9026203,51
9026860,3
9027109,8
9027283,15
9028105,1
9028493,27
9028599,1
9028856,45
9028916,10
9029138,1
9029289,32
9029345,1
9029469,1
9029740,43
9030345,19
9030678,1
9030684,1
9030997,73
9031081,65
9031172,27
9031189,19
9031216,2
9031272,30
9031411,0
9031847,18
9032243,1
9033218,8
9033229,33
9034645,58
9035181,0
9039236,0
9039548,11
9039772,0
9040796,0
9041068,78
9041410,2
9042110,0
9042177,31
9042594,1
9043628,59
9044466,29
9044642,3
9045358,10
9045655,33
9045818,81
9045876,58
9046203,77
9046274,1
9046808,0
9048374,31
9048434,15
9048630,17
9048729,1
9048963,0
9049013,0
9049505,0
9049607,0
9049656,0
9049810,1
9050105,67
9050144,0
9050373,34
9050388,9
9050443,0
9050672,1
9051248,16
9051314,5
9051442,76
9054109,10
9056113,0
9056282,6
9056804,1
9056858,8
9057395,1
9057937,2
9058111,50
9058258,1
9058854,22
9059314,20
9059418,36
9059783,60
9059854,11
9059931,20
9060062,4
9060448,57
9060925,13
9061117,0
9061145,12
9061331,22
9061821,3
9061899,18
9062929,62
9063028,0
9063266,9
9063304,0
9063376,0
9063523,7
9063972,2
9064211,1
9064394,41
9064723,56
9064820,8
9065219,11
9065474,1
9065665,1
9066198,6
9066654,1
9066788,1
9071813,1
9072538,2
9072759,1
9073438,39
9073600,0
9073987,6
9074530,17
9074702,9
9074963,0
9075249,1
9075398,1
9076464,3
9077315,4
9077548,0
9077610,5
9077858,12
9078183,17
9078187,84
9078339,3
9078340,31
9078357,9
9078632,79
9078739,72
9079330,0
9079807,0
9079871,81
9080467,1
9080886,1
9081009,1
9081032,15
9083471,0
9085154,32
9085598,1
9086629,0
9087160,7
9087285,2
9087566,6
9087923,0
9088278,22
9088331,0
9088444,2
9088480,2
9089397,1
9089732,3
9090606,0
9091714,66
9092024,0
9092331,4
9092845,23
9093032,0
9093168,2
9093261,0
9093446,1
9094134,0
9094496,3
9094789,1
9095053,1
9095086,4
9095319,49
9095433,0
9095482,30
9096327,0
9096381,48
9096383,6
9096535,4
9096938,11
9097056,32
9098234,11
9098690,1
9103692,4
9104108,5
9104954,3
9105518,9
9105853,0
9106568,30
9106735,7
9106751,1
9107046,0
9107062,3
9107118,0
9107261,23
9107450,0
9107681,1
9107772,33
9107788,9
9108110,0
9108196,63
9108295,0
9108419,32
9109215,1
9109385,36
9109675,1
9110135,47
9110810,1
9110811,30
9111254,7
9111266,3
9111561,0
9112024,0
9112676,34
9112776,0
9113032,69
9113404,7
9113414,43
9113702,0
9114234,1
9114309,16
9114773,3
9115627,28
9115635,2
9116203,79
9116479,1
9116850,1
9116868,19
9116914,0
9118355,35
9118545,50
9118958,5
9119254,5
9120050,0
9121555,27
9121896,12
9124500,9
9125631,0
9125862,1
9125932,17
9127698,1
9127871,0
9128491,12
9128606,1
9128798,1
9128987,1
9129016,35
9129357,81
9129381,2
9129491,0
9129846,49
9130235,6
9130275,73
9130519,20
9130634,79
9130824,35
9131682,3
9131802,13
9132442,1
9132449,22
9132614,7
9132648,16
9132731,10
9132956,2
9133116,3
9133129,30
9133818,76
9134939,6
9135080,61
9135633,0
9135888,1
9135895,5
9136206,0
9136814,15
9137140,5
9137149,0
9137365,79
9137480,6
9137533,26
9137941,0
9138246,80
9138319,0
9138452,22
9138932,25
9139174,51
9139495,0
9143104,1
9144999,1
9145070,76
9146583,11
9146709,1
9147250,0
9147288,1
9147335,9
9147431,47
9147463,0
9147557,0
9148123,2
9148471,3
9148647,4
9149182,1
9149435,0
9149797,14
9150194,36
9150647,5
9150710,2
9151490,2
9151677,1
9152795,71
9152840,1
9152932,0
9152965,1
9153075,0
9153235,5
9153695,0
9154045,18
9154773,1
9155119,14
9155206,28
9155212,14
9155404,1
9155496,1
9155704,72
9156011,52
9156095,7
9156108,1
9156331,1
9156577,59
9156650,0
9156676,61
9156678,21
9157402,2
9157483,1
9157504,1
9157604,30
9162161,3
9163561,13
9164247,4
9164770,1
9165191,12
9165244,66
9165670,1
9166211,1
9166769,36
9167308,1
9167798,2
9167936,63
9168009,4
9168813,10
9168954,2
9169181,0
9170129,68
9170584,5
9171140,0
9171302,0
9172067,8
9172192,76
9172277,2
9172421,1
9172470,0
9172493,3
9172576,1
9173096,38
9173352,4
9173925,39
9174180,0
9174208,15
9176859,69
9177858,29
9179751,0
9180626,0
9180770,0
9181301,4
9181506,1
9182008,26
9182754,30
9183045,3
9183276,25
9184124,70
9184855,31
9185291,0
9185416,1
9185696,44
9185806,0
9186341,5
9186662,1
9186862,44
9187622,10
9187924,0
9189339,8
9189459,1
9189521,4
9189745,8
9191908,1
9193390,0
9193975,0
9194620,3
9195534,0
9195601,1
9195901,8
9196017,19
9196297,60
9196408,4
9196539,34
9196915,5
9197311,0
9197433,8
9197573,40
9197704,16
9199020,21
9199104,1
9199185,64
9200387,10
9200880,9
9201458,0
9201989,1
9202257,10
9206211,0
9207023,0
9207049,42
9208071,52
9208531,0
9209464,0
9210071,0
9211534,0
9211585,0
9211719,0
9212890,0
9212994,0
9213448,37
9213504,73
9214901,0
9215155,8
9215400,9
9215423,1
9215618,6
9216366,1
9216519,7
9216815,19
9216865,79
9217460,4
9217571,0
9217688,0
9217770,1
9217797,25
9217837,20
9218051,0
9218655,13
9218728,0
9218745,1
9219049,33
9219127,0
9219472,67
9219569,41
9219616,2
9224907,4
9225536,2
9226737,2
9228310,8
9229199,75
9229730,1
9229896,30
9230690,1
9230698,9
9230864,72
9231083,7
9231455,1
9231618,4
9231653,13
9232087,1
9232242,0
9232501,10
9232724,3
9233130,13
9233613,1
9233636,37
9234256,9
9234415,9
9234429,1
9235166,13
9235946,19
9235960,1
9236078,59
9236305,32
9236394,66
9236852,0
9237147,10
9237709,0
9237725,0
9237857,4
9238046,12
9238061,0
9238295,1
9238507,10
9238560,43
9239068,13
9239250,14
9239252,1
9239268,2
9239436,1
9239583,37
9239637,20
9239679,9
9239738,1
9240025,19
9240138,4
9240499,0
9240615,36
9240659,5
9240784,16
9240833,1
9240869,1
9241147,52
9242243,2
9247750,25
9248049,75
9248163,1
9248222,0
9248558,2
9248934,3
9249597,5
9249776,0
9250212,17
9250241,0
9250340,0
9250348,0
9250374,7
9250470,59
9250644,1
9250731,17
9250895,63
9251298,10
9252156,3
9252257,0
9252443,12
9252484,0
9252835,48
9253282,20
9253505,0
9253638,19
9254332,25
9254533,81
9255115,0
9255297,5
9255470,1
9256323,17
9257315,6
9257904,66
9258236,43
9259254,0
9260328,0
9260587,25
9260911,70
9261392,76
9261610,56
9263535,4
9265785,4
9267641,8
9268702,1
9269126,20
9269191,62
9270006,11
9270122,7
9270176,1
9271322,22
9271567,12
9271742,73
9272841,3
9273010,15
9273345,30
9273903,35
9274832,0
9274960,1
9275691,28
9275885,8
9275941,7
9276535,1
9276587,9
9276877,0
9277581,14
9277635,27
9278568,0
9278723,24
9278786,1
9279054,0
9279146,6
9279308,27
9279343,58
9280117,1
9280184,23
9280474,0
9280667,0
9280872,70
9281146,10
9281201,36
9281881,2
9281947,54
9281978,9
9282008,0
9282368,4
9282437,1
9282443,13
9282692,38
9282872,21
9283228,0
9283561,1
9288358,14
9288652,6
9288977,3
9289352,2
9289871,0
9291285,0
9291537,1
9291870,2
9291998,13
9292183,1
9292449,21
9293319,0
9293571,13
9294074,12
9294257,1
9294446,2
9294872,3
9295261,1
9295345,3
9295725,33
9295846,8
9296089,1
9296132,79
9296598,0
9296742,1
9296744,17
9297237,1
9297603,4
9298319,70
9298426,27
9298746,0
9298802,0
9298825,8
9298992,4
9299035,0
9299042,1
9299164,3
9299210,14
9299256,0
9299672,66
9299921,3
9300033,0
9300478,1
9300634,1
9300701,18
9300714,47
9301402,1
9301562,1
9301647,2
9301755,0
9301784,1
9302048,1
9302654,0
9302921,60
9303376,1
9307115,4
9308016,2
9308944,4
9309301,36
9309328,6
9310119,5
9310252,44
9310518,29
9310777,39
9310896,5
9310923,11
9310939,11
9310972,0
9311032,1
9311348,5
9312164,0
9313792,25
9314004,4
9314036,5
9314474,83
9314873,3
9315152,3
9315478,3
9315559,68
9315567,35
9316006,0
9316033,4
9316060,2
9316086,0
9316143,1
9316287,5
9316305,58
9316815,5
9317303,5
9317573,0
9317622,58
9317907,1
9318239,1
9319328,8
9319569,51
9319688,3
9320053,0
9322463,7
9322949,2
9323310,1
9324448,30
9324521,56
9325853,1
9325887,0
9326851,16
9326969,0
9327507,42
9328355,55
9328396,62
9328481,8
9328578,38
9328896,64
9329170,22
9329425,10
9329658,0
9330231,0
9330321,32
9330440,14
9330813,1
9330884,4
9331214,10
9331257,25
9331413,5
9331444,1
9331520,82
9331558,3
9332396,1
9332872,64
9333039,16
9333310,3
9333364,29
9333433,1
9333460,18
9333533,15
9333739,0
9333862,4
9334192,0
9334228,6
9334365,1
9334427,3
9339092,9
9339253,2
9339308,47
9339334,26
9339373,30
9340975,13
9341196,1
9341252,19
9342019,28
9342263,23
9343759,0
9343896,1
9344000,24
9344016,1
9344626,0
9345523,0
9346357,0
9346456,0
9346752,71
9346899,0
9347278,5
9347368,10
9347422,1
9347752,2
9347803,1
9347830,3
9348249,1
9348389,26
9348923,54
9349116,0
9349221,24
9349483,1
9349542,0
9349755,80
9349866,0
9349949,18
9349950,44
9350060,68
9350103,0
9350125,4
9350164,15
9350295,27
9350729,8
9350889,1
9351006,54
9351013,5
9351036,25
9351769,1
9352684,1
9352791,16
9358718,0
9359064,23
9359438,42
9359827,1
9359933,3
9360072,1
9360968,48
9361107,69
9362100,2
9362269,41
9362280,66
9362315,1
9362344,70
9362388,29
9362527,3
9362648,1
9363046,0
9363340,0
9363344,0
9363417,11
9363741,1
9363749,7
9363823,5
9363970,1
9364043,0
9364096,8
9364257,2
9364352,0
9365025,1
9365259,0
9365581,68
9365929,1
9366483,2
9366680,5
9367054,22
9367337,51
9367472,6
9367562,3
9367571,16
9367923,1
9368365,1
9368377,7
9368845,0
9368969,2
9369032,0
9369087,0
9369116,78
9369127,9
9369514,21
9369699,2
9369705,9
9370059,4
9370370,75
9370382,29
9370403,10
9370501,3
9370513,19
9370896,21
9371009,11
9371045,0
9371138,0
9371163,68
9371171,59
9371173,1
9371349,3
9371362,9
9371645,1
9372147,9
9372158,0
9372527,3
9372859,14
9372941,16
9373011,4
9373100,22
9373167,8
9373919,1
9374060,8
9374169,1
9378184,81
9378785,1
9380291,14
9380429,0
9380912,12
9381224,10
9381259,49
9381315,1
9381697,6
9381790,1
9382195,17
9382321,1
9382719,56
9383044,2
9383071,8
9383634,30
9384231,0
9385566,2
9385743,0
9385790,13
9386602,0
9386675,1
9386678,39
9387165,0
9387349,0
9387437,39
9387631,1
9387676,49
9387913,28
9387914,6
9388254,77
9388397,2
9389037,7
9389575,38
9389620,20
9389656,5
9389827,54
9389977,1
9390033,5
9390061,40
9390084,0
9390885,2
9390925,0
9391149,33
9391333,76
9391509,77
9391567,0
9391829,3
9392048,21
9392095,65
9392315,17
9392466,62
9393005,0
9393322,78
9393343,8
9393417,1
9393674,72
9393783,5
9393873,14
9393884,8
9393966,16
9394477,8
9394510,0
9394565,0
9394635,31
9395060,0
9396442,27
9398776,26
9400975,9
9401166,7
9401453,4
9401896,65
9401974,16
9402649,1
9402760,75
9402952,61
9403351,0
9403419,1
9403626,82
9403766,1
9403872,6
9404123,78
9404455,40
9404707,29
9404709,35
9404985,75
9405150,2
9405162,8
9405488,53
9406234,1
9406699,81
9407912,20
9408107,4
9408178,1
9408218,79
9408391,0
9408494,4
9409245,6
9409367,71
9409457,80
9409873,7
9410042,10
9410510,57
9410527,2
9410846,72
9411126,68
9411379,8
9411743,26
9411914,0
9412082,0
9412351,1
9412375,14
9412522,23
9412617,11
9412652,1
9412891,1
9412913,1
9413287,1
9413386,10
9413501,4
9413603,68
9413642,1
9413779,20
9413794,76
9413809,42
9413861,14
9414019,43
9414036,1
9414237,1
9414521,2
9414929,10
9415125,5
9415426,25
9415450,14
9415577,28
9415661,0
9415828,14
9416000,4
9416039,0
9416084,6
9416198,80
9416560,9
9416852,1
9421542,1
9422196,4
9422273,5
9422331,1
9422915,61
9423397,63
9424118,67
9424217,0
9424314,39
9425074,15
9425835,12
9425847,70
9426095,6
9426345,17
9426418,1
9426526,4
9426612,59
9426786,20
9427101,0
9427341,48
9427418,0
9428609,18
9428684,10
9428696,6
9429015,31
9429038,76
9429451,1
9429554,6
9429658,0
9429855,6
9430133,1
9430326,0
9430623,0
9430740,17
9431085,72
9431369,67
9431865,2
9431992,50
9432750,15
9433234,33
9433334,8
9433824,3
9434105,78
9434213,77
9434495,57
9434513,45
9434781,1
9434801,41
9435148,4
9435234,23
9435462,15
9435568,75
9436038,4
9436315,7
9436559,7
9436650,1
9436968,0
9437085,1
9441186,67
9443463,15
9443647,0
9443733,5
9444300,10
9444819,0
9444997,29
9445501,4
9445652,39
9445687,11
9445757,79
9445766,83
9445789,8
9446298,1
9447019,18
9447137,7
9447198,0
9447274,3
9447707,2
9447954,3
9448029,3
9448135,79
9448279,1
9448558,0
9448978,14
9449002,5
9449323,15
9449361,1
9449603,53
9449713,30
9449718,66
9449888,42
9450671,11
9450738,8
9451025,2
9451126,78
9451165,20
9451184,9
9451250,45
9451334,0
9451597,74
9451768,0
9451784,12
9451805,8
9452037,0
9452061,0
9452113,15
9452124,82
9452127,37
9452354,6
9452399,0
9452425,0
9452454,38
9452728,59
9453126,68
9453245,1
9453249,1
9453266,5
9453302,47
9453356,5
9455269,78
9455454,5
9457202,1
9457285,66
9458150,6
9458247,7
9458372,13
9458393,1
9458811,36
9459910,13
9460093,1
9460513,1
9460661,20
9461085,8
9461086,2
9461187,0
9461214,66
9461238,83
9461634,20
9461660,0
9461747,0
9461779,3
9461801,1
9461836,0
9461963,6
9462015,14
9462070,3
9462208,12
9462694,1
9462850,0
9462884,8
9463039,7
9463130,0
9463628,16
9463681,5
9463692,61
9463790,0
9463804,10
9463830,0
9464046,1
9464098,7
9464195,2
9464235,0
9464267,1
9464507,0
9464528,2
9464560,1
9464605,8
9464672,3
9464780,0
9464876,32
9464900,1
9465382,12
9465717,1
9465778,1
9466759,54
9468563,82
9469014,4
9469655,5
9469827,1
9470048,0
9470121,2
9470148,2
9470554,1
9470677,77
9471498,3
9471715,61
9471807,0
9471997,0
9472829,32
9472966,0
9473014,21
9473393,1
9473484,74
9473646,44
9473663,0
9473798,19
9473828,1
9473837,0
9473852,0
9473889,12
9474161,5
9474495,3
9474607,13
9475494,0
9475501,0
9475631,0
9475703,16
9475894,7
9476212,1
9476243,9
9476293,1
9476353,82
9476397,0
9476551,49
9476759,82
9476831,1
9476850,75
9476857,0
9476882,7
9476900,5
9477000,0
9477010,13
9477096,0
9477211,21
9477349,13
9477653,1
9477830,1
9477888,1
9478169,1
9478196,31
9478446,70
9478506,0
9478577,69
9479348,24
9479421,7
9479513,19
9479608,0
9479647,0
9479656,7
9484148,1
9484158,2
9484208,3
9484892,1
9485047,59
9485301,39
9485606,74
9485989,0
9486300,21
9486332,1
9486575,0
9486678,22
9486698,1
9486784,1
9486786,9
9487251,71
9487327,4
9487684,6
9487692,6
9487838,1
9488408,22
9488860,2
9489421,4
9490080,1
9490137,75
9490199,0
9490272,82
9490415,6
9490541,34
9490600,1
9490639,0
9490889,22
9490926,0
9490959,46
9491126,0
9491872,1
9491922,0
9491947,7
9492011,69
9492024,10
9492069,0
9492165,1
9492398,83
9492640,65
9492750,47
9492860,0
9493086,13
9493269,0
9493306,62
9493360,7
9493403,2
9493699,2
9493786,0
9494534,1
9494701,1
9494786,3
9494826,77
9494900,3
9494965,1
9495007,33
9495140,1
9495424,5
9495502,1
9495982,2
9496026,2
9496094,7
9496206,68
9496371,0
9496372,0
9496398,1
9496502,54
9496845,43
9497062,12
9497080,42
9497513,3
9498138,1
9498940,3
9502016,31
9502150,28
9502712,20
9502981,26
9503704,13
9504072,37
9504882,34
9504968,49
9505047,4
9505105,54
9505111,51
9505158,0
9505268,1
9505512,68
9505563,0
9505602,2
9505686,16
9505762,82
9505990,6
9505991,17
9506306,48
9506526,1
9506861,76
9506882,5
9506945,7
9507042,4
9507132,6
9507244,8
9507596,2
9507794,1
9507915,0
9508057,0
9508105,0
9508137,76
9508162,17
9508288,17
9508497,0
9508668,5
9508780,1
9508962,4
9509148,39
9509369,12
9509529,1
9509672,35
9509686,1
9509691,33
9509922,33
9510151,0
9510158,31
9510370,1
9510385,9
9511073,4
9511112,26
9511119,0
9511370,1
9511559,1
9511851,1
9511865,11
9512164,0
9512347,18
9512419,19
9512472,0
9512594,75
9512612,2
9512773,14
9512844,56
9512888,1
9512941,1
9513248,0
9513261,4
9513312,4
9513357,9
9513408,75
9513511,8
9513743,31
9514368,2
9514432,11
9514549,0
9514670,2
9514721,65
9514730,1
9514772,2
9514832,0
9514839,1
9514935,0
9514937,11
9515409,6
9515597,0
9516142,47
9517488,3
9517507,66
9519514,10
9521009,0
9522516,41
9522986,1
9523023,29
9523125,4
9523156,61
9523627,9
9523761,5
9523762,4
9524047,20
9524129,15
9524141,4
9524433,5
9525001,4
9525096,26
9525173,1
9525241,15
9525335,0
9525377,0
9525490,1
9525531,12
9525925,62
9526313,1
9526314,36
9526794,34
9526879,1
9527244,5
9527407,38
9528568,0
9528648,44
9528987,4
9529306,1
9529332,74
9529431,1
9529493,24
9529607,4
9529662,65
9530079,5
9530083,6
9530287,0
9530381,85
9530714,69
9530797,68
9531565,5
9531676,0
9532024,4
9532048,0
9532435,73
9532913,3
9532973,3
9533089,12
9533144,2
9533222,1
9533818,0
9533889,20
9534209,2
9536965,30
9539111,1
9539212,2
9539397,0
9540005,65
9540147,29
9540193,44
9540974,0
9541017,0
9541094,1
9541320,5
9541514,1
9541921,3
9542140,28
9542572,20
9542827,1
9542872,0
9542984,7
9543637,9
9543640,8
9543678,18
9543824,7
9544410,61
9544597,10
9544653,1
9545059,0
9545164,32
9546184,1
9546215,5
9546267,0
9546587,20
9546711,32
9546808,3
9546888,1
9546943,15
9546944,0
9547019,25
9547160,10
9548120,9
9548191,57
9548427,12
9548693,18
9548728,1
9548756,0
9548788,0
9548866,16
9549076,8
9549078,5
9549118,0
9549223,2
9549572,1
9549790,16
9549937,1
9549987,21
9550142,8
9550147,73
9550276,2
9550306,6
9550392,4
9550423,3
9550501,2
9550620,43
9550750,19
9551158,53
9551417,25
9551672,4
9552317,6
9555580,0
9555648,74
9555679,0
9556966,21
9557136,0
9557226,66
9557775,46
9557776,3
9557816,4
9558085,6
9558152,2
9558396,6
9558500,7
9558860,2
9559115,1
9559548,0
9560057,1
9560089,8
9560141,4
9560526,0
9560832,0
9560834,7
9560902,1
9561222,42
9561332,10
9561448,1
9561631,10
9561664,1
9562515,22
9563063,1
9563210,3
9563266,64
9563436,28
9563766,0
9563868,82
9563873,43
9564057,1
9564140,2
9564260,6
9565788,60
9565831,64
9565934,7
9566067,2
9567875,2
9569572,5
9570366,1
9570519,0
9570939,6
9571263,2
9571369,20
9571516,0
9571623,8
9572219,53
9572653,1
9572779,1
9572909,10
9573394,1
9573507,37
9573564,1
9573606,4
9573876,1
9573898,13
9574455,9
9574877,0
9574933,15
9574936,49
9574953,7
9575049,54
9575089,24
9575138,12
9575226,5
9575236,1
9575285,1
9575298,1
9575320,1
9575455,7
9575562,23
9575682,10
9575809,0
9575930,7
9576155,81
9576274,71
9576329,0
9576342,1
9576344,0
9576478,71
9576906,0
9577543,3
9577556,1
9577644,15
9577660,0
9577748,1
9577777,55
9578255,14
9578438,75
9578639,10
9578683,78
9578848,1
9578857,3
9578960,7
9579067,3
9579770,3
9579927,81
9580372,1
9584779,0
9585027,4
9585055,17
9585339,5
9585440,6
9586086,5
9586258,2
9586691,2
9586958,9
9587066,2
9587846,1
9588053,1
9588164,1
9588196,1
9588888,7
9589030,19
9589676,2
9589722,1
9589764,7
9589879,18
9590048,1
9590519,13
9590861,52
9590866,2
9591135,7
9591645,1
9591966,2
9592032,0
9592159,6
9592562,37
9592585,66
9592655,1
9592725,15
9592975,1
9593065,10
9593075,3
9593737,1
9593794,31
9594046,0
9594188,1
9594568,75
9594885,2
9594936,27
9594976,28
9594995,82
9595063,1
9595099,26
9595779,0
9595836,61
9596042,1
9596089,2
9596207,1
9596299,10
9596561,1
9597325,41
9597422,19
9597627,47
9597676,52
9597931,14
9603395,10
9603611,6
9603991,0
9604011,9
9604045,7
9604498,9
9604629,0
9604772,11
9605039,16
9605192,46
9605259,2
9605451,3
9606229,23
9606360,42
9606504,0
9606578,75
9606642,18
9606704,0
9606773,7
9606832,0
9607275,3
9607482,1
9607920,67
9607952,41
9608639,73
9608753,23
9608814,59
9609140,77
9609246,0
9609356,14
9609588,2
9609800,12
9610258,40
9610982,2
9611059,64
9611216,2
9611372,11
9611469,1
9611593,1
9611656,2
9611659,39
9611741,1
9611968,13
9612260,25
9612294,23
9612676,1
9612732,12
9612758,23
9612946,0
9613420,2
9613465,38
9613532,80
9613541,1
9613565,0
9613574,14
9613781,52
9613813,1
9613850,2
9614123,1
9614672,0
9614688,22
9614785,69
9614889,1
9615209,5
9615352,0
9615422,1
9615504,9
9615576,10
9615644,1
9615976,0
9616080,1
9616400,10
9616453,1
9616534,44
9616635,18
9616729,0
9616842,42
9617219,60
9617349,2
9619848,3
9621849,28
9624177,1
9624220,3
9624796,27
9625125,1
9625266,3
9625344,1
9625346,46
9625731,59
9625790,9
9625889,46
9625926,2
9625955,1
9626145,1
9626150,2
9626243,7
9626477,7
9626509,1
9626675,33
9626760,12
9627012,33
9627442,2
9627513,22
9628198,59
9629171,6
9629178,2
9629194,1
9629345,2
9629551,24
9629581,33
9629672,12
9629811,5
9630011,6
9630336,0
9630730,2
9630970,37
9631175,1
9631444,0
9631808,43
9631903,18
9631959,0
9632372,24
9632692,7
9633323,32
9633579,13
9633608,19
9633740,23
9633920,3
9634829,9
9634880,29
9634995,0
9635160,4
9635555,1
9635607,31
9635880,21
9635981,19
9636009,2
9636293,9
9636675,1
9637133,1
9642518,81
9642915,1
9644037,8
9644386,60
9644430,0
9644444,62
9644961,3
9645272,80
9645338,6
9645422,11
9645934,10
9646181,1
9646272,3
9646357,17
9646412,55
9646678,0
9646745,22
9646918,2
9646958,0
9646972,8
9647025,0
9647396,43
9647450,6
9647486,2
9647790,16
9648225,7
9648874,9
9649261,0
9649376,0
9649623,4
9650667,79
9650946,11
9651083,0
9651616,0
9651926,43
9652348,2
9652413,0
9652591,54
9652624,11
9652665,1
9652787,23
9653005,1
9653297,2
9653305,4
9653314,4
9653433,2
9653464,1
9653481,2
9653592,9
9653738,33
9654509,0
9654775,1
9655327,3
9656161,49
9656326,3
9659670,6
9659869,9
9660636,0
9660912,12
9661762,9
9662136,68
9662298,3
9662571,40
9662622,0
9662691,10
9663306,9
9663776,4
9663956,15
9664369,2
9664378,1
9664414,33
9664497,15
9664537,29
9664630,1
9664861,3
9665117,0
9665125,23
9665170,77
9665364,8
9665579,11
9667527,0
9667733,3
9667868,4
9667996,61
9668363,1
9668485,79
9669172,7
9669578,2
9669703,55
9670233,45
9670576,10
9672054,61
9674509,22
9675806,1
9676890,0
9677343,2
9677640,2
9677912,51
9678146,14
9678389,20
9678870,1
9679058,26
9679278,4
9679310,0
9679337,13
9679369,0
9679670,4
9679720,55
9679900,4
9680804,0
9680940,58
9681391,1
9681693,0
9682135,0
9682617,43
9682862,3
9683022,43
9683079,17
9683147,7
9683421,13
9683429,16
9683691,1
9683828,1
9684188,23
9684223,8
9684309,2
9684366,1
9684732,0
9684923,2
9685075,1
9685213,0
9685336,0
9685465,1
9685669,6
9686090,11
9686167,17
9688802,10
9689276,63
9689707,0
9690915,1
9691204,1
9691391,34
9691588,1
9691842,1
9691957,2
9692016,10
9692205,1
9692365,4
9692740,0
9692905,8
9692978,1
9693107,0
9693262,26
9693279,1
9693816,1
9693821,2
9693948,14
9694001,1
9694633,2
9694758,3
9694950,2
9695450,3
9695491,5
9695714,5
9695932,1
9696264,35
9696560,3
9696622,10
9696720,1
9697064,8
9697111,2
9697193,1
9697622,22
9697664,9
9697726,12
9697969,2
9698101,30
9698250,0
9698613,0
9698691,1
9698992,30
9699493,22
9699559,1
9702796,6
9705782,62
9705958,1
9706212,3
9706511,0
9706724,10
9706977,8
9707426,4
9707531,8
9707579,0
9707684,1
9707807,0
9709067,1
9709178,19
9709801,0
9709989,7
9710117,0
9710538,0
9710620,1
9710712,1
9710927,1
9710967,0
9711488,0
9712020,6
9712682,63
9712796,1
9713048,11
9713493,79
9713594,23
9713736,1
9713840,4
9714004,38
9714250,23
9714531,10
9714629,2
9714734,7
9714880,2
9714995,1
9715017,5
9715092,0
9715183,3
9715287,3
9715404,0
9715592,1
9715641,1
9715684,1
9715759,1
9715956,14
9715973,1
9716123,62
9716204,1
9716223,7
9716233,1
9716234,54
9716424,15
9716437,13
9716737,11
9717662,0
9717727,4
9717781,13
9718529,35
9719091,1
9720191,3
9720713,3
9720809,6
9723296,20
9723899,1
9724452,0
9725232,78
9726784,2
9726939,37
9727373,2
9727404,2
9727821,4
9728188,1
9728203,4
9728525,32
9728739,1
9728852,1
9729872,5
9730110,2
9730111,6
9730306,0
9730397,7
9730432,48
9730645,3
9730654,41
9731008,55
9731041,1
9731134,46
9731178,6
9731237,33
9731566,9
9731879,0
9731957,1
9732828,0
9732845,3
9733138,1
9733250,23
9733280,18
9733470,2
9733730,11
9733741,80
9733788,2
9733795,0
9733862,13
9734232,5
9734448,3
9734618,7
9734667,32
9734718,10
9734844,0
9735085,0
9735392,5
9735503,17
9735931,20
9735957,4
9737065,12
9737132,1
9737171,73
9737254,1
9737293,0
9737348,1
9737352,5
9737362,24
9737479,0
9737516,1
9737659,0
9737665,0
9737691,0
9737710,2
9737719,1
9737794,15
9737805,4
9737840,74
9738044,1
9738048,0
9738094,3
9738193,9
9738355,11
9738438,80
9738605,0
9738632,20
9738756,6
9738805,1
9739586,4
9739888,0
9740264,42
9740581,1
9745378,2
9745385,14
9745484,33
9746837,0
9746864,0
9747044,15
9747117,0
9747186,58
9747497,0
9747647,2
9747777,47
9748230,1
9748759,40
9748800,0
9748877,1
9749046,2
9749285,70
9749320,1
9749603,1
9749853,4
9750209,0
9750308,23
9750406,1
9751394,34
9751696,1
9751729,1
9751732,1
9752166,7
9752548,56
9752573,4
9752655,9
9753456,6
9754392,7
9754466,1
9754624,1
9754626,3
9754747,2
9754751,5
9754968,20
9755064,39
9755074,31
9755270,1
9755301,14
9755382,1
9755479,0
9755543,36
9755679,0
9755736,52
9755785,1
9755907,12
9755951,10
9756054,6
9756141,21
9756236,0
9756699,13
9756729,1
9756886,0
9756891,1
9757018,1
9757581,22
9757785,61
9757801,1
9757913,1
9757966,14
9758040,0
9758291,11
9758406,5
9758512,0
9758755,0
9758923,41
9758953,0
9758964,20
9759204,4
9759331,5
9759704,1
9759865,0
9759957,1
9760148,2
9760401,1
9760675,2
9761238,0
9761918,3
9764969,21
9765117,0
9765553,1
9765726,1
9765900,1
9765944,3
9766404,1
9766498,0
9766922,2
9766959,0
9767098,1
9767864,75
9767929,1
9768199,8
9768333,1
9768492,1
9768768,3
9769423,68
9769814,1
9769910,36
9770016,41
9770249,71
9770294,42
9770447,0
9770459,13
9770880,1
9771013,0
9771370,2
9771535,1
9771811,28
9771836,3
9771896,0
9771983,0
9772152,46
9772379,74
9772730,2
9772819,1
9773158,7
9773244,20
9773544,12
9773852,73
9773902,0
9774346,0
9774477,7
9775055,0
9775167,1
9775237,29
9775397,0
9775801,1
9775847,11
9776054,78
9776245,73
9776318,0
9776832,0
9777174,3
9777422,0
9777511,2
9777530,77
9777601,0
9777652,7
9777883,0
9778050,1
9778372,66
9778505,42
9778583,0
9778655,11
9778734,1
9778748,0
9778960,1
9778978,16
9779357,2
9780023,78
9784125,1
9784272,1
9785063,0
9785349,3
9786021,0
9786182,74
9786470,1
9786543,14
9787323,10
9787400,2
9787590,1
9787634,11
9788114,69
9788134,1
9788345,32
9788375,31
9788396,7
9788521,50
9788564,1
9789045,40
9789339,3
9789350,38
9789392,17
9789792,3
9789885,67
9789937,4
9790098,1
9790328,1
9790354,0
9790462,18
9790807,1
9790840,1
9790949,75
9791282,0
9791355,4
9791753,0
9792286,69
9792440,1
9792485,3
9792631,10
9792720,0
9792836,2
9792911,1
9793041,1
9793213,0
9793250,22
9793413,5
9793440,0
9793465,21
9793665,1
9793668,61
9793722,0
9793983,57
9794058,1
9794077,0
9794083,49
9794364,63
9794958,1
9795124,12
9795850,0
9795890,4
9795958,1
9796114,56
9796155,0
9796198,0
9796283,12
9796314,1
9796386,1
9796419,13
9796442,3
9796491,5
9796501,71
9796548,4
9796856,2
9797293,3
9797333,1
9797997,21
9799789,2
9800346,2
9800489,1
9801016,7
9802333,1
9802368,44
9802654,0
9802971,0
9803574,29
9803686,5
9804299,0
9804368,68
9804673,0
9804849,5
9805128,8
9805346,1
9805563,4
9805748,0
9806434,1
9806444,10
9806606,13
9806634,6
9806752,1
9806996,4
9807059,0
9807494,15
9807758,0
9807848,78
9808055,0
9808248,0
9808637,11
9808640,1
9809229,27
9809716,4
9809911,6
9810009,6
9810125,7
9810187,0
9810235,1
9810427,2
9810530,0
9810696,70
9810854,0
9811273,0
9811274,1
9811434,1
9811614,3
9811717,0
9811958,9
9811997,1
9812150,4
9812606,11
9812759,13
9812787,1
9812826,7
9813359,6
9813364,0
9813567,12
9813570,1
9813585,8
9814018,0
9814108,10
9816578,12
9818465,4
9818469,1
9818669,4
9818825,56
9819018,12
9819038,27
9819437,1
9819589,0
9819772,2
9820035,1
9820068,4
9820408,5
9820483,1
9820533,30
9820724,7
9820829,0
9821024,1
9821183,1
9821208,3
9821303,0
9821370,47
9821911,67
9822032,2
9822101,33
9822153,16
9822507,7
9822635,19
9822738,1
9822823,79
9822983,0
9823143,71
9823182,76
9823320,66
9823444,1
9823880,13
9824042,9
9824112,0
9824247,14
9824287,1
9824547,76
9824613,11
9824682,0
9824982,5
9825066,1
9825180,0
9825197,0
9825420,2
9825939,0
9826062,28
9826081,12
9826160,5
9826267,1
9826493,44
9826628,70
9826678,0
9826940,6
9827236,1
9827799,25
9827800,1
9827988,17
9831813,59
9832641,79
9832730,31
9832882,1
9833212,8
9833340,2
9833558,1
9833742,1
9833962,63
9834074,0
9834456,6
9834706,1
9834943,1
9835017,1
9835140,2
9835315,11
9835350,69
9835402,1
9835880,2
9836020,1
9836127,5
9836212,0
9836505,3
9836642,2
9836966,1
9836970,1
9838145,3
9838297,16
9838443,1
9838543,46
9838832,9
9838920,2
9839223,1
9839263,4
9839300,0
9839341,1
9839346,34
9839378,9
9839800,60
9839812,0
9839956,2
9840192,30
9840261,1
9840280,59
9841139,0
9841168,23
9841215,9
9841548,19
9841671,1
9841695,6
9841890,2
9841907,4
9841949,2
9842117,53
9842239,0
9842323,1
9842363,2
9842420,0
9842447,1
9842492,60
9842493,1
9842765,0
9843052,1
9843468,5
9843531,15
9843634,10
9843643,1
9843646,2
9843826,7
9843851,1
9843884,52
9843892,3
9843914,4
9843951,1
9843956,27
9844407,0
9844408,1
9844439,6
9844482,35
9844489,61
9844509,1
9844593,65
9844603,9
9844805,10
9844884,60
9844892,0
9845314,10
9845341,7
9845454,63
9845558,1
9845652,12
9846015,5
9846120,1
9846222,11
9846468,1
9846591,0
9846660,37
9847867,8
9847917,0
9851704,14
9853063,0
9853382,24
9853884,1
9854141,1
9854477,11
9854746,12
9854778,0
9854899,7
9855153,2
9855415,3
9855458,33
9855772,12
9855793,1
9855979,29
9856135,16
9856151,0
9856683,10
9856730,39
9856757,10
9856995,72
9857438,1
9857914,1
9857967,7
9858029,11
9858093,4
9858112,4
9858221,1
9858527,1
9858642,6
9858645,0
9858687,42
9858696,60
9858717,29
9859081,69
9859181,23
9859195,24
9859602,35
9859856,1
9859861,69
9860303,5
9860416,1
9860455,0
9860631,10
9860720,12
9860752,0
9860758,7
9860774,57
9860989,20
9861118,0
9861124,18
9861135,0
9861136,1
9861196,1
9861553,0
9861625,82
9861747,2
9862049,0
9862199,1
9862364,1
9862883,1
9862913,1
9862945,5
9863035,0
9863091,1
9863626,1
9863678,2
9863860,7
9864121,1
9864137,7
9864230,4
9864324,2
9864427,8
9864749,0
9864796,3
9864820,18
9864900,0
9865226,0
9865262,1
9865344,8
9865363,3
9865374,1
9865398,9
9865506,20
9865659,2
9865939,1
9866287,10
9866617,1
9866971,5
9867264,1
9867398,16
9867454,4
9867521,54
9867629,37
9867803,1
9868032,2
9868799,5
9869156,9
9872904,0
9873079,0
9874042,16
9874289,1
9874454,1
9874794,1
9875002,11
9875109,1
9875134,1
9875450,6
9875822,0
9875883,57
9876042,0
9876335,18
9876447,21
9876474,32
9876492,2
9876902,1
9876930,3
9876971,33
9877196,0
9877436,1
9877684,2
9877776,3
9877933,0
9878121,4
9878361,1
9878593,4
9878659,4
9878851,0
9878922,40
9878929,65
9879216,1
9879235,26
9879796,3
9880140,10
9880294,1
9880664,13
9881037,65
9881146,41
9881195,1
9881516,3
9881685,1
9881769,4
9882134,1
9882187,0
9882254,78
9882537,0
9882838,6
9883145,10
9883197,1
9883391,1
9883768,0
9884430,25
9884516,1
9884667,76
9884870,1
9884880,71
9885264,11
9885280,28
9885430,1
9885501,68
9885720,1
9885817,10
9885941,0
9886015,0
9886034,1
9886073,3
9886220,2
9886514,5
9886516,48
9886606,8
9886735,3
9886867,0
9886912,3
9887276,0
9887396,11
9887654,76
9887698,0
9887763,21
9888076,40
9888533,18
9889720,0
9890574,38
9894255,0
9894297,43
9894526,32
9894565,8
9894707,8
9894820,1
9895802,0
9896292,18
9896546,1
9896594,1
9896627,0
9896824,61
9896889,5
9897073,0
9897378,0
9897418,1
9897611,0
9897820,6
9897854,0
9898112,21
9898150,22
9898344,59
9898485,68
9898619,5
9899132,73
9899499,2
9900048,0
9900120,0
9900484,0
9900560,69
9900572,0
9900885,1
9901202,5
9901329,1
9901468,0
9901613,0
9901986,1
9902057,2
9902123,37
9902314,3
9902395,2
9902590,7
9902711,4
9902915,0
9903132,13
9903150,1
9904259,2
9904320,1
9904460,82
9904613,1
9904929,68
9905076,55
9905682,1
9905894,35
9905905,4
9906178,1
9906359,1
9906425,3
9906631,33
9906918,1
9907167,50
9907257,5
9907307,73
9907690,4
9908424,1
9908719,80
9908732,14
9910619,0
9911083,1
9911887,21
9914098,1
9915643,9
9915819,16
9916357,1
9916475,20
9916767,63
9917384,1
9917669,12
9917797,9
9918126,30
9918567,0
9918817,3
9919042,0
9919053,2
9919127,29
9919143,3
9919450,1
9919518,0
9919641,0
9919727,28
9919959,1
9920117,11
9920313,9
9920383,0
9920406,76
9920458,5
9920459,1
9920607,1
9920752,1
9920941,8
9921109,1
9921366,1
9921389,28
9921774,0
9922192,1
9923382,0
9923402,1
9923452,11
9923478,0
9923485,1
9923887,15
9924665,8
9924723,19
9925140,7
9925349,1
9925507,61
9925518,3
9926044,58
9926058,0
9926171,6
9926599,0
9926781,2
9926792,11
9927252,1
9927314,0
9927385,2
9927397,13
9927400,0
9927495,0
9927666,31
9928281,1
9928794,3
9928937,14
9933792,26
9934510,0
9934593,27
9935340,2
9935354,50
9935613,21
9935833,4
9935894,4
9935949,1
9936139,1
9936259,4
9936805,1
9937145,6
9937220,10
9937307,7
9937434,12
9937667,1
9938208,1
9938299,54
9938471,14
9938520,0
9939023,10
9939177,1
9939202,14
9939843,26
9939962,17
9940253,10
9940300,80
9940443,1
9941282,25
9941890,70
9942157,62
9943207,59
9943258,1
9943345,4
9943382,4
9943801,2
9944013,0
9944331,3
9944426,28
9944788,41
9944808,6
9945127,7
9945206,26
9945481,16
9945496,30
9945515,53
9945730,39
9945750,2
9947155,61
9947824,80
9949396,24
9950923,1
9951506,15
9951705,1
9951750,1
9952191,2
9952400,12
9952429,2
9953121,25
9953601,81
9954123,9
9954145,57
9954426,4
9954573,1
9954585,3
9954688,13
9954700,0
9955490,52
9955493,17
9955545,1
9955736,64
9955765,9
9956082,1
9956388,20
9956781,0
9956834,53
9957384,75
9957436,0
9957646,17
9958312,2
9958387,1
9958442,1
9958456,49
9958472,0
9959006,1
9959084,5
9959100,66
9959169,69
9959175,8
9959180,75
9959187,46
9959190,70
9959194,76
9959246,1
9959521,47
9959562,1
9959975,7
9960876,0
9960970,0
9961313,14
9963988,36
9965305,1
9966717,0
9967046,72
9967141,46
9967218,9
9967314,30
9968094,5
9968223,64
9969073,3
9969761,27
9969773,1
9969781,1
9969936,17
9970118,4
9970637,0
9970995,1
9971319,1
9971730,19
9971794,19
9972046,15
9972062,1
9972403,1
9972742,3
9973003,20
9973134,1
9973190,43
9973654,1
9973680,1
9974135,20
9974153,79
9974484,1
9974646,10
9975089,3
9975344,17
9975382,0
9975425,53
9975839,25
9975846,21
9975872,4
9976190,1
9976222,0
9976264,46
9976626,6
9976644,3
9976784,1
9976820,11
9976827,30
9976839,20
9977283,1
9977470,4
9977595,0
9977982,0
9978348,1
9978426,4
9978536,1
9978589,27
9978633,25
9978664,3
9978722,3
9978768,61
9979548,0
9979608,8
9979707,7
9984143,1
9985812,1
9986609,1
9986770,4
9986969,6
9987222,3
9987456,1
9987543,6
9987549,16
9987907,0
9987983,5
9988353,17
9988556,48
9988907,2
9989028,1
9989842,1
9990026,1
9990117,0
9990403,0
9990560,65
9990571,3
9990611,5
9990959,33
9991143,2
9991265,23
9991374,1
9991391,1
9991577,13
9991919,5
9991949,2
9992236,12
9992479,0
9992858,40
9992903,26
9992945,29
9993137,0
9993138,6
9993183,5
9993463,1
9993516,0
9994062,3
9994185,2
9994744,9
9994973,0
9995163,57
9995322,9
9995513,0
9995634,4
9995669,0
9996144,30
9996402,29
9996535,0
9996642,79
9996793,6
9997006,0
9997045,5
9997702,6
9997980,26
9998091,2
9998152,0
9998154,0
9998362,0
9998688,6
9998898,1
9998930,27
9999117,3
9999220,1
9999351,25
9999372,3
9999398,2
9999513,5
9999646,0
9999878,13
9999919,20
10000070,18
10000137,1
10000254,0
10000470,31
10000717,1
10000834,1
10000943,34
10000975,41
10001011,0
10001022,1
10002317,2
10006913,1
10007761,11
10007793,1
10008109,1
10008874,1
10009390,1
10009531,2
10009737,6
10009762,1
10010119,14
10010250,1
10010321,0
10010345,79
10010434,15
10010507,6
10010717,2
10010845,63
10010914,6
10011009,2
10011168,33
10011509,16
10011677,0
10011763,39
10011850,1
10012011,15
10012292,4
10012551,2
10013027,63
10013355,0
10013379,45
10013582,1
10013750,19
10014261,1
10014269,2
10014417,5
10014499,8
10014849,3
10014975,15
10015336,1
10015642,23
10016124,2
10016343,1
10016412,0
10016601,1
10016602,5
10016803,21
10016832,1
10017050,1
10017265,2
10017345,1
10017692,54
10017822,1
10018379,14
10018549,61
10018895,0
10018963,56
10019018,1
10019159,11
10019335,1
10019420,16
10019504,2
10019508,49
10020060,0
10020104,1
10020125,19
10020217,7
10020815,1
10021252,1
10021301,50
10021499,0
10021680,53
10021699,7
10021700,2
10021707,0
10021820,4
10021869,0
10021915,10
10022348,54
10022414,0
10022503,1
10022610,0
10022730,6
10023252,79
10023498,35
10023618,1
10024702,57
10030073,0
10030753,1
10030874,0
10030997,13
10031014,12
10031436,1
10031574,26
10031678,4
10031965,54
10032285,3
10032406,62
10032560,43
10032842,1
10033005,4
10033096,0
10033238,28
10033336,1
10033734,5
10034083,1
10034090,0
10034493,1
10034597,43
10035023,4
10035098,1
10035132,12
10035525,1
10035596,12
10035643,2
10035846,41
10035920,76
10035950,1
10036295,1
10036394,0
10037088,6
10037097,1
10037770,68
10037800,11
10037946,68
10037962,8
10038211,20
10038560,22
10038598,3
10038633,1
10038695,1
10038721,7
10038731,18
10038776,70
10039012,8
10039375,0
10039817,9
10039961,3
10039968,2
10039975,29
10039992,8
10040472,6
10040563,5
10040798,2
10040942,6
10041002,21
10041028,2
10041157,11
10041376,9
10041518,19
10041531,1
10041589,7
10041889,12
10042322,4
10042484,20
10042505,6
10042563,43
10042625,25
10042929,5
10042932,2
10043064,1
10043153,43
10043624,63
10043694,9
10043750,0
10043854,23
10043942,52
10044457,42
10049070,0
10049335,0
10049360,7
10049589,0
10049766,0
10050035,0
10050536,10
10050665,10
10050847,28
10050860,0
10050866,1
10051853,0
10051911,0
10051946,2
10051959,2
10052324,9
10052336,1
10052409,2
10052466,2
10053223,1
10053330,16
10053523,1
10053592,1
10053602,1
10053943,9
10054404,0
10054500,6
10055189,10
10055475,1
10055764,18
10055872,0
10055925,14
10056170,11
10056358,11
10056449,5
10057529,2
10057986,0
10058014,50
10058137,1
10058176,7
10058491,59
10058633,21
10058639,58
10058944,0
10059219,6
10059573,1
10060147,0
10060776,12
10061628,27
10062378,2
10063216,0
10064209,12
10064218,16
10064959,64
10065056,0
10065873,1
10066131,1
10066452,9
10066508,1
10066843,22
10066875,0
10067614,32
10067932,0
10068145,2
10068269,1
10068329,8
10068386,75
10068450,1
10068539,2
10068693,1
10069099,1
10069174,0
10069185,55
10069373,1
10069376,15
10069755,0
10069795,1
10069885,8
10069923,2
10070145,59
10070235,0
10070294,9
10070457,24
10070582,1
10071118,39
10071225,3
10071254,2
10071373,3
10071464,11
10071681,1
10072007,1
10072750,6
10072898,4
10073973,8
10073975,0
10073995,1
10074185,1
10074282,1
10074308,1
10074362,17
10074524,2
10075014,4
10075528,1
10075730,59
10076024,31
10076231,2
10076836,4
10078736,37
10080979,1
10081576,0
10081958,0
10082054,1
10082287,1
10082414,21
10082575,0
10083580,14
10083670,0
10083881,1
10083970,0
10084178,1
10084191,0
10084382,10
10084631,6
10084735,6
10084751,1
10084769,60
10085436,26
10085457,9
10085478,18
10086307,23
10086396,60
10086520,18
10086656,47
10086861,15
10086874,8
10086882,1
10086885,46
10086888,1
10086976,72
10086994,0
10087253,25
10087575,11
10087590,9
10087609,6
10087623,0
10087811,4
10088464,2
10088720,18
10088886,66
10088889,0
10088956,64
10089529,4
10089694,9
10089720,3
10089727,1
10089841,1
10090579,0
10090599,1
10090894,4
10090922,65
10091021,21
10091438,0
10091829,1
10092202,8
10095611,45
10095913,1
10096707,30
10096773,1
10097709,36
10097911,1
10097957,8
10098262,9
10098593,55
10098890,1
10098921,1
10099080,1
10099459,0
10100202,1
10100348,2
10100453,2
10100474,4
10100613,7
10100659,1
10100799,10
10101023,2
10101046,1
10101097,56
10101765,76
10101791,4
10101804,1
10102005,4
10102206,2
10102632,2
10102723,1
10102792,0
10103405,7
10103770,0
10103877,1
10103895,1
10103934,1
10104068,21
10104118,0
10104130,1
10104246,3
10104337,11
10104410,0
10104806,0
10105128,5
10105556,7
10105606,50
10105690,23
10105732,13
10105917,10
10106188,33
10106335,32
10106480,5
10106530,16
10106768,62
10106802,13
10107113,2
10107182,0
10107260,0
10107452,0
10107606,0
10107689,9
10108417,2
10115193,0
10115298,18
10115372,35
10115375,0
10115419,17
10115937,0
10116151,12
10116440,19
10116671,0
10116778,0
10117060,1
10117283,2
10117624,6
10117649,4
10117807,17
10118042,10
10118796,14
10119392,2
10119590,6
10120055,26
10120206,73
10120384,0
10120414,1
10120476,67
10120478,4
10120514,1
10120578,0
10120691,0
10120829,26
10121376,29
10121380,67
10121746,1
10121950,0
10122016,2
10122650,0
10122700,21
10122880,4
10123450,0
10123594,38
10123678,8
10123923,1
10124008,3
10124136,31
10124161,0
10124212,1
10124443,39
10124550,1
10125030,2
10125211,18
10125395,14
10126114,1
10126402,3
10126521,15
10126560,0
10127534,12
10129759,9
10130963,10
10132356,0
10132572,0
10132633,70
10132818,1
10133027,0
10133147,35
10133350,25
10133559,0
10134071,11
10134298,7
10134309,4
10134443,8
10134546,30
10134557,3
10135104,26
10135523,81
10135531,78
10135852,28
10136199,0
10136256,2
10136750,2
10136861,1
10136980,6
10136994,13
10136996,47
10137006,8
10137028,59
10137143,16
10137236,4
10137315,0
10137499,64
10137757,1
10138218,54
10138533,17
10138870,23
10138872,34
10138888,1
10138958,6
10138996,0
10139093,3
10139332,1
10139347,5
10139617,3
10139724,8
10139922,80
10140164,33
10140275,6
10140368,65
10140462,1
10140604,3
10140729,7
10141276,2
10141718,33
10141933,1
10141998,2
10142067,9
10142499,50
10142867,1
10143231,0
10143655,35
10144140,68
10144398,0
10144422,78
10146747,1
10148197,0
10148581,7
10148955,3
10148969,56
10149393,1
10149932,1
10150224,0
10150643,1
10150648,46
10150723,5
10151054,4
10151209,22
10151488,25
10152015,14
10152029,6
10152091,1
10152738,3
10152758,26
10152936,3
10153267,18
10153349,0
10153363,39
10153654,2
10154118,29
10154397,0
10154449,1
10154762,41
10155029,0
10155159,70
10155167,25
10155628,6
10155672,18
10156213,1
10156290,26
10156314,0
10156340,8
10156342,2
10156960,59
10157171,0
10157289,14
10157294,0
10157426,29
10157789,3
10157939,4
10157977,33
10158141,1
10158203,1
10158490,4
10159182,2
10160921,5
10161081,1
10161401,5
10161557,3
10161583,1
10161705,21
10162621,38
10162932,1
10163231,6
10163240,1
10163536,40
10163683,4
10163724,1
10164008,5
10164145,1
10164331,77
10164606,0
10165064,76
10165181,7
10165410,0
10166365,11
10166624,1
10167401,22
10167665,1
10167797,38
10168049,1
10170115,1
10170471,1
10170638,3
10171644,17
10172540,2
10172586,7
10173271,1
10173304,17
10173687,7
10173750,0
10174133,2
10174324,73
10175133,5
10175187,1
10175678,3
10175969,2
10176405,12
10176512,0
10176696,0
10176730,8
10177183,13
10177753,1
10178082,3
10178685,22
10179187,1
10179372,0
10180231,0
10180427,29
10180766,0
10184638,19
10185913,26
10185960,16
10186192,82
10186688,2
10186767,0
10186787,3
10186876,1
10187307,0
10187402,71
10187515,0
10187685,4
10188121,2
10188296,8
10188405,1
10188806,8
10189351,27
10189803,0
10190770,54
10191142,83
10191601,63
10191942,0
10192564,16
10192898,0
10193009,12
10193753,9
10194616,29
10195493,4
10197242,75
10199699,0
10200787,26
10201295,8
10202641,11
10202655,0
10203071,28
10203087,29
10203095,47
10203097,1
10203236,38
10203556,1
10204097,21
10204208,23
10204245,10
10204327,28
10204479,3
10204999,3
10205130,48
10206269,16
10207945,8
10208716,1
10208854,1
10209102,7
10209283,15
10209396,12
10209403,0
10209471,64
10209654,12
10209973,6
10210556,1
10210667,69
10211109,1
10211935,71
10212686,2
10213080,1
10213280,5
10213355,13
10213711,16
10214197,0
10218027,67
10218475,74
10218975,0
10219639,0
10221640,19
10221874,62
10222715,1
10222998,56
10223260,1
10224321,4
10224557,1
10224564,2
10225827,68
10225915,23
10225972,4
10226208,12
10226269,2
10226431,52
10227067,1
10227297,0
10227402,7
10228720,17
10229049,55
10229094,52
10229187,0
10229340,0
10229579,4
10230344,6
10230429,45
10231834,60
10232039,65
10232344,0
10232605,0
10233244,28
10233795,0
10233905,47
10234090,5
10234589,22
10234713,40
10234715,1
10235033,28
10235938,16
10236033,0
10236389,14
10237991,3
10240092,1
10241021,66
10241950,27
10242138,46
10242249,8
10242330,0
10242936,49
10243326,1
10243454,2
10243497,17
10243648,1
10243895,51
10244388,1
10244450,73
10245584,9
10245677,1
10245880,16
10245953,3
10245959,31
10246002,1
10246013,1
10246134,82
10246816,1
10247250,6
10247376,2
10247679,0
10247766,1
10247793,2
10248067,0
10248539,0
10248690,10
10249411,4
10249886,47
10249927,1
10250438,14
10250621,27
10250647,2
10251082,73
10251114,2
10252387,4
10252499,7
10252712,16
10252908,7
10252921,68
10252962,0
10252999,21
10253367,2
10253408,1
10254619,1
10254681,5
10255192,1
10256457,20
10257476,13
10260862,1
10262379,60
10262580,0
10263284,3
10263395,0
10263516,45
10264880,0
10265675,0
10265814,1
10265988,25
10266171,5
10266428,2
10267034,23
10267050,1
10268145,2
10268712,43
10270687,56
10271848,2
10271884,36
10272000,0
10272326,1
10272840,2
10273206,3
10273251,45
10273462,0
10273647,30
10274257,66
10275361,61
10276934,0
10277543,1
10277812,4
10278229,1
10278364,1
10278507,1
10279573,1
10279737,57
10280355,1
10280391,13
10280416,0
10281169,1
10281702,9
10282058,4
10282063,58
10282176,1
10282278,29
10282292,10
10282408,1
10282713,3
10282857,0
10283008,40
10283038,67
10283688,11
10289124,67
10289394,3
10289872,36
10291680,1
10292088,1
10292231,43
10293298,16
10295156,0
10295857,19
10295995,4
10296063,0
10296588,2
10296902,5
10298106,3
10298550,54
10298748,20
10298824,21
10298845,0
10299477,66
10299725,1
10299827,0
10299870,3
10301140,23
10307179,22
10307776,1
10307958,49
10308738,64
10309007,1
10309115,2
10309255,53
10309942,8
10310103,8
10310874,29
10311049,4
10311299,0
10311898,3
10312071,5
10312309,0
10312486,14
10313271,1
10313703,52
10314379,6
10315444,3
10315973,22
10315976,1
10316547,2
10316551,74
10316575,1
10316743,1
10316923,1
10317919,22
10318220,2
10318395,61
10318675,8
10318684,49
10318776,22
10319189,62
10319730,7
10319795,0
10319866,1
10320083,1
10320928,0
10321100,50
10322621,2
10323094,64
10327434,3
10328424,12
10328582,17
10328877,4
10330927,33
10331878,5
10332161,9
10332440,46
10332767,0
10333143,1
10333304,10
10333496,1
10333985,4
10334259,0
10334881,13
10335191,56
10335793,1
10335950,9
10337293,1
10337511,0
10337846,0
10338678,29
10338696,5
10338770,2
10338833,0
10338839,8
10339044,81
10339057,13
10340247,53
10340745,0
10340849,1
10340867,26
10340994,9
10341262,0
10341271,68
10341382,1
10341439,5
10341640,2
10341932,75
10342005,2
10342059,0
10342295,13
10342404,0
10342448,8
10342646,1
10342713,23
10342743,1
10342806,6
10344882,0
10345066,1
10345574,2
10350120,1
10350911,70
10351249,82
10351366,20
10351753,0
10352410,1
10352632,7
10353449,58
10353711,1
10354038,33
10354208,1
10354471,43
10354742,1
10354815,1
10355928,4
10356080,0
10356239,20
10356808,4
10356916,56
10356966,52
10357730,23
10358093,3
10358311,78
10359485,0
10359486,32
10359492,41
10360144,14
10360180,71
10361285,4
10361844,39
10362013,1
10362016,56
10362194,4
10362710,13
10363093,9
10363118,6
10363197,0
10363852,0
10364229,0
10364442,1
10364566,12
10364604,36
10365451,0
10365516,53
10365862,18
10366096,11
10366137,1
10366219,31
10366441,5
10366570,69
10366904,2
10367519,1
10367650,1
10367677,3
10367884,22
10368055,14
10368358,43
10368714,52
10369062,0
10370374,1
10370929,1
10376078,1
10376622,51
10376627,30
10376897,1
10377156,28
10377405,18
10377445,0
10377924,80
10378518,0
10378774,0
10379439,83
10379700,8
10379735,79
10380644,26
10380993,6
10381123,4
10381492,1
10381777,56
10381888,81
10382377,67
10382430,0
10382822,0
10383636,1
10383904,29
10384098,0
10384216,3
10384319,11
10384698,1
10385807,0
10386341,78
10386789,1
10387132,73
10387320,1
10387851,5
10387852,1
10388054,20
10388543,2
10388585,0
10389715,40
10389934,2
10390088,25
10390220,4
10390274,1
10390481,2
10391118,3
10391229,14
10392041,0
10392472,5
10392932,1
10393166,0
10393619,4
10399663,20
10399893,3
10401534,2
10403667,0
10404087,0
10404385,8
10404638,79
10404671,11
10405094,1
10407271,30
10407723,73
10408631,1
10408789,26
10408816,0
10409494,6
10409669,32
10409905,8
10410022,0
10410597,4
10410795,21
10410959,13
10411533,3
10411665,17
10411679,5
10411803,21
10412006,0
10413100,1
10413124,2
10413262,1
10413399,80
10413491,12
10413567,1
10413576,58
10413642,12
10413927,60
10414065,1
10414445,1
10414777,55
10415070,42
10415370,17
10416461,0
10417214,4
10417430,61
10417797,9
10422846,23
10425030,2
10425759,51
10426358,4
10426976,0
10427362,76
10428054,16
10429094,1
10429702,1
10429779,1
10429806,1
10430006,0
10430127,1
10430287,1
10430591,5
10430628,7
10430662,0
10430715,1
10431267,6
10432610,0
10433284,0
10433841,1
10433860,2
10433918,0
10434438,1
10434573,17
10435225,9
10435577,19
10435733,40
10435862,7
10436554,2
10436734,7
10437027,8
10437634,0
10437777,0
10437811,37
10437826,4
10437887,1
10438257,5
10438280,0
10438662,68
10439184,3
10439885,0
10440798,0
10441075,41
10445597,1
10445864,7
10447227,1
10447360,1
10447691,0
10448600,0
10448885,4
10449111,3
10449466,1
10449728,19
10449941,2
10449964,62
10450688,60
10451057,0
10451267,0
10451359,3
10451489,12
10451508,3
10451613,2
10451701,0
10452249,30
10452524,13
10452541,52
10454253,1
10454628,34
10454801,1
10455138,8
10456631,7
10457363,0
10458115,8
10459237,3
10460113,31
10460302,0
10460315,0
10465447,15
10466072,3
10467179,6
10467390,38
10469243,2
10470083,23
10470258,66
10470375,3
10470455,0
10470677,10
10472004,4
10473730,7
10473849,1
10474225,1
10474722,14
10474780,19
10475237,62
10475319,0
10475700,1
10476119,16
10476135,0
10476319,1
10476556,58
10476782,2
10477683,76
10477698,26
10477978,1
10478904,3
10482486,1
10482554,74
10484019,20
10486974,0
10488146,70
10488206,10
10488464,5
10488831,32
10488915,12
10489306,3
10489326,64
10489896,1
10489923,1
10490134,4
10490263,57
10490373,22
10490929,28
10490947,1
10491070,3
10491137,1
10491340,14
10491594,40
10494337,1
10495299,0
10495620,21
10495884,1
10496401,0
10497886,1
10498577,1
10499025,1
10500033,0
10500085,1
10500222,2
10500406,21
10500815,1
10500873,1
10500992,5
10501331,56
10501920,25
10503392,55
10504508,0
10507161,2
10510846,6
10511064,0
10512466,0
10512812,20
10512817,6
10513228,47
10513499,2
10514152,1
10514166,2
10515677,1
10515838,26
10515875,19
10515993,16
10516322,34
10516424,19
10516610,2
10516626,23
10516819,25
10518694,0
10518896,3
10519216,0
10519429,10
10519519,8
10520431,2
10520668,2
10521059,4
10523618,55
10524365,68
10524460,1
10524938,2
10525851,10
10525911,41
10526346,2
10526871,69
10526955,0
10527013,1
10527274,6
10527486,35
10527956,10
10529176,3
10530373,18
10535630,1
10536156,0
10537216,27
10537769,1
10538427,51
10538536,0
10539491,65
10540175,19
10540927,47
10541080,13
10541201,28
10541260,1
10541488,15
10541837,1
10542167,4
10542347,31
10542668,0
10542679,27
10542965,2
10543277,2
10544439,1
10545027,18
10546254,31
10546396,7
10546568,1
10546606,0
10547353,2
10548910,6
10549054,43
10549445,43
10549650,1
10549714,0
10549781,5
10550240,8
10550349,0
10550543,1
10551087,1
10551675,38
10551825,1
10552168,1
10552983,40
10554070,13
10560148,1
10560986,1
10561130,0
10561771,11
10562085,0
10562462,28
10562668,20
10562789,45
10562990,2
10563076,1
10563387,1
10563493,1
10563586,12
10564163,11
10564375,5
10564483,8
10564621,7
10564702,1
10565686,0
10566302,77
10568153,7
10568208,76
10568646,1
10568695,2
10569249,31
10569568,2
10569804,0
10569865,2
10569945,11
10570156,27
10570447,31
10570660,1
10571112,1
10571255,0
10571323,3
10571889,5
10572094,63
10572807,23
10573225,78
10573273,0
10574604,5
10575811,2
10575817,0
10576118,0
10576813,1
10577023,39
10579428,16
10582297,38
10582695,22
10585446,1
10586336,24
10586633,1
10588057,0
10588705,18
10588741,1
10589684,70
10589700,1
10589945,27
10590105,2
10591112,1
10591234,2
10594419,52
10594705,3
10595000,64
10595374,68
10595677,35
10595963,2
10596279,13
10596295,1
10596315,1
10596652,1
10596990,1
10597161,61
10597695,1
10597780,9
10598043,0
10598766,2
10598941,9
10599045,1
10599796,4
10603050,1
10605445,75
10606531,0
10607372,0
10608844,76
10608956,0
10609213,0
10609249,37
10609274,18
10609790,24
10609963,1
10610434,6
10612067,71
10613007,2
10613607,4
10613823,35
10613950,0
10614204,18
10614832,10
10615116,29
10615184,8
10615569,1
10615883,45
10616998,0
10617247,2
10617859,1
10618948,33
10619208,12
10619400,0
10619886,22
10624485,6
10625435,4
10627621,10
10627898,26
10628495,1
10628593,11
10629434,1
10629596,1
10629860,1
10630302,78
10630738,3
10631005,1
10631165,1
10631279,1
10631426,5
10631540,0
10631930,4
10632141,1
10632572,0
10632893,9
10632936,28
10632973,0
10633603,4
10633895,0
10634051,1
10634446,6
10634652,0
10634933,7
10635913,0
10636394,2
10636576,1
10636755,1
10637378,35
10644142,1
10645518,0
10645546,5
10646179,20
10646642,4
10647051,0
10647977,38
10648481,45
10648628,3
10649625,29
10650496,1
10651786,24
10652203,10
10652427,0
10652993,1
10653607,2
10653956,73
10654319,43
10654803,0
10656197,2
10656360,0
10656617,1
10656844,1
10657080,60
10657771,4
10658613,47
10659041,0
10659552,2
10659808,3
10659825,2
10659999,4
10660058,0
10660121,76
10660502,0
10665558,10
10670128,22
10670635,8
10670716,23
10671323,3
10671380,1
10671576,2
10671589,1
10672723,25
10672907,15
10673293,16
10673957,71
10674299,36
10674385,0
10674836,2
10674978,9
10675210,7
10675218,1
10676073,76
10676246,0
10676766,0
10676786,0
10676937,1
10676959,21
10679350,29
10679588,22
10679702,70
10679740,0
10679868,20
10680344,33
10680375,3
10681362,1
10681535,81
10682536,13
10683459,1
10683993,15
10684138,36
10684159,29
10684164,1
10684258,73
10684843,0
10685439,58
10685883,78
10685892,77
10686406,1
10686719,17
10686990,50
10688178,58
10695412,1
10696356,5
10696570,51
10697332,0
10697868,0
10698161,0
10698557,1
10699318,77
10699546,11
10699580,48
10700115,3
10700310,3
10700393,4
10700458,3
10701112,1
10701343,1
10701872,12
10701931,0
10702087,0
10702489,35
10702506,5
10703299,10
10703534,0
10704883,2
10705086,1
10705110,11
10705585,3
10706099,33
10706430,1
10706850,20
10706857,15
10707557,1
10708420,5
10708561,9
10708584,3
10708789,1
10708999,46
10709205,74
10709249,79
10709570,0
10709859,54
10710788,1
10717518,54
10718789,44
10719319,26
10719585,2
10719995,1
10720124,1
10720191,1
10721301,0
10721609,0
10721909,1
10721957,2
10723142,5
10723230,1
10723310,39
10723651,1
10724150,30
10724373,19
10725310,2
10725410,1
10725467,24
10725570,1
10726217,26
10727010,44
10727155,3
10727559,1
10728067,4
10728750,0
10729016,77
10729421,72
10729750,10
10729911,0
10730260,11
10730693,68
10731317,11
10731545,72
10731673,1
10732265,1
10732441,4
10732564,4
10732710,13
10732830,1
10733012,4
10734081,5
10737301,0
10741013,2
10741445,3
10741638,2
10743361,1
10743445,42
10743488,0
10743489,0
10744110,0
10744427,0
10745696,55
10746029,2
10746511,5
10746785,0
10747030,1
10747093,2
10747346,1
10747810,18
10748040,48
10748496,0
10748793,14
10748860,1
10749081,12
10749273,1
10750143,1
10751336,0
10751938,2
10752111,0
10752798,1
10753120,0
10753199,19
10753967,1
10754079,5
10754087,78
10754796,1
10755235,7
10755415,1
10755419,1
10756521,11
10756804,2
10761649,4
10761792,3
10765525,29
10765607,38
10766138,1
10766262,2
10766309,31
10767935,1
10768289,0
10768463,0
10769127,46
10769208,73
10769917,1
10770507,54
10770541,18
10770544,22
10770650,65
10770759,0
10770836,0
10771026,0
10771052,1
10771754,27
10771959,3
10772141,7
10772535,7
10772764,2
10773150,1
10773475,26
10774201,0
10776367,1
10777069,1
10777581,15
10780568,1
10780675,1
10781170,3
10781583,5
10781865,1
10782390,36
10782463,0
10782753,14
10782966,0
10783044,12
10783175,2
10783448,1
10783750,1
10784969,6
10785643,0
10785752,1
10785755,19
10786255,6
10786393,5
10786987,63
10787042,15
10787056,8
10787314,20
10787316,1
10787482,3
10787823,1
10787897,2
10789121,0
10789163,23
10789551,0
10789664,0
10790087,61
10790425,43
10790817,0
10791008,37
10791190,3
10791277,2
10791753,0
10795948,34
10798454,10
10798550,1
10798553,9
10799408,77
10800831,1
10801360,4
10801738,0
10801937,1
10802342,0
10802654,19
10804123,6
10805436,2
10805658,0
10805767,1
10807423,18
10807460,1
10807685,1
10807702,1
10807789,59
10808108,12
10808493,0
10808999,37
10809205,5
10809542,17
10809958,0
10810042,20
10810141,1
10810728,0
10810807,1
10811112,5
10811496,3
10811581,2
10811591,1
10812641,2
10812960,0
10813793,0
10822131,1
10823515,3
10823991,2
10824027,3
10824378,1
10824492,1
10824756,1
10825308,1
10826224,76
10826734,0
10827051,6
10827093,1
10827307,5
10827567,73
10828985,70
10829384,55
10829701,12
10830580,34
10830815,26
10831241,36
10831913,0
10832123,5
10832131,2
10832172,1
10832913,1
10833173,2
10834145,28
10834514,12
10835173,0
10836657,0
10836760,0
10836805,32
10836896,3
10837242,6
10837349,16
10837442,0
10837508,10
10837866,77
10838084,43
10838188,2
10838791,3
10839036,1
10842610,17
10843988,66
10846184,0
10847986,1
10849426,0
10849516,19
10850026,51
10850072,0
10851299,4
10851925,1
10852007,3
10852152,10
10852790,1
10853313,67
10853573,2
10853955,45
10854168,38
10854585,29
10855312,2
10855464,76
10857325,5
10857432,1
10857723,2
10858150,20
10858331,14
10858411,1
10858582,2
10858699,1
10858829,46
10859514,0
10859773,4
10860176,27
10860601,1
10861130,15
10861663,1
10861883,2
10863069,1
10863335,0
10863853,14
10864062,17
10864782,1
10864852,8
10865235,3
10866450,0
10869804,1
10870670,0
10871497,12
10872646,1
10872842,12
10873150,1
10873374,7
10873946,14
10874577,2
10875244,0
10875296,3
10875500,11
10875536,4
10875630,1
10876137,5
10876317,1
10877191,74
10877214,1
10877433,1
10878243,4
10879117,2
10879246,4
10879253,13
10880196,9
10880486,5
10880846,4
10881075,1
10881347,9
10882414,0
10882692,0
10883121,24
10883292,0
10884185,2
10884260,55
10884683,3
10884990,12
10885414,44
10886453,33
10886532,4
10886689,61
10886778,5
10887091,0
10887262,10
10887265,60
10887433,0
10887444,0
10887645,24
10887847,77
10888320,66
10888404,0
10889543,1
10895011,0
10896274,1
10896750,3
10897696,78
10898205,1
10898458,1
10898767,0
10899030,5
10900130,68
10900270,2
10900511,5
10901062,6
10901255,29
10902014,4
10902729,12
10903055,17
10903419,19
10906344,9
10906862,46
10907380,0
10907477,0
10908209,52
10908338,1
10908520,3
10908616,0
10908904,1
10909367,1
10909389,1
10909743,22
10909987,76
10910332,1
10910694,2
10913636,4
10914578,0
10914679,0
10915008,0
10915617,0
10918507,37
10918885,21
10919060,1
10919160,48
10920487,0
10920758,5
10921091,0
10921135,0
10922736,4
10923161,51
10924986,0
10925158,57
10925844,1
10925899,3
10926381,4
10926473,1
10926625,1
10926997,3
10927228,1
10927972,1
10928176,3
10928250,16
10929569,0
10930222,1
10930244,1
10931273,2
10932059,3
10934694,10
10937904,0
10938202,7
10938519,51
10938544,30
10938850,14
10939168,75
10939344,17
10940099,1
10940182,5
10941326,7
10941625,4
10941748,1
10941762,63
10941782,0
10941982,2
10942806,1
10942986,0
10943005,69
10943065,1
10943114,0
10943909,0
10943915,58
10943951,27
10944323,0
10944989,1
10945456,0
10945536,0
10945632,65
10945985,10
10946644,59
10947377,1
10947965,15
10948538,11
10948619,2
10948774,0
10949026,1
10951019,54
10953231,0
10955799,0
10956433,45
10957003,1
10957579,1
10958169,20
10958463,62
10958668,0
10959341,0
10959754,1
10961231,60
10962164,5
10962323,1
10962507,1
10962710,1
10963122,44
10963433,72
10965252,0
10965574,3
10965810,0
10966022,1
10966240,0
10966471,1
10967026,52
10967404,17
10967698,3
10967760,0
10968498,1
10968828,0
10968894,23
10968972,3
10968982,15
10969203,20
10969492,1
10969864,6
10970314,53
10970381,34
10970872,7
10971200,16
10971444,1
10971590,5
10971781,0
10974609,1
10975762,0
10978055,1
10978135,52
10980266,1
10980554,1
10981677,11
10982173,4
10982449,1
10982490,0
10983426,65
10983433,40
10983794,5
10984202,1
10984340,9
10985093,18
10985169,1
10986007,2
10986246,2
10987024,78
10987342,20
10987461,4
10988431,3
10988682,69
10988898,10
10989359,3
10989958,49
10990088,0
10990123,5
10992628,77
10994503,62
10994530,17
10995025,0
10995810,0
10995951,4
10996034,1
10996215,0
10996416,13
10996424,4
10996466,5
10996543,1
10996946,6
10996977,11
10997172,6
10997236,31
10997410,2
10997789,50
10998154,1
10999819,7
11006092,1
11006093,8
11006134,1
11006779,69
11007370,3
11007719,7
11007827,3
11008081,0
11008371,0
11008530,35
11008877,2
11009445,1
11009529,74
11009761,9
11010008,73
11010920,0
11010923,1
11012185,1
11013121,0
11013385,8
11014002,9
11014386,1
11015270,8
11015920,1
11016267,1
11016289,0
11016751,4
11017918,42
11018410,0
11018744,70
11019597,9
11019971,4
11020405,0
11020862,61
11021048,1
11021108,34
11021148,11
11021160,26
11021221,47
11021376,17
11021593,23
11021889,0
11022274,39
11022523,11
11022864,28
11022939,0
11030761,19
11030995,1
11031876,0
11032098,0
11032472,51
11032561,0
11032614,8
11032615,0
11033331,2
11033476,1
11035490,11
11035722,1
11036133,37
11037105,0
11037414,3
11037425,77
11037514,1
11037962,3
11038817,4
11039124,0
11039158,8
11039221,8
11039478,8
11039689,1
11040114,1
11040513,0
11041690,24
11043453,5
11043651,1
11043804,3
11044169,1
11044229,0
11044326,16
11044369,1
11044383,3
11044397,10
11044578,21
11045609,21
11045683,10
11045981,0
11046564,7
11046590,9
11046598,70
11046693,30
11046801,27
11046858,20
11046927,20
11046995,0
11047173,53
11047193,1
11047353,1
11048669,69
11053833,6
11056821,1
11057141,1
11057184,7
11057942,8
11058643,2
11058935,7
11059197,0
11059952,71
11060328,54
11060380,1
11060513,1
11061063,3
11061197,4
11061511,32
11062031,3
11062629,1
11062697,2
11062704,2
11063065,1
11063451,3
11063535,0
11063671,1
11064012,19
11064671,19
11064777,0
11065571,0
11065633,1
11065965,11
11067629,1
11068187,3
11068630,2
11069031,12
11069102,26
11069164,3
11069291,0
11069663,1
11070137,69
11070633,0
11070795,6
11071503,2
11072683,8
11077282,33
11078285,0
11078388,0
11078640,1
11078859,0
11079022,39
11079478,1
11079731,46
11081261,11
11081447,3
11081671,1
11082443,23
11082830,1
11083755,41
11084143,62
11084436,62
11084965,4
11084990,2
11085012,15
11085352,0
11085397,0
11086379,0
11086720,77
11086972,11
11088381,14
11089123,21
11089290,4
11089397,32
11091488,1
11091565,2
11091711,1
11095719,54
11095796,11
11096034,4
11096605,28
11098152,5
11098335,17
11098551,15
11098587,21
11098829,9
11099089,10
11099853,1
11100352,3
11100490,70
11100541,60
11100996,1
11101525,3
11101926,52
11102164,1
11102712,2
11102976,0
11105182,1
11105331,1
11105457,49
11105533,13
11105968,1
11106206,6
11111303,75
11113333,2
11113554,3
11115324,1
11115426,23
11116289,0
11117800,0
11117896,8
11118404,5
11118437,20
11118670,0
11120851,20
11121029,67
11122003,68
11122042,50
11122822,15
11123276,5
11123735,39
11124058,1
11124422,1
11124613,26
11124655,51
11124862,3
11124954,1
11125166,81
11125209,76
11125724,2
11125894,1
11126103,1
11126226,1
11126621,6
11126759,28
11126767,1
11126883,8
11129145,1
11131304,15
11132775,1
11134972,1
11135512,5
11136050,1
11136924,0
11136996,1
11137712,0
11137758,46
11137966,1
11137993,0
11138618,1
11138823,68
11138901,0
11138910,7
11139180,1
11139968,25
11140165,22
11140302,76
11141939,8
11142154,7
11143122,12
11143222,2
11143462,64
11143545,0
11143891,5
11144011,0
11144409,1
11144496,0
11144544,19
11144715,56
11144797,12
11145222,7
11145523,1
11145689,0
11145913,18
11146017,15
11146432,80
11146488,1
11146502,1
11147172,3
11147693,1
11147823,0
11147918,4
11148320,1
11148342,13
11148433,3
11148990,13
11149221,31
11151100,5
11151103,9
11153891,1
11153996,1
11155963,10
11156427,13
11158544,0
11159093,19
11159400,1
11159720,0
11159859,1
11160167,23
11160700,2
11160734,4
11161067,29
11161207,1
11161660,78
11161908,10
11162192,1
11162475,18
11162591,4
11162906,0
11162977,17
11163043,0
11163136,1
11163491,15
11164047,21
11164714,63
11164743,1
11164967,8
11165063,1
11165126,65
11165328,17
11166113,61
11167085,1
11167183,2
11167381,40
11167618,18
11168007,1
11168411,0
11168514,0
11168825,34
11169660,7
11169926,1
11170165,35
11170320,1
11170672,6
11175261,22
11175685,59
11176944,2
11177192,1
11177205,1
11177756,11
11177837,67
11178582,13
11179088,0
11179160,0
11179453,1
11180110,4
11180903,16
11181379,0
11181405,63
11181948,2
11182179,2
11182302,28
11182804,35
11182862,1
11182867,51
11183391,36
11183669,1
11183868,27
11183878,23
11183989,0
11184440,0
11185068,1
11185197,1
11185707,0
11185729,31
11185849,1
11185993,3
11187424,69
11187722,28
11189017,2
11190071,2
11190248,68
11190303,1
11190306,0
11190497,28
11190511,15
11190515,1
11190519,21
11190604,1
11190698,61
11190701,0
11190831,56
11191242,61
11191459,1
11191474,4
11191763,1
11191899,1
11191992,1
11192139,0
11192178,4
11192257,28
11192516,3
11192586,1
11194693,80
11199636,2
11200375,11
11201486,1
11201676,75
11201707,0
11202061,0
11202399,1
11202569,34
11202649,36
11202870,38
11203313,0
11204732,1
11205241,1
11205265,6
11205447,7
11205980,0
11206340,12
11206364,0
11206528,3
11206920,7
11207036,26
11207101,16
11207181,0
11207238,0
11207722,0
11208218,4
11208635,0
11208720,0
11209647,6
11209798,59
11210604,14
11210913,1
11211310,0
11211589,10
11211612,1
11211665,0
11211669,2
11211865,12
11211985,0
11212177,23
11212449,58
11213730,0
11214883,9
11215771,4
11216394,0
11216492,1
11216918,4
11217893,0
11218116,0
11218246,3
11219929,21
11220997,0
11221125,37
11221362,0
11221482,4
11221821,26
11221835,21
11222408,15
11222927,1
11222933,38
11223389,50
11223800,3
11223995,7
11224460,0
11224970,2
11225219,6
11225591,10
11225819,2
11225849,0
11226397,11
11226985,1
11227489,32
11227558,77
11227612,1
11227620,2
11228416,1
11228502,1
11228512,1
11228726,1
11229663,9
11234656,6
11235102,1
11235370,5
11235824,64
11236956,0
11237554,0
11237750,2
11238039,0
11238591,2
11238744,22
11238936,3
11239248,40
11239295,3
11239332,4
11239716,3
11240074,1
11240470,2
11240749,2
11240758,0
11241043,0
11241381,2
11241637,1
11241794,13
11242039,5
11242292,0
11242310,1
11242469,1
11242777,60
11243434,78
11243444,70
11243621,6
11244622,46
11244946,0
11249069,0
11250755,4
11251296,76
11251308,54
11251511,2
11252576,0
11253076,5
11253351,0
11253929,79
11254338,0
11254551,2
11254989,14
11255088,0
11255157,83
11255694,33
11256539,1
11257441,8
11257497,1
11258093,0
11258391,13
11258564,14
11258581,8
11259306,15
11259376,2
11259488,1
11259989,0
11260360,0
11260417,3
11260657,0
11261409,1
11261571,0
11261600,12
11261753,0
11261870,31
11262072,0
11267601,2
11270724,7
11270782,1
11271818,2
11272475,3
11274554,5
11274685,4
11274790,0
11275850,2
11275898,9
11276353,44
11276602,78
11276876,1
11276915,2
11277343,1
11277765,4
11277955,1
11278290,1
11278868,4
11278993,79
11279405,0
11279652,0
11279820,0
11279847,20
11280089,78
11280391,31
11280429,0
11280492,1
11280583,37
11280866,49
11281365,78
11281393,72
11281913,0
11282325,40
11283088,0
11283535,1
11284186,3
11284626,0
11291158,1
11291559,21
11292217,0
11292338,69
11292496,1
11292970,0
11293006,15
11293662,0
11293767,1
11293937,41
11294494,0
11294538,2
11294902,0
11295457,0
11295630,0
11296409,35
11296590,3
11297941,12
11298162,70
11298300,1
11298511,0
11298615,1
11298718,1
11298867,0
11298955,4
11299099,1
11299717,0
11299824,71
11300198,1
11300414,2
11301286,1
11301359,2
11302298,0
11302389,0
11302521,1
11302886,33
11302971,0
11303015,0
11303236,0
11303306,5
11303478,0
11303624,24
11303818,0
11303934,75
11304069,16
11304325,6
11304805,10
11305815,31
11306483,1
11314451,29
11314756,7
11315042,0
11315425,1
11315578,42
11315644,56
11315999,77
11316411,5
11316674,3
11317742,7
11317816,1
11319105,72
11319762,32
11319858,0
11320246,27
11320849,53
11321005,2
11321410,4
11321484,0
11322077,10
11322263,0
11322323,2
11322391,5
11322591,12
11323007,1
11323397,68
11323433,60
11323444,56
11323476,0
11323526,57
11323529,58
11323545,2
11323583,45
11323609,62
11323801,23
11323922,1
11324173,73
11324200,4
11325050,32
11325485,0
11325499,0
11325635,71
11325656,2
11325695,4
11325775,6
11325941,4
11326009,11
11326272,20
11326908,0
11328979,5
11333478,10
11334476,55
11335160,6
11335302,4
11335747,49
11335931,27
11338624,0
11338807,13
11338848,4
11339046,0
11339377,3
11339876,3
11340424,1
11340542,0
11340781,25
11340871,0
11340884,12
11341650,0
11341723,0
11342027,0
11342626,0
11343196,47
11343331,13
11343728,5
11343779,1
11344102,24
11344203,0
11344745,1
11344750,71
11344902,9
11345083,0
11345116,2
11345723,1
11346699,0
11347963,0
11351798,7
11352165,1
11352494,43
11353310,2
11353885,1
11354002,3
11354781,0
11355823,22
11355871,0
11356941,37
11357052,1
11357182,10
11357237,23
11357269,65
11357606,0
11357735,9
11357801,58
11359026,3
11359610,9
11359701,2
11360407,17
11360854,9
11361106,70
11361320,2
11361471,22
11361502,2
11361791,2
11362029,3
11362387,61
11362414,3
11362506,0
11362675,0
11363037,20
11363459,13
11363537,0
11367687,0
11368277,1
11369211,7
11369889,10
11370129,17
11370914,3
11371510,1
11371773,5
11371974,1
11372088,1
11372929,0
11373637,0
11373899,4
11374189,4
11374317,32
11374387,8
11374404,2
11374453,10
11374542,0
11375128,0
11375235,1
11375733,0
11375875,2
11375909,1
11376516,64
11376684,70
11376730,20
11377233,31
11377308,1
11377582,45
11377665,25
11377777,2
11377966,0
11378048,10
11378146,9
11378821,8
11378856,1
11379331,4
11379978,1
11380176,10
11381288,11
11387191,75
11387473,0
11387731,2
11387925,0
11389328,0
11390263,0
11390265,0
11390786,5
11391101,18
11391284,20
11391457,20
11391476,0
11391541,3
11391713,3
11391811,0
11391863,16
11391896,0
11393199,62
11393822,0
11394189,42
11394389,33
11394722,0
11394906,5
11395511,35
11395752,0
11396083,42
11396198,20
11396906,27
11396922,5
11396943,0
11396957,5
11397010,0
11397187,49
11398266,1
11398939,0
11399642,3
11400001,37
11400460,37
11405149,2
11406174,1
11406761,5
11406814,0
11407817,0
11407839,56
11408491,0
11409352,6
11410116,80
11410580,1
11411111,2
11411552,2
11411760,17
11411839,14
11412104,26
11412169,2
11413034,26
11413562,1
11413728,0
11414531,76
11415685,0
11415772,29
11416121,0
11416321,10
11416953,19
11417214,0
11417447,23
11417923,36
11417985,2
11418784,1
11418938,71
11419133,0
11419305,7
11419407,30
11419481,0
11419565,1
11419801,2
11420657,2
11420814,12
11420840,38
11421292,79
11421345,36
11421477,33
11421502,19
11421608,43
11421679,0
11421969,40
11421994,70
11422056,73
11422256,2
11422359,11
11422779,16
11422825,2
11423050,4
11423260,0
11423400,0
11426779,2
11427854,1
11428129,0
11430572,66
11431669,0
11432120,55
11432431,4
11433851,1
11433954,0
11434047,1
11434565,3
11434934,28
11434982,11
11435373,70
11435419,1
11435529,4
11435841,74
11436132,40
11436982,1
11437323,22
11438045,6
11438561,29
11438999,0
11439208,5
11440004,1
11440243,0
11440548,7
11440798,21
11441130,0
11441138,52
11441293,16
11441498,0
11442376,1
11442670,5
11442701,1
11443028,0
11443205,11
11443421,20
11443837,0
11444224,17
11446915,11
11447448,30
11447550,38
11447572,24
11448534,1
11449801,0
11450241,0
11450458,10
11450791,0
11451597,57
11452958,0
11453557,0
11453815,1
11455062,6
11455267,1
11455351,1
11455873,26
11456014,3
11456047,0
11456088,1
11456179,0
11456753,3
11457332,30
11457547,47
11457577,2
11457693,0
11457714,0
11458219,21
11458475,1
11458516,5
11459084,16
11459099,0
11459958,60
11460617,9
11460773,37
11460933,6
11461331,11
11461509,2
11461813,28
11461918,0
11461980,3
11462136,69
11462148,0
11462241,1
11462440,0
11462446,25
11462720,77
11462828,1
11462836,3
11463363,5
11464188,0
11470197,0
11470210,67
11470530,28
11471104,4
11471120,27
11471575,1
11472013,1
11472060,0
11472593,4
11473571,8
11474206,0
11474440,0
11474496,2
11474664,71
11474958,36
11475174,0
11475664,3
11475777,1
11475963,76
11476271,3
11476912,2
11476971,1
11477187,21
11477203,73
11477302,5
11478453,4
11479296,10
11479550,2
11480726,5
11480835,0
11481357,1
11481544,8
11481548,28
11481656,35
11481723,2
11481822,1
11483117,4
11483376,44
11486357,5
11487102,1
11488475,22
11489613,16
11490330,1
11491051,0
11491092,2
11492508,15
11494114,29
11494226,1
11494510,0
11495048,4
11495797,12
11496387,0
11496584,22
11496607,59
11496968,59
11497341,44
11497449,20
11497469,1
11497474,9
11497677,0
11497760,0
11497795,4
11497826,15
11497855,3
11497883,0
11497938,26
11497996,0
11498017,8
11499224,4
11499514,0
11502010,15
11505351,0
11506248,9
11506960,0
11507286,1
11507817,50
11507900,1
11508105,14
11508499,23
11508642,72
11509497,3
11510417,26
11510483,46
11510524,3
11510624,0
11511154,5
11511197,5
11511431,41
11511507,10
11511592,9
11511603,54
11511643,8
11512267,0
11512366,11
11512404,3
11512622,6
11513249,4
11514229,9
11514943,5
11517530,6
11518206,11
11518834,62
11519438,13
11521111,0
11521447,72
11524437,8
11524783,6
11525495,5
11525851,2
11525940,1
11526771,0
11526816,0
11527477,0
11529467,5
11529598,49
11529701,35
11529770,7
11529778,78
11530592,4
11530668,9
11530851,77
11531130,0
11531134,8
11531322,10
11531338,0
11531356,0
11531434,3
11531570,1
11531708,3
11532045,14
11532391,0
11532526,3
11532531,22
11533402,0
11533501,61
11533760,6
11534035,54
11534543,5
11535351,66
11540867,20
11543031,1
11543818,1
11544234,1
11544408,32
11544438,57
11544737,0
11545979,24
11546021,35
11546119,10
11546336,1
11546520,3
11547352,0
11547379,32
11547400,17
11547596,0
11547640,53
11547967,45
11548043,0
11548429,11
11548744,5
11549061,3
11549213,0
11550670,27
11550967,4
11551271,2
11552402,74
11552627,2
11552651,22
11552717,2
11552808,34
11552907,7
11553357,13
11553359,0
11553403,24
11553451,0
11553484,58
11553543,31
11553749,6
11553908,0
11554076,0
11554091,29
11554113,27
11554172,0
11554224,2
11554428,1
11554894,40
11554990,0
11555360,15
11555593,23
11555646,0
11556043,0
11556421,0
11559698,8
11561228,10
11561251,52
11562827,0
11563472,16
11563484,0
11563582,0
11564228,3
11564448,0
11564742,33
11564960,0
11565062,1
11565272,14
11565394,3
11565841,15
11565921,17
11566457,0
11566577,38
11566601,0
11567620,1
11567648,0
11567964,2
11567978,81
11568026,4
11568039,0
11568343,1
11568637,71
11568937,1
11568987,79
11569226,64
11569354,2
11569560,5
11569882,3
11570121,0
11570148,0
11570191,0
11570685,65
11571119,63
11571180,1
11571416,52
11571525,20
11571619,0
11571841,53
11572181,75
11572529,73
11572967,45
11573090,4
11573143,0
11573155,12
11573249,0
11573269,7
11573316,2
11573695,0
11573939,19
11574057,0
11574461,55
11574674,67
11574679,0
11574785,49
11574884,39
11575767,39
11580884,0
11581423,3
11581475,0
11582733,24
11582842,3
11583591,62
11583798,10
11584182,9
11584344,28
11584535,43
11584823,0
11585072,0
11585163,17
11585636,40
11585740,6
11585873,1
11586599,1
11587722,31
11587779,3
11587800,0
11588003,1
11588098,3
11588250,77
11588364,0
11588746,2
11589448,9
11589713,0
11589772,7
11589822,5
11590013,3
11590585,6
11590855,1
11591118,6
11591141,0
11591276,0
11591283,25
11591497,0
11591546,70
11591700,33
11591798,74
11591840,78
11591921,21
11591983,0
11592367,11
11592831,61
11592893,0
11593012,50
11593187,56
11593290,1
11593514,0
11593690,22
11593727,64
11594063,5
11595466,14
11597942,3
11598370,0
11598905,0
11600477,1
11601086,0
11601567,2
11601634,29
11601695,8
11602485,0
11602574,9
11603201,3
11603328,0
11603588,68
11603613,3
11603642,1
11603903,19
11605696,35
11605983,12
11606320,0
11606898,17
11607591,15
11607729,60
11607764,0
11608343,29
11608528,0
11608984,0
11610197,1
11610260,16
11610570,1
11610853,3
11611063,1
11611213,65
11611273,0
11611809,1
11611999,37
11616521,0
11616592,66
11617720,4
11617815,38
11617817,0
11618854,48
11619028,0
11619103,33
11619278,30
11619483,1
11619832,49
11620137,18
11620335,2
11620541,5
11620688,23
11620706,10
11620931,2
11621452,78
11622588,1
11622703,34
11623281,20
11623480,0
11624287,54
11624657,11
11624694,79
11624922,0
11625244,67
11625274,16
11625684,70
11625822,1
11625980,6
11626139,47
11626620,0
11626697,1
11627479,8
11630834,0
11631639,1
11632742,0
11633183,5
11633413,7
11633999,16
11634140,66
11634797,6
11635265,0
11635505,24
11635760,9
11635764,1
11635791,10
11636784,45
11637131,2
11637245,0
11637669,56
11637733,7
11638070,11
11638187,0
11638339,0
11638534,3
11638577,80
11638693,10
11638727,5
11639109,3
11639708,2
11639754,1
11639940,3
11640318,1
11640637,9
11640682,0
11640800,3
11640894,2
11640978,0
11641041,74
11641222,1
11641258,12
11641273,1
11641793,1
11642165,2
11642198,57
11642973,0
11643472,31
11643809,6
11646243,42
11646875,17
11647383,7
11647490,3
11647618,69
11647648,61
11647692,71
11647799,1
11648163,68
11648365,0
11649096,39
11649217,2
11649561,6
11649885,3
11649961,2
11650429,31
11650504,1
11650735,1
11651142,25
11651505,71
11651528,0
11651929,4
11652232,59
11652262,9
11652282,0
11652590,8
11652843,1
11654370,3
11654372,0
11654477,0
11655500,30
11656227,0
11656367,1
11656393,13
11656567,0
11656721,0
11657101,26
11657418,17
11657426,0
11657520,25
11657552,5
11658232,4
11658358,6
11658372,0
11658539,0
11658608,2
11658674,50
11658678,0
11658855,1
11658885,55
11658950,3
11659175,68
11659180,45
11659218,1
11659296,27
11659603,8
11659676,53
11659792,4
11660835,4
11661839,0
11665165,8
11667127,6
11667455,1
11667910,50
11669704,48
11669852,30
11669908,45
11670701,46
11672849,21
11672888,13
11673320,22
11673451,1
11673544,2
11673719,67
11674081,23
11674858,6
11675156,0
11675341,20
11675540,4
11675634,9
11675715,54
11675817,7
11676726,0
11676920,50
11676953,8
11676973,65
11677431,4
11677489,30
11677499,7
11678073,0
11678148,4
11678410,35
11678620,0
11679032,75
11679128,48
11679758,1
11681311,17
11685868,36
11687348,66
11687703,10
11688507,0
11688806,7
11689494,48
11689603,27
11689818,6
11690405,0
11690836,0
11691154,22
11691166,15
11691284,6
11691402,39
11691825,36
11692436,6
11693165,0
11693343,45
11694274,16
11694707,1
11695028,3
11695674,15
11696214,2
11696852,0
11697031,49
11697284,1
11697324,1
11698028,61
11698323,3
11698352,3
11699131,1
11699192,60
11699256,45
11699367,23
11699462,2
11700121,5
11700127,67
11701304,57
11701408,11
11702691,44
11707576,33
11708045,0
11709747,47
11710235,1
11710348,46
11710582,11
11711294,72
11711636,1
11711957,76
11712250,1
11712318,80
11712388,0
11712550,48
11712801,0
11712888,0
11712912,0
11713533,0
11713627,74
11713659,0
11713848,45
11714140,0
11714323,44
11714524,46
11714956,8
11715723,3
11716677,21
11716947,9
11718329,0
11718547,52
11719769,2
11719771,1
11719939,13
11720348,0
11720909,72
11721748,3
11721959,3
11722329,2
11723385,5
11724036,10
11724873,69
11729955,1
11730187,79
11730569,0
11731412,5
11731896,1
11732377,0
11732851,35
11733119,1
11733156,0
11733179,1
11733555,1
11733721,23
11733833,5
11733844,3
11736177,1
11737524,74
11739399,10
11740742,35
11740802,72
11741711,12
11742244,4
11742329,4
11742527,29
11742689,2
11743257,21
11743278,68
11743826,2
11744004,76
11749623,0
11750599,3
11751006,1
11751470,23
11751521,3
11751916,2
11751951,4
11753066,0
11753199,10
11753237,0
11753579,38
11753645,39
11754084,20
11754131,0
11754563,0
11754686,0
11755010,9
11755946,12
11756349,42
11757587,4
11757792,2
11758562,44
11759044,1
11759202,4
11759457,10
11760186,36
11761002,65
11761373,10
11765880,0
11766492,56
11766670,22
11767697,2
11768657,0
11768746,0
11768873,3
11769396,6
11769983,5
11771293,0
11771422,0
11771515,14
11772890,1
11774332,5
11774793,1
11775342,0
11775483,67
11775601,0
11775730,0
11775838,16
11776117,1
11776141,10
11776931,2
11777182,67
11777797,4
11778465,6
11778570,0
11784410,29
11784650,0
11786452,1
11786894,0
11786930,16
11787014,14
11787290,10
11787813,0
11788075,2
11788542,6
11788559,21
11789014,12
11789224,0
11789422,18
11789696,1
11790536,58
11790749,1
11791225,9
11791673,34
11791968,58
11793542,0
11793601,8
11794695,1
11795407,8
11795579,2
11796068,27
11796761,11
11798095,0
11798398,33
11798590,4
11798782,6
11798956,7
11798983,1
11799819,1
11800120,67
11800658,0
11800723,4
11800886,0
11801018,17
11801105,0
11801772,0
11801825,0
11802158,1
11802367,58
11802539,2
11804245,19
11804381,5
11804400,7
11807243,6
11808073,68
11811342,0
11812076,73
11812649,57
11812819,37
11813229,0
11813543,35
11813695,1
11814079,47
11814184,1
11815686,2
11816370,14
11816814,33
11816864,31
11816944,0
11817037,11
11817305,10
11818015,0
11818137,75
11818197,12
11818542,75
11818728,48
11819422,3
11820877,3
11821119,1
11821352,18
11821371,2
11821404,51
11821421,20
11821428,76
11822115,0
11822193,1
11824236,81
11824245,63
11824915,78
11825145,1
11825529,71
11825702,0
11825759,8
11825771,0
11826123,0
11826442,37
11826465,3
11826602,14
11826853,3
11827175,9
11827224,1
11828091,56
11828207,10
11828473,0
11829322,2
11829328,4
11829628,0
11830682,3
11838349,46
11839615,0
11839633,42
11840771,64
11841163,4
11841335,1
11841449,67
11841988,2
11842200,69
11842300,1
11843935,3
11844556,45
11844833,2
11844839,16
11845193,0
11847204,12
11847369,22
11847762,33
11847891,39
11847989,19
11848146,48
11848926,2
11848985,38
11850012,4
11850106,16
11850262,1
11850334,1
11850410,28
11850448,4
11850502,23
11850771,8
11850782,34
11850865,1
11851186,0
11851560,50
11851653,3
11851715,23
11852071,4
11852768,51
11858047,14
11858737,0
11859900,0
11859901,9
11860589,0
11860672,54
11860918,29
11861329,1
11861360,4
11861696,0
11862330,3
11862411,40
11862690,0
11863794,0
11864042,2
11864066,7
11864922,2
11865196,68
11865398,14
11866434,1
11867104,2
11867112,73
11867277,62
11868177,0
11868703,3
11868730,75
11869365,34
11869735,0
11869989,32
11870183,2
11871539,0
11871645,51
11871646,1
11871836,37
11871993,73
11872222,1
11872316,8
11872357,1
11872558,0
11872643,9
11873075,15
11873575,2
11874080,0
11875118,81
11880126,10
11880675,5
11880867,45
11881719,5
11882026,3
11883388,0
11884317,49
11884931,40
11885997,1
11888277,1
11890279,36
11890343,83
11890537,81
11890794,53
11890882,5
11891164,31
11891181,0
11891268,6
11891358,3
11891606,44
11891831,39
11891901,0
11892023,1
11892476,11
11892986,26
11893359,42
11893613,2
11893817,6
11895700,1
11896016,1
11899574,4
11903589,2
11904345,68
11904610,61
11904802,0
11904821,5
11905003,3
11905035,1
11905635,28
11906184,68
11906376,9
11906584,5
11907019,58
11907285,11
11908036,0
11908538,37
11909028,74
11909308,77
11909349,0
11909622,0
11909668,73
11909798,0
11910225,1
11910257,0
11910586,32
11910984,2
11911381,1
11911486,11
11911820,16
11911879,43
11917067,0
11918530,9
11918575,2
11919385,0
11919593,10
11919920,1
11920151,29
11920660,24
11921650,0
11922580,74
11923036,2
11924022,1
11924595,2
11924804,0
11924943,9
11925257,25
11925501,1
11925767,67
11926111,1
11926477,15
11927300,6
11927793,7
11928980,0
11929230,0
11929908,11
11933088,2
11933676,59
11935301,28
11937039,28
11937618,69
11937647,1
11937764,72
11939213,25
11940204,6
11940527,13
11941183,17
11942185,0
11943649,4
11943700,0
11943758,0
11943834,44
11944384,16
11944641,8
11944668,63
11945851,1
11946206,8
11946219,46
11947316,5
11947651,7
11947686,0
11947855,75
11949632,0
11949712,22
11950107,17
11950302,10
11950973,4
11953072,0
11954872,8
11960101,3
11961344,0
11962284,0
11962712,66
11964132,5
11964327,2
11964592,0
11964607,10
11966139,56
11966838,21
11966874,10
11967620,6
11967963,41
11968539,27
11968958,8
11969329,2
11969336,9
11970048,3
11970212,50
11970285,29
11971016,49
11971023,56
11971078,48
11971405,42
11971778,0
11971986,8
11972141,3
11972321,66
11972356,2
11972950,1
11973003,21
11973178,55
11973328,1
11973611,3
11978602,0
11980373,7
11980390,31
11981145,2
11981360,2
11981665,0
11982174,28
11983581,59
11984206,10
11985355,0
11987038,0
11987197,2
11987376,1
11988689,27
11989606,60
11991044,41
11991081,59
11992103,66
11992348,9
11992387,0
11992626,0
11992839,67
11993790,64
11999777,48
12000515,29
12000617,29
12000983,31
12001000,56
12001101,59
12001233,4
12001695,13
12002291,0
12002943,6
12003009,61
12003542,0
12003600,0
12004008,19
12004408,15
12004744,2
12005195,45
12005978,2
12006287,7
12007517,25
12008897,14
12009001,2
12009678,26
12009779,19
12009821,32
12009985,36
12010980,5
12017589,5
12017677,1
12017780,32
12018095,3
12018612,18
12020077,0
12020225,0
12020688,45
12020835,30
12022098,69
12022746,2
12022833,5
12023054,8
12023424,8
12023576,19
12023792,8
12024663,2
12025076,50
12025168,51
12025968,74
12026175,2
12026305,8
12026418,33
12026686,73
12027198,70
12027413,31
12027963,84
12028198,34
12028495,0
12028753,68
12033408,46
12034608,54
12034640,9
12034848,11
12035657,69
12037003,28
12037304,2
12037554,70
12038181,0
12038270,0
12038468,5
12039383,20
12039579,4
12040933,50
12042253,28
12042353,4
12042866,12
12043311,12
12043534,3
12043641,54
12043694,16
12044303,20
12048637,36
12050280,0
12050897,7
12050932,6
12050938,2
12052721,1
12053105,24
12053427,61
12054152,80
12054259,0
12054516,55
12055395,1
12055738,15
12056095,46
12056132,17
12056517,2
12056684,61
12056851,0
12057444,57
12057450,26
12060119,3
12062027,23
12062331,0
12062599,5
12062827,1
12063331,6
12063562,32
12063968,26
12066474,1
12067155,0
12068031,25
12069170,5
12069655,15
12069877,10
12070541,6
12070890,2
12071282,82
12071454,28
12071650,11
12071735,0
12072069,57
12072266,26
12073240,0
12074125,55
12077177,5
12078123,5
12079099,6
12079942,28
12079993,44
12081492,32
12082111,5
12082184,1
12082561,22
12082737,0
12082781,28
12082855,7
12083640,6
12083942,10
12084976,12
12085498,0
12086351,4
12086527,0
12086603,3
12086852,1
12087785,16
12087945,28
12088526,15
12088888,75
12089463,0
12089661,1
12089692,66
12089972,20
12090468,72
12090903,10
12091820,39
12091900,0
12092445,0
12092786,11
12092816,0
12092894,21
12092938,1
12092981,74
12093078,46
12093499,2
12093559,11
12094242,1
12094765,0
12095084,1
12095636,44
12099115,0
12103284,0
12106772,0
12106836,2
12106946,49
12106963,21
12107027,0
12107534,48
12108140,22
12109853,0
12110777,12
12112284,9
12112602,0
12112808,0
12113015,71
12113077,1
12113232,1
12113235,73
12113489,19
12114017,75
12114228,44
12114304,23
12114319,17
12114511,29
12114628,14
12114756,1
12114810,71
12116392,0
12123648,7
12124356,16
12124848,0
12125142,7
12125285,2
12125830,0
12125920,54
12126104,9
12126359,23
12126363,30
12126789,30
12129472,22
12129822,2
12130093,14
12131310,3
12132030,11
12132126,23
12132772,30
12133168,5
12134113,47
12134652,60
12134654,0
12134914,25
12135387,2
12135856,3
12135895,2
12136917,8
12137113,10
12137645,1
12142921,79
12144168,37
12145787,11
12146317,68
12146707,11
12146964,1
12147982,5
12149019,0
12150471,50
12151638,24
12152452,8
12153338,15
12153489,74
12153508,3
12153709,0
12153900,10
12155544,6
12156007,0
12156452,31
12156475,17
12157468,2
12158013,25
12158649,2
12158766,74
12159172,20
12163560,14
12165437,1
12166451,1
12166896,12
12167268,29
12167819,50
12167857,17
12168087,35
12168212,27
12169731,35
12170304,7
12171671,75
12172054,15
12172102,0
12172121,46
12172890,0
12173205,72
12173233,52
12174524,17
12175636,2
12176140,1
12176285,2
12176725,4
12180383,0
12181485,56
12182560,0
12183916,39
12184956,11
12185223,0
12185225,50
12185578,5
12185843,2
12186007,25
12186034,4
12186615,43
12187068,0
12187513,46
12188122,37
12188184,18
12188651,36
12188908,17
12189021,8
12189059,0
12189997,73
12190337,34
12190607,0
12190921,3
12191643,1
12194513,0
12196647,0
12197263,1
12197272,4
12198481,15
12199008,1
12199236,8
12199977,38
12201917,72
12202511,13
12202839,6
12205604,58
12206029,6
12206323,40
12206339,28
12206831,1
12207062,1
12207964,71
12208061,25
12208341,1
12208842,35
12208970,75
12209447,2
12210198,13
12210323,24
12210448,58
12210616,0
12210920,2
12211018,16
12211085,1
12211168,0
12211917,1
12218763,39
12221270,24
12221970,24
12223738,38
12225321,44
12225802,12
12227135,24
12227784,73
12228023,0
12230921,12
12231160,36
12231185,6
12231534,67
12231662,51
12232392,77
12232580,0
12232858,67
12233808,15
12242672,0
12243367,3
12243598,31
12245236,31
12245694,14
12247584,3
12247913,9
12248870,69
12249461,5
12249574,33
12251517,1
12252271,6
12252375,5
12252504,0
12252956,1
12253338,0
12253343,72
12254895,1
12256716,0
12261352,0
12265503,2
12267599,54
12270481,3
12270664,8
12271089,1
12272376,1
12285217,24
