Property[Q3]_test,Pred
795,2.247865537574131
2515,49.5695152945854
2595,7.505490030603571
5099,32.69279779949063
5107,24.78923552742264
5110,4.489011736179385
5136,7.301979060568291
5178,84.93985508991014
5270,72.62411970867011
5441,30.091090886800107
5552,27.61899251195716
5754,1.049326692227632
5803,43.75923599256186
5857,28.069993043107093
5945,4.351698574765779
6111,0.6566467610929295
6365,69.17722890427999
6476,4.530892719151026
6848,34.2227555965915
7097,35.12491666177856
7258,7.086923788174083
8024,20.323485597489686
8025,8.16175714408864
8258,13.206699555636314
8293,48.1493315836934
8343,7.79944414471505
8371,4.945548805760389
8477,2.386892847455317
8490,10.769022454503135
9518,56.23907155206376
9668,64.29187049297575
9704,52.357070539338395
9782,72.13683152002244
9896,7.488774730821828
9972,1.065939924101518
10423,70.60604925282054
10767,1.0276300459334384
10962,49.52820481782664
10994,33.516211406845784
11174,22.03796925198142
11900,44.63547707386236
11931,2.6864310023656826
12048,76.04889085586501
12192,69.35405601304461
12303,10.064695605244122
12382,66.4372611382126
12543,17.03890503395123
12579,7.813175845652842
12596,26.581288888888384
12622,7.88209771134522
13050,57.53967608094756
13076,5.351182342908782
13414,26.289005497014728
13488,71.43867117971294
13910,2.7385710649155612
13974,23.55415779965958
14287,9.227029433657798
14374,68.01661296516642
14377,46.893882847566964
14434,11.673272160431184
14435,13.036473291260396
14694,2.145968130499912
14699,2.546612085372825
14983,2.4656412170396873
14991,3.5371504709777377
15049,22.716395300494476
15220,63.626534122074034
15338,41.170144527795856
15341,16.05541205019302
15396,20.485796965124273
15491,4.789684453092709
15880,3.993300006696336
15940,50.56456963882923
15962,35.235030781566046
16008,28.192784212499653
16284,16.876695333486122
16421,77.32801818877121
16422,3.994628095227651
16486,8.157346608719966
16580,70.1181970398508
16583,3.352062125225012
16595,28.66092323609339
16701,11.579453397841823
16794,45.678928347135475
16949,46.80273647091155
16971,21.588009532959713
16974,63.49683457860799
17037,57.676217475635724
17135,25.363496272787078
17226,4.76958039148166
17535,39.968910423163464
17669,4.375744437987682
18195,5.51613512389187
19043,9.648261212545423
19169,68.74890928849527
19319,27.22797310633275
19601,26.486351902226446
19812,22.142646601793533
20300,0.6706433363797859
20311,10.655670836828241
20611,73.21563088011831
20661,1.6453309383014023
20734,59.75055093482174
20755,4.82638133045848
20913,75.24574383826072
21293,37.290824899241876
21677,34.80825945176304
21794,26.911734228993993
22562,1.381160888738687
22673,9.917973402789347
23269,46.692602002441035
23481,40.92760550195878
23501,15.200414322579883
23586,19.47323649033098
23606,0.3592344401582851
23628,0.25751865507307947
23844,17.23469300217599
24189,21.276636754691175
24215,45.73923426308254
24261,16.823781995736848
24281,54.6781536799486
24285,45.394425037838424
24686,8.037880028615575
25192,2.2741720289303045
25235,55.63522008312488
25406,17.987307986461783
25805,47.857379924114
26012,24.478883677067348
26238,56.14292846864411
26362,67.82219753748616
26520,8.74295501443767
26590,3.5970597681488603
26933,3.580792892453388
26954,11.184775603448575
27024,80.57068052981133
27159,78.25171915850133
27403,4.127462880864261
27531,83.81641812907755
27644,28.90362397131261
27659,5.992782266730795
27759,3.596900582580511
27883,2.6819273665268657
28055,23.070997060662148
28062,7.193316024044957
28083,6.979896491129671
28224,49.54106100756415
28342,2.0468462610127593
29012,24.908859207979994
29013,37.95394062220751
29414,39.78612374597021
29455,65.67846976728234
29594,11.123839365001313
29628,68.48692649670292
29683,44.59352967658626
30031,55.13966572212291
30222,65.06595052882284
30255,16.356933728162726
31332,3.040014371072248
31425,25.76221129993579
31555,19.567107048358537
31998,0.8829957154307262
32023,45.40947005683559
32037,50.28952523143316
32244,30.114497743334773
32291,14.599995187654462
32331,28.415846108400107
32411,2.87304282883978
32965,54.37828228785681
33009,64.0399190970167
33156,21.312542880530227
33223,75.38022910094368
33263,52.052053793358475
33656,4.7743113458621025
34824,0.3050010154145335
35548,3.4610265884454634
36133,40.939878845822285
36703,12.901512961257716
36934,13.196546714922432
37042,3.086715369228527
37106,9.595084700709872
37197,40.06489430533483
37214,0.3905751420319153
38663,20.681651095523495
38771,19.797297630045236
38788,6.172546169311138
38833,60.66167531041136
39267,77.07448743052038
39282,59.32900114009068
39567,42.750466418338334
39586,72.06291471747164
39755,2.221882171733573
40039,7.121849104533752
40453,2.8296909349648405
40966,1.0085786034602184
40989,56.55329030803824
41348,51.088718730595986
41679,3.14450942493716
41959,74.3612806784837
42530,10.652791282324198
42580,82.67310578718303
42882,60.94661156939871
43533,5.451019328275592
43656,14.931504157257335
43711,2.156665016583834
44096,30.226713526889732
44145,23.331987699367385
44161,79.79417725247856
44288,34.81934218679009
44461,15.409724558471037
44619,55.38108893562513
44973,48.620669608358966
45282,38.57587224477153
45556,49.16040884038126
45637,9.796978217952084
45689,70.65637451165975
45703,48.1455506040311
45936,26.32665878275383
46544,33.532339665879405
47199,56.137584708232446
47370,0.6070757646397141
47868,3.6070197185764883
48620,19.371722357843545
48719,20.387405513593208
49048,8.240085829978577
49715,55.55572521559554
50541,12.135595437991977
50623,1.3839626117711714
50726,7.148828385254129
51485,67.85450298895789
52123,21.556193874314516
52251,1.7962902084802397
52757,8.051227845483998
53212,53.25542519888365
53359,1.0134200191376175
53758,9.823039291008424
53843,48.57986459621886
54040,7.712143106918874
54158,82.9893731191153
54213,4.1030657063509395
54453,6.057554550974081
54486,80.11347771720291
54544,19.348728508058155
54626,26.68942609675433
54712,2.765313323742084
54846,14.422290567866757
55371,2.0077292224967844
55467,71.80134117225646
55505,18.01033035890151
55587,17.992120378306815
55668,31.883421786904755
55737,67.43559157499172
55902,41.06374559453487
55959,51.237361772986254
56467,58.67166589856063
56525,10.341225583710338
56612,2.209882325935671
56859,67.0371451355946
57161,45.15029663290737
57166,5.415650708525062
57468,76.38163522354633
57874,61.39233219266321
57901,9.724537021787308
58062,2.5246949748736522
58101,75.23926448136199
58286,2.7071739831366477
58294,1.164404182813181
58364,8.267590942808058
58467,13.359816393105378
58471,0.505208161135329
58729,19.074322980946153
59293,0.6366385927038988
59628,1.384554194031607
59832,15.731308638973317
60037,13.304595457314793
60084,7.933291339161817
60308,21.43498387601001
60611,77.91390147390543
60666,55.010739124855704
60680,33.45194245360143
61406,0.20775059103762172
61470,6.178046713160516
61492,42.70770150459142
61694,2.005083482566466
61747,30.85477784256122
61832,7.942313466083712
61869,11.575266040255162
61887,0.20741087564115637
62038,0.27770542665241116
62264,10.13800293621926
62427,18.023459822716884
62430,64.9563754252014
62461,64.85464832205446
62787,73.17362389441662
62891,73.22537800027733
62903,6.717884187422662
62925,57.01718656809554
63154,9.629792375886767
63260,0.8399550013880362
63360,81.21002330031784
63462,51.29696438057521
63565,0.1461396743727236
63573,3.9859378071017018
63588,3.2020233279291728
63610,20.190215603902704
63815,10.2312046754517
64000,1.3657560807266442
64277,53.30039052621701
64334,57.80484574047026
64361,32.87202817844463
64627,40.35171070818475
65018,0.45913935507503406
65019,28.647032067670843
65131,8.152776041644385
65255,23.310396758053034
65556,3.9529598909057375
65660,37.61787556128158
65813,0.7708738364672537
65933,33.963549229166944
66008,38.87863441065439
66222,47.794800648530845
66251,12.441985451335999
66275,14.168467826940097
66718,71.87070674010862
66974,13.89788690014097
67145,11.266460570157495
67208,86.00549616583672
67272,28.737902120987506
67445,1.1983477107736797
68099,26.605924671916917
68305,31.964920399800395
68444,48.842973820743204
68716,1.7538122191488503
68735,53.50590042022642
68774,2.862801362943805
69137,6.542158718199717
69266,4.5271925063692855
69460,3.726349918790957
69755,52.38389475371348
70226,62.874282983164726
70279,17.752734302341068
70595,66.31005007749053
70609,46.06320496392864
71483,3.7877470790630445
71507,32.67468122935174
71534,76.54113993334313
71970,0.27845252880126775
71999,0.17503855490068806
73413,0.4636345705690886
73586,48.98373547290622
74073,2.336418812356875
74240,24.866129171589897
74333,4.169719422660203
74680,68.59434161541952
75167,8.647405996533836
75193,0.6569580200818746
75612,0.4248542308006572
75727,10.310068686540218
76761,82.3658429576598
77455,30.692353846476458
77799,5.053201867630436
79635,63.10399926385332
79749,0.308530547103292
80700,2.1960820558840957
80834,28.788377520317226
80924,20.46091330481219
81526,18.92356700339048
81739,1.1025424635958843
81771,28.56470316828241
82132,43.65063480104961
82525,39.56917822000468
82928,50.14179123326957
83243,73.35437588156971
83474,0.5900109007117094
83656,12.836883930882433
84010,1.0132442608470646
84480,4.592715467585727
84659,84.35587601356919
85213,1.538204949203127
85252,58.71562531198734
86215,36.52539328780251
87279,22.583304200864383
87566,6.545341044638822
87853,81.6483510378938
87987,9.33275676782297
89205,7.075840312301425
89621,66.05519533101493
93313,16.101679395102103
93540,6.3550227238430645
94005,12.089288009720661
94477,77.98704175046369
94783,54.36332563178408
95706,5.517720841949124
95883,3.9635782196649254
96804,8.355775925105544
97587,10.744103569204606
98259,12.137993412146704
99913,1.6555006992251817
100023,27.740248808489504
100368,38.361585811512924
100433,29.371707195088835
101633,25.370494349813647
102995,38.11339878104278
103311,3.7318820533542936
103555,2.4832176984579757
103806,65.9445327029724
104970,3.0240521249489714
105416,5.473067974148908
105469,2.8803212084338665
106363,82.27921127827821
106647,28.641857302249935
107415,17.73007431651696
107690,17.639062917887607
107799,4.679609578530658
108175,11.633715495419429
109891,61.50580722169779
110576,8.595045241029007
110739,57.396264242931714
110762,2.162274441736873
110784,3.562493986979098
111308,1.140098762106914
112648,1.988744599862138
113265,63.887361318023935
114353,27.884662304561317
114388,0.2818234938326953
114940,7.406356880447177
114969,17.66812425868478
115959,17.284728499407496
116940,72.51064450996446
118061,25.156110906776455
118231,13.380278447021139
118266,2.626416763645664
118267,0.760011798996027
118430,16.542358774145107
118541,0.30359287146237696
119008,25.179241645526638
121473,26.507960076987537
121687,5.748040433519853
121861,11.256581255164768
123784,31.86654786084769
124777,5.05554769892839
125053,25.3843610508768
125163,12.016788459602605
125265,0.7702333246625963
126067,7.73501308260553
126443,74.83774896741217
126982,76.41455728343061
128205,3.1024181081062485
130632,5.305373761957258
130731,5.725635515613747
131747,13.630922688884521
131757,77.6586008964423
131892,13.444720635368988
131918,0.19154138717452332
132024,5.253802518191551
133025,65.09362992900208
134387,81.01763397585046
135320,9.78235775915016
135393,60.46885723116947
135465,53.43383663316156
135706,1.138445406442015
136398,52.411031164165465
136493,16.271142266583926
136923,40.11737603436235
137303,0.9726985132107283
137558,16.185843155181203
137635,57.90481407515254
138968,1.138650799431396
139207,1.9368600623413617
139624,32.09280124647156
140053,9.974067168886055
140133,47.67631852318637
140195,67.34009919743012
140223,64.34698431276772
140237,61.79104012637964
141154,78.53504515001798
141177,6.502692069864155
141335,25.842895641313756
141500,46.67211804369941
142069,1.2703908963228647
144148,4.489974110205034
145064,5.727776203798077
145988,0.6392686672185689
146808,0.25529867990665883
147004,1.2099216220187856
147586,56.76558595599829
148182,1.3328944174529687
148187,16.983272413392495
148259,27.384605512041688
148568,7.954028056147805
148825,71.59299539500896
149287,0.8196984296428906
150444,5.130047120036852
150804,6.732635274737356
151916,0.81067673914588
152259,54.23290456347704
152263,53.31576147068924
152453,5.447213549710013
152520,6.68948412345012
152783,14.942674053232349
152819,28.8972321535981
152883,80.53165022606181
153309,11.543009074504546
153388,2.0683827155738896
154934,4.46990264186789
155296,18.437438701038953
155958,3.199913150941275
156385,1.6407573274644023
157673,22.67069730863741
158061,7.6690068749054205
158290,9.189744054900766
158901,19.621136313631457
158913,0.23843898753484835
159019,33.6703097508822
159815,4.5708245023331004
159913,1.0192480020050643
160824,9.121572037785416
160952,7.119845789203876
161394,0.5710666913148501
161996,58.9938698060391
162429,7.226737971666524
162565,5.7718886621848995
163627,80.55233357985648
163809,10.805252186935679
165653,11.568555189883519
165824,3.269273578951038
165960,74.73939785173457
166006,79.51818578808393
166172,18.993408084612867
166279,14.997048689373123
166809,58.894203590837925
167030,7.187316586007556
168042,3.094291819730881
168084,16.501425457066258
168775,23.446884983838068
168810,1.514020845854746
169063,7.968435465389291
169152,71.84699620884113
169479,6.156981812428842
169480,51.73236337487873
169532,22.857175930166115
170215,1.128065359675133
170286,44.959205687782045
170441,8.403632745972425
170847,17.479843203341765
171256,12.282382396949387
171562,24.49921602508573
172445,16.544626706030694
172675,67.31538363033968
172870,50.4796865147172
173072,15.597268313785065
173742,36.05351472960982
174966,45.33719877424047
175069,44.49180089296795
175720,33.501448385566405
175902,8.408531231302435
176129,20.234741256016186
176653,10.364980396489202
177606,17.73655384791522
177709,12.787481943905123
178491,1.0454494956761615
178651,0.14436675396222093
178744,7.077407052985769
179234,19.445430502556498
179925,6.510341628269999
180053,8.130190074470176
180201,1.0363957564248092
180524,1.3924971025038169
180653,23.072952346921216
180822,77.67155910005103
181972,45.927788207977216
182062,47.18156969183417
182069,50.07634608102334
182095,22.389400045801164
182225,0.3194471753425595
182649,78.38749992155783
182727,5.672473119506764
183344,3.672539147305168
183691,1.253004300781162
184189,0.8287393882930533
184638,25.171198759758088
185266,4.691739745405815
185478,50.75143886845831
186305,36.670312827646896
186730,14.007518854348739
186871,0.4303814457332802
187167,1.4609331751124657
187956,29.352523956037615
187979,43.4152169177081
187986,4.504503005906728
188087,53.08074821866938
188146,3.1825777827633366
188622,0.17421060849568523
188803,5.849615835117202
189135,18.782255360868504
189181,1.5173859374575271
189732,60.717757442675676
190105,29.652352267731395
190542,11.47353727663775
190968,18.078538280027967
191075,20.368514505663587
192263,3.79903852154915
193105,28.522090777432318
193240,16.47462407926465
193333,9.832112557639064
193853,13.876710708595501
194034,3.848026048613733
194154,17.959940312290247
194691,1.801852129963011
195027,4.417874266151674
195123,42.16028105378111
195240,18.818644910836987
195971,63.40242153759825
195989,74.08034924295868
196100,18.907010159197863
196983,38.07886261001328
197155,40.04412023781342
197253,1.884409742465442
197389,2.1403266097005442
197390,1.6507637782747278
197753,83.18269678280784
197931,47.90451496330041
197942,71.02875883155495
198028,14.379153302046213
198478,53.82248802068066
199195,40.69538060702279
199425,0.7629982360317505
200059,0.5909701488187139
200625,0.5893790059339756
201173,12.451423866152073
203907,30.031776263262795
204065,48.561521262873555
204833,5.862490741030579
204894,6.789382193622736
204959,52.40192784268406
205735,40.966833594329266
205968,10.617546809543644
206316,14.436912252155365
206957,71.594807446287
207049,20.95881123212642
207249,5.103161014604264
208095,30.586686552737795
208191,43.19995489688578
208499,68.62185091821704
209087,3.1189994335746625
209232,1.5489665035764808
209287,5.24204430616817
209378,73.06396240355751
210531,0.2738779164214774
211078,74.72800277464906
211152,7.103446293518569
211974,9.434021324305524
212109,1.5518604780139236
212848,83.0741570464204
213330,28.39384889300196
213447,52.61906641213023
214227,41.57855999926117
214325,54.601279583591285
214474,28.410600904547763
215746,5.842408933016353
216015,82.70060748954717
216563,10.332652572899102
218224,13.794651850086105
218358,8.019511861110514
218508,70.48944597972971
218793,2.982906431776483
219066,16.937319992465383
219245,1.199031139190819
220413,63.703966731458124
220946,67.82395208153308
221097,60.02398643352031
221823,41.04638226959761
222054,7.90228491241159
222304,9.016204651741894
222340,65.5227507267908
222913,76.40359382111058
223926,40.967871584248606
223930,15.401766970088541
224510,11.210518170965878
224699,4.744596988964683
225306,68.04629767437794
225354,3.091267473386501
225887,54.59094573119186
225926,23.35481107082251
226700,9.79843962988635
227715,70.44767211025145
227735,20.596716449760613
228132,1.7885441696526152
228517,13.043137923335273
228888,67.2199412055569
229212,39.03213763963166
229367,79.80550139527111
229728,9.051673798248883
229874,0.43439962568368784
230194,59.41318836925653
230321,7.3007205583691155
230449,4.699928724851123
230854,79.96029232795254
230956,19.573655616653863
231145,63.476902266769066
232084,2.6553624840019454
232331,14.145824445317
232564,2.0585869915202317
232618,56.64425678526591
232706,0.14196147397366723
232866,9.080767460776771
232894,9.73420695721368
233189,47.973581369454614
233963,72.6480544309309
233979,14.672847023887305
234034,23.096023324956622
234184,28.876893599740182
234730,1.5024609344340643
234909,66.27385633779605
234990,62.7528996463217
235552,31.066168443188204
235595,19.449012283579258
235666,15.243528542499243
235951,35.74209118250804
235960,40.04995377564494
236671,37.546332743103086
236788,46.397568564561304
236806,0.4140761297359493
236811,43.47164473052167
237734,8.516786758776183
238208,43.941080895626726
238746,2.5916948167124496
238814,60.209584354601056
239410,5.6463229033484374
239733,18.31100122464367
239934,61.45089835847007
240314,74.8287037106738
240709,6.698015931862616
241021,6.815351466059899
241140,8.0154979576986
241862,4.961681109737384
241969,4.332568532319712
242479,36.57043631452379
242532,21.24809024601187
242585,20.684028950892095
242643,19.47997444003507
242768,78.10663669943301
242789,85.1563092784113
243229,9.458603366786056
243352,48.129042840300606
243700,4.3089894489788465
243714,11.22717500214825
245175,24.589716749872846
245430,13.656242006553816
245504,79.81226968988052
245544,48.93927220196601
245607,13.308508122721019
246134,6.67794068276042
246434,1.7080314410094524
246896,1.9209148607643343
246938,84.04462372376169
247756,1.220646945880226
247890,10.629063359385961
248029,31.65320831279943
248713,13.449838688421092
248865,6.820757943298115
248871,45.74291448612707
248966,2.2432824934786524
249582,0.1538745960158068
249626,1.2571895930038288
249867,4.609116105569121
250369,26.950935659610423
250420,1.8744360791396968
250536,4.02326462771087
250619,60.017817148998496
250973,55.19783046988991
251056,2.1348091522745696
251262,78.94490347252459
251277,33.55160517294696
252076,64.930908456928
252607,1.4661869569197554
253332,12.404388961578498
253466,8.003105856232331
253471,4.5817886909717
253537,58.41351571069155
253612,6.392195880304802
253623,3.530212647346221
253800,10.002341297460939
253803,5.201905822030772
253811,6.793768997804944
253839,1.6994396408914179
253846,0.4057811679944489
253956,30.463830897367487
254168,3.2188616837415887
255487,25.494277776178777
255601,76.91031109790075
255650,0.7823735034304867
255672,15.30478140407834
255957,7.388650178832151
256153,65.0591618348734
256467,2.7072122523190503
257568,21.713051643270028
257802,0.34373380944154575
258284,76.13731654933333
258397,32.05670088994714
258412,60.14674017241593
258774,30.350153644732387
258865,33.73172333647923
259887,19.64923460238367
260004,32.96576398439772
260407,39.76773839487234
260618,62.014570237741665
260672,15.949247459325886
260732,0.345062789151381
260755,2.7890758565873583
261259,1.0236408021816226
261366,1.881296466204031
261491,25.899566115061877
261781,5.842741063263487
261869,65.01111865099398
262343,23.88491919151453
262583,48.67714768149771
263360,70.14204519809822
263502,1.4982116861695802
263776,25.779315790323018
264083,43.0371761080256
264323,62.93419067545404
265145,0.5097078616428847
265626,19.080472545307952
265831,4.365012021163705
266492,1.6640035639945852
267294,11.285518430429418
267376,1.6771495191999597
267425,56.62768654466455
267490,1.9227140979557906
267553,0.9926032497252066
267652,6.903064105570483
267663,13.602022444757793
268281,15.676228534381478
268392,18.188518002613858
268449,2.7662981030272373
268481,0.9997889263641855
268549,53.21187002329883
268868,31.54710191505119
269134,4.189284066485167
269208,22.201505930117182
269215,9.863484032165962
269283,23.573867674741734
269327,8.215891558430117
269337,20.534384471831743
269404,3.1746275808840263
270165,9.739802670518323
270226,6.895416639055789
270681,0.8821503696135475
270776,0.2279147251273639
270929,20.84097510285384
271083,64.36182821236774
271130,27.16553673933552
271279,39.92989913948768
271510,1.2350803329927846
271694,2.5391941397052813
271954,50.40157562944743
272026,11.992621461100248
272146,0.3055305728274393
272473,0.5323172130280455
272738,15.230930709622575
273895,0.9059120044634563
274085,36.57106709098145
274127,5.536536398648443
274270,24.583668375955618
274376,4.862329823654856
274743,3.200412793630357
274946,0.27543003944677663
275271,68.49458542201229
275443,0.5894636928241902
276014,29.203245346846778
276120,78.54238186314944
276491,4.803100509336684
276734,2.084174711279439
277128,6.449599276254319
277133,4.509877099568426
277313,4.223441108398061
277372,13.024349453428533
277883,9.202831210941513
278151,47.586078034724785
278631,0.8396705583738618
279102,0.43640884213347547
279857,33.00171512068981
280393,12.965875007388421
280419,6.044692109561612
280477,13.084162615703578
280480,8.75676119007177
280688,39.54770413552713
281067,69.74245564357528
281097,1.3560758201565555
281143,4.894953791307811
281192,8.99556587900329
281220,47.7439869032966
281238,26.936184007209782
281521,0.6581819613120458
281690,1.8690052834661877
281703,3.376148767371449
281851,44.13828770491195
282443,33.50058542326102
282856,11.978427340678714
282863,22.988759090715607
283194,21.409475632936598
283272,14.487928931099
283550,1.6300074270924354
284095,0.729487042598041
284096,77.33486732085433
284866,66.89361031086995
284973,0.24414571007372513
285344,31.60100325866245
285442,0.7058350617639253
285469,10.68541914764662
285492,16.90148757710468
285853,15.868520296439165
286134,2.7544249514548995
286662,66.21148457065458
286747,0.3506313623372613
286838,0.8630190467051171
287272,23.993445928837776
287338,0.207466498152951
287481,34.25515185606914
287523,4.6097054926996925
287814,44.124481157069155
287845,24.066659420533323
287908,3.553547831985767
288043,38.45135787235324
288077,13.174997486583903
288224,4.835683049802541
288726,30.106886287380725
288930,1.6377733760349953
289020,21.750523023990375
289288,46.9056951154932
289576,1.6326458936234005
289665,77.51066557541046
289995,25.753705951506422
290193,8.978624349695563
291017,1.626640095248806
291051,1.249770912929176
291468,81.04047293076532
291622,1.1335434727936962
291673,1.7815615105909801
291682,1.9265212845282746
291714,17.436651787937613
291825,57.55155390267079
292047,52.631401678542446
292266,2.19957398901714
292281,0.5752408922660309
292314,20.297216894538295
292585,30.636412694417118
292800,45.555476172427284
292973,41.98717320474446
293328,6.238115054536941
293724,0.35805653536084586
293973,0.8573955537060576
294239,6.371237573242077
294250,31.548308965652193
294280,5.599772195816741
294490,10.493287658895808
295279,15.551832556439637
295366,15.046566000851685
295485,0.5728209233282675
295998,30.45750480843327
296345,41.88457659258586
296361,55.470968971099445
296717,9.343221898551954
296854,0.26937628301248934
298202,45.53911367585795
298782,63.43233744694354
298788,29.68686107287064
298854,0.4096355852631208
298920,84.86381454363438
299078,65.36835856619064
299778,26.800341418153817
300062,51.470403325744236
300140,79.28054479526749
300162,2.3759600047069496
300668,2.8279759326053653
300976,0.29533346720865533
302057,73.28310422442061
302758,1.6296598075087136
303462,0.33632945613754145
303725,20.85722857955444
303851,43.21029034808428
304634,32.397310656717536
305211,78.0145518793697
305554,54.96655120522437
305670,27.05670587352777
306190,50.650379268461315
306576,67.21743363407174
306798,51.85624303658812
307264,2.353565646112725
307344,47.79023706750082
307729,1.9863594054541747
308241,17.539745145006393
308823,0.29520190491262555
309354,2.0384960789485835
310152,0.778893408191357
310272,31.40315561947312
310338,15.990066785968105
310420,7.395547370443847
311142,8.33649906995914
311356,54.936986070830386
311965,85.54921906731076
312104,18.04884107648287
312429,22.43068522003326
312664,28.40837591007293
313093,4.280355524441364
314407,0.664881852492796
314442,0.6371756349950997
314456,5.561981108188465
315421,0.6306019590409482
315711,12.4664528960838
316079,54.05765577787655
316925,0.519364672045031
317131,4.262485810743108
317192,14.88582936801497
317662,35.95345286119407
317838,39.16047622857788
317938,26.59607806987343
318187,15.282226205517665
319790,11.649488025271912
319844,11.074402682949374
320524,0.8819475678317928
320876,69.38375312417284
321014,8.177284141730764
322923,23.07277775699962
322974,56.33522686941587
322982,40.68634573767976
323059,60.66359657465638
323512,15.64937814656582
323706,30.584060576051968
323994,0.2771545183919487
324000,6.084885178120204
324517,55.51240181816811
326908,57.038866766099254
326946,26.30023041045279
326956,20.613241774513316
327778,1.4679124058339346
328040,0.755414464919854
328693,56.20797617046643
328744,13.379512991284434
328798,35.68735049182339
329385,11.143417853705667
329933,2.378652270163946
330347,1.8260856884178254
331986,22.60510235714222
332525,0.7118440122987217
332740,35.353727183587026
334714,8.037591613681593
334724,59.1872694233132
335778,11.441816091204233
335797,43.61161658236697
335820,47.480427135922795
336085,6.84503622943332
336449,4.289075009455706
336756,31.65586986843415
337468,8.059882281211149
337922,1.1167123543702329
338706,1.901999781202341
339386,1.5601003466746968
339451,7.561910810504183
340082,0.5181887853549161
340365,1.7015642971880034
341314,0.374272854761751
341982,2.3178563255570452
342027,5.320996739184657
342995,15.404111495645978
343119,56.09151114256405
343273,0.511481296554346
343971,62.46108544489746
344068,0.6684735463874547
344092,25.748325333211486
346527,23.558458668086995
346805,10.276014360242586
347360,5.059183703217604
348753,36.66722884852859
348862,34.480398271281466
350435,3.0165005762697352
350525,30.86806762463668
351859,17.30448224242021
352651,8.96711669399821
352938,13.570348843298557
352990,9.479510286879302
353801,17.65694886851841
354514,64.42770995206659
355224,62.825623743105325
355563,3.887457279448553
356712,0.4846813481611458
357224,0.7550440382796562
357509,29.066304348776903
358565,77.30575091066667
361811,13.122452755401966
362813,0.611127138462744
364043,80.43162652609024
364275,40.89268917922805
365227,56.038347932038114
365439,3.732805749653237
366519,21.220680127424657
367516,1.6739308330403704
367810,4.419246546391661
369411,82.64464911606166
369626,24.64371247509272
369671,25.674326010547638
370288,2.12824654144594
371138,0.5310331846884974
371594,8.83838977578056
371835,4.807002515413631
372843,49.4117651488215
373783,3.1572899959722394
375076,3.8468505740958996
375136,84.38564670238915
375249,2.2914898668841746
378846,13.526123306823362
379002,2.4785589107702877
379326,66.06633910466364
380416,25.365218465891438
380730,20.943210649190746
380923,5.500101118595827
382524,2.186156959972413
384379,1.7191673149099904
385326,72.69869704072438
385632,0.4736912735955272
385657,4.400047128000422
385824,26.782442004070326
386507,3.5852218638152045
386744,64.87903046734185
386799,24.78292830727777
387377,28.779986736930933
387410,2.275007944052477
387898,5.198259663123865
389050,40.08639048437169
389482,18.241434247615587
391948,7.2960395898193555
392549,19.67588373785583
392794,33.0142857785304
394076,21.910549217395175
394111,11.463455947896604
394292,20.78523235280073
394395,20.844123142858273
394474,87.73006731966609
394529,3.405732587562727
395613,22.80941156660914
396780,1.529808670456498
397034,2.143675400361967
397420,60.431379721084326
398682,50.77458582056999
399640,5.317590236814594
399946,54.4295829181105
400039,63.579820591066635
400546,75.48624525967615
401022,0.7424321965090167
401039,66.56912366316236
401553,1.9211765285137108
402201,81.93173869573188
402273,48.450899564618474
403068,82.02694955578829
404923,76.68068777679315
405408,56.63871819627084
406926,62.23033334004717
406992,5.3353856900033545
408133,40.57477010247875
408143,1.5494398529388616
408491,2.075134993127012
408983,25.791160534235026
409293,44.69323506777036
409734,24.367480350760808
410249,4.030555022920241
410694,33.604853140515225
410704,11.247516818737909
411336,57.772243923425975
411525,20.142106403162487
411918,65.07931996948193
412061,46.86547979675847
412092,33.287246015237415
412180,2.7419603151333667
413528,0.3054420790379982
413605,33.81027542534112
413709,80.10837544460797
413721,1.75855268039954
413775,0.3522216932457172
413815,9.880814331157005
414553,4.61420191337704
414801,37.03229602867393
416108,0.26319517143542265
416426,7.9461229018614965
416557,21.082103058269805
417064,48.28792219684229
417710,16.94410838212429
419678,1.5036252902802345
420001,12.95806945536836
420010,1.1829037567419725
421554,45.13262673244474
422877,40.24521437519958
423015,53.962132890568505
423818,42.04670652569805
424192,10.713689227229494
424298,42.32732814204617
424744,67.92229383763136
424870,33.357193934102035
426008,16.22119052875803
426044,64.63060302538749
426491,1.4266852896183229
428180,80.6370372418086
429504,0.2086464711173744
430615,1.7196199926915894
430920,0.40169662390098804
431330,51.57144209672844
431344,10.29788437655581
432090,55.11729779655058
432858,10.187410127070574
432870,2.9210038938628697
432897,23.06191017197562
432950,55.62668985257705
433060,77.86265355385753
433267,54.114762783850104
433914,45.37226127303332
434792,42.00755874613133
435579,32.18269914630777
435946,62.87922384524353
436510,8.726842147030489
436780,12.940544846365043
436912,21.261199763478583
437906,1.6373117311062935
438513,36.918191018476975
438773,7.684039072468826
439750,7.962726792316455
439955,5.633239356505671
440171,11.176957200235574
444430,33.362716947969815
445377,55.55165261875547
445437,21.236614956201485
446367,12.635177214634709
447766,0.2508449758114918
447875,1.929380600933433
448048,15.321345921635283
448049,57.200595474522785
448603,23.523095758596725
449034,70.60210870178057
450009,61.30308885671001
450011,8.091320564399828
450492,8.820645567803682
450530,10.363909488209531
450699,0.9185136455740058
450769,4.572907456656121
450905,0.26573009226281324
451381,0.22242495581120444
451626,4.30220552885868
452068,0.3752361843676972
452728,26.795624094244957
452824,0.6724350082122411
453099,6.023630732617352
453161,9.109452333152563
453255,1.3984527730546996
453449,4.326932383588464
453922,78.64407829856708
454188,0.708547646661571
454763,7.599910216004012
454961,3.9141013594073253
455743,30.88538728063329
455947,53.37277675847801
456190,81.72443389462181
456280,72.03036965663432
456457,9.795732634250953
457829,70.24233549767098
458134,48.298137514814826
459319,0.9795296778226361
459810,2.4455139133346004
461338,40.25226168983876
461480,7.673257845732203
462385,11.88873602887232
462986,34.805258277620545
463833,1.6760528140348594
465267,7.325412276219231
465407,11.702443201304533
465803,0.3286282342341546
466395,16.600995697878613
466402,1.8173269650563695
466457,63.74136480350304
467302,52.34936008903203
467634,76.02017247442826
467866,40.128801806639686
468613,0.27310260964914473
469806,4.091974434294459
470061,49.170380466070384
470370,20.368060650338435
470591,33.51694411495829
471562,79.22638028965432
471712,64.16738772822393
471758,1.8388786704798492
471845,0.4316997830361119
472376,4.402241583567969
472673,4.503982275939814
473035,7.045518194093879
473592,36.92066015686739
474090,19.765255206884902
474261,44.98845397229573
474694,68.97264271309189
475456,0.24791593095739953
475472,56.45022693597868
476260,8.14592128993171
476841,48.24015994905451
476851,0.33856015627703073
476899,6.376641325982161
476983,89.49630357554769
478242,16.153794518254692
478385,58.88304802577785
478464,4.8998759357220845
478604,3.7506281826908543
478949,0.5494346213547895
479263,11.284534420604697
479285,14.801919841676373
481022,78.42554460274745
482365,17.90733544402646
482802,1.5699308027768972
482969,12.854869833306555
483485,84.00745709102316
483505,23.467575652375643
484312,22.620590597552493
484722,10.100521418823162
485200,57.81670606657496
486902,20.57414176532235
486915,70.92311254507568
487816,30.20862878941645
488211,44.1644416376068
488309,3.7281484434604026
488327,59.42831063407147
489086,31.270967144552195
489276,79.30202046903253
489708,47.70953878846566
489962,43.51763495842699
490989,9.607910329086328
491123,37.345814189603345
491496,24.90015134042094
491891,12.403069158749377
491977,0.7418819641197366
492785,30.16953399100222
492931,13.447315819284032
492933,12.522072788027653
492977,0.7764792657390283
494191,12.990904690646154
495611,0.1651588807701406
496095,0.494556930518002
498038,33.0660893532305
498052,27.893373695587552
498120,0.288800693429418
498693,80.62323762175234
498794,4.629220075877611
499274,2.303624703592099
499683,16.68438317430286
500845,53.12454112476162
501082,43.53919733356318
501541,3.2884939724733537
502108,2.6970109737239465
502309,58.0131685085562
502429,37.455876834638396
503460,8.441640464972183
503529,4.564632093233332
503722,14.96643417160865
503791,10.7187339827185
504322,10.461586527744561
504362,25.599316289316675
504405,11.696094394721024
504507,52.67923057910357
505029,8.51422766094204
505315,37.27512206644901
505716,8.928561984958671
506121,83.3773585202035
506280,0.21253343250425957
506403,1.3433937793189619
506409,10.111783938969353
506443,9.967976194218132
506527,1.6607684462960395
506571,19.5615345662297
506629,48.53869811448792
507393,71.80030522214082
508080,63.74977876395759
508117,27.908966408563487
508391,16.1364192949641
508583,31.385481282693508
509537,4.943647742589099
509933,0.35704721582113
509989,35.49144303971117
510264,3.064528623911769
510447,21.90076201133855
510543,4.538946845085967
510624,10.041063709392555
511385,6.885378075977305
511638,29.915992569285407
511733,0.2887503549161675
511911,8.862939254699096
511960,4.158881838042355
512144,16.284196152550564
512209,27.530908198271234
513327,1.173639725120793
513688,62.0054664076358
514451,7.034974691995472
515392,25.01277411421273
515456,2.6595089176553586
515552,30.69383199714992
516461,14.756071766415081
516508,0.27652455757185285
516643,0.2574345100510549
516936,5.028534306129649
517600,73.61326451610843
518566,0.924151507169405
518576,26.79650273350731
518960,80.48879036270984
519310,72.40177275379789
519615,4.778152370680801
519805,74.41665667112392
519983,3.2224741748832626
521672,55.84378496157589
521820,0.4980218911947637
522081,46.792883404654184
522160,24.096594718793938
522240,9.010817056255938
522349,3.2904416136578867
522837,28.17724391430927
524111,65.18458218842368
524114,25.75188407305196
524182,10.914061478756269
524919,68.16615996852387
525120,23.528588191545165
525293,59.48287619355924
525725,0.3379056924144765
526532,6.488135369653622
526887,37.92819989047458
526923,11.77151088306657
527318,3.693432027282811
527422,73.5740838673491
528251,14.50847736713914
528464,4.553047659066936
528485,4.395208653099222
529046,6.447653152163037
529340,9.590320127367166
530135,68.09760765883951
530576,37.66240465976909
531208,0.32172515733394985
531258,17.114719213461626
531363,5.4034980825583165
531486,6.583451535167375
531769,2.720915729529244
532288,56.08748419166249
532323,7.011821884514355
532398,0.7134470691872237
532641,33.98511000202686
532749,54.59373371006818
533444,6.536661293072325
533731,26.53429923055079
533927,52.76575583139375
534897,15.394215312953357
535095,6.795300090637278
535119,0.7509992306031112
535129,1.512765230588457
535352,23.158828482745236
535457,1.8398821812305215
535631,80.03518259583409
535834,31.896951110288324
536578,3.6457560759720598
536799,26.73853569164125
536859,3.798406231059567
537324,56.37529242764767
537337,20.640342543080678
538012,8.093519351795234
538905,0.17348533166107377
539110,0.3410946772842249
540191,13.624301712358944
541653,6.698046160978274
541725,41.36533177134304
541993,62.08325894495675
542017,0.2269511958604982
543733,0.9813215690316184
543776,3.241000572529081
543792,72.02182096646561
544039,1.868935713179003
544256,3.101444611064957
544324,27.793294665939733
544331,8.989420098250356
544956,1.1109231361032874
545252,41.099200972364784
545257,65.55539695045168
545296,2.7372427221545275
545597,1.0946937633399263
546383,77.09234528356562
546442,3.6325797339499752
546504,1.7673636190093325
548056,76.72077941964247
550288,1.465633733170337
550809,21.299309339531707
551074,2.725563087481227
552141,44.016444993073584
552502,8.598950953976177
552519,67.3731693904564
553516,31.809457074102202
553565,11.41138452311997
554165,9.06403546004694
554669,0.759955864156787
555206,31.21648016213334
556874,13.410047185857138
557098,0.9949130844620729
557356,4.950743570598103
557865,4.739800658636773
557902,54.181781818204634
557927,6.116666190494314
558029,8.055570057529595
559118,1.5268509395644405
559505,5.968824147439545
559811,0.7476900848463294
559863,1.2301893711678196
560097,0.6384165523154052
560231,8.953102462576028
560287,0.9074594970938838
560867,51.85320222395359
561179,4.886127386096716
562098,46.21987586616099
562302,17.66817910687589
562449,0.3391698194089908
562479,0.36394825199806885
562524,15.627427204866063
564447,64.53646019373411
564540,0.20101572606919593
564614,16.834517667075804
565531,23.000977121696494
565907,0.7349151749280753
565942,0.37377375000142077
566835,68.39389347847025
566911,1.0767966713992942
567281,78.92568107969065
568392,9.066338462336647
568743,67.8189632210716
568846,17.748310610373064
568933,22.884994299553696
568966,9.782577149940575
569255,22.81174598431999
569651,0.6729171506318614
570363,19.932165860206812
570458,20.561320625666696
570549,4.903103885224797
571564,70.62757296578606
573671,31.88443405228163
573801,2.067367500986312
573815,16.199851748170477
575873,3.6194224005203033
576020,73.17801382041235
576142,10.258982530299184
576426,7.823922315250835
577824,0.37215868125695384
578239,27.39116745933003
578274,1.6307697495404627
579604,78.62652781923384
579716,61.4832957176363
579817,13.602340704494711
580144,0.5724099083839291
580153,48.78005798688094
580943,28.97019365224883
581180,42.36598253446672
582669,0.6661554304303025
582764,5.9377406825462735
583102,7.448235830333851
583159,4.521352379924369
583224,3.27494589707499
583337,16.938715900221744
584386,40.201597573173125
584428,42.299128706546284
584523,0.31834922182799713
585260,15.708237446637634
585300,7.209807907774066
585937,48.4567770570505
586640,0.37947986445941706
586983,5.968738240438198
587077,40.42372435110036
587519,0.9691265566701621
587554,7.403291214392426
587698,20.328123758705694
588631,33.88002404282351
588677,0.730647245625771
588919,5.836488609250813
589708,78.01047230276204
590903,3.1866172516451594
591025,8.695604295488506
591046,21.108516452494325
591112,18.71181637861841
591135,20.68000303724881
591602,1.0072016120797072
592282,4.5485872914098895
592342,30.81097782920633
592376,4.676323453017554
592785,16.59634522248448
592831,5.145122009931632
592853,12.670385705202328
593292,84.03372292668078
593350,10.343718391393919
593642,19.721515244509888
593900,56.55931171666689
593923,41.67274376497567
594020,58.012610922398416
594036,0.3548437264989847
594311,0.6774966645891028
594521,0.1344300202553894
594524,22.720946096420388
594611,3.8180125304597596
594639,13.611321588772649
595321,2.5308264119451893
596346,2.3866234511480164
596373,74.83121641662892
597584,4.432240303095514
597624,8.635447126821278
597668,8.302381896195786
599847,1.8068744701046797
600129,6.360183294387838
600434,0.305038737523386
600626,9.089410227926175
600877,0.31565305262354376
600891,36.31444684446575
601479,66.35769694671998
602142,5.667337205938705
602453,16.57014473951211
602603,1.5003881598181188
602729,13.206196853070033
602783,2.533967610245761
602966,0.17011932105294583
605670,36.342859259320704
606386,30.090169724449
606623,1.2643930493220197
607525,19.322635051179308
607735,47.64251786225471
607891,33.99911858657507
609126,1.5369729399432386
609198,8.723350606123836
609213,0.9792919028284939
609429,1.1084222849398113
609559,53.82718290305124
610118,5.072515076832778
610596,30.92508045187442
611791,0.30451067328923825
613776,57.77125887318903
616290,62.906870065913644
618477,20.2378697481917
618557,17.480061554081587
618836,0.2528488854831214
618916,5.833786372336586
620473,62.984370433847836
620540,17.70639196842886
621220,1.262027675579124
621269,0.1964465646281261
622082,4.3496077793421595
622541,0.2636773473980732
623852,0.286673677909996
623962,9.998942058877498
624222,5.963532094373858
627432,36.70345007554086
627505,59.140391520384135
627835,62.52971948150672
628064,7.541247156316307
628100,0.9967539327649985
628198,11.30710987266312
629000,7.342691275788696
629105,6.6365585529311835
629624,0.4520700369021529
629793,12.881973708046692
629855,5.2829242384072055
629949,39.20367457068323
630620,24.977726570923046
631134,9.25396686192393
631561,77.34672027385037
632347,77.85069720867305
632692,48.48143582974039
633162,69.34714908733483
633276,49.20923632142321
633969,2.4259899332881365
634328,25.153229146546135
635282,56.5449341501893
635842,46.22326713686801
636391,5.465831990748014
636915,0.7897576679668219
638822,42.95974509582045
638894,0.3020495529742758
639199,38.23777453101106
639267,28.56876049149154
640255,57.661789030095655
640910,2.8354023757132865
640990,47.98721092257259
641012,2.3113418913632793
641027,6.225523996098682
641439,12.865310068326696
641817,20.50038261909398
642070,60.21046743116025
643328,77.23860094900148
643529,2.531677497482184
643591,5.980216523490669
643814,1.3816249632775737
643877,5.062269123734994
643910,64.19820810436363
643948,80.30586081162645
643951,13.37116951631989
644001,2.3876786711529308
644559,0.5854515325665208
644575,19.93921939966943
644841,1.9643637061692667
645693,74.18196837995026
645942,19.923251183764304
646298,20.50542069136502
646325,25.91988439052866
646378,19.31096410531799
646453,5.438371455960687
647656,0.7716622463833099
648246,8.560374771880605
648263,14.06254118895619
650867,4.079123497164428
651375,38.44834844753235
651438,11.124512135440328
651475,84.44667708048601
651544,29.309747781742345
651761,10.004583580212135
654005,25.43497302608264
654232,1.8934623498657583
655705,32.61484560056765
656913,11.942974728218267
656975,31.635520381848075
657161,19.29709389759747
657217,85.86138207401243
657243,1.5440068132085427
657727,48.40777546058972
657734,0.6503659645530406
657885,0.9861052682614171
658008,61.40587004678171
658257,57.88659793318343
658294,46.139420152885386
658932,1.8372665241356374
658963,20.03311595906319
659875,7.388878140945147
659888,62.90339929376794
659952,21.142189998679385
660016,70.97751256345313
660036,27.97236576455357
660542,45.71853966885885
660812,78.70413071470104
661839,0.9297551740219873
661847,71.87711492917225
662298,42.28251090825303
663668,2.633686822227259
666443,6.917208588282352
667375,23.143332949915873
667432,16.36253152253715
667502,55.12477362131171
668121,47.09387889574766
668382,2.8707657523941283
669774,5.099468070078243
669939,32.939964229409775
670064,73.50529886612455
670212,0.6404151318510851
671022,7.445456188413707
671303,4.754925852098156
671402,14.72477141298551
671544,0.5237179713277464
671593,32.63987637861673
671633,43.387220193463264
671765,78.9636076570045
672616,0.7746260710234143
673061,7.324965179266351
673107,5.309431655001147
673152,9.094666266528344
673760,67.77312020319401
674231,2.9258778028529746
674620,1.4393918626574678
675793,0.16215497777046126
675817,0.8430888946178037
675824,35.67937921433204
676752,80.67044552145515
677162,32.553171870690655
678001,0.14747621812354628
678068,31.970420049040925
679756,4.2556187512905135
680104,12.472840434830974
681361,74.0484818079043
681582,36.978579510193974
681599,33.9914822976138
681805,58.95427193954757
681989,31.671246472145818
682027,12.868406578435627
682032,35.78248646201267
682706,10.044481108430631
682996,80.13181265278214
683106,13.821533637162437
683183,0.7419102374100948
683821,13.208416574470188
684941,0.35781970766686505
685364,35.59374088305592
685381,1.274020859369685
685435,10.542471407460026
686153,80.34923635061489
686384,33.96622448772408
686696,67.32127415998727
687679,0.6233656356948494
687794,13.703440905513606
687845,15.63220338860277
687964,24.05538984516513
688663,6.152472536403695
689900,25.89571647760885
690643,14.948345359289702
690675,1.6932657633052888
690680,1.7777601255009527
690960,83.3993128072171
690972,49.32225702712457
691049,31.045153871475126
692657,7.440763861059527
692736,1.4486242172657808
693479,2.122243677613614
694374,5.450097045761147
695216,42.875849537163575
695261,4.77532875424805
695568,0.21799706607574884
696464,24.467917747659584
696593,0.27342270365877536
697765,7.518450703745377
697923,64.84246989265003
698298,8.76815300818079
698327,7.572775782873565
698894,3.372297069901879
699645,57.667978401347455
700317,0.32419820224243084
700916,55.87419039412969
701363,72.02454161997373
701397,8.41967898747256
702213,22.889192062356834
703125,0.13502588792163311
703971,7.04359933734737
704047,2.2454924241080527
704669,30.775155141196347
704746,0.5875414454967741
704838,33.773191374243915
705783,21.477665589252435
706347,3.4869035217997504
707302,0.29709448995490023
707358,2.1410354039559483
707387,1.9707630319139586
707443,62.479755695043764
707695,1.2613505953580708
707736,6.9337573718120105
708358,35.8796356983462
708374,80.36225372844805
709271,0.1341217105514069
710283,2.786784014522244
710290,15.967648923089733
711393,10.876631673132287
711462,2.362022461797277
711635,41.43203885336372
711881,1.5611967417028818
712127,15.539950679595268
712136,28.14748762737324
712200,10.879547011294271
712260,27.13691683980206
713616,19.12011672850023
713857,66.79348437921315
714028,4.302467145548846
714939,8.537106002951528
715073,18.69883683408755
715544,17.702428126858848
715615,71.38265221713026
716350,5.233152623393646
716433,2.216854838013011
716780,0.30413727213873554
716949,75.54574526199914
717725,3.1055952189222538
718761,13.137687703451542
718796,41.611769248795916
719393,5.919668475839056
719621,30.328984992075707
720221,0.3172729250461662
720242,9.015374851180779
720274,0.3050973266047211
721719,19.86140053164192
722399,1.6032370511261362
723362,49.53635841011906
723457,16.35362909733537
723468,2.492384219473086
723507,23.985302062071064
723560,70.00162896847638
723786,42.85206811724695
724806,9.955332763246538
725509,70.87735911080797
726692,4.881980780203091
727414,70.36674719120064
727512,12.86720865200447
727835,45.841790563351424
727964,2.431636168902076
728409,69.11417774155258
728493,47.767648804190905
728498,31.39832634044184
728573,0.4448904262183333
728837,0.28153924215234893
728857,5.259473129347164
729386,0.11838634790291185
729678,56.168294015530385
729684,26.0824502688091
729714,29.87061479274687
729740,0.5865901140103125
729811,27.59001417310326
730634,1.5057436788126077
732397,1.371500762936782
732700,18.920702513707134
732818,2.5494874403256658
733207,0.3040342552403933
734514,47.727601176266575
736061,54.059895430106906
736187,34.74419392992049
736743,1.096940942445391
737100,1.7536733512861684
737126,61.960296753658184
737330,5.084499415936796
737356,6.222355877427964
737500,3.621197620070272
738008,23.35181205257645
738263,0.1444816568891151
738283,17.426205832014396
738588,10.217357882762055
739458,57.658686004218104
739738,0.11782342919508557
739815,62.7687358230763
739890,8.431660229048934
741154,6.401836824286203
741345,0.7400223760573045
741354,3.9378448123167464
741456,82.58347980086224
741509,0.51076135643194
741740,2.1319502389317684
741783,81.07864505165153
741797,11.304903047919408
741806,19.096390980236368
741862,13.356844614033514
742779,7.921259319096431
742795,40.637766234332815
743429,7.6087170961449395
743468,16.509804715315237
743549,47.93570717683024
744078,41.46194564436401
744096,6.922924124603533
744227,6.467806550005618
744418,7.274950996920905
744638,12.82170426646683
744913,1.2304205593801998
745037,50.73993010783848
746088,72.54375893805769
746346,82.88800577443104
746362,59.033284138978146
746393,27.51740008945797
747159,63.99430730854269
747316,17.317838067853923
747401,2.3661084500357954
747636,1.222290530455432
748118,46.28566196138959
748277,30.14204576877867
749362,45.30225053254024
749455,82.46372440621997
749534,23.524310647953897
749738,35.201099810278016
750946,0.3191143087181022
750984,1.2078881171004443
751818,71.17788625332037
751851,0.48981638554974777
752150,50.228494927739405
752455,3.694086541329853
752811,72.25240512018908
753399,8.822949757408136
753687,57.73521447215142
753718,22.921840616019274
753983,19.70235502707179
753991,79.26792159053842
754190,29.02955525253503
754353,7.214079159523771
755032,11.31367070509551
755312,9.126219262055889
755392,5.944920780091332
755525,5.580011254546483
756611,75.1705737769708
756767,61.19641698725853
756861,1.9374633153770906
756892,2.5532198184207586
756924,67.80061478290824
756928,7.8278968291513555
756941,2.006416253451847
757187,15.238668594742505
758782,3.9439342935837556
759181,46.76875580678131
759901,59.73282469928413
760088,12.409382052833125
760556,5.435407455316548
761835,19.560347777339825
761848,3.265165911154386
762015,24.10652481094642
762088,8.83941237140318
763546,52.83152850900282
763809,27.540781926144827
763824,77.39858258246907
763833,59.572064363606415
763878,49.340771742336166
763932,30.434952954405126
763962,42.47685760989099
764753,74.94738556862258
765288,0.29094348327012415
765315,51.75527385000657
765335,13.328740858617925
765542,0.1825910996297805
765569,20.373267998186673
766228,7.301541008371341
766814,0.2024422657003313
766915,0.24561222883572212
766948,16.281913860091674
766964,0.1453493700691529
766973,27.630960020770463
767286,7.856566239153891
767571,70.69364606949071
767771,0.41956709215836385
767797,0.5266357767794033
767969,37.13798949932786
767983,5.143225368065824
768106,77.4201997782194
768162,33.97952516370593
768797,21.413931668320775
769279,14.826692633328314
769448,79.86705619688603
769740,8.774752281576617
769899,0.7001849922661292
771396,0.23760531016999295
771430,5.832241976213775
771464,2.089373668517208
771625,16.201918073761444
771647,12.508598175307858
772667,2.7309896608635826
772679,7.635011012210818
773041,54.30390284413359
773259,5.445788591665708
773813,1.5678444170126482
773993,68.4029121169617
774791,39.56962357917027
774899,0.2631896648009648
774948,4.577391541056867
775016,1.7070804568971463
775233,1.2649870475295373
775280,50.299165301070445
775311,0.12760745985263305
775447,73.48763386311138
776381,12.70819118103491
776500,42.62327608522179
776820,1.1331670368651106
776845,2.6337137998404923
777097,3.867209532779222
777327,19.78756186615825
778291,0.4475985611133087
778381,6.997950784916321
778390,79.00703538470793
778615,3.7887484296319833
778968,16.644628386782266
779001,67.83852419138742
779217,52.917612333858564
779607,13.009606312964584
780205,7.352513700975013
780238,0.23565095534006877
780322,21.261921752836738
781486,71.20707471578278
782063,0.7843187283397041
782681,0.5147667426745156
783307,72.15050637389112
783341,52.69215446881438
783397,1.2325295733056392
783705,79.2908261353705
783818,4.305709479532621
783964,43.215074403119054
784024,43.211218062346106
784169,75.21673772028727
785003,1.4317423962130897
785097,9.889632043825557
785366,0.5300955186268609
785508,75.18754715375663
785953,12.013207543865063
786105,2.740427763377523
786481,3.292029634201763
786696,11.036149687215303
786843,68.56274932015029
786955,52.33467441065852
786967,9.373312530275316
787567,0.276518991732382
787593,0.43755951252759273
787941,38.92149883895592
787968,2.19024226622414
787992,11.682628021926751
788683,63.01016256672687
789302,19.412952923597324
789593,37.02205930748452
789596,7.31043272090835
789686,0.2647190382973143
790018,6.732858096848999
790032,30.108160957198518
790059,78.62289972140788
790074,42.83976412329439
791049,9.592007221356413
791087,0.5055007503210417
791135,18.87961790219548
791191,63.980396208744516
791223,4.104264875095417
791541,0.8934639991242418
792061,1.8630078501518625
792187,20.35388526198013
792251,0.11599304563967663
792418,7.291444893212657
792457,12.410555387025656
792609,24.915931613792893
792748,12.488634942067748
792808,5.538818244499389
793493,55.63575207248605
793951,13.949485527235824
793986,10.666043415764772
794020,5.7402806215568
794156,49.36474881400006
794318,13.507981131872816
794362,5.185968896429377
794413,0.30741227065008564
794427,26.075195017320418
794457,26.981392377678162
794496,58.35468565187532
794535,5.493667148224113
794567,32.04676264550855
795198,27.169297291156408
795752,51.50258784072016
795775,0.25829986247693437
798100,14.034170960202584
798108,0.3982205312837355
798128,2.24093993431462
798429,79.44297753370142
799319,56.2980112368458
799467,27.331037339659044
799829,60.0321450064511
799836,67.13515660456655
799900,15.861474163268298
800408,7.67305717368116
801058,0.7876931710649594
801370,57.82488769101142
801626,8.275073088021733
802651,14.322960931514999
802677,4.862431409453321
802983,10.212391115406346
803071,2.4624601573575764
803237,7.000120521146475
803257,38.25149784825362
803267,26.321368913306582
803835,64.9620456332299
804040,0.3066533334626243
804494,10.054527552850317
804815,13.065171927983998
805218,21.2131655310771
805271,0.2929973552105985
805405,6.344504291437631
805411,26.857487270151413
805973,6.185930932173026
806038,63.17764504165977
806205,9.892684073045107
806314,72.45532938715128
808680,0.1105622944298483
808774,6.719659214817493
808836,12.355453109714851
808851,62.29711206591258
809567,37.66784140414964
809929,17.039038072611064
810346,10.780996485471242
810431,1.0837722090941055
810681,0.6624668169432509
810830,25.298358960280066
810867,33.79267323296762
811117,0.7977837561177189
811198,4.951693186531144
811457,0.5365013987208197
811801,2.8300268206330066
811950,7.971456538229872
812462,15.784335743096793
812467,9.445459124151135
812532,6.060582090763881
812695,72.51734296751891
812925,13.023097301155136
812938,18.975382763891865
813155,9.398240962655867
813459,4.8936748456176336
813470,2.546477037000227
813554,35.24671926008731
813645,10.69172336262556
813736,57.01745180864936
814556,4.449365481902519
814890,0.5319764722423737
815045,25.55205908839269
815386,21.977483203324223
815450,0.8711331353207409
815465,73.23803874318178
815637,0.3779354566917915
816503,81.94851678616364
816875,7.787127125546652
816907,12.87381023053445
817007,27.08216019315315
817188,17.00546754398586
817355,22.324895472616852
817412,8.708382098928487
818030,33.99819111852732
818084,29.68729887157432
818252,18.94038319093747
818253,14.132209107943146
818259,1.4188126531675267
819228,15.57682929780589
819419,56.35430212464238
819504,0.14943557718463957
819956,21.67073810794831
819984,7.752586599341878
820070,23.417759196340352
820146,28.86879724533404
820225,0.7363367360603862
820801,1.2204660253395545
821135,40.788890903368745
821252,27.904443910969608
821266,19.732684015262436
821506,11.46984544472803
821584,5.423565247164275
821585,0.8402526252447701
822119,12.563241193766196
822164,32.47964810355461
822172,8.30054493237473
822263,57.537751098462834
822266,9.759055794199922
822297,0.5054534084154119
822298,36.79954018415369
823245,5.462101639657899
823631,14.84446795585752
824163,12.153375966779155
824421,0.24102236408256655
824515,7.982848109961165
825129,37.86039487737796
825486,54.23317007852775
825545,31.4345473736638
825550,0.9232079672041145
825664,4.082086647716894
826236,0.3104945572443971
826603,27.07057639050248
826642,1.8102968166625029
826990,3.040010071169516
827796,30.20752674174524
827802,3.9720891630841537
828130,25.375876395893105
828218,6.70144474678476
828553,6.112103466591945
828685,26.809685048476847
828915,18.72559661005095
829215,4.723090182505763
829935,18.68054639455832
830370,10.076497452441526
830482,37.44433468520219
830949,54.96805579064605
832005,16.210777807400856
832096,78.52255693907101
832157,0.22034394098515994
832281,2.275295639260026
832810,20.525891146001104
832855,35.359133880333964
832947,67.12858476462223
833860,36.3976850571781
833927,76.05688962143218
834559,0.3528867312260147
834600,9.324571411409819
834962,0.2629103941049458
834982,6.266310781252446
835138,5.175708444453463
835231,67.84376601763151
836411,8.27149952262487
836513,1.256605742610893
836519,16.19974395531759
836947,0.5038199849334981
837134,0.47681463533690804
837164,6.535382327276953
837284,1.0899981371121945
837430,0.7967307307542743
837471,30.911272048065555
837503,81.72229444009851
838489,83.01308598026252
838586,7.049611598973731
838669,73.58409972288885
838974,4.518414574591683
839058,5.63293729320172
839336,87.49420875083975
840118,11.217456632508513
840371,32.81463947972149
840516,57.203070818925205
840616,44.64432851914077
840731,29.07041775834314
840794,7.3517111223548035
840914,0.28267809625292795
841192,0.6687439635957617
841211,9.302583987450351
841292,4.086018679579087
841463,1.1678231649654023
841484,27.890039120505357
841978,3.188463114245021
842167,20.156903354744273
842176,52.45869654954326
842279,37.22960595534061
842484,13.780007808405498
842740,6.2802223486082855
842973,1.5786680275601555
843003,1.4279155142301565
843033,2.399478905438731
843472,0.5906247207086417
843491,34.186509333571
843499,0.6522837083317666
844023,0.4371168546576754
844025,0.27488032289867
844278,24.548588732756794
845074,1.233839868158874
845362,2.0398377442320568
845417,16.56352762846022
845495,9.09896914683527
845514,78.81238437310867
845669,0.3877244687609512
845999,2.4143326966995646
846101,2.4848497212228495
846224,0.5686620067755195
846272,0.18946441492873276
846275,73.41123578623291
846407,0.5899529447396866
846431,3.0406565385343116
846508,0.45491815785920886
846671,14.683541545299777
846698,25.201417648801417
846854,45.66207487484805
846857,15.669132341547204
846948,6.418652407726956
847591,0.36699100002553203
848071,37.38775637573487
848174,1.5967147254596181
848220,81.24607709386017
848699,64.7718455695399
848707,14.182501593305544
848722,56.12883150192373
849567,16.30500273996817
849574,14.668861652751534
849703,73.71889045094748
849927,16.591022647695002
850093,26.68903100394785
850097,47.90025408929057
850260,4.958750983408699
850324,58.87281681172967
850338,67.40924994153521
850359,7.367710746282738
850388,1.5385950544350253
850943,5.0281518368608875
851366,6.176969705172024
851952,0.3021642862619497
852483,10.508659987591102
852709,68.38156510959544
852949,0.20725779934776134
853263,0.22342695239521695
854095,10.899429406256761
854396,5.002137215102301
854736,23.96846468799939
855150,73.0913562351883
855300,0.4426220568474434
855386,49.552765924663525
855412,14.729388684485913
855462,0.4164498940022794
855542,3.448396259449202
855549,61.91442640224494
855894,0.32542692250740607
855919,9.914199066290504
855959,2.0684909331623396
856386,0.39571103855222317
856396,4.713560889373853
856428,5.552616587693805
856440,13.005465750535667
856976,0.740753039713677
857941,7.510878293459749
859045,57.58271274598577
859521,11.549812186781262
859596,15.317299009555999
860401,68.91167048119074
860827,80.67708641240169
860837,58.32919252603164
861561,46.01691898352593
861689,25.059738609355662
861759,4.0039432426252075
862890,2.0284158785208994
863199,60.50974704309164
863209,43.49162108764431
864031,6.451771476462747
864271,5.198755559159849
864981,52.32893870267027
865033,76.68638429293893
865992,18.0915617647201
866890,38.06320482134519
867020,38.99693052635317
867694,0.2474959010629545
867717,1.256181968698211
867721,59.67849392015397
867749,4.553639094325654
867803,21.52182168646712
868966,0.3254879055427519
871030,14.772932237903428
871079,6.93085873688228
871835,1.0331630245632237
872008,55.5405569498383
872069,16.202054805718735
872897,67.05170140646182
872981,2.4529822744677974
873024,46.42650238426757
873373,8.331697391811243
873602,34.02122888865233
873610,0.3192054997646026
873701,70.05665652126626
874577,1.894996249913441
874615,44.43813464677238
874683,13.325748354462903
874706,61.521760840987035
875460,15.969348372807096
875543,0.3590780430182262
876488,53.45025763951385
876792,37.51245410920429
876916,6.025826387247769
877067,13.150340185916368
877394,6.732843469921248
877412,1.9481550673592858
877431,5.178911880117181
878525,12.178457808896505
878844,7.414596989862583
879111,49.32087623737222
879238,0.20908562023778654
879244,6.095853493540324
880424,54.4626311992693
880452,51.71299409873604
880811,1.615772570458782
880870,7.739900789509293
881159,23.020277930599402
882523,4.6662585847980385
882590,37.24516426348805
883517,10.377552269292195
883919,71.66701626883894
886808,33.66679672648765
886821,7.044967588863748
887129,59.069312013418376
887292,72.04380516782751
887526,28.61595007315047
888127,0.20551157776176912
888554,7.4684883237974855
888583,9.975897728115077
889247,6.5874757137141
889376,80.08576565920937
890605,4.544394877436658
890855,0.5781445558357001
892080,21.14364380692944
892210,7.066496137201376
893556,22.848882645129095
894093,37.20819420835035
894988,24.942903456097593
895253,12.036396638226341
895429,5.8720776875167715
895431,6.780490482159462
895447,5.895685037194647
896443,25.840091711697568
898263,0.14515918508920364
898264,0.15295254981331524
898669,39.51488232705448
898839,2.074117322620309
898861,36.77778801533906
899948,1.3335806102861474
902528,5.554071636217809
902709,76.47641143222992
904060,9.380274799513225
904371,27.347806578900332
905314,26.714862291648807
905425,57.92931676387667
905694,7.912874018683494
906058,30.098205875490777
906829,0.7982721339274861
907966,9.486231688391932
908015,23.4813940313454
908275,6.922419934177273
908346,0.9341764224895419
908469,24.762103544042624
910366,24.836790008591215
910976,42.17670884980815
911964,8.435847817209496
913177,3.39029034989107
913816,7.630097376718745
914245,79.03340413007194
914325,12.800401146679008
914355,13.646522019531751
914594,0.42053772616294216
916105,4.026253288039558
916836,8.336788868681978
916837,28.57510872260123
917699,0.6065210207397641
918239,25.90699383855426
918398,12.647968599557549
918610,38.64876216074692
919212,43.70827924321128
919269,1.963938685033507
919491,59.623847935784724
919581,7.025118864850145
919830,36.87514200157038
919955,13.504633336734203
919978,74.98661153407234
919990,0.630784997750794
920930,0.5996480062132012
920951,3.1333854768223244
921034,10.251812133192843
921203,15.574951454904678
921585,34.630081254461736
921695,11.255153512614944
922695,11.236303361298935
922764,72.36093478847636
923053,10.122923517414707
923741,8.59223068330777
924600,15.32718271566261
925010,1.3173718507420715
925458,3.127233738959095
926337,8.350438146470108
927075,77.66957596603349
927408,60.88123548834541
927597,21.33747431488777
927987,7.7566673616328385
928004,63.739939601943554
929790,22.450638471882993
929833,14.60041839990531
929891,65.05385857256876
930701,30.34883741904988
930809,55.177130597743414
931780,52.591899391975346
932241,0.7221873732135474
932277,12.235624987374694
934224,16.30472942682314
935695,7.56527795989623
937396,0.148897697175508
937448,7.4613388700164265
937840,0.7436427295578911
937876,0.24166444127305486
939035,75.261043032933
939260,0.3428927890067582
939411,61.116647875002464
939657,64.02804774375788
939724,62.50997155567367
940046,76.18149175687307
940856,42.98583237266298
941077,0.22049717071750008
941563,7.63918514326844
941642,74.32799317481962
943891,69.3868226311773
943929,0.7579209575665221
944040,10.579261734929094
944755,63.877182380719056
944840,10.691881513391953
945297,86.73485769592664
945820,5.834487246748072
949194,0.46385947279429685
950038,1.828945110496051
950777,1.3379093830810378
951944,17.448221968300437
953275,43.47009576725596
953284,0.2840624997161712
953437,4.171103208322387
953821,8.686717722037063
953960,57.298225831303526
954105,61.148005165603024
955354,19.03329684135692
955489,48.9505675902925
955542,5.537396637800401
956412,79.48840091905328
956554,78.98758668957798
956573,16.15279246693353
956887,0.7800315732276736
956943,58.05415787347769
957289,11.097291278984356
957592,3.9399972556351215
958222,15.83335184655515
958353,10.221083447680053
959349,4.125188011393758
959779,4.9263090531679
959788,49.45791061580694
959791,14.072663418603932
959871,0.239063810609125
959948,21.62067770206711
960495,9.204733890787233
961477,77.53776534596551
961830,7.465137950847161
961877,70.14222805485441
962056,11.853706680743342
962620,13.012236987529782
964118,57.18021726537128
964514,34.97300312738003
966104,33.05763514505953
966167,6.314231612762775
966663,1.8522754292266057
968848,6.482650804465993
968921,61.39903536855009
969115,0.1875857377165766
969463,3.527342026355435
970659,48.77430129717984
970715,16.957498652916023
970949,57.29417515377208
971247,57.290703520169046
971253,58.707812730809785
972366,2.072592283876189
972426,8.655346261294163
973128,34.45932204274741
973371,71.21575324030032
973535,83.20398408809905
973791,8.645113916195816
975229,32.02606428285848
975250,17.944622160580007
975359,1.5061602962114018
975369,21.043201385031306
975636,16.50951135980849
975656,68.03085559470429
975897,3.3460654368678027
977152,2.4538492452638963
977267,2.5708272557033607
977290,61.24585131797137
978615,64.7841858472897
979560,12.899860912839015
979656,41.94170686747474
979851,10.749582311910094
980018,3.5680131628709946
980098,19.912337559519496
981494,0.2458682740159468
983220,11.850880796675813
983625,81.22840776754524
984380,5.230751118129082
985273,61.87964278525281
985642,3.014969368040262
986540,3.805807003174314
986727,81.38787426778785
986936,15.854382161770404
986939,0.31324694074676146
987329,20.86172605149329
988991,16.704487019221993
989241,42.423784180537936
989423,9.016913702860768
989488,61.7982781720701
989925,2.2728228883591015
989976,39.543599139000904
990171,83.1881009993511
990703,12.7616875694726
991396,0.4100281440646344
992186,15.266767178727942
992508,22.283184346305205
992598,58.387140515964035
993011,30.054612575926512
993040,71.44831093719365
993785,0.45665744881108256
995169,0.4460087078768258
995187,49.9327204865612
995341,0.14161202616040658
995367,12.37505967108977
997028,2.863655765151024
998023,3.250461107435096
998896,0.4264488354690194
999984,44.34181211532871
1000264,79.65213936335768
1000871,1.6798514513690193
1001367,56.90602078976819
1001405,62.23057686418484
1001447,47.40560468833949
1002469,2.0969859381852354
1005558,38.781273944983525
1005763,1.5205153717051407
1006292,71.29073906448278
1006493,1.3406130796304274
1006697,20.555899108165807
1006699,22.869426630691756
1007266,0.3358538310177441
1007724,24.58990808209266
1009018,3.3682778996680884
1010683,1.8506177219274502
1011326,16.832367428613402
1011449,10.147547744837492
1012203,12.003559149388344
1012321,31.994922516807428
1012337,4.389495839057867
1013235,41.05109104423576
1013363,8.885458847197897
1013647,64.67833400770023
1013779,0.2588891954598141
1014305,1.1516725280384632
1016004,58.44195329913604
1018769,81.60161948614798
1018858,0.48674826838955854
1019111,7.664893463616759
1021122,16.15627908284733
1021414,19.1247832474178
1021668,8.866510751998101
1022180,4.290827689581845
1023117,5.877192078521853
1023754,7.64608241557841
1023833,4.904993281420835
1024113,4.029720377210866
1024135,10.655747739648257
1024342,4.152861591370949
1024364,33.34654915427983
1024932,5.220137096039046
1024949,17.442039010800322
1025847,5.124151274109935
1026385,0.13807512296455265
1026592,57.40821501364743
1026683,3.5691073138796674
1027022,0.21905066200562848
1027162,0.9834024224196174
1027808,34.94059398534298
1027934,1.7411180098169174
1028139,0.15233530080627994
1028158,5.079734174211824
1028222,13.236046609408413
1028263,28.218898608766338
1029845,77.77124331585019
1030254,11.285442926486303
1030780,26.383474370983787
1032127,0.5756297915912517
1034106,35.29111999359322
1034911,0.4033203265354086
1035717,0.16076118343702026
1036734,68.15956218526716
1037017,8.2528314604972
1039045,10.765831564786604
1039215,78.39661902948787
1039931,48.440666325075476
1039983,10.946606699132884
1039984,57.01071055328599
1040018,9.45350400100509
1040182,70.29225280707738
1041218,2.2451199732594325
1041334,25.1470375309567
1041512,34.49467632542915
1041574,1.5842862967384255
1041746,2.1552512163079793
1041974,3.324204976349264
1042416,68.66784429007875
1043046,26.386965939392198
1044502,60.9478972293501
1044917,23.798870593715865
1045155,0.1357363874962442
1045491,79.35054873652712
1045633,16.440459851366473
1045897,71.25429869658504
1046454,0.12512827645759442
1046615,23.594559376400795
1048382,2.8718750006265594
1049153,83.84523543026792
1049207,0.3621096183042035
1049224,40.318206576411555
1050389,42.734813238604545
1050955,82.29083585660902
1051859,19.235976348806116
1052960,5.232934887867844
1053375,1.1216259380539666
1053504,43.60078631726854
1054201,64.98824835543931
1055135,0.27532189861725687
1055674,6.347905385895842
1055863,0.8859512033954724
1056119,61.736063860692504
1056597,51.52951272412035
1056657,70.85017646146746
1056754,67.74400670978685
1056804,40.38307031303731
1058361,0.5905117616538734
1058791,67.22697025244364
1058872,0.2214820310762844
1059025,78.09009033103811
1059889,0.2463759665098662
1060019,64.60478814362506
1060080,0.8969792983828041
1060553,77.24407484076431
1062796,0.5159644682405555
1063020,78.06911334105396
1063060,51.51194475549709
1063678,18.032330435437263
1066079,1.8121377363403577
1066660,0.36023867989932984
1066769,88.45214835358095
1067022,52.590932321383214
1068924,3.053544683906233
1069287,1.3514799438407659
1069429,4.060997474381358
1071138,70.51507521406015
1071394,0.4658783053244447
1071743,18.124053380994027
1071760,0.32978403450834515
1072481,79.99459941471264
1073635,83.54455913100998
1073780,6.761670221387142
1074360,7.7630769965650215
1074564,53.6075974670869
1075314,0.16202020149931237
1076873,25.252514402763538
1077179,19.65554032835235
1078889,16.15885043650898
1079675,5.3043519918285815
1080543,12.122704783662142
1080674,2.4304794889432086
1080797,8.813666055072398
1080839,13.632198115072393
1081932,4.420785177491849
1082406,48.81853742426746
1082849,51.260158313561504
1083888,15.341040007910635
1084294,27.4621576566914
1085529,4.365703886549103
1085566,13.54902821176298
1085916,49.35158806299774
1086322,22.263441758805417
1086468,3.294157569359846
1086598,10.838611563717429
1086819,1.1261732336492194
1086958,47.62656271574051
1087354,12.781336580627007
1089143,8.471278147561026
1089619,7.432570623389999
1089766,14.623539338043518
1089994,36.94678791111736
1090380,4.5214673508074865
1090567,41.4274683727905
1090732,4.366275252274816
1091534,84.82978544325876
1091582,26.30621398842223
1093570,89.76921892310544
1093977,7.621555391578401
1094623,0.1178467227154627
1095278,1.4444684277665398
1095472,55.710301648583616
1096511,68.37769283980394
1097464,74.85496141360572
1098967,7.917980791192831
1099387,6.221615106377963
1099680,1.9318681963924889
1100421,57.645300776990986
1101035,79.01444597286283
1101097,15.11245396153509
1101224,14.96659806569505
1101525,38.99082435532877
1102853,3.342094801249752
1104208,0.27947777679423086
1104567,36.189995913987346
1104762,10.050750232165923
1106282,16.547502662236003
1107092,13.874785353600606
1109092,12.080660688555533
1109388,56.80104868530907
1109582,19.15785419845793
1109624,1.099782755476532
1109826,0.5173785507777945
1110193,23.46702336694437
1110533,0.6700761829116948
1111854,41.37167746724237
1111882,76.77785835807686
1111981,80.19425320881648
1112070,30.351722888342007
1112407,21.50795052699141
1112484,26.111168762433362
1112504,0.11464941195792815
1113258,6.055179442170176
1114788,18.78279385098654
1114858,0.21715087792250626
1115349,32.66524106478834
1115381,0.2938418339636275
1115438,18.667781621602558
1115576,19.802462312215585
1117181,1.7449753654378766
1117632,1.878874555444896
1117958,24.077053045398948
1118062,10.229486612662141
1118213,0.19696664851834378
1118479,7.7478469691875995
1118547,2.3289420770695823
1120033,0.8924315364475692
1120210,0.46633275357617093
1120392,59.90975506864964
1121448,14.148633384993543
1121502,21.04441119804934
1122462,19.262903852864316
1123077,0.5881038949892045
1123237,0.2608398477548885
1123879,15.924352472449632
1124394,0.5526455499138294
1126656,18.446894034786528
1126669,78.54605297870779
1128681,8.459077047360312
1130240,0.48562385391723917
1130680,84.45618399266176
1131422,57.01394927385475
1132242,0.5253868959244117
1132907,12.320238368372529
1133211,7.982154237176544
1133254,3.2517095440135986
1133341,8.099502854269858
1133460,0.289932666055898
1134369,53.8080081505086
1134553,50.30284850878782
1134635,1.9755809831712703
1134988,33.67603283727455
1135315,3.009970845465656
1137768,1.7191374394082417
1138727,31.625758392230548
1140461,0.5441381964048881
1140837,5.414764627731553
1140912,3.352906393320104
1141071,57.05267064019847
1141076,0.6845646666572089
1141120,25.711771321067225
1141150,17.253762413697217
1141632,63.2523008484913
1141759,8.553814576498151
1142034,33.576231071454686
1144171,2.4429115520892686
1144809,6.448963040095314
1145134,76.73424108598883
1145488,0.1427794042630368
1147507,6.823920057158546
1147754,0.9798784138218485
1147884,10.619150266609164
1148380,3.4323959176499614
1148451,0.20098204505224376
1148759,3.315062665009138
1149845,69.15947122154203
1150382,13.996701486738747
1150398,25.9920509309566
1150400,10.214052138817117
1150514,0.27376345395122514
1150914,3.991113567708496
1151388,38.82902678919266
1151980,62.543971703495416
1154609,0.6428819220542398
1155475,17.16880124872642
1155885,80.63278044276589
1156423,0.2200447456322721
1156634,47.338508557870576
1156733,8.232891608347474
1156977,6.018507832112708
1159142,4.9720155787304225
1160028,3.041352469283515
1161838,39.52979095100511
1163484,63.918101817707836
1163969,18.86544662774873
1164046,8.755862651231622
1164370,26.75197055379005
1166538,44.30810705677785
1167009,7.691896964833382
1167219,37.522473339654745
1167314,7.182486417037459
1167395,0.5491511099222459
1167444,44.70568579123863
1167658,75.44042655180806
1169928,7.539569514171388
1170261,79.52220733023768
1170401,0.39612396002321293
1170656,1.0426706153583953
1170887,8.447520658612353
1171342,66.86166997091462
1171581,0.49481374395442224
1171674,65.00359019772613
1171955,4.270453963734838
1174479,0.11522077261733576
1174619,0.23911257863375593
1174944,26.370353649036353
1175304,44.39081717083851
1175394,0.4274826648343038
1175536,7.138333549212413
1177156,12.000034644031526
1177395,0.6387870755702423
1177725,37.06769795798338
1177986,0.17892011423926907
1178231,38.49558633266736
1178389,1.7343228666165051
1179080,71.06071855059417
1179938,0.24639041323304525
1180159,0.4920995685494002
1180296,16.771020064578646
1180473,0.2777528434077956
1180618,0.3865708946786493
1182186,13.2596309901625
1182668,25.597714721608103
1183172,68.30981149363947
1183517,1.3866518266768348
1183567,24.894342957867035
1183628,7.099858517573909
1183632,23.90564003376257
1184848,19.519536753849735
1185525,22.942966718294304
1186153,20.90802834851785
1186569,57.34992134009449
1186653,20.165794504362132
1186746,84.37986342623138
1186761,45.458555484014205
1187220,0.11026955881299133
1187411,21.16355857190586
1187588,71.76227935430525
1189738,69.5880419234608
1191082,0.3359788186591938
1191144,24.409898094297965
1191606,34.17092515307667
1192845,86.69417778963066
1193072,0.2961065157913696
1193793,16.336013108002984
1194525,20.169912879629372
1195177,4.923540532308017
1197135,5.880284212244419
1197645,10.583889156958907
1198231,0.18668570233973844
1198681,0.9944578464766091
1198874,41.02713359855777
1199878,14.676433314000391
1200033,0.2727511843966749
1200359,9.218943812043905
1200456,8.549340469594199
1200707,34.17691700849052
1201426,0.5132627651355472
1202883,47.116082833989246
1203737,60.50686599121627
1203799,0.8826536396726489
1205103,73.31996000645132
1206407,0.4589305014636809
1206525,5.657262409036755
1206643,2.0306299676633537
1206859,0.7087922925181246
1207489,0.1181499405210841
1208461,0.5383511171447682
1208742,54.61927537048533
1209350,5.538840679073987
1209492,2.6084021280152356
1209684,18.815608578219386
1209921,32.58041330947519
1211777,4.42459168321777
1212319,12.556354249702249
1213991,25.806164197004833
1214133,64.30319815577666
1215951,9.623714639000676
1216084,22.91222555365981
1216905,56.808755972592614
1217046,68.96137275439473
1217670,21.394750946980125
1217823,1.8194156382943338
1217875,0.5676976682314092
1219919,35.668424591281415
1220962,6.79543761259876
1221172,9.63930988957993
1221503,10.64167456079068
1221511,13.69752726390887
1221576,49.62546663493237
1223230,6.421504005800122
1223755,78.34396582838025
1223980,68.82670734202024
1224056,15.063108400239345
1225060,14.26590230191624
1225604,49.27490749161458
1226176,0.18946006977578533
1226480,84.70645376878126
1228698,39.55701832055219
1229086,22.244496958581482
1229289,77.4404969569611
1229463,3.114728914712243
1229536,0.6592272729816777
1229566,11.124111450821847
1230956,0.14408153225359535
1231104,0.2683747171707554
1231273,12.230681012687127
1232212,9.819285343343582
1232433,50.82923421599349
1232491,1.792278957974598
1233186,6.881068549947526
1235205,28.422566757860878
1236489,48.708228532891745
1236705,54.608073068571926
1236788,17.85055420845269
1236914,0.328875811457258
1237275,17.05288000875255
1238624,0.28389426846862525
1239265,0.2053780068544457
1239293,3.5089467711642133
1239421,11.721428100754224
1239563,75.79066451324543
1239842,0.8314712667493026
1240213,2.2006868267584525
1240698,36.89567237259299
1240885,0.11230380693112647
1241905,11.250476285999559
1243308,1.0725512390743897
1245343,5.900680074307042
1245624,2.461768724511163
1245714,11.021773907396375
1245855,57.022751369518474
1246123,3.479428425073012
1246287,0.17128937546780604
1246670,6.072803918564984
1248477,3.559217700714318
1248527,0.5126172085092576
1249419,9.92221375854293
1251294,0.5881679414665819
1251889,2.514704827058466
1252565,30.186897663339774
1252680,0.22064470742661807
1252770,39.437654552393695
1253039,3.64586232462489
1255964,4.074115287177072
1256152,0.38707010726381025
1256275,0.1143777813811099
1256290,0.1658674064084916
1256707,12.685648549236793
1256768,47.23311380853476
1257416,10.2116580125889
1257994,48.245966241230796
1260619,17.857320653318094
1263964,80.22822218921148
1264663,0.7145144703718371
1264695,46.471639436220975
1264701,0.31213723300869956
1264732,39.5784978690462
1264887,57.066023527010536
1264920,5.9226689204388405
1267945,45.40565930126223
1267954,53.797495473242705
1268083,7.349544218142775
1268126,60.17892276030312
1268154,38.578666447954205
1268175,16.636488889516446
1268218,4.432567401593453
1268226,62.331843553524
1270420,2.4517459789200675
1271297,26.30159704069823
1271312,0.4574269216174311
1272282,5.26506120503382
1274530,8.177867960402496
1274738,0.11258177233957999
1275942,40.334144651566554
1276054,49.629103067912965
1276554,0.7720159429276127
1277955,2.337108031876793
1278469,9.470749721051948
1278506,6.675277196462652
1278784,64.10405891966647
1279185,3.7582569703421638
1279189,4.818750153703411
1279234,0.25280133512720243
1279449,24.499657840040847
1279855,0.24444652105353612
1280188,23.41439827681351
1280427,0.14478003079715335
1280533,23.416903044578756
1280916,21.828754003750166
1281023,7.203441248953051
1282638,75.0975552157981
1282763,0.38774468544801444
1283523,71.6550083471938
1283701,2.052488753119714
1283928,5.474749547734075
1284189,8.034430063209197
1284990,36.78938885107328
1285927,34.4153306769836
1286024,15.342358463377783
1286933,49.5170532855044
1286972,79.24169028511727
1290336,26.10355653030025
1291490,13.575213363915351
1291558,6.322279641026994
1291561,13.202573358625049
1291913,82.6362845640388
1292184,59.40859379773183
1292585,85.27710591211978
1294267,19.045809896418547
1294417,86.68576051345846
1294438,69.78336225029223
1294721,0.24635205915657957
1297663,17.698844743145354
1300191,0.3024581590108863
1301227,3.0441868674581203
1301259,7.104456897819175
1301262,0.2216208889077849
1301321,7.827013227651612
1301507,53.35043385601233
1301986,71.86114412954477
1302596,6.817715012316204
1302684,5.749959703159992
1304459,29.094288817054665
1304604,8.318251373507284
1305590,20.02559763775869
1306749,16.493793814721506
1307405,8.83095557784951
1307723,5.844482563127939
1308355,8.496853251236315
1308877,0.2776709091740965
1309707,19.382190504392753
1310672,36.93198784414208
1311399,2.2728186672055455
1312178,7.830964936675883
1312228,2.8431330902172025
1313020,0.6554614682007112
1313141,16.0834852701838
1313258,67.2192404531406
1313768,5.033272003537106
1313885,47.877037945669436
1315676,3.73313979370272
1315753,7.263880199854487
1316175,0.25207912429209395
1316416,0.6082887836005689
1316538,1.6213738838014755
1316691,51.6318150664595
1316747,6.904005704087931
1317648,1.8415321135730784
1319855,2.212059827129192
1321174,24.42626607365737
1322432,5.6141538877188495
1322917,84.42734854552636
1323485,0.28712683192275634
1323528,65.97973354803628
1323789,6.1437135181681946
1324295,1.037202279046284
1325432,36.782623403998755
1325472,14.904885551982153
1325473,14.54271913820048
1325759,12.78082581012817
1326566,3.291736330379476
1327940,26.42739765827682
1328032,0.15749913251196834
1328080,79.5220984104076
1330056,29.59385006916352
1330753,6.2146839416936785
1330775,38.21541686670642
1331231,2.9121647660062115
1332345,8.854629243334813
1332570,9.03786670367962
1332663,15.787898227890068
1333269,8.146519434105983
1335550,47.077817070957
1335634,77.46893492916466
1336390,0.3240885934734176
1336435,10.272765632115416
1337124,19.993631386393897
1337193,3.894040271843528
1337609,7.0688321705951305
1338900,0.32796116990825835
1339672,26.72767021639197
1340568,29.921791033475337
1340982,7.128473993864963
1342296,46.96214950433828
1342928,23.490405261605016
1344128,17.0270042380063
1344262,23.957944218498366
1344474,0.034500325567043896
1344551,73.52365843680475
1345712,12.834919060722703
1346389,0.18587115572447493
1346822,0.5729899776252705
1346989,1.4217128781871307
1347103,52.48609524117156
1347175,3.515914510958659
1347204,41.48847514465559
1348306,19.374856243269743
1348655,31.238199359241108
1348885,0.5453600446840798
1349187,3.3378147073508235
1349237,72.91196153530011
1349503,6.798395168489682
1349834,75.83840359419692
1351217,57.13524337704359
1351364,6.554004979839499
1351404,32.71661902442102
1351427,6.275880059377564
1351683,1.1541215935298375
1351889,21.09198001111273
1351915,2.232271817338041
1352657,5.293855707694015
1352916,5.239522059257458
1354042,10.097609344476876
1354415,79.25950616106557
1354775,6.990114936761474
1355859,19.994300560349632
1356513,0.4548041545853628
1356545,13.218807601654026
1356889,9.665680271164485
1356895,3.802937597356244
1358179,0.608281199780396
1359411,21.995250765772173
1360781,0.9010793198128985
1360820,0.32880517170880935
1360873,3.1077887026958564
1360926,27.00199808976903
1360932,0.2871696962003103
1361428,7.514095393883785
1362512,34.460683118714215
1362925,24.632955076382007
1364584,11.789501966574678
1364921,20.715913257211763
1365505,0.2665000202897376
1367775,0.6928419976025406
1368568,0.2212416339517276
1368674,67.38407692487425
1369559,11.632875611130753
1369670,0.3024536329061596
1369799,0.5401097058471744
1370064,3.9645690762544863
1370154,4.5458317672924995
1370405,85.23705518928683
1370600,0.8899158861136237
1371114,16.450204828048676
1373456,13.656280606358317
1373541,1.2006298922378644
1373655,51.375761301985015
1374144,0.13997086094064487
1376820,15.868520523233123
1377134,39.12555126836746
1377478,43.08455539803438
1377622,0.7358080331029896
1378088,0.15269469185908457
1378111,0.2312331487337294
1379616,51.606868369443525
1380326,5.9612306318582355
1381569,1.5547199929439033
1382245,9.436921530482202
1382256,7.103310972994048
1382607,8.381545194043106
1384858,0.12311588531062793
1385985,0.2402785913863807
1386742,74.22350689270263
1387166,5.645196684124933
1387361,8.157725027061812
1387839,5.940886843612839
1388569,5.870089339659283
1391999,40.13979258961025
1392144,25.48167694619652
1392330,72.46968938376634
1392390,24.331319839268
1392398,7.523160828558829
1393169,0.18159440391571263
1393419,20.25137867786846
1393994,0.1421351222858816
1397839,1.620788292605551
1399187,9.508598628710923
1399273,3.794996000456658
1399352,60.487793713638695
1401578,0.6141058400642753
1401826,5.068871856473061
1402731,45.35079121175249
1403323,0.46100307509158794
1403827,45.59818697799854
1404586,5.489652752891835
1404629,1.370106576872825
1407364,30.085191651316322
1410197,31.4400078723187
1411349,31.47692603788221
1411811,41.610014650000075
1411979,0.1364523619799096
1412531,12.723723463473895
1413795,19.655195236894247
1414196,4.4037726144763285
1414747,7.534606706432053
1415738,40.148579217600606
1417215,14.289170883810925
1420335,1.8386729813892027
1420559,0.8218868410742813
1421077,21.276680114102664
1421933,11.949365249383431
1422237,0.1885467679774929
1423063,12.530850037058071
1423112,26.869081445974242
1423957,0.12977711338163958
1426302,7.757836544356725
1426436,1.760953768392035
1426643,0.5087353158518816
1426738,2.242652213999668
1427401,54.13547654886763
1428371,1.215330183709346
1430650,52.849701640185984
1431246,16.88288866868841
1431373,60.06280225615232
1432694,2.215960651547143
1433326,55.0007165663858
1433337,35.28262912827605
1433849,3.2838848175785866
1436810,15.935571359866039
1437044,3.963284904698336
1437163,5.633784649829804
1437903,0.13911520501229444
1438369,80.66889552213235
1439295,24.379025495304855
1440363,77.54443943854305
1440512,0.30145853735600153
1441260,8.622990420223003
1441931,2.334171305121818
1442450,3.640902948343068
1442799,83.74012419432758
1443077,18.382106815904024
1444924,0.9282023474607335
1445250,29.91680829309371
1445813,0.2651002894383328
1445842,4.422076344462447
1445876,1.085481580328891
1445957,5.993039057505613
1445977,4.876694990599937
1447952,6.63173875332291
1448691,31.66826224221128
1449546,31.838841738168934
1450568,19.865284830037282
1450685,68.40573683415197
1453049,12.740368831472626
1453998,14.314044890113518
1454920,15.311395282597271
1455061,28.07583539606671
1455407,13.45832653875332
1456142,5.518001964189502
1456352,79.75655838965315
1456430,8.621665868501264
1456565,3.0194087574073722
1457003,3.2261298577040436
1457042,9.787295533864825
1458645,37.45591281514606
1458995,7.3437556507968225
1459724,0.6347856149162201
1459862,47.414702703687375
1461721,51.55166312681213
1461822,6.297662800927864
1461965,62.545677573655205
1462270,1.488005862388268
1462341,8.996582682012066
1466053,0.29093860290793166
1466081,40.35813130265849
1466534,25.80675325987641
1466592,2.0891549921451413
1466688,0.26026332710052824
1467025,39.27172336629809
1467030,76.46700811567172
1467618,5.755828419958686
1469244,29.622196105037812
1469955,7.598003521403441
1470117,0.25615867136183845
1470698,17.93336241764587
1470969,6.23045939491325
1471201,0.1773140206738969
1471244,9.720438136198215
1471265,9.262317216494385
1471952,15.3580690538495
1472166,0.6112240681634935
1472842,0.9059202468771405
1474887,5.047078591414033
1475661,6.295675167777886
1476085,3.787362796416816
1476244,20.460296239648837
1478084,4.575103938400226
1478270,5.5574602155420525
1478468,7.208253641627556
1479113,4.959086625177558
1481753,0.7413495381930023
1483688,27.635957641448705
1484077,41.02776042160267
1484207,23.495017186901407
1486963,43.59576683081688
1487222,8.312637019173511
1490223,14.860036997135014
1491731,1.28685204524108
1491991,15.057973465347459
1492810,11.73888127947054
1492856,57.845124753265175
1494527,76.05703990273788
1494817,0.14913454881883317
1494934,1.321537045260341
1496319,3.6453003705859426
1499572,5.606148434817615
1499650,17.990814623527925
1503296,5.209272531051605
1506284,68.61137975436648
1507437,10.20703801711052
1507929,1.2454436330063476
1507974,11.479716166987062
1508461,31.015000882870247
1510830,2.2646500184038008
1511048,4.089809341799574
1511216,47.04647990675516
1511303,57.04317215378888
1511933,25.46547323417956
1512006,77.20622280745194
1515026,5.769567071895675
1515135,8.316507505796903
1515522,27.100768489175643
1515611,9.68841208936024
1515979,45.20311937190024
1516048,9.397548588914695
1518302,62.57515029052112
1519621,3.5244294179431597
1519799,35.519771488032305
1520136,1.5767910319468994
1520651,10.850737202767812
1520813,34.29051871715882
1521091,11.56468108581618
1521256,9.2924838622671
1521536,0.2218459634022325
1521862,3.214155079715626
1523865,0.26009844852818564
1523892,1.754534573481459
1524562,67.96180479774374
1524610,19.560376723643987
1524948,16.06330098445709
1525121,1.0704156341947628
1525143,4.997702132042395
1525580,0.310963401706565
1525602,69.0450030782431
1526129,3.8439299409271657
1526274,5.064334908345686
1526416,0.4055635344975981
1526741,49.429824692640395
1528339,0.25334222398120987
1530561,63.157631363380155
1533652,34.42530409921952
1533807,13.409757165565948
1534078,7.009463919699532
1534109,6.219158927743131
1538944,0.695892651081154
1539361,0.1265086768796958
1539462,4.668272732909409
1540562,21.53886526369831
1541353,3.016242965153315
1541832,32.84330866375299
1542279,40.14131013436978
1543023,1.6004584672581181
1545525,13.646088325490064
1545924,18.135403440346067
1546380,27.356278353054343
1546748,14.178056100362477
1549413,71.56820633946502
1551044,38.52342261174204
1551078,32.220951786325145
1551916,7.697559201298422
1552576,81.98584339097634
1555500,0.25372043258081056
1555853,9.794381958529584
1555919,2.183307952621314
1557326,53.56506260942238
1557548,1.9271801049152801
1557778,30.39957192386478
1557803,2.9621049646999285
1559912,5.832918699834415
1560573,11.978754220087358
1560606,0.6576678794978595
1560957,6.843704355241085
1561735,0.34211358300941364
1564553,63.90069992803278
1565808,0.5684706274622505
1566714,79.69862121715568
1567003,14.639179668906849
1568777,7.8492935732538776
1569396,50.73457389629441
1569444,5.2062327575460685
1569842,2.0499439534531696
1569906,0.3963044604632003
1570096,23.52473633387424
1571050,22.58223628174206
1573068,12.986793122752673
1573753,7.88431358079541
1574097,33.4738542262904
1576724,13.857756594411548
1576883,0.6015411894845084
1577575,20.17077750958788
1577913,26.934113950389904
1578996,42.54542327030301
1581223,0.8774208045834347
1581466,78.89495875307124
1582263,2.7167341979334916
1582540,1.2299813617781477
1582875,53.77971336116716
1582940,10.791313087761706
1583111,19.552465077512682
1583128,27.314765525386836
1583258,1.2447486967132744
1583673,0.40150838870766853
1583971,2.062093443175399
1583985,31.596956855620434
1584167,14.704391950245832
1586304,0.958521688751687
1586454,16.783570556505676
1586489,33.07993642886115
1586608,15.019789650819206
1586773,56.04372781277605
1588221,6.31839205908842
1588903,7.087378853815902
1589715,10.209578190899514
1590214,74.45834712508459
1591811,77.5044520904991
1592879,0.21197301162954013
1593444,1.7767640363447421
1594395,1.4461843243105803
1596169,11.21609757960179
1596314,0.41302847622847905
1596603,17.543194518111047
1596669,0.6544189972314648
1597002,0.2682984931379791
1598518,2.7598395066575314
1598722,14.308092689685541
1598863,0.2627955551199859
1598950,12.683169721800581
1601704,2.2250631730153283
1601776,0.24713425016000534
1601955,66.4729654531352
1602731,30.531930235125667
1602793,46.80263204808656
1604324,15.530008192238823
1604488,57.85349601928495
1606115,3.9836278411322903
1607335,4.433642215424211
1608567,0.4413370207849527
1609799,0.23199011999308825
1611089,0.14888048980714705
1611398,0.20911342500361116
1612489,2.434301030775315
1613419,21.05470047321459
1613539,0.27105188324738044
1613859,1.428126012681825
1614925,0.8651236021155145
1615083,80.52870501708931
1616807,7.895913232999271
1617264,0.2272639258244867
1617443,29.852322361078066
1617488,9.56319876380842
1618034,6.041835134895099
1618877,0.4400805611738941
1619312,6.985713636430242
1619538,5.710493595304923
1619695,57.3715944284835
1619756,74.5981053936592
1619841,4.831212249927797
1621986,1.4730416548801697
1623013,54.11120319322188
1624451,6.274337503444125
1627297,34.95186732565833
1627696,53.78805166778966
1627949,9.533366600452409
1628003,9.131866044349225
1628138,1.366554222800543
1628156,56.67040617030607
1628564,38.60504146013283
1628643,59.16768921999553
1628878,70.58660029549418
1629248,8.448860016336369
1631938,14.613965461964261
1632416,26.582731753276615
1632592,57.3706172106173
1632833,0.3953263143020693
1633331,18.69746802277112
1633453,0.20599996993771905
1633924,71.9873198882576
1633941,23.550852485259398
1634856,23.149714328719263
1635672,10.766206955938497
1636349,57.64592347371854
1637178,13.414988949641328
1637346,7.04926855613019
1639145,6.202779837901749
1639762,49.7146813518925
1640521,0.24357410751343345
1640610,19.345240871873933
1640992,7.729992043558721
1640995,13.125167761625526
1641022,0.28966315637428497
1641291,28.61449784027454
1641665,12.94019383750984
1644133,2.4989743262527533
1644146,74.9851004590995
1644357,0.4436066911095739
1645086,25.42534061460323
1645105,6.494653045370237
1645181,54.68518632771586
1645667,73.70676328233186
1646541,54.70569306405478
1646607,6.386975346632181
1646910,1.43903634758341
1646949,29.763359779312662
1649844,5.347967969944032
1649994,0.2225367426731934
1650470,1.101903965209978
1652380,0.24794375001169575
1652426,58.2026939242458
1653872,0.7187697054767362
1654170,0.3083880040437275
1654282,2.8255423896874574
1654444,24.653990123496044
1654551,6.522833326335923
1655027,84.37566835585474
1655291,71.48991411805274
1655390,61.39470522490955
1655713,17.709239661211402
1656621,77.82622360203763
1656884,0.14091078808486407
1658703,21.533314181328294
1658988,19.604903190730482
1660838,22.993727046558213
1661749,0.16485485623356258
1664716,0.48880243379198346
1665017,19.572716578083018
1665300,75.56143682823009
1665498,5.529862674822415
1665686,2.2026990085072753
1665792,13.479748476338465
1668176,38.36980075321265
1668328,81.73820631061666
1669664,31.820525636957345
1670623,7.012120570230189
1672433,6.701319641896254
1672938,1.1842915787370218
1673849,5.591517893581042
1675694,0.2732829342176519
1677887,19.46402056404042
1678467,1.4105303862355218
1678889,4.218229501408623
1679211,78.19389081793834
1681814,1.2184188835118415
1682282,70.36768866865872
1683227,0.19357697703915006
1683415,0.21691039719692917
1683897,0.5088254427571965
1686941,0.6235533201098963
1687184,20.76824104538775
1687592,1.8575856308969456
1688650,67.87458597735097
1688724,0.14850170705983684
1691188,10.621476958000482
1691681,2.534318301280344
1691702,0.39611825376733883
1692166,2.9018953161676495
1693524,16.853091551777162
1695731,0.26633541428422425
1696332,0.85182141310009
1697047,69.34837748453998
1699132,10.13445714715628
1699934,25.9361159286706
1702032,0.33886670099320004
1702413,13.549606429265207
1702581,87.505888253384
1702694,2.221630527136806
1702695,0.6284715417714791
1702916,13.593074410047933
1703222,0.17165833287417134
1703303,15.89790184420297
1703798,13.495207746154327
1703844,0.2076566626685546
1704798,71.12373380189977
1706103,41.29531532500315
1706997,12.977530270118148
1707422,0.18309838344748822
1707850,15.803753501170894
1708262,73.23983913900118
1708541,0.9615237479939457
1708757,0.13454014845251416
1709042,60.91578887901203
1709089,20.13108179054405
1710430,21.13066528392341
1710729,0.21746775538531113
1711248,5.947689812522169
1711379,3.1040192035770597
1712077,0.4774711778830404
1712660,68.09990247848059
1713896,5.4755459530049615
1716395,24.238233354226235
1716640,6.562741810223848
1716857,0.3924492885750997
1716923,0.22791405927565514
1717058,20.423203343888105
1717149,0.529755251654121
1717215,0.2662613860763421
1717226,12.601041994283078
1717499,51.170279778377015
1717579,8.369784511766035
1717793,0.5023597235930874
1717870,11.816210986568302
1718001,0.5342680528279031
1718287,61.0087839974111
1718791,5.881155159333991
1718989,12.124642934627916
1720971,2.3020236847378577
1721103,0.6113867140259279
1721415,0.24769960638128422
1721695,0.8608569662838327
1722358,3.963076369741075
1722622,81.93889552029927
1725295,61.06431453271406
1725297,1.1724387148821847
1725858,2.915948347268243
1727536,59.31212228637951
1728256,35.333171803552794
1728437,15.43684085589445
1728625,13.064482068340162
1729145,75.79143804742507
1729247,3.2128150395146573
1729679,1.1479556835690634
1730855,0.6352729063226711
1730937,10.748520664362319
1731046,3.6915468913587897
1731097,5.167376179992289
1731245,66.30588948150482
1731351,0.14736322138966568
1731969,10.034265084461294
1732322,74.93258420008695
1732471,0.4749967657611946
1732542,21.074758325917415
1732612,7.0961517348212215
1732866,41.916958451277395
1732893,61.326006014818844
1732939,6.01864113280428
1733157,77.64939111132281
1733447,55.229260084321304
1734167,5.188815479656475
1735545,56.812434824510106
1736064,2.260629371576124
1736456,73.09414121232433
1737891,25.005844116271913
1741622,20.98118365074491
1742471,17.166921037581414
1742601,4.352992164027296
1742654,37.982507136875725
1743221,13.15595004561853
1744216,41.30478689329959
1744921,50.11727702237225
1745172,1.5576387579106346
1746582,2.667467524548088
1746726,45.61656262744621
1747440,52.863723012444176
1747833,17.77550617574634
1749563,81.04052214514712
1750443,3.7404881791017615
1750679,59.88691360076633
1750701,58.34677796860588
1751967,25.54511606589096
1752112,12.724451480084449
1752206,50.23810195298469
1753671,6.383926836944672
1753699,0.5673446263074703
1753974,1.8031854908714278
1754527,16.878182750441667
1755831,0.9464497807034845
1756076,0.4902786642772027
1756174,0.11816003791000053
1757909,1.0723177426482355
1757982,5.040759151657317
1758391,70.79162734125583
1759154,59.89550765032498
1759292,13.095462359615963
1760411,8.409097467553552
1761101,0.18811046850628146
1762997,1.05125033664409
1763008,0.25635555828714623
1763209,57.15990217233247
1763367,23.946075664527314
1763520,14.769015093209095
1763615,3.4714965922313175
1763863,3.4148826729343313
1763977,1.4921401153031455
1764106,2.2619808079813772
1766890,18.207081297358638
1767037,80.08464516951078
1768235,0.1278846439456178
1769124,37.31084444314048
1771965,58.62481666892995
1771989,57.3985777784803
1772650,1.106333993722811
1772824,16.890272256978047
1776732,29.61823226713466
1777869,21.00723810077925
1778294,9.308501080748522
1778588,6.19309400274411
1778700,15.458559260605957
1778792,0.512955535437778
1781052,0.25297719778462396
1781687,23.113262085524635
1781697,12.030401363589577
1782056,16.214928768737323
1782079,22.536857593377192
1782437,34.700111709403025
1783069,3.9884201082965007
1783102,7.732786807461503
1784987,0.22100173785503713
1785141,3.703446105398123
1787728,0.9403347538330593
1788026,0.22037335734776797
1788210,2.148255255585683
1788754,28.83043706944091
1789715,2.741692922999141
1791502,5.000778021134247
1792520,0.14803544117027317
1793091,81.27637474053097
1793411,9.33857976799083
1793606,12.621285898071582
1797001,0.12468295177735997
1797025,35.26610284514874
1797476,30.671354904180255
1797523,0.1268921403737144
1797661,13.742541230398718
1798256,4.0022700474657285
1798308,15.407884465676931
1798324,20.56875384480802
1801036,0.24184170019012396
1803130,36.67902932518815
1803475,8.163746306767086
1804505,79.41203233850334
1805150,8.121897126375947
1806378,34.89512398488457
1806994,16.403081732944457
1807106,72.39929576369312
1807515,10.26710502490797
1807757,5.418430535042186
1808497,15.488737283424195
1808550,58.53707283328477
1809547,11.358155399694414
1809719,25.18996679917224
1810457,59.38824759761916
1810653,0.47354201188562584
1810781,3.8300837222306687
1811012,12.87532565795909
1811051,38.76667157692902
1813348,46.66689415758063
1813409,28.670008945963886
1813452,0.3606455130835528
1813681,0.22904713758790168
1814010,21.342689027282937
1814279,84.5849450817085
1814366,10.259326928152399
1814757,18.820435789139577
1815099,4.77183566584561
1815211,59.550723876899745
1815423,12.018619482963466
1815512,83.17791034761187
1815523,36.27806359722955
1815526,1.0943117981022574
1817647,35.926047842529435
1818411,56.57708262719661
1818430,60.41013667252317
1820307,20.63204807478577
1820516,1.8912731076118081
1820858,28.614910028504507
1820992,5.549479552260839
1821168,0.5364164920787923
1821541,17.995259377766274
1821787,7.064713788185637
1821973,3.2705429678788445
1822436,0.3047849435424984
1822872,7.1314766854050795
1824808,27.925225439704562
1826188,0.5635097067845033
1827525,0.28149336608558706
1827962,26.385589177228088
1828063,31.474361507171174
1830154,0.6941412148284625
1830244,4.53256602638871
1830335,0.4115902199130412
1830949,0.4692835058920728
1831050,83.38131337860449
1831337,3.5652867605291374
1832210,19.65972232803042
1832223,4.434424241955098
1832286,12.379441867531861
1832617,28.167212884772912
1832659,3.759637407620102
1832680,1.2642689837812344
1832755,0.4627723920953059
1835122,13.881893630373526
1835149,35.761397243081696
1835396,25.72951007904089
1835865,0.46436884881868307
1836322,0.6876077784204436
1836859,32.87545765694672
1837384,0.22986887340710252
1838904,21.36192812670177
1839818,18.32634891824821
1839878,57.91170689494572
1840303,1.019303625038645
1840649,0.22198450062185202
1840820,51.540745190593306
1841356,9.276062668816248
1841399,2.430049167672769
1842739,46.87545556748025
1842931,58.06558233757003
1843674,80.7376819539597
1843772,3.5749572966705583
1844088,21.380834654513528
1844094,65.78397097712246
1844254,0.7520541400184424
1844489,18.782687437125947
1844915,9.109953052220554
1844973,22.17517620872373
1845249,4.887598788890875
1846100,18.78242317222082
1846580,69.04658929801738
1846722,14.125030402811026
1847261,13.830041280708281
1847379,30.036453114876903
1847434,70.89505713195484
1847620,0.5735185091824561
1850705,9.507348580532044
1851559,32.111029289557024
1853656,8.400317209888184
1854757,4.631281324181498
1855848,0.45672448406461114
1856027,25.9335457768376
1856219,84.97893260796326
1856261,0.8503814410856365
1856418,46.65720388380847
1856803,11.697758021578768
1857078,76.29380187193331
1857351,4.382513664375315
1858492,17.536765890893083
1859322,0.1229523167869238
1859901,25.724813748180107
1860313,0.1549820764204538
1861281,1.3248599574071134
1861493,39.90272984101247
1861773,2.359076100500409
1861873,4.910927409638349
1862436,6.499862788374862
1864660,1.927221421124535
1864691,2.592432585562292
1864757,39.99585812545508
1866051,0.5013345727794795
1866128,79.45618949962066
1867237,0.2918732490672462
1867843,61.47137341694379
1868169,3.891717511241709
1868817,7.717113992121967
1869202,14.477977399542103
1869432,5.804742992520408
1869497,16.774172528876296
1870021,53.02910898346236
1870853,0.6245717765334797
1871261,2.179689968563678
1871545,48.98068564235763
1872028,6.804456155185715
1872169,0.16293880024878749
1872829,0.8865711186896451
1873304,76.0162054239702
1873333,68.99543065923999
1873453,1.0503019590109968
1873582,12.896681954782972
1875082,62.285360204173976
1875850,0.8956294356339931
1876083,3.106574169907751
1876168,4.170967651005612
1877244,77.68137131148559
1877255,70.54108351785047
1878868,0.9663372441671108
1879762,1.297445389219665
1880345,0.5156601201162588
1880539,22.191112449869088
1881103,6.125456217588527
1881801,20.208521814392174
1882252,0.8603955388490823
1884398,0.1509204799543678
1884489,0.21514584505729215
1884921,0.33521538697230563
1885682,20.4909458432268
1885714,38.69637618962868
1886240,0.5955492492928971
1886820,6.023458770988951
1886978,46.31062302545523
1887003,62.19082715177973
1887239,24.604518569034088
1887291,34.08408115189677
1889685,1.5321932377051215
1890125,0.581826937957426
1890143,56.72268407911134
1890467,0.35893992886303844
1891017,10.199069966348578
1891118,6.95883636154973
1891670,15.147934914155929
1891816,0.23959069507949443
1892319,30.96673259791277
1892680,21.0347746023858
1893225,14.18224126060542
1894120,18.030399199687203
1895196,77.7486367352227
1895516,4.363883020295704
1895544,0.2310824342275058
1897092,0.754868842316641
1897447,80.04042510032052
1897623,6.338093548871074
1899076,79.38769049656179
1900616,22.03706979509305
1900780,43.98771126841447
1902092,1.2408220618204377
1902962,0.38433473150998865
1903322,46.32609770541161
1905865,7.646470783980092
1905918,17.742598525959927
1906763,0.332098663458378
1906804,75.74870448208054
1906993,3.4920177154949013
1908290,26.097441095301615
1908767,0.262526819751927
1909128,12.49320198554673
1909648,3.1516113442069673
1910105,19.256742842347208
1910210,0.5553698826610671
1910306,19.40443249403324
1912425,3.3369028202594486
1912468,8.151153314953508
1913282,0.4337741651387678
1913317,4.3607979474356116
1913722,0.6696943526439563
1913803,68.89487400768371
1913835,1.0399973270542673
1914185,2.6395935661881027
1914320,10.918721366039108
1914544,26.991665158286192
1914590,64.37474205322155
1914630,5.098308252511382
1914787,42.312703028460824
1915154,83.26417948940185
1916456,0.19000130361484363
1917226,5.4376263430266745
1917286,18.370869265878618
1917872,17.03569448579301
1918693,78.99282173682765
1918903,81.3664092559576
1919490,5.154749450838134
1919647,13.652137876250993
1919766,70.39496717522151
1920085,8.83776165151467
1920310,0.30100876124052245
1920568,0.28596480918350325
1922967,0.2985590031842629
1924317,64.56802924338972
1925247,1.1999161014126016
1925406,43.565537348958536
1925703,84.46616171700775
1925709,0.23995467440075766
1928005,0.1920138767253101
1928556,0.22280094310167728
1928973,5.604002164032294
1929041,3.630660709673573
1929614,3.2098999438221116
1930283,1.3195267153008694
1930469,58.72411782935385
1931136,8.548255995387297
1931855,41.22658153421848
1932110,21.073193862110045
1933687,60.847812109119786
1933904,8.909286995527644
1934382,5.135203347255357
1934444,0.3545786566820301
1934447,0.6122549348989413
1934512,5.740005999948837
1934746,2.8381936752698147
1935109,77.43658424341719
1935826,3.2437795414382355
1936089,36.489605548272046
1936772,44.57926963426769
1938391,70.48512393984511
1939106,9.407564590181305
1939283,28.913722076168025
1939417,2.0903556487067467
1939757,0.3224204194485045
1939857,21.833816049391288
1940956,56.776437492847506
1941048,5.941782528864
1941439,5.94927460771348
1941495,31.0434392804891
1943012,10.067000257301324
1944087,39.18276049025768
1944211,18.41580335814106
1944641,60.71798086235217
1944686,0.8105043388339808
1944805,20.863122408598056
1945393,1.1625530364038932
1945437,25.816551173486086
1947400,0.3454812800232928
1948333,0.24910973804086253
1948494,72.69195275359557
1948745,9.487261904582086
1949334,0.14084945306013286
1950157,42.554762296401535
1950276,0.22541437697509586
1950311,15.163849972109068
1950342,5.9822527065964355
1953461,30.60090773178754
1954003,11.518753100674425
1954146,1.103600236935909
1954310,5.124725795034007
1954404,4.290342402612461
1954495,0.6357435851071452
1955003,12.865448145866097
1956677,41.84717280077688
1956726,16.310287745824493
1958765,37.3480622907116
1960031,9.514956004438046
1960556,45.911802805232185
1960562,52.29838878971968
1960821,0.5728248129002598
1961157,0.30166188739885863
1961288,37.31160804775837
1961361,0.23828130105809872
1961533,13.689999300131255
1961937,8.474323360624854
1964864,36.181073012178025
1965103,10.015343380096766
1965712,0.2185446566626949
1966173,0.2022280091962076
1966349,53.224494513500666
1966407,0.2736929864938112
1966903,0.15884175859241353
1967045,9.934535990802933
1969100,16.444970123225634
1969854,59.77432159216116
1970017,5.318957418772632
1970177,37.957905681215024
1970466,0.5523616743209673
1970574,24.548354629262562
1970587,7.313085556329066
1970697,8.95434263646052
1971200,75.69481823291298
1971528,1.090149505240519
1971983,6.703862246243695
1972126,44.763156058592386
1972163,18.845969477439517
1972330,0.47966494374735374
1973889,73.02763656363986
1973934,14.263377380157047
1974398,6.883796604286157
1974455,0.1789406029511395
1974700,12.73878770789841
1974901,53.0973929447009
1975069,6.836278573135477
1975168,3.696084347785948
1975236,1.350554847241852
1975519,0.1623456823429941
1976094,3.8876481498698197
1977800,7.202493353762205
1978394,23.747385818056696
1978445,4.845682982830759
1979113,0.3312184567900418
1979127,71.71221557560568
1979160,0.33562193257745665
1979502,22.53492273868654
1979848,0.2839311369789615
1981410,16.65048627273539
1981669,11.712186475997925
1981921,8.821270530665105
1981977,15.974013558498504
1982013,8.036773523938727
1982408,1.8892996929805272
1982909,18.015558730081803
1983188,5.474882879706781
1983466,87.74631066033628
1983677,7.904851865710116
1983976,0.3374366882677508
1984378,2.441905501491596
1984486,20.88870006395417
1984871,21.90228603170545
1986737,7.991755647959221
1986831,16.773368999321026
1987504,4.428806060368281
1987546,13.796925476220917
1987939,0.46144622427590953
1987949,0.6758877050182841
1988392,17.48989954585097
1989731,0.27727266742567824
1990045,1.0944196291977892
1992421,0.32567652105573447
1992676,6.317450801088643
1992751,0.6772550696391165
1993323,0.6345272052593017
1993623,12.010327270156408
1993835,73.42048559376312
1994398,12.461124845369023
1994574,46.54097172003198
1994679,0.18127806955773254
1995090,1.8710673820172001
1995454,9.191216189055613
1995509,57.30019300003597
1995605,11.433173605796418
1995717,0.2916277498916076
1998829,56.42727928835823
2000611,23.932536087733652
2001022,65.7631220570158
2004909,0.17883087972886466
2006452,3.154160350489574
2006671,3.8153438515735285
2006699,0.2488431802533358
2007323,0.19401048851156674
2007357,5.547279338672496
2007504,85.31602780174309
2008217,9.309486777725574
2008227,67.97502883821271
2008441,23.84541132169223
2008809,3.321049773538749
2008898,1.621289800019575
2010429,0.2658376319471055
2010787,0.32207687763922144
2010839,14.48883695803247
2010943,17.260817788396082
2011212,14.534010820850057
2011504,49.67668538258649
2011521,37.37454647377183
2012029,18.870371157149922
2012360,0.1534672351276382
2012368,80.18645056026436
2012750,0.5381801044049996
2013807,84.09920525584315
2013882,56.788012955617724
2014701,7.443181675629542
2015094,55.71763053903792
2015168,79.82360105849021
2015586,0.5670138789512124
2015996,0.7146030041688013
2016502,1.7778640615143406
2016834,8.08925854371617
2017012,0.19746915186652697
2017316,0.838161784920755
2017397,35.01259417102993
2017517,20.43504168098997
2018602,0.7675049315868664
2018951,5.430044083381148
2020576,50.94894809969554
2021064,0.7111677136309446
2021284,4.326269310382325
2021634,41.227463227205114
2022126,0.6454671512661054
2022520,0.6113159410548474
2022728,12.563302490832426
2022729,82.74707482485694
2022938,14.223694347653355
2023081,22.056520811058377
2023454,71.80166445381663
2026088,9.55568237627918
2026434,0.4248612946947856
2026697,0.6417535651352497
2027350,0.2457879643853689
2027406,41.26940429936643
2028056,0.2722746848293711
2028268,0.22022643821460394
2028272,6.485981293943828
2028432,26.277489336701947
2028625,0.30804711226651194
2028787,0.8859993150010979
2028925,38.90364977187539
2030001,35.55887245129681
2030357,1.744982175688751
2030899,0.21384789784486274
2031495,14.049742188924242
2031673,4.211085311544839
2032345,0.461010138064217
2032727,6.642707370452661
2032879,1.1705096527300312
2033605,6.812512970663665
2033730,59.15595200582891
2033924,0.2905522132057447
2034359,25.456851483732734
2036105,50.986348527640494
2036424,12.911501206995098
2036690,0.30471093526702
2037130,2.5461804381459885
2037582,8.20553029738578
2037951,2.5142640660025557
2038017,37.87312485004386
2038314,4.243288667357395
2038381,10.964297836731753
2038471,0.15504923070958807
2039945,59.71364788765259
2041041,44.934805499097216
2041837,3.3556870269577446
2042764,13.257107514329673
2043060,10.750948561457323
2043289,69.78232049849719
2044392,0.29592830639093826
2044873,60.58510139456936
2044889,25.728356929571326
2045488,0.42228446175752327
2045556,72.44813924062096
2045727,77.17327249359869
2045847,9.393772449336854
2045929,6.790509135619277
2046173,34.82740872265636
2046584,13.733330961129486
2046789,40.54949691261609
2048479,0.11439817828558417
2048796,4.189936139506248
2049363,20.521854834578075
2050039,4.666695149237542
2050060,15.604837332856228
2050368,14.100025777936738
2053822,13.009419679380771
2053926,22.06774597437481
2054032,0.32034937704669786
2055303,54.90960427798915
2055614,10.720308796234411
2055671,2.2429385339513734
2056307,2.026316581510171
2056330,0.2770001758760248
2056789,3.700557675722188
2057295,10.73810068265511
2057315,8.875461699489739
2057326,17.0175642405955
2057358,0.2838801795850818
2057534,2.4644420918530505
2057553,6.958229379424441
2057944,22.283833306971243
2060612,45.73479719463134
2061563,7.572637913377771
2061811,2.3831335668017473
2061814,32.68305716979271
2061897,51.67425566738749
2063239,0.4346064403254404
2063922,10.735744151437443
2065391,29.31903033947275
2065985,0.23120031408616074
2066046,86.45986140148679
2066165,37.468102792540826
2066451,1.3828158689761123
2066623,0.21053214799419878
2066846,2.7324603313021707
2067115,0.22518806763541035
2067359,6.2487448102640935
2067365,1.206715033412509
2067773,30.137832981706605
2067928,17.932556940080037
2069027,0.19856335334132344
2069709,5.184903092397007
2069779,0.2507298851534941
2069864,26.514447195464832
2070083,9.40923631228634
2070542,2.443638428076217
2070612,53.76350110181831
2071021,0.28641499840308055
2071265,0.2295454637474858
2071420,78.1253880626462
2071446,64.84255801033906
2072126,11.152398967372468
2072321,0.7584957071100052
2074833,19.712760297765545
2074912,14.68701562325966
2074985,4.79339275009361
2075568,49.68605535919974
2075619,29.413203730421685
2075758,0.19012180018849256
2076018,11.784950308888323
2077748,0.23505835908913789
2077763,0.5714184905019412
2078075,6.25075294118686
2078687,0.274901393702659
2078886,0.35586829745961657
2079671,14.64078447074346
2079686,24.057183291273407
2079789,52.759930101926834
2080861,76.26217079536771
2081177,6.707960253084347
2081394,5.693236426898043
2081408,0.25954803024200734
2081438,0.27190630232486945
2082694,0.37618343989886943
2083547,34.832088934473944
2083671,16.64710899142293
2083749,33.853880032501806
2083940,8.636709704368744
2084109,32.86385511183475
2086828,8.082140052192905
2086868,0.3811258105227936
2087020,3.8777378635745117
2087343,41.76320155789042
2087898,6.292994957240207
2088095,5.840106228076945
2088158,0.39427337281804276
2088272,0.13556092776442305
2088316,12.686069171669041
2088389,0.4430190351098246
2088444,77.67788402657476
2088725,34.717836488566945
2088969,2.8345901601345465
2089173,32.12691342444623
2089273,2.6895308822181323
2089492,16.638411522757657
2089581,0.5821603909760598
2089745,31.626392629553514
2089773,0.3200109587431463
2091204,0.23504813475916303
2091483,0.18782908448777286
2092422,45.13077503670406
2092611,9.455426129411244
2092976,3.081938376004788
2093477,8.13180694699007
2093858,13.077189432827634
2094213,4.345528233647876
2094262,1.7067021612214532
2094265,55.26100865468833
2094411,0.20552956823839408
2095829,12.03312338905359
2096581,22.753103683078344
2096641,80.4163745922526
2096968,67.86144468884291
2097205,0.24166464769128038
2097607,0.3993779069706897
2097795,8.007760049925906
2097912,2.6418015032303748
2098030,0.8879503262802304
2098664,0.15323966457615018
2098850,1.3103097622143949
2100174,23.55336688356158
2101112,21.550868442679146
2101167,54.270926980742445
2101200,19.1609675470411
2101323,29.37659288610021
2101884,22.72341799457055
2102492,29.98931792368011
2102493,5.483810214439012
2103480,0.19952663310591462
2103544,0.1549695631582553
2104119,53.186877949528316
2104472,29.66670627473148
2104539,6.988524818052788
2104622,6.284541221749914
2104626,6.441829811834512
2104910,59.00825294608996
2105618,42.66464981419214
2107372,0.2052286993991595
2107939,64.8950399353039
2108424,9.484035014528184
2108481,5.410975983853229
2108635,0.27993236187295445
2108784,6.635849517326748
2108851,20.603059051245108
2110493,1.9142693998205902
2110938,81.37134527954042
2111172,38.23722891670785
2111463,14.217693296057504
2112808,23.932688973743595
2113934,11.884979360645518
2114989,1.0737701311616188
2115424,24.28136636164551
2115662,32.37655027097394
2115773,2.790239567267101
2115809,2.8403199994136394
2116940,5.1311925744308
2118063,20.91287281284785
2119582,0.705253597526628
2120677,56.902910755013416
2120808,14.66979621443145
2122613,0.21864650606721642
2123079,25.136227503291053
2123284,6.281200142325812
2124414,3.096827868850383
2124473,0.17906501431091723
2124536,27.102824116234356
2124808,15.123663492213534
2124906,0.24281116739545372
2124910,58.39757944025237
2126194,0.2668259586607869
2126830,0.357789280184153
2126987,0.2675950637246567
2127377,2.792795371595026
2127767,50.29281047775211
2128464,0.2293437201582028
2128761,17.308938355520947
2129515,17.15280782723149
2130312,6.890497787606533
2130315,43.606083056131034
2130742,13.106978404162856
2131089,0.23378729494680717
2131349,5.203408870159773
2131472,11.06325148261335
2131515,28.960321328545827
2132248,2.9870919065001136
2133714,0.6056155472542288
2135434,18.785148817306922
2135489,49.35189718359512
2136200,3.257975778122088
2137111,3.288640722720242
2137165,2.5808869432470316
2137823,48.23283131839165
2138787,1.6334203142342558
2138900,8.203360446821009
2139532,4.95876793336636
2139828,16.215312020838926
2140284,77.33553428816093
2140434,0.47985420864377343
2140544,3.5754166229602538
2141411,67.91531995501833
2141549,85.18133415937398
2141612,67.33024440550608
2141667,78.24725596126989
2142130,0.3884669203244109
2145209,0.415143064833109
2145620,77.64102659179662
2145759,66.34078546167046
2146145,2.9636346082683156
2148025,79.32394452316838
2148625,13.55642049592794
2149184,0.4000651804128417
2150596,5.588414611732357
2150727,0.26704921052309927
2150750,5.674665283060297
2151235,14.63598898892806
2151558,15.552088795726046
2152948,26.238720068104293
2153173,22.67132242027246
2153435,74.32419682728505
2154313,17.72805054825928
2155583,39.646019847665066
2156111,24.187209091705604
2158022,2.0825060805429385
2160591,21.845635662772477
2160982,28.291668688058174
2162874,1.2424395131869896
2162974,0.5575439382892775
2163313,21.792968869433377
2164135,56.789344020739044
2164707,64.34107091069295
2164992,0.30128736342618123
2165107,5.463718098067121
2165549,1.0323513000665168
2165679,5.243595689078567
2165795,9.624841275450663
2168443,0.20308823516681662
2168753,0.21315522779114937
2168932,45.45532965697173
2169722,16.061048245269475
2170025,22.468261632762264
2170383,29.027890049986937
2170618,0.6549725860750786
2170644,7.253881003481873
2171340,0.16901367518732846
2171701,37.77614636039161
2171712,49.3138127631565
2171809,0.22548057205854327
2171886,10.760400357786187
2172544,22.521570627602927
2172601,0.10577604784262934
2175577,0.4729197687878888
2175879,70.97846820005985
2176017,62.24193382421724
2177753,1.4022996868731388
2177876,2.9275753013770833
2177930,0.7771426772298956
2178042,0.24046770060705455
2178408,5.097930069904003
2181941,15.712058139800488
2182077,23.686806779349027
2182804,25.246864640609
2182810,3.2468581544701607
2183423,75.75906597680185
2183826,11.714939646353649
2186138,0.19921048572109087
2186452,0.20147197744169945
2187682,17.026543046028994
2188869,47.021797301096804
2189115,0.23397710045466796
2189129,0.19972664131705975
2189742,51.99722537151633
2191591,6.263987706654468
2191612,0.9098791087092253
2192845,34.07408984881078
2193537,7.317460487441043
2193896,62.80672541170201
2194263,8.257222972543758
2196666,5.808082047610144
2197283,55.60401441482315
2197725,0.43701410941289437
2198112,21.944568600966907
2200247,10.533704408029761
2200962,0.7465989707743148
2201581,5.030561056493258
2202422,0.9441106944561837
2202858,2.0912179044120336
2203154,0.21237784728571765
2204022,0.259578375272078
2204313,30.706472636998694
2204397,9.290327941163834
2204672,0.10489410616687846
2206900,0.2942241397263055
2206957,1.2379438437172512
2207015,5.852413330022011
2207684,0.3160700430398064
2209445,0.18480432822743767
2209653,10.475066629989696
2209722,4.568681124674535
2210281,12.212047909675986
2210421,3.5435046531728585
2210675,60.553124016643594
2210906,25.212949868435647
2213715,30.68315995266302
2214256,60.28717697323451
2214323,63.29497283025077
2214534,0.9167181585001337
2214689,5.354071530195077
2215631,0.30775328159478393
2216470,0.20958723042509783
2217686,27.333999046710158
2219962,0.2973800046576722
2220415,1.6142497478469795
2220431,11.122873895487338
2220830,1.3303093155306709
2221988,33.42697814670156
2222889,13.274638460703382
2223289,1.0785888428840371
2223399,0.6158416950872717
2223628,6.610691216478638
2225865,0.5602492929399994
2226217,7.453700380908954
2226305,32.68431469118754
2227377,0.22731948597343465
2227913,5.888365154524836
2228824,75.58321027951595
2231564,6.063468107062245
2231814,0.292469910323286
2232600,11.286116827523221
2232697,32.39239547668945
2236318,4.919390218376846
2236458,0.26083034148647327
2237063,0.3549569822885104
2237495,11.456187850698674
2237851,0.3572839588888579
2238030,1.961911371642979
2238389,13.47711961174436
2238435,0.2928869125190811
2240038,12.213872890378818
2240196,0.640330096716546
2241434,0.35391433244064374
2241816,48.96482566257657
2242066,8.518033804983293
2242525,16.803655731373755
2243081,8.900564574821102
2243180,8.954776309402078
2243184,17.247422564110934
2243266,7.4310466048470385
2243275,1.3443104363722256
2243321,39.88867363160956
2243540,0.300854217024297
2243984,0.2091566280435424
2244009,5.632688700075867
2247803,67.85770698119198
2247822,4.816844281740648
2248204,0.2647755286591099
2248215,11.665411806635792
2249059,9.652559503448124
2249872,17.207749772104886
2249928,0.23734580955949494
2250790,4.192602323860029
2252844,0.20339804654258978
2253397,0.24452688322646
2254269,0.25528471035317746
2254428,7.71388986278719
2254469,0.21953817708097687
2254505,0.4810160896180696
2254654,28.877259675242154
2255005,0.534138344155585
2255501,3.8611709469482762
2255578,15.477532003424985
2256415,62.19094897758896
2256979,0.23228319503019387
2257190,3.3898773510775926
2259344,2.5107800326900827
2259483,28.082871964392695
2260342,0.20637555090223259
2260572,2.831330907666858
2260659,0.5052976181123764
2261018,0.5212875091980208
2261215,0.7070412363068975
2261269,0.31601388562915894
2261693,0.20980745012443788
2262805,54.90392289534325
2262865,0.39151170600064555
2262934,30.423902269487165
2263248,0.26217589803457186
2265778,0.20289257548576425
2268084,1.4890459278069732
2268632,0.6151944993636931
2268888,2.649461215305776
2268947,0.25972244748531914
2271504,0.3734655032437926
2271792,33.115557525022034
2272080,0.3333904672908638
2272242,0.3954345749270664
2272500,0.20483699089086618
2272739,0.24464260633546064
2273473,0.22197343706976064
2273613,1.3761729552104263
2273733,0.9586809348818596
2273936,65.76392895824713
2274334,25.764450895397538
2274651,10.153049774505028
2274687,13.389197216900495
2276666,30.695799376181856
2277287,11.559293712378334
2277707,3.6433225158912173
2277785,0.1966594787168901
2278677,3.2131009161612867
2279335,0.3983414433989605
2279433,0.8194036171498348
2279517,10.471314778592184
2280843,2.1932294166198725
2281041,0.6428944935910575
2281142,0.2093189967196295
2281829,5.1189767013075365
2281866,0.2851857791072519
2282122,6.660862583039433
2282819,6.8024023212772855
2282962,0.32021846338612264
2283001,35.5044471272998
2283101,11.29234464253097
2283304,21.66521883738767
2283499,0.2417796068902246
2284013,0.8673725994806403
2284027,86.38354952135694
2284454,0.22088522022803095
2284809,0.3629240338050016
2284894,5.2824526818052435
2285132,3.4205169167370792
2285167,9.064887790829108
2285201,4.861004503207138
2285351,0.7212697966429155
2285355,0.2247360763936811
2287415,12.620885519347885
2287894,0.274673392829316
2289119,0.20936790241206024
2289612,85.328434525179
2290017,48.144187671164886
2290620,0.89908629222576
2290645,82.72727796635435
2290915,0.22291838822141344
2291291,4.400915377996587
2291536,0.268516599996019
2292275,3.7810471267608126
2295816,32.36548842678875
2295924,0.20422646429173313
2296024,4.403259298322349
2296312,0.20488026370784204
2297058,14.886263266309578
2297259,0.31308807801546507
2297549,37.80341703502127
2297963,2.5392063995202148
2298711,1.7049849917570956
2298731,29.417411996794673
2299633,0.3693663617125969
2302589,1.2920384138314231
2302803,0.2899843511013049
2303039,5.808475113090036
2303583,0.22466930183100206
2303955,24.895203995914365
2304663,3.921404935665501
2304963,12.847113776562571
2305025,1.7903893346595599
2305890,10.149712504861196
2307448,5.679185543881379
2307885,7.663703323398532
2309289,10.449081590113845
2309559,0.5193756199355553
2310275,39.69242642131108
2310791,26.042397522706406
2312939,12.64674093327527
2314398,11.91161066272656
2314406,21.015189449506867
2314930,0.750480881422708
2315543,20.452505837730225
2316244,0.4115288514975349
2318157,72.8977631566925
2318184,39.44691116847873
2318229,19.534363247839607
2319613,0.28786415572220053
2320028,83.65726339808454
2320581,46.08781799515558
2322972,21.344180713765315
2323502,50.63344841951964
2323714,81.82534889395725
2324453,3.6910900628175343
2324519,0.31213485739844066
2326595,4.28483390470312
2328686,74.78754368036445
2328749,3.7481511233147757
2330911,0.28637778473436853
2331148,2.437726449379713
2331154,12.43773232493096
2331499,17.494968089463104
2332006,6.547092258172954
2332284,23.93031582683344
2332880,5.424299188640136
2332990,0.20560380999671743
2334411,58.951824986803125
2336995,36.37374180859843
2338082,18.170513601701174
2339411,0.2464095240159862
2339446,25.925070390538973
2341778,7.246688414100397
2342930,20.640389072092212
2342957,1.3486929171293662
2343208,72.31538577470562
2343665,65.09524531436347
2344751,9.350533524300541
2344783,0.3289106347825453
2344953,2.739122797603651
2346089,0.4079185381906828
2346243,0.47907070655464107
2346296,11.337120273591054
2346416,85.33400408554684
2346671,8.743308712840937
2350664,20.63045844820194
2352953,6.384513488832277
2356684,10.66551895049917
2356850,0.25839336094344467
2356989,13.820562379834314
2357070,27.26140055924341
2360565,38.67440638381008
2361050,11.562569678126879
2362207,22.03628001924978
2362306,5.123625954233197
2362357,41.18234346602914
2365645,0.3454921339428371
2366509,17.702848036390346
2366524,2.712054291273935
2367243,2.420971304607208
2367254,13.033676868952636
2367767,2.262558488452683
2370610,7.287182029026397
2371377,2.6116135118752353
2371632,70.00035568560438
2372540,64.60035952949106
2372591,62.489401283063685
2372629,0.3909970780174389
2372740,23.410245593215198
2373339,32.28220406391892
2373363,3.3466180841773103
2373948,39.31084679314408
2374700,0.20432957691849832
2374963,10.007223297856612
2375015,3.8112112459725442
2377695,29.671201188431805
2378593,8.149600837103575
2379786,0.537705310967525
2385251,0.16865551980133442
2385779,72.35386339975308
2386897,0.9752613785897977
2387035,0.3740194644855621
2387693,2.9089241158361205
2389329,5.944346507029728
2390214,0.2613195001048626
2392301,41.92186876464693
2392861,19.244721965383757
2395670,0.17926972766468965
2396249,5.474206240812229
2398423,10.036208763789116
2398691,71.11538412244188
2399434,20.98707677714501
2399671,29.263263308375826
2400073,17.869769836248693
2400215,54.34064175095207
2404708,57.4103848821469
2405613,1.7836032028206694
2407196,46.78404952013365
2410200,63.209218829144355
2411866,5.259351512314934
2412294,1.0555453928267549
2412940,17.377919234983576
2413507,13.711761736487162
2414063,3.1910225040260656
2416016,46.4926375409483
2416104,21.232116163140393
2416191,0.23427563536468388
2417509,1.1526118842802218
2417616,10.85023951683756
2419242,0.7090206305290337
2419890,5.878073112319461
2419950,10.959975690346766
2420026,83.3942238525806
2420589,0.8990243649840306
2424646,17.130321038563096
2425222,1.448705536268817
2425318,6.514130352977788
2425980,0.9171135943588483
2426057,3.103932948572943
2426507,0.6020638420389781
2429575,0.7570919025352291
2431607,19.96932776798255
2431784,0.27522404750211793
2432032,15.879977565711126
2432545,73.3459537761197
2432622,6.8322476097312625
2433604,64.0358335368281
2435576,7.812370780114496
2435838,45.523472505376304
2437594,32.74664820757171
2437965,83.75778922935257
2442330,2.552933911287061
2443113,0.23036487461700408
2445093,21.28323364484677
2445715,80.2547043154338
2445856,9.158924610325712
2445905,14.217565571006325
2446430,49.6122321458446
2446543,0.6058777423811836
2446954,0.23099664225790575
2447138,3.25647931644285
2447171,2.679281258226053
2447467,58.3040716027093
2447634,1.3092720348477644
2447847,84.20565441988282
2452769,59.90044455342574
2453608,0.29576221849093726
2453739,2.1796202040393573
2453855,0.3622845404347109
2454667,12.576994976441364
2455215,6.982255354521509
2457182,5.132780877766669
2457754,0.2484827944803363
2457755,9.951421012535816
2458095,0.1521234793866029
2458512,37.163919810955285
2460303,0.2545516842402787
2460578,32.69450756068723
2460683,0.3349764427116914
2461562,8.100075252361329
2461673,85.41798399604164
2461829,2.546817467799358
2462248,0.4390277280985938
2462451,0.41382775327607035
2464673,19.676919014580218
2464679,2.2627243787926106
2464886,62.23556668466125
2465460,3.8591006009879925
2465962,0.30836861698053797
2466627,4.1910129394553906
2467546,8.514336912632228
2467882,0.22527846468744966
2467963,12.660305100432687
2468167,1.704987652670853
2468171,6.655542928944728
2468186,18.172561844206243
2472215,4.6438162482671155
2472461,0.2548092709453295
2472636,27.311155054098595
2473110,22.83061657550299
2473861,55.93761309955756
2477444,0.490569618974242
2477543,16.658667280336335
2477717,7.071959823922633
2478415,58.62497992835795
2478441,85.15368185341372
2478825,25.652090782652618
2479144,69.00866470365268
2479193,5.92382570331677
2480788,5.030672114106679
2482319,0.1613176922736473
2483196,5.8674502085951215
2483497,0.12441057396759508
2484057,3.9169589491058843
2487569,1.0471119353913152
2487728,37.68504375385018
2488022,0.18596274519859227
2489313,5.128327818957488
2489407,79.60422466080519
2489615,23.0663024098556
2493176,8.698859169452533
2493201,18.222369836106534
2493601,6.978548538846656
2495596,0.40219115664942817
2495691,9.888021682309475
2495824,81.96246982861592
2495893,25.74955264306388
2496331,73.69969437489547
2500087,0.3175898682571604
2500390,4.357729793235841
2501519,0.6307946961531347
2501809,2.600203057760709
2505219,0.11889491829733263
2505890,0.6004693219788144
2506158,67.73974089055999
2508024,6.37354501067012
2508175,0.13065961319809855
2509822,76.66849690577995
2510394,33.44863143209369
2511914,2.2103425168630424
2512871,0.28137913905133255
2513351,0.24572107542213595
2513706,0.12053891682818786
2513864,0.23164605107753844
2514272,2.5685832797622132
2514760,27.419118312086805
2514831,55.532222368822886
2515147,0.6575990579985108
2515634,2.5637029167694014
2515876,0.30006773407245163
2516206,17.70721247886416
2516430,3.7969741214129304
2517989,14.150364276547919
2518372,0.11392251305549653
2518907,0.22379579557018264
2519112,47.555459276267555
2519255,0.23264237368230564
2521691,0.3324952218224473
2523629,5.857085883997045
2524034,78.98924627006953
2524523,23.296743179336005
2526386,3.7676474197324454
2526437,2.897341295135826
2526673,6.88394967516419
2528636,36.00203812206377
2529170,13.778256373624071
2530004,4.848301271306961
2530057,0.3061271667207443
2530145,6.110082005116311
2530757,0.40777769695922933
2531212,0.48628480927691187
2531815,0.5554333842280075
2532144,3.578368415033537
2532197,13.585791156546984
2532443,0.39606086693759873
2532731,0.6866469467824359
2534869,36.23736347027293
2536263,0.23799000742210596
2537390,28.907084144811154
2537745,68.93201579939557
2538248,74.08058712941975
2539413,0.4517582144760517
2539759,0.970386638763955
2539811,2.8407635542275016
2540173,15.056724327505
2540393,2.1287959357087662
2543303,18.474072383168078
2544154,33.77869377116815
2547198,59.84319587270022
2547570,4.531665774072406
2547619,11.388930188471313
2550012,15.054339307156075
2550075,6.717603352629339
2552636,12.320997854970358
2553097,49.58241845959809
2553391,55.69555501687132
2554110,3.837788077904547
2558392,8.451633723904854
2560334,3.5510470741874345
2560546,51.20608357559939
2561229,87.54658333317639
2562621,8.195673945595088
2563135,17.12688022575267
2563967,22.18931086223559
2565071,9.034148620807953
2565611,1.2636987983116368
2566451,0.13483848848858007
2568543,1.189781802302001
2568874,64.53429953673067
2569108,0.24945862205425434
2569323,4.364869566112385
2570488,52.52533949376885
2571133,59.94078706299117
2571217,33.18566163161702
2571283,3.303999448792754
2575762,0.24479813995104907
2576206,0.29795839026959875
2578731,2.8576967118814425
2586199,0.22171832416991846
2586328,0.2649667839089911
2586484,19.80757901158505
2586788,13.578287443844076
2592080,44.616869064054576
2592259,3.211948048521603
2594067,7.709226305080614
2594162,0.2214465825081804
2594380,13.499108241613861
2598145,6.727994868128887
2598767,4.882120566275192
2600692,1.0668199445389088
2601449,83.24251955146389
2603870,37.245430534930385
2604156,0.6914637181380969
2605015,74.00170809676409
2605966,8.10009090856543
2606145,1.101778406999487
2606370,1.3069236415022687
2606383,10.058033610402775
2607517,1.102418486285895
2607575,0.8175976173033477
2608391,4.3433057278812806
2608483,6.170226836812554
2608680,4.98055237834343
2608700,0.2239770114664787
2610922,0.4808787516885798
2611765,1.8263161658290077
2612011,0.5421871725545462
2612572,70.42808646065392
2613681,13.672367519896575
2613864,0.19268772793372008
2617515,3.5829011123584107
2618627,0.6526035069601399
2620661,35.894929853383346
2620837,17.475743779324088
2625214,0.8005559665995999
2625559,75.46067093891968
2625766,17.284951920898777
2626256,0.2401777175990239
2627425,3.629555953633779
2628191,3.888295837416486
2629613,71.21995215329108
2632699,55.30113507461586
2633717,0.6151416513408917
2634235,87.16389119335093
2634554,83.0942371333413
2634573,5.148129182901297
2634576,15.195021891517666
2635078,3.227142999752769
2635711,47.86621707039666
2636396,6.4132449581492255
2636643,0.47186768990554384
2636744,2.676408338099272
2636762,85.53917867863102
2636987,83.50191426293384
2640467,36.63492052035474
2643039,0.6142257828796248
2644542,2.21303825263936
2645448,3.752861532772735
2645558,25.849965641714473
2645561,6.4780490240591915
2648761,0.28271041228311655
2648957,23.03524641044374
2651107,1.5688283411574282
2651125,14.684510720830803
2651650,18.690843844925226
2652871,0.6434093781293804
2653186,24.78276241034052
2653411,0.9457126458848819
2653544,6.959261147939477
2653644,25.10198447811668
2656101,10.133491275704747
2656619,9.980680416728376
2657213,52.841172152605665
2657689,0.23580228841051526
2657791,78.89156986816906
2658113,30.380751929372828
2659165,4.51683960395722
2659448,73.01017215614759
2659732,3.677805194608565
2661098,6.912565625153541
2664975,12.612735822863918
2665579,84.67824050103482
2668311,36.414415285015686
2668770,24.331417999536335
2672220,0.20014571917649757
2673792,56.35901253032694
2674784,68.98487712236403
2674884,32.254869618425076
2676453,42.74757842459787
2676692,7.777316527145483
2677617,3.1183170137778444
2677643,11.685246346190663
2677706,5.426409629287875
2679171,61.418869541061014
2682471,19.70319269015794
2682974,5.765198937757591
2683387,13.66346685221093
2683438,24.98076892931498
2684480,5.701743211368897
2685701,4.520479594773153
2685819,78.24234837364567
2685940,27.45096649488359
2686412,67.26852056440521
2686639,51.836481737915264
2687332,20.7011519003399
2687464,0.2550365620985494
2687567,47.35441639853854
2690557,37.709405605491504
2693580,19.9511480803897
2694111,18.901637896259903
2694288,25.93841309937503
2695042,62.64937685607793
2695367,20.309162248526892
2698206,13.348326725765366
2698645,83.77999249382337
2699454,46.3084466381245
2700296,14.179641958475258
2701047,4.269871211969165
2701572,6.113703091068393
2701910,1.3931629011669424
2701991,80.45117242416771
2702053,80.39650916173898
2707344,0.30533176466912865
2707450,84.34097609080764
2707819,7.411021380761438
2708262,1.2233537915283277
2709923,15.039044423464711
2709979,23.767817371592344
2710417,0.32104427648182116
2710543,21.22435044961541
2712028,0.25519605298509374
2713695,5.175414134023148
2716762,0.4138606789841174
2716889,7.828096412508202
2717461,8.698870839745883
2721778,85.40101143110392
2721883,0.2748643969517743
2722391,0.2864290764084853
2722983,39.12147108653775
2723019,1.5675566046368499
2723303,25.444033226296696
2724993,20.736460278629828
2725385,80.0153255344696
2727166,20.22550694030029
2727766,5.73200033064532
2728126,79.74892691727592
2729395,15.077380448251658
2729913,69.4907845181182
2730497,46.391401562710364
2730652,17.986271858257428
2736264,8.784265061907435
2737955,0.21698488074645358
2738161,0.29971167563143114
2738377,6.757746417216492
2738669,73.75526270216959
2739112,76.13375135922396
2739832,0.20892688907704846
2740125,13.422541602259239
2740253,1.7207582530789947
2740389,85.20601130960847
2743443,0.22113375810285843
2743624,2.4593475337122026
2747058,6.194865029628079
2747712,3.1453856447357977
2747978,23.5179144312429
2748016,0.23272224324407761
2748239,0.5727987611719503
2748493,5.1473805314370455
2752482,33.692052164336566
2754006,83.24127020000948
2754728,0.22064866610528291
2755951,0.9982287821616511
2756525,82.74016474454334
2756829,3.9192690615627073
2756847,2.38724731871155
2757036,22.490427973301994
2759978,0.5019294807799554
2760590,15.389186536745903
2760968,86.69598292506623
2761390,0.17657418017935642
2761766,0.916362052355195
2763303,4.284015350785758
2763675,15.437817618175469
2764392,14.131859680692587
2764516,23.369953442960586
2768188,0.24808572532200382
2769505,4.365371531501192
2769623,2.125157818691054
2770230,7.117791242092693
2770914,1.8801339208592591
2771141,8.72460481811767
2771668,70.22006002570821
2773698,3.0347925502852107
2773754,17.81039309520094
2774189,84.44103013094579
2774381,7.521348531367652
2774934,78.93995711266344
2777719,1.6573459173793337
2781747,15.776446460041878
2783786,14.504846208586823
2784311,0.35454308561689063
2786015,68.27948506565858
2789724,31.685844052142027
2790742,0.18511257168849476
2791400,0.14849500057853535
2791848,42.873431368352755
2793630,2.496868888861732
2794880,33.04616885494057
2798608,24.305162357696982
2800150,4.697641905932465
2800327,12.268054107957818
2801603,59.799541493469185
2803462,7.409119239665372
2803507,10.033326536994615
2803785,13.670808935180236
2804065,9.164450851477433
2804103,0.8522877781312186
2806791,84.00538198467275
2808257,11.022330590271052
2808477,0.9479672386194837
2808880,0.7022005958283365
2809027,1.2167105817106239
2809975,33.269460368359255
2811585,2.1825104313054906
2811703,58.57385677459302
2814076,4.946785581376211
2815748,58.93619261640798
2815750,1.7815056822429207
2816854,0.2793680352084205
2818471,71.75795881301127
2818530,22.2559600450023
2819086,1.6942029216891412
2821079,0.21206953136751427
2823012,87.02498839533781
2824253,87.63442834200285
2824484,31.5641121254118
2824553,75.03872191310369
2825322,14.625253073196182
2825336,0.017031409374574175
2825539,8.291692425552966
2827615,31.61370159439015
2829821,34.982125151409114
2829832,0.12231118356180286
2831378,2.1432167500677908
2831639,1.693494411912081
2833834,13.086713981644102
2833998,4.856560041259389
2834328,1.7352785122174201
2834421,35.96104414816101
2835159,0.20240186355942563
2835738,48.52281887172309
2836345,62.98287456216811
2838319,4.782678429804739
2842830,46.799893897898386
2843185,2.158813666972467
2848235,81.57103327850605
2848276,5.559382226613865
2848532,37.53918827929685
2849477,5.938389910054244
2851945,0.2406311925995774
2853085,12.306523429879418
2853557,82.58100739397072
2854979,76.46689533514744
2855220,37.572752327145245
2856036,3.4387588848956434
2858010,69.34714997409255
2858120,0.8967739952539221
2858430,0.33081091351032416
2862466,65.63414529189352
2862900,6.681423241124199
2864385,0.2950222915490955
2864480,2.4668690114173133
2864637,0.5987680038048676
2865370,4.762633267984918
2866217,37.96519334131254
2867463,8.631743511717744
2872666,6.855115549391722
2874602,0.2220483738917546
2874695,2.414067054519218
2874932,16.54223026878594
2875203,6.275065014009969
2875509,36.726074683496414
2875653,0.2940688014056901
2876055,35.44987457873334
2879157,3.35987389651787
2880895,22.007623721268978
2881692,0.6105539681057872
2886357,0.23728686053739256
2887581,1.0480092281261506
2887761,23.63681603138689
2888261,0.2772324472146555
2888818,24.127323860974986
2888877,0.27938400888335685
2889781,8.952082456644932
2892280,13.898818158010041
2892709,47.428660410048714
2892830,64.07935542278194
2894055,0.2911008783058901
2894146,7.396624900248873
2895820,80.43518027220944
2897100,70.37072276857512
2897471,74.20486287220605
2897985,5.032635955382997
2898338,0.7925882584696899
2899082,0.2391238797806848
2899116,0.38350615749532874
2904571,0.2845601341501574
2904661,28.398374260893497
2905572,72.48398737609635
2906940,32.8580387755659
2908258,1.9208806088709047
2908420,0.37077400745855055
2909690,1.3911739959275835
2912886,0.5059308162614713
2913960,57.172380834024
2913978,0.9572645817779254
2914445,55.551542103114784
2917698,21.188244100255407
2918225,30.882599276049138
2918704,0.33035108273236524
2918764,0.202152476206314
2919081,16.05733506587931
2919287,1.4181315141798614
2919377,5.450540507909621
2919875,0.28218682491065594
2925138,0.1132040576289416
2925888,0.41250652299618845
2926508,0.589544813488787
2927005,10.437890800127162
2927487,54.848255978646435
2931544,5.372273015127059
2931859,23.798151098644723
2932027,54.88498118830984
2933406,19.97379674363529
2935329,0.7776661551156959
2935897,50.949462864686595
2936054,30.474329277286834
2936192,77.00171181972924
2939514,12.966833609074323
2939670,41.722470928993616
2939958,1.2457523808936646
2940007,0.21990483801376784
2940762,3.9618949248462862
2941688,30.29398272476431
2942129,52.37895876318846
2942211,21.5535626168536
2943334,3.955437331770732
2943641,34.709117018076526
2943724,22.459576529866688
2946155,6.325533449627633
2947668,0.8705857678011419
2949128,48.30611515482049
2949790,0.1559928736792984
2950178,0.382830259171588
2950627,27.61076061586326
2952861,1.6013243511364204
2953058,2.56995962607397
2954989,12.970042893611975
2957425,43.76123465515041
2958344,1.4208222927549397
2959168,60.323551076319184
2959682,0.1312642887520151
2960080,7.264767933683849
2964260,0.4188932719179543
2965557,9.957896036695674
2967375,50.48859269957163
2967792,11.686079769608686
2968070,86.98129309128944
2968964,15.822042225879677
2969663,3.243031446200936
2969722,0.23257770964371297
2969803,55.65515568633934
2969919,35.8657671749957
2973962,1.5417016637877976
2975389,0.3471779069022902
2975604,10.974576915848875
2976875,0.023208725022494797
2977232,83.71755617542428
2977482,1.1202727845527956
2977643,4.156410467740517
2978053,1.6629780611296647
2978697,4.84903924830777
2978825,4.599202619262456
2979650,13.893712650054937
2979775,4.69414600059192
2979871,12.824004223653516
2980355,76.11255972959921
2983952,6.524375806706424
2984662,0.2569005771400769
2985279,9.08364044401037
2985678,71.04843581420361
2986847,60.02059502503443
2987015,0.6080922206647558
2988045,6.045847357074638
2989428,13.208882881313944
2989596,17.26414662303762
2993952,28.52078006224534
2994536,8.91505652351227
2994541,35.42785237357718
2994648,1.2408118099279795
2994659,32.882006818999216
2995368,45.897177576460784
2996823,1.3163506680808774
2997377,7.5656312434264565
2997824,3.003957220050207
2998230,0.2721526540830777
2998911,3.4272421045725348
2999527,10.413423287365818
3002478,11.448204881913053
3002746,0.4231549913825013
3003127,11.110451524834913
3003386,61.86842762274455
3004348,86.51099194056782
3004969,6.2010233043729475
3005261,27.512927454172964
3005990,2.0982130910436823
3005994,17.46867603008774
3006318,69.79437531779564
3010571,9.497424266703078
3010978,21.546488299038646
3011058,23.265121608628153
3011417,8.930053458846759
3011497,0.52344875133586
3013136,50.3284386267285
3013158,0.40469558890570956
3013383,1.9740402038133584
3013404,16.144820147320505
3013668,6.702378139461559
3015711,19.383146230364638
3016563,83.56989952949596
3018278,0.8801872251523717
3018422,0.6031781226858601
3019264,0.2619561968464079
3021617,0.6329568246048072
3022063,47.285028752104616
3022247,11.233532770861165
3022777,44.579792632545576
3025885,40.447138823494576
3026737,7.147858656647702
3027445,2.4847868074942085
3028186,30.051405000143323
3029723,0.1920114827701893
3031514,16.98840509600048
3031660,0.3591002137119279
3032110,50.10011162531903
3032355,0.3068955258511988
3033723,8.348754428282344
3035054,34.56543852740549
3035621,24.42331927869182
3036132,1.8715464059798688
3037002,0.527899355344257
3037740,18.448040364158608
3038732,0.18247983418443273
3038781,7.419998640166474
3039186,42.79229324972103
3039888,2.630227003169245
3040654,15.222650584302189
3040917,0.32962334228478907
3041889,10.224116113333114
3042547,29.421651413329695
3042553,62.43194641467301
3042980,71.79924034037313
3043127,6.865217645884584
3043416,0.20873352702126213
3043425,37.82805114726572
3043548,12.931243405735222
3047340,0.31362578909156885
3047757,78.73151187896354
3047903,0.19594455691749402
3048226,87.56144109921642
3048321,4.00160059837591
3051679,2.593475763701238
3052214,8.428318684583184
3052285,1.4560122372119695
3052726,35.046545582566374
3057844,0.3123436468544463
3058995,7.764972224168527
3059025,80.85596474804083
3059383,49.98656458030035
3060745,52.9516565385207
3060766,13.865639136152883
3061093,1.548294281772483
3061221,64.94222667239053
3063513,0.5258214691164009
3064153,61.84024391586375
3065612,23.863635837360082
3065812,0.15114496272983047
3065911,49.93224780737669
3066652,8.847975931334558
3066976,46.632718652081365
3067062,7.228825894608034
3067277,1.5242119810197687
3068047,0.4685901667846073
3070876,21.54507585097778
3072242,7.5845498809342535
3072757,7.147520097843837
3073195,0.24704316387500505
3075343,6.021986385213388
3075657,0.3590073717543721
3076051,0.6209871727056651
3079237,20.732755394195557
3079567,73.55950875414948
3081281,11.279310724012197
3081335,0.5153782893702652
3081454,0.1783449810881516
3081756,61.85591316814837
3082406,57.54116300441166
3082988,0.23580345195173738
3083026,62.89043515129053
3083249,79.5492133713563
3083966,42.86821686121576
3085185,4.481133525217269
3089264,4.4533007208207485
3089577,7.583608982588716
3090315,6.887464102618609
3090922,21.676215753112423
3092322,7.315741954477014
3093240,76.0750331853756
3093762,3.0934153432736013
3095016,11.503504007129749
3095023,78.23645653857712
3095119,31.00218645605548
3095348,4.438127589923064
3095550,49.182944702465356
3095682,0.17425480706595106
3098703,59.72583123534454
3099573,0.5607255258235305
3100440,0.49624637141484346
3100555,0.3009868524938426
3100927,7.118913478520642
3101746,0.9383624292364899
3103596,1.8786365039301518
3103784,16.245880362241962
3104253,32.18970134288306
3104543,0.8056713945823606
3105086,14.13592431672063
3105137,20.48798536747609
3105572,5.975727926668639
3105712,73.91096460877675
3105849,3.385248968067584
3106051,4.395294418016854
3110281,0.2390264791934068
3111195,72.77436386025892
3112608,52.928123240038566
3112872,0.2228073393117327
3112953,11.126941499634414
3112966,3.9793026023362605
3115710,12.583939098648175
3116166,0.23479053188292046
3116327,1.0739581691429974
3116519,0.5610786449170221
3120723,0.2320506823191454
3121011,62.81136337522768
3122230,0.22695715527139107
3124456,0.8308208572691138
3125426,70.63851105638412
3129731,7.732951462502077
3129888,20.872355120049125
3131794,1.776331779439481
3131982,4.597413368085843
3133055,35.100559993117514
3133621,0.2709787322298485
3133754,3.320059670525122
3136014,0.2901044464698383
3136318,5.636612818466781
3136535,6.138076764681577
3137069,0.21558449251870002
3137906,46.613715109940465
3137920,0.15567714041971262
3138699,0.348733769314524
3138937,0.178642399919971
3139073,32.54171821522497
3139181,0.22645604633142755
3139489,35.45661553658316
3139623,11.195576762913603
3140375,6.655827751274702
3142216,3.401681945550307
3143311,4.520425670948864
3144094,0.992704362359199
3152039,0.687468146460738
3152701,39.084745982898
3152724,5.93515162157148
3152841,0.12283815126554089
3154590,2.106165665872201
3156460,48.53759528363931
3156969,79.39367986793413
3157330,0.21893771459694905
3157420,3.539510319329863
3157747,14.591775406983972
3164639,6.07201169197662
3165063,11.833649414763299
3165190,5.843170000320938
3166540,7.530648674353086
3166564,12.384605835128394
3166797,2.6041381532761836
3167520,6.490598958623607
3168163,0.22534581117718075
3172778,0.2738390693202792
3173148,29.15982701574075
3173685,45.60094907343328
3174292,56.16901624572291
3174902,0.11748386194268505
3174948,0.28814191005688455
3175023,80.63871763910493
3175204,71.61417310307547
3175209,49.11222595249442
3176553,0.21710288631376992
3176781,10.9354130827381
3176874,83.16965288066189
3180308,7.5203744932963215
3181376,0.3994665983052182
3182176,3.942688649362785
3183018,5.333883856297883
3183201,10.32862444658903
3183339,16.88766359637646
3185037,47.20651880924378
3185529,19.551042203867194
3185712,1.4771875352412507
3185718,1.044614187347284
3185829,24.26534834747821
3185840,0.11163088689793045
3185977,4.598917027205774
3186147,21.513702985359398
3191358,1.9378409448519325
3191450,5.9289862885685585
3191779,0.24413504512976542
3191925,20.080679046856172
3192969,0.25127367951908747
3194049,31.602368899682254
3194510,1.7144428576931297
3194552,0.47026665595185124
3196836,1.2312026276282606
3198114,1.055025065139051
3199022,60.371778325773654
3199633,20.348729045965783
3199891,50.426965012732175
3200713,28.962426378370964
3200785,71.9264690384623
3201161,0.20915156042821775
3208196,63.15440922434368
3208864,50.74269001706585
3208895,0.14197446415418777
3208908,4.0766448681536165
3208922,22.30300944847302
3209319,0.4171532916192483
3209685,0.1419323343013758
3209866,0.16681918726380943
3209980,70.02348302272841
3210405,48.44915736882597
3212922,6.656894032824372
3213127,36.01160717972535
3213712,0.5282425503853003
3215660,82.47824414804828
3215722,0.9344280178183602
3216134,25.8647315793613
3216238,13.516138589291005
3216247,0.2262192882710951
3217153,8.3043189011381
3217196,0.671688770647498
3217684,65.19393988420197
3217808,17.132039809251772
3218526,74.97814745300835
3218787,72.29696510108519
3219401,0.23812345302473267
3219928,2.437832087301757
3220028,4.0862331430689345
3220178,45.737908408818726
3220820,76.31919702545822
3222262,73.06190497892916
3222510,1.37783352943302
3224913,45.61362998016435
3225390,58.053371158640715
3225440,6.09917113550893
3225975,23.56784171620009
3226454,0.48726267848383037
3226489,71.9596930971409
3228049,6.180710253359054
3229157,8.308016469148864
3231562,29.05841963734205
3235070,20.32163181124799
3236301,28.392917427401414
3236919,19.128247768137243
3237048,8.506705318339714
3237052,4.118850972168057
3237069,6.905816404243444
3237524,2.948782143747589
3237602,2.5360147025576025
3238109,0.2343581441071852
3238431,6.761624770123278
3238517,14.186471431136924
3240903,16.55635546554004
3241074,3.2624346387332475
3241287,10.050837832560742
3241486,43.78324863042611
3241882,31.589476376364864
3242138,0.11912111652883653
3242167,5.28071226932289
3244360,0.15984699678113706
3246086,0.22023318013965734
3247463,80.0501154893525
3248306,13.798401250830516
3250448,77.3107494088635
3250977,23.525499110431255
3251113,10.378733420613216
3251148,55.160879633489465
3251638,2.2596560429826944
3251901,0.41793240382873037
3254762,0.18919488156940972
3261569,47.44100419377523
3261740,3.7552983578308514
3262760,12.6157004578398
3262855,0.523421720227283
3262961,29.57453680728918
3263039,0.2465406269316369
3263260,50.41020605076878
3263561,0.26161802144651675
3263650,1.6755608715915555
3263680,0.5456272286401447
3264261,15.021438048125477
3264348,0.3793925419272251
3265410,24.14164140921446
3267114,0.23567671267150184
3268008,27.515991438616695
3269126,1.7964581600125886
3270428,6.930881831024748
3270809,3.3850156458202147
3271549,7.464691079505582
3271767,0.2357439319230119
3271893,8.920731433240846
3272159,0.5092538066778901
3272161,16.41487256727508
3272201,13.878425962387295
3272466,0.5766949545215851
3272610,0.3647830849921909
3272721,0.31684145409629094
3272778,4.267995405567702
3273170,56.00721083590035
3273182,0.2396462790148251
3276963,6.303313059428382
3277079,1.9118675974053285
3277684,7.17239480739074
3278158,65.05506900164906
3278436,1.8473373115264935
3278631,0.17614628479664338
3278758,50.169380353250226
3279446,0.46922497551520775
3280787,0.24930445107131707
3282274,25.508715404375653
3282726,64.57528716702899
3283019,8.520524610320331
3283284,0.9631210445328015
3283405,12.007482322984478
3283729,6.42162065657229
3283741,0.18150952832449782
3283782,24.53264276975449
3283867,1.431742006577722
3284019,20.696228562265503
3284085,15.869592200888574
3284230,22.49637748000193
3288710,27.59782112623978
3289376,6.586727091951246
3290309,28.040225533449576
3291524,4.10287453009277
3292042,30.48711804209431
3292224,11.523225338079735
3293357,6.920249967571778
3293488,0.9423148803049828
3293528,86.01129301422543
3293577,0.6827046812408502
3293918,77.32512265208909
3294131,20.052817848201077
3297016,28.7084738768741
3297255,0.20806792348028844
3299862,26.644174719008262
3301118,7.703350018154198
3302259,38.878660393564246
3302463,22.919118273428357
3302921,61.105490716003644
3303165,74.61678680269266
3303211,2.9526174149749513
3303273,0.6298553523324063
3303335,13.017351385963515
3303382,63.07065226595839
3303873,17.423860487341745
3304163,1.7180185713349643
3304307,59.65249874844242
3304505,84.04208618030474
3304670,22.093932797032924
3304732,0.14793779158110035
3307936,1.7779600791977204
3308942,0.6470122322712967
3309377,0.5949799175249185
3309572,40.67455771991854
3309761,0.20028545512507373
3309982,46.50806482528936
3310662,2.9015013587971565
3311235,7.902272509491327
3311412,84.21388464965032
3311821,42.89451589475773
3311830,80.91232806341961
3311834,72.96140854957018
3312276,54.34167337703728
3312417,36.16092278612492
3315355,45.94921979115042
3316191,13.695159852684153
3317039,0.4426570042826521
3318524,0.270743243476681
3319685,15.118157589156214
3320635,0.3691046895000469
3321432,3.362023820810891
3324203,76.78833957290138
3324250,5.855069984265682
3325297,19.076707217198972
3325310,21.29799777021796
3325584,4.212556876607371
3325617,79.7736431762951
3326000,10.308609419258035
3329145,0.4477594860817045
3334360,0.21528523259075777
3334616,2.335383279636637
3334756,2.469364572029222
3337585,2.656466415263953
3337808,2.1189751527914957
3338062,9.331393637575072
3338552,0.3519936377115672
3339205,0.43672088102689427
3340276,7.243237623459677
3340780,48.977278471092276
3341682,3.1416151036554774
3341986,21.57103910950852
3342681,3.1542725689824924
3343299,0.23238846094440624
3343671,0.8056774300552121
3344168,14.10802499840904
3344400,10.911090564870946
3351165,13.321505763423486
3351364,15.073066694938138
3353282,9.406054876832133
3353422,0.354970201980897
3354484,8.792709033908936
3354795,14.532579241796405
3354829,0.27188489621926926
3355024,17.985560705400836
3357882,17.54156622712931
3359768,75.63934013974757
3360896,25.164127420446338
3361203,35.11298998724067
3361370,10.94603684045406
3361783,0.8927893748524007
3362302,0.21241101083587768
3362363,0.7692967695300351
3363182,2.889754157416128
3363845,0.7044628510400576
3363926,0.14524210363614307
3364021,0.37466629019141956
3364669,0.17815145864876747
3368441,15.759454866491698
3368609,35.823316201245866
3368741,31.733159405278997
3369100,54.64084469998838
3370103,32.52151746938289
3370151,21.04423114711396
3370435,0.1410189391507523
3371089,7.277920987534536
3371155,0.24862018620496357
3371770,28.56811764105798
3372573,9.699173646524942
3372925,0.31860722819444953
3373030,29.477725946224396
3375448,84.9957264294022
3376567,22.40229214045834
3377193,7.570721841558009
3377697,0.2719771507429224
3378268,37.255797011742374
3378289,1.659974958158334
3378627,72.86335186174213
3380197,64.92235121080526
3380546,10.868189351665594
3382507,39.45289442686038
3383066,3.937134030201381
3383382,15.643273660636533
3383516,6.714448938126383
3383816,0.9180400116220873
3384323,0.2560548113254897
3384875,42.31130471681284
3385332,0.3438333335435848
3385338,85.09435802727724
3386226,45.74715011586235
3386269,3.959454913339327
3386587,12.490907851437617
3386696,72.70376594474628
3386746,2.192170279139913
3390242,6.610745474348895
3391220,6.653888649513176
3391548,0.40786803712553277
3392418,8.813076903266701
3393705,14.599354195761597
3393798,9.095742324508048
3394798,57.67960126526869
3395099,7.377057011515878
3395681,21.25371754533444
3398697,2.6213936650109106
3400645,5.929069087902718
3400739,67.02631625836696
3400929,0.19962677695817815
3401175,3.523312240482923
3401937,59.95461061584079
3402068,3.851681040670387
3402415,8.56128967299153
3402562,18.070132452927037
3404247,2.0263257413892206
3404313,49.68253778727816
3404472,82.7879349347204
3404668,76.9109910821471
3404892,2.7293832679892347
3408897,23.450464474707424
3409820,78.28295018935569
3409926,20.547808881945706
3410470,46.50935397011221
3410557,4.872724145972838
3410850,1.3213848254198501
3411006,73.18522225277732
3411086,86.3978336850639
3411380,10.197686331326853
3411815,5.818772813011275
3411912,0.3477578435938787
3412893,2.270432898974883
3413783,4.198102130032695
3413981,0.11064733843674576
3414084,19.182215214220033
3414182,0.7170809322380025
3414653,42.054074766512414
3414843,4.208321544026685
3414885,12.21483626679195
3415582,6.956136011255922
3415829,3.904932445003379
3416118,30.873395772798105
3420223,6.4390704515165815
3420526,68.88357719515874
3420546,59.20709925696873
3420707,14.636817308837923
3421020,28.252023872946836
3421589,6.457192342979572
3421605,60.775843651373926
3421607,0.3798660017232387
3424943,89.11548352410844
3425054,7.671612169577977
3426149,71.61817168059454
3429765,49.924970455790415
3430107,0.9287886390709449
3430453,77.06883927495191
3430612,0.4114365143616005
3431377,16.93916805737374
3431378,65.39513285928894
3431674,2.242963931877867
3434075,4.932898809340372
3434284,61.841170714998135
3434454,17.874066612639417
3434471,0.2954047548339278
3439131,63.88765787955593
3439207,7.2504964995288415
3439298,0.4706252055088137
3439664,32.27149654709746
3439687,0.978741893231543
3439781,0.6147859609596684
3440226,0.23748608972280205
3440523,0.9076209878510475
3440741,5.798159131664398
3441127,0.7179324555853117
3441221,6.174990965398611
3441604,1.1865546140779566
3441729,4.605118366706741
3441930,81.50116587839213
3442067,6.291745558867226
3442140,0.49467493327800205
3445138,13.517142093248916
3446036,28.205634969266477
3447361,65.60488072297804
3447448,0.6244111355559196
3447964,0.2273076323604497
3448303,4.045557919431183
3448563,14.836158385561088
3448776,0.15768739819524916
3449575,60.17584158300298
3450210,0.7920047598898612
3451983,15.078553373493248
3452009,20.427994832482558
3452623,13.224255932540633
3452809,36.71111023922028
3453624,29.707232929625675
3453750,0.23304672791323966
3454212,10.668220362651647
3454343,50.41365083801792
3454662,4.035458680339443
3454893,2.5710596238988432
3456576,82.7743370802195
3457338,3.849108105006724
3457802,0.3709676304842652
3457822,62.73023970641252
3457987,0.2014859594505885
3458525,33.256987806984476
3459384,36.4247723649951
3460129,13.980183721511173
3461872,1.8705573365006845
3462475,0.5095104149128448
3462561,68.09192492287305
3462626,0.6879622195698375
3462871,0.18185860839678422
3462975,0.22536296762987593
3463475,81.68717905211138
3464645,20.832091917331486
3464706,0.5576554330893948
3465310,46.12089737589525
3465329,0.40155351687802804
3465351,13.88214533107988
3465407,9.489864175566453
3465604,6.1216801451458664
3465607,8.336022582466704
3465651,45.5849732633859
3465972,16.662175680804573
3466675,23.051531532656
3466842,0.7064883431941912
3466991,0.1262891033039195
3467257,9.606513181906493
3467267,10.134147866159482
3467587,5.208070485047528
3467959,13.263990032008804
3468044,69.41994638554985
3468092,7.161893793812657
3468914,2.4221353458484756
3468919,8.198120823374826
3469115,14.883643226684095
3469771,82.09720781593805
3473305,29.11023537516545
3473778,11.771562675758348
3474011,6.204344277666849
3474320,69.30769172001358
3475693,2.0520147613222908
3476105,50.70966244930047
3476131,0.306295303318115
3476195,0.7399906586487554
3478624,5.744171970506126
3478813,0.5358785827541188
3479461,27.271039176676837
3479614,67.76869568415107
3479639,62.08227086173428
3479881,15.657282358081007
3482707,19.311884717722194
3483278,0.45175216270346036
3483699,0.582693601223769
3485146,2.9765224400648926
3485641,16.308235647187484
3486029,53.604528197984756
3487236,47.484249487320206
3487445,0.24057540804997776
3487886,10.346368181393592
3488283,0.6708162302896954
3488332,0.5801249811250371
3489004,0.18370971471828043
3489242,10.116249167232112
3489450,55.20333495984054
3489484,79.85617153633896
3489608,15.98189273050722
3490209,21.86639408823786
3490317,83.56437627556105
3490322,0.1679540305284734
3492910,19.514430018788037
3494876,9.360281270063265
3496438,0.3474754768948707
3496976,0.9127746619298157
3497198,8.515897405169369
3497765,78.83636359075985
3498602,44.2529357164611
3498763,12.606338812745784
3498895,17.812271470638894
3499016,0.6418073989602415
3499174,12.301855062153882
3502581,23.302841791903084
3503249,0.22684003549002604
3503403,13.249093355826352
3505276,15.18816750053193
3507112,13.712535080987942
3508355,1.9229034898153337
3510705,29.099895417252704
3510790,5.653708046495987
3511778,20.079040349652416
3511898,6.763830631457872
3512428,43.372325513392596
3513138,69.02378063252999
3513270,22.36405571280453
3513303,77.42340819811504
3513651,3.1742082349155436
3513960,48.93802834507503
3516700,83.40494176464405
3518114,27.577389759432
3518682,62.06149745503604
3519172,28.053864785693214
3519923,61.4362287717684
3520094,15.119011162661092
3520756,22.200939488728626
3521124,13.354230661891307
3521318,62.93826988129251
3522329,2.2872279000422093
3522472,0.3129866877603621
3522513,7.997196290456563
3528438,30.47199301401989
3528709,0.7682753366419607
3529442,6.073803307176684
3529888,14.054960491436068
3529893,2.837546567947208
3530395,0.8824486062917756
3530517,36.99485692167682
3531018,73.42809342161199
3531190,0.7149893340281323
3531681,73.19874507036833
3531850,0.17408105331673537
3532067,27.181981058650855
3532338,30.81319240973472
3533180,22.90634957762044
3533208,3.9012426718330127
3533549,2.748188005623986
3533669,16.67453254194487
3533777,62.30902597134208
3534012,80.80108724331889
3534137,2.6450635005546195
3534256,1.73333623986639
3534379,62.97087182460446
3534443,50.966173952627464
3538463,80.72715898473739
3538727,0.20993564335903322
3539882,1.2213447135558708
3539952,0.28219107981551345
3540722,68.27268116161652
3541464,1.648378892156855
3542044,27.198357406199644
3542523,61.944311832561816
3543227,52.0606136450915
3543534,6.593219363752828
3544113,4.643137057823281
3544719,8.461761380469285
3544796,0.3371684471368965
3544899,43.84559436471088
3545066,4.901098990660463
3545591,0.16722709966582938
3548133,35.70840429687755
3548393,13.244890025349864
3548691,6.036281455437123
3549126,33.560095714239615
3549478,44.10949679525477
3549798,71.66063602497005
3549819,2.0219944426907968
3551598,78.87214242700502
3552405,6.967745149452392
3553361,3.619396986190624
3553398,3.1229985574081516
3553679,17.724894517829647
3553713,33.73414225640513
3554230,3.2374357653245034
3554287,0.5402967674821137
3556241,0.3038560139552589
3556615,25.707750399766876
3557570,14.79089363942689
3557831,17.85697217821256
3558578,1.0889706079768424
3559005,0.339499581725519
3559450,5.979320271132642
3559515,5.859077802104788
3559871,0.21760677821721577
3561338,77.5695556255833
3561417,0.15579110624313428
3562245,15.968688509537504
3562445,13.305716848600902
3563035,1.347593683844832
3563047,39.09619811433419
3563251,6.49493624890599
3563271,60.31964131281403
3569229,0.7263970562212234
3569570,15.73105009901659
3570201,8.466270961259646
3570470,49.443011737150364
3570528,0.22167914099611014
3570985,6.464524681792581
3571021,4.986057596274916
3571154,13.056867150327552
3574063,8.484804475279677
3575238,0.7051908628915979
3575453,7.591178753185554
3575487,0.1715534899325458
3575859,3.4878953139068094
3575918,0.27268621956047895
3576390,0.6864386662453315
3577101,60.555676863925406
3577693,20.687770526875333
3578028,1.5458273806994607
3581652,7.929333891470366
3582007,0.11300152582546512
3582449,2.0903807833964727
3584455,51.13127984039239
3584703,1.2888538298817618
3585049,8.390167529464101
3585334,18.342746185013016
3585754,0.3898079313999267
3586203,0.2946127798890329
3590337,50.12818909490702
3590483,0.2971090563475376
3592179,5.865491482272272
3593311,0.3027295084185243
3593385,6.722945721471171
3593491,8.911238650820255
3593824,14.48455119900456
3594671,11.643276041272667
3595484,1.594773479889832
3595503,0.18471295626178239
3595554,47.91619406559313
3595987,0.23161895027798488
3596230,2.17008395792629
3598245,11.929267316600475
3600457,79.6867606013925
3600961,6.205431459715378
3601086,7.649825165882406
3601377,3.7090507707751326
3601447,7.501181281461202
3601900,9.046945093032313
3602534,12.857314187923404
3603287,0.3597856327223386
3603366,12.191018098798764
3603426,9.20447140546827
3603979,3.3668429767906356
3604199,29.78131043563232
3604551,5.662167662731863
3605076,2.4144500228981816
3605287,0.2725979998042616
3605524,39.78768797290693
3605626,6.349656003802408
3605896,27.05581671141948
3606459,0.23529799840020751
3610854,21.664953772522004
3613067,16.470100515938423
3613161,31.212610454714753
3613612,8.748036334640322
3613761,9.063808197086463
3613854,6.606405831858458
3614079,50.92023355453745
3614621,7.365355732254914
3615796,47.24976690237036
3616001,0.9698802321709035
3616769,42.6838041937638
3617350,4.48655832456379
3617430,3.3390161775317933
3617494,54.08085517761014
3619399,0.5963415628662663
3619705,41.827180828183515
3622012,4.162414534846946
3622797,83.7828911293813
3623201,10.689181058297299
3623673,7.732637092653282
3623946,16.774052303761025
3624380,1.5756915656262906
3624387,17.369205362347113
3624653,13.000404937553036
3625075,10.488595485969528
3625713,0.2547269955868316
3626302,82.23888233548756
3626408,0.45347720090446664
3626719,0.21888692464001142
3627326,1.39749843843675
3627468,7.649721670961353
3628190,7.602461633165494
3628228,2.7501533597100756
3628267,24.118017505517194
3628961,0.8993333598956686
3629141,51.250376877169536
3629217,63.990075302523515
3629381,0.6322533481204538
3631473,60.646575261364816
3633634,16.635957866473685
3634361,6.893951176950696
3635322,21.58023276126098
3635348,69.65270277677055
3635420,0.214555281024394
3635624,4.701277759721362
3635919,0.2557715413503813
3637029,5.185623384492581
3638053,1.2937144593945837
3638235,2.3780941193758482
3638852,7.263501418028034
3641687,0.23746068060721895
3642033,0.4345477754659878
3642278,7.573271774186568
3642325,22.730749890751998
3643392,54.38839594907257
3643801,0.3020319777260073
3644017,18.922495407725204
3644037,0.5864440387781124
3645072,8.189670326054888
3645866,5.166469430105539
3645996,0.5868998900345636
3646059,33.90301997915665
3646212,0.3978655880484142
3646638,12.853154005168854
3650207,0.517259527960489
3650528,13.347250999982418
3652230,21.1134362446441
3653037,30.237159665242533
3654420,28.423118473269742
3654510,5.272322465233281
3655367,75.150971374648
3655688,5.616880721182496
3661644,44.738521493611955
3661864,0.6428783277584612
3662198,0.9070705748628906
3662795,39.43233650109239
3663178,85.22623420118691
3663423,0.4768778123442088
3663798,44.633655730651185
3664094,7.550062368438506
3664473,2.980599146135552
3664481,0.24916110494845012
3664892,2.5218686573775977
3665721,17.526055931240418
3666015,0.7661240753345935
3666146,26.097748842917724
3666617,19.553070814355053
3666653,70.6785927628102
3666884,2.676134448352966
3667653,0.3780949781262707
3667692,0.11122437230736196
3667717,2.583420261761376
3667895,0.7172343410841643
3667915,24.330523604824123
3671653,48.00324565828104
3672455,0.22820597401072826
3673772,82.92920932274068
3673774,38.32275571098526
3674594,23.130440885096373
3674757,64.11057020122674
3674937,0.23136479100663387
3675270,0.23371317780589376
3675568,33.05657341374961
3676461,25.833733509825773
3676625,8.651273383464988
3677309,38.067219532699724
3677436,9.334994031654947
3677466,0.22321459627134155
3677638,9.029046219894212
3677737,1.8261415952736084
3677995,15.433478610253763
3678064,5.383819271372378
3678357,63.00825064671654
3678829,11.055879446994888
3679179,5.050017575989492
3682839,59.3094046320312
3683236,1.052162760119142
3684302,24.041377916840048
3685591,0.31441714981230345
3686256,0.36130044966288155
3687840,2.478494425794053
3688197,6.517068711157723
3688368,7.641108632687924
3688940,11.609513195957204
3689140,59.90155720730715
3693008,2.875537136262117
3693222,15.106366890304814
3693262,18.738139543961836
3694030,40.358332720430376
3694268,7.718149983017342
3694441,7.821103892968373
3694643,2.0533492522435712
3695178,63.39424100280576
3695375,51.37103744313147
3695463,15.502652456164835
3696043,20.52417129229138
3696224,13.87488011451314
3696746,17.566542347930326
3696946,9.553880740691
3697432,37.19261205075822
3698241,19.70341613730291
3701381,16.902160625037187
3701890,11.191033608885347
3703129,60.33370951304838
3704081,0.34142913532971547
3704297,73.7835973695807
3704729,4.874062259601183
3704891,0.9874057767601327
3705030,0.2840205452773391
3705088,2.8301589734633055
3705368,14.396239219197403
3705495,32.35882115442697
3705534,0.45753706005265593
3705673,2.995046623324459
3708542,20.119788908386106
3709294,74.19118855150816
3709567,42.52961385969281
3710434,0.14789830703597276
3710483,4.601659040129975
3710661,68.30344766347885
3711096,10.48073855126031
3711208,0.25161468457096253
3712133,10.394629352573267
3712330,74.84280012333753
3712846,15.95129560824969
3713028,0.8774618933815691
3713031,66.08424538224551
3716193,69.58932849058196
3718713,1.3591342159379316
3719330,15.621311572138879
3719701,10.06072287086
3721036,3.561838984943914
3721826,0.15018775485935826
3721904,43.22986876264006
3725902,19.566993121296512
3726665,63.46124665416479
3727206,34.30114118822988
3727861,0.30981496391031466
3728240,2.5380410205749975
3728953,0.12924413950597793
3729469,19.130610214177974
3730645,52.317077578523765
3731388,17.85759586220213
3731534,3.3643029658799364
3731689,1.5087189852897431
3731871,0.452034536977855
3732008,43.27896692861799
3732059,0.28775415644065916
3735175,9.926972836650801
3735483,8.22690064731544
3737180,2.3082751237583894
3740402,24.45000046183749
3740809,4.8274324892503335
3741457,42.779592754555196
3741504,0.3119064060496586
3742373,0.5035725748481946
3742413,0.6937796631033688
3742519,0.5519381891218654
3742785,0.22785086103072164
3744465,32.76809951335432
3746945,4.337981366150751
3747392,8.16116829081711
3747505,2.6303271792678657
3747567,49.432177199166034
3747855,1.1488174693866922
3748401,0.3201807519050546
3748684,40.949165590801336
3748804,13.920915549342435
3749338,21.21241695263935
3749528,0.27229236592870154
3749971,13.702551711338142
3750568,71.31933086083068
3750917,0.2592357824537439
3751570,45.294596809146945
3751737,29.853348742509635
3751894,86.30408529922084
3751919,4.536096264876447
3751932,32.63128052516662
3752352,0.23311739783028695
3752605,7.917994582793715
3752872,15.568709889488172
3755001,7.73808081478333
3755474,7.366290035774462
3755748,5.184910571144824
3756098,5.0442874872090995
3756488,8.918184223926335
3757178,12.74185753134533
3757461,74.808303448536
3757859,50.15921549825193
3758296,42.0767972499016
3758495,14.688481004402243
3758686,77.4886729689134
3760029,55.25716367106419
3760158,18.799864449407853
3760740,19.583577236194106
3760824,3.101054977725698
3764301,1.4531458942850388
3765411,10.693524922080035
3765646,9.808638259099652
3767079,59.345122243327616
3767267,21.00782654508663
3767674,4.834460355248694
3767801,7.120756166697987
3768796,78.49508359110561
3769052,42.65025808050044
3771687,27.662106513142614
3772617,0.519799956619229
3773787,7.1249271893438575
3774556,1.5470728661647954
3775379,2.88505186881711
3775659,43.87395428702231
3775857,0.1589527053425069
3779523,6.681894054766145
3780206,1.0443113194730087
3780715,40.75239886311575
3782016,80.82975870231868
3782082,0.16863900687839717
3782283,3.637446697915133
3782441,1.1393787298592002
3782457,0.22399645593166542
3782579,16.146386714260544
3782925,58.1651406734013
3783173,8.767594606909222
3783231,0.2210832361236719
3784298,1.1355483138440015
3787893,7.4676080184671525
3788637,25.3609727412333
3789400,2.135675247348339
3789685,1.3081966091577337
3790048,13.430551903070938
3791176,7.122088212439708
3791464,3.188985873652493
3792227,0.38659249429078113
3792507,0.11945997595440869
3792523,35.229966375017604
3792732,0.6440696309978391
3792910,80.02321536265882
3793002,7.377333396158328
3797867,78.35303190718545
3798941,85.02157957814325
3799541,35.832918349937934
3799598,88.20835033286475
3799995,7.848170152409824
3800187,6.622698432788512
3800332,3.1631983213878767
3800789,0.40037554951255006
3801007,20.243871552219765
3801368,82.6384255572063
3801701,20.260793012448936
3801950,3.048153435113657
3801977,2.4382495202560173
3802218,83.6589468890254
3802538,76.9617029879752
3802582,0.6530008993409052
3802908,11.56948908904619
3803154,6.970464284278518
3803194,5.792923256185595
3803201,20.4507070231896
3803622,9.183861085065868
3806630,1.68455545630203
3807983,31.3787461094804
3808405,1.984871008559826
3808709,3.2450943775063186
3809988,1.9497785791474784
3810334,73.35373175907151
3810864,0.14053120563797428
3811171,72.27271126000286
3811578,0.4329172783785226
3811639,85.03419487810929
3816424,2.4434890276845525
3816450,59.70012088372328
3818259,57.564538702263576
3818298,24.332908108422412
3818999,3.6692719429355067
3819304,14.651420534135967
3819656,0.2596275562029362
3819946,70.19776501913393
3820498,4.232414155713762
3821364,0.27481860083545334
3822296,38.51891701470606
3824057,2.325604763738969
3825362,6.8914384645150095
3825437,0.4949525979758971
3825743,27.089748200636095
3826908,22.49353192812844
3827231,13.475774816990416
3827442,13.33537736211117
3828097,13.116961171385354
3828098,5.480105222105591
3829387,0.24883199387630658
3832444,13.492305436696265
3832863,18.3799738144285
3833644,34.13316617261586
3834786,29.526956365129987
3835052,28.512696827442372
3835132,10.300677083472312
3835244,30.604373682964766
3835334,0.4104354912966994
3835345,4.589192761844051
3835611,0.9136645548590226
3835681,86.32587222950086
3835740,34.20080958305474
3835948,20.173296644972638
3836180,6.668020161243479
3836199,54.32949855537575
3839258,12.930324871148754
3839365,57.8855843429462
3839717,1.1787739730800562
3840200,14.602416761440509
3840286,14.79597444121326
3840719,10.122594390333235
3841033,0.7481624894345433
3842694,27.703095860375797
3843916,8.41954285649354
3847681,0.6310315329848608
3848431,4.362032010086675
3848810,0.3582923649917258
3848877,27.78526765612168
3850182,6.252958563279283
3850237,5.355518754422633
3850254,6.353211706411292
3850967,9.297008785027632
3851183,15.024871556936636
3851498,31.309030949177632
3851571,16.873918396001724
3851719,13.15831158885136
3851770,3.579498734174401
3852141,8.816806526494245
3852261,55.24504900603684
3852538,58.424909654866426
3852580,0.24602821943020114
3852660,0.11740143179564325
3852988,6.287652773837656
3853079,15.480885853418693
3856570,27.999944555267515
3856583,37.4783939476904
3857180,12.206937947223762
3857462,9.003030252610227
3857687,17.746102803574075
3857863,64.67062892833171
3858386,14.996437238273622
3858785,0.11045326262312952
3858822,4.561906359377144
3860590,82.12152776465041
3860762,3.8328264851556586
3861299,13.717362094244665
3861301,0.6842743492036869
3861569,5.283183899734453
3861713,5.399873175031583
3861885,3.3456516756637957
3862154,2.1662736635991777
3862328,78.27834866146182
3864528,0.2111539848326749
3865141,86.62387072763235
3866389,24.97423269118927
3866536,6.569513312810666
3866540,25.451345274758097
3866888,2.8010347127480113
3867293,1.512140712408146
3867351,84.403410969417
3867525,0.25625997121293886
3867632,1.000158813188075
3867739,8.169918568037492
3868052,12.119017328653715
3868344,54.968024153711355
3868719,0.12210014909746086
3868981,64.25845592521787
3869282,0.8355134558100308
3869335,60.509807923393474
3869436,20.38388235660921
3869967,9.802604800356372
3870158,19.874512321536013
3870187,15.594277661768446
3870317,11.365821281740734
3870502,4.621163787853224
3870793,3.640974406970531
3870797,25.86245387511833
3873453,0.11469767048300483
3874023,43.871245427552836
3874702,27.9945286612233
3875294,7.801385499259505
3876269,0.25891805330985096
3876850,5.855388805515957
3877193,28.35722808864464
3877362,27.563959943362722
3878067,8.11578485992358
3878579,0.9002472301304998
3878621,70.03561054221827
3880863,15.169275392562936
3880985,0.6523279789072207
3881808,15.850956999701669
3883020,11.222713193277507
3884052,3.726165519929778
3888470,12.307184000751912
3888689,61.145278261775516
3888752,69.30279515092425
3889773,0.1734231757678881
3890018,35.58012392977566
3890947,1.1461423274834244
3892700,84.69068903804332
3894446,4.786672754178946
3894449,2.814940744829338
3894674,23.51928136598614
3895455,5.361542908182855
3895930,19.51873111702988
3896579,3.0515264132347735
3896588,0.27015359408871087
3896778,30.286090748783295
3897387,34.785471324480916
3897667,7.270154713164705
3898329,0.7867386501961621
3898625,1.0926001771313916
3898736,5.291005126671093
3901806,34.35286147857502
3903173,8.930497612498003
3903747,9.102059731570792
3906483,46.91522742712998
3906942,19.69411125643364
3907279,18.470025952880395
3907413,68.82213962149703
3907603,69.86896542785124
3907848,78.16655237298423
3907852,12.39730006631661
3908008,18.996036419855088
3908094,4.75653794311128
3908191,1.0664117128607824
3908257,51.35731702995574
3908361,8.090608588431573
3911393,7.15609884172027
3911451,10.778629281933245
3911536,1.5091840041361098
3911632,66.80288950212928
3911804,28.851077027948932
3911826,41.74766750002273
3912794,39.246330218833336
3912900,3.552728434815892
3913674,0.708350213489508
3913873,13.516568770954052
3914910,2.4333121697043505
3915799,0.31168846538537315
3915933,13.81535234111848
3916062,0.23300536679905778
3916312,9.108917701609862
3916525,49.17723863725451
3916572,0.7432752549907872
3916775,12.816294702637107
3916962,4.350655697291134
3917007,0.26580675571284446
3917163,20.047790577220976
3917367,29.085390595846988
3920357,0.7264974271409514
3920562,76.08405133849136
3921600,4.162269330063666
3921900,0.36742861123454507
3922214,18.888186002656504
3922314,1.3258112153469137
3922967,6.6565568358091936
3924325,39.77910109326517
3924619,38.79242956855794
3924820,60.34329938574496
3925359,3.9088113795155595
3925418,2.9110771069578805
3928833,3.606896590493789
3929317,39.3611552404218
3929669,9.621861123924708
3930410,0.16380496213846946
3930878,7.262416024684238
3930967,5.530224658348262
3931242,25.930041500296788
3932374,0.25414887020851634
3932970,0.9657147106064218
3933552,85.46213153375778
3933571,85.1958211609235
3936759,7.46357791937108
3936970,70.24789418113339
3937103,0.3003298464773974
3937482,1.2028155986621767
3937630,0.6792402964751919
3938401,5.674892244818546
3938956,29.161440113074786
3939086,17.063643525507917
3939128,1.4120194539595226
3939929,0.8435208225183826
3939974,8.896184555748857
3940234,0.3641930888086725
3942409,9.943153308637017
3943594,1.8066889322413602
3943630,0.27964910560026074
3943738,2.620160892367372
3944200,23.575272015973233
3944233,57.22688492946888
3944625,73.18183442579826
3945449,7.398856558694877
3945636,15.951430201140456
3945680,6.600540807873658
3945836,10.721026055937575
3946018,39.44530520509301
3946024,0.33723668341362056
3946201,7.543760987347446
3946245,0.6930984431495524
3949890,17.214634600765752
3950991,7.974024353206291
3951043,0.16439680774392543
3951363,0.4439312188716204
3952264,11.458568369643334
3952328,15.397229025909375
3952502,1.2910277600552922
3952676,0.2563958526702234
3952793,1.9758204921832763
3953585,13.732812012832152
3953602,69.52705532874057
3954544,9.52845489578699
3959177,0.8195860676734549
3959369,0.38612530551581975
3962389,17.56040700891131
3963168,19.564134464632932
3965787,2.6604018954833384
3967123,12.556324745188602
3967467,2.6767798053234837
3967613,0.24522297866460488
3967945,84.33404969148661
3968371,63.0186422309961
3968434,40.75001127906836
3968501,5.7813798567226575
3968742,0.5237638490277102
3969366,2.165026256758481
3969705,14.024714747404747
3970224,4.967489653611027
3970345,11.920134072182828
3970626,53.08245902702919
3971498,0.31643567048391147
3971534,2.5165974829219033
3971775,4.026943262615218
3971852,4.184668659514304
3971900,2.463842180816756
3971948,0.22395745114559487
3972408,0.9576255761581666
3972453,79.77213416094541
3972524,23.492489997866812
3974464,1.0992268160417202
3976928,77.4233630152554
3976991,27.842610006204325
3978092,52.83960206317019
3978364,5.2747727814821905
3978543,53.33824462609724
3978632,9.095426122764083
3978680,4.853975967034255
3979504,0.28230034847858293
3979522,0.23600379711406033
3979611,11.059875946628495
3979815,65.9700241927561
3980324,2.7798321709487337
3980611,81.21511253179085
3984077,12.537655845046164
3984207,0.29415273436536055
3984681,51.00119961091949
3985088,10.11120853628068
3985458,8.559205543973796
3985673,7.616064533668389
3986953,50.1704095425075
3987097,14.551918546783414
3987571,82.65857946272325
3987599,11.20759032285201
3987655,85.42750703142285
3989564,84.19807198636134
3992814,19.458185781473393
3993388,81.75427074575396
3993392,13.98912720236069
3993553,0.6688558101638591
3994287,25.52739691075924
3994638,80.33555958512295
3998498,36.25678900518982
3999079,21.15351610775068
3999735,16.374537612871457
4000133,0.4978854077276518
4000309,2.1324608476047056
4000530,0.16089462827417483
4000561,1.3280039854987848
4003179,0.25640027266481513
4003220,76.08932743547871
4003231,39.80163930456922
4003515,58.1254524729015
4004700,41.08955504748882
4004883,8.82368730728132
4006068,25.017549146285543
4007689,0.11355951641273
4007784,58.40611011333405
4008362,0.4510763502842514
4011323,23.318958747589992
4012280,0.11125511468590465
4012558,41.624030619668424
4013339,54.064310332710946
4013685,0.3009357992950308
4013920,14.20343832016739
4014004,21.548049662585544
4015354,85.25365705418479
4015422,1.928853048858555
4015442,0.34065489714309527
4016109,7.367331082149233
4016121,0.20778738540186448
4016142,14.581870857064212
4016791,4.676065169638187
4020957,0.23170853132235086
4021884,3.060945714968903
4021957,82.46051603257315
4023232,15.728592483972035
4023565,6.519665510045855
4023713,13.394558279294001
4024413,0.3581662528452279
4024936,41.9435389661914
4025313,0.3799077109278169
4025325,35.93728428951448
4025355,14.45405469523026
4025913,80.03776865922565
4026150,74.25126635333955
4031463,24.62856456413636
4031668,18.33967953968165
4033422,48.271703870382275
4033521,77.08993878548553
4033709,4.278557510985596
4037008,3.1017032227445656
4037379,0.4384250123349238
4037426,20.245663581853556
4037522,14.467576616082269
4038816,8.58748879887088
4039450,5.683981337582974
4040395,13.2918127846349
4040489,0.3576571748066507
4040900,30.08233815946856
4041351,1.1147638655448973
4041583,2.165153486695991
4043470,3.4455256863177675
4043830,19.537329665765828
4044625,0.314518994105752
4047638,25.476983786936067
4047751,0.21489580978059625
4047785,0.6204838167759161
4047795,14.777921154006027
4047979,5.372831413828472
4047989,55.50235047487891
4048013,12.717845292299018
4048043,73.5255827089149
4050765,18.20467798942534
4052514,59.86434036240218
4052771,19.56401999978039
4052940,0.11311083825599819
4053152,1.809762992372602
4053470,0.18684002532017852
4053558,3.376851914247737
4053564,22.841707135190198
4053804,6.391029634283869
4053987,8.63758909160999
4054332,59.00615688783311
4056741,13.85110514567329
4057099,51.9841626411813
4057361,4.278445994611712
4058316,23.97891723376437
4058515,0.37586668610752333
4058615,7.085461325077421
4058949,32.58782244092082
4059037,0.3562214694353372
4059214,50.25617781814817
4059826,7.962245282581922
4060149,0.709374707725327
4060400,0.2666288569343279
4060446,6.5884126613587
4060526,14.812506566443128
4060993,4.947870417848
4060994,0.11299141112637559
4061171,24.58136297442101
4063357,59.12670800772313
4065300,23.610969808114216
4066179,4.650692279263338
4066224,21.321435234205016
4067136,4.889059288460438
4067200,57.62327922548666
4068216,84.40812774259742
4068273,2.1883879648863425
4068760,65.98635568865674
4069211,75.75800387529107
4069228,36.950061010891126
4069341,0.986191796957874
4069363,38.99608358956554
4069584,74.26511542812703
4070027,2.4798957557775068
4070133,65.77962937790996
4070140,0.29524922523732466
4070169,73.38886035649892
4073641,5.827850468950502
4073957,0.3071556269897835
4074011,0.29222543215876823
4074344,69.56960777865832
4075252,0.11284480297305831
4075963,8.161351213315061
4076000,0.11612445435030042
4081707,5.651549315564359
4081926,54.641709797725184
4082635,7.085764619128375
4083049,18.177555702614693
4083306,51.959381143734035
4083380,0.2887079814858151
4083790,0.25497308832232685
4084541,1.8066712847454354
4084603,2.0199290830493495
4085413,0.37786055704194255
4085570,66.9709497124944
4085939,15.974129631689179
4086156,0.46620722230228373
4088506,32.910709109716024
4088979,12.198119201810231
4089417,3.893461599940887
4090358,76.36206577512615
4090748,16.555564129159954
4092010,19.670443176325655
4092724,9.201768286316156
4092751,6.558174621589185
4092796,16.116489355872844
4093053,1.4756952731135575
4093403,48.200128947439026
4093591,0.5625590658719323
4093885,6.2658229730052675
4095945,5.614067348545098
4096193,0.2074351587275284
4097284,40.357336762251606
4098052,0.3395048703803761
4098497,3.9170574871293686
4098642,59.47993095064893
4098656,41.694080925045164
4098814,70.17947172450697
4099088,3.7224984342557605
4099553,55.419815949458645
4099710,6.314715264457001
4102936,79.59298853140297
4103007,12.077914438785562
4103146,1.5505610942708075
4103165,7.747516368315613
4103323,2.813183171910039
4103528,40.15449214726967
4103623,12.061637116366853
4103974,4.232186701806699
4104160,1.872190162295698
4104264,0.5976946382906947
4104740,0.17944069216975175
4104884,0.39340180070976527
4104980,20.37497417775768
4105037,11.436025475037875
4106001,85.03828557180266
4106051,6.1799881820628055
4108143,10.679970306727142
4108658,3.4027971374946384
4108799,7.698320647636993
4108838,70.38288307742964
4108987,5.781339660283028
4109104,0.15395293722711878
4109846,3.6684169953843586
4110242,0.36594321370709626
4111353,0.5634485443540074
4111722,37.219232164909315
4112236,0.24687622233351328
4112322,0.24509477189937726
4112924,5.587989760682664
4113219,0.22952672348922867
4113459,45.240226789252574
4115327,43.617944706526686
4116557,4.544100824316278
4117128,0.8686935240750874
4117817,6.670869386473274
4118244,23.125687457838044
4119422,1.5444967165496173
4119780,12.706398326315748
4120232,0.4224823395508883
4120245,54.08039845795971
4121234,3.8771400160614067
4121879,81.83861292697358
4122050,76.6214312570281
4122052,78.75756004172433
4122066,1.9754222297615425
4122105,25.638613603685997
4125486,4.290547967983171
4125559,12.277216294949806
4125884,0.3949742707316362
4126073,0.4012510175458855
4126245,2.5197172255523506
4126437,66.834459968082
4126452,24.626642003725056
4126676,28.929435932412257
4126690,0.2781530554651803
4126816,27.676544025990726
4127402,17.030866819970278
4127524,1.3644066134062196
4128314,16.77478378789146
4128337,86.0546717854945
4129195,50.82765049546834
4129212,5.117023119191987
4129365,18.097662470890544
4129487,53.827980848804806
4129491,1.14317914324638
4129664,2.621525531953556
4129992,10.822988520753372
4130225,5.738687234415237
4130266,7.032207235887862
4130536,26.30253744069527
4131851,0.1723184633065137
4132116,40.2440135628699
4133713,73.57727834673842
4134035,30.15673916333665
4135645,81.6644571317332
4135674,0.3803837164847551
4135876,50.907904662443066
4136032,4.481771768235545
4136596,46.42755026050967
4136832,1.545336116804995
4137306,33.92409306647338
4137414,0.2266356690651397
4137415,57.196971461685315
4137524,11.46763993204488
4137526,31.202662497191145
4137681,55.71268774662564
4137979,79.53330865737719
4141567,0.6546970329268317
4141987,12.640883090703674
4142125,0.24345806373811768
4144162,40.49268803220137
4144849,0.2521227829577794
4145018,5.9305608849780995
4145301,13.415831580134059
4145491,2.6956680221108136
4145494,39.24454075619256
4146226,15.779449382940674
4149673,0.32766903791906066
4150060,69.95038972886726
4151641,0.1885676157910594
4151722,6.6317288759243
4151780,4.612808084017589
4152366,81.79256364648676
4152752,82.94448877583336
4153555,0.25233323607156927
4154042,12.43557603522327
4155012,1.88875289275595
4155643,3.7606181714964952
4155661,0.5534068156627795
4156015,25.40454561811227
4156239,6.847279202357847
4156921,70.84226912015286
4157064,3.6327531933001453
4157226,5.992194867601529
4157228,2.5038871148942197
4157294,2.0349582359777227
4157451,29.02869938390812
4157602,0.27291078738107694
4158078,0.36846313646343215
4161013,80.09818913038765
4162119,24.148776666715538
4162219,69.98528165127684
4162519,32.73257727551614
4162562,0.17307515091174014
4162957,49.98740286114963
4162997,83.25968437048616
4163020,0.3436590254350042
4163168,85.23357604741922
4163710,20.18606683237133
4163728,22.884153525432264
4163781,10.893649436716617
4163804,0.19985269142413248
4164931,62.90146723405081
4165037,73.3858011025436
4165038,8.979878098248962
4165158,0.5336567754466759
4166474,11.972657539141954
4166480,10.521561924809744
4169840,0.3200230729276181
4170372,0.2960843484359563
4170460,72.3025771074267
4171272,0.2493112704936823
4171692,75.95846545295187
4172551,1.376840503347607
4173038,8.746884822131095
4173107,30.090605069402113
4173396,23.307866368486405
4173622,0.14294580142554963
4173751,9.558712135699936
4173764,8.635982457753336
4173969,0.1902590686171223
4174286,6.229728541338982
4174387,7.871071529784922
4174444,24.30965442637366
4174475,1.220259497721673
4174716,76.6577036224474
4177768,9.658658530738425
4178830,8.042424925149186
4180818,42.74352280663238
4181449,0.11204228811571387
4181828,53.104387368069794
4181887,0.2512718271014445
4182262,23.248880873486534
4182771,75.32958485436905
4182844,28.981961692436823
4183095,0.014490918501443253
4183328,2.1616872437665875
4183801,68.82043114978684
4184577,29.33229591231185
4187860,0.22615302242223043
4187918,15.887524307302726
4188766,15.384977161463738
4188807,85.71355868882974
4188848,0.2388952441839501
4189428,0.31432485280758043
4189696,5.784294259117203
4189795,0.1742823126690969
4190002,0.9673234513236858
4190240,4.769922874772993
4190259,0.21691409993107336
4190301,0.21489666057832224
4190463,38.05779436898752
4191038,10.911890834135798
4191802,2.4475727381491548
4191968,0.37753134858474346
4194010,0.8172793879404232
4194302,30.768074863178832
4195677,47.10908598109362
4195902,36.27444115787353
4196266,22.826418592653308
4196308,0.1874510354084338
4197235,12.233984547172497
4197396,58.13194818290798
4197645,6.003162099839836
4197760,70.741734206861
4198153,36.42390459647583
4198575,25.43758310841883
4198667,11.11035409914478
4199123,14.161163320519831
4199156,42.08967330642991
4199411,0.2069024833332755
4199782,77.79701586186951
4201905,0.363401488947394
4202213,40.45775445842709
4203424,4.632940305967472
4203428,1.63063916660086
4203517,41.02809479828478
4203524,70.75960004814043
4203606,0.13848940025580173
4203686,1.39159168865222
4204024,0.2996353071258163
4204083,76.03505782049409
4204496,80.24184082808267
4205224,3.5043635394823767
4205289,71.34927210188653
4205784,0.3010703971130933
4205815,84.09318669393186
4205816,11.957403573376483
4206034,32.67225502903195
4206087,0.23100724098122238
4208547,34.13734312241815
4208639,42.09142447169562
4209182,0.6443891737152492
4209503,18.087288985687596
4210004,2.1054306768730773
4210232,43.96562640449574
4211276,0.4725210067916492
4211459,34.81661690791009
4212249,75.26864504544493
4212389,84.06106863088276
4214733,82.65309721175676
4214852,0.3999645556745607
4215595,50.75989365011387
4216183,1.6973716946818205
4216435,0.9876069089506263
4216813,65.52765817437839
4216900,29.5825334579601
4217642,6.941869910259173
4217793,7.2496438813159
4218067,9.815853627039319
4218098,0.31917928463801415
4218196,15.409783189206976
4218499,0.0633274858379184
4218929,1.444984542969064
4219851,34.02373157867748
4221999,31.972788987800623
4222400,8.439491291361138
4223782,13.471300498076854
4224091,66.69798311628789
4224391,2.4953518200544953
4224659,0.7985428213064082
4224751,0.2044105049280578
4225050,4.6072643418533294
4225738,36.37515736996882
4226098,78.50544433209822
4226521,23.323549535667958
4226535,6.6923587656251105
4226549,1.0034345480142322
4226864,5.069913839582938
4227161,62.68689001735295
4227351,0.2398819899485641
4227554,70.61135458508971
4227998,87.73814484579945
4228365,0.10724404994993451
4231348,39.80247997705171
4232530,8.436892517307035
4232559,34.92697514227689
4233025,45.74455562023542
4234072,70.56769149589586
4234332,15.523377842910941
4234338,74.2377239549057
4235150,2.420954016030116
4235620,21.63771464689896
4235843,3.706082942097824
4236359,8.155937098890714
4236725,0.7779019668361109
4240861,74.76891462243255
4240947,0.4567674949143917
4241028,68.74022173392282
4241195,0.551222053702384
4241278,0.4300008298983709
4241430,1.389659502559961
4241561,16.807397135663702
4243522,13.949960859464985
4244086,49.30341432238165
4244134,4.809695418874564
4244235,30.12169690211936
4244476,0.4481622665204455
4244685,74.0951551197151
4245175,9.128830658772026
4248788,0.7712508907257494
4249131,73.42110731276702
4250093,76.07707817494628
4250905,0.44903226045459876
4250908,8.663438785552307
4251839,0.2719621212511705
4251862,67.71253178576333
4251883,63.9975887305557
4252015,0.33885514936041383
4252172,0.23471899225074647
4252443,1.0389156417850938
4252539,23.280697257701334
4255703,86.96402540783352
4256091,57.85975918555428
4256114,7.970459464683675
4257078,16.5719981738943
4257081,0.38801184086865925
4257249,81.71549218970607
4257306,3.926452266158088
4257321,1.7311720648655264
4257343,8.089422437741758
4257354,85.51836895109204
4257392,23.070664856560526
4257627,55.00849211662289
4257892,68.44703406819905
4258054,0.3338314354058838
4258075,6.075136964137817
4258186,1.1261532873945717
4258603,32.05966242688733
4258867,0.22457750233066315
4261029,29.68758242263929
4261691,13.199838009071748
4261693,81.69837469200164
4261951,0.3068434689019384
4262135,60.35960422954164
4262248,0.11573598245985614
4262738,4.996929944671039
4262976,15.94636118907139
4262990,1.9716598695171663
4263072,6.618798089380633
4263330,14.28102543331639
4263482,0.5719879328677145
4263624,20.002761285321764
4263802,26.820159873643448
4263880,15.13925810670657
4263944,71.14884529047104
4264188,6.2837444901380985
4265871,1.9939068644235634
4267133,0.31900788231256494
4270409,3.8706416839347932
4270462,1.3197384591172316
4270683,0.6241898116101746
4270689,0.5927286589663888
4271059,0.774680668657178
4271119,61.30970173958436
4273931,52.57803989117863
4274443,5.57757254674143
4274462,62.169757833628665
4274589,19.560001197654913
4274595,80.10427061122408
4274999,1.3282243787581853
4276762,24.81038248468726
4277980,0.4665277251258516
4278389,2.453514896372591
4278717,40.84036162688805
4278801,0.9395913996170209
4279049,1.35743447502963
4279260,40.955019475698876
4279323,0.22501544413453878
4279440,27.862320876303272
4279820,24.60917997850519
4280015,4.1246344555429095
4280105,0.15985152456437063
4281898,67.09571076235727
4282178,74.41417138355548
4283264,8.104327918270243
4283462,0.4191103152147099
4284031,36.53622950482743
4284848,6.610058085738096
4285465,2.2266508508178107
4285571,51.25423365586413
4285924,24.32088135899622
4286196,2.9992880168283134
4286584,7.067606788466122
4286662,1.995547638916542
4287043,0.10851459383831119
4287079,0.11003176569299908
4287104,0.11234752755529115
4287221,71.01827164884088
4287605,21.153232773011453
4288276,3.6802927634443394
4288330,69.0494825986486
4291015,13.062875330019748
4292165,23.22744234020237
4293935,24.042138183125267
4294546,22.769613353023093
4294617,25.512564734567626
4294640,0.2130991849402621
4295004,10.216991252849771
4295108,3.4584553642182696
4295542,37.41584482332753
4296291,58.88187574837851
4296391,42.35734366050555
4296565,0.10717454607186785
4296588,0.10851459383831119
4296687,0.8656086487633641
4296724,0.25390646813708084
4296897,1.8372556292172662
4299536,34.73137741020326
4301625,4.678391798885008
4301678,0.7536720949528877
4302109,22.31791884483061
4302562,7.6141760021495095
4302685,7.850897766149275
4302952,53.40262097515118
4302970,71.61903085600629
4303730,31.682670141893436
4303825,5.279954653199904
4304369,13.789756356230296
4304822,66.96960659564778
4305044,0.1285870198231775
4305200,15.458479468770076
4307289,85.53381153358792
4308612,64.67345834341664
4308779,11.599314610146093
4308798,44.16730577271489
4309079,11.235740538295861
4309384,4.867237567179928
4310169,7.27427424607747
4311233,76.97879990008028
4311532,3.539589608419871
4311917,15.790513935955863
4311922,1.4247865143138727
4312298,6.829444534509671
4315579,5.424497546917109
4316648,53.44902528735783
4316987,28.127906802141123
4317815,9.689743422969821
4318362,49.017077402484084
4322054,0.42080034568709496
4322146,17.716246883695433
4324007,1.5890234403223151
4324129,7.639862996594515
4324166,2.9712835921706815
4324222,0.5581501477198829
4324388,76.83235728431738
4324468,0.32680696654495045
4325124,14.477966164205062
4325134,11.470906766804923
4325220,10.663617598447411
4325244,37.28488489308861
4325480,38.26375882494977
4325538,0.19601323869037596
4325724,0.2094519738009233
4329822,1.4072318894152134
4330061,10.22503665384722
4330251,27.672855161745822
4331582,10.942109992270385
4332102,0.9028152153824878
4332249,2.459551881968989
4333204,12.569608022955478
4333628,10.985968572467629
4333942,5.887553295099358
4334013,66.85756511636203
4334267,0.18297846582485375
4334446,65.0406231270212
4334513,0.24906308038324487
4334735,27.11340718736166
4335752,2.314757514019068
4338548,8.197536136232639
4339188,71.681057954082
4339690,51.58317027276773
4339924,79.40281343613186
4340161,82.69809722514033
4341158,28.92747614984457
4341477,10.785778791572188
4341664,56.703714920833924
4341998,0.4597146061047768
4342304,9.720324875548442
4342491,0.35925253806814855
4343285,0.3361596812257587
4343401,74.13184900019934
4343474,11.046248638014383
4343597,0.18963354826043852
4344220,0.21605073978117556
4345691,60.66131035932323
4346933,0.5967661746993488
4347285,3.16193660571914
4347410,9.385463664827077
4347648,54.69161619566219
4348062,3.9875387337585564
4348161,9.230014133358875
4348826,10.543565118117375
4349358,77.04562536207145
4349666,0.22908273905722698
4350391,8.543659782352224
4350574,0.41408763280420446
4351166,27.041709671486146
4351262,4.749227704059639
4351563,0.20418708370078842
4352537,13.751788050356323
4354764,51.31225619864956
4355876,30.796348037321092
4356329,6.874171823862193
4356687,7.021172256226405
4357014,0.23208420954958991
4357134,0.21718912134911741
4357298,0.20579876477396622
4357464,1.2981841754417485
4357892,21.257003510027303
4358526,19.890486320280047
4358619,0.825219926565908
4359109,81.13013344385242
4359219,9.924022390478706
4359453,32.95961489688766
4359930,0.5360386620697808
4362345,5.23033843580898
4362570,63.6648697135012
4362837,84.04127294438248
4362992,4.758246766330059
4363116,4.114014122423501
4363693,1.2029825439983137
4364573,8.528206637417162
4364591,49.891975019707864
4364789,0.27800299703209363
4365018,0.201919499875491
4365179,28.06242526199381
4365328,15.995004295670018
4365545,0.137981874115777
4365833,5.211696604590791
4366792,15.79589644789237
4367233,1.0679327431437502
4368547,29.666898789935995
4369737,3.544542240207323
4371673,1.9214986685248059
4371855,37.36307883444651
4371878,50.2221931105096
4371917,14.245562385384357
4372055,22.845738471482488
4372068,30.135977935547654
4372125,21.975249745397896
4372158,13.462587225390113
4374913,74.06728497807494
4375146,0.25025821089746747
4375375,0.3510720235463531
4376144,2.3851480887748018
4377593,6.723538025881231
4377929,77.16209963256013
4377999,0.3071744506440431
4378016,6.369451521284744
4378437,0.2710048334949805
4379181,77.0421474997321
4383457,8.04504213466676
4383838,8.5932359943996
4384035,83.45161114988471
4384442,11.52231303810155
4384643,2.69055986286708
4385990,3.882517090275793
4386187,7.381694306865997
4386598,83.78353792631647
4387007,19.108460740181698
4387048,2.971246565377253
4387234,0.6640444818898136
4387303,18.055850692579483
4387491,0.3031059969140756
4387507,5.256549303316451
4387684,39.78368230649367
4388617,0.40974827680460507
4391869,65.25883680311563
4392250,8.065430258140587
4392402,0.34272580114506196
4393057,6.790544438534378
4393126,1.550978969470439
4393502,20.824150353415412
4393519,0.24708026207179704
4393628,46.316936919514106
4394977,61.21479344558734
4395118,10.422280394981625
4395303,22.72786140964312
4395490,3.3075871257361653
4395749,1.3005535818860132
4395770,0.9773261702244844
4395814,6.729839627317016
4396106,33.261214456137125
4396142,42.01163710263231
4396143,6.5905494949667345
4396299,22.414651506496725
4399625,1.3372672086165753
4400795,0.2553426257265233
4401013,83.88392702617766
4401396,6.7780195209498935
4401441,1.1228542905593428
4401674,84.61648017914048
4402064,2.0023184673591405
4402117,40.538530210448926
4402422,34.02974274977799
4403159,0.32188919308384023
4403831,0.04684234388088841
4404750,0.6378303289010296
4405946,41.02635198216142
4408381,47.15212070493394
4409074,7.52806632636826
4409328,4.372636997742862
4410369,0.11133285462125853
4411927,0.5002874511759791
4412012,29.189114715418963
4412247,0.34722575698176095
4412332,9.246534896113486
4412479,55.03177394261004
4415123,1.1553120205786374
4415259,21.377397045899947
4416190,49.50973465662464
4416761,0.4465907546375019
4417302,12.341977825891432
4417482,75.96190535672233
4418326,5.606775366495729
4418714,6.1354840385851634
4418966,30.26980062323444
4421355,5.9494034623449314
4421679,14.214428170292853
4421826,0.20938706033535212
4421991,0.3042977115831632
4422017,0.3465001282211107
4422375,0.22998859862319737
4422494,2.4590241849259717
4422602,0.7912595873349998
4422686,87.76493025693782
4422975,0.39843253387416305
4423052,57.95257804706607
4423566,15.93604213285919
4423782,1.7030439062214213
4423814,0.2737547368181408
4424103,7.21543903794315
4424261,20.669099757136067
4424511,84.62135990167711
4426877,14.337543673631089
4428140,22.2756685401802
4428477,34.51390608699474
4428906,5.704273701568361
4429136,16.54747434935522
4429685,2.185338476565208
4429816,13.222888228894982
4430179,0.7620906140184768
4430452,23.798477375226206
4430645,0.37350622814301687
4430747,3.6919253393613833
4430769,0.2851293261902059
4430808,72.86339888427645
4430937,6.5712245518616665
4431202,5.28073884126583
4431247,38.41950732741934
4431609,0.13031406366234694
4434943,56.52083022665946
4435213,12.159857936552115
4435766,0.2557846232692674
4436686,0.17292010482921605
4436957,5.0892900555375595
4437053,52.13910696546416
4437362,1.36632618705862
4438243,51.530448384499834
4438470,40.753411527624856
4438931,5.267472979368537
4438996,43.37703864066863
4439528,4.646040348162832
4439774,0.15878074969592013
4440000,0.2803079871967806
4440176,0.5236728523180871
4440181,0.2330182317593606
4440432,10.712340630205128
4440611,8.412786832508498
4440773,0.40360639367503176
4443012,0.6717373003428851
4444051,20.849090057615136
4444204,8.247477027722352
4445185,10.262647454143911
4445613,5.907130109524507
4445954,14.326652854090296
4446024,3.3596036025867173
4446636,0.15247863431240946
4446802,49.53167816399527
4447203,29.081167879482702
4447524,5.59885866128208
4447545,0.32306735631372574
4447611,0.24272270936764595
4447845,1.1108511419729106
4447904,4.445223781695843
4447910,16.54516906329897
4448149,3.08047882913321
4448668,19.1786796483532
4449058,1.9285409148653827
4449144,13.385745547272986
4449377,78.30792679914903
4449611,3.3331763770206133
4452723,44.29199121202071
4453150,3.586610456339731
4453263,0.8076501379329961
4453406,5.078549842519732
4453929,0.26934249197576743
4453969,15.264004217540188
4454031,35.987455912351486
4454841,41.23898169206872
4456004,10.00438021334632
4456094,30.49082848407327
4456555,15.179025728313803
4456880,34.17472554412175
4457015,0.7413108421251263
4460061,5.108679943348774
4460160,5.157089956286545
4461909,12.87508804087924
4462365,0.11289698506302885
4462491,0.36507597829381117
4464402,21.26277588167381
4464616,1.9835078358854494
4465319,0.23716563439712354
4465420,16.49092224217624
4466644,78.93945462765817
4466780,31.532923921670946
4468043,2.0301421176510535
4468513,19.2682580049449
4469264,63.612652915826295
4469455,87.34523859808688
4469650,35.94906676382603
4469679,0.40817290226494607
4470166,47.69069626662071
4470810,0.1679489714455311
4471358,62.047970987308354
4471485,73.99341925537668
4471513,69.56299849192584
4472904,13.922243317405293
4472978,32.82407065672073
4473156,79.09624952871232
4473239,34.95008786759705
4473489,73.14856423543027
4473722,1.240114505165997
4474258,67.61607532804149
4474558,7.684785801277072
4474958,85.05457858048511
4475003,4.331940490237549
4475739,11.155650235980048
4475778,50.197978593005026
4475786,25.671025441297342
4476119,49.28978810783891
4476620,1.9588823874084935
4476745,16.51293177809663
4476945,10.19497886269594
4476998,5.814987948354434
4477053,2.46490292651733
4479418,56.1588028767301
4479556,0.289574416157798
4479700,68.99620747886686
4480308,19.506113233792682
4481295,77.07615966429563
4482166,70.2447616983807
4483117,54.98939996517745
4483361,0.585802950940528
4483835,8.298841141445847
4483867,56.59677292918154
4484212,2.2612995531668063
4484310,52.86910553121049
4484324,47.429315501653846
4484526,18.78950824711398
4484620,29.907038708720048
4484663,74.42938209322378
4484899,0.2035698895878816
4485031,45.86772289743239
4485286,0.5710747899298458
4489510,0.344049134701132
4490107,1.4759579210413878
4490268,73.54249930173184
4491143,62.38658766848199
4491343,85.9890053974442
4492244,20.04268233973601
4492345,0.5457929764364314
4493385,4.606321352337755
4493658,1.0228550937449057
4493937,12.8795128828387
4494178,3.488516552732146
4494258,17.957470351869596
4494364,33.12485082228224
4494581,57.79598930896647
4494582,58.77753980556868
4494588,0.9731268231305922
4494688,3.4850605464936946
4494795,0.24002495736924592
4494805,48.339332091632286
4495026,0.23183149408511267
4497294,0.3304234504836258
4497963,0.19824555526305074
4498288,0.8802899342251284
4498688,9.990501811099282
4498927,53.58946254984589
4499340,18.10944862507563
4499498,35.777905531995536
4499976,30.761887366938467
4500530,14.888921937711414
4500615,0.9477467029671284
4500806,0.21849833195935914
4501410,8.657555643011694
4501541,46.11074293150064
4501901,0.22920868065806282
4502002,9.737892052758617
4502545,10.741791347477582
4502596,82.02200504038031
4503432,35.07588726874516
4503742,76.88352999955166
4504302,67.76590621448729
4504353,0.7221701521283403
4508587,0.5386070795529521
4509100,9.664096451664788
4509357,23.127881888750323
4509694,0.9494369965589565
4510263,9.99139154723518
4510305,21.89406105662245
4511607,0.7138366488678216
4511780,30.622249314661577
4511852,53.133350225907414
4512045,2.5641829858357457
4512109,1.4898800639219276
4512329,2.129097689624207
4513190,0.22801820016460667
4514042,1.77359021767209
4514186,15.105385488231606
4516766,73.32276399587698
4516791,0.22587887961649092
4517117,40.905362509829274
4517177,21.472430793672395
4517456,0.6168171920145591
4517673,8.017909128242831
4517853,5.875953152758097
4518173,0.38224061157854855
4518242,0.7555164789648048
4518420,12.763391991034986
4519633,2.1616035036214027
4519764,0.5446949636555761
4520113,54.67432105081679
4520240,14.970577726548223
4520941,40.229290843987755
4522869,0.19329928398708135
4524163,0.8187893871179492
4524952,14.68616316365689
4525011,4.780793832922973
4525438,0.9571797137599645
4526825,58.6968730277461
4529692,1.5283351514221883
4530101,16.66576031810522
4530154,3.180466394528608
4530160,7.657871083963219
4531110,80.59425969229916
4531156,6.009540375297019
4531311,66.11072052346745
4531455,49.18269137324798
4531484,52.22870916287299
4531990,0.33940259744758405
4532202,19.48248653323076
4532435,8.886570882615827
4533010,75.83529421438176
4533140,12.729990899100196
4533347,0.2508334019980287
4536637,21.191161361619862
4536674,2.4219239378185944
4536960,16.595757481990407
4537198,7.212653773150349
4537389,0.23633747014744366
4537679,3.976887028680204
4538140,3.7007042751910237
4538238,21.871869818235734
4538274,0.17246287515627742
4538345,1.114130965154202
4538365,0.7691397253366701
4538739,7.6759580393202045
4538901,0.2245512779569036
4539040,24.523555919707622
4539393,11.744894035163918
4539483,6.880332048326523
4540225,1.4088395147095865
4540408,26.210689272152553
4540478,0.09716385979559998
4540661,4.562500308460977
4540667,7.837065575259214
4541027,62.50679730865639
4541080,0.4450726948924956
4541089,8.060038241517919
4545430,68.35296292900948
4545585,10.928853955055995
4545620,0.11018751711495899
4545881,75.58670817501093
4546034,11.148221839391683
4546074,22.955560793980567
4546146,11.238055935168985
4546153,4.2936894315583105
4546490,15.25407049422351
4546609,0.514124851964077
4546723,0.2784456810470344
4546909,2.1126069557804787
4547143,0.2369072063105588
4548296,4.206520866234866
4548313,0.5409623648558789
4549155,6.618026869334402
4549248,0.2511330229773318
4549552,9.387853457848562
4549555,11.358814962542937
4549930,28.834239883184438
4550097,20.00190157637322
4550272,0.24299110931516804
4550557,82.50003406349454
4550602,62.868748026527804
4550747,19.98097356579806
4553528,82.50606950361565
4553554,38.24862668042849
4553721,53.56281868745663
4554213,17.57409501025812
4554219,0.18917057781633168
4554220,1.7779417948951306
4554252,53.63306822549557
4554708,6.265601235804447
4555149,0.33103778003008494
4555241,0.3504105608018769
4555351,78.08779169747925
4555470,26.295860793978242
4556285,0.11441594149882055
4556313,9.705879047106963
4556508,0.6389028530342167
4556564,0.9896552669181399
4557370,5.779899884866886
4557907,1.8041742982434215
4558483,81.06688151140841
4558597,3.1696522925488666
4559096,82.99325699028138
4559134,23.19886466860248
4559138,0.2646009478122335
4559208,9.894431527932987
4559338,16.517334683198495
4559341,0.9838082808287735
4559421,6.100704035854662
4559590,1.2420863955434898
4559867,0.30448285116930407
4563365,3.5070270746327776
4564292,83.42562665629438
4564840,58.21548229607432
4565032,4.03782269989231
4565076,0.2595291856168834
4565734,0.5558892502950004
4565976,5.945373160967398
4565981,1.3292262819689982
4566240,4.956550686270588
4566340,0.2803128964398637
4566546,6.983992390628842
4567024,0.6497812329093212
4567433,68.28757536971787
4567541,1.2636122603888071
4567765,49.22035604434669
4567769,1.5592296658906009
4568184,0.2634421678140511
4568225,6.0662053568250744
4568228,18.760266675376077
4568238,18.64027894642113
4568601,62.802270561006985
4570993,3.6766714871052435
4571445,5.391303574414908
4571518,57.19351029052886
4572443,1.3124708146732869
4572520,0.14586679895414567
4572920,33.372388035578226
4573354,2.104593962437939
4573411,4.041492975708
4573484,0.4226719387124501
4573508,46.104717386793666
4573555,3.0577268337500323
4573564,10.513819430888061
4573728,68.59594087394689
4573897,59.441424521454955
4574029,19.25811871075081
4574189,0.2402572358642536
4574551,72.58810726867785
4575364,57.78569254571928
4575369,12.32377086478212
4575689,5.53545695803891
4575968,13.73379585102019
4576231,42.79737379671082
4578471,0.3446817434767085
4579151,4.000143527396195
4579314,3.0198273383201184
4579642,0.5756842849227644
4579780,0.3609715667319044
4579872,2.1277451412415163
4580594,47.59465772192407
4580643,5.149692605045891
4580689,40.40469859023194
4581368,24.227401396071354
4581528,1.4332112384770874
4581556,81.83960617699168
4581788,0.2172839627189474
4581942,0.23795416973946332
4582781,22.644070982948502
4584944,20.252080439299945
4585979,0.8898941811222771
4587050,0.13845940445516022
4587321,0.2342618684381439
4587349,0.19057227468692284
4587361,1.8849569738405452
4587898,1.6124275240271497
4588575,1.6196263160621713
4588610,9.873223418481953
4588689,0.23949623137618065
4588978,15.303487211160903
4588980,74.06124803398575
4589062,0.5122919283704566
4589150,4.166555589042543
4589390,32.614977844316684
4589576,7.515393027378814
4592475,0.30884799323309053
4592900,0.6554131116933727
4594389,1.7709340763919452
4594620,0.45668843163375394
4594970,8.945702901903632
4595090,41.154242331626385
4595344,0.31925245626720694
4595519,1.019323454150705
4595609,0.7030914123440787
4596631,16.72230573007554
4597107,8.637149040978997
4597637,27.82468648620801
4597780,2.916142530329159
4597879,47.69739145287272
4598236,0.1684486463571346
4598265,84.85867315284861
4599226,6.782511596112445
4601325,0.8946549492042981
4601637,51.717279389755795
4602003,0.2016209690867144
4602440,1.4055137425786106
4602978,0.9510845883734638
4603012,12.521710165647928
4603551,28.011204592190275
4603817,1.3649421524259664
4604151,0.10999800837037543
4604522,39.15291867242619
4604699,3.0477506272646115
4604851,12.716121929951699
4604991,48.737339473631124
4605071,0.4913479004827886
4605747,0.9689375227846762
4606204,60.63408875463694
4606368,65.00465946460838
4606385,0.5286494906566704
4607272,0.4107506356502835
4607403,0.4324601659686266
4607462,0.22473021166373308
4607486,35.0186003255052
4607923,27.717091156393433
4608139,73.66405850008252
4609521,0.7859504389830931
4610675,1.6600890256627694
4611203,2.6421952356954126
4611256,0.23451779636520892
4611295,0.21768947441929598
4612341,0.9753873216280293
4612401,0.21978577735456464
4613084,1.1732925023845744
4613372,14.678670642310827
4613681,1.9898554381060949
4614192,0.34229200214608235
4614435,0.40089771487119336
4614525,8.983854918596323
4614674,0.3068797636577758
4614838,6.622481782565853
4614905,13.876297331988617
4615631,44.091952070112974
4615637,8.498096064216828
4615713,3.926216826348291
4615887,0.2621028719752843
4615991,19.570095175265322
4616131,47.41037686014304
4616254,26.594959299393977
4616285,11.08883287903937
4616372,0.23499795352710037
4616452,3.109531276922784
4616721,53.20561544203441
4616759,0.25851137034375543
4616923,1.5758770592012314
4619964,25.86231337884389
4620260,0.9904565925987941
4620262,16.525666312782523
4621618,71.49159512724842
4621823,1.3849535786980505
4621923,10.239826537082134
4622005,10.029098406413755
4623696,0.3076884333825917
4623771,51.13545107652712
4623867,15.320758968734198
4624141,49.942565379133086
4624521,11.516494898624975
4624657,2.688007032410728
4625126,15.523509725662446
4627590,1.1036561018581976
4628291,1.5082439830694796
4628507,1.7730451924214763
4628511,0.3822624325953707
4628804,4.548015590285158
4628885,0.4725124363868788
4629050,0.6597237082103318
4629138,12.314926437962745
4629595,9.941627138204199
4629685,52.76997540434535
4629726,0.7310528010613704
4629753,7.352437329165204
4629864,5.794471579661082
4629981,45.44549009079785
4630065,55.86762994079889
4630265,3.929945754988536
4630486,1.2499991512139297
4630906,0.9922078226522948
4631131,0.32206175535354226
4631365,0.12084847162970094
4632284,2.65288510214349
4632644,2.8529305987326
4632661,4.76629665733904
4632705,0.3853989915837516
4632787,0.19963156937019894
4632795,8.632663015742933
4633258,6.145436436452172
4636107,2.20610503848878
4636323,0.622139628850025
4636874,6.159700210289244
4637146,86.0060633185215
4637470,6.415356247126782
4637858,16.619373309730467
4638086,44.681682410401095
4638668,0.2597108375420369
4638838,29.227947336922792
4638967,10.542635835889577
4639185,5.7502771151460195
4639866,0.24277710423751814
4641291,0.8863088464416233
4641406,0.5900795400555198
4641610,0.5190269075072718
4641843,1.468721269935466
4642269,12.162185933185473
4642354,3.8062046150913553
4642539,13.993973586164545
4642913,5.183746830984248
4643163,0.5035175714960214
4643192,6.05779825594659
4643252,6.254517399339941
4643420,31.201593693229785
4643977,3.129553593249948
4644674,3.230421895035376
4644828,8.294199986826296
4645170,67.23303098305499
4645285,6.197226264841051
4645824,0.3672902058033741
4645969,69.78632081867192
4649003,64.66843247429728
4649331,15.696144130504189
4649415,0.9943328475495268
4649468,15.523192374105435
4649799,0.29866762218817605
4649871,64.16464355167105
4650662,2.320101215769956
4651447,11.713980500353847
4652625,2.7238533006913155
4652629,0.11232426326547353
4652729,0.22071477455210037
4652793,11.5546594140347
4653025,0.2322704360531688
4653187,0.22708938764351452
4653196,0.4308942203625738
4654547,12.398793955899446
4654712,64.35108266836173
4655098,31.033378657479286
4656361,6.874002073938401
4656633,13.446181093709482
4656835,1.2394075504139919
4658293,0.8531921513003028
4658793,2.2970863272642634
4659046,23.29215248715195
4659661,7.748208455111047
4660386,0.22589877033169
4661464,47.67119104515825
4661662,70.90449661170328
4662109,25.58905381716436
4662158,1.087122491297972
4662174,3.9729373888585333
4662215,2.2573199682967178
4662638,1.2767165319969418
4662679,12.792567827083333
4662840,0.39160045342457817
4663310,35.627959131566215
4663664,24.321583128330943
4663974,0.14874502044553067
4664672,56.964364368664796
4665192,6.1263321674852325
4666794,0.25362496637674714
4666928,2.164052615476907
4667148,0.26486651296393854
4667362,0.313796205598322
4667707,0.5442832325752601
4668178,8.813511147311651
4668298,53.62420148167978
4668620,5.428567293501755
4669962,12.004392840998186
4671475,78.60815823991226
4671552,0.3935070811543461
4671824,19.033372831273947
4672059,11.794353190007204
4672445,60.89383549742199
4672452,21.99319615793139
4676650,0.17312726423552532
4676969,7.221270000932237
4677002,2.8504817708225305
4677056,2.0046908853979932
4677469,0.23717259082097591
4677544,3.4005290776898947
4678487,3.533079204665509
4678641,0.4907617965080628
4678795,0.23860205305057341
4679325,0.45110637798487696
4679492,12.984583658173086
4679967,6.725686536567357
4680238,4.676514843847332
4680566,7.40910922541261
4680752,26.164848764891776
4683432,8.233578962996685
4683780,2.7996085250741163
4685580,4.4767233216333855
4686657,0.3057322497260075
4687730,0.23477420201521632
4688091,1.8511795038639036
4688639,42.23275301259686
4689766,0.11839810689487347
4690677,0.4727805395816269
4692471,20.414366422255405
4693217,7.611566726285222
4693855,20.739125731846393
4694224,5.984837149635038
4694228,84.99667688527553
4694480,73.08239073488005
4694519,0.13393112611270966
4694538,54.662884018463785
4694622,19.527724480448015
4694625,11.068885382711098
4694639,5.51443254237957
4694688,0.24018580741638074
4695243,5.820724389768816
4695408,5.3752986267607135
4695428,83.75663991378534
4698079,4.203404685686646
4698314,0.20909546923847955
4698334,12.638749936392136
4698451,0.9031519831780587
4698567,0.28332610517018536
4698664,60.265152998980014
4699609,3.56359522919953
4699710,4.96540040880325
4700082,2.8668027625628456
4700265,0.2663360514769821
4700565,5.1425738153901355
4701370,9.380780962986517
4701414,0.5217055983920162
4701425,4.569898266213785
4701892,0.24887789343367178
4702264,1.210281487018065
4704513,1.1963237781485003
4704939,0.256963961239255
4705195,60.635608081633556
4705670,27.218943785687948
4706241,35.26586240466173
4706375,0.310057919371658
4706641,0.6148204232865658
4706957,0.54097753592155
4707077,0.3340304343410122
4707159,0.20838502739987314
4707247,6.143115987251197
4707262,0.2669002276486607
4707285,63.715087963270996
4707667,73.97196518919272
4708279,40.502857393195875
4708314,8.791032542541805
4708609,22.539476648045284
4708737,70.73764476407382
4708843,4.784161910477216
4709274,1.5777021432940361
4709477,0.32754239085516806
4709543,1.1030808215704564
4710102,69.42652617506319
4710190,15.67508650811702
4710393,0.7423343519959713
4710488,0.2796307408431604
4710572,66.54834053732556
4710817,48.30412285870284
4710819,5.86192280708855
4711148,38.345607557418624
4714600,0.2862354773041283
4714662,3.5597416088561693
4714745,0.2941400281621948
4715621,0.2618990734497276
4715692,26.67545839218082
4715693,0.23475351941889142
4715731,1.2421800060311712
4716086,0.24873340142340825
4716349,0.2138802526176672
4716376,23.45385456757063
4716574,0.8507748477998717
4717237,0.8702743993127834
4717239,0.7088073308156022
4717267,6.760371259219966
4717440,29.7132563846381
4718234,4.852860262224979
4718452,23.67983523206062
4718747,63.91858431049977
4718978,28.772630666857353
4719231,0.8402402348286702
4719825,0.23562617177613487
4719918,7.85351847423795
4719931,0.3452454289462676
4720086,74.02610993337657
4720101,0.9235013232887875
4720231,0.6880047852210233
4720274,1.0984743982209475
4720326,0.6404701402330035
4720349,1.28618690672523
4720414,81.82524899481923
4720506,0.2225399767857264
4720652,5.103387945306613
4720725,3.7378852850665196
4720783,6.716549809244932
4720789,0.24347691236921157
4720889,71.8299690512737
4721069,2.2540910618949894
4721439,9.789385375376943
4724661,2.664171108251109
4724857,0.22306170140720313
4724867,1.1737447530899587
4724943,0.22684364116282388
4725034,5.068501384769167
4725251,17.050959573612655
4725438,47.35988593597818
4725525,1.7267135497860417
4725949,18.169553809661004
4725950,0.8276648587840952
4726448,83.64418279696697
4726477,10.592250950548097
4726737,8.140677009346009
4726893,10.837273500738993
4726930,0.11594749271996972
4727222,46.50963924049408
4728060,16.86540230302534
4728092,5.99857036422994
4728648,30.92661477626615
4728812,30.542731795873262
4728949,0.2935985093764627
4728981,1.9357595012820148
4729008,1.7717994530820584
4729477,1.406342775387246
4729579,0.14258118226165775
4729714,0.24891097403223314
4729796,1.0812649647362682
4729854,45.17651345057186
4729927,10.41742236249604
4730021,0.25804054727322445
4730857,0.6095399462360517
4731947,36.03964182389517
4733608,0.22963507524058108
4734343,22.580098619985517
4734488,7.710266457279055
4734544,57.11990061206536
4734691,0.17813691022278394
4735483,8.193424801289153
4735506,0.20413221222571448
4735688,73.91570701997762
4735847,68.1475461995413
4736087,0.9000286463649014
4736126,2.292232088100998
4736255,28.042784096291726
4736480,0.2847576410681083
4736912,0.4067870410602691
4737133,4.531270068449834
4737392,39.79797164360306
4737830,0.26559176344016183
4737930,0.4228862351891822
4738075,2.7385387622218413
4738229,48.657857159102626
4738250,1.5123180098136437
4738271,2.4616746306849624
4738391,7.2270074390956776
4738406,0.9334390720102798
4738440,13.834238008796007
4738464,6.107931708737066
4738489,2.1276804763591133
4738590,12.032325435485308
4738646,1.8705945905598849
4738814,56.68421842574511
4739015,1.2651278065591676
4739557,11.555366755711871
4739703,1.4189252495623046
4742068,31.948430003896
4742102,15.546969385649707
4742384,6.411811639892469
4742579,0.5829227130414595
4743172,0.2545224166258255
4743338,6.8076773468079805
4743840,28.63302869226651
4744192,66.83545039122302
4744496,16.17613612554801
4745212,0.21737043210201976
4745419,0.3924391036172041
4746336,30.696443589930862
4746363,60.952939817437766
4746995,0.28754787528074416
4747001,1.5073702017524726
4747011,0.5674261453201708
4747059,2.5520642245659637
4749192,0.33774300524374296
4750486,78.23250944200896
4750578,0.24873125028040155
4751787,11.824535192840836
4751861,3.9151239563241145
4752519,73.81887828036156
4752749,13.946738934459876
4752870,82.93963100689678
4753280,0.11616315684132016
4753400,0.21566092963507524
4753434,0.5736248946793201
4753571,6.773592262983986
4753639,7.159150615869669
4753918,2.403433409946913
4754132,14.251071364996363
4754406,0.34952102641319455
4754646,0.2543628606033666
4755815,43.51135916541142
4756551,78.61550763105339
4756578,0.3428941095790147
4757176,1.925075209072113
4757219,0.5980949616931411
4757501,0.212593924978266
4757662,3.8738983623786454
4757941,49.479716321763334
4757984,0.12166542082398286
4757988,6.809913759855693
4758028,0.26971495123997313
4758063,1.371265554286093
4758405,12.344204477682492
4758877,0.21769180858022888
4759145,5.902716758154283
4759499,7.556301166342646
4759680,2.2648381241678757
4759687,3.7287906205661807
4760053,0.23815569259960356
4760085,52.841080643280456
4760207,6.467333227673023
4760504,0.2887478444494606
4762718,0.256132457475386
4763342,0.12082518071214879
4764120,1.0624468013224433
4764643,2.0447638444179317
4764646,1.8969460475519804
4764877,8.310537007971005
4764999,10.01780090166431
4766198,0.5610698866147341
4766218,21.459330496718508
4766262,18.387443681804704
4766468,3.3454949103378917
4766516,2.2408773186371427
4766699,1.0997832032603203
4766819,0.23049521893499877
4766903,0.2501171160418198
4767139,7.636437053405168
4767213,54.892994962409446
4767328,15.798236224828257
4767537,47.80676902032545
4767549,6.466583836276637
4767942,28.960570383363233
4768029,5.804114982757148
4768030,0.2088787811095335
4768321,0.1789735785188146
4768574,10.006216096115807
4768982,0.3080320255004946
4771229,0.6071643925041686
4771580,0.44175244543656683
4771642,8.161342765733023
4772123,1.3259830057208855
4772358,2.0367120325640977
4773463,0.35090325164154507
4773677,0.25843457105131656
4773998,5.331782863825889
4774041,51.06949286175672
4774056,3.2033947842083172
4774190,35.091880496466715
4774283,8.32657103039335
4774338,6.464144947981486
4774629,0.2197980360009909
4774924,28.0015635941463
4775547,65.26338168797467
4775584,6.533504024524562
4775614,31.99859031671968
4775995,42.277207131162164
4776045,5.502496663804982
4776101,0.11292684489121285
4776437,42.694658844340616
4776645,3.571116647478155
4776753,15.083347931237077
4777236,12.617203531791064
4777269,17.736244927201163
4778077,0.470598953897611
4778260,20.100545968713714
4778312,4.349807414620943
4778638,8.922202352043453
4782243,6.011882535739564
4782252,0.2158596502671843
4782569,31.888012326908395
4783057,50.36883070846078
4783614,2.0692316904424874
4783674,0.2166465358426291
4783738,0.41787808268035864
4783756,51.56254909994515
4784037,3.9370424023807837
4784114,0.20933697865430026
4784211,4.171321796213734
4784224,1.5194179245803074
4784432,83.49302402354598
4784699,15.308436609338534
4785149,10.335702431447437
4785755,8.52630858556126
4785856,3.020555571800156
4786030,0.21275199072752485
4786440,0.2694166794441313
4786442,16.666427276193186
4786818,3.700789915331083
4787040,2.977044573255105
4788812,0.22706921125233595
4791542,0.27943551345430123
4791964,0.2808693317937301
4792342,22.92700956759182
4792705,48.551821961385244
4792748,59.08013152536359
4792908,6.40625537636018
4792991,6.886945860066773
4793075,7.213297280791044
4793240,55.642391410500615
4793637,51.992764037039706
4793763,18.45371005931893
4794039,9.419288508165835
4794247,8.317590098005024
4794353,58.768677359771786
4794806,20.957963795848606
4795029,0.29362331847347656
4795485,0.23711866105744894
4795500,1.6440659772528383
4795523,84.73261981820802
4795922,4.238130716829948
4796070,47.31360017677087
4796220,15.651268341854802
4796255,0.5030940410087921
4796297,12.594019941716873
4798794,0.31709339033067635
4799245,0.21342281970089164
4799751,19.931971441092635
4799850,15.930471561777052
4799897,0.3138348918474359
4800195,0.3443360684835205
4800262,7.7986253035266735
4800397,15.148202327923894
4800551,0.25997694103762836
4800866,0.33009863151927604
4800925,12.056914290141833
4801638,16.791824024124946
4801661,14.601165982562494
4802374,14.73085756363207
4802405,3.3439174844449
4802574,0.5592383717393613
4802855,0.980197574345908
4803048,39.14748359065693
4803118,14.820392806527757
4803133,0.44423090977139834
4803137,0.9055340696679922
4803623,0.1586535673926517
4803687,0.18906850063041483
4803696,5.558851326190565
4803790,59.52872389877225
4804228,8.986795732297836
4804242,32.558175786987874
4807244,71.43183764829669
4807362,8.246753853590587
4807492,6.4352036937297905
4807546,20.817341825873417
4807937,2.729713212064914
4808340,4.20682039493411
4808457,54.65430512181242
4808505,24.071991680748777
4808540,0.23256247203443856
4809056,0.20472713539301388
4809347,6.342107639854546
4810148,2.292268707677354
4810267,2.194542977417981
4810308,0.25275160928726587
4810916,0.3366952903306798
4812106,0.41444020398607134
4812432,19.826397988798202
4812462,2.029107529857833
4812531,59.07064190992058
4812551,80.28423632020314
4812995,7.3702125588061085
4813236,0.7878306768688537
4813503,53.25256935920973
4813712,6.781371013819021
4813778,3.842888940477347
4814018,3.6483279881615864
4814075,0.24411205734394634
4814392,0.5748447535404375
4815126,0.7447923457761387
4815177,8.31436950634074
4815464,1.3444165841676095
4815495,7.8884019935997545
4815848,5.075751460495874
4815953,18.97338336272981
4816055,0.11886106336356689
4816236,35.97764663932948
4816830,0.9580095674087443
4816883,0.16803197419193222
4818422,4.657654786396652
4819238,0.3496969999319212
4819542,0.33294721208991157
4820119,16.847825794436748
4821218,6.544253721502408
4821373,1.446816587574089
4821715,6.76336068952316
4821786,0.4481722391778521
4822057,16.881225720359673
4822548,6.717448608255561
4822557,0.2749582487539601
4822668,0.1490555884986793
4822888,26.634160202096
4822982,1.9451234155591122
4823025,4.921394527303694
4823031,0.7025831861644836
4823069,2.8689903666292076
4823264,0.7844177295377142
4823529,67.2382770800331
4823682,10.057379657006345
4823722,5.389389481012481
4823901,54.93230705584087
4824052,12.917963040073088
4824146,0.2343017081437511
4824310,15.009978279183388
4824521,57.68549897461959
4824808,0.2328654877407224
4825097,0.22405757314168698
4825135,15.336077257454217
4828258,0.4028991004110347
4828320,1.9614701880920864
4829029,72.22093435241528
4829281,0.43063457827513374
4829571,8.504828412572289
4830203,17.7482387804881
4830213,0.255398844360065
4830328,4.477166469563798
4830487,15.055360344267287
4830727,0.15341010445322087
4830902,0.36499550563035266
4831093,0.10538486076517388
4831130,8.594604305549707
4831222,50.78526165080084
4831470,19.218591349385015
4831603,1.135891012678352
4831656,15.924283892283437
4831876,12.91847218117409
4832448,42.83827503417671
4833001,44.012719822767046
4833056,64.6149709804988
4833294,0.34079754827888875
4833295,5.69434070532469
4833414,16.519137111079065
4836517,41.90264206787277
4836824,66.52195951843099
4837158,16.137391326556376
4837813,0.3427547746642636
4837935,0.23793904474882385
4838124,8.293199603512534
4838260,1.1140158931955149
4838309,5.880173609653579
4838523,0.255888937504193
4838536,0.21909763970795365
4838757,1.7563075267251487
4839240,0.22689177159267165
4839805,0.2620275547383682
4839932,12.479582455576674
4840772,7.429435153095167
4840841,0.32263585223216956
4840977,0.24802661221624775
4841187,13.02175923006183
4841248,2.4499998091210617
4841843,6.905781513651894
4842054,31.558041769688497
4844012,10.916290555712571
4845032,0.21324027813123517
4845083,18.769791020644654
4845155,32.11775215744841
4845702,3.083360911518462
4846095,0.2522166019222973
4846122,16.225440156730567
4846138,0.23850188283747897
4846198,0.6484365893873971
4846411,1.22301272051935
4846684,11.046300752657952
4847616,0.21324055049463667
4847624,0.22910492074846367
4847648,14.754946031587076
4848798,30.347314267683714
4848854,10.48433076413935
4849173,0.2127085947079187
4849266,1.5566428459709747
4849390,57.038788326995444
4849603,4.009090604272482
4849641,29.180299120332187
4849885,0.7422622328145352
4850106,8.993460829733277
4851057,7.881418353891189
4852773,25.436592605440314
4853096,0.4134033431418714
4853287,0.22810093463920617
4853437,2.6681113664415426
4853563,17.885126714534717
4853870,0.4031957844255622
4854224,0.30327569022024814
4854227,0.19863735093005877
4854417,8.668915969670076
4854732,0.12666478609136952
4855303,0.2721363191400662
4855570,0.3426844928442717
4855682,7.520422429940448
4855986,56.837801490824845
4856083,15.50888657725819
4856293,6.885102593094993
4856339,19.372050815666967
4856373,73.9668029181219
4856465,0.19480958956204025
4856693,0.4938388180234379
4857027,79.58561755443539
4857614,27.29812626527181
4858305,0.21242147757395183
4860430,21.755648357303492
4860876,32.16835703170888
4861046,0.2468916326910145
4861533,32.61760316650838
4862061,72.5220677237055
4862320,8.39786840625318
4862702,49.26297072987742
4863176,9.23940686310324
4864105,0.2376129356833033
4864856,0.24652255608923906
4866285,10.614989202050536
4866426,69.21407890229722
4866620,40.91010241666176
4866875,0.7555011812616325
4867016,4.299616467587318
4867042,23.568500631218736
4867504,3.386406294671806
4867749,0.23002110041659715
4867790,12.509641753056714
4867907,0.12324871427040647
4868023,0.3976236490361074
4868150,7.757353050609308
4868220,1.13990085137382
4868434,11.305452517635494
4868498,9.122475893478468
4868692,0.8210530084278573
4869370,1.9285501796596005
4869988,44.498044914138134
4870239,13.11050461059511
4870944,0.11896205376783835
4871477,0.1061480785725786
4871590,1.532904103399662
4871659,0.21432972557613444
4871966,21.056680537773016
4872295,24.175755306550634
4872499,0.21408744342622388
4873223,4.145688563054498
4873699,0.23986307509386876
4873774,7.097640689138848
4874176,33.606272667179255
4874206,0.2183857703075877
4874334,1.4585392080675512
4874363,66.91219315335044
4874401,0.28794991310351586
4874990,0.7420721561731441
4876404,0.6420952400970161
4878481,16.771054275369593
4878501,63.440014358114595
4878737,11.230194516425371
4879114,0.7297700483217484
4879165,29.030598075954412
4879332,0.3635639524185008
4879530,2.8549140241584534
4879728,6.773320160627382
4880277,62.24422007886065
4880365,1.0642567931279008
4880542,5.079392914300904
4880811,73.43283466298382
4881131,9.745270277541165
4881551,2.9223786574211936
4881989,48.024191259180604
4884465,9.58134902396763
4884601,0.20636286640969445
4884661,21.83250441104066
4885240,0.2857863666075127
4885673,15.96704460294829
4885832,7.378574907713776
4885966,0.9644748387227112
4886334,0.25934030711437045
4887246,19.816004078366728
4887255,24.012918430946666
4887417,29.725030216097316
4887473,11.18163367952807
4887727,0.26436465755364497
4887774,0.15990993862656597
4887835,75.16382611071286
4888040,1.1429509805018612
4888112,29.699916913992407
4889948,7.222007942676989
4891378,2.8436136660141633
4893309,0.3223961958155506
4894009,6.808168443374664
4895881,4.120116780363501
4896619,1.7422193219399993
4899352,0.24221012617022764
4900630,0.3944625495109513
4901363,0.17837574638639822
4902912,77.55896609212466
4902967,68.12047901511183
4903029,10.998928815827234
4904582,13.790898600517874
4907206,0.19900555969731396
4908032,0.39824812620244066
4908223,50.56474469244089
4908335,0.13734285077640207
4908418,27.69313093540346
4908634,33.885319432006305
4908717,0.3879717500262966
4908922,2.6057950288042004
4909388,8.50963349278474
4909427,12.34458476832504
4909949,0.2959826579441901
4912146,7.2111596852923014
4912206,0.28008405079208326
4913277,7.276464105239633
4914221,19.504883942602703
4914545,30.325665643074398
4914789,5.5695192758872105
4915217,0.23649151594525827
4915953,22.98287680046262
4915963,80.05011347081002
4916223,46.24345574855648
4916287,39.820634901487814
4916323,9.192224982355503
4917151,12.779116826721465
4917519,81.25111671771127
4918092,18.741202067538644
4918117,8.42680119228815
4918466,4.15982138608496
4920912,0.2087590500792508
4921514,7.902857986735749
4922217,26.298489751592108
4922476,69.08070415522778
4922578,24.389890997668996
4924286,28.31354291910229
4924590,0.2230165038724979
4924816,0.17448438627296675
4925277,0.24064423498429863
4925278,0.2022494822637832
4925368,9.864944086343922
4925545,1.4834492457918538
4926024,40.31266581283563
4929108,18.285213769377606
4929275,0.7743792522575558
4929917,6.412300248277477
4930306,0.26976194386502866
4930613,1.800417828653557
4930683,21.539733567908613
4930993,1.9165374920027265
4931132,1.90097647157378
4931276,62.2129984949485
4931807,0.5339586002607256
4931962,4.728015145038954
4932075,2.3218846450668105
4932157,44.984705851163746
4932714,9.329765050219894
4933043,2.1390026951204475
4933387,7.972334392736635
4935058,21.72313273897656
4935544,85.33345236771557
4935653,26.13083515236209
4935717,0.2219963767565432
4936091,1.1289203805294286
4936239,0.17883632174514316
4937401,0.31059805797042045
4940073,24.925417624099232
4942985,0.27321981635031034
4943027,21.671862060738484
4943086,3.8090795797301102
4943244,0.21893675712419175
4946510,11.255252596738261
4946907,18.805320394085705
4947210,57.17334957140113
4947323,0.2610192965443496
4947515,27.896730117782358
4948325,5.053284777054358
4948345,0.15311871432809118
4948376,0.19328943337303253
4949866,0.11595489445359218
4951029,87.96189876746156
4951293,31.67341851933976
4951402,82.43908247133126
4955638,16.459518921116494
4956258,0.5421002243437968
4956451,0.4721156975518522
4957037,3.286906312645358
4957395,8.029870624091288
4958134,51.90252992659591
4958223,79.12980298421621
4958625,3.1438970219875038
4958697,16.009517291181947
4959569,2.87905047496152
4961949,15.319798075706688
4962537,3.0286168659606987
4963349,33.47611092762567
4963511,6.090640340634141
4963900,0.4645355952048603
4965152,5.223148291075666
4965865,34.24617760232093
4966041,51.7455940089662
4966559,2.5385831800683287
4966924,17.057609376210493
4967004,7.163695299866522
4967272,37.91114983467029
4967289,79.03569268630184
4967738,5.308748680485745
4967976,2.326644219877418
4968633,12.219933843400957
4970846,20.96174047809926
4971196,3.960674237965567
4971951,17.39712172826666
4972979,57.29806428114258
4974298,48.56933556608673
4974583,0.1352144493834341
4974744,2.92398199859532
4974843,77.93360111010283
4976184,0.20704122391673604
4976218,57.74330281460513
4976450,2.4794062355553286
4976558,11.937208238448788
4976848,15.89904224864331
4977140,0.26165620174775717
4977384,24.926279605143222
4977449,0.2237754842550533
4977716,47.2878813290765
4977744,0.3139284168053515
4977906,11.730078384030124
4978021,2.7211973243964875
4978214,12.239187468585278
4978363,0.15480652674398226
4978630,0.6854065335070298
4978798,0.25535468107348525
4978905,62.781218813252856
4979790,4.734425680913876
4981192,33.353928443829446
4981857,17.008549684645317
4982969,0.25146822396922147
4983691,0.2312526292346334
4983830,9.021383367398993
4984907,15.702116445174251
4984951,27.63142780891379
4984976,16.73553467516042
4985504,0.24297515159102404
4985662,82.6241949484194
4985759,8.208471163768
4986926,0.3281859701702559
4987197,1.0408821289569798
4987238,26.35361496777159
4987950,21.215987630890854
4988633,66.72664559098493
4989054,31.33380472215229
4993488,40.96951099710484
4993692,0.11447635415390395
4994058,5.06662576127206
4994318,21.344942214347096
4995721,0.295075919173965
4995993,79.27487717819605
4996027,0.7661516919767791
4996333,5.741487197067949
4996481,3.4796876156530145
4996712,8.163159833499009
4996877,2.0062673162916678
4997688,28.820177197937014
4998103,13.37084429754622
4998386,2.173689184892182
5000964,59.44092244498243
5005539,0.6776480227061324
5005766,44.00544416085827
5006113,8.887374349559927
5006545,28.766189576180178
5006927,0.2687312601588179
5009206,15.352110903150042
5009768,56.37926529835466
5010729,76.93051375712169
5010895,23.34027632801877
5010923,5.15752996762785
5011234,9.892888452492768
5011499,8.139186346373746
5011693,6.185844777062067
5011893,0.7971019403839272
5012940,0.7212978805425907
5013258,10.832578034328149
5013302,19.21007397159559
5013403,0.8218800183455799
5013556,27.35523491104818
5013797,3.4187064130129605
5014388,3.8393295550584496
5015281,3.3809304308370094
5018013,38.70356689679348
5018864,50.42430234318137
5019183,0.2167348831120178
5019531,3.136594485682922
5021376,67.6737474003291
5021777,33.84197223144336
5021811,45.840663318414165
5021925,4.282811254850462
5021955,0.26518671006018374
5025333,0.7886560207190884
5025771,1.3574171183302675
5026525,0.7415961152757955
5026612,0.43968400863100826
5027162,2.0230207353898395
5027640,3.221290294939955
5027790,0.6511662166984364
5027894,45.20719649459349
5028478,50.59826794773654
5029204,65.51487303274855
5029559,0.2807241722936776
5029703,40.892597331118886
5029887,0.9701416933752383
5029952,80.7009768431709
5030339,48.23030738601765
5030783,1.021085336830351
5030922,0.1849761781559442
5031539,0.24530859959305099
5031569,33.19509885695705
5032074,7.906234299564672
5032779,0.14066968691133208
5035609,46.318291906360535
5036008,0.5391640681669578
5036261,42.70505884507851
5036776,7.941303164279557
5040443,19.46975575881558
5040653,7.371852196412501
5041165,0.6059796682527644
5041296,0.22813657357001166
5041729,0.4367820877081689
5041891,21.546123275125332
5045734,9.46684923119592
5046189,19.210281764773026
5046894,5.60429965994094
5046906,0.691031389692206
5047608,0.3008191826691786
5048481,0.9343403380599146
5048487,18.54129848937662
5049113,1.1341521347116843
5049575,10.942306555917497
5049853,0.2542217980671262
5050156,6.628840807308323
5050586,53.3630925384146
5050587,7.526342615833425
5050664,70.12969681642114
5050936,0.16010314457072083
5051065,42.00514800779972
5051236,12.680015793677628
5051551,75.67865964064256
5051691,0.3449683126060456
5052112,5.746090529333341
5054858,0.4237412231887342
5056895,0.4169890570334401
5057533,10.517959465641887
5058058,0.5183405771811301
5058359,10.98396423116413
5059370,0.22132344624221478
5059402,0.230793960808427
5059819,20.0065911440179
5060481,0.21625633182770157
5060771,0.13286983828480742
5061165,81.29291471604328
5061178,60.115820957604676
5061309,51.72773586642736
5061575,0.9636463667765189
5064648,32.28895128267809
5064921,2.831654929995564
5065627,3.2602911772432077
5066883,2.431261679639931
5066963,0.2450454012115705
5067529,4.832071590026137
5068125,11.665337617203152
5068640,1.9026478900177517
5068702,46.06618393371712
5069131,6.311840872753957
5069145,0.22573718800988707
5070378,0.39969087262489805
5070914,75.3672691218219
5073851,19.321252378372808
5074322,0.19953018732706634
5075441,0.222277147862561
5075530,0.24043226568176015
5075659,81.3689582858985
5075670,2.3576499492188456
5075810,1.404714337601535
5078232,15.782208168089312
5078724,73.29610460215555
5078828,8.156137528397373
5079124,36.44202369747426
5082892,0.5966292971577611
5083417,10.862463473514648
5085935,67.1790887254172
5086034,1.7821222284829517
5090974,0.3950019407810653
5091056,11.735963661828853
5093174,0.25921058335284203
5093690,3.5919176507499113
5093803,7.094451682273443
5094957,65.70086592261192
5095468,78.587975234335
5099475,6.108306464571055
5099709,0.3323591255332201
5101758,12.100645034242653
5101761,75.38638411425454
5102052,0.29677369567499245
5102132,0.37789003078024014
5102389,66.69244840030946
5102954,11.595865766964922
5104489,0.5424370027987194
5104668,0.19572036078763913
5104964,3.4313463746242614
5105164,0.3571602493821973
5105632,0.21725476152108159
5105768,47.979324403559986
5106041,39.5697233498089
5106214,8.725433002100882
5106252,60.02011186790607
5106749,19.06354550884609
5112097,15.322650424402347
5112311,75.95412434545065
5112534,2.5929183896407193
5113756,0.258516291302373
5114347,29.241062984061063
5114716,0.5582867569816337
5115736,0.6922897845004116
5115952,5.016885239621891
5116234,13.353957881617621
5116726,20.53062711101186
5116982,0.4527690644962027
5117177,45.657729381542666
5117339,19.556824360770914
5121847,2.8748733527118615
5122059,0.2335027463471065
5122518,0.30203869740853495
5124475,87.29658684134223
5124825,0.2326065366137676
5125207,66.36915182213296
5125217,5.2981177189408255
5125575,10.917168469895193
5126391,65.88833118051569
5127625,0.31512124031994637
5131879,0.3454243998582207
5132555,2.75685368949739
5132986,0.28098791071829254
5133155,0.7630193524678949
5134401,5.16038791510449
5135131,0.40745874962353323
5141783,52.55801026408427
5142888,69.07914253048747
5143406,7.839689451518063
5143762,11.816190925462442
5144478,0.30096115779138505
5144782,0.17130709088709467
5144917,5.824254157313404
5144979,36.25501401248241
5145439,0.28580317821879314
5145759,7.184676027646551
5146173,18.507196979357524
5148859,1.0606410743982488
5149368,0.15739531213922625
5149930,34.732840241405334
5150489,5.232823332761863
5150756,22.33781956156263
5152064,52.950642981484386
5152230,21.416077288016936
5152375,12.814761261670741
5152875,0.5691427589631249
5152924,13.880301408208366
5153294,0.26498430213707685
5153500,28.504418381942806
5153725,0.3937965026668382
5156902,67.66547766555732
5159722,7.812736276077363
5159853,33.30506253113942
5159990,4.981318730856492
5160363,5.767363645716281
5160871,25.93830645499066
5162470,35.71863101804316
5163198,42.92301836203117
5163428,1.8247809396696824
5166769,0.4703388683683565
5173154,0.17976986907896994
5175054,84.67293831406928
5178868,11.395969315297402
5179493,0.15089211360994917
5179986,30.076190602763944
5180656,0.04548265403863334
5181488,0.21051624115171685
5182519,0.460882605903178
5182846,0.39043831750339636
5183778,6.176832126089259
5183931,24.606968250303733
5184145,20.702139341833856
5184230,34.86805462173847
5184441,3.3331753693595636
5184571,16.49133282265637
5184738,19.015760772298442
5184986,0.29720497030676823
5185539,45.97674510020577
5189640,0.5553245951867478
5190411,0.23361887908032603
5192219,70.02866875026474
5192459,0.22487322216103942
5192765,18.570932010807702
5193020,4.195660920505461
5193421,42.97205402455605
5193748,1.1009836029705093
5194346,19.98286889383847
5194812,65.46598265369575
5195831,0.2269591379224052
5195885,1.0545238835774735
5200018,3.772130296060172
5200203,19.000261960638273
5200433,0.5401019743069614
5201371,13.33945301919231
5204141,0.5579592235120698
5204719,46.973036417434216
5205123,23.00787877040058
5205454,10.327529549523517
5208009,8.272127631450912
5208784,1.5556672358905945
5210757,3.8147799661632975
5211090,0.11352017700251299
5211479,52.72866837244567
5211902,69.42080356191913
5212051,5.950791806468522
5212133,0.33756207295848617
5213086,3.100247681011454
5213963,0.3297289909134209
5214511,0.43420483041970764
5216799,32.920386906341164
5217359,6.658437038821968
5217507,0.6830061643430233
5218189,4.116357885735808
5218535,2.51693096360107
5218768,17.811660352551606
5218839,2.052457352974417
5221073,64.36918320657259
5221389,45.317239608625556
5223919,78.5907005759718
5224210,16.748694384305775
5225088,16.942386391440184
5225343,39.521729420293354
5226844,0.9832849267194648
5228061,15.580907654083072
5228220,0.31902177678789145
5230031,8.390025530255905
5230712,46.62635119046826
5230764,11.504747662805508
5231014,0.7515659587020603
5235742,2.1535815379475762
5235795,79.15222453687906
5238378,17.795187917703153
5239459,59.29612451412432
5239658,6.87443245260995
5240837,0.7888141885162969
5241294,0.4207077167641153
5241757,24.510657866882443
5241854,16.028767524235185
5241870,5.419764591974983
5242017,66.46355181578006
5242070,0.1520232956295176
5242131,4.608210637046548
5242535,1.8596502622033824
5243259,4.586050139826796
5248636,3.324106020255558
5249202,6.844427255365865
5251340,43.02616807426
5251624,0.34388640091998235
5251686,0.38751757813238613
5252225,0.1432768622661577
5252559,78.24930242857504
5252792,0.3227696589645059
5253423,24.516781511544266
5256714,3.5311515207832165
5257237,0.2549640957813421
5259062,0.12992019118510004
5259131,21.28568159611428
5259767,0.21814718734793195
5260322,0.3127254778230759
5260386,5.892235234427919
5261014,0.5776655650943001
5261209,21.757444421955068
5261865,7.4824056770745955
5261913,76.82738658004091
5262509,3.7302734616836046
5265475,79.53326919274535
5265614,17.775259765195926
5266524,77.73499968555195
5267506,0.9400935835232598
5267509,67.25345702279823
5267542,30.632346246948813
5267544,8.663914677310204
5267773,14.857436462869128
5268030,39.058428941632165
5268045,5.724134879121193
5268818,11.782887002285342
5268960,44.47097763736856
5269143,6.83974284019232
5269784,38.19995385973592
5269840,61.83424394193574
5270589,0.2110682008603315
5271192,0.4491737431225099
5271500,11.56697513227914
5272504,72.1386804322876
5274268,24.84792433756506
5276050,8.552881946053079
5276396,36.28681821658115
5277242,8.003536364434568
5277547,2.0695200698939815
5278765,0.3679687330711866
5278810,13.77452592666848
5279720,20.12526495463738
5279758,2.046007306950619
5279812,10.566008094294096
5279925,4.419835452747328
5280429,41.99844056054202
5280615,2.1597597766747194
5284048,4.905865496180527
5285240,18.348846003520027
5285358,70.71845174056644
5285553,21.30034376659167
5285674,0.14488258442256266
5285867,0.12600777136314092
5286096,8.285961871373637
5286711,13.363555228608796
5286986,0.34435343056979123
5287414,10.307331314931956
5287485,2.4877499391522284
5287559,4.288580635254634
5287643,0.2232226487664403
5287819,68.26989860483421
5291784,1.3914778720056835
5292764,8.553327041183188
5294260,3.7679311746731283
5296254,19.286063590517866
5297389,5.10469034222015
5297660,0.25728012397683747
5298139,7.550968199926116
5298299,0.21134298491267295
5298356,6.239551759590452
5298458,0.21761504758711747
5298896,7.229792073167902
5298970,3.970932436853596
5301003,59.533444310910966
5302719,0.2486471686750617
5303927,0.2240559484052876
5305288,0.8613266784616119
5305524,0.34698804691463053
5308047,3.657813227428302
5308117,26.59818436011314
5308466,0.8805695604071151
5308506,0.2993062744273702
5308539,5.537718874445347
5309621,1.1389833044964048
5309634,9.2049821387546
5309959,20.892688171956785
5310464,49.955587068933866
5310859,28.831032920631
5314883,0.20582823540155581
5315798,0.22131619425283
5315955,36.00856148805514
5316266,0.4311453295354719
5316660,0.30662579761931547
5316741,5.401436045851135
5318322,32.69900359708844
5318845,0.24249640573344144
5319319,21.947900633273196
5319408,6.3208148060941385
5319637,2.403747254989323
5319785,1.1732895843799096
5320267,14.378664340290875
5320325,77.67024856752062
5320983,83.58029421655843
5321256,0.25384081506571476
5326138,1.4376590194780656
5326835,55.341743544085745
5326989,0.43061812078326295
5327035,0.32095868476758427
5328185,0.7892616662496762
5329077,11.761722875272772
5329548,0.8225128797544576
5333452,0.6025263353934835
5333804,49.45953196251596
5336245,0.16441585309285026
5337757,15.36962838689862
5338293,28.386806581658544
5338885,32.40250880509504
5339915,73.78665400397465
5340020,69.78214475036185
5340262,80.67311012713762
5341379,0.2065914730095312
5343122,2.2353706633294723
5343821,10.06824752760946
5344281,0.6612978190524788
5344850,13.332311883004738
5345498,21.372644982045802
5345731,0.18129710604830382
5346665,0.6697516424841359
5347051,7.151022819850531
5347479,70.69226683941267
5347776,42.93210335350206
5351702,52.681322798884736
5352301,23.31061219722499
5352802,3.453000911211927
5353431,0.6703836447288777
5353509,17.936145687039808
5353612,27.651477054278235
5354632,17.098858982989423
5354796,75.47644905973243
5354979,6.366665570540933
5359974,0.4316508649994084
5362279,27.836351707231447
5362461,3.5228060965335155
5363078,0.40547749084287465
5363210,0.6906028841475758
5364134,40.17052774688896
5364175,3.950313423505983
5364228,0.18034557612224067
5364956,40.958008449260355
5365319,1.056644422573205
5366126,0.22420083372782534
5370580,35.94588461538413
5370956,39.35760632377558
5371052,1.4519704498506716
5371463,42.82092956412643
5372082,0.512326878809725
5372712,0.24476263201157214
5372777,19.11822850924901
5373645,76.48101057829857
5373674,3.2835061019227867
5374226,13.967205601484759
5374901,82.21773213107461
5378919,12.186141566475856
5380048,0.12938057846613277
5381203,0.4443464860976194
5381209,7.30953854589642
5381230,14.96311666956705
5382755,1.419445253534908
5383235,0.40349113085584853
5383336,5.809200711762664
5383841,9.9905151722628
5384337,66.1260707176345
5384971,16.781091026826708
5385793,71.76134345318842
5386100,31.596189024826813
5386242,17.807330654789254
5386846,8.691172347287656
5386890,31.869114467590908
5386990,48.66315068114729
5387217,2.432807962507107
5389907,3.9871719063127626
5390483,0.6824419502128651
5390738,34.43388474986771
5391140,0.6999092633732529
5392517,0.3206676974714562
5392891,62.89442271491922
5393359,5.977128986168718
5393564,1.3097233488755156
5395295,76.2985121889218
5395679,78.06514769939588
5396516,2.1728608060387242
5396671,1.217186926728822
5397133,22.9838089479606
5397292,0.17421671429988814
5400549,0.2414525180403051
5402583,44.16764785716374
5403109,4.4189377005499475
5404627,5.638989974846748
5406041,49.11221119903377
5406067,65.67599832044101
5406143,3.459932491019508
5406187,55.20303591239415
5406389,0.5723367234232364
5406556,4.056333203564089
5406581,66.82370706404446
5409372,0.25785068254890675
5409427,78.39143920185127
5409725,6.183155519036944
5410067,59.841997094552
5410258,0.250397373967551
5410899,2.7851559750526014
5412350,7.860236593684174
5412567,0.23325955417994154
5414178,0.3405541765656887
5414344,7.017618979354483
5414458,11.199269573331051
5414503,5.457321301960248
5414508,4.741586709182961
5414911,58.99905351201564
5415365,15.09130749388314
5418807,53.35373269681311
5419405,0.2830575924474176
5420966,0.8493582186561104
5422535,71.00836290522956
5422832,0.21718480551836805
5423117,11.831172380210315
5423159,13.088052477150685
5424042,64.89990292481785
5424346,8.747871352852536
5424359,2.044512310159306
5428573,7.598430946092592
5429769,0.3292402885753615
5430658,4.495668103108627
5431845,14.701210713774175
5432178,2.4238544582627806
5432659,19.53386959468325
5432930,0.2572507080015889
5432938,0.1387749762407812
5433238,7.167153137783908
5433746,70.77870992248603
5433766,2.415532147866657
5433967,83.870194182038
5434197,59.82071613273228
5434655,0.3033294555038664
5434678,0.8841624109534314
5434688,2.6777787121848773
5434754,2.386620576479144
5442313,8.375895337699308
5442386,0.5296384800272256
5442426,0.4616271710807213
5442977,1.8590522485794685
5445314,36.681454952967506
5446675,6.7383745663400525
5448644,0.2058536309105663
5454346,0.3645778429650149
5455353,34.78800182670346
5457400,6.301856264155723
5457860,76.63082871128873
5459693,2.480527086083951
5459747,16.813028935647022
5465079,71.7915686938282
5467075,39.80030253096508
5469274,9.423924920687577
5470125,5.2642261969335005
5470186,0.6225570368977414
5470215,23.291783317767127
5470350,6.20224884290818
5470363,0.358071699681392
5470531,19.992451640731716
5472109,0.21795337632544912
5476046,26.777123676235828
5476474,8.890073285158328
5477034,0.22986807289773967
5477378,25.417465414139958
5478741,28.947334482337244
5479460,29.59821005428543
5479614,8.266839445749484
5480100,39.38086033687541
5481032,19.80526170306607
5481351,0.3493718588122972
5481475,0.5667030161781555
5481762,81.93909079868024
5481978,0.25753498622758453
5482031,0.20383677125411973
5482154,75.17282098904172
5488307,50.78539016450741
5488788,12.147119326099638
5491063,7.351406120690842
5491317,0.23870291571083357
5492717,68.38074385703243
5492776,0.25194200649661047
5496999,54.929464676602535
5497654,10.710829526624153
5498089,51.06639823585014
5498131,0.9297730766528957
5500426,4.448195511105756
5500740,30.687351459432143
5502264,0.3467380345517295
5505535,6.119885720716366
5505592,0.25745398747227766
5506083,15.160258727653746
5506438,1.3883400960112524
5507784,1.753057299536908
5509001,0.22680935681308018
5509665,20.498116373219673
5509771,67.90296286982971
5510725,8.709482390979224
5511067,6.850775409516771
5511588,40.215181842376964
5512068,0.4336856062899979
5512118,0.1305215891074621
5512274,2.2288425740399926
5518116,0.2652516966432766
5520695,58.26805363281133
5520934,7.668648684948465
5521689,0.8116771687492397
5522518,2.6484500378578764
5522519,0.11667497475474195
5522642,31.080755286409282
5523876,6.256033833998919
5524115,5.175477397307484
5524262,0.18637028352921362
5524465,0.25060392481292093
5524488,52.90132506209737
5524942,73.65103846407118
5525186,0.6895084780461231
5525510,21.857879364654064
5525612,1.1130011856524813
5530878,5.540975094073706
5531170,15.332486157450973
5531407,1.398581472586322
5531649,31.80053006207512
5532582,23.821219134727574
5534747,69.06249853343598
5534795,84.98020295914239
5535142,10.615531528372514
5536390,0.988447495751052
5536508,52.74893721049182
5536560,6.63076772712151
5536998,38.58853660823095
5537069,26.80115309019967
5538353,3.9593839389177403
5538410,3.9998162281336778
5538720,30.003391499927712
5543210,5.591917104331571
5543996,1.1902683118535065
5545470,79.0971615206671
5545629,0.2825613717681307
5545876,3.233649220674567
5546217,50.987107585120164
5546748,0.9255775428905795
5547367,35.089199695802954
5547802,56.751686129370604
5548710,2.334667011673446
5548943,0.3082556390413224
5549688,10.03479312714405
5550236,8.07855243683069
5550377,2.0043471708355667
5550492,14.433370674033402
5555405,11.058828369807818
5555926,0.2396326958774762
5555971,0.11646848778077883
5557091,0.5757263085351416
5557097,78.08223569737542
5557133,72.11598104333764
5557135,12.22374068028065
5557381,74.93951898977173
5557684,9.310140874581352
5557903,0.2282611329004829
5558079,4.658463860977083
5558179,0.3737819181501188
5558242,11.762112619216698
5558596,32.75473920068289
5558747,0.4576813870701669
5558981,4.978419524923958
5559015,11.980371385141801
5559332,71.59287313441203
5559349,0.34630884286502545
5559559,18.584615374946146
5559758,53.98386379487083
5560024,57.62270480887044
5560028,0.44591092997945475
5560165,1.9734159645153821
5560227,0.2593936674816527
5560235,19.940290800959136
5560675,0.11189065583632582
5561046,5.010760384174769
5561355,4.8389840331067635
5561693,2.386028524178009
5562394,0.28233876505136013
5562412,0.1536731878757098
5562420,60.5489456822605
5562477,63.68345577568742
5562710,82.5148228400348
5562775,19.605293852611144
5562799,0.5508820603012006
5564891,15.169444519241214
5565638,47.05205800993899
5565799,3.1998065029163665
5566792,10.250168974878243
5567220,46.579470565924304
5567278,60.15409867903714
5567361,85.57491804483618
5568524,2.1665673601260087
5568574,0.27753135502704473
5568799,26.100180377089554
5569464,0.3314164397156589
5570633,12.449794059293744
5570843,0.7099910414339906
5570957,0.5140848172444008
5571716,9.64416368147722
5571951,16.270867377626644
5572393,4.0829618156324905
5574012,16.826968393199554
5576670,0.5817779046405425
5577006,25.010546322759797
5577856,0.5164466826083007
5578475,0.2763291056108261
5579123,1.2545721603281579
5579147,0.22583759438042678
5580236,0.6669672632928494
5580648,0.35766998236337727
5581442,6.977550183297378
5581522,0.23849985344322214
5586571,21.423861865044735
5586877,0.1499564786711204
5587063,3.6248925540742603
5587534,6.678354464219584
5589159,59.488912502931996
5589222,12.587848739078467
5590348,3.759034316860552
5590400,0.25603686283428967
5591026,37.081718299918336
5591612,23.154236574074968
5592012,20.98721572555753
5592034,10.218890379700944
5592647,8.099697568364245
5592693,21.25498420427259
5593057,1.6459186579098803
5593975,5.0925464589131
5598429,25.53927425875173
5598741,0.12276997202891361
5598992,30.697040783756943
5599109,0.11494804955090505
5600614,0.30234117294424445
5601059,6.663310170702381
5601147,0.19255778709101934
5602027,0.23063808084086823
5602097,0.24146270712896964
5602369,10.00594569228858
5602494,0.5795023822358762
5602515,6.878186654702029
5605209,80.73979764303657
5605822,65.16188894308937
5607094,32.74260487985321
5607244,6.71339427326598
5611993,0.26399531152788747
5612231,43.372111122766455
5612772,48.419650219173214
5613334,0.34577432191505625
5613443,14.417415159112045
5613572,6.916925497062365
5614816,39.37721226254698
5615531,0.23848355960118456
5615949,0.4420556637015741
5616298,47.56850731826326
5617565,0.31532280115989586
5617698,4.044952099768168
5618280,9.236937761606699
5618865,13.796615319773728
5619141,31.887010370618643
5619412,15.816194069730692
5619696,0.1432820518503163
5624179,1.3036762160000928
5624616,9.464074546534773
5626957,1.493021476041398
5627418,77.79698248220262
5627898,6.621369828562896
5628013,10.733427236028255
5628539,11.782024111029916
5629696,53.49643064003523
5632187,0.251563989825013
5632195,25.86312347390877
5632551,1.324115709489711
5633469,87.55771715261227
5636282,6.74125277542736
5639029,0.44493918731902726
5640839,40.47088472568699
5641644,38.5527774947842
5641857,77.88906589669234
5642537,3.948207935549732
5642609,12.622039106883548
5643121,2.241351982803518
5647101,3.8651635975823386
5647213,0.2578394507480629
5648836,5.265834239732997
5648853,4.3649627859470055
5649058,0.11742096153441547
5649741,0.8920688360910931
5650386,7.914121300408064
5650479,33.10964068669109
5651344,0.19472046547943306
5651523,37.61147552755037
5651944,57.341009566356604
5652542,50.719495166531615
5652654,9.491838559449354
5655080,3.2612319301468466
5655462,20.696366934655448
5656524,0.22955016790378954
5656740,72.34149202985793
5659626,2.0901446352844126
5659630,12.635881674598327
5660349,0.1327964592495752
5660972,0.21442843388399918
5661080,2.407515703138372
5663222,9.855216111787959
5663909,9.77774330002089
5665661,19.24237655565838
5665717,50.90803401153778
5666127,14.329033889455339
5666270,0.23753865230414042
5668481,2.192294296750406
5669670,12.506705537031557
5669995,81.32366802647864
5671406,6.494083929749266
5671549,33.28661734239286
5671922,9.504518433859642
5672471,0.3928923517842596
5672879,0.4164442607553086
5677210,84.39672617620964
5678143,72.08100289180685
5679209,1.1037071483810366
5679693,63.37653952660422
5679837,1.0484782117682705
5680505,39.00332631035558
5680714,19.669462858714482
5681742,6.060553762417609
5681778,76.39454429404549
5681914,65.51621750457748
5682277,0.4723318565433028
5682787,59.362737271077265
5682992,0.26905123538469916
5683160,76.94384113920187
5683212,60.86422119751248
5683505,21.322340806277243
5683737,24.626308054664374
5684147,0.4258621398945498
5685306,73.57417348245794
5685334,15.55770204754994
5685801,1.4643981482042687
5686255,65.54086161670021
5690718,0.2491888130303721
5691265,23.948027025069372
5691347,7.137118442633983
5691755,33.55912383295469
5692212,2.2566732759425245
5692492,17.088736557655828
5692899,46.75125769155555
5693879,14.553560321394217
5694134,8.218115208869436
5695509,0.35635580652450427
5695523,29.011321135123694
5696062,2.947951445120845
5696100,3.7630448558747513
5696723,11.831970841332787
5696950,7.118421556983816
5697729,23.112731652938006
5697857,4.064089345376767
5702463,14.842571381052425
5702479,2.9280928279980447
5702904,0.3793037635115128
5703259,1.728315559056876
5704852,5.423596495362416
5706045,23.512511597353157
5706259,14.675961935872001
5706340,0.25472093495341247
5707249,22.18867088455777
5707653,15.807269211325602
5707711,78.62096418942859
5709309,2.1948219773787807
5712004,1.1026827718272578
5712663,14.415192018521026
5713218,5.715055907245936
5713601,3.0408538324707677
5714478,0.2678110177095745
5714811,13.908987754487041
5715079,0.5155419687534948
5716410,0.11585804310337344
5716982,10.833703221242143
5717346,10.201290891781412
5718454,74.9731902387184
5718603,0.7405685244715888
5719058,0.6254494481249828
5720066,0.2959199758873713
5720133,6.59688599646791
5720569,22.9290929852049
5725154,0.22914086278011211
5725475,47.03263047928664
5725566,46.50699114132322
5725698,0.32628403961238317
5725963,4.843625409343562
5726103,19.69186389151429
5726139,0.25768152806396366
5727850,5.6400147234459155
5728014,1.016222307079803
5728171,36.136858235159536
5728500,55.99519531936493
5728502,22.75224947784167
5729118,40.22454272846835
5729143,76.13160980149199
5729145,5.46268426811785
5729530,0.19839349348743235
5729989,7.136648696317275
5734275,0.3732792684534588
5734556,39.141860866164905
5735314,82.40726849866472
5735447,0.24922802764266905
5736925,78.16658971375296
5737178,83.19489623519891
5737903,20.042126932881445
5738880,43.59336138345682
5739187,11.86925118921383
5739264,5.539645956593259
5739567,0.10893321790510362
5740147,6.480252476625409
5741241,74.19378452951771
5743959,5.723612611536602
5744764,0.41145517090620665
5745591,1.3446889151180392
5745907,5.260546852489498
5746544,27.57362792318923
5746781,23.549945841560774
5747481,4.327245122119012
5747492,0.646442775543944
5747984,17.00498585418347
5748301,59.909882979018846
5748695,0.6900101513739165
5749477,18.996126541021408
5749514,1.2147541685580105
5749569,61.4861828255237
5749651,69.72899111152951
5750006,0.18737599765407845
5750144,31.3644102609516
5750426,37.88107521810725
5750871,49.683180774070834
5751070,46.268913349257126
5755338,0.8274700333982724
5755559,10.506978668693185
5757333,3.284892990233488
5757952,2.198148914489263
5758632,1.8997059394186586
5758695,52.42663555504877
5758972,0.344606687907484
5759126,12.818778460505817
5760036,23.072719893180512
5760776,9.15745333083249
5761032,15.959686181610572
5761908,15.449809856171228
5762947,74.82425903199866
5767004,2.4157290161682017
5769180,10.374134308184534
5769548,5.32100608052868
5770283,0.23481032708616661
5770320,2.565603776693268
5771211,1.0343659209202676
5773199,14.319509131553364
5773455,0.1605778657601541
5774245,0.46791754543934655
5774402,10.613931563021296
5774454,67.39523068784672
5774521,66.7423870442538
5774742,0.4925112353780554
5775122,23.54890303835577
5775205,2.708927046832003
5779752,6.240881014872523
5780966,40.315055292866944
5781049,1.0422671599885647
5781782,0.6017851933778078
5782542,1.2886028926418622
5782720,52.43615423080919
5783517,73.78164211539126
5783925,85.64876013270181
5784146,8.853270690703948
5784179,0.2924243760241981
5785402,14.958567163751425
5785674,14.063985634324823
5786464,2.181437190981816
5790611,35.25703407481641
5791394,6.405391253570869
5791844,0.28191459409663694
5792709,0.9179938165782917
5793388,4.254441461817662
5793740,0.7398624030021211
5793821,0.20319463863124132
5795549,19.742694708315483
5796164,5.139128331623625
5796405,4.145808123433285
5796517,0.2288321265174477
5796803,66.81472344045407
5797398,0.27148183744635657
5797696,42.32085143794903
5802174,0.3955620976307128
5803068,39.606330639979475
5803141,2.531830898460964
5803875,13.79065789787075
5804189,0.2344834018827013
5804451,39.62219791645787
5805232,1.5373746257727463
5805561,0.2634340807096301
5806377,50.690026289888095
5806687,0.22131454542137216
5806817,66.75335379827467
5809453,9.298010039430256
5810581,67.03215789802842
5810700,56.05182344147426
5811254,7.451531943097636
5812921,0.8502087179061911
5813588,15.973396712636355
5813687,1.0599405459357474
5814016,0.8725875616320868
5814530,0.7699757753085015
5814583,0.12493319544662498
5815437,6.8583455867715815
5815618,14.524572179347183
5816112,15.802519437430723
5816130,50.063796535949734
5816151,39.85132699184714
5816154,7.924983152929119
5818551,1.4731884483281301
5818641,1.1538113587690486
5820426,0.10879140245633133
5821386,3.7726361095880256
5821886,0.22754773815894214
5822847,40.845590982144266
5823579,33.63821202963317
5823661,0.23592249880124344
5824688,1.6150579299213668
5825260,7.762177608192305
5825600,0.6376125953699228
5825696,37.95273162063868
5825911,11.64523802123245
5825986,50.41093496509467
5826013,80.05305612181328
5826129,25.982521310077722
5826468,2.4222948130785893
5826475,75.77686051817876
5826716,74.67665312574606
5829214,15.098171396972317
5830829,31.696757443279576
5833122,3.066082124643195
5833530,0.7655609636583437
5834002,5.4653490110277705
5834075,73.65836809742042
5835673,0.33158116745331745
5835889,4.8210124563108785
5836186,74.10670677456912
5836274,20.262612622427415
5838302,4.7912543854827385
5838377,2.0342520896299745
5838638,3.4390457011454756
5839758,5.152538834333864
5839954,30.977924371762466
5840106,0.16110737435730305
5842970,1.1719589926733898
5844153,19.370763023843335
5844420,7.0446339266078155
5844501,14.545088177932968
5846595,0.22958983260623875
5846654,1.973700358666402
5846745,65.81749807984436
5848277,84.40718498990014
5849776,1.5955691242704078
5850148,29.827354514141945
5850712,1.6757912000285542
5851013,0.5185815973471173
5851054,9.95611183160962
5851071,4.522513685241987
5851295,0.21345593801121981
5851500,37.42219037540599
5851649,73.24311547746669
5856557,74.03065275784985
5857212,0.2938912151082557
5857280,0.679380623776391
5857515,5.833500262320313
5858087,7.880153259573517
5858313,0.5082115520311525
5858413,17.67255919249501
5858496,0.1772222375605143
5858505,29.896028934843535
5858516,5.725138881483858
5858572,60.47626057608294
5858893,31.38017260062842
5859848,2.5291834350099633
5860837,78.08222059685026
5861236,46.29577652173762
5861766,44.45214165730664
5861890,8.515978250115035
5862128,4.986786728314856
5862200,3.4922812899191826
5862395,29.318661404985093
5863088,23.211595454002
5863458,54.72463000427671
5863609,11.098220230471778
5864956,81.56530345514625
5866656,4.922573888089102
5868578,7.225636748673668
5869058,0.6528194475137882
5869693,0.24361332416520745
5870127,84.3868186680821
5872177,2.299833455095638
5872722,7.295368474031127
5873218,59.19658215842927
5873343,36.77187710781093
5873714,26.945993269372718
5874013,0.23514572010087048
5874520,41.572210283233204
5874941,26.45375249918882
5875176,0.6448026972984549
5875665,14.623641398552861
5879269,2.1761934981078794
5879480,0.2420609950636672
5879750,0.2262490010679358
5880064,14.476932163176857
5881122,0.31600575114307033
5882216,26.663628489455878
5882725,25.540831146995888
5883069,66.84532459269994
5883655,0.27927533184042524
5884025,72.84473169021747
5884398,0.1908682433591207
5885201,51.90646495670195
5885673,17.873126462904427
5888002,2.29284862774923
5888294,3.786481889040184
5888962,1.032349062820593
5889937,0.41634550287844724
5889968,3.795407607035579
5891358,8.15419206737823
5891574,12.823194942409797
5892693,83.49145844309737
5892794,8.74531843177228
5893277,9.38481835047326
5893462,0.13254605509727063
5893581,3.6975801188425046
5893612,2.4260040406250987
5894720,17.956528758403135
5895016,30.236837758885382
5895056,72.48372817799628
5895082,63.70822804780546
5899299,8.95209167299878
5901993,1.2381428041809093
5902026,25.799369122734227
5903240,20.448042303892464
5903889,1.8319637046572268
5904490,0.3081270385543307
5904817,18.31773850367228
5905128,43.40932360240694
5905130,0.26960348217286156
5905501,78.35310899369841
5908365,2.455818336951649
5910246,0.25700496619570534
5911805,0.24991998171894006
5911997,26.62850252795088
5912017,0.11940431586691759
5912186,4.091049239394842
5912394,2.6403952064760734
5912431,5.894421652082534
5912437,0.28365448643168656
5913117,25.84531658793459
5913433,0.35995089569803423
5913880,2.307009514351824
5916607,4.38180977169669
5916702,0.8250838372669274
5916926,6.612017888422653
5916967,14.662676678521311
5917190,3.414582018370442
5917574,13.61006405644346
5917689,0.12678190785352497
5917981,35.48141921505948
5918002,0.28684590906253976
5918053,16.663307718093805
5918653,62.82569181209621
5919348,5.978997142753401
5919646,7.4860771007669396
5919967,32.365320078413184
5920088,0.24360545079025345
5920109,20.799709060474985
5924806,3.663603777947374
5926506,0.4311000561715545
5926953,69.48903717670466
5927568,15.300087910928768
5927667,7.740748709453114
5928954,5.981922366731405
5929064,8.764579195076433
5929637,17.22877207579924
5929875,4.03933179222353
5929910,0.32354065340073834
5929986,16.052935337093082
5932068,64.4738890687509
5932092,6.001880714950523
5933801,14.265075969028375
5934051,6.689158345926677
5934255,44.01375128162318
5936796,0.4905968998471944
5940868,4.101920693785873
5941556,17.417582559475598
5941782,70.65144611398239
5941888,0.8257957049943079
5942682,7.13359859805546
5942843,12.13596072296114
5942962,23.847770721921297
5943265,5.110960394339609
5943508,1.230917930271639
5944801,60.08227957125034
5945116,24.135795165409924
5945548,0.3173877490269545
5945685,39.64633723430292
5946137,0.291122773532225
5946845,47.288032146786286
5947031,2.0965228750707094
5947159,41.96760937826016
5948498,0.9753391527407363
5954479,0.11194802808114188
5954758,11.536072760936399
5955722,2.978877288176394
5956344,1.9453086780588136
5956573,0.9437699093047006
5956695,3.0721836802693727
5958299,42.04501639089663
5958772,20.711989044061184
5959211,0.4776565743175728
5959576,4.983546634284232
5964902,8.139586105979596
5965198,32.59035935750813
5965489,36.09722947317107
5966669,1.3907638109641411
5967489,40.48796780275111
5967741,0.6046000927391897
5967998,32.84957411501146
5968683,1.9500386802004832
5969152,20.21099700912624
5969257,8.458890588606195
5970229,5.52745262368418
5970505,1.6870151313893371
5970552,30.96232960351885
5970736,1.0613346437595117
5975179,75.40261908856485
5977861,25.82673571151617
5978202,21.0575204775343
5978558,48.79666439379104
5978999,79.60195143179058
5979675,17.787026582323303
5980191,74.05302976402143
5980214,0.41905302575676445
5980403,6.9963504269712145
5983591,19.025623337231963
5986107,5.20655784397407
5988468,7.727783977284037
5989087,86.47471412015697
5989289,2.8524192463596596
5989511,0.2751007178914396
5989927,77.742191536799
5990467,56.05605837913801
5991227,8.687549985188982
5991436,0.8886384340490299
5991511,0.25465806412737635
5991522,0.21182203909759081
5991675,16.177310549368418
5992154,12.656536590664413
5993541,67.62776666491683
5998942,7.85473803481211
5998978,0.44192207946272344
5999400,0.6149068012673468
5999780,2.397187938973281
5999786,24.826290308896414
6000785,73.07870311408179
6000898,29.918016955801637
6001031,4.598012162289407
6001852,14.216118820465388
6002382,0.24942685821983468
6002432,32.120415799827825
6002889,35.49042013506045
6003650,4.176378109271906
6004012,33.84936106435034
6004200,2.3019202449547005
6004659,14.163029293597555
6004786,3.1235584697638044
6005078,0.5183680972228911
6005868,32.39274958844322
6005919,24.573900252630466
6006270,0.27674797390062905
6006711,0.20064005060997228
6006837,0.2528888499261565
6006934,3.450865683951852
6007063,34.22747693707831
6011933,57.05766720520541
6012187,33.6181621521552
6013897,31.96740330053632
6014718,43.68470325502896
6015754,1.1443810221384694
6016357,17.083215038888053
6016379,54.85530094259378
6016943,2.505809298064366
6017036,7.045553982299244
6017043,0.39206416889046997
6017408,2.0658766017982337
6017870,5.521630259294775
6018151,0.9446274269744197
6018773,15.28215298968256
6018947,2.7329535562367044
6019594,8.724767437259061
6019950,20.63765727904356
6020055,0.8102497163132141
6020382,0.2232586257608673
6023683,46.695710807607036
6026166,1.074732783660582
6026762,23.784321751105587
6026840,0.24370807574067901
6027412,1.173395100472584
6027434,31.3784742317378
6028165,33.20708578081314
6028920,0.15104325718925463
6029117,77.19419659580028
6029277,2.376749804048074
6029549,16.664547147443216
6029987,29.478121726810276
6030210,25.947109814255693
6031001,0.5615169985835812
6031045,2.4775305022442913
6031431,9.980762060209656
6031615,0.21973337863635362
6032077,46.592979405869954
6032730,2.564749255291545
6033169,21.90982381907248
6034467,69.81968669133855
6034581,72.96344033095608
6035510,51.98881883022811
6035520,81.00116381562628
6035534,77.01825017247067
6037422,18.900534757571382
6037761,87.57211863570272
6038158,51.74370964427584
6038392,63.3103894376228
6038534,0.6637581719331554
6038545,13.067976135020633
6038586,73.55312346980841
6039238,25.059240716769224
6040119,0.37039183903371853
6040704,0.36381783430998776
6041377,33.05421623580437
6041914,2.6565621715593593
6042059,20.085873939993668
6042151,12.261669122593927
6042555,67.3226655171643
6043315,85.68919658807029
6043436,9.942040338710244
6044648,16.499529313707786
6045049,0.29637300369479225
6045055,51.32007320091844
6045552,80.23400711226053
6047095,1.0895215203957958
6048412,0.20959332737615266
6048467,5.604661102458138
6050825,3.9965381597357035
6051856,12.952308680860243
6053457,3.294753119654009
6054194,0.312163618128273
6054335,12.753746945544194
6054605,1.437844451565225
6054656,4.205950742221323
6054864,5.288927008854369
6056835,11.3921933790163
6059556,4.766897974816268
6062060,20.784531164025516
6062168,23.57132830879338
6062593,0.39790637719066985
6063050,50.88768026250898
6063060,0.16970322750427833
6063063,46.74235453580729
6063782,1.4593431861031556
6064471,66.48319480198049
6065370,4.7905982291055444
6065647,3.752076476623796
6065786,1.4467482324235355
6067536,74.5415326978452
6069703,28.400829419511496
6070550,19.71862660285185
6071153,0.2378730065755166
6071347,8.543784226704993
6072842,5.340247626464111
6073953,19.843422962695712
6074091,8.242169432208737
6074676,11.65338387304439
6074746,8.018639800928431
6074791,5.316193526723771
6074975,38.28489772326094
6075330,0.8762268508322155
6076131,0.331645742397744
6077282,9.035124960070268
6077361,0.7060063709100832
6078066,81.46765026911056
6078300,4.876227781469267
6078694,1.7009480981755831
6078788,12.8330837149068
6078807,10.390859073453806
6078896,7.945579966363219
6078897,3.7076905008234062
6079079,53.92652642097267
6079378,0.5824041311454827
6082939,5.453080835400974
6082991,4.703639442041024
6084475,77.1256011378366
6085932,0.21648822389507313
6086137,2.31230759084592
6086460,25.312033022158527
6088813,0.21530736542245235
6088910,0.4682458501420052
6089007,18.488816317690056
6090216,0.8624290664325411
6090396,1.5035420857641493
6090979,5.555010917211445
6091224,8.276537848870472
6091425,0.7755882438811921
6091493,28.85748460329141
6091850,71.60185197615417
6092004,4.2148545350559
6092130,0.8838513644424107
6092369,8.068686390763485
6092625,30.274801083690488
6092743,34.834760576436615
6092992,19.937391854981694
6093217,13.559634946065279
6093459,6.486627696711688
6093625,72.02861789888387
6094597,36.75233201615644
6098755,4.5973032322736795
6098975,4.075002519140592
6100031,14.69512404440781
6100514,5.806695957091063
6101104,4.407758323720159
6102693,10.139543814700962
6102844,15.109794093797179
6103146,3.482353582781447
6103273,70.31999769940717
6103761,20.94907098618065
6103774,62.6341659644902
6104557,62.75376685753062
6104637,67.33242549875264
6105142,48.09853282826603
6105342,1.0042545502526468
6105581,48.82619721004947
6106273,11.931900666327959
6106445,5.199875241234119
6106676,19.72580540602262
6107289,14.406111429530702
6107592,36.39936149308894
6107614,67.74906765223689
6108703,18.232475524523572
6114300,1.3064444484731057
6114908,2.6347377609750677
6115275,0.21071782463685665
6115294,76.1269912173846
6117378,0.33627009031055993
6119473,23.56667105694578
6120276,3.025004685019664
6120501,0.10927579350811387
6120617,1.1799304896964153
6121052,36.35963415032641
6121231,3.8482234526823813
6122120,1.8886297688371638
6128347,0.3140590523287823
6128992,9.167825883772474
6129137,73.93189694047342
6129825,1.7775401074160393
6130045,39.27434460231359
6130145,72.28567000685878
6130929,3.2617028499524565
6131266,0.2669715640329997
6131606,47.931841078673806
6131748,0.25011360971247926
6132230,20.591820959976804
6134199,48.57749045459303
6134448,2.106450657717747
6134600,0.3100603108782138
6134906,64.78798630940835
6138423,5.228624921529395
6138632,17.105219557526276
6139914,0.300970423343933
6140465,8.510995008599513
6140503,27.971646201025344
6141299,14.675933240314608
6141401,68.31798871523685
6141815,3.28384709661814
6142363,20.8603698665794
6142603,5.794730532051802
6142976,0.42935416866629544
6143307,4.349776783216921
6145011,0.4849371353421068
6145107,12.457143934833748
6145124,0.2402175661221625
6145263,0.2034855703536686
6145636,3.533356966973101
6145657,84.9186366884358
6146238,0.2893969152370211
6146643,0.29709864827676624
6150778,0.25629349736617396
6151241,0.40005492502679346
6151450,1.4944285575390583
6152478,2.807733438233375
6152725,62.30338132347388
6153194,0.4554582111258102
6154291,10.652172772761011
6155492,3.441585230445407
6155626,57.72492355739949
6155904,12.428759393645324
6156278,0.4168329789184335
6156319,0.7284004295985875
6159257,2.5642961554540213
6161282,66.50804528069888
6163297,24.069290648065042
6163758,7.9045342586496075
6164338,2.3017306480743596
6164719,18.13062136029758
6165032,0.2194181834682479
6165832,5.859504112445289
6167141,4.073604418140387
6167683,7.466797726939569
6168027,0.23683540549285476
6168663,2.7525851349241113
6168880,36.96940077513729
6169065,72.87992470794063
6169335,0.41064263543849555
6169377,0.5133156444798989
6169412,11.348327830535256
6169981,7.273719339844545
6170203,35.99359572315767
6170239,43.219311480043174
6170486,55.02116511491257
6170705,23.775230840538914
6170772,11.07387375073742
6170933,0.5498587358711889
6170979,76.2072908564785
6171026,1.9267885813613823
6171318,9.972325668782686
6171382,31.271360709066343
6176419,12.621198397917938
6178287,6.290797725978129
6179073,81.82948669279226
6179139,2.732540392289696
6179176,14.562126195749187
6180121,59.391772505615045
6180208,0.8189899011417471
6180244,9.75686337415695
6181272,0.1217456253567936
6181309,47.4522276571033
6181957,0.3479379427447513
6182796,16.407553654010876
6183925,3.7924713356225155
6184149,0.21786265265137117
6184285,40.201154305596425
6185426,19.35322864557554
6185452,4.428594036839376
6185599,65.83798329351667
6186089,0.9148089545143978
6186325,0.636834687134633
6186628,23.966833552145328
6187204,15.019009048809853
6188014,0.7345160754990798
6188022,1.1831828930043762
6192898,5.832500506515331
6192999,55.36458856453628
6193057,8.750042315246274
6194377,87.90014115331134
6194718,0.2177171131109368
6195710,0.8703412208165937
6196354,57.649152189506395
6196481,0.1128360423468974
6196860,0.4369330629746204
6197119,32.56268689330767
6197134,49.59685813250468
6197170,0.7410222329262636
6197760,14.118657656718831
6198343,28.28283112416191
6199549,0.29712459627889276
6199555,0.7089555282526108
6200390,42.95262983046767
6200457,58.59462307518052
6200613,2.0563591367832856
6200619,0.11655823181416979
6201714,0.22912258954142656
6201730,0.442073362891781
6201900,83.1101605422141
6206462,80.67484943406576
6207839,0.36486228882545707
6208796,13.690409306628784
6209084,11.864460287148779
6209147,59.725226476419124
6209200,2.348495960755483
6209309,3.984815186864128
6209427,2.2997283124913457
6209619,1.433785382088933
6210155,2.9149461589709365
6211055,19.054456112381775
6211624,0.284237260073557
6212962,1.3390738422964408
6214452,4.138827976539193
6214748,0.7670216724326262
6215083,24.548018838387396
6215984,44.453404496104326
6216166,13.589689396473752
6216318,0.2614935986416917
6218730,17.043868952689206
6220085,29.11047802941815
6220514,27.990716197211352
6220699,0.5226615423374249
6222149,3.5241784018822884
6222376,3.6068275429018564
6223413,31.21208248259781
6224396,1.0566233877750597
6225153,1.5327378958334
6225501,76.5014414703714
6225968,14.84955336401972
6225974,42.745469578405874
6227059,7.352790235907039
6227345,74.2661082137014
6227944,7.133939383240059
6228019,61.33536071041219
6228461,73.07863469812575
6232150,4.3304100789356905
6232203,12.3172426437873
6232720,82.03186319624238
6232987,0.2077413204187366
6233889,0.39298587702238663
6234096,66.81876480813223
6234725,13.690340044874313
6236899,35.09364500885081
6237065,0.5948146982782764
6237175,28.77562281052456
6237403,0.15056086084966702
6237974,73.78980449003734
6238281,0.20616042367784676
6238314,3.7975827924063017
6238495,4.271305797942437
6239016,0.2687569091077697
6239106,1.2886821618286395
6239508,61.70844772613604
6239658,5.247947058882405
6239848,6.007979752695879
6241464,0.32518662687342254
6242355,7.945541172685027
6244089,16.081124261676226
6244309,3.208443371582973
6245792,76.8120626581689
6246559,1.2678672012453212
6246562,17.86889396499376
6246681,4.249886581208124
6246825,5.463478919304112
6247046,73.65792343336848
6248335,29.69125458485801
6249465,0.30828591385441556
6249946,0.2731873705332269
6252815,21.844614126023504
6255597,33.57258274453377
6256019,3.851782587538065
6256149,55.18081028370574
6256470,17.27616643436724
6258065,3.1362302458824463
6260442,60.88483683664835
6261128,19.41101834928389
6261610,37.56166698654137
6261696,84.32284328992188
6261940,7.91392048286088
6262339,2.7909500911459384
6262496,0.22056879678622582
6262562,0.29626762023706027
6262631,6.449913517514389
6262812,3.6900383176781806
6267938,0.9934137342065329
6269027,0.28658446650184544
6269610,31.297657295613263
6269646,81.64189615651343
6269968,63.991154058752805
6269975,20.07053894934876
6270767,23.861755019096016
6271152,0.40586964380573
6271429,2.650802933113799
6271491,0.2343775055442675
6271692,1.3126360225446123
6271802,1.852156327676655
6272125,0.21292602830886231
6272423,68.39240818739003
6272646,0.2184891032990277
6272810,4.385951845009336
6273469,0.2537643546704582
6274316,1.5733081935761806
6274418,5.5709139403573165
6274981,4.016826219965012
6276183,25.336844776680884
6276574,9.407197948404306
6276737,12.0837948204082
6277072,9.944957408945154
6277217,15.640947698961611
6277387,51.255487422053115
6277470,78.18063916734083
6278161,65.42173369909803
6279160,0.21880390939726316
6282629,46.469658051755765
6283028,14.521093098057579
6283933,7.351446447194453
6284161,0.30685506203872887
6284318,0.3727028624423849
6284582,20.718054899000926
6284657,74.67164237880415
6285824,0.22699139668414603
6285844,70.7285195679494
6286112,1.3121320211484713
6286307,27.68660793271014
6287438,10.723291195238287
6287919,46.433828161788895
6287961,8.104171915817862
6288004,73.91875743555781
6288635,3.521854898327761
6289701,15.315316137789871
6289837,13.14194237337771
6290301,34.795314534625426
6291227,11.87213099324564
6291371,30.734498815083974
6291454,0.26437014616252363
6291877,0.857518094789866
6292069,6.352735993693472
6292515,24.60518744800211
6292833,53.19173088112173
6292850,6.553254943050937
6292866,76.05008436423824
6296553,16.25495833084906
6297613,3.2698547409482828
6298154,6.722238327315138
6298807,0.7385938125575933
6299550,21.547601393460162
6299693,17.664007840153147
6300000,0.42392215246850273
6300191,16.77749789675243
6300353,18.428195022916206
6300424,0.3491606129631395
6300653,0.11620827203167287
6300876,0.2951980906776231
6301851,0.21419204737971007
6302159,0.23389329116901014
6302346,14.92607175627911
6303109,29.020684386988528
6303611,0.3854245769248011
6303845,19.581766089588942
6303923,41.26257572167909
6303950,1.0859886509433512
6304126,2.0604796133882126
6304362,6.700631154913785
6304848,5.730070583591139
6304948,2.466687976255871
6305097,4.5465636707891495
6310895,24.46673175841136
6311007,2.2284737624313
6311555,5.2596828863932075
6311716,0.30778412066109034
6311978,11.348657453117617
6312512,1.2030602563769273
6313203,0.13861076711084713
6313673,0.21552568796841728
6313782,16.454739018615893
6313994,6.978968105648521
6314214,4.601383588597451
6314380,4.252879053529426
6314389,26.01299543953932
6314561,0.21632520953118395
6314794,0.25573911280643474
6314972,7.342999269292008
6315659,5.857699863264956
6316005,55.95769147749198
6316666,0.31659584783712186
6317673,22.647708845835563
6317763,0.281442083457738
6318545,5.3781032314296375
6321475,9.498486792399913
6322079,1.1534418542368723
6322362,28.269925065746776
6323324,73.37116484669868
6323824,0.7645619435577145
6324190,0.8356730172788459
6324222,22.05908774189276
6326345,14.998065191514987
6326477,74.48092182380513
6326865,10.148309668423758
6327529,0.35418763073881393
6327543,0.2779572315026095
6327601,11.624911411180047
6329973,79.23840030762888
6331598,4.279640689542825
6333659,0.21832594284699927
6334614,27.55774558919977
6334824,66.16040402249914
6334836,0.2838319844181129
6335429,0.25177893508923416
6335490,6.9071305208252625
6335541,0.22898491764730888
6336312,7.5238440251467225
6336391,11.435506658732868
6336701,0.1386471895101919
6337001,78.91264098067363
6337031,30.070059249034582
6337200,0.15252268242372763
6337739,9.464763141397366
6338068,12.818335379436117
6341337,3.4638193076956423
6342493,6.646026098904303
6342741,21.223908211654802
6343522,5.949955586452484
6343837,0.27312122103910824
6344052,0.22472025613281296
6344759,75.51540217999064
6344926,25.677229530195984
6344936,2.3738063978375927
6345234,0.312043076590946
6345545,0.6409837764715014
6345728,12.80338546521824
6346275,7.331323543337964
6346456,0.5689979616896571
6346496,7.643077984228041
6347729,10.608621967337276
6347828,1.0107867460432536
6347853,7.239172370072867
6348490,29.206315958810656
6348548,0.7165013554132761
6348625,0.2405436238887669
6348659,59.41995057278395
6348998,10.833162919026215
6349151,71.73754221535111
6349304,14.751745044717058
6354789,1.483481413096566
6355471,83.03702449492482
6355972,0.7739704271198768
6356102,14.216128332026711
6356197,0.1585055288066552
6356366,0.8878176021342193
6356569,55.80253785107224
6357416,0.2624473127144676
6358080,1.378833649860707
6358641,27.28918853006892
6359111,43.61024262270613
6359526,12.008901136757709
6359643,26.804275812205386
6359812,7.160005250554294
6360200,79.24984738799529
6360224,0.8346899012737489
6360527,0.3605896590776198
6361102,64.26304799520484
6361204,0.4120653252814143
6361313,6.2297613060595785
6362051,20.556843676830713
6362684,13.378930790055566
6363293,5.733060235774532
6363796,34.0248664905904
6364117,0.24212667799747398
6364150,7.605235310473995
6364522,41.079845154028625
6364762,6.864513632872126
6367973,66.15304886506922
6368139,55.485020270771756
6368482,24.94078604687959
6369389,7.146459607050775
6369795,0.887870351592018
6370032,18.328465819222323
6370396,14.891653001997948
6370695,0.2578811930958496
6370702,68.37923662272834
6370755,0.2131821472078559
6371117,51.06023886797115
6371191,0.30524909394345323
6371241,0.2640149635383062
6371373,32.77650575513365
6371588,4.1055991837325525
6371593,0.7622583136764309
6371890,0.22133501571317804
6371982,19.831119797543746
6372728,0.4040584959885809
6373149,4.7196858834115645
6373238,8.914620198342977
6373582,35.606378708217406
6373770,19.319941347055483
6373790,3.7895497156924316
6374332,5.55298394278122
6374412,37.62210622409336
6374545,0.30040929356225776
6374694,18.464224738199565
6375331,2.298494168087125
6375998,0.181533021178015
6376008,0.40765949831001114
6376519,0.7761311944331865
6376606,3.7042811713670263
6376790,74.92746060475154
6377019,2.785439404580308
6377384,15.145434273988805
6377527,9.552391018567674
6377624,10.714528106293438
6377669,5.648080086186142
6378279,0.5716941171775894
6378804,12.741582613790165
6381574,20.212048996193964
6382031,14.074006032274065
6383035,1.3269946587810535
6383296,4.172256111587059
6383557,58.09961947738061
6384003,0.4956136676360306
6384378,0.2763213827282028
6384544,14.094195656609806
6384560,0.37830423049005724
6384622,12.0790807145449
6384741,1.008787813767347
6385039,9.21093184130532
6385199,5.636392492021367
6385364,0.22233302680536418
6385528,0.35159975568328994
6386141,34.968616110051606
6386992,8.335433479845312
6387424,2.2998173264405417
6387831,8.428708342584804
6388047,0.7867315863079015
6388137,0.2857997948953772
6388154,3.597277127707511
6388744,8.98707607786383
6389473,35.91113983630274
6389685,0.8889089586968575
6389979,38.99198611222029
6390282,0.2531830633749031
6390777,20.755273171858725
6391252,1.0207961907365104
6391438,83.30501612013967
6395425,46.3728809337396
6395433,49.85187742894564
6396519,0.2225002170709089
6397899,19.53642323686685
6397963,0.39548039427630416
6398393,0.25505359586925735
6399285,2.9594261067595276
6399305,23.740011496065136
6399885,66.54145550303534
6400170,64.01478167099951
6400255,1.1638117278516245
6400482,0.2657975703429907
6400705,43.93352270204897
6400812,18.765734985993447
6401158,0.7725284594914116
6402661,2.694076262240335
6402712,0.3573424648158511
6402807,0.5154525384491654
6402808,7.923499705847902
6403342,8.907055067223846
6403741,0.2232932971039049
6403745,1.8320644585684829
6403755,0.1313551930179717
6404432,8.900549592100074
6404584,7.645769159932478
6405859,3.9933240207812224
6409060,5.3760666586395285
6409436,0.5737011628333489
6409834,12.262705456236207
6410814,29.84616870072245
6410862,15.7874622707589
6412116,4.27658574572648
6412146,10.61807938916296
6412693,45.73769184654801
6413009,5.484214334367625
6413242,6.639253938607908
6414410,28.639419892021063
6414925,66.42824730802583
6415974,5.07400681492064
6416262,0.5194767097059306
6419491,0.6826138605663757
6420148,1.5269983568566412
6420850,0.22175389987010483
6421257,1.330337094501318
6421335,0.6419312982552846
6421429,12.50399696752781
6421799,25.29186875151236
6421823,0.23170382337980053
6421977,2.5985750661264593
6422186,29.3581459462692
6422190,20.3344269057222
6422360,0.3054723576980663
6422646,2.305631672110244
6422762,0.38795608646547736
6422875,87.54712638225054
6423130,21.319030797111044
6423589,19.446377527112936
6423870,7.865652646493769
6424203,1.2684592810009365
6424836,0.1663492369369658
6424952,64.33623901340522
6425071,0.8473932345137859
6425175,38.34680567559819
6425215,0.4679070409796876
6425221,0.214536402811456
6425751,28.930433340680764
6426250,2.6389669435142
6427200,73.1330678209236
6428482,33.731260833987626
6428854,24.762231424672134
6428913,13.662400279172516
6428942,0.49571152260276835
6429418,73.89505662963208
6429856,0.25987144392696643
6429866,6.2023546604960735
6429905,37.769643431472765
6431878,19.48299356920173
6433445,9.681404681309255
6433811,0.12484541821515684
6434126,0.7834259249191051
6434646,7.80203469969545
6434902,6.540101988588229
6436057,11.370091680465503
6436433,0.2334334986406014
6436828,0.26974289257399214
6436917,0.18238557018741133
6437069,76.3843732166676
6437194,0.12776212964104502
6437347,0.2506172003567652
6437367,1.6747304875147222
6437710,12.109307984186712
6438254,0.31080899263352724
6438456,83.70599437280843
6438465,2.2291550437254797
6438520,14.242050214848824
6438856,80.80197294479457
6443330,0.2076683429664422
6443513,0.6549832051936652
6444497,1.37198429309904
6445173,70.38165993498059
6445656,0.22994597332285174
6447136,25.41334822836885
6447332,86.5629309271885
6448687,5.969366630321627
6448899,57.91147734742811
6449002,0.24390917307010337
6449609,0.12160050591260801
6449703,10.869770706121205
6449718,24.84675501725635
6450018,18.72510704355208
6450118,72.07456926634705
6450230,9.470457786793222
6450240,0.6040928795927535
6450408,45.10788754919229
6450479,15.121071448719668
6450749,12.685748673528087
6450846,0.44858660350753254
6450884,6.065329136199428
6451722,4.393830464831352
6451855,10.242115663671822
6451892,0.24346817282110478
6452188,50.07614314368273
6452225,14.895167926469277
6452251,0.40161319408382407
6452279,0.24058736109968845
6452402,70.66613901934738
6452448,8.410132435877346
6452519,0.24717018090312717
6452534,75.99912084009763
6452618,40.69749292257257
6452764,0.21683790456681723
6452788,7.324614737930229
6452940,21.357456323256717
6456733,24.96524431071268
6456851,7.201176120026067
6457073,2.022905342452086
6457367,83.29596427653743
6458689,2.8569518475775455
6458749,0.21592285317149804
6460349,49.46865948661932
6460353,35.8629816517306
6460588,53.302754439201856
6460909,15.408236655845926
6461723,3.8675316308276826
6461789,59.87859814228178
6462046,0.2522152314645072
6462078,0.2884399982963222
6462192,53.53215079526871
6462362,0.7584559470041681
6462452,0.25709220290567925
6462513,74.76221412065497
6463008,8.870687765717886
6463009,4.7180694365860765
6463288,3.5624537435797197
6464014,28.125007426522327
6464032,0.6120288555256335
6464070,6.475176844269049
6464254,31.626330536366513
6465986,0.35911482344687046
6466315,3.7355713441559026
6466590,7.996954043068458
6466613,4.036548090134057
6466805,0.8080862302797543
6466821,0.6734616233924678
6466923,0.2362065631724177
6467167,0.3356043720263628
6467264,0.2766119882046607
6467319,48.9919082941591
6467509,3.263329149979154
6467815,0.3450915428532332
6467956,84.15607789161605
6472718,0.23578280273858238
6472721,20.333091049435666
6473307,25.40926255294012
6474867,3.9944004697881477
6475263,1.969489965011444
6475709,59.18201400370509
6476234,0.15705235923456212
6476426,6.36393420912272
6476702,0.2159888452635012
6476769,29.59673279237033
6477137,0.2711080569120329
6478141,0.9902453731701769
6478214,20.404213234852836
6478459,12.064222472250519
6478503,33.680866873514944
6478519,4.3695629071660775
6478995,83.02580129459712
6479193,0.29761232189615383
6479356,29.268081881927298
6479372,6.814546438138684
6479956,0.9933040854819445
6480042,81.85043247798872
6480467,0.5273988337620997
6480631,12.912760225138069
6480764,6.63685115319431
6481286,0.27055281057998637
6481743,0.6961177900584861
6486137,0.2779970854342484
6486475,13.73173090554142
6486682,14.317738961936238
6487678,60.233354682453275
6487933,21.59342241129588
6488411,0.2573873067718122
6488940,4.782395083909405
6490196,0.9763253676128484
6490295,38.99099372364186
6490689,8.085870482296356
6491190,0.1168994056698886
6491257,8.400507719788449
6491619,21.196817033759565
6491692,19.190813289777857
6492144,0.3911266876389969
6492190,12.627040627856667
6492449,17.95660549176693
6492663,27.04383688903043
6492778,37.75027862044152
6492790,57.92349310906758
6493500,60.015348858711526
6493693,12.213653069662458
6493727,5.282054767146218
6493737,0.23600588470549677
6493740,26.548251823881557
6493864,10.655403056539416
6493985,0.14156845040382696
6494312,54.51435913422539
6494374,77.31181863769766
6494798,43.84680460168842
6499591,1.1756875767547397
6499870,3.4183141978745417
6500587,6.189988166093324
6500674,2.1120930939634195
6501082,13.161850755195465
6501308,8.846791650335156
6501865,0.29667961580557073
6501996,35.41168910436606
6502018,75.2869696062356
6503647,12.957809768546815
6504176,3.4373465405587225
6504196,0.2723501687627545
6504620,7.56808264288026
6504972,12.826432490946107
6505238,1.4499193116155142
6505424,3.3811404944554626
6505490,0.5993260097982889
6506191,0.7916506193214324
6506404,8.708832351471687
6506449,0.21553230467551196
6507084,2.014208619277124
6508781,69.51795422210382
6509750,0.33517276922366523
6510123,1.4571754314739753
6510646,9.078287683463694
6511675,0.30725588470961007
6511720,0.22481731896986984
6511760,37.746021413845014
6512107,70.60046496564308
6512248,9.923008725648435
6512429,17.6311987532815
6512627,2.4558290590824177
6512774,2.1645230570766296
6514160,53.09436118784078
6514596,68.24108594556539
6514861,1.8962133607461942
6514902,0.19469299281354477
6514992,9.467299188197686
6515263,56.3293714893566
6515318,48.31270801295271
6515475,0.5284297278198337
6515562,1.51995209307204
6516045,7.975922976895267
6519873,32.01297603979874
6520005,13.269828815513874
6520350,31.016815134107798
6521734,0.14060871374279973
6522426,6.840487965550447
6522629,3.7487481469749047
6522643,1.6427487257591222
6522849,18.33083523684518
6524331,87.053548847782
6524590,48.299087790491335
6526579,4.390624196989179
6527142,38.777874030426545
6527387,0.27664337082844975
6528869,25.75344469596575
6529564,0.9615256351482959
6534409,2.758765615122606
6536047,0.5522726655862402
6536702,0.4986350457046078
6536719,4.228274799514341
6537985,32.190541250747586
6538963,76.40762803616236
6539114,0.2855982342566028
6539778,59.53660152923927
6540533,6.292517589740423
6541532,84.72717601978495
6542929,39.159241920271484
6543312,7.293960574179007
6543609,0.917338201653134
6543687,5.485449814655119
6543852,11.19104340172669
6544243,74.46830565419235
6544315,12.08917192949711
6544347,7.703005801462086
6544586,1.2770743232606165
6544638,12.859091115611372
6544686,3.2700239728137777
6544718,1.8890386641275392
6545392,79.92865625231428
6545427,2.333032223584198
6546187,48.250752437873494
6546196,3.044338233335419
6546210,69.055037150015
6549918,0.234757671319754
6550380,0.1434313590990071
6550702,7.983370303928368
6551650,3.116051815354434
6552694,18.266942718373738
6552799,31.456454329529446
6553257,73.26203543161888
6553559,69.43442179715409
6553655,0.13229198902884023
6553874,10.71407214893612
6553881,16.509985153865685
6553895,4.663069086725131
6554200,27.356637958559848
6554479,10.604575080500437
6554506,0.4400824900074218
6554731,16.63620609693484
6554910,0.37669925727094733
6555289,8.828818402397097
6555427,12.004637339300496
6555527,14.251865966959278
6555586,7.578970437049575
6555712,0.17247481301734202
6555997,5.454147149708913
6556105,0.3028876219658568
6556843,0.5081677023358454
6557022,0.19861492068778042
6557095,73.83995485013203
6557211,0.2155678079662109
6557289,0.2106687480190662
6558650,0.2549390501697802
6559193,2.88483311541096
6559232,18.755815997566522
6559538,1.3289671974677202
6559631,11.00508210054304
6559662,4.369617354303652
6559926,46.61877442859323
6560165,6.13028615125907
6560257,18.219003093232274
6560394,83.98141114053317
6560717,0.45563918914837204
6561192,0.14209513049741745
6561301,38.253386308119524
6561328,0.3299266210478907
6561509,9.05735692015893
6567114,41.86307136734147
6567188,7.405182588516196
6567462,37.70079629179046
6567481,0.21173043360892713
6567966,36.80965425444031
6568008,4.558785567370634
6568093,7.133056537264437
6568302,5.713046109405907
6568335,4.343373307589342
6568363,2.847871882322625
6568625,10.626730313686188
6569403,0.20240981659716803
6569412,12.763642496157013
6570350,0.16529337930558693
6571441,1.6525786865417533
6571456,7.188849129277326
6571682,8.074943917611755
6571767,1.7431271828775463
6571860,5.360659552152081
6571890,51.90384972843673
6571943,0.335646160021497
6572382,0.29612468046076457
6572527,0.8293278951551223
6572570,72.27280256615357
6573229,6.853212886693881
6573732,1.0997937725447757
6574353,0.28321527230085525
6574595,2.9409612695508915
6575083,5.157773085082433
6575789,76.96546431835314
6575873,30.68253838932645
6575907,13.550886301364772
6576027,9.40436607764156
6576336,73.44260251834402
6576463,62.1462400525219
6576557,2.851273639758805
6576628,0.9267710906624019
6576633,0.14927451955055035
6576768,0.24018878873872812
6576933,15.054539869060642
6577178,3.6856273246234315
6577187,0.2338969143586415
6582117,39.05311963387693
6584626,0.7353858188397834
6585028,73.98678840918727
6585334,4.251076625506348
6585424,12.194306157904443
6585852,0.47777553724938177
6586028,74.73270836905306
6586181,66.62753301181301
6586663,69.44342785377448
6587414,8.903671599566005
6587687,13.355478714102981
6588935,11.636445494789529
6588947,7.3086610690465665
6589338,66.52836073124561
6589520,12.234944895735893
6589561,43.66597989748979
6589884,16.563917477691156
6590549,9.100202199548008
6590570,71.3862095692112
6590612,5.510196504993906
6591796,0.34960957819237237
6592944,76.00995950367378
6594136,17.43413242887725
6596268,13.716123277832434
6596562,59.90747190202775
6598720,3.360533751735695
6599689,0.3669474715009869
6599950,0.8111852864183384
6599973,1.396486269193297
6600078,3.849833982292424
6600755,0.6841537196096433
6600878,63.16095250603097
6600953,0.33752347705360225
6601409,12.59570143320577
6602762,1.5538994680754918
6603170,0.46894367734382575
6603534,72.10161620201127
6603602,41.684105353037445
6603756,17.064992424385327
6603830,65.08524200063553
6606910,18.50559668414554
6607086,34.832876244345286
6608246,26.242965093056522
6609871,19.02874226071394
6610629,2.7338544537888043
6611314,23.696769873918832
6611380,23.78962039414282
6611505,0.4419819755210703
6611547,86.88349922324348
6611557,23.751374751176446
6611857,21.7404684579508
6612664,34.40858275915941
6612744,10.889653067850931
6612751,72.11765827482716
6612902,0.3613487799054561
6612996,10.721679101916347
6613154,0.4280147682875612
6614034,1.604915688897934
6614078,10.975303651624422
6614105,0.32220945607830553
6614486,3.1906312750855066
6614604,1.6959128466432263
6619187,1.3225078317039445
6619518,14.148666913736882
6619768,40.198952209385475
6619984,25.37735276098791
6620407,0.42713513119579544
6620897,0.36049476329873664
6620912,0.38449238448277995
6621344,61.70739352205494
6622389,0.40150249428012136
6622401,42.845542582345985
6622792,2.285131526136829
6623330,39.24758445047092
6623399,0.7095784168229596
6623425,0.5722993030331026
6624045,0.23627859260136005
6624467,0.3820731965598407
6625406,7.561006541836551
6626027,0.31165280877507096
6626066,10.810813103584275
6626121,0.32395234819863855
6626652,0.18241452045458717
6626894,0.5943988043876243
6626896,0.18095244848454142
6627254,3.0328429986945236
6627472,2.2375379306674232
6627553,49.70103914015305
6627668,0.38170282015389145
6628092,25.46988884683946
6628117,0.41220235628276913
6628489,0.23671688192303303
6628599,69.13488034270915
6628731,11.029343636839734
6629478,1.0430153084669191
6630037,21.39765226044115
6635179,73.00614530493706
6636401,6.91154866351009
6636906,1.9615156581306215
6636993,0.27613697773135065
6637311,8.853136677911838
6637692,65.69279164586823
6637806,29.296212591300566
6637985,45.00331103498881
6638042,26.04844101120755
6638170,5.951819464148211
6638446,7.801364671117591
6638953,13.695061353995191
6639114,6.479593090365294
6639120,83.61348419412556
6639226,10.334092351126296
6640227,2.3492751446242535
6640469,0.8311930651261725
6640642,83.96147838530219
6640703,54.33611492247975
6641053,10.662016560354592
6641564,0.1270060512861397
6642469,44.21445173040238
6642884,46.2954943952011
6643754,0.20731379911593775
6644283,69.5034749824901
6644355,7.565298497883072
6644580,12.511214499943828
6644582,2.5273913318436256
6644669,5.311947789948627
6645108,12.627866012424889
6645263,6.344371955957213
6645306,5.521659637417171
6645387,74.34799864252223
6645634,23.306295740848885
6645963,35.62067295311602
6646365,9.940942894787405
6647744,3.6795180158807543
6649555,4.752259180447141
6650886,4.648655868531242
6651107,13.455401107406278
6651156,27.43270668354815
6651857,0.2673602294026786
6651949,59.56190769701534
6652170,2.2674508787923506
6653903,6.509726750679322
6653986,2.7140583491049717
6654081,0.7761983254101612
6654202,16.713631225925422
6654863,35.86519585745881
6655895,8.972402464444803
6656441,0.497683125170311
6656880,6.346158678085666
6657134,2.4042883132112856
6657708,0.4420914936620496
6658537,82.39525548869999
6659165,30.839102437555344
6659371,0.5211199538229534
6659963,0.8921011811377889
6660330,31.339409923593564
6660373,6.219514907435707
6660511,18.56057640848412
6660835,56.157732870378084
6661170,2.395446450808607
6661700,5.178543819891796
6662208,0.35536145338768876
6662234,1.9019050272653772
6662257,0.3010747357217149
6662418,0.3082055717092117
6662487,69.97620653906402
6662495,26.636913833580937
6668981,20.39211397015294
6669183,0.2867363946746211
6669199,1.533065906330279
6669443,0.3633105055715529
6669637,10.843681077643263
6669950,0.3822377274760269
6670064,8.720091915688489
6670272,0.28798865787739647
6671179,2.3065325260211242
6671315,0.9792623098796317
6671557,23.046157436389198
6671805,0.3068386986237826
6672257,45.24121512314976
6673174,1.746984027675951
6673638,1.6304537442722988
6673748,26.695560257214833
6673773,25.574264027994865
6674155,17.132304067221433
6674342,0.965066267895372
6674482,0.4665148048262438
6674505,5.14409400497622
6674686,56.2862897188659
6675194,55.31763938244718
6676066,11.299870881653119
6676250,6.693168766172896
6676383,6.427120852844028
6676721,0.3162625922223994
6677108,3.63538236940469
6677109,0.9628146149902589
6677204,3.2632578293223755
6677292,4.249564770813883
6677647,1.0318169060300915
6678163,2.1257806777572306
6678262,4.966162455418855
6678304,0.5827700955220151
6679063,1.1454313187488732
6684189,14.355410353184466
6684355,2.7243817879281313
6684697,19.58387709321928
6685156,11.836255454710086
6685697,51.42064373887609
6685818,5.540215019410324
6685873,0.4615835599998364
6686140,19.804600940621942
6686332,0.4096150395580366
6686629,25.659797370565457
6687404,2.3382326980641537
6687816,18.99714380847163
6687855,0.8041099127674256
6687933,1.56843509839121
6687976,1.3997588955762366
6688119,0.30904083876139754
6688207,0.2905624337668944
6689092,2.6114465196776195
6691005,0.46728556440582175
6691723,4.000894187369352
6692191,4.058119744997895
6692571,59.24491493062981
6692586,2.99981866199721
6692633,21.422340357559047
6692735,3.8847968718263335
6692743,3.7570754139925087
6692786,4.727677282073578
6692975,0.7188397210036928
6693788,2.0207305161629403
6693942,0.6794114158306308
6697715,1.1019553412196403
6698963,1.9105369728526913
6699103,3.7000341733194766
6699291,3.9949074198949854
6699826,0.21973081410643963
6699837,25.334150066193406
6699912,0.4834108768038747
6700345,1.379350899630421
6700461,0.4509323394165083
6700541,77.01111756553179
6701002,30.726473867192333
6701223,0.20283384696320594
6701543,3.8980116936522227
6701577,66.31723837201699
6701818,0.67649946388275
6701970,6.689378433418415
6702293,2.5761855861256286
6702379,7.623875037304232
6702648,0.9237362975504454
6702816,2.668119778669593
6702912,0.4590230025516278
6703091,0.33824743602753915
6703106,0.31847580594464703
6703191,0.2638325881596204
6704000,0.5178365568944914
6704247,5.71721626297454
6704291,29.28969861927445
6705413,1.0237684481103855
6705606,3.055929322802459
6705784,0.12687349417347935
6705858,0.20532515416556485
6705984,77.07795107626842
6706132,1.4883546788462658
6706263,6.289996177607069
6706280,28.976978759491278
6706345,7.571373899996127
6706703,0.9849177567972778
6706708,4.012604447533956
6710367,0.19383464158652558
6710420,23.200572652894614
6711306,0.411601991130345
6711524,0.18329402408106563
6711671,0.34774763088933885
6712618,0.36369053485576625
6713005,0.42616924459300487
6713114,4.983081484947807
6713436,0.5024406064063633
6714006,0.28070767538791924
6714685,11.676201740447317
6715369,3.553365145871271
6715399,1.6811218880693621
6716034,0.3329236599452009
6716147,8.1301899654286
6716199,0.4997620295054395
6716218,0.3430643237565792
6716326,0.384885173678888
6716340,31.588324995622617
6716400,0.3181383304221662
6716695,69.35163508847002
6717076,6.445769733201653
6718257,0.8738582948233451
6719207,1.259993293558527
6721253,1.320994535077703
6722338,0.4771169504568938
6723035,23.816187875923237
6723207,0.47997502335000836
6723500,13.46746338952479
6724266,24.951153112809887
6725463,1.5826777527721776
6725469,0.8068659693662323
6725819,2.2725053000301445
6726274,9.71689460819206
6726308,0.3542011161114456
6726337,9.948607346052015
6726702,0.3894143565356591
6726748,26.119119842420382
6729250,12.371663789445883
6729383,14.956765843823455
6729778,2.7074637679786018
6730582,17.167550800051096
6730680,0.8760611362450557
6731170,0.7808138876883597
6731445,11.792393214783631
6731463,8.107273436611125
6731830,6.7128759061380645
6732446,1.7057724660694356
6733842,53.740963208664986
6734340,10.958052441501861
6737827,83.76515345711412
6738639,70.56101783752509
6739145,36.92717792591465
6739520,54.13254437119836
6739776,4.462297593963268
6740143,0.9701966933646718
6740465,0.4545735147183237
6740606,0.9284730443646382
6740840,32.98038299719118
6741023,4.772474691471736
6741094,0.4019247617598315
6741111,13.147875839962872
6741922,0.7341420738118234
6742121,0.3137635060290278
6742244,1.2091959293264551
6742250,10.746845985201627
6742680,29.59765908984111
6742993,1.032316065809125
6743210,27.44118875134051
6743346,12.157505902016453
6743386,2.5599134396616954
6743813,0.7365269645164202
6746003,62.97633987193425
6746143,14.296140188491323
6747106,49.302861636094214
6747109,76.09740226210671
6747193,51.01852009801151
6747308,14.34507744080193
6747552,52.26097560139855
6747708,8.844642168267134
6747958,4.056764280129419
6748710,0.33009413635227014
6748848,0.8332780482988248
6748873,0.48420958727323427
6748886,9.909997428610994
6748952,0.7279694696858501
6748973,4.396294036006724
6749285,77.26818540762481
6749427,60.18603626803879
6749485,24.282272000317587
6749612,55.44395485020947
6750178,0.705021561552439
6750191,12.361508896738092
6750251,3.9794684598886763
6750443,29.85740931606941
6753832,0.5902032465432656
6753970,1.5741194143995494
6756970,6.081528464690899
6757769,10.482120127110786
6757821,0.7888788728785144
6757929,0.2992154305899401
6758221,2.648013900219422
6758402,12.348683538786993
6758550,8.572224375760758
6758832,8.683498739950663
6758846,0.6932393658425998
6758857,47.590401747586085
6759052,0.7123718059437405
6759088,33.32730862486325
6759264,4.277233276310576
6759527,0.663144404008004
6759722,29.10119681198411
6760370,31.786505021274603
6760510,5.257321005967411
6760893,16.755143311105936
6761084,9.78138930625037
6761135,3.069011880529424
6761248,72.77106493111532
6761867,20.17737771235123
6763899,0.8938493546229976
6764999,12.308724092530708
6765002,1.3033348881764364
6765042,0.9261183370515143
6765065,7.303186463216244
6765105,61.86335588848317
6765570,65.92846259155938
6765702,0.8784324176060816
6766259,6.697895883184143
6766662,7.566720188288318
6766806,6.045129261988002
6766908,0.5095766218200063
6767252,0.42420172875296913
6767503,35.515398611872506
6767603,0.7028665413552706
6767811,0.4008551629718308
6770160,7.841458937634422
6771374,3.4503518731222886
6773703,0.3560531041225102
6774866,24.41929316962322
6776165,0.4921031813713629
6776299,0.74392659484559
6776698,75.51228641839135
6776711,2.316905992648309
6777026,0.9207960099828598
6777408,11.393383314023636
6777603,51.33878471772153
6778238,51.157763380273174
6778322,12.125796158191497
6778619,28.61330650708289
6778747,73.3972789248645
6778776,2.5862844497697246
6779326,5.208945365775508
6779905,0.5571148066262882
6779930,1.9992054570953564
6780207,0.3435113729031812
6780323,41.41444966397212
6780509,60.533385956473396
6781464,1.511709752013317
6781685,1.594670826109631
6781859,5.564338071525954
6782211,25.406584935591475
6782212,13.428620633927965
6782331,0.34718583518918694
6782407,0.8549590742188582
6782600,1.6614902705828418
6782841,23.989544744860265
6783518,1.0616582683764164
6783942,0.3572227358116954
6784171,1.024247513054317
6784207,31.68228665990067
6784345,11.806763945218805
6784378,36.72595091885305
6784453,42.93657480127268
6784669,0.7403091616913026
6784807,23.67821594428033
6785290,7.111939404035333
6788274,0.4865324335523603
6790870,41.17496858747219
6791173,0.8256415996500148
6791554,43.075098504303014
6791694,41.478692086626474
6791914,0.7667847635987282
6792722,11.779823453002333
6792778,1.7137464972141965
6793249,0.5207780033899596
6793382,14.73648312872126
6793654,40.58261733948316
6794912,0.8119038239665927
6794977,18.15160330883045
6795252,0.9991134760832073
6795356,4.25510689510678
6795568,80.5010341459213
6795657,37.76984763627261
6795918,3.460889853157651
6796014,0.4150162540611153
6796031,0.7182657440494243
6796058,4.524098573648847
6796235,13.586413119342742
6796379,14.94520962341131
6796409,52.99834957026561
6796474,50.692125843913715
6796994,53.12693164881606
6797129,0.7704519459262953
6798855,73.29309430702145
6798874,14.00119894097959
6799517,2.227095060941731
6799539,3.0439786067474013
6799542,3.1293301480475413
6799814,59.047919172528346
6799864,8.492180825923311
6799944,29.14262214616652
6799999,65.29065367220203
6800274,4.06800526645271
6800336,5.162543787965591
6800548,38.25170476883531
6800799,83.45105737492331
6804744,0.24182362871252072
6805513,0.8988209101702703
6805817,0.7296492647061712
6807079,3.907771812417197
6807281,0.9477107539489454
6807297,0.5864025884473014
6807358,10.648958600361073
6807871,6.621570970087076
6808818,25.397014732086912
6808869,26.535666775652192
6810316,4.858021005814538
6810789,29.098174291619383
6811252,3.1742847727686634
6811364,1.3686371756732088
6811543,0.7194842389895858
6811817,9.669942894328434
6812409,32.77503449988607
6812444,50.15041849313468
6812539,71.54536761854494
6812888,4.169390808082132
6812924,86.96193634253879
6813041,0.8472096847505183
6813682,0.45242761591890823
6817489,26.659476012373695
6817511,0.616356819437514
6818783,0.9530016304987909
6818919,8.07712985787052
6819732,4.50904989521275
6819990,37.558882520961276
6820129,0.7018835161947836
6820431,16.34458588233828
6820773,25.39429900078806
6821618,3.0767005629187807
6821916,67.66198905041081
6821978,0.7778142176225445
6822398,9.888574361805546
6822430,48.84600513767
6822443,63.140822961619385
6822471,54.56966193901756
6822519,5.501060059385123
6822535,28.221133087027145
6823578,1.1263341526089279
6824005,1.1869280921326621
6824090,4.342838724717999
6828417,0.7591416195073089
6828889,1.0707536930631019
6829632,0.9149776996975494
6829681,9.54795217309521
6829746,0.9082150529843972
6829990,11.744762869303768
6832599,0.9161982087079223
6832606,30.38903441164239
6833000,4.898170477431217
6833049,5.295636592674649
6833263,5.563314133870926
6834701,1.12039660448673
6834972,0.8202693762345122
6835487,0.7625246501767629
6835688,0.8576851091461257
6836304,25.539813991902175
6836362,0.7038013877841958
6836485,70.92873571115236
6836879,1.0927596211496478
6837002,53.35796594964163
6837038,6.219166137136001
6837529,0.6697347776840951
6837807,28.530152300818905
6839938,52.39510540604063
6842082,3.926007294477593
6842636,1.280497805218567
6842885,0.6733133742942109
6842919,1.2939677168211616
6843884,10.296882765963487
6844637,0.9751700045325876
6845913,2.6295857591085237
6846105,1.2701693722366538
6846464,8.235073039599655
6846536,0.4841592492329844
6846956,36.452957381749336
6847053,0.9961608481518986
6847612,1.2376866663654331
6848064,5.664377450492418
6848451,4.8830637229298715
6848862,27.329902276569296
6849332,1.0882430404456302
6849470,0.8761967178780828
6849879,0.9029204760836111
6850373,6.834685722266765
6850801,1.5339514803055858
6851685,3.590060859843157
6851748,2.827682804042867
6852513,1.48195449959784
6852626,14.442352363514432
6852664,1.2307806765908358
6853271,30.32720675716672
6853472,40.813752469464674
6853532,0.7464093366721014
6853661,0.6679150609361677
6853689,0.4466790517167596
6853752,3.8608672497411174
6853761,71.01497291840283
6854013,1.6369411378532965
6854104,0.8072051121479334
6854304,31.14075403826356
6854372,0.7537253996054062
6854662,33.07776604900131
6854803,27.25619978493334
6855034,85.22419100575274
6860656,11.039249962312464
6860929,0.7856859969602332
6862191,0.7461503969390135
6862388,5.292628733547442
6862600,0.8818993806558997
6863057,1.0285000238754731
6863540,5.883120867970659
6863691,16.89660956555512
6863948,0.7418210893520829
6863968,17.56197683784845
6864276,33.07812269764813
6865053,21.97060323648353
6865222,45.282070115822656
6865662,19.91346699405312
6866061,0.6764543590820185
6866290,1.3235106777363956
6866419,3.6813532128308912
6866594,2.0213669702900954
6867094,3.238955999690664
6867321,71.42316217773556
6867325,39.648852044338604
6867897,40.66669696792
6869099,16.984306255309388
6869369,34.80670950314401
6869459,1.167670620841227
6869991,24.234610007785697
6870280,0.8475075888668459
6870543,0.39616772285449403
6870647,37.961301838879685
6871028,34.51059316392193
6871600,19.32423711840266
6871627,0.1195793923176558
6875917,5.485499375722306
6878020,45.99237911182009
6878864,3.0204184220759456
6879039,11.831520267643931
6879485,0.7474905580316842
6880182,0.7299859156595551
6880311,1.500326075058107
6880873,4.55676953779127
6881043,17.564384682627075
6881101,0.9968625527712242
6881827,0.7345822090497744
6881867,11.181650361430036
6882661,0.8991629727587162
6883015,4.854539104386745
6883096,22.885984792723963
6883231,0.5382581960404645
6883404,6.331570399244966
6883406,29.181659275459513
6883801,5.092553332407615
6883897,61.601766857042556
6884130,0.5569810883120477
6884254,1.1473861545830224
6884663,1.080983726484496
6885205,60.949498722392526
6885767,0.9803468117032101
6885805,0.8682919870247895
6885838,12.807452561781849
6886003,11.453509802361246
6886339,2.730916714080584
6886455,49.3154538637536
6886575,61.736174063112585
6886662,5.382312871124567
6886846,26.315739455469306
6887127,26.770165492641368
6887166,2.4049382663758094
6887308,78.19265525564238
6887595,25.489234580004062
6887755,62.71805942415544
6892425,4.462933230345407
6893767,67.18440469555233
6893829,1.2051649312860837
6894501,15.531698543469966
6894965,0.903981462580056
6895270,1.0943153733532522
6895727,45.97468059210154
6895837,8.818871489940374
6896737,0.7436899301733804
6897597,0.4151653796584131
6897603,1.83360346406792
6897911,68.32830586324619
6898500,39.043552084327175
6898938,83.89091671633219
6899160,0.5186923984307298
6899456,0.850378163427735
6899995,35.12813337055369
6900168,72.40258481352717
6900378,8.272820294613732
6900518,2.4097630663342335
6901350,0.43603366972307117
6901541,1.6960983982611753
6901827,6.046475435783388
6901892,0.5602680065660806
6902147,0.8236260076711394
6902589,1.3457095632916325
6902729,33.187348041383004
6902828,38.491852449539294
6904576,33.90766879651115
6907341,49.102052409095435
6907623,0.7580834291919346
6908140,6.427573224521886
6908545,2.9264768187546677
6908603,3.5344183158874993
6908835,0.8808234521519451
6908837,41.58487512168235
6909128,44.24660700165889
6909460,77.97976615808295
6910034,2.327194942298416
6910614,48.93598399305486
6910706,25.931500014101534
6912077,0.8346521416325723
6912675,0.40184139336998353
6912998,2.0399159411447245
6913503,8.164184025406342
6913773,2.62604860506671
6913903,0.8744503721271807
6913963,10.947714801482102
6913969,2.547576102878046
6914332,67.41427379178795
6914516,1.4465127998703666
6915467,1.1428590115383932
6919797,25.859459609292966
6920568,13.066427415735715
6921004,4.91045088130858
6921249,0.9655252829107547
6921404,0.6212303984725516
6921473,2.827344825704459
6921921,19.348257288983913
6922107,7.610019906415723
6922269,10.5604258927389
6922505,4.888938278246276
6923000,9.392234080852457
6923485,30.516460184102357
6924109,50.53157637101966
6924695,82.9691623082333
6924793,16.357134229959136
6924876,2.154611776600681
6924942,0.8424611459093668
6925270,0.6282011714902913
6926006,10.040233747335765
6926366,73.30013107207033
6926449,9.988559215696698
6926528,18.41523249435681
6926727,25.051474103044022
6926838,5.913764052549202
6927013,3.200609593980524
6927027,6.351240720319552
6930780,84.03810764677614
6931057,69.0218461324265
6932760,8.139474348607477
6932898,0.8438739654340379
6932921,21.568250500199888
6933290,13.532563683250753
6933582,0.9034360555612985
6933878,3.2387260397272013
6934015,12.813530010036118
6934770,0.9239719761269755
6935184,29.170383526208628
6935582,0.5663639425737045
6936157,83.39576446017945
6936316,36.11691512589603
6936620,9.355840688139812
6936794,15.634782808748547
6936837,47.66225954610065
6937027,0.8088943340486585
6937200,0.7226181590260273
6937262,0.28720373208308275
6937375,0.22966596788407104
6937480,0.8469865897059741
6937591,0.8131276280113993
6937897,0.434091085918603
6938259,8.863154142616471
6938484,4.481754937018404
6938560,1.141114317058055
6938678,3.8588125177444037
6938827,8.890057170724505
6939024,2.3728723399650202
6939054,3.0231597863171773
6939235,11.518280362411634
6939260,1.9424068328537563
6939638,2.2152053095821476
6939660,0.8689104187458545
6939668,0.5790675813906947
6939719,11.484820858205211
6939758,8.362673380481407
6939859,0.7919980795465593
6940034,23.16519143557186
6940108,63.26247703070854
6940115,37.58832070002368
6940419,42.477292558795085
6941601,0.7651214642729839
6941644,3.469752997933099
6942211,5.530659581228784
6944665,0.8345652529758456
6947017,0.8513706318464124
6947196,1.700427554008245
6947396,0.19551745983893443
6947477,0.808665793375256
6947601,1.076768396933298
6947730,11.887480661251852
6948441,6.212040051754843
6948970,0.5617577122849096
6949104,1.3962290468575362
6949421,0.9006668764090551
6949526,23.37909616806189
6949554,4.2520781883176495
6949828,8.127532355563172
6950065,14.292953255702722
6950365,1.7565411013508534
6950477,0.86833845420134
6950736,0.6251397048310913
6951735,45.88600696261733
6951995,0.6568026263588073
6952235,1.0137200389189893
6952592,18.798485429039307
6952639,2.777381073029072
6952888,8.14237527824967
6953066,0.7510767112843406
6953132,0.9452634885561545
6953449,0.5314779119100248
6953483,0.9233636262078079
6954483,11.9356173233745
6955973,5.450122529051071
6956630,60.17518606370055
6956813,2.8001770879544328
6957008,0.5802290650692717
6957059,0.817671192369199
6957272,14.870703528740693
6957328,21.05528780697207
6957385,32.81422237730606
6958924,28.712775786414273
6959359,1.5045682308217871
6960073,64.11453748753166
6964112,75.43439304789665
6965019,85.21261883943838
6965153,72.26505672376851
6965655,16.8920656611495
6965689,4.709287635595445
6966329,0.6947558730659676
6966519,3.2910624423016714
6966635,42.46931697081795
6966985,40.98897221789174
6967011,27.684330747080026
6967119,1.26898761304913
6967235,46.37814957712225
6967708,8.08108050243532
6967723,67.25325221142367
6967980,0.22185120367756397
6968050,74.60834487462662
6968410,0.6048529623291123
6968488,0.7431016405264491
6968737,12.358694299244522
6969425,12.840261654210623
6969473,8.858897484959591
6970158,0.426012698867599
6970429,0.4111917642095531
6970866,7.464229237511628
6970925,0.23011254386520172
6970965,12.646575379019943
6971056,3.0817030299264827
6971955,45.6754721881501
6972046,0.3839382915954965
6972177,0.7626797125261566
6972238,5.306229178650372
6972244,0.6888960640086181
6972473,3.197193820642938
6972534,5.841689668996303
6972554,0.5282911081335431
6972659,19.81736964057373
6973159,1.0236873617881566
6973286,6.071539149411724
6973292,45.27439392873405
6973473,49.4973401823244
6973544,0.39373530743611984
6974136,2.29982743363176
6974206,49.91233472789353
6974728,21.575589087263932
6975129,0.9398797222436429
6975897,1.347218760916036
6977444,0.6972114068651334
6978254,24.388204258751255
6980091,85.68312619063182
6980669,79.5175259621133
6982174,0.7234268681459002
6982563,1.018336203215216
6984612,3.3952337485166244
6985716,0.38172895480386104
6985895,0.48588716306349305
6986426,1.0552001227253271
6986600,11.528771178351722
6987465,0.5715342115398792
6987560,0.31148112576470355
6988265,0.7325049971167384
6988710,7.74130038197192
6988794,0.7938078751152492
6989117,15.303458796609043
6989258,0.7645707031847393
6989436,67.79813746513331
6989515,44.9603011928521
6990436,0.7571863569817878
6990524,0.7063746516990509
6991324,41.581446252952745
6991421,1.2523960730014252
6991797,1.2055915222884748
6991902,8.370671477899728
6991910,9.62764394790571
6992300,5.471389573402839
6992310,2.9842613306556873
6992770,74.05201435986837
6992831,76.90705371344758
6992939,0.557674007917968
6992973,0.6315345395945415
6993265,0.7013273124471723
6993502,77.15887385067813
6993520,0.37762643010068964
6993538,0.7888501500425381
6993862,48.15132848234994
6994004,48.785658739791
6994032,76.79254875481085
6994038,69.44094269313038
6994259,3.2644268694928162
6995408,2.478520551527177
6999056,0.6212969276845727
7000630,0.597268954753049
7001049,19.28732625430573
7001580,0.5220771366785849
7001872,22.771079680815735
7002250,2.1064034592996084
7002269,1.707487910172544
7002406,0.9410542743068537
7002635,1.2437186812686019
7002943,1.4325448392286506
7003992,0.6983053111603175
7004770,2.4894182456150706
7006151,2.1126731757450794
7006695,54.82780787723494
7007199,0.6593513689377906
7007597,3.029123876282294
7007729,10.038833528054498
7007972,16.52467512051858
7008819,26.57709591235069
7009122,12.881893733800752
7009152,81.89341022887926
7009209,1.7418476177095845
7009949,1.5489877154248883
7010001,10.986547680021598
7010003,5.479910283361417
7010013,0.5144133639513775
7010135,0.6813037481081843
7010406,17.309023153523928
7011808,37.16547163733823
7011887,0.4568591329056176
7015094,69.49260987775031
7015213,8.31680456147097
7016626,0.7746841949331644
7018581,0.4381714840654308
7019534,3.3800986594886546
7021332,0.8657274101193727
7021346,0.784369895178149
7021350,0.5821886400634549
7021851,77.14261610825787
7021938,1.0232160840218767
7021948,5.3650470064618005
7022570,6.103225788830059
7023177,8.870795778484357
7023667,0.6696262045193324
7024138,19.897609162774753
7024303,0.4372817477525632
7024474,28.9451706408827
7024538,0.5529509101778782
7024618,5.7210050291342895
7024774,3.1965783788022093
7024778,52.141267623118424
7025113,8.233779029939514
7025134,39.85830233679684
7025563,30.85018725429824
7025760,0.7839245519013187
7026048,24.983480001494232
7026258,0.9567740738489535
7032396,0.5063504178341707
7032448,2.2843999954474214
7032474,4.117165084804567
7032855,5.2044764473179645
7032930,19.24702645068499
7033871,21.02561029515103
7034574,1.0949393802469674
7034787,0.5876538587957801
7034879,35.82762406280304
7034909,0.3210247903505711
7034947,5.666372883176599
7035094,0.336312540777836
7035239,0.37981868097713817
7035304,1.4340377437664231
7035403,31.311701872717084
7035441,42.086542333380784
7035513,67.28951413685392
7036021,11.356646312967804
7036079,9.538297504180612
7036277,0.8778103481181034
7036285,0.40988741183744615
7036787,62.24696909484228
7037516,1.7809424789158654
7037537,16.115827027198286
7037585,0.3959395302729642
7037740,1.8115979596504876
7037791,71.65633359969107
7037918,73.5228594786543
7037999,4.878495327163829
7038049,7.362705347241165
7038563,0.460172215902238
7038604,74.8030034897544
7038875,70.4061588330208
7039103,42.94638157787641
7043746,58.985495252036955
7044822,0.6058278677343881
7044853,9.89537381075836
7045422,75.43024657170511
7047076,14.723874654145082
7047329,24.348321068009927
7047808,26.389225904844917
7048418,0.6549521616471212
7048508,8.660459335399505
7050316,1.256884676794639
7050346,78.33079993160895
7050590,0.8116426889586893
7050595,81.5783984946762
7050731,0.3569755301148556
7050959,4.264851209095119
7051619,0.5076007037646476
7051777,0.6222449720881136
7051938,0.3200690090309187
7052026,0.24791650148411645
7052234,1.3552562646037254
7052476,0.23215688749122487
7052546,4.8913487031876866
7052658,7.5961147166883904
7053044,0.3706306178170866
7053098,0.17894841614522175
7053336,3.211286859173875
7053353,7.349380992233119
7053737,13.607315218541736
7054048,0.5281097967930803
7054405,0.3098633577274747
7062144,0.6610060145925053
7062446,0.28423427459459644
7062469,32.7431645425121
7062987,2.4567594037962697
7063158,17.031755495402738
7063407,0.33275504730593397
7065121,11.623395450068216
7065419,23.78752800153522
7065653,2.9737898463712162
7065748,0.5779277679774223
7065858,0.3683514020422563
7066122,8.712672894249996
7066281,49.380776575216906
7066401,18.22879848346692
7066983,3.512028521274263
7067220,0.5529071483396633
7067267,6.185682149713938
7067406,43.646770351105054
7067504,51.265409929921326
7068150,56.55512802269046
7068659,0.41100917762578937
7069207,16.890696894834907
7069250,16.047303071078403
7069551,5.219527261288717
7069789,7.395307839736276
7070028,0.6336619046320514
7070404,30.108084993956727
7070461,7.016592503113761
7070734,14.374978412921442
7070947,6.330978009441192
7071504,7.275113909691269
7071657,0.6765400757958959
7071804,1.572859763396698
7071858,0.49463375332426013
7071867,34.162776134124265
7072614,39.218624677516
7072679,0.252279009524849
7072777,0.28337922894436574
7072975,0.46328666749169867
7073291,1.7290430231686074
7073896,4.930596681047962
7074062,2.6599776935513075
7074118,8.857700209880456
7074169,2.2612666678174977
7074232,0.34666716907663425
7074366,1.2971361899074918
7074920,4.511852565418148
7075449,0.49868778994544377
7081004,1.743612891578236
7082752,11.416560958358675
7082816,0.49850382372757257
7083264,68.84473586883031
7084130,0.5965039960198246
7084621,22.61555141611784
7085741,3.619154641569779
7085903,59.06162920377892
7086101,0.4490059510207275
7086411,6.674722733315719
7087124,0.29118683141696267
7087549,0.2807424944601864
7087752,0.32535983671476837
7087777,19.345969700195788
7088033,25.04081788875825
7089310,18.986967442916008
7089639,0.3799891429864243
7090512,46.63553841798152
7090821,65.45757850289945
7090958,0.46832307548331986
7091014,9.66441193447724
7091056,79.77370434165194
7091125,79.40202202032016
7091660,18.037215947871573
7092135,0.7985277144054503
7092618,25.45021581504181
7092626,29.058231352377785
7093122,0.49171581836641454
7093646,12.018420673905144
7093674,44.44711714014543
7093920,75.58659173584728
7093970,2.2976473018357866
7094807,10.85247179212433
7094866,1.019252117250512
7095125,70.47097071324812
7095331,2.2793566187418364
7095570,1.860030113468513
7095708,23.740997378822335
7095888,42.35647473868792
7096111,13.246223915989132
7099737,12.891930046625008
7101296,16.7577538482452
7101822,0.46155038451248115
7104378,4.368437633406395
7105913,0.9012627954605791
7107053,0.31218456778078707
7108462,0.2962313766606442
7108852,4.620326497695173
7108992,0.4632836096434147
7110032,45.19564464827315
7110061,1.0093533815373752
7110176,0.6286945435627682
7110657,0.3089673631055632
7110954,5.107425032004451
7111050,63.57807923803027
7111775,0.25944109939087423
7111838,13.55801781043638
7111940,0.3637060842727244
7112684,12.628604282680293
7113258,0.36433825818219817
7113826,0.21025469348433384
7114141,0.7917458852263883
7114231,2.094907924543556
7114665,0.6252964384981254
7114790,10.617433188126084
7115746,2.2310868215059307
7116273,63.10984654832387
7116566,75.71762596410791
7116654,0.46706960683675386
7116670,0.4233435916188793
7116786,3.701621173703683
7120477,12.721987578241425
7122791,5.556469075771889
7123455,13.54285984137875
7124396,18.935185167167464
7124527,1.0045830642145581
7124850,35.51012574863932
7125294,15.135434920431166
7125385,45.283369627330245
7125792,0.3197598724532022
7126159,63.26041822188065
7126996,0.27096605351543085
7127458,32.897229924072874
7127844,0.4421250963460794
7127988,1.972587149775619
7130505,84.29885098473366
7130506,4.099580482330931
7130845,1.2118977248101526
7131007,10.37014677213607
7132096,84.86367647696149
7132341,24.056724463225244
7132520,0.7128133686550868
7132891,22.404900100250394
7133005,0.3503444638511979
7134127,6.252139675173344
7134362,6.1932587038763
7134550,0.27340914561280316
7134595,16.450206979505953
7135297,6.4561918499464
7140665,66.95629803410576
7141549,4.995472832949363
7142361,0.23815920444743657
7142734,45.351353775053305
7143142,57.396677296279435
7143146,0.35560283160714695
7143974,5.118468308376632
7144102,0.9380357566036926
7144145,72.81239715090769
7144807,18.943819192901714
7145333,6.742033592229264
7147955,2.9123106947411297
7148121,10.787274021754772
7148487,24.439313903181816
7148567,0.5232850133330292
7148680,8.998945952945496
7148691,0.41742129174198983
7148721,74.37543796630047
7148730,5.701680218233832
7148789,19.403355270543372
7148791,83.48576914590625
7149042,1.9609819912488056
7149408,0.30512508428579765
7149691,6.146371183044153
7149710,0.3467314944174905
7149836,0.46804803793633687
7155068,4.677615894370331
7156481,2.059228857984739
7156537,42.11047947247924
7158236,0.20373627407123765
7158408,85.71162830574785
7158916,15.948844310786313
7159258,11.458131205931885
7159259,1.2778355985604735
7160363,74.11832379754524
7160545,0.9309051583440411
7161112,3.8563164937545613
7161416,43.47018354347833
7162419,25.615047765973486
7162435,0.6701293604337637
7162441,1.261167553040244
7163131,0.19116339119325285
7163349,4.52609366968977
7163434,2.577470629467127
7163999,4.199255167834162
7168652,13.7715830988385
7170149,8.440339706017438
7172107,0.502307319304355
7173501,5.176069621665029
7173574,0.40917998003054096
7173841,0.29270191133907514
7174361,7.188650528829827
7174695,0.7144249876293535
7178232,0.741556555827198
7178361,0.9817124597613016
7178556,0.4025280817855849
7178827,20.000078250036058
7178887,0.47832601680081493
7179078,9.632627883147494
7179131,42.60464058933918
7179291,3.1281101535146387
7179339,1.2810777527457307
7180015,0.30969207795588605
7180568,1.0649372827226409
7181242,61.22993694619268
7181422,0.2557547376607116
7181644,1.8646363501478016
7182105,21.62484468820759
7182243,20.513974634642523
7182523,4.219800329921823
7189370,0.26639658829935503
7191373,1.5929533374368037
7191781,1.7785778803342063
7192484,0.2782523875909764
7192809,19.252006352471668
7193370,0.21527677263445696
7194042,17.264914524046127
7194843,4.066541017003976
7195227,0.38556379547108716
7195473,10.382124107115486
7195888,0.31438237590901086
7196194,1.0044309687330666
7196427,0.5533186134839062
7197409,59.0969190553982
7197423,6.851170390417822
7197860,0.3274964168848579
7198644,0.6358839324660707
7198878,0.2620439037560651
7198959,0.15417177290193476
7199049,8.52340897170486
7199258,78.91045078133894
7199464,0.3789869410320109
7201169,0.23312529535580512
7201615,0.93509147242562
7202368,73.97578376521584
7202409,26.59169658175939
7202612,84.24480000495714
7203655,20.336144957842237
7203672,22.60275700630843
7203867,0.3236510528360721
7203943,0.24571449998935382
7203949,12.490994473514366
7204171,37.69026627973675
7204409,29.535542287457123
7204443,73.45796102981281
7204547,0.2161715395716228
7204890,71.77043480989995
7205083,0.14525163799573584
7205241,27.29866938281837
7205533,9.696118284317766
7205903,11.272787167839143
7205945,30.74175617838479
7206140,0.42424739131689726
7206489,79.85403995584309
7206796,75.44298402592071
7207910,52.530103763653855
7214055,0.6816106535453711
7215518,46.78354677294788
7215836,1.5248804865018026
7216079,24.758108405279643
7216784,47.7678248294061
7217157,0.26719690665955903
7217957,18.4140974251508
7218076,4.97862691034789
7218272,0.2677084030778377
7218368,10.035401526882033
7219051,48.51820157710382
7220651,4.823810325327648
7221003,1.6782416366673432
7221712,0.2871373471480724
7223743,1.319504576656955
7224086,9.06863114289416
7224609,20.31965630649324
7224899,79.57282061316455
7225585,5.289481124214971
7225593,18.655633655127
7225598,1.82977136659323
7225732,12.185497985879854
7225919,48.43980652995859
7226069,11.385780146576343
7226543,7.638109607591626
7226624,0.32609575811592334
7226840,20.336105248210963
7227152,0.2507408748272771
7227418,22.539679852675903
7227555,3.2807169232804965
7227760,1.1308466454124866
7227988,78.36197282442204
7228397,0.5083120791960075
7228424,0.3784455586953301
7229757,0.3273831951307842
7233505,2.3540104452684885
7234538,0.21160308682722387
7235787,5.962358652034148
7236337,47.26971821593845
7236487,4.81933327712034
7236638,2.2722727059270262
7237484,0.24972674393833066
7237763,15.932220363537944
7237848,8.132495788044569
7238041,20.850630858291506
7238540,14.291015589612726
7238562,0.2741096766861889
7239039,0.43054494572142066
7239527,0.23382302802499175
7240056,5.681281492792291
7240464,0.6480201918666458
7240997,8.378686182530629
7242683,0.35740931343747717
7243067,14.79335023911727
7243708,1.2403689738245134
7244171,57.63048284418248
7244699,86.09934162184655
7244823,5.196298354081802
7245239,32.67828129300969
7245295,63.584883133041195
7245660,6.61520917615367
7245793,16.728005014361813
7245876,2.5065666627216894
7246159,0.2069703425151473
7246373,15.448801074463432
7246515,2.3534553609782334
7246533,3.02994424033137
7246609,23.782255535336567
7246783,0.49689860333264135
7246903,37.93195061867121
7247357,69.88447420419843
7248189,5.574265332153077
7252936,0.5816413076798681
7253330,85.05441312371129
7254436,17.143625894558667
7254969,0.11140757191108341
7255372,0.36216209076529954
7255568,4.893488009595795
7255653,61.73598137722236
7256000,8.468582258798378
7256216,69.29495699846753
7256732,43.39966923922833
7256796,1.2087530657881294
7257163,33.00138250139597
7257303,16.580154772064326
7257465,3.6199839243469807
7257922,0.22898278320701032
7258087,0.3565281920511982
7258864,70.44642923571251
7259369,0.9606300969333418
7259638,4.525798183278018
7259804,10.395282895975395
7261121,0.2867252127338521
7262042,50.9456215216002
7262304,3.3613199098940827
7262312,73.94847763542067
7262410,42.86262987901231
7262451,0.24933053210057804
7263510,1.2058218454169711
7263899,0.5024985510481293
7264287,0.20282102050158154
7264379,7.047137136783965
7264496,0.2728285910874492
7264571,0.9514737023133919
7265079,72.6136624585924
7265118,9.105079381261636
7265271,22.528285806863913
7265331,2.467398941048919
7265407,17.32141707170052
7265495,73.75351539767523
7265571,19.146579160345244
7265918,17.45794939459587
7269771,74.8496907358743
7272453,0.47965578870212894
7273249,0.5801812763709455
7273562,3.007480186402892
7273752,8.675766912260787
7274100,19.70577697950692
7274216,0.21410738381875463
7274672,0.7405054721206459
7275169,5.386558406088535
7275569,1.3170015875752406
7275726,0.6547977928951245
7275822,2.9228446319823296
7276603,0.2105123047641294
7276620,24.89253390997337
7276862,0.20010386947714157
7277102,7.794407186800938
7277143,0.30259997174072767
7277180,0.30404939071659587
7277230,69.16396344990359
7277600,0.21750571236916275
7277878,3.4578873267212313
7278293,39.828353883397
7278383,0.34250659503352016
7278762,75.55115150379521
7279081,84.91427860358446
7279392,0.44894316599220857
7279583,40.18487918759906
7279612,0.2247708243920706
7279657,0.2243835921976162
7280322,0.31109067330424195
7280643,2.377402969943499
7280861,66.58038126737497
7281309,75.06264095389746
7281340,0.3901376883762228
7285712,11.042212308181144
7286166,13.326687955571225
7286324,67.6897790250669
7287390,10.717259031067043
7288168,33.62249847049915
7288752,2.0548858953562275
7288823,4.454064505999905
7289134,0.2325071660212646
7289414,0.21306215836594944
7289496,4.193592821887287
7289727,0.3152804101836142
7290379,8.52007898779126
7291229,46.09733948836659
7291438,35.773672100976206
7292011,71.98672025895293
7292020,7.013093431098276
7293098,0.1455067597215714
7293292,1.4755254263603879
7293915,0.3901972940680039
7294013,3.9743969883160504
7294129,60.68778101213559
7294234,16.101449389590016
7295210,44.77713806566509
7301460,4.287254906871542
7302070,13.142576336504776
7303995,11.25836428795424
7304034,32.11084523077699
7304094,41.10175406020399
7304695,12.689925433020518
7305139,1.1335253689829634
7305967,1.8797434494005814
7306108,82.80242570164596
7307027,5.044761619895293
7307682,39.171748191802926
7308118,0.24668299683355635
7309633,0.21976154736790396
7309708,14.596951399064068
7310097,1.8338423624116356
7310140,0.21640784697122087
7310144,0.19930023455391982
7310752,7.062003694717902
7310835,12.902538242777904
7310948,36.306817296330316
7311209,0.18592694322239461
7316104,0.2211934453040497
7317062,57.20074241753486
7317063,17.731385318920662
7318106,13.832877650383033
7318332,19.645856679273326
7319169,1.9911449842415876
7319582,0.30764930889697567
7321054,0.401388302851461
7321292,1.1803376290266505
7321314,1.9633571414822046
7321343,31.257631296505267
7321443,0.25671473415109325
7322088,0.512164998856155
7322656,0.24684941916386044
7324457,56.53452219749497
7324746,60.396352941023615
7324952,0.2805353022985763
7325889,44.50185321540166
7326082,12.850912619285015
7326201,29.46182312153339
7327841,10.693751579714993
7328260,9.97857455751832
7328712,0.2535609239746933
7328754,8.554479318791547
7328775,0.23953061388925573
7328783,88.70397670299053
7328852,24.3405622042136
7328890,2.936402341403271
7329091,74.0501401327987
7329161,3.2056980667829365
7329694,0.45974811837231067
7329699,4.2330266572581925
7329781,21.210740028421622
7330216,74.48253149466925
7330257,50.54601731277015
7330270,0.29760329158123405
7330879,3.819996534910321
7331083,0.41818668567654055
7331201,6.279460498587715
7331850,0.604284209758674
7332130,0.0967950991639732
7332552,0.8789835531936304
7333311,19.232298719325275
7334459,0.17836120309388392
7336658,31.82510099364038
7339012,5.606214959287789
7339716,24.967102324854928
7339994,7.914950347291979
7340280,7.6743505839629655
7340318,8.17861904166797
7340771,1.631508717856702
7341077,0.2656614658044091
7341406,50.07164686580093
7341424,15.484753539341227
7341500,0.22127741293563655
7341541,23.20330323235761
7341705,4.606828986043199
7341912,6.416789838125472
7341983,63.73253144072292
7343477,12.737694437064066
7343512,8.006371012183763
7344720,71.0731167289319
7344761,10.228437450442756
7345333,0.2033530116510652
7345443,11.293564311800601
7345708,6.7618162081300355
7345789,45.531714000687465
7345807,0.12085558403170041
7345868,74.17643818844674
7346270,4.183171255331032
7346434,0.3247038296168926
7347106,0.8124760125776032
7347486,0.28447298778718955
7348509,0.23427289005998567
7348714,16.346062770212022
7348959,71.11582945124289
7349064,0.24597990813275505
7349372,1.1593288688745418
7349421,6.129208294420123
7349556,9.71500891023769
7349633,0.28037564266680653
7349830,14.719202382455027
7350888,2.934379064824241
7351078,1.4325255194637645
7356030,56.51583499560695
7356831,3.8741597221256874
7356890,0.5568446796039828
7358093,0.37023939003685485
7359313,0.16316834299972544
7360214,0.3694576917480291
7360402,11.612133550850693
7363109,15.216459840090323
7363175,0.36537431440169865
7363608,3.581703139827329
7363690,21.046385704299762
7364850,25.647878126102047
7365160,9.821953478897278
7365481,7.704434880364333
7366831,0.44037133027737435
7366839,11.68176174467435
7366982,0.1006066553865193
7367009,0.10074741225829849
7367029,8.796764719503571
7367039,7.0560790143338625
7367913,0.3431648849396002
7368173,4.085168670329155
7368274,4.640302357851615
7368444,0.4633586651833093
7368683,47.3569397851573
7368887,0.3491096495828821
7369097,50.725820838266124
7369427,28.898276282228576
7369806,1.0724740078669266
7376652,9.749552609697043
7378058,1.8199429679499484
7379353,0.22130763297572725
7380251,0.146774260166453
7380485,0.3592427849098341
7380663,0.7128275783976876
7381236,0.887097403393718
7381816,60.12917976747774
7381893,9.296074700547935
7381928,0.17939614430936074
7382200,0.3081505936759914
7382245,4.825962501235957
7382396,41.47974810308209
7382573,0.4570907739084492
7382982,1.0040027768576771
7383173,8.489473974654478
7383380,9.609453057767796
7383722,0.3063752671352767
7384002,0.4413943791513084
7384040,0.3186427134767658
7384393,4.182009594706806
7384633,41.20860474971152
7385589,7.298689218288283
7385688,8.863110796533595
7386119,6.208851719820236
7386158,2.8470494168628746
7387040,4.3636802459298965
7387093,55.30832311428032
7387604,48.3998278694451
7388240,54.599487169539934
7388254,3.3768298567618307
7388452,24.3534540751291
7388612,49.05261291783533
7389044,0.2749884099148315
7389278,0.2175201385108246
7389481,65.69062257530348
7389639,5.848865462224529
7389683,15.736030883996307
7391230,38.90005438689715
7393127,22.568650958755992
7394136,0.3608245241475417
7395202,0.26158192659163676
7396215,0.26871273869374807
7396507,0.23978093716311577
7396662,38.00936496174419
7396853,4.1218969749297205
7397226,0.351451880290881
7397237,0.39033254221862834
7397649,0.2604836870592546
7397699,5.782002863514851
7398008,6.7450866440299455
7399178,0.22151707564454334
7399717,1.0530936900799355
7399754,11.336632033605566
7400940,0.39570389573000714
7401048,0.5799397801129981
7401503,16.771527716748263
7401512,12.966569473760428
7401514,25.953466563124838
7401573,10.5470675233315
7402299,11.006601099388448
7402888,1.5426756150641625
7403009,2.7108897031667025
7403108,0.21621157923012935
7403320,1.117015041122385
7403721,0.294211922853104
7403758,0.322279580359508
7410392,15.888357152420907
7412399,0.298016931674464
7413605,2.3979980311841693
7413866,17.884733256774446
7415905,74.1753862178128
7417520,22.735500461903573
7418759,70.66769756143873
7418874,8.293608524097897
7419238,14.147126994789271
7419253,0.5837938888100299
7419334,0.22978566911690038
7420849,3.0206442371304485
7421191,16.911702352811563
7421751,12.996594188521017
7421930,0.30833961727062054
7423596,2.520680306650946
7426597,85.4723288984085
7427528,16.13014676723591
7428365,5.519842463455762
7428891,10.555667167273278
7429161,26.89895705129185
7430660,0.3399217572677335
7430873,49.78206407081658
7430991,56.73523344764564
7431316,0.4558152564034106
7431452,6.175165100436279
7431609,1.2373227584365847
7432279,1.498428691719072
7434061,0.43238267348768306
7434316,5.369794567592932
7434350,2.8520205545994193
7434480,0.7161914044586747
7434615,0.6719762889955326
7435200,12.940930923523302
7435223,68.25146557119704
7435430,29.505340217857846
7435466,0.35813297622490015
7435577,1.9305689744269932
7435882,1.9825089845885389
7435904,0.362475709387409
7436186,19.327616116662504
7438240,0.35114998447925844
7438896,54.71556867804595
7438925,7.314525854937352
7439092,0.6461937965978141
7439516,0.46293299010440425
7439751,7.794208947843994
7440548,0.3782785108319068
7449531,0.6042335481349731
7450216,59.56190040119656
7451040,77.74522606917873
7451145,6.8484176905827745
7451599,0.4691933291261139
7451805,0.42240258633928696
7451911,10.19013800855687
7452230,71.38441569508566
7452390,10.359425870842472
7452454,3.0126829403597304
7452896,0.7604998206033161
7452987,9.006650301142564
7453537,49.99322177513076
7453831,60.66838607388715
7454031,0.6228339292754845
7454171,0.48190724381491545
7454326,0.6039336624358885
7454378,17.53640639878461
7454446,16.21938700624984
7454739,0.5486559159486122
7454853,2.4459925888208094
7455059,8.294349262106971
7455785,0.6396767970073082
7456166,33.80058550729048
7456692,0.40919012576026753
7456879,0.4385848190794942
7457099,69.05902819649978
7457101,0.9319371587257688
7457698,9.765164141155584
7458382,2.1524126863078163
7459320,17.19807998571207
7459809,16.38119020168888
7459879,4.167734587117779
7459928,57.63638071631413
7460009,11.583701506282157
7460265,4.888523474338901
7460574,0.5232527950703592
7460748,8.289390942576999
7460933,58.162614743693446
7461502,0.6326733580389421
7461785,9.896883918304303
7462057,8.35697156833404
7462785,77.25091601839118
7464214,0.15839752158655476
7468695,7.269559067352546
7469908,75.18677778680647
7470123,0.8283123313308943
7470253,0.218042789892226
7471116,0.9047676530759206
7471510,0.30354148340415926
7471599,2.2790915827159233
7471917,1.529704024775033
7471933,41.30148667329445
7472384,0.40567746005955785
7472465,0.21757943930612264
7472513,12.691927699597464
7472710,49.46578428146183
7472870,7.803452522932041
7473642,0.20027825225913864
7473685,5.757855300775911
7473909,9.795421103865568
7474172,0.18963796873554364
7474311,1.938484197921478
7474816,26.889802034723402
7475552,29.80161836007375
7475708,0.19584329119385657
7476506,0.6537877142218611
7476713,0.2006703535870243
7478570,8.583900870803303
7478950,1.3379685861800625
7479939,37.4088102075926
7480189,11.604582151719976
7480229,24.53676059212332
7480309,6.602762133255955
7480729,44.634823971978996
7480853,44.614694023939734
7480890,57.3012961902962
7481844,6.083836818246768
7482524,10.752986967356863
7482767,0.18347057866111202
7482792,24.31228963906727
7482821,21.498609320361098
7482867,5.018587464551917
7483113,3.2051726953622994
7483186,0.5535633488952733
7483940,19.123767786855648
7484548,29.82277435924795
7490151,71.7820936122691
7490286,11.03548826673529
7491108,6.312340811927591
7491590,1.26961821039034
7491713,0.9953425904617762
7492292,13.933413150216568
7492539,0.18261077791688857
7493359,24.24596445773492
7494744,78.62247568252657
7495368,5.737322935474583
7495477,17.895999940031313
7495768,1.2831652279513859
7496044,73.23386094063882
7496274,8.13997044150224
7497287,4.317394320060804
7497599,4.105114610042905
7497652,0.48729727425632563
7498271,55.15837690123668
7499708,60.44524343372113
7499919,0.710802223917586
7500139,3.6910347001745603
7500228,67.05076576245347
7500641,1.0254346451503782
7500745,1.8995793238819674
7500903,0.18582615664516758
7500966,46.552608979484994
7501292,27.818929192542342
7501556,7.050229466853384
7501694,42.807384614608715
7501717,21.16022297287944
7501794,0.33962706776216434
7501806,10.077169571749259
7502141,75.21780583821959
7502146,34.7653850131835
7502549,9.692171819238258
7503672,9.876093947968569
7508560,61.7234480733611
7508588,28.77122849348644
7509362,1.178139650630281
7510924,2.013716308897512
7510976,1.0002822411309913
7511452,74.47269586302002
7511919,1.3826447103214774
7512056,0.35932258072398615
7512116,0.18351190310650023
7512240,1.9768141793969876
7512767,9.217790868948004
7512811,0.18040569291096442
7513650,2.2820186476807263
7514135,0.7305218426267849
7514466,5.401619897115965
7514849,2.2772129064529
7514964,1.722422843084372
7515499,0.6317556013703358
7515787,55.77772429008391
7515971,0.27025430923699423
7515987,11.629519707870706
7516218,30.894876512274738
7516219,70.88238145901313
7516249,18.016415448434273
7516992,0.17854294976565205
7517207,7.734988094062515
7517482,3.9796623721556608
7517578,3.935498568688721
7518146,8.606978307851112
7518301,1.2504106045534418
7518450,1.762504647279455
7518501,3.9337833014830617
7518559,1.2419287011871358
7518967,13.357980168515077
7519317,0.3375082268524827
7519448,79.49750129077819
7519959,67.89423656004467
7524934,0.18140934912357654
7525255,10.925586499457625
7525375,9.295237924285763
7525874,3.0426703369560637
7525905,0.1721416042310394
7526088,1.2312077223797082
7526377,21.554220921676084
7526900,16.49541485957958
7526944,12.761252197345275
7527469,4.035457694354207
7527607,1.9936770321090955
7529231,0.17790496608092246
7529906,9.346470292256562
7529908,16.84931520868145
7529943,0.10183766660990516
7530563,2.336131234895923
7531309,0.1710610653592519
7531604,2.548687632530356
7533321,0.2404521946055655
7533626,22.368971835569845
7533864,0.20000606335783766
7534169,0.1736923038575441
7534463,0.5628904059017521
7534543,37.50092188368183
7534579,23.209490810208862
7534996,7.583663906021034
7535272,45.48558025406719
7535303,2.7287229863780835
7535450,53.05387956899871
7535868,20.402339139294078
7535873,23.802144123337637
7540025,8.068725933909617
7540104,74.67959455772449
7540256,0.438382647821748
7541249,51.15389575096482
7541444,7.002670579123021
7542840,31.307654641005286
7543133,2.7804868085088756
7543232,0.20964003798814193
7543381,10.685433222953693
7544036,10.244413634538942
7544344,2.2211155608533564
7544831,1.296708647463493
7545043,0.17213217345444784
7545351,0.9710973090750726
7545729,1.1148428786429698
7545751,0.1719769195831728
7546039,0.219389116889787
7546171,1.0127029341170772
7546944,38.359119612157805
7547454,62.67712164162905
7547481,8.903344599949236
7547536,72.62626913797932
7548106,4.17339193459754
7548503,0.2735862213229253
7548659,8.452007975972414
7549019,1.80555983280259
7550058,2.8954020931785154
7554458,4.206961659885659
7554629,9.985659605902313
7554634,57.51000861312237
7554902,48.31548907258677
7555676,10.617886947268326
7556003,2.0550022299497988
7556587,0.3096410417871468
7556715,7.318767230074044
7557546,70.44932823842689
7557547,12.816832792021174
7558578,5.519681827710075
7558596,80.71988899866214
7559593,13.743876924796343
7559955,53.10350873512669
7560016,18.846286987084785
7560291,1.4773100157173524
7560658,0.16778356847272705
7561584,46.58108070844016
7561688,6.026811266983136
7562042,46.89668315075682
7562061,3.1713351638358938
7562534,25.61648826784945
7562837,0.7716582118464009
7563041,9.58861380187699
7563426,0.13809275685926886
7563717,0.23713678881138825
7564276,5.095319751878118
7564577,0.9326076466575212
7565120,17.15365117637423
7565221,0.18312837738269033
7570475,0.16979233437334068
7572534,32.09794497764619
7572637,7.595651126885774
7573103,0.43621878550055554
7573321,0.23682935610324346
7573681,1.4497289351894833
7573932,0.1123471361157408
7574438,0.2523880449189551
7575352,1.01383851576906
7575668,5.519634526835889
7575934,3.2360868725390928
7576350,0.2358045262782318
7576897,65.70824014019017
7576910,25.664760079201766
7579241,26.86638641357737
7579396,14.862612406416291
7579619,3.8513814561423585
7579681,3.397361266910502
7580481,36.00463917004295
7581316,0.10050443802842815
7581334,1.7081113762521085
7581456,0.17397923885115582
7581679,0.6680039656776394
7581727,0.19443278212965928
7582163,6.702816639021513
7582168,11.30079780368514
7582705,0.4374867785612222
7582706,0.19495882426997965
7583507,0.1993896600444666
7583981,0.4872977458233532
7584224,1.865892391356184
7584471,5.900896754758741
7584660,60.5643136735114
7587270,6.7223613221925245
7588165,6.20565541428443
7590712,61.940308603907575
7591467,4.593257044000724
7591512,2.7629369394322314
7591595,6.322695537540038
7592976,0.1675672905639762
7593263,72.67617153240226
7593556,33.63333285180413
7594093,6.4140417214266625
7594911,60.658053071448904
7596004,54.34218971716297
7596078,0.21401232132753129
7596341,0.2120798491401193
7596536,7.622536904878844
7596687,0.5577551286109427
7596739,3.735913398273938
7596751,55.71509514076227
7596900,68.23696482251492
7597951,0.21206932611235566
7598279,0.16649321092747618
7598986,0.21758582946007804
7599311,0.22025965995173608
7599569,13.868484245027746
7599621,0.2164564682101616
7599873,0.24243675399647371
7600983,18.160240308170707
7601046,6.691212713819411
7601559,3.154912673615233
7601632,0.4583019176417843
7601723,43.700482890393424
7601924,37.0984470711137
7601979,40.95616118397937
7602261,1.2338751596824626
7602442,0.1638349275320761
7602528,0.17536313638313525
7602563,6.823826228293676
7602785,41.547506764061296
7602826,0.9153872473121355
7603070,0.7034715922255175
7603125,9.47411141322467
7603341,13.034116062077961
7603430,0.5643269207291994
7603440,12.641057546904396
7603693,12.206600165189117
7604543,22.293367827578102
7606677,7.71348652975462
7607537,23.06250524464245
7608700,66.45800206285362
7609843,50.6809650851181
7609957,2.9191695307620176
7610704,20.102572572028315
7613124,18.545526334291075
7613146,68.08421482371803
7613150,21.449015706240992
7613846,56.380517221245654
7615088,6.423780897434072
7615496,72.7540554436726
7615503,3.2736541961074996
7615626,2.0449007324911683
7615693,7.507946720779565
7615935,0.11874245437039736
7616025,6.543298078544739
7617383,0.45792583995215386
7617589,37.56069771607283
7617694,35.53991242662435
7617812,0.2812148562079192
7617911,4.054056136932041
7618476,11.60810279661339
7618790,17.191291985449006
7618847,0.09023307722832712
7619668,44.28004129370227
7619996,0.3812407414308233
7620029,0.6994053959689693
7620257,6.310083283169086
7620592,4.638646832916853
7620785,40.05848164482867
7621032,0.3491608677110823
7621131,56.228157989192376
7621381,10.596912905053372
7621415,4.131142526816652
7621629,0.4049753143175509
7621748,14.935032580469528
7621847,66.57523241238866
7622042,0.17886849755788042
7622051,64.28112791394574
7622697,0.475680340899886
7625298,19.46504088529186
7628442,0.15777465541067098
7628791,54.38756390780574
7629108,4.8275505745291
7629339,9.451491335822302
7629563,0.3032092646071522
7629815,4.8317688740393905
7629972,3.497323653634576
7630082,76.73362505702309
7630302,65.61867883011055
7630502,0.08916170681656907
7631203,69.55904829028208
7631233,0.23576455128158136
7632731,1.5631967885676574
7633057,33.97520848811763
7633239,5.967557614877237
7633247,17.25173328311994
7633609,2.4934206289533347
7634327,26.797154423415193
7634805,0.14552595792401715
7635764,84.48424674259155
7636280,7.526269479861169
7636284,2.326312273489389
7636455,10.918760380652632
7636890,12.99256848754548
7636954,0.6940081928613043
7637001,3.884021035291359
7637047,0.17427002513457163
7637112,0.7772238690168712
7637197,1.485560207840821
7637472,0.27187931177299424
7637896,15.500854414340361
7638216,67.81947564713695
7638848,33.86437271425209
7643399,11.741142257072784
7643428,19.956585693116384
7644203,9.110546217846457
7644505,0.5405844739291986
7644813,9.084325168110905
7644838,7.12633362149986
7645359,11.330952357550673
7646522,23.3162031676325
7646602,57.95290556942408
7646751,64.9812940443711
7646825,16.123293889093283
7647268,26.17066202053728
7647719,0.107072079207791
7648634,19.633815208405995
7649526,14.774968684342596
7649846,85.46060296048799
7649902,65.03855317936447
7650597,6.24938994373621
7651280,1.6782146146644066
7651474,83.33046057762617
7651698,15.573038545958129
7651715,0.7003786778726754
7651885,41.325863038832466
7652100,0.26016356225637916
7652181,23.503558200588277
7652345,1.5221295242466533
7652500,12.944763471092996
7652508,0.0848156201409387
7654931,80.4647534877006
7655858,0.5855449238674452
7656412,5.611710369839579
7656808,0.5446793650525009
7658409,33.556003589992535
7659042,0.18083040373372553
7660099,80.6936982814747
7660226,15.218748463195478
7660468,19.315559019626296
7661395,0.21366869037788402
7661915,54.29546237728795
7662069,0.17032196856216836
7662742,18.64398237015265
7662874,35.272229268032106
7662981,2.440857454971735
7663500,0.1917115423948026
7663617,0.27832976260526593
7663756,49.398400586996935
7664066,37.855240110634305
7664144,66.70000246302536
7664262,7.305940294210218
7664465,16.552505034887485
7664855,44.609954564499795
7664863,30.69586478503335
7664959,2.064216167215114
7664965,4.335672528883384
7664991,44.86456349311903
7665230,0.21367816222592273
7666157,0.4275851037373449
7667953,0.9694547328765134
7669241,72.97384552091717
7670668,8.120632396216415
7671984,36.36745392331684
7672306,60.04105418523162
7672361,22.001266351763437
7672571,0.5835843997945379
7672817,82.60811224319617
7673779,0.4301718666483025
7674659,24.124600094974685
7674796,0.18954090593602635
7675647,8.951711783251582
7675781,80.72797460414199
7675962,14.099600627282447
7676145,74.77016718449873
7676301,0.4249355978173796
7676306,33.17835731919895
7676721,36.84105375777105
7677505,8.896246173659131
7677597,13.123330504863075
7678084,11.41794337848764
7678187,0.18371085527243003
7678351,2.3254492989992066
7678386,0.9658584745279741
7678450,15.492735991832602
7678730,0.6911193884619025
7678743,52.487701951076005
7679047,21.025127215500586
7679086,3.60501516626455
7679094,5.599838579785126
7679120,26.573043590618997
7679142,3.7922447905485255
7679541,25.44996687510873
7679714,50.79835133541865
7679818,0.31687301538212886
7679943,2.765387356553558
7680278,8.484444311441449
7680709,80.93417978501763
7680940,23.542532912297393
7681478,8.856291310362076
7682344,4.696614159717818
7682866,0.5629731749226513
7686178,5.297774167053573
7688130,85.2597530500364
7689495,5.1267237744813166
7689651,1.7325292440117244
7690729,21.59062458564832
7691006,0.6689439461785305
7691059,4.484892180726411
7691790,71.73812977012734
7691908,2.0328167128101384
7692326,24.98101655301482
7692701,4.602923751446497
7692866,0.13268979224262403
7693037,0.9366436953370998
7693040,0.17694473128477833
7693124,11.239347278980402
7693320,0.19676028929065678
7694064,34.75016712476634
7694654,36.379082884192506
7694852,0.536691298617441
7695043,64.34232805598076
7695220,8.487275758993356
7695909,3.1119378523361285
7696314,0.20507010909763515
7696645,63.942490986647876
7696843,0.28068521627659687
7697025,4.924026303226165
7697055,0.09043639697371743
7697082,0.19623669126001073
7697100,43.42545216145953
7697425,0.21081600137096973
7697603,8.559256808803223
7697792,0.18576354467992157
7697857,0.20175887841573495
7698190,36.75368536152682
7698521,31.269731591601424
7698530,0.9994108769595842
7698642,18.842885477215106
7698722,65.44193675060994
7698923,29.832046450475826
7699037,15.979627362171827
7699156,0.17135637256304745
7699220,0.18951362984176787
7699335,4.439488668323473
7699366,1.0894460964322221
7699407,0.17757975292230413
7699703,0.17754833951604934
7699962,38.09974109442329
7700054,63.8410012337731
7700741,5.294385073689705
7701295,20.804001316163244
7704198,0.21439397818141762
7706406,0.38683974057460774
7706455,18.474695437337136
7706471,0.27419756247654853
7706593,22.030002621702987
7707191,1.5769906957667374
7707274,15.174621275441282
7707725,14.229194681711032
7707789,81.9278319766331
7708148,16.586107529942566
7708671,0.8336765931371373
7708860,74.02137181331791
7708861,80.24432655223922
7708956,76.78716315046103
7709304,0.31370122769518555
7710159,4.532938900619534
7710442,0.11222724067198438
7711407,9.535238340715281
7711451,1.5631560528386934
7711804,44.78139539790095
7712639,4.71697223401722
7712849,0.16804598236406768
7713421,18.977619591789995
7713437,12.221225713503445
7713509,0.5738200251238925
7714152,70.58565777865266
7715192,10.984451968825446
7715342,24.059341539674268
7715624,3.363901883193824
7716148,10.704820148357458
7716489,0.17204954206603257
7716776,0.17834611070721237
7716812,79.80492739764088
7717071,3.49990477955867
7717284,0.40879296679231353
7717594,10.57234507074517
7718042,1.5805410169588847
7718894,1.4954798214023755
7718995,82.71920599988592
7722946,2.379184928473327
7723494,22.864457394459208
7724031,0.4367719858158653
7724752,1.751472764252565
7725030,0.53499206259247
7725075,0.2417928478679384
7725197,1.109634102634189
7725496,52.787735934771746
7725573,0.1786796097058079
7725825,26.662961175076735
7726274,28.298417895605297
7726982,19.122027878943296
7727061,87.671320800937
7727796,0.2222157620056775
7728018,1.7424110318797288
7728262,0.1763350848366537
7728265,1.771213810811994
7728510,51.34141393827512
7728674,39.4172748055936
7728831,46.51570452296535
7729043,27.8774462220916
7729215,16.959211433425892
7730160,0.08871445614923161
7730527,0.2455054424278963
7730852,50.559058157802795
7731013,30.433660814913832
7731385,6.216814683347106
7731765,20.491140154655508
7732060,19.759843616476587
7733241,6.667538904106134
7733651,25.392770429588214
7733862,11.204456493573009
7733896,45.9230358742231
7734034,8.857163385869885
7734116,75.77847356537927
7734164,7.4988869704270344
7734173,20.31745651312982
7734176,12.188754070124677
7734226,19.76074456894862
7734240,24.998483473092026
7734355,19.42713610516772
7734819,45.054698044066484
7734957,74.46498570523619
7734995,45.93981524472499
7735348,55.96354685867899
7736787,0.6130465971973746
7741297,71.98516156046495
7742054,0.1965258390886941
7742753,30.01032836245525
7743042,0.13707365442919298
7743202,7.771638927123247
7743233,0.3137132199135685
7743323,37.70666300224997
7743340,6.86051373074302
7743601,3.4573707319199434
7743778,56.09821658169667
7744236,5.822828202413344
7744591,27.617506988198205
7744907,1.8643556373398118
7745417,16.860065526956177
7746019,0.17322565447717633
7746286,16.60683599907235
7746303,6.856026425435761
7746903,0.19106325045218164
7747016,10.797285555123198
7747017,1.2956337188009839
7747237,3.0820327731778026
7748035,69.70156132652174
7748044,0.2048010255752102
7748135,8.78448507043019
7748170,17.15341363814762
7748678,10.53147008765889
7748836,18.432036438952437
7749069,12.50025263759544
7749367,0.262298266924839
7750044,28.605763253374086
7750282,0.34912782605927756
7750695,51.02559523413093
7750936,7.250552666195161
7754697,69.27542004047508
7754916,0.39869167622081686
7754994,1.4551641880528052
7756015,1.8534153012370804
7756302,0.18334959269318024
7756711,0.29639603667508263
7756817,0.47494700610043067
7757619,7.390986471249068
7757818,17.583135462177697
7758257,7.343151976420957
7758673,1.0385783190865798
7759275,0.6860530304695431
7759511,6.461226327541867
7759637,49.25717838167523
7759823,6.48517311607419
7759906,0.36393842443186775
7760158,5.603949736241161
7760204,10.799092261227285
7760566,14.707926904890712
7761083,11.421496064248984
7761161,23.14874759402368
7761191,0.25756476908215775
7762173,70.79714823101973
7762201,0.22475386002517647
7762343,4.980842316986215
7762394,4.617869994066153
7762437,69.2292693879058
7762574,1.793949542070781
7762866,30.82203660935632
7762930,5.506892477444257
7763728,12.348248518001775
7763869,67.90011026297545
7763918,0.10226382076789053
7764285,17.170476536707646
7764314,2.374429743980447
7768278,15.71178849879131
7768655,0.1800295014163473
7768661,21.28460433660612
7768999,55.49831726651541
7769660,3.4104828185824476
7770529,0.21152580160787712
7770747,0.22700749145333488
7771170,4.882264003891243
7771351,72.8828602600766
7771362,23.33753001139158
7771661,0.6634400405709212
7772281,1.8361928211959528
7772377,0.24504616929674827
7772462,0.14181559883439274
7772479,18.831054407250857
7772724,0.42587468269953044
7773365,0.2308955485636613
7773386,27.207201026228088
7773645,0.1637381592971926
7773669,48.07447342185752
7773967,27.926834499877756
7774373,67.44727283009121
7774422,9.456476938354298
7774655,69.0350916427555
7774722,27.728623946201285
7775427,0.6589063596566264
7775431,16.143664043996004
7775455,2.053416118085449
7775627,15.833052675813528
7775711,0.1788263811971604
7775924,0.4275183627065613
7776105,71.5468940974799
7779419,15.040857219579511
7780850,12.59549742548638
7781123,0.6354050856816282
7781490,7.692018234265051
7781847,54.43769721630415
7782176,8.9518879534073
7782340,27.45092879429975
7784894,12.141742399198902
7785052,1.7100598397596558
7785451,26.257256370114263
7785582,1.829285817854557
7785655,81.2894906721994
7785745,0.9992947188865374
7786504,3.421705677860464
7786536,6.18144381064452
7786683,0.22523682764658398
7787223,0.24594410185857332
7787799,1.638088756038331
7787962,80.24585893586548
7787983,41.9800682165473
7788438,1.402214954280617
7788504,21.398851227309244
7788688,7.130261302802853
7789346,1.3966994155707588
7789408,7.70399609814926
7789685,49.975957170731654
7789692,4.969520535535164
7789848,1.0108324612547774
7789850,46.558082913112884
7790161,9.730341704478253
7790581,15.117053419960042
7790627,26.680996436278132
7790850,6.122008344674952
7797213,5.180738725908029
7797490,0.1647306207474214
7797733,0.609996684492976
7798327,0.1736817922211994
7798559,39.61651959866717
7798633,5.326063821853833
7798694,2.612845640566142
7799096,3.7376933574670197
7799357,3.6961553142998325
7799410,10.940437956232866
7799577,1.8205357570966656
7799787,8.237564346819326
7799893,2.4062445857853856
7800824,1.398993410511925
7801023,0.14976053632020395
7801483,0.6282390644076148
7803063,29.597244823114448
7803319,0.13786687348208032
7803399,0.6864840677941522
7803475,44.247430860373676
7803545,6.0085487890461575
7803683,0.7641044903369049
7803828,17.62139547221172
7804414,28.717853870898832
7804434,1.9627374735297343
7805051,29.19516613267252
7805159,0.2979452172727375
7805295,30.349439780779992
7806103,2.3830900467961036
7806246,38.55893403644379
7806322,76.74194192259039
7806890,13.351652614683688
7807175,1.2108963938204687
7807454,0.1734901371472325
7807792,1.9843851861615207
7808057,0.865125928336097
7808182,53.69630159962626
7808346,7.644597232789804
7808374,0.2046936244269803
7808452,48.556589694033505
7808484,1.8311283861106036
7808799,6.974442280409318
7809295,0.23185488528508175
7809328,57.04779579288735
7809408,49.3773055906506
7809481,7.10870366484172
7809535,36.52309794677938
7809629,4.878706141796878
7809746,0.6563333102615359
7809878,9.159367047040131
7810109,0.18320003204091181
7810500,0.1416415123796564
7811933,63.845316714601005
7812655,10.676052006536965
7814575,5.359650742939392
7815865,0.9529342931718325
7816930,6.22211855694519
7817350,1.353919878131659
7818601,0.23229894491918035
7818734,3.4345712594822606
7819272,6.422314355147359
7819465,0.779813309163346
7819706,0.24099512371232837
7819909,31.452973074746886
7820556,5.169831747882162
7820664,4.818931424823255
7820861,56.42977335590558
7820916,8.116218392912915
7820969,14.052928675525362
7823396,0.2562028878261279
7823474,17.786024609180686
7823495,23.800161960982894
7824374,47.23529722923862
7825487,0.19013855073864713
7825593,9.072036623032512
7825663,13.731779642863506
7825743,1.427439928751759
7826016,30.37590628312875
7826413,12.731751029697481
7826478,14.119461770179594
7826517,39.51335454189124
7826573,1.0249487396288661
7826846,0.39503772499314965
7827525,16.982860045280162
7827531,29.43943528077264
7827616,4.176389716330173
7827817,69.48719648107637
7828204,2.3814750426556133
7828740,45.027675194742095
7831556,1.6915739038107942
7832138,50.68882001952523
7832737,11.196911462241015
7834112,0.9862863636112923
7834712,0.34337830700538446
7834769,8.458909106565576
7835198,0.4727880245110526
7835733,35.8707349246119
7835778,0.27079409332488624
7836258,11.64782841835129
7836589,0.23350549579396004
7837347,0.4832871374369634
7837575,29.44054002179086
7837583,0.2885380166460855
7837632,10.542607314570347
7837670,0.17641201673189258
7837685,8.140979350982127
7837852,22.896642632064424
7837859,1.2751438563754098
7837963,9.32125964980641
7838393,22.07268393172151
7839087,24.266935864644893
7839545,34.085027929400184
7839930,76.5321334941683
7839972,0.22289288573334368
7840544,0.5603704884349562
7840798,1.6710031701386914
7841038,13.6493190548634
7841410,0.306718933558113
7841464,0.195814307713042
7841521,40.70830944724294
7841576,9.937521609982696
7841904,6.914500429253569
7842276,16.72450063946656
7842597,16.177651901115194
7842650,14.203461064324891
7842939,43.879640560912016
7843582,13.075930124356812
7843604,81.7432144340224
7843781,40.078274092191926
7843902,12.377937575350431
7844206,3.4254938224046936
7844263,9.532618944520538
7844947,0.34369749233897556
7846162,14.735993269089924
7849404,0.23430092429808938
7849755,16.756701226872174
7850400,34.26201556559145
7851371,0.17158756358513852
7851753,0.24111379912942138
7852297,0.1967736592588499
7852370,19.84332392426357
7853110,0.1789949187710484
7853584,1.25188206382979
7853587,16.682916958224283
7854287,7.179981135135472
7854307,80.03495489094163
7854426,7.130030997269726
7854730,65.95186185769371
7854999,27.79077234616182
7855021,11.019755479684793
7855244,0.08750574634492067
7855499,0.20132787025992738
7856015,2.9092602562462893
7856187,2.3076890795300944
7856476,20.6383621584777
7856830,0.22201518893556718
7857050,7.114136041435286
7857465,0.3328357664997907
7857504,30.787458917502647
7857685,2.6070662902071042
7857897,9.032648532424135
7858338,63.93240970413877
7858468,74.46175291500604
7858629,6.828678235955525
7858644,0.2660775052688867
7858673,80.17871255045472
7858709,3.9771993439975484
7858731,0.1189462045031822
7858791,1.0418582336444304
7858824,22.720653986616817
7859293,10.993299664141043
7859840,1.985238083380726
7859932,0.17722494321627644
7859978,1.1271732287090352
7862762,27.656658985819764
7865678,17.01436576275764
7866845,1.9723002757651045
7867205,4.518446981093534
7867264,0.5980403419257255
7867321,0.3087124119416746
7867388,1.0022704622891223
7867494,50.60491051108453
7867623,0.47785741534889414
7867800,10.578244026217494
7868427,11.915847680195887
7868971,0.20909724190761658
7869449,0.2046273696218142
7870403,35.97581116960065
7870442,0.16594626911781354
7871441,7.039585484967605
7871699,4.361129871610336
7871818,72.27597002787135
7872172,5.191581229146908
7872617,6.204904007378805
7872983,6.527084845503387
7873215,0.1763163448582813
7873433,0.24646431202432426
7873524,0.21195843964401198
7873543,1.4742202564720628
7873940,4.311881061211891
7874697,21.88362553901201
7874958,0.26406081176147295
7875071,7.55125745144994
7876954,27.071393882210206
7877599,20.162340816508515
7878795,51.43060249132326
7879486,68.33336949728243
7880066,56.916160393692664
7880799,72.33835729161444
7881023,15.145941300863171
7881195,0.08424782384743214
7881469,0.46945470241022397
7881522,0.20294460368568226
7881928,5.167365841109315
7881985,0.3723156233945755
7882127,0.17100624311803655
7882517,0.21334722828698463
7883220,4.033801330711862
7883623,81.47875505933932
7883692,1.806040197844735
7883798,0.21411145468021442
7884708,23.22781960293385
7885309,37.3681453519321
7885338,76.8644916839224
7885810,62.49677326932044
7886069,0.6745858774324194
7886635,72.32411720772396
7886670,4.26892190195341
7886869,21.415599058434484
7887206,27.042148737018373
7892279,75.08695071976476
7893768,83.62992008356437
7894007,61.91499695015247
7894907,73.1581910705417
7894983,10.758148842301026
7895157,0.19107763252732335
7895935,0.09855301246820633
7896396,25.55426270397708
7896536,51.4136886519982
7897114,11.948922971405059
7897229,12.303146854442165
7897307,61.772043613231105
7897312,66.62448259871859
7898106,16.193037703634175
7898302,0.16859787018243158
7899605,10.85215531523905
7899881,0.3052763705575673
7900119,0.17690266348373118
7900129,25.75110663427513
7900437,0.8658608621492832
7900478,17.31875967152558
7900575,9.952066064831195
7900722,8.127115152328981
7900908,68.91465182766088
7901592,29.237837155318182
7901635,80.13746024205341
7901720,2.1845981623701376
7901766,0.8587808987900611
7901928,0.1783489572396423
7902074,0.3458516348837862
7902129,44.01604207227081
7902291,0.1599400189148872
7902409,20.259486304869842
7902445,67.84770007524995
7902617,5.036883672245898
7903060,0.8431356391483887
7903374,27.053521464931737
7903627,59.34439288400347
7903721,2.478959160741291
7908712,0.2060208743834066
7910635,34.46238201295229
7910702,0.18042807753206427
7911249,12.598898874621788
7911571,19.381415091275528
7912217,0.9209920187210052
7912652,22.292395346280973
7913704,8.63235151003256
7914369,69.59842037179037
7914519,15.526458998586508
7915083,2.5670265908604755
7915327,9.345376669280085
7915525,16.290833268401162
7915596,86.2365477382022
7915844,4.152156366804054
7915894,0.034518403808679765
7916103,15.235271414628112
7916684,0.7301412480046787
7917604,6.341886466724413
7917755,0.20802094757014095
7917925,20.034662607018895
7918597,2.7427035166329286
7918660,57.205395504881885
7919214,66.48298085608725
7919303,0.8302235626475597
7919372,8.98719245737857
7919636,0.2934107617431597
7919761,39.02401912690563
7919803,6.362476053415205
7920394,58.19827429334759
7920508,5.055690222637768
7920963,66.75148891108735
7920993,10.777052542538035
7921643,0.12535820926445926
7921666,52.30677534756318
7927838,44.78696450563246
7928493,0.3913512089047912
7928712,3.537735208946548
7928756,0.46823473836602125
7928917,0.1714718330840702
7928979,0.6537859600272645
7929441,69.54552152294782
7929718,8.978130977344831
7930492,9.88620245191901
7930857,0.3738149108597396
7931003,3.4497203043279567
7931180,0.2148195569062525
7932428,0.18036725575701446
7932907,3.4368182083902803
7933140,29.510244712555494
7933775,24.442942187867736
7933777,1.6406260584531462
7933896,0.2286658902816796
7933959,43.34668177879146
7934557,4.123157581328271
7934867,16.611774903596764
7935386,62.721589828534675
7935508,0.5072571720192892
7935915,33.403976898844256
7935958,30.593681608538454
7936161,18.430289726824338
7936965,0.2517816432098812
7936980,21.705263764412564
7937553,18.561069662390267
7938095,10.636015756491927
7938375,2.1434267569994976
7938434,10.280018684716575
7938565,0.33419146231861735
7938719,13.865496919509537
7938793,36.46138395115474
7939074,0.18648257936038648
7939346,1.3117351844819214
7939575,5.7441658495269365
7939785,3.1977669775654407
7939788,5.985120959006826
7945940,50.51756518254993
7946605,1.3496889463940467
7946876,2.4559964914548953
7948163,33.28084776235618
7948395,7.475548594201241
7948463,0.22512117009342164
7948903,0.1792766775703016
7949119,39.027847012072264
7949419,13.625047295056483
7949480,29.189497333400052
7949799,13.648778996953393
7949889,35.48253784703425
7950817,15.693502913422194
7951971,0.15566659966899637
7952315,16.32568455122339
7952963,48.031681950934185
7953220,0.45522488167824054
7953571,0.9947803719368565
7953690,1.7881716048310483
7954453,1.943268009749405
7954838,7.2086797735514265
7954940,0.173097396405185
7955150,0.13295408553665142
7955181,0.24603627460734237
7955427,10.536083888100265
7955906,3.812520700899142
7955965,0.6154398978828381
7956241,0.1798523028733502
7956290,0.8296478197176751
7956643,7.116065538098903
7956955,76.59282560633903
7956997,25.75150184426603
7957182,0.2105826559174249
7957339,1.1525604595421453
7958154,0.7136131059752626
7958390,29.96252929882695
7962950,42.52381042453931
7963278,43.24819441237127
7963444,3.863218362462885
7963518,29.279921503088566
7964792,29.446206896842686
7964931,53.7479363449739
7965146,0.1819917394393279
7965264,9.956673899186825
7965953,18.12194178507143
7966943,17.964527109055098
7967112,5.272781656483953
7967489,2.2009374925222533
7967875,0.7957869525519929
7967942,8.81264542271821
7968138,0.515793822007927
7968283,0.43022362116355345
7968404,4.678822608646191
7968783,33.517692808038404
7968983,30.494935295263417
7969111,81.34534080334525
7969270,0.780311349878396
7970450,0.19440469699049537
7970479,45.542552124636394
7970533,37.78364722323668
7970578,17.0280578470789
7970631,0.11890756313320915
7970699,0.22216071600189385
7970842,28.44420284858328
7971035,5.389910096447892
7971379,0.8621329819589169
7971602,50.401153557004285
7972046,51.45943146643038
7972259,5.494408098294331
7972332,2.9533238928771213
7972388,0.2838214314838397
7972462,5.20593522911175
7973384,3.551521446806879
7973491,5.918515998139346
7973550,2.2535261556797455
7973730,0.23154206284049264
7973928,53.914116234462696
7973933,7.314653001260651
7974899,5.283872412142695
7979433,0.18304306147537253
7980488,61.614075767782246
7981341,0.2725197824564576
7982126,0.17645731613803833
7982976,8.355740780918666
7983099,1.4067806903657374
7983495,15.122515857781508
7983565,82.29742940169302
7984128,21.255507389285498
7984245,21.151983391525196
7984388,0.11214777016199727
7984555,5.610648346608568
7984904,0.1523803513683884
7986033,1.9880786088084568
7986074,0.3283999400943173
7986862,14.58388803025666
7987167,26.56722233334866
7987209,51.36846939517075
7987288,2.6424907672866214
7987306,0.1792183637164267
7987971,79.32490204997475
7988012,31.102076422564895
7988084,15.154131206798697
7988156,85.39529092671158
7988259,6.037952889038767
7988381,24.53403394398712
7988477,12.24520768532919
7988867,7.384865357107836
7989884,48.95771121134993
7994086,34.67504923766693
7995293,0.43264964807927747
7996391,5.242363912899092
7996748,26.042812864487924
7996995,0.544877198931204
7997358,12.216469357801945
7997723,49.65183078247837
7998020,4.082833061801972
7998338,1.275584934281815
7998377,1.9548865306986984
7998385,9.9353985300543
7998624,16.57859302521393
7998921,0.4116496864647889
7999190,0.17803719102340282
7999290,5.357936242583139
7999574,26.09663311021382
8000657,13.262806327622732
8000716,25.167701668042255
8000972,15.802587996906494
8001051,68.87063552384697
8001287,12.908100748599686
8001339,22.366363212247293
8001390,4.6078819079298645
8002080,43.57940013599837
8003337,6.976003311575375
8005645,12.767065638324153
8006746,0.1804987418008713
8007908,22.796214251769666
8008601,4.763303147088589
8009058,0.22737155780915894
8009332,42.73332193918128
8009566,0.1979194505977212
8009605,15.62230880231067
8010585,31.123970035303294
8011048,84.77641395591527
8011289,4.418263400594256
8011605,6.092791189048731
8011722,0.21194418941730855
8012041,0.9545081818304579
8012334,2.9888080842794484
8012793,0.3520135250279865
8013017,12.138284178553151
8013609,30.53885859688958
8013731,26.74962091430508
8013762,0.08245105706845335
8013780,0.3479329689498329
8013947,8.461669965618603
8013954,3.506513454383251
8014173,7.0733639405910465
8014312,5.614270763311747
8014315,0.3381662725820794
8014654,0.19683008133005445
8014737,0.542878671436091
8014811,1.1813251862758831
8015001,11.261128840537635
8015256,11.78672567693302
8015894,37.355731518822545
8015895,0.16087490629122383
8015959,20.35224551594029
8016148,0.18620399490653217
8016260,27.97191950263457
8016420,76.90897612021979
8016435,3.705490365174374
8016681,3.4762672688731358
8016725,3.3076771625727917
8016728,31.734301853264377
8016763,2.6029376286686734
8016769,1.6592968717480887
8016946,39.61432787874752
8017041,24.234284061227882
8017078,4.4497416645903805
8017399,11.467371531590862
8017587,0.18656657052095324
8018074,0.23140084493916438
8021647,62.47456711683867
8021726,41.720485952446445
8021914,75.13213842382751
8022623,44.42650513348343
8024051,15.581947919422701
8024687,11.115340384216955
8024915,46.13947911784246
8025808,23.830950007714065
8026859,0.20786763116088375
8027690,1.989528726154684
8028382,2.8219689291913834
8029217,0.39634113149578415
8029331,3.6584774328653893
8029379,62.25442790621224
8029461,9.035915392177742
8029907,14.7447405335898
8030123,0.7289690053988501
8030872,10.459409325586776
8030918,3.4713279572627966
8031617,13.41208626091944
8031703,43.39271051077945
8031823,61.70654502026199
8032151,0.19734188581415574
8032173,5.3416945107258025
8032689,0.1748694235689526
8033015,40.637367284307125
8033041,39.48927191630987
8033303,30.97612677827131
8033487,5.88806329838629
8033491,6.3843044755957665
8033609,80.51898208234348
8033860,0.3121833008222811
8034433,0.1737458727903684
8034444,33.58670242436043
8034599,0.8976041278079427
8034664,0.20964455402998514
8035046,70.18089385433008
8035143,43.034134076088705
8035370,4.5143700156104245
8035373,25.80009679022183
8035441,50.438876940933916
8035557,28.11752523995537
8035731,5.142080061318034
8035733,17.410213356512052
8036193,26.07141563304579
8036326,4.813544777643348
8036500,85.09146359213554
8036524,0.857743043249022
8037006,4.713660568372769
8037537,6.562709847895163
8040050,59.616686039292716
8041585,1.636082776628215
8042732,8.519232274944878
8043896,24.56913646654523
8044115,23.089124906160073
8044434,3.973778506703864
8044779,3.3258325521143717
8044795,9.141254178295057
8044856,62.79074559581025
8045117,7.285106760354158
8045996,1.9542283878443942
8046173,0.5962075706720731
8047048,0.0860192877138273
8047775,5.6007832122683885
8047942,13.17441382121605
8048022,1.4523798068348126
8048480,1.1691771872811514
8049303,0.2612527956350169
8049708,45.70615550124352
8049964,47.85316461194333
8049994,0.5306313663560203
8050265,3.9311501426804436
8050544,4.548734459922889
8050747,1.9786567944660858
8051076,8.628774876638891
8051094,45.13860750687602
8052243,0.18439128487159842
8052398,0.08927144704605085
8052679,68.11847927642121
8052841,33.59083555966474
8052900,0.20160570614974085
8053474,0.9924502057290696
8053664,1.387888506948782
8053697,1.598909456258297
8054051,2.338306770231154
8054295,40.2643559331051
8054396,75.05758438658604
8054493,17.26561353170034
8054676,18.1944758595885
8055508,75.43887088468252
8055859,27.169252564054347
8058693,46.34845293257851
8062149,6.148519051984288
8062793,0.17286602475978682
8062956,0.8584237266841298
8063109,69.07453771433686
8063277,20.413734895592977
8063845,49.693815458654974
8065068,8.622468471107924
8065272,0.47278608114434895
8065751,0.2440465296901799
8065861,0.542870838736983
8066253,49.60869152398183
8066924,32.6389369435638
8066925,5.0455448559399185
8067449,0.3854817891223315
8067466,29.97628634020669
8068089,10.48564064017868
8068304,0.3316315303657785
8068363,27.49861746309481
8068609,45.72253748130826
8069765,0.228483925121742
8069858,55.88929542064777
8069938,27.99253232797643
8070145,8.434897258042342
8070334,2.752669396548097
8071250,2.267577099469632
8071607,0.3184252606776384
8071961,1.0708219809421644
8072069,11.982348753246562
8072579,0.217749445570694
8072744,0.3840108997524221
8072802,84.84871937229967
8077721,8.825592577513488
8079894,70.42634431821486
8079900,0.5690421588305425
8080954,5.981580510092908
8081177,17.115971076562317
8082331,1.9609008042799654
8082554,6.684718052306816
8082651,28.82492854659236
8083931,0.17657704842567784
8084527,7.685233655548438
8084550,3.134127563616773
8084731,6.6069041307534775
8084878,0.2975783891815292
8085542,0.12494894114274552
8085549,23.959437534768234
8085692,0.5797040109987243
8085930,0.08670205953925757
8086465,8.848257850493681
8087274,4.600224280707163
8087330,14.132577680085673
8087780,10.233750650182737
8088779,42.183455847875166
8089062,42.856534992807475
8089722,0.18039289902062272
8089927,2.927060754378563
8090023,0.21938703317902702
8090426,79.60781763057976
8090529,0.2406038095152085
8090698,10.442426658276448
8091080,0.3435937071278451
8091243,5.4934414253488155
8091463,36.544423114395975
8092877,5.509147310538896
8097123,20.533930358675775
8098481,19.252550321488236
8098736,56.825651418404966
8098828,0.21021451337466707
8099205,0.9691100390981335
8099249,7.895587363148227
8099478,0.8804146709274455
8100787,0.11842265423082192
8101258,21.816964784278905
8101374,4.243327005480748
8101581,21.18345768707275
8101762,0.32117838561334183
8101848,0.2159290499722787
8102012,34.07045598168752
8102057,6.00239737542895
8102637,0.14908923574800964
8103140,22.881011025678664
8103342,66.80823520346365
8104879,0.23938856010798645
8105749,0.23118359589997195
8105752,7.697626604368843
8106228,7.260099003048201
8106428,8.187154766777097
8106445,8.929005274936461
8106449,0.2827305031753595
8106619,35.272638464508326
8106774,55.76001281506262
8106830,3.7214092531105813
8106902,1.8014917911373551
8107212,19.305355754705978
8109092,4.947898266340038
8111686,18.816865560077765
8112228,36.067352801551834
8112556,3.933860767287014
8113145,2.730515431521951
8113407,0.12787625134697522
8115116,57.754059790986446
8115321,47.84080632026028
8116276,1.3860715915764363
8117019,2.732980580992701
8117161,3.906874245075735
8117163,39.981059713271286
8117213,23.95733081587289
8117310,0.273771642193023
8117482,0.5075647449268786
8117731,7.006993372215787
8118605,1.8678198295957862
8119610,34.19978475859366
8121643,75.35959649144023
8125640,8.430003126480779
8126091,7.388544410630423
8126104,25.168805869690214
8126777,28.3838367799554
8126980,2.607394740233277
8127123,1.8957936231711214
8127186,0.19143387568312145
8127517,5.31907025024189
8127628,0.27202751927660523
8128539,0.18502781808540328
8129018,14.224191267627283
8129389,1.2524881621658466
8129669,0.4066292509944351
8130153,22.409109678102574
8130277,18.89876901451787
8130291,0.2391822683348452
8130551,0.1752634171791537
8131356,5.357543050384377
8131765,0.5825480756541288
8131995,16.62614755570349
8132046,8.293328032491074
8132122,0.4911082329506121
8132430,0.8246065233788383
8132629,71.86446808348245
8132699,0.30889451513326904
8132897,0.49522930934576187
8133275,66.63956823477336
8133345,19.898970640688155
8133932,0.4394405551232646
8135403,47.823031754403466
8135887,0.19017196936092867
8141318,11.517737837402008
8141967,0.4348605658669021
8143119,0.5024700095819798
8143588,1.9058316747580069
8143851,0.20691014631760707
8144339,11.41298030935149
8144631,0.6099840568484239
8144709,33.638503123358085
8144798,0.8169087454702314
8145150,16.091321883926394
8145645,1.6948587034382334
8145653,7.7831326193258095
8145675,0.10580194992202131
8146444,23.450466490311932
8146518,35.280187724735526
8147083,26.04074863838077
8147106,54.44402981425314
8147212,7.537980317040317
8147633,0.15083176689960381
8147928,16.185109625870968
8148182,12.365248085028494
8148668,0.08651856408158734
8149309,16.915691391820246
8149789,5.076232631846361
8149849,17.510184992883346
8151268,9.411255757420685
8151645,5.177140378860941
8151925,84.2529332903437
8152470,10.844997191791377
8152513,1.9475406084562479
8152565,0.6227623312433753
8152675,63.12409807891195
8152697,1.0781937177031546
8153005,0.1715368391971844
8153044,17.616572264020782
8153128,10.77716214969429
8153235,9.058077285492972
8153240,0.2739863517802841
8153639,0.23039319206929604
8154203,0.4309513082495518
8159329,1.4354227903690928
8160542,0.6523954199001806
8162214,21.147004493067673
8162587,4.7941459982075445
8162607,79.67191238135275
8162622,0.19417787957082744
8163275,24.85488375983697
8163625,4.153963750777414
8165315,21.00890753132288
8165707,7.89219351906026
8166218,8.244208605868277
8166617,12.854541461097986
8166737,10.04838115806826
8166752,6.646796429535582
8167057,32.18365387017906
8167145,0.2065472460671517
8167783,4.698843040449069
8168670,12.817368812001165
8169030,0.8014034809581153
8169615,58.778327201861714
8169667,36.044906866070164
8170005,37.77356412748752
8170917,5.70322473464149
8171241,7.738516067340627
8171295,3.6824322245322954
8171299,2.721001643837092
8171873,1.0158001954902363
8172062,32.529849506526226
8172572,0.08564916477216498
8172653,0.3126147214713927
8172864,0.17635643994887557
8173170,0.2048034620786904
8173232,0.4446732607810423
8174249,5.444907175250283
8174397,0.29227182487911285
8174840,27.014810473062504
8181170,0.22658872536365712
8181864,3.147587542452971
8182759,15.200036612700552
8182829,14.898172719514186
8183217,5.153897788776986
8184624,0.2381306802771503
8184754,0.289104497625033
8185374,26.37397257256498
8185497,4.88752451099582
8185787,79.41947452424671
8186234,1.4959323521928949
8186924,5.754976833811196
8186991,0.2730441024758803
8187334,0.43740077402188093
8187634,0.13206684054913417
8188176,3.6445761268077903
8188644,31.40976534141541
8189390,4.500335297144424
8190035,0.3615610428183886
8190071,2.9680356573148226
8190147,0.2517813809667871
8190190,63.40523219214325
8190747,1.8528178226159873
8190848,4.085450554332707
8191540,31.09256691912945
8191699,10.831885782149886
8192079,0.20143209535263204
8192443,76.11594863995802
8192532,1.0965998944448394
8192768,40.43997205927998
8192808,0.16638960932824706
8192936,3.033953772088606
8193000,32.537863102843964
8193127,0.4427585981420285
8193135,27.283214390831688
8193595,0.9106534204532508
8193625,47.25267120149677
8193768,15.692495208751932
8194194,0.07928539889294364
8194225,5.306982844489557
8194283,15.328066432369527
8194369,9.103353219618883
8194401,25.65112866350229
8194650,49.44803637879276
8194812,65.68909285546857
8195034,6.562372047686111
8195094,49.059689888099314
8195117,1.5868219397990777
8195151,4.789824574583567
8195335,0.35262095828828127
8195353,6.280790432311726
8195521,4.484349743955394
8195719,5.531040316410799
8195840,0.25118727031692184
8200729,57.12983609583344
8201629,6.158107687945796
8202455,2.1024547144758325
8203294,0.08799757144183519
8204392,0.39764331679042997
8205064,7.305158530109758
8205342,0.14604027336600084
8205555,9.471284276360963
8205701,61.27169355174058
8206060,11.529848256368846
8206718,11.785164462413347
8207350,19.887444727018575
8207701,0.45419977455844124
8207764,51.689865244776925
8208090,52.304867715952106
8208110,0.8343829878814203
8208824,0.2197753880224306
8208997,0.14820399650627752
8209242,6.49263209195184
8209307,0.9290728699967258
8209412,0.09828255134705595
8209746,0.7576067918686139
8210384,6.082578043914023
8210423,19.09421130364041
8210543,27.274198380123277
8210728,8.661613993403995
8210734,39.90156155934148
8211314,0.22856741347818724
8211513,3.8438237620478417
8211709,0.3496851364774157
8211852,1.2925570399717292
8212058,13.131041982694619
8212215,2.987189100937065
8212592,3.4060119978280823
8212733,13.480587581079268
8213019,0.12553375485343435
8213145,2.2282160152704007
8213362,8.605874447571281
8213444,65.14799160489486
8213800,2.363434582964107
8214005,0.1281110847548831
8216392,4.966752939925054
8217350,43.52118844878102
8217454,3.2858881509391282
8218942,9.804042784756698
8219313,1.156925975487906
8219404,19.198203956329948
8219648,81.32721049466036
8220331,2.420558543510554
8220472,3.9473324329888198
8221965,12.374851097094163
8222540,1.718613968831389
8222831,41.435533790408996
8222857,0.4330529662284463
8223756,0.212896218487543
8224233,0.527279865267122
8225210,0.5070173656433333
8225997,1.55587572791603
8226137,0.18088168300200033
8226967,0.202601291068189
8227361,34.64290891408177
8228217,9.571358752319226
8233117,0.10368127832059106
8233484,30.1825943942155
8234295,0.6570564287357294
8234456,3.1088449262976106
8235667,2.8723790436481615
8235820,0.1913926579638094
8236539,0.2143105874184981
8236660,4.4523155482366485
8236773,0.23386855295415512
8237477,62.561904505097594
8237586,0.1823136832241603
8238028,26.00648326539877
8238581,1.9226790449119306
8238754,73.007044079167
8238926,78.07283138391509
8239111,2.545929998200048
8239159,4.688304359330488
8239333,2.3358823503663575
8239352,57.51367038205655
8239394,14.175544722827427
8239534,10.045945213251972
8240016,74.52922708031441
8240819,15.029734580585329
8241237,5.507325610386878
8241545,46.17703818789555
8241894,0.39349351266347204
8241975,84.36518620535543
8245639,26.37120942182732
8246555,5.032730632452377
8246675,70.80937351542887
8250194,2.8052041832838834
8250576,0.6227118937859663
8250729,52.36356935607277
8250925,76.65601164272454
8251209,2.624096041317431
8252398,1.6780418473639513
8253057,65.41610488017744
8253376,2.7718792545069557
8254028,22.472651448707015
8254419,1.9600406988075199
8254640,0.20408530330678978
8255082,0.3428344999097279
8255329,0.18092678082763924
8255964,51.2762254850247
8256091,2.461438841217571
8256749,73.98901708248995
8256789,1.9076810083405864
8256806,7.050085342395733
8256930,18.562981293139373
8257222,21.012069818414204
8257590,14.843919283068336
8257896,2.2192820825057358
8257999,19.855083004870323
8258394,4.696101872570434
8265482,8.485048333869246
8266485,15.665099857435889
8266871,0.17342317936709092
8266933,40.96995656442698
8266969,0.2618014779121039
8267425,8.958038541555382
8268219,0.7380758573026331
8268702,6.729917020072725
8268876,35.10874908812632
8268976,0.3340704849736995
8269241,73.73169313694426
8269318,65.30679929070074
8269852,26.16692862552197
8269950,3.759639362656364
8271628,64.35116265203578
8271658,75.800198151626
8271934,72.52919090636027
8272122,5.243716073588539
8272216,0.27341500214506487
8272327,21.373661330486254
8272532,64.16809329735419
8272749,25.20155752878884
8273700,0.9078138403401742
8273730,2.1184448098507933
8274488,71.70342927240384
8274516,64.00805597193963
8274685,0.22723781071693053
8274723,71.9996521096374
8274917,0.1842547971467799
8275295,6.759617457449742
8275421,44.31417625174054
8275455,12.125932112111226
8275474,0.34220177850666983
8275676,26.748173509487575
8275940,0.1281052895518147
8276646,1.5388900380634414
8278733,6.726685624325167
8283594,32.49381732531116
8284223,68.28168744352689
8285198,7.20761814670856
8285367,7.3505277549742205
8285693,0.7613570142963398
8285992,1.8003563881691655
8286034,76.16531446364701
8286139,0.6532829268976063
8286167,0.18593204572018526
8286476,0.2520770348528983
8286494,21.686755235797825
8287001,14.338882909820045
8287943,7.633348548665531
8288098,80.46096423977576
8288774,2.4004002254197596
8290042,55.3164931935368
8290210,0.2191249631175512
8290278,56.09936043860265
8290587,4.678452309045709
8290724,31.94800354149657
8292078,64.87852102407372
8292095,45.69738817931191
8292129,67.57409636546636
8292343,8.424992683258937
8292595,7.59835561029654
8292848,5.326339459214937
8292864,0.5291673991233125
8292919,3.324830197590561
8293087,1.320526679236847
8293222,18.80292558383975
8294144,29.836085663129246
8294502,39.21041416514897
8297694,1.7620135266010408
8299030,42.40734420940489
8299218,4.008812926665884
8301159,41.45670430347816
8301768,42.88847714629893
8301850,16.364207082138357
8302619,0.32384393088950897
8302890,0.7519520496294361
8303074,1.3396593163207717
8304116,1.2309515331482885
8304243,0.275887230963166
8304809,41.380218238228125
8305898,5.590131615872554
8306292,46.85958297457865
8306427,0.661592093475952
8307946,43.970243878309326
8308128,6.7457151142838665
8308176,0.6112905779429452
8308683,62.81680810055364
8308797,41.32158265056488
8308937,3.509486075320274
8309384,44.80889386568161
8309474,9.311925861930265
8309502,7.938021139297027
8309731,57.70199575652541
8309746,4.193354490771191
8309886,0.19986611670245538
8311468,0.20227623539151987
8311723,7.477535696470858
8311762,69.83787391215786
8311783,52.83411513089438
8311933,0.2644038104259616
8311970,50.315511559969146
8311974,12.954347103773328
8312148,12.435766871418728
8313370,11.364618287466916
8313551,62.00358645844594
8316290,56.723779575155525
8316959,4.2110324405037005
8317595,5.389579682440735
8319351,12.668971842956688
8319588,0.2002942668107969
8320198,4.06827353183705
8320972,6.010452494321327
8321354,5.15963491538502
8321517,3.2531329129755155
8321524,0.26412778682339016
8322138,0.19527472319019668
8322881,30.604679008213196
8323944,27.108021356501364
8324080,5.52280504920293
8324481,19.296143745011967
8324941,0.09293996678494154
8325667,0.1585375666624391
8326026,0.0798297277907873
8326337,25.232250142116595
8326389,0.28468287344449933
8326753,5.316474602706571
8326835,10.336614279744154
8327302,39.221561549192835
8327562,20.134370234639984
8327596,0.08843127142767845
8327773,82.04606524963336
8327930,65.3829970362879
8328213,29.045816150842942
8328670,6.091415515817446
8328706,23.844760769365077
8328837,0.20384350926298528
8329796,0.9772045092658094
8331648,21.353061125218854
8334273,0.34926582403986883
8334574,26.96977374889189
8335000,10.485472997898789
8335100,7.128557029957181
8335481,11.902374501324777
8335913,21.919106680160645
8336175,62.41701606405702
8336554,8.930217564090277
8337535,0.2873545411108282
8337536,22.12205152303549
8337597,0.5675474817601609
8337827,0.1599100916956519
8338312,8.662719509955867
8339036,69.33325754590683
8340304,6.4323344022940665
8340307,17.46316382059693
8340381,6.061118526119142
8340400,14.302314971781644
8340553,3.407844783705282
8341556,78.10136817226731
8341669,1.3706089890556639
8341734,61.633606802644536
8342009,18.36960426611791
8342200,0.22983264602799702
8342763,17.781003290918484
8342998,2.904103461674828
8343210,50.475236616718185
8348413,46.00024511060671
8349397,71.5583704629577
8349835,23.472663286895102
8350557,1.4681602703572851
8350891,1.5188731669002888
8350952,3.3994696410289533
8351796,0.15576673172862435
8353898,2.8291032658405246
8354383,3.619086014792717
8354816,7.368845782984704
8354926,9.614685304625162
8354988,25.637836958266252
8355319,1.235238978438086
8355713,0.2847652065368011
8355776,0.6472712186754118
8355794,1.183070414320225
8356465,3.4411373079229324
8356720,1.4699607097606178
8356743,5.430727690556724
8359098,1.295476865170847
8362098,25.65402424227427
8362248,1.8644728068050473
8362676,16.36955448326106
8363084,1.5859418621155275
8364525,1.4493905528779607
8365172,77.35384815374148
8366172,0.721807036438933
8366891,48.93237865366028
8367125,2.8129776846252668
8367486,82.6487079529242
8367611,23.684752621878157
8367871,0.81359385288067
8368708,6.463985855445189
8368723,50.38854188922796
8368794,6.369546965129766
8369857,29.388407309423723
8369895,15.623705876595553
8370140,6.948240820624012
8370236,80.47428385643272
8371527,21.133375459216953
8371541,69.53305812668893
8372652,0.08160421781956138
8372912,6.217026465929484
8378428,10.802520621787703
8379136,15.105131781119907
8380868,11.51898931094141
8381173,22.560325687417862
8381388,17.084112663436915
8381514,3.5042747808550203
8381974,2.8708082726449504
8382055,30.603296943388067
8382592,2.863414328160085
8382602,0.8111358157447428
8383187,0.17109785328344038
8383276,7.420246628790863
8383633,0.2087871618377877
8385014,1.9916959012878546
8385064,0.19448703517301685
8386528,25.911657635031283
8386694,0.23450459482848948
8386829,0.15188799648742246
8386889,0.9945474571461572
8387338,1.4798702149511442
8387361,14.421058097138502
8388235,7.276693393398896
8388303,2.507330171043979
8388309,0.35887440687554983
8388864,0.2336132691218394
8389302,0.1796039852230715
8389905,70.13892168481406
8390100,0.18308607792306578
8390444,0.17642898450470582
8390605,0.9954696953911985
8390739,6.269539568354482
8390906,4.128063706397076
8391035,0.1701616826355675
8391105,3.9262789568531784
8391111,0.20677507752763646
8391132,68.89408647829323
8391160,14.474104937480327
8391534,1.9216131227953472
8391648,38.49217525443698
8392636,3.1700953641539398
8392760,79.25524052647958
8393139,8.475404299620557
8395504,0.9881582336248673
8397623,71.02133295112338
8398120,7.098478712479144
8398176,0.9417631597018278
8398566,0.18195647008983268
8398742,4.187493128264105
8398955,80.74592026836719
8400121,6.870497713242675
8400723,34.501687692517756
8401620,7.058774165238031
8402207,56.040639230320814
8402380,9.215535160364064
8402882,0.47603113985947737
8403071,21.557791143578456
8403316,53.698836454500345
8403327,19.54503650099849
8403710,12.651786910697068
8404181,0.17544470847056415
8404787,10.047418266645924
8405280,8.611608122032106
8405664,7.959040132563633
8405978,28.22384091160949
8406520,14.96142560572172
8406689,11.278028313409106
8407577,29.75106770038962
8407677,32.09164580051024
8407862,51.62304183889686
8408530,12.053275776269036
8408534,0.1993894787499137
8408674,18.12155952412146
8408695,0.3491759655746213
8408768,1.3127863479983477
8408853,0.17619935687736338
8409178,26.681487869980966
8409300,6.771001656551503
8409401,39.14092954967027
8409459,45.2795730528757
8409542,1.0525208205418632
8409573,1.6069544654418608
8409575,12.838805704075064
8409839,38.23094612795985
8410004,1.4662989401456101
8410450,62.35795760400705
8411164,5.958991905564466
8411300,0.8894174466495254
8411390,8.97151472179957
8411428,7.813410200796322
8412352,0.18411508322449519
8416015,79.22094538638653
8416681,12.129367018752152
8417134,57.60361143570756
8417805,7.265176403017
8417899,0.4414647053215195
8418154,5.520573552983976
8418984,12.98531369175324
8419475,0.22723358498930774
8420343,42.955498533614005
8420572,2.185219344363271
8420940,12.602555000465543
8420972,23.174728083030267
8421416,0.16688292936105645
8421564,1.8504850034806912
8422085,34.30959368096066
8423554,0.2028759371487372
8423636,38.15181232624493
8423666,23.992422096060398
8424350,43.350048578015326
8424572,18.00744996520449
8424577,0.277649308765094
8424694,8.392490198024724
8425058,18.81542607608079
8425177,0.528811209134486
8426309,0.46916463904949884
8426521,0.3744336722231002
8426584,44.65654758672947
8426753,4.555573568313649
8426874,0.16089692999672486
8427013,10.673622142770173
8427400,41.0544985553797
8427638,35.32508233266693
8427707,0.9219908398624385
8427735,0.5380021442729193
8427772,0.24910443607168012
8427997,6.06695241494881
8428220,36.297562166088156
8428252,39.75478174291118
8428577,0.5411149156953512
8428777,0.21339392345030683
8429515,2.109674248425069
8434813,0.13603982939125564
8436188,10.947359442494289
8436762,2.2243071685688234
8436843,1.2371713232721135
8437111,0.0817893454163955
8437115,7.597181699902378
8437316,31.983223740770683
8438760,6.316122666457758
8438775,70.12415306889774
8438801,15.764011960944348
8439595,13.705503989114483
8439758,56.34564545569054
8440295,78.23492827387894
8440352,60.01394760132447
8440837,5.650308618315938
8440866,78.96723721566548
8441574,31.624158689761522
8441969,4.207659855366221
8442352,0.8587297536078624
8442672,12.502555629360867
8442997,6.485796489726616
8443516,0.2961989866785975
8443684,65.73228546639002
8444040,10.844396347069395
8444115,40.566038660632664
8444227,39.507054884343276
8444555,59.496228632583964
8444619,37.123178714076275
8444730,7.921077502244853
8444863,0.6243000721048358
8444940,42.95984156347101
8445382,0.17675962229693126
8445681,0.37003063172110323
8445883,0.1999864343774677
8446914,47.96417986775973
8449994,0.45173123372875457
8450523,40.8895200478968
8453518,2.646412432474953
8454110,66.562520171142
8454754,50.416542323743364
8455225,0.10452592926877309
8455625,43.307372143886106
8456014,0.21842799006266678
8456220,0.5302441909620959
8456805,55.759905453466935
8456825,55.153006043228444
8456902,0.7900088875107605
8457294,23.71222086252789
8458055,4.445463327716933
8458068,41.61958138772738
8458125,0.755451000174851
8458505,21.507526666167433
8458852,56.320567479883195
8458966,43.93177735175947
8459000,2.002178611679149
8459563,3.5666892469215163
8459574,6.511269341945166
8459599,3.2122814192664313
8459660,1.294487504931169
8459696,74.58450918731864
8461476,37.53441390134134
8463779,8.617849580438708
8466120,0.5885752339817675
8467862,0.24271904726114713
8468318,0.3090677213466255
8468586,6.787048246526663
8468662,2.6943380648424147
8468699,7.478710109328447
8468745,0.6493291561509277
8468835,0.1766173307845351
8469889,0.0906762579566611
8470130,0.9902413194921817
8470281,2.7527920045802303
8470491,61.99389530931316
8470559,1.9076182672446758
8470974,13.397160482335343
8471007,28.09233368004516
8471061,0.2534883308818567
8471063,5.95909331917475
8471233,1.4339192969405656
8471906,2.7230496261772528
8471927,3.0555328393179133
8472562,6.26533479489112
8472673,3.656286250156744
8472940,0.19752393544017974
8472997,0.41639622024979855
8473327,82.09029080495932
8473353,0.07997724212278268
8473374,21.709154714901146
8473480,72.90544541683211
8473484,8.312372850336237
8473571,82.56478918871976
8473623,0.1941202329694398
8473833,1.0740222693367658
8474015,5.224114194624147
8474260,0.26309676868473003
8474472,13.86170078567023
8474514,1.700470826593437
8474702,2.3805425574626273
8475392,45.56780484660218
8481680,0.1345185870798612
8482165,0.12768552080561926
8483296,7.439486484747194
8483688,0.21609213348874315
8483768,66.00718107334477
8484152,0.21263597885854046
8485053,10.273397569537746
8485057,37.072209872538025
8485529,0.5897323692724189
8485554,72.21753554401629
8485571,0.3358806220196311
8485651,5.7236214158361
8485671,0.2584102535872673
8486482,14.936464165617913
8486828,11.582383020294882
8486894,60.81608738935549
8486946,0.49869683521159874
8487176,11.897860245573277
8487297,0.21009487395913984
8487664,43.29158624391523
8487674,0.4894825679129443
8487757,0.21510752740977424
8487784,21.23947802923001
8487822,40.593645677756456
8488082,14.160370179147218
8488097,1.8827551869175452
8488273,26.27585868648603
8488308,28.17400003344184
8488322,58.76961840551513
8488834,2.2028550247366754
8489022,0.8490307873302552
8489308,5.517065006448128
8494012,3.0604791359075056
8494234,35.793195802974765
8496436,31.78530063664388
8496467,3.5750900155562846
8496632,61.954167984455104
8497248,0.14755226308156005
8497600,46.654650992114526
8497869,17.069208384560163
8498379,8.556625521493944
8498885,0.5879393882210666
8498969,9.217982737027459
8499562,10.093067430589313
8499719,57.62625687630007
8500102,6.49297829563459
8500649,9.407751875309478
8500740,4.447771836789417
8500983,1.7878584880190547
8501279,0.8316742172814083
8501323,43.69288543986685
8501622,0.5570157779482168
8501697,1.792890967385977
8501750,10.257817376047925
8502567,0.18517807966302688
8502915,0.41690047720845763
8503064,0.1617383970132664
8503360,0.1217724178763641
8503830,18.959908120568716
8504121,0.8801782620117378
8504231,0.18030598698774866
8504263,36.69796918947382
8504271,0.9432406673465217
8504708,37.58452096616899
8504788,5.05686724108636
8504811,1.7131307607919208
8504995,8.501490642426017
8505031,0.17726246159420186
8505151,1.5864629517007494
8505175,10.968159051455801
8505591,4.32017584423809
8505785,9.912139200861436
8506013,2.2983108721585994
8506035,12.626857993364426
8506125,34.790276839736
8506167,0.21912085683143692
8506284,20.316036740958015
8506755,0.8439635582788709
8506833,0.2755557456234607
8506835,53.37654807744643
8506855,0.5485978627773211
8506867,0.2626835557905117
8507768,28.906195121073743
8508269,0.16339176414323547
8511404,0.9206635118602499
8513953,5.757181185367891
8514177,2.6104047345375334
8514448,1.2334583790641858
8514620,2.788335247261437
8515213,7.223559917040262
8515432,60.92430756909462
8515886,16.029418051519414
8517554,12.614172884164008
8517887,5.228342198399123
8518186,1.0924751983711476
8518214,11.47366604992528
8518280,12.147530100045334
8518359,9.21571881597192
8518364,0.16007484268129996
8518657,46.79872144989012
8518878,0.21446170757174632
8520094,83.1355982752616
8520667,3.442039201621421
8520693,45.13149862897933
8520836,0.6253308607007397
8521188,8.153582257483263
8521666,66.71654582736625
8521692,35.31893048651872
8521720,46.75183294436007
8521884,31.917420817090306
8522062,43.0024831575634
8522326,35.818233142645
8522395,46.006785653987734
8522756,0.2657347255296895
8522876,0.6222484338214627
8522878,0.5216958250741489
8522933,72.57496514730497
8523014,5.472930537189858
8523027,39.16343515440946
8523046,63.03026745502024
8523065,23.607799606616233
8523066,0.23311544923612057
8524648,0.6409533478788749
8526633,32.8049090443535
8529957,11.918129431221185
8530825,2.071778494683298
8530858,1.3209527119923885
8531691,11.526149873763515
8531772,6.800610918718005
8531976,0.7264597669486187
8532354,9.235277582075106
8532520,1.744755862600074
8532599,10.189493634284107
8532763,70.43915078041414
8532825,0.700547789075479
8532876,1.0437812227232441
8532970,0.09153703527125616
8533035,0.1275829004922509
8534230,13.831754329557183
8534400,3.593551101749142
8534893,54.75584688925111
8535041,5.305581642784401
8535125,36.950925014916706
8535332,0.7141528128952453
8535338,0.16870893454808447
8535694,0.5343207898512552
8536589,9.259960266776194
8536676,7.578277915975076
8536829,3.4914824863606864
8536911,7.753785252828553
8536955,0.6571577920104706
8537400,0.2067919482082102
8537628,31.261247486513255
8539057,0.18275355049921702
8539544,0.41026677856861443
8539699,2.6188923121300283
8540113,0.12277560138520087
8540941,0.19040977605152065
8541182,7.086953842040136
8547442,0.2815277722883037
8547627,15.34157138872544
8548307,0.7454713757467012
8548407,1.3073389227972685
8548971,39.873820494429864
8549106,38.65191312059452
8550184,67.32651986984408
8550380,0.24554842913962313
8550516,13.937804194818856
8550604,10.45328031231683
8550784,9.418601978451845
8550799,13.152216282471608
8551446,71.3683335213497
8552070,17.97802721383042
8552516,4.8154512371046865
8552616,0.10137871703144695
8552838,29.596219210262703
8553166,3.150638159743967
8553197,0.17450572956849467
8553204,35.90727202550663
8554567,68.5701020807325
8555036,1.7538740855576216
8555142,39.72510206193428
8555231,75.69461458850158
8555577,8.290112422370449
8555721,36.763208235596515
8555964,0.25374791635132704
8556774,10.074918192232563
8556792,38.993897468768914
8556794,26.065114041714235
8557123,39.70612200056812
8558283,1.7969849595222183
8563290,0.31204004292862325
8563603,3.2094018485290907
8564412,0.20418141728998448
8564500,0.19065564650980354
8564804,5.4736526427256855
8564983,1.5313085954015513
8565339,13.4424772836376
8565340,0.2355145009705295
8565548,38.06261891996954
8566525,74.23538131388274
8566780,6.949081565467825
8567173,13.710718962684998
8567307,0.25773294431793503
8567525,1.0310663227711188
8567664,8.857481927771767
8567855,7.556327203650446
8568137,61.853592155983534
8568363,1.314996028324255
8568624,0.2015555072784094
8568841,4.359119833674093
8569079,73.09719182464754
8569212,0.16375909507851785
8569951,72.50177094557871
8572460,0.15360837020387538
8574047,22.95077256858051
8574120,32.7323702263012
8574289,1.1967353179777522
8576371,38.309369293286466
8576948,25.56537277467582
8577270,0.5006177378524155
8578817,0.7082477609880862
8579012,47.821270722201106
8579476,0.11803761630457438
8580273,0.10439480910005333
8580467,39.103264231984255
8580704,28.011163913852737
8580746,66.63816417983445
8580947,26.19661841180402
8581068,0.3467416085382444
8581091,62.243479289364444
8581264,1.0148459795271099
8581716,26.235056904848435
8581784,20.676010917385575
8582163,69.21974349100354
8582643,18.412784911722714
8582756,2.1863860060873614
8582762,0.21112665964017285
8582786,38.05103181951673
8582976,0.11265795085627182
8583175,25.78952717874435
8584215,0.43650794831215695
8588016,23.085757543264705
8588141,1.7194529821044695
8588357,13.753427673078825
8589668,2.2732831695473084
8589729,50.383841589875495
8590198,20.34717664998937
8590275,0.1597086808865234
8590822,0.7797004550142332
8590851,0.29930092145317877
8591707,0.2883106891163517
8592122,10.832007613540464
8592390,52.16568654774043
8592411,24.5729276984263
8592525,4.197341710517415
8592757,12.90172464975027
8593656,69.69585623767979
8595036,47.7414169797159
8595191,0.17859793508209676
8595346,1.6308215907515482
8595359,2.7056831954016367
8595415,0.2879664367873675
8595446,4.424610344547593
8595450,19.691457404197976
8596015,6.4060730832307655
8596666,10.318229283995777
8597003,4.675521377913605
8597141,22.276115539766362
8597265,0.18839017419363657
8597976,33.14632574465206
8600189,29.317374810116394
8601145,53.60826551853885
8603891,0.27335734184798893
8604250,0.26336571396709874
8605214,14.105948395458904
8607283,14.053042327518998
8608243,19.13912590069039
8608793,34.97632415347438
8609467,0.4736250825795308
8609750,8.225380115269617
8609779,81.83284783409215
8610382,38.95971918873374
8610516,0.22854339605249452
8610571,8.233967156570696
8612715,10.2256858382703
8612724,0.7103651960778986
8612906,8.292225792202428
8613122,14.727056304158378
8613175,72.43145736007956
8613226,0.1422622905401363
8613389,25.720703087851845
8613920,0.21732054192678582
8614204,14.350977549004297
8614388,56.88977233375824
8614461,7.323046013907029
8614498,10.370947580056509
8614751,54.908597437499125
8614884,5.401609151792838
8615187,5.982801500246989
8615333,0.29192317528239276
8615647,2.3189176185176534
8615671,9.874219457416592
8615821,36.32895526938878
8615830,5.0941383984887585
8616102,0.19271917762144664
8616221,6.306863056922103
8616551,17.092476563958613
8616888,35.41890112921221
8618231,0.2414409720826057
8619067,12.240104763668283
8619510,6.93983609556719
8620134,70.33591810905854
8622301,72.02032007267883
8622957,71.54890458213772
8623370,44.73018953233687
8623758,45.10366100464992
8624118,3.2222731179966684
8624833,36.37050561391704
8625398,2.293737523472757
8625732,0.210786533732212
8625895,7.484451711913504
8627060,29.512232383841507
8627394,1.2569409722310354
8627432,12.445239172602577
8628042,1.796297340749037
8628425,29.256243733729196
8629187,1.4651569226540522
8630001,2.2725954186536996
8630023,0.5084587585474967
8630560,20.32730888069329
8630599,75.7426775972111
8631355,11.004851527844155
8631389,0.10549125748219554
8631819,23.206005015600272
8633243,41.27325293175024
8634024,0.1880552529552947
8634152,0.10351181980811681
8634169,60.731976145482676
8634189,61.52390269905472
8634383,67.53530960265935
8635191,19.27426997348606
8635289,56.167206393552675
8635291,6.485820166025986
8635320,3.3270281577974097
8636057,40.485426898307516
8636089,0.6362469365112885
8636274,1.9451647391592921
8636411,2.4105403519662536
8636520,1.8534103271511433
8642133,3.790574258000022
8642982,71.4817756219145
8643939,0.5902052410373426
8644070,34.72180863168953
8644087,0.7579500701737835
8644654,10.742516189615351
8645664,1.3863578530705798
8645816,9.026605362678636
8647106,5.924226563193214
8647400,0.10914907107210184
8648051,25.47536585585321
8648134,0.29314845896788244
8648254,0.47295987795781935
8648479,1.4437464410995358
8648668,0.3486289140335576
8649087,6.572110712522296
8649144,14.54080670200458
8650177,29.873013417580285
8651132,2.4908359587955404
8651260,0.7704460045936958
8651580,3.0589216729106736
8651786,3.805866361467624
8652372,0.4547833422874401
8652556,76.35005493850169
8652866,79.46075371575492
8653072,57.76493275349776
8653444,22.126168889014824
8654577,2.584483411978222
8661533,8.122241790708737
8662610,1.3458998433697713
8662997,48.764287002968175
8663660,71.53089224301708
8665047,18.212360332033523
8665125,0.4751617512442087
8665778,2.185740877900274
8666528,31.273415587602415
8666705,0.3417263628941164
8666925,0.552541982027778
8668115,12.497523495592588
8668241,2.8288250452936996
8668928,3.0949242726931354
8670025,0.6761658447614419
8670231,0.5542175085119647
8670765,6.430879904492247
8670966,1.2557054744416312
8671752,5.910583391623039
8672280,14.385173714020567
8673141,0.396441802926685
8674025,7.122599603080381
8674223,75.92993503005768
8676240,0.21497893420917377
8678768,23.246249273579448
8680223,0.3317826780501193
8680473,9.057050107354456
8680487,0.24096129397394908
8680642,1.70128968456508
8680648,74.93546931520865
8680649,0.7785640163621176
8680891,8.815692014222584
8681076,12.965462658791921
8681616,6.018771328152271
8682738,0.3919540569497013
8683033,0.455635808009011
8683137,0.19235340627848313
8683432,34.35489726601945
8683482,0.21761819767416968
8683783,19.66243175172153
8684042,18.17582622316649
8684082,59.212058801622696
8684124,10.941503751011115
8684292,0.15825894196677667
8684600,5.101876862100087
8685857,1.5731586097546713
8686167,14.066947149817333
8686361,11.073831051606499
8686886,4.731366491628376
8687305,20.865214012230094
8688095,2.1077806236900845
8690394,17.896507169029114
8690657,8.48935408010961
8690821,0.14630769273111355
8695381,51.88220648253494
8696758,56.17582635239652
8696961,5.297499992443482
8697198,13.079332735429341
8697491,0.2653436894896478
8697741,1.5157985877846478
8697809,6.143680432477924
8697936,3.296999718097014
8698459,18.73999265044956
8698673,3.5118753166758716
8698963,0.6192034605936548
8699229,1.435057762430018
8700748,58.984514209759524
8700870,64.17599969166554
8701055,54.956501000229345
8701169,4.13878208777607
8701228,71.87925270303225
8702075,52.73622087269644
8702895,0.21418533197195194
8702930,0.28263235431350525
8703437,48.248309476529215
8703671,10.991263361540646
8704112,1.7477049669144418
8704235,0.25060612495760193
8704348,46.647089888382474
8704432,3.5087337099504845
8704606,58.37994544522019
8704666,40.65885239976146
8704821,63.896471899479636
8705505,9.824130973750322
8709326,0.2549138812660087
8712309,38.73735663461947
8712745,0.18922450022449597
8714408,52.42089195328776
8714485,69.81824656539118
8714605,6.723050323232586
8714613,18.83189086726017
8715038,30.5617768807058
8715361,0.18765855100971726
8715508,40.03990188716859
8716341,2.8924981934855745
8716577,20.74827130687113
8717373,2.5547472262661866
8717698,6.768689718626627
8718032,25.419614186922875
8718423,7.821963420233193
8718572,35.071075176520964
8718819,15.551847337866173
8718970,60.76409030820897
8719013,0.17924788067787095
8719349,5.2774152620388906
8719788,0.4613020265087721
8719818,0.02487400529601088
8719948,40.00994808594341
8719984,5.934384698747517
8720234,34.359788586547666
8720488,12.371624561999797
8720693,29.724298402102857
8720865,8.778994606986664
8720930,0.12939769529191172
8722224,0.16664531681639416
8722376,0.09935474979747899
8722731,36.59513526004773
8722860,20.754754693053957
8723462,6.198191397496899
8727973,0.20695694226866707
8728639,0.08300117492363321
8729819,4.042731759642072
8729945,4.098858864107264
8729960,7.947349259138197
8730848,6.005299309030599
8731075,0.16064180184447782
8731224,26.88761798533183
8731653,2.0736724199940655
8731667,7.403071481030431
8731752,0.3929113657676167
8732244,0.294057351955371
8734174,74.87993325602682
8734846,0.17167677315796145
8735320,0.17642365784851044
8735399,18.544218682055778
8735633,0.17764029450841604
8736296,25.35542522460572
8736788,0.5327989035636753
8736827,2.2832077534926842
8736934,0.1795943016766916
8737487,12.13900807861295
8738451,47.862270290920215
8738535,18.315648950549342
8738713,13.052221358281042
8739034,25.103640485256495
8739228,0.5238321314448072
8739326,5.901432416289619
8739642,11.417679260578218
8739683,54.562954999761274
8739868,0.39439352796598437
8740079,0.17987249443914868
8740154,62.08639639447711
8740192,0.232322571609076
8740241,35.26199496913444
8740344,5.451030903041999
8740576,2.93937303476906
8741049,0.168438136743138
8741124,24.250434051928156
8741289,0.2724975023334186
8741297,0.28802722691107163
8741574,4.796275208685109
8741685,3.321154967756366
8741896,41.67937164663972
8742374,4.38946811301137
8742520,66.49560489584643
8742625,0.35704524671318444
8743269,2.831847100397025
8743749,69.51205547738947
8744299,0.0832309461341702
8745126,45.225346732347276
8749948,41.725537222192536
8750161,47.69411344859171
8750772,78.44219161767758
8751747,10.83647951641823
8752471,22.30903954751651
8753832,61.653487770233795
8754186,6.217027468082705
8754339,3.042584654565619
8754465,0.597817226342133
8754560,53.738405367252035
8755259,32.07845466806818
8755583,23.92817360218886
8755870,0.18628373163727197
8756017,3.013795251025309
8756139,12.138917568142432
8756619,0.4378916954478182
8756685,0.2971527291084031
8757726,38.301189261935946
8758146,5.7304110226129685
8758534,14.501199213723597
8758954,11.842562795713123
8760046,9.591985374212257
8760284,7.8104290001949925
8760442,75.53558041129935
8760489,2.9464533785520297
8760775,0.12712279608599744
8760844,32.38933776607798
8761031,0.549170494992619
8761546,3.2157611789043186
8761854,58.031069515990076
8762004,0.193968248321475
8762135,6.48930623784206
8763547,7.403775558883418
8764232,0.08485557090070071
8764617,5.380488058024706
8768800,0.23281028065479265
8770660,4.978776916910586
8772268,1.750020384733298
8772365,68.71391467246214
8772654,46.989349573632076
8773391,1.8988689575680684
8774175,26.93369626932856
8775344,0.2633396041069941
8775871,0.16582428887478928
8776280,2.154913929631988
8776479,0.37025715668615605
8777022,6.772597724846367
8777263,0.3087019892611783
8777890,0.08564544415731053
8778159,25.114618543241587
8778487,23.81386039957875
8779268,1.0327159109781472
8779868,0.45740338555646154
8780061,11.543029760030853
8780251,7.896206150237357
8780425,0.19339128864589686
8781445,4.050005048563317
8781592,40.09398745556316
8781736,3.995995406379164
8781958,57.17312949970139
8782030,0.6536695682624046
8782407,0.22494234859998322
8782437,0.4417726643126703
8782605,0.10287534860551296
8782697,9.546770023766975
8782984,6.954610751763853
8783094,0.4993755981037067
8783194,2.1277470000907224
8783445,2.4372583847279783
8784461,32.674348582837574
8784649,61.375390586380014
8785114,8.071133161605
8789273,0.25587204187257695
8789310,0.16205924016600462
8789372,35.71653739092971
8790941,1.652125343934332
8791055,0.31234302036811734
8791898,55.54291509726073
8792086,3.2219254207833528
8793503,68.90245027566215
8793642,32.55888108679733
8793683,1.8651510974370447
8794495,0.20006742164593683
8794911,67.02814462648854
8794998,0.41624101917239503
8795849,1.8154112849872117
8795858,77.7451577293863
8796283,72.62570272637193
8796655,18.617783843016376
8796876,11.196885358656173
8797080,5.1280246321068175
8797385,0.9167242319177368
8797770,2.105510609968218
8798227,12.435550425482237
8798404,16.322020534145
8798499,15.451722335695512
8798516,82.7344131099495
8798556,0.39734712203673955
8799166,11.928967921080169
8799384,57.65601771175144
8799529,17.561623180362144
8800203,27.37974492578898
8800628,8.099311167460487
8800632,0.33963858548200965
8801016,15.081304323200705
8801196,83.1152266046558
8801963,19.81307086393179
8802151,0.143181051689919
8807611,17.606908061364457
8807842,0.27496772394061214
8808301,14.07517492302853
8808863,0.17741285704269738
8808943,27.071209202594368
8809054,0.3145691710057456
8809420,1.5121235594708307
8809578,0.7951197223607402
8809716,0.40205127272481667
8810710,0.891380518937823
8810937,43.93861072778829
8811687,20.652611515847877
8812030,0.09766481563366175
8812167,0.08844853251112857
8812730,23.274668006422832
8813118,0.6984652256286165
8813271,0.10580594308977823
8813547,44.30518152965777
8813968,2.7759241050834205
8814304,0.16517247923519457
8814574,15.505693669525176
8814798,2.292286801772204
8815050,26.621555849738176
8815099,26.912977289992575
8815120,5.937545436268751
8815447,79.86149722628822
8815477,0.5860122994881983
8816030,10.052426227688809
8816070,33.06900549095107
8816151,1.7376813202344392
8816420,8.496792327012479
8816637,39.47692719147669
8816672,0.7540008310560894
8823897,27.2305916899519
8823924,8.01465512462552
8824016,1.3919193338412763
8824532,15.05277560737576
8824747,0.14732061090586157
8824809,9.995861783941544
8825458,38.851809863160085
8826124,40.624421225905884
8826129,0.24879872758860005
8826658,3.136576823604131
8826833,25.116171735470076
8827221,38.88720437513137
8827402,73.54842946517807
8828000,2.162823340419802
8828448,4.047041704593781
8828577,3.607128770107001
8828613,0.4198853848805915
8829443,0.38423243505296345
8829753,0.6593055161708716
8830110,2.5088526014566033
8830119,7.951455005065082
8830129,8.311154681580636
8830246,15.612190479173675
8830394,27.95039779676569
8830505,0.5478916835900179
8830529,4.4324594571319915
8830586,70.24899021348209
8830690,0.10017167918359261
8830952,5.957556784095372
8831553,19.922848709126956
8831758,1.0737085566751254
8831792,5.8716854759466095
8831923,71.22947253743328
8831935,0.08903013671834015
8835781,10.4171317131927
8836180,66.56267518157439
8837242,68.00991213328085
8838513,1.1181727116344895
8838861,1.6060637825930606
8838932,71.00607566389105
8839746,0.2778033974674984
8839938,0.18106109340126672
8840625,43.8695339352959
8840745,58.59971217930912
8840959,4.440500193508166
8841528,2.416178949432052
8842080,23.24911952763572
8842185,1.892527962933275
8842667,0.20805465164582107
8842793,0.20206939392529744
8842889,45.516871873552866
8843110,0.11462697839944586
8844402,35.76336028203047
8844652,0.14450870997284135
8844825,52.58621496778337
8845441,71.95641389575268
8845851,0.11651159174109553
8845951,4.349320277211201
8845982,12.091750858068856
8846634,0.22625497635888256
8846781,5.211980132622345
8847484,1.2963369635563036
8847542,73.11810331286951
8847577,8.084141442372289
8847665,31.57990079679976
8847787,44.810360401651856
8847885,0.7415020007756277
8848090,56.45026283470093
8848125,4.095412906391245
8848162,0.2589108122211453
8848547,2.449651351384292
8848794,4.6122759223454874
8849386,1.3787767544739957
8850025,0.2049798546560557
8853511,1.3037719402679093
8854748,0.6912680233014309
8855166,34.841635886452025
8855457,16.50992164782818
8856687,2.0727014450612664
8856741,51.15673873762751
8857528,3.9405415502043386
8857546,59.79949291029424
8858698,3.843924109968688
8859006,17.248715217999735
8859710,0.20657769437998838
8859802,5.908074211949872
8860277,26.68172059805474
8860350,37.61651897450468
8860450,72.10268065397352
8860745,16.95427373581366
8861464,0.08118517212834596
8861568,2.3090508398712513
8861719,0.25182578901810604
8861981,1.2955473937177229
8862793,0.6325105108462061
8862995,11.723196525356098
8863005,0.24322527121446436
8863026,7.742928349379998
8863296,42.03726313815643
8864003,5.075642432021297
8864229,21.28781397235997
8864262,43.915797257485444
8864404,0.23352803705970487
8865338,0.8595023579596754
8866066,12.202299060794436
8866335,21.601863327754
8866381,25.66004533795583
8866826,41.99112140493976
8867112,2.4968633845157773
8867253,4.907308604361433
8867531,0.08232718590583869
8867650,0.16959007443355098
8867911,2.1656953647583146
8868006,0.21790724346285986
8868157,0.3442473143460951
8868258,12.851462246342084
8868429,0.09035212462949664
8868525,54.1389215281345
8868762,0.1726573134941072
8869507,43.894525702910755
8869660,0.7513716795355724
8869702,6.213739356549904
8869871,6.907914614806284
8870276,1.0682919770260215
8870310,72.25677759665753
8870422,35.47364287590954
8870472,10.505136459281529
8870789,0.16958988479174003
8873479,65.49102135407257
8877042,31.71682533237141
8878181,60.049434924241126
8878282,0.12860969704847164
8878544,32.79498196122048
8878750,37.09399167497607
8878976,5.392179999682341
8879282,74.88835900715493
8879767,35.36439746070725
8879913,1.4090003164318405
8879975,6.999492658107501
8880173,76.05539864015572
8880194,1.3809631424815731
8880524,10.194126903450965
8881253,6.691011327155681
8881451,1.7541020858162693
8881955,0.16666957703853622
8882811,54.014518126203434
8883032,0.17446992119217666
8883074,0.2955334049029948
8883269,51.63003695524134
8884228,77.45618202145948
8885968,48.13860465130872
8886036,9.254398943572072
8886421,0.17838138362952338
8886624,1.0141001818944269
8886732,25.665595668618394
8886850,58.60841307587785
8886910,0.40229119875843955
8887525,25.001729453570455
8887660,22.710937706820832
8887748,13.529548610987312
8887908,41.04984493710791
8888082,2.5271738756130033
8888084,0.2341010467396653
8888093,8.956162935402745
8888481,0.16741684890814312
8889858,11.070791007908166
8892174,0.17687134576389407
8894114,9.833428862821172
8894773,79.44535299041466
8895019,16.814359613796068
8896759,5.993225282767108
8897607,0.10266236458194976
8897775,1.422588626869611
8898050,7.929539877768322
8898742,2.1000275962621453
8899476,82.72868574210733
8899565,50.51275550086187
8900062,57.92145693087346
8900093,2.617287719372579
8900200,0.4847656662050897
8900997,10.622378233247565
8901469,59.10699473995058
8901538,24.114657922696228
8901901,3.372278470462068
8902042,0.11450312670527939
8902110,29.160753116354677
8902172,0.1574204108759998
8902181,0.18260560406302526
8902347,10.359915252040178
8902420,7.025498202086092
8902804,13.839448266135365
8903056,0.4104550830336116
8903395,7.914323912741364
8903721,14.88413394547904
8903837,6.243924809908946
8903855,0.219160694512696
8903943,0.4560184203120675
8903952,10.4237182199382
8904076,9.339066712796601
8904160,18.269639991978355
8904224,0.10290299049086282
8904488,8.642785290692528
8904563,1.9580874556030958
8904662,0.3801346192603062
8905011,41.68311620843175
8905176,0.2085024902626265
8905345,40.483650505081165
8905609,0.2923233434502447
8905651,29.149058411020153
8906054,59.02432388693954
8906176,9.962055759930541
8906260,34.2658569239644
8906379,37.97383386792721
8906489,0.08471119495162391
8906532,5.261289952997807
8906620,1.5689296090891482
8906712,0.8996964947182265
8906797,71.65547346799981
8907184,79.59950205313935
8907362,6.4207142708187686
8907476,36.97645715833804
8907580,16.476153278966837
8907592,14.759942987947063
8907598,3.0072083430665604
8907756,11.200719748123666
8907844,10.103128105655754
8907901,66.8421138888142
8908518,6.683533557723058
8908636,21.119900060013084
8908653,63.824671071567586
8913478,3.8635034114498232
8913672,20.494337162975373
8914876,0.23555077299130536
8915071,22.784040544384542
8915191,22.702070825318785
8915295,5.778442797116449
8915836,0.18574966665194256
8916000,8.136278740494648
8916480,0.26212321769973873
8916960,48.685308581347805
8917603,0.27879445697465005
8918151,24.71973097732268
8918177,34.40635008622322
8919326,0.09283665427483892
8920490,7.993833408338548
8920714,0.28483672562704915
8920794,19.09879397418258
8920977,2.19966274512258
8920988,0.16393222150606232
8921687,15.987697620621855
8922585,7.505599845277201
8923020,56.46871517239688
8923833,0.10616197200183487
8924504,74.11293483388772
8924552,0.23868540844037775
8924606,35.361814244873365
8924638,58.589257694790454
8924919,0.11007877196885785
8924966,40.910143567172824
8925006,24.7381714258147
8925082,0.3693238116468097
8925214,4.91539778826264
8925581,1.8236526436425582
8925628,1.769070054808456
8925866,36.87628170206657
8931189,11.639702444474628
8931436,9.75950501014563
8931562,3.2986445087181715
8931828,0.1649006253622927
8931888,5.318060664239279
8933153,33.60809938788279
8933384,0.1621132651564244
8933398,3.3754983804758845
8933503,7.260619705146981
8933629,15.020762926330713
8933743,0.15922727287148497
8935053,0.08411654049143405
8935067,1.6126320635534812
8935326,9.85218463993711
8935527,6.31558910807002
8935622,9.621760863223281
8935628,31.86433359497063
8936266,13.983562875272565
8936511,13.445003969524171
8937186,0.8463137460097795
8938501,31.457256291620666
8938831,0.2540234135029954
8939341,21.624393502930197
8939409,47.456454164361965
8940683,22.42846494014456
8940709,78.78531834964693
8941082,17.126590884956908
8941366,57.155904322310775
8941980,2.793999962163243
8942272,1.0367464045768184
8942467,70.92440171153298
8942502,9.696441741668504
8942536,3.70099762316593
8942654,61.05140582017905
8947588,2.28318595394145
8947796,35.756235345454485
8949503,0.19965994133960932
8949622,0.12790522292671533
8949763,40.3953883053485
8950419,28.528418761425566
8950507,34.907499923653035
8950589,0.15296850993053865
8951081,5.098036812927576
8951258,0.4102495765540725
8951319,0.49089562112197616
8951480,2.636337814250047
8951763,30.263005570292943
8952044,4.444268045830106
8952956,1.3857648684752943
8953066,1.1224429838346053
8953104,78.34186789621926
8953404,57.68881642768245
8953570,0.6615031884595125
8954037,77.53754055930483
8954990,4.121856162781486
8955133,0.2277444650656734
8955194,0.8607605408846941
8955543,9.822414969630756
8955558,12.3750471441192
8955695,6.333102021730741
8955750,65.00348049905006
8955886,70.67569047733144
8956039,7.605886040180898
8956253,31.801805203455576
8956471,1.8777230872092447
8956759,16.750874587004255
8957008,8.536557950862875
8957012,76.10993806602603
8957139,0.08395022935314907
8957189,0.24193975680703683
8957301,68.0247316791151
8963270,9.455226095268753
8963331,9.813009862449256
8963532,0.2297703995490212
8963690,25.62105976973983
8963758,0.36437600752270305
8964008,15.026603140266694
8964740,0.1697437471020541
8965178,8.297915136605088
8965303,6.465760845188531
8966074,1.0662453203086792
8966080,46.46908260695967
8966368,13.515889798121595
8966499,0.4034606055887527
8966576,0.2983321189438842
8966869,24.827156196585506
8967170,5.103482765639775
8967396,8.377527889491764
8968741,44.60584522165547
8968789,45.00660893726261
8968898,37.02734727161878
8969047,6.589083978003474
8969658,0.2003892835695671
8969760,2.1673875226828887
8969877,3.0501970517794468
8970248,32.419991474673814
8970652,4.804831178312582
8971606,53.22953890684391
8971670,0.08051508355611979
8972196,15.106913535979281
8972219,19.892081703822424
8972290,0.3095983476858415
8972353,49.90339431892862
8972382,2.1695770687346894
8972426,55.04716594525401
8972453,0.24977893115138594
8972540,2.2138683405711217
8972908,35.13081195869747
8972977,0.1702854258023812
8972994,1.5319167750048377
8973075,40.97014044049554
8973092,24.177659135007268
8973106,0.12314263352408623
8973131,0.3950502509546996
8973138,24.238910901167827
8973222,0.19522653635803744
8973682,0.47580152315452395
8974365,0.18353717923013604
8975201,70.72146878102458
8975583,0.6690673638509701
8979762,33.248421545161534
8979852,30.073786501823307
8980708,12.285227253772568
8981725,0.286704027854616
8981866,19.35206803712132
8982166,68.94409212808334
8983353,55.72912528652557
8983609,17.73300080446441
8983870,21.880056022891765
8984777,24.074164409501357
8984863,0.7519641415960794
8985316,9.79612371694193
8985856,1.210159671341167
8986308,0.16549698392182258
8986585,68.81407534933196
8986634,0.2548518817550541
8986821,0.3917645975043412
8987250,13.22971135594307
8987419,2.122468072027565
8987462,38.26946534225144
8987930,0.19587520727211571
8988451,38.21858056478448
8988495,1.0637051853934392
8988707,0.11434814960182069
8989205,73.69358930183304
8989235,0.12900888668883523
8989320,73.94809246365338
8989333,36.963722758930686
8989380,20.56509042986401
8989544,0.218174524571979
8990063,3.9337796469512156
8990100,2.538942257308233
8990368,0.25747242110108626
8990630,6.560576920655544
8991157,1.4850431729188107
8991521,0.24051476717184173
8991767,84.72953488498597
8992224,0.19176591846356783
8992423,0.19070416142413726
8992859,87.06585022243256
8992881,9.505741830371143
8992894,24.2222942103216
8992905,86.03792856949708
8993290,0.9565795517241001
8993313,6.389697471853704
8993757,0.8501516588337076
8993871,43.00369981985006
8993887,61.00521118140099
8993901,3.71793804526836
8994025,15.048615480270682
8994197,0.17092790530786448
8994220,9.8813916251066
8994363,27.612059249733235
8994480,0.1361934834249027
8994529,28.33358778854872
8994904,0.15952935996611914
8994917,17.38906897326741
8994928,13.655223654096632
8995119,16.260402188785275
8995120,1.322165593270604
8995279,4.908018526102433
8996181,0.15298870747927137
8996204,0.6330747052439094
8999205,60.525467961430486
9001999,0.21613522434167562
9002096,0.2243332891564127
9002524,59.8837839175601
9002703,0.4298439636686413
9004652,0.6775252176162713
9004661,5.987946011356465
9004664,35.409183761025986
9004813,0.5516036436749306
9004948,22.684227623440936
9005771,0.30802974968010527
9006032,1.354564450486344
9006090,0.8537489793221621
9006204,0.4389179679508494
9006249,0.5238766266577983
9006557,3.703338900419231
9006703,0.4673163109842756
9006818,0.18622658475288287
9006873,4.190230962497639
9006942,33.78506822653029
9007043,3.2573296271733128
9007095,34.50774208023286
9007249,1.7706851861206885
9010023,0.2359625524891599
9010371,63.115193365298786
9010379,0.2194357713368699
9010431,12.970129382979643
9011614,0.3537773088995274
9012130,1.8292215193146437
9012169,0.2466228436273926
9012173,9.224221645672786
9012470,30.81852159143723
9012540,0.2198694982345149
9012814,0.1946345052627677
9012913,5.482343206804103
9013350,4.49924872590143
9013904,5.030288570096104
9014166,0.33046197881386763
9014320,8.720828104816878
9014352,9.386611891420758
9016178,2.6662100826532487
9016650,83.76735599232981
9018851,2.227796637415218
9019702,0.18223998471514502
9019941,1.8524084622623551
9020184,58.63004745466331
9021572,69.97455275110721
9021755,2.575376423251069
9021829,19.69517703662122
9022047,0.26119720310110633
9022118,31.917246260464566
9022318,16.451624336830616
9022797,0.5888975877938265
9022864,53.909481753613534
9023240,7.1151101036843185
9023423,3.8696978549843504
9024500,0.6435538657632988
9025101,0.27414312510703315
9025154,0.20820490286305507
9025218,3.2144348506935536
9025310,16.487909764692304
9025379,5.583321024820224
9025887,1.9809296229034612
9026157,0.9296044167802999
9026203,46.560982474525616
9026860,1.585679110985128
9027109,11.964284823764887
9027283,15.452185665130727
9028105,0.17242996429319776
9028493,23.713040619753777
9028599,0.41474537975269776
9028856,46.89214296185019
9028916,12.633125320186776
9029138,1.6584086297674951
9029289,34.44798085433594
9029345,0.5850222838020458
9029469,0.9132438083361762
9029740,46.386455921282106
9030345,13.735657189630723
9030678,0.2669147891537291
9030684,0.1987103173143147
9030997,69.99656239547012
9031081,63.108654295365014
9031172,25.017319817066827
9031189,23.290678027320563
9031216,1.3215909225362366
9031272,30.341351126397665
9031411,0.08733961658687991
9031847,24.774742200161942
9032243,0.19078036324320025
9033218,7.73197356506028
9033229,34.215636427891624
9034645,52.93027736212496
9035181,0.5106943264087538
9039236,0.17822877070923554
9039548,13.995816378995686
9039772,0.2280404751207333
9040796,0.2755945640445241
9041068,76.04301650597368
9041410,2.2209728246930998
9042110,0.1860299365452004
9042177,36.14566759421046
9042594,0.7904837942232572
9043628,56.24336480307991
9044466,34.559904900519186
9044642,4.061554046183948
9045358,11.885301237963246
9045655,31.33494890349373
9045818,79.54833993885619
9045876,61.141534235487725
9046203,72.72958568942555
9046274,0.38004167830639546
9046808,0.1706283403114101
9048374,24.88292742948186
9048434,14.268270114340016
9048630,11.769555978100184
9048729,0.16674708008857766
9048963,0.09003450797142769
9049013,0.10253752398314957
9049505,0.1895594911096255
9049607,3.315303038483172
9049656,0.2443509296058358
9049810,0.39005230661130524
9050105,68.71611211551956
9050144,0.17519350624210403
9050373,31.825670696524604
9050388,8.144808632177115
9050443,0.19746882318343054
9050672,0.3993833106519627
9051248,13.057029956183824
9051314,6.780396939431663
9051442,73.78311511155928
9054109,9.285929659709991
9056113,0.83384816766025
9056282,11.608134653973915
9056804,0.12932280863081136
9056858,9.793694633820008
9057395,0.19692357379822548
9057937,2.7783611533987176
9058111,46.03829111367395
9058258,0.27151865618843385
9058854,30.686990814693715
9059314,17.75728192784145
9059418,37.13940357797786
9059783,56.95350911084991
9059854,12.55505215102578
9059931,15.821870494436606
9060062,6.341076349998757
9060448,52.18415609650929
9060925,11.91288445465643
9061117,0.33078792742619406
9061145,13.079084393416395
9061331,21.6442564189836
9061821,0.7529803906525668
9061899,15.991632503920568
9062929,56.161595830299895
9063028,0.1460385361914715
9063266,7.22534050867954
9063304,0.3304382339748445
9063376,0.4791483306593342
9063523,18.317702420707562
9063972,0.4676061509828696
9064211,1.4332877846582945
9064394,42.722318473286606
9064723,58.70680459285094
9064820,7.581056992933984
9065219,8.997926719615329
9065474,0.856612157441115
9065665,4.635395321674171
9066198,14.04369623529456
9066654,0.4188259010539624
9066788,1.1262187327952458
9071813,0.43564846740720103
9072538,1.0004554112220425
9072759,0.30190488564555334
9073438,42.22394648315093
9073600,0.50336592598947
9073987,2.9081746074965373
9074530,21.376140029874282
9074702,8.741744697823837
9074963,0.3113466944020517
9075249,0.641233857866732
9075398,0.14092763244967188
9076464,0.7996573068872583
9077315,10.390912806186387
9077548,0.25730145501950097
9077610,3.3476719849953533
9077858,7.1337339361031
9078183,22.69771855514441
9078187,81.30795357399369
9078339,5.057809624775792
9078340,33.55859428857181
9078357,11.550262608430424
9078632,78.60353562131517
9078739,69.61476308727724
9079330,0.09081213447628769
9079807,0.18569978583993182
9079871,75.71947865109115
9080467,0.11798043240104789
9080886,0.29740213888915285
9081009,1.6995417867734544
9081032,19.89407760686275
9083471,0.171832067260708
9085154,35.579799456017405
9085598,0.2972679649200671
9086629,0.3012363544649203
9087160,12.431333419675141
9087285,0.2738230781190587
9087566,14.280840641672738
9087923,0.3947157614600363
9088278,26.85980171004414
9088331,0.08574919937429795
9088444,2.4040238104005485
9088480,1.5354811049039987
9089397,3.6045332286377803
9089732,3.6273739327931134
9090606,0.11529374197979567
9091714,72.18076192586622
9092024,0.16916495067686185
9092331,3.5934092461366114
9092845,28.848092144928817
9093032,0.16182133048175484
9093168,4.8421229214617645
9093261,0.18689928820978532
9093446,0.25454940170730256
9094134,0.3459677317903647
9094496,2.324238893760797
9094789,0.19469945184799092
9095053,8.436039589023304
9095086,9.496912050824152
9095319,50.478773730441475
9095433,0.17921085133774659
9095482,28.8478326274996
9096327,0.16119132603768074
9096381,55.827976189534084
9096383,9.420726509242849
9096535,2.1309495331823847
9096938,11.085834186195186
9097056,38.107318305166125
9098234,13.014606666310979
9098690,0.17638726086729103
9103692,2.546759814881585
9104108,1.2088056890058207
9104954,1.5690194348114817
9105518,14.110013645131222
9105853,0.17625943402000202
9106568,22.843476148572243
9106735,11.53552028496862
9106751,0.2197062744307128
9107046,0.21312389687156943
9107062,2.122746437952902
9107118,0.20912705216115418
9107261,22.834452561124486
9107450,0.36042176994303826
9107681,3.106413293835878
9107772,32.1256514224282
9107788,13.547471540885699
9108110,0.1892233480646073
9108196,66.00728088851504
9108295,1.73305459551295
9108419,34.648314782935955
9109215,1.1906543010428983
9109385,37.81341750412126
9109675,0.6276065551923247
9110135,41.60719989517838
9110810,1.7875355157760104
9110811,32.75155079459353
9111254,3.689540099062389
9111266,5.608427150863527
9111561,0.18867921419308933
9112024,0.2401588555493991
9112676,33.53222988963578
9112776,0.21097637807881456
9113032,63.09308345470543
9113404,8.784029773940171
9113414,45.946774789017276
9113702,0.3364236839206802
9114234,0.6455827088595681
9114309,18.84752647060683
9114773,7.125504589572793
9115627,31.595516981951974
9115635,2.6615356840289977
9116203,78.31955816417484
9116479,0.18340970355237335
9116850,0.17626777196810356
9116868,24.191807566190608
9116914,0.2909247428219715
9118355,37.67317791770877
9118545,52.05933192511945
9118958,6.000911508320525
9119254,7.1605363004309055
9120050,0.14358863676929048
9121555,30.878146707105927
9121896,8.478256726689853
9124500,9.933296090443832
9125631,0.43792098994509226
9125862,0.24163474399525822
9125932,15.841386987854747
9127698,0.33145878594482736
9127871,0.34243472828194227
9128491,19.763585731765595
9128606,0.5958540173157306
9128798,0.31338050428765885
9128987,0.12496313605631316
9129016,36.66225512912244
9129357,84.37474400320491
9129381,4.453748218516645
9129491,0.19481311354777792
9129846,41.546953018019394
9130235,8.698935808245476
9130275,74.46174364981104
9130519,23.404064283681382
9130634,75.12107146827569
9130824,34.937133030207384
9131682,4.136599548532874
9131802,12.580649717090717
9132442,0.39257915480691846
9132449,24.96356970782639
9132614,5.129466168658646
9132648,6.868830736573291
9132731,17.760202298483264
9132956,1.916793021017663
9133116,3.4950289024333867
9133129,34.346693116983296
9133818,71.60974567021503
9134939,5.754749251615919
9135080,59.196812665774495
9135633,0.25176761759827265
9135888,0.17017441136743294
9135895,6.9007120581517345
9136206,0.32531755104015897
9136814,22.78293636643974
9137140,5.729032299739035
9137149,0.18615845194573574
9137365,79.94870300547008
9137480,5.728125494429886
9137533,27.96893704153324
9137941,0.18339885167162062
9138246,77.22658697742217
9138319,0.18577955320232692
9138452,21.393333157962466
9138932,25.457075144464618
9139174,49.58552083465665
9139495,0.18251437154136999
9143104,0.3298631581327481
9144999,0.48257411306047515
9145070,76.6278034743657
9146583,7.165020420654493
9146709,0.45993679832305523
9147250,0.13146573136328044
9147288,0.2795375096971202
9147335,5.287702092639438
9147431,44.598583078058496
9147463,0.08233209145982727
9147557,1.0730765125155608
9148123,7.954280015150597
9148471,3.1424239204733357
9148647,4.169261895601522
9149182,0.1799408876354768
9149435,0.18939097338797792
9149797,12.152321018922404
9150194,41.38688533306272
9150647,6.872944908165597
9150710,1.4552735990261096
9151490,0.2196649008411129
9151677,0.3952306235815731
9152795,70.28375025241866
9152840,0.22928829626093625
9152932,0.6598501643250682
9152965,0.7731375320402122
9153075,0.5542016018753035
9153235,2.698046300825039
9153695,0.19879180805151264
9154045,21.13315206351539
9154773,0.2979220001318104
9155119,6.954010537879656
9155206,28.761230755612463
9155212,9.49405570359294
9155404,0.8370154770535435
9155496,0.6310183188161409
9155704,77.01382991902437
9156011,50.353407783437476
9156095,10.050979965690326
9156108,1.2407543250261346
9156331,0.7905985445433801
9156577,53.84384647078821
9156650,0.6938861665953795
9156676,56.898659041913895
9156678,18.938116352579165
9157402,2.9778746143642243
9157483,0.33031005489438175
9157504,2.0908585397224337
9157604,43.07757406213992
9162161,5.281558864476757
9163561,16.461911813156178
9164247,6.264230014176225
9164770,0.09077717073745391
9165191,15.125179463486011
9165244,66.44877018525814
9165670,1.4821277772868635
9166211,0.1504598104961234
9166769,39.46046010288938
9167308,0.14963289883939063
9167798,4.583629781454771
9167936,59.18221801241805
9168009,2.1737978543723613
9168813,13.067012219329055
9168954,2.6061525138096453
9169181,0.17230480811847543
9170129,63.505679366289165
9170584,2.849656078847239
9171140,0.18755957471551105
9171302,2.3835394501834983
9172067,13.502879431641485
9172192,79.02773384173003
9172277,0.4147099202084939
9172421,1.348110596608027
9172470,0.08402672963662351
9172493,1.508251961886131
9172576,0.19083570147356144
9173096,37.221774368359576
9173352,3.4733854475303985
9173925,43.82577893037301
9174180,0.17311994077897178
9174208,11.060390622386949
9176859,67.97300987683788
9177858,22.14840826969535
9179751,0.1896426472058966
9180626,0.6316652555346042
9180770,0.16539399437012606
9181301,3.456294170461609
9181506,0.16746399921060592
9182008,26.013497449583166
9182754,33.75816980205463
9183045,2.3420035532680594
9183276,20.238236974765968
9184124,72.09363774804454
9184855,28.44566321301763
9185291,0.18031875088516375
9185416,1.4594033538505466
9185696,47.974886301583744
9185806,0.4926205417735437
9186341,3.215613677605935
9186662,1.0933603663414533
9186862,42.466364858269884
9187622,9.504866976897427
9187924,0.1082016545929061
9189339,13.01804696754055
9189459,0.28368721603508096
9189521,8.389948202466439
9189745,10.280873766537988
9191908,0.3154313071055466
9193390,0.5736431532360781
9193975,1.0306406105816284
9194620,11.422759878025744
9195534,0.172665714232489
9195601,0.32448148442442615
9195901,12.87755487784883
9196017,18.263911463175578
9196297,63.53078021017358
9196408,4.993965388094047
9196539,35.34152295414157
9196915,5.458607095461461
9197311,0.5091411298835054
9197433,12.17709621175721
9197573,36.126200847831115
9197704,13.990592340530574
9199020,28.123150422486464
9199104,0.6768474550107375
9199185,64.39428373682905
9200387,12.340587337231655
9200880,14.414788053453837
9201458,0.2386512091481239
9201989,0.7044171178306212
9202257,8.888245784306523
9206211,0.20345540482329122
9207023,0.4134367197676929
9207049,44.063318982280876
9208071,51.18572295451821
9208531,0.16681229458651467
9209464,0.08797240357753967
9210071,0.23790966755781365
9211534,0.18214512667018706
9211585,0.08438903372000682
9211719,0.22805709194635868
9212890,0.0818637160539253
9212994,0.08265404514726914
9213448,33.882827086331126
9213504,67.78043561382793
9214901,0.20321912473611514
9215155,9.511819709926689
9215400,9.707061480031902
9215423,0.3820547492324665
9215618,11.060820173084455
9216366,0.7570113462554358
9216519,9.888712444565465
9216815,13.603184709797237
9216865,75.08335108751055
9217460,12.376138744692609
9217571,0.7362215198451134
9217688,0.08677340596974732
9217770,0.20500345471586617
9217797,16.24099824947136
9217837,8.511923763536052
9218051,0.1971216257996276
9218655,12.669306866329906
9218728,0.21648896804305676
9218745,0.22998084020805165
9219049,35.213437304041626
9219127,0.17060712978259626
9219472,68.32360134805923
9219569,46.00763113124624
9219616,2.940003728771833
9224907,3.594627634265821
9225536,2.112748352405442
9226737,4.597063930123908
9228310,6.790351256655175
9229199,73.49565056026151
9229730,0.15006235690910877
9229896,31.60587776135519
9230690,0.28633481994661797
9230698,11.55648388674006
9230864,73.87357385889194
9231083,6.288110685783824
9231455,0.43367779376415466
9231618,5.484471870342007
9231653,18.32547879429614
9232087,0.41204201606317326
9232242,0.18405276394483766
9232501,13.36005732809062
9232724,1.2904347643667542
9233130,14.875383879532729
9233613,0.44555015902619854
9233636,38.68503591502911
9234256,8.704022185411977
9234415,10.898899183778449
9234429,1.003293685598634
9235166,15.616678987977554
9235946,21.853890685149185
9235960,1.0180445754526877
9236078,60.235430763830564
9236305,37.75269471853669
9236394,67.94150009485556
9236852,0.1079661940014927
9237147,4.9824950156564825
9237709,0.10720764637646987
9237725,0.23522601292025336
9237857,4.509306182078283
9238046,12.389844341748912
9238061,0.7155057403337677
9238295,0.8138624243771548
9238507,11.263816602197037
9238560,40.73830465428058
9239068,19.786091365530993
9239250,20.662549772874282
9239252,0.27160914706033007
9239268,2.224861511980113
9239436,0.9696802732618831
9239583,31.403865613716093
9239637,20.960797713716175
9239679,14.630778332517977
9239738,4.689290590307741
9240025,21.02126934698308
9240138,3.1147273946485834
9240499,0.2028598769522493
9240615,33.87958537836396
9240659,4.191117089153764
9240784,10.159391440149665
9240833,0.21921597319905772
9240869,0.2762334298421714
9241147,49.90252474318664
9242243,0.28347431093358566
9247750,32.9726704922663
9248049,72.75968166313766
9248163,0.44480991088920424
9248222,0.09170752403598714
9248558,4.6701944211006055
9248934,5.247978289694074
9249597,6.964763556408994
9249776,0.16205818577480027
9250212,16.938287255938235
9250241,2.3327254078573842
9250340,0.2078014868363027
9250348,0.09063713747619848
9250374,11.100260449766918
9250470,56.25412854179292
9250644,0.4436495390906784
9250731,18.13464831934332
9250895,61.127743451585836
9251298,10.162074503755113
9252156,4.779625103827762
9252257,0.1251243829658061
9252443,11.368494798488324
9252484,0.21661363956176696
9252835,47.80483793950423
9253282,26.455751127701195
9253505,0.17870630037284072
9253638,24.0152199491615
9254332,24.22156041524563
9254533,81.62375045128893
9255115,0.09977390900006193
9255297,5.365186353811915
9255470,0.21917230517857808
9256323,16.73243555796509
9257315,9.165332007533873
9257904,67.00440752519684
9258236,48.17752491030097
9259254,0.20316392550221443
9260328,0.31126843570066176
9260587,19.155674047991063
9260911,69.03937295786359
9261392,74.25852364876647
9261610,56.20162004759233
9263535,5.667665556950988
9265785,9.538205640660134
9267641,4.780785795375235
9268702,0.14123961103651683
9269126,19.390117418054725
9269191,63.35390361828941
9270006,19.05980886945853
9270122,3.809261505717947
9270176,0.251980716403991
9271322,13.614434209210156
9271567,11.274673238184114
9271742,74.90191609708228
9272841,0.7159077222273056
9273010,17.676420039572747
9273345,29.084569509281817
9273903,35.04322689992423
9274832,0.5790627054836539
9274960,0.2096832411521684
9275691,30.478524797642443
9275885,14.012921903114526
9275941,17.554063947439687
9276535,0.20484872361218093
9276587,12.939131568497302
9276877,0.8986974305788373
9277581,15.74328267876166
9277635,28.711016004400545
9278568,0.15764280625094101
9278723,23.941279418159045
9278786,0.2399853229522819
9279054,1.778332611204936
9279146,6.041276939557569
9279308,28.919085593527143
9279343,61.39045760590525
9280117,0.2280440524965791
9280184,24.27208272082264
9280474,0.2788503743238272
9280667,0.18476651441124578
9280872,68.90366788561977
9281146,16.874777243290417
9281201,35.06411505491686
9281881,3.9628237679413227
9281947,51.16001325674746
9281978,12.051263054863275
9282008,0.30183988596311356
9282368,1.2577654869799766
9282437,0.21725891429267336
9282443,11.739456051606624
9282692,45.614784953084666
9282872,20.658710989293635
9283228,0.9663639429322131
9283561,0.5378979553287943
9288358,17.15377435832474
9288652,6.38817527616362
9288977,4.673643490110246
9289352,2.473892950628827
9289871,0.08427425126899073
9291285,0.6483537238934693
9291537,3.6570658719529354
9291870,0.24289641983946844
9291998,18.456731621813777
9292183,0.20830119532382677
9292449,28.88632480211107
9293319,0.8418141900579923
9293571,12.08626859803108
9294074,10.57658482839753
9294257,0.2982994894557217
9294446,2.4328422005719643
9294872,6.470682218895637
9295261,0.319543601224167
9295345,2.0701871439207613
9295725,26.34004253514116
9295846,12.68627641724943
9296089,0.25995628106148516
9296132,75.03684885992216
9296598,0.1690571617191878
9296742,0.2508915144097302
9296744,23.97344650075537
9297237,0.690246959244825
9297603,2.6088484251593482
9298319,67.84587337501188
9298426,23.924036232783397
9298746,1.3446706957264387
9298802,0.09865895907804827
9298825,8.919111359472188
9298992,2.399503654446791
9299035,0.21203213241638225
9299042,0.16689139146244414
9299164,4.586924987765081
9299210,15.380229117280834
9299256,0.20519180323133682
9299672,65.70585110736653
9299921,2.680850073733562
9300033,1.5249416765217132
9300478,1.5344409364809475
9300634,0.5454413483506226
9300701,20.785673259961992
9300714,57.80330206132445
9301402,0.533329696372901
9301562,0.3153484338469741
9301647,0.6648849609907944
9301755,0.16704377357996877
9301784,0.2812398884678537
9302048,0.929694303186541
9302654,0.3332793933575699
9302921,55.882640583300685
9303376,0.32938920826351803
9307115,5.4344043811816105
9308016,1.1322221150754828
9308944,3.5404327441354035
9309301,32.44123088704568
9309328,10.382416903307613
9310119,7.015675905710294
9310252,42.290188170720675
9310518,30.830306357411818
9310777,34.80965394914273
9310896,3.7874475930848424
9310923,13.613944679445792
9310939,14.124984877331519
9310972,0.16903484070731223
9311032,0.7464969866590426
9311348,2.236951940687929
9312164,0.47824258622495674
9313792,16.00293380420791
9314004,7.1413947385696535
9314036,7.4427833828554775
9314474,83.07895240275475
9314873,0.478108981859389
9315152,1.9984011311154657
9315478,2.220163143030404
9315559,68.37386944164791
9315567,44.765320972514694
9316006,0.11810902520880752
9316033,1.3351920027044204
9316060,2.0314788541550324
9316086,0.19428147036922883
9316143,0.5889911119046137
9316287,5.529072659759029
9316305,59.60965563661655
9316815,7.670804860933908
9317303,6.015253065464091
9317573,0.2509915951767107
9317622,50.65170311179144
9317907,0.33018193931556133
9318239,0.8321300542596161
9319328,3.239061888569248
9319569,58.3653413612363
9319688,2.921264178888306
9320053,0.16285168330144664
9322463,4.139838023911354
9322949,2.047603937362754
9323310,2.3609493596381284
9324448,37.717311557937265
9324521,52.34061613088442
9325853,0.37739589860865624
9325887,0.10253858685323541
9326851,29.0797389854694
9326969,0.41540558144029066
9327507,44.270523619590314
9328355,50.10617840832348
9328396,65.1525647051985
9328481,12.6714755018474
9328578,33.79988657808968
9328896,58.54777919278995
9329170,12.267710162022366
9329425,10.925682246126426
9329658,0.11797347480798238
9330231,0.4052016950563207
9330321,29.961214908441168
9330440,10.7110738960733
9330813,3.7561869262028367
9330884,2.7127312941223143
9331214,12.103705790094365
9331257,27.217851815062055
9331413,6.127549874991221
9331444,0.6868071502358479
9331520,77.9401289295901
9331558,3.1231702987775116
9332396,0.1676410762116011
9332872,65.2887002295776
9333039,19.13265590735686
9333310,1.499418948943649
9333364,25.43257125034937
9333433,0.35476853733631053
9333460,15.549152078671055
9333533,15.040420483870841
9333739,2.378951555869028
9333862,6.539520279741976
9334192,0.6510626920545857
9334228,6.39608817877923
9334365,0.2214142672805173
9334427,5.298432677668214
9339092,14.897553118394331
9339253,1.003808053603189
9339308,42.07700028966114
9339334,22.146212904692625
9339373,27.465476367931856
9340975,11.691978890027988
9341196,0.21545284803025208
9341252,16.30052886140903
9342019,33.24524598456135
9342263,13.52082076315362
9343759,1.6806015046248968
9343896,1.542467745554873
9344000,26.70522442169897
9344016,4.948405694726833
9344626,0.5413357267607829
9345523,0.2307058543882588
9346357,0.08325875747988593
9346456,0.24022466857921232
9346752,68.79737334399677
9346899,0.25881991687233363
9347278,6.928297549411811
9347368,9.702704446832254
9347422,1.2936941709512835
9347752,3.058526925481275
9347803,0.7005953100258568
9347830,0.6391877633063315
9348249,0.19679486378260105
9348389,22.387250208639635
9348923,53.40367810721479
9349116,0.3834629097846
9349221,29.19963941399892
9349483,0.49854010522213743
9349542,0.10317636420960712
9349755,76.04847975621307
9349866,0.433897618542486
9349949,17.16396862494264
9349950,36.83651344865713
9350060,68.72961596603884
9350103,0.27428396775086067
9350125,5.3649600231335315
9350164,16.583238943923256
9350295,23.173022345907643
9350729,10.329361723711207
9350889,0.9017521588228263
9351006,46.00393829235686
9351013,4.225740436557273
9351036,23.777465336947085
9351769,0.6520259578613663
9352684,0.11426067781248685
9352791,13.397532314051572
9358718,0.1619576116993098
9359064,16.75064015502136
9359438,53.451915549962635
9359827,1.510287030392752
9359933,0.5048302626753051
9360072,0.9131868475496179
9360968,47.99420193716754
9361107,69.09852758645752
9362100,0.5560701328660128
9362269,35.03286317822497
9362280,64.05129368933052
9362315,0.3941465092639472
9362344,61.56284125995957
9362388,22.35387426236707
9362527,0.5191156319759617
9362648,0.24884982973951264
9363046,0.1956218730546349
9363340,0.26023564771376334
9363344,0.14637483844478624
9363417,14.91302618197282
9363741,0.38717042360237536
9363749,11.003548848052073
9363823,5.949064537440173
9363970,3.606158259257129
9364043,0.9657354306301067
9364096,9.76715934082067
9364257,4.0216312552046185
9364352,0.8958085970507542
9365025,0.16855759671875753
9365259,0.16242256379368689
9365581,66.7673190911926
9365929,0.1963323496455226
9366483,3.451022597181057
9366680,5.894538777648037
9367054,26.18869382202344
9367337,50.28806535702466
9367472,9.027150826449349
9367562,2.0108587987235875
9367571,4.856014864176847
9367923,0.46551348856694313
9368365,0.248156899655585
9368377,13.686067322633392
9368845,0.09544991222909971
9368969,1.2787649366952354
9369032,4.0809668724745105
9369087,0.6491245925939698
9369116,76.57869079865014
9369127,14.435732118595027
9369514,23.155331076128483
9369699,0.8321401056518991
9369705,10.237657752917684
9370059,3.2727101229335993
9370370,74.7018999599099
9370382,30.753209135248625
9370403,8.678356990546426
9370501,1.5160698537301938
9370513,18.048100241385146
9370896,15.313113954431703
9371009,14.07373666821404
9371045,0.2117162870655445
9371138,0.0822462496454634
9371163,70.68928875108544
9371171,57.37429678884469
9371173,0.19235221041764222
9371349,4.5671019363855425
9371362,2.6991793103248742
9371645,2.698922487053838
9372147,12.952859969220777
9372158,2.858258616681237
9372527,4.154948041885292
9372859,5.956572086310611
9372941,16.672278554854586
9373011,3.143151316054157
9373100,20.367251929871884
9373167,7.674373272057294
9373919,0.44198315833005924
9374060,5.965195657508546
9374169,4.996679388294349
9378184,77.3771313236603
9378785,0.19192388125564813
9380291,11.780012372405379
9380429,0.17185185191978203
9380912,16.215259151149436
9381224,10.003296009099127
9381259,55.29646342516907
9381315,0.3316436834873388
9381697,7.2749808632662045
9381790,0.22757091357103754
9382195,18.164084320284815
9382321,0.12859756890417182
9382719,56.07902258514955
9383044,0.4630913533967785
9383071,12.249770637098061
9383634,30.188774045076354
9384231,0.167269976779754
9385566,1.3980337440018011
9385743,0.9635417059249309
9385790,18.218944358458486
9386602,0.748323024269161
9386675,0.3636956980524243
9386678,38.30769374712041
9387165,0.24247957283024996
9387349,0.13509138360471598
9387437,46.230332268218255
9387631,0.2233040916041952
9387676,55.05872812435773
9387913,31.978596343673395
9387914,7.681794797921139
9388254,76.09820291305982
9388397,2.5255062613101096
9389037,10.971096985477715
9389575,33.75455644992209
9389620,29.060381263145548
9389656,4.054034984120055
9389827,50.75634527331428
9389977,0.7989022747691312
9390033,2.5102654050568987
9390061,46.74730181188583
9390084,0.19229816064503577
9390885,0.6151387583900154
9390925,0.5628000059396528
9391149,41.580640253551735
9391333,73.11563768311015
9391509,80.04707017214794
9391567,3.3050520761627817
9391829,7.904478604672666
9392048,23.695563371191774
9392095,66.97379951931961
9392315,17.929838417151178
9392466,58.61082637338711
9393005,0.6125183403155297
9393322,75.62849478514984
9393343,9.245272361790109
9393417,0.11707921182495289
9393674,75.17474217575716
9393783,6.649154411082479
9393873,19.255330720262418
9393884,10.269679408488246
9393966,18.832979792398156
9394477,12.349471722680885
9394510,0.18234815924177192
9394565,1.1141945917186473
9394635,26.630909206233092
9395060,0.23064793733238811
9396442,22.734680547259714
9398776,27.777046975108473
9400975,12.558255032393115
9401166,9.635376012718615
9401453,2.8230297120109658
9401896,60.64531678021633
9401974,16.158160419112452
9402649,0.444097832699783
9402760,74.29665431379239
9402952,62.846074465706685
9403351,0.16811549147003288
9403419,0.20719063291546677
9403626,81.29301355306994
9403766,2.4280839098291183
9403872,12.244827924082333
9404123,75.55187438133163
9404455,25.528335009054786
9404707,30.397273319038533
9404709,32.57413212395318
9404985,73.2115606370965
9405150,0.13522360942861383
9405162,4.174143264504135
9405488,59.104358911418956
9406234,2.5268243224666516
9406699,79.36252110199133
9407912,20.97299948406933
9408107,4.117829175043851
9408178,0.5336746077518904
9408218,76.47273011307738
9408391,0.21681934480020135
9408494,6.133131722290733
9409245,9.981895847719866
9409367,66.5494473782988
9409457,78.41485894982335
9409873,4.57468188360613
9410042,14.867251674218547
9410510,58.44044054138597
9410527,0.7110752626020127
9410846,69.42911186271589
9411126,66.62137386832413
9411379,16.270864492620113
9411743,22.089522779990183
9411914,0.1969827477845795
9412082,0.41941679865655074
9412351,0.8505716788817476
9412375,12.22768909857819
9412522,18.671591185019654
9412617,11.995913305683619
9412652,0.6156500118430016
9412891,0.2950276403434912
9412913,0.22447151153402753
9413287,0.6009225383354179
9413386,8.397910310082729
9413501,1.460392872882152
9413603,69.87273788832914
9413642,0.22687634468714046
9413779,21.320313592714008
9413794,71.7860700419064
9413809,41.27762865085074
9413861,13.024570892055385
9414019,40.882032127658746
9414036,0.4510946001521356
9414237,0.3197726467536355
9414521,0.19666247329900463
9414929,15.295689274560965
9415125,4.6290744972675615
9415426,15.661341351706978
9415450,14.921562620416056
9415577,22.480446413304044
9415661,0.21585248483536446
9415828,11.556353860348759
9416000,1.743816308147599
9416039,0.17826433757417812
9416084,5.263626158399829
9416198,78.36306754744275
9416560,10.414611880083598
9416852,0.23690314862365683
9421542,1.0529960013472832
9422196,2.1138442243885067
9422273,7.591058846230983
9422331,0.47175372338705374
9422915,58.254731075007555
9423397,65.20085443845113
9424118,66.08886241176303
9424217,0.5194569658050197
9424314,40.27853784496891
9425074,11.776825891093376
9425835,11.383712329401412
9425847,68.56966053169178
9426095,6.034799029768964
9426345,15.362751312074849
9426418,0.3390285392398403
9426526,2.2916957191477607
9426612,58.527923910301624
9426786,21.755364485375935
9427101,0.39968217768762626
9427341,48.15771826623631
9427418,0.18735626471119746
9428609,18.694451396364936
9428684,8.691933538112671
9428696,10.269665475899487
9429015,33.48465159880509
9429038,68.9735348703139
9429451,2.803895830763338
9429554,5.876513445538331
9429658,1.62501723655923
9429855,13.098308527396092
9430133,2.6821830098214967
9430326,0.41504602789835066
9430623,0.13113110173499196
9430740,18.23399143350497
9431085,70.55117658027419
9431369,64.282370059182
9431865,0.9023070390511376
9431992,61.28735897957012
9432750,8.848980183170212
9433234,34.09625177954692
9433334,13.996175924500896
9433824,0.6298508664665439
9434105,77.101457980945
9434213,76.69187439890122
9434495,51.91949232471519
9434513,50.652893468476286
9434781,0.19755010507952256
9434801,39.75487111119993
9435148,2.5928023797358426
9435234,18.625454711028368
9435462,14.632131856291887
9435568,70.27886696034729
9436038,7.09231559243894
9436315,10.547665101925459
9436559,7.18879121326061
9436650,1.447407944046697
9436968,0.32097690989237915
9437085,0.19461329732986224
9441186,70.74440528661476
9443463,15.50871650647647
9443647,1.1048601022941835
9443733,3.8541687457293357
9444300,11.020416951007746
9444819,0.21437649930526947
9444997,31.137318893289518
9445501,3.2822629559324046
9445652,37.264062749005376
9445687,8.827528385462672
9445757,75.88276722170527
9445766,82.6664536310887
9445789,9.259323148616868
9446298,1.1429895617248147
9447019,23.221134552607953
9447137,4.294443447070317
9447198,0.1841713394520678
9447274,4.187886110502036
9447707,3.1859573540257253
9447954,11.128675042165558
9448029,5.546523027317897
9448135,76.54374393480613
9448279,11.875260737578136
9448558,4.29104131622325
9448978,18.093391392285092
9449002,13.216888509904848
9449323,18.257010443781
9449361,0.2680293483670178
9449603,60.624731187503556
9449713,31.784280819074596
9449718,61.45714886680872
9449888,43.067114168910024
9450671,12.488971888107386
9450738,10.312312483357115
9451025,2.3504647916389714
9451126,76.5143775172425
9451165,20.96154580512995
9451184,16.74954789805916
9451250,42.35581524106267
9451334,0.21374554798668974
9451597,70.63265258239771
9451768,0.17107929318865298
9451784,12.46936213946355
9451805,20.447333476807277
9452037,0.7768252475082281
9452061,0.16059259213896104
9452113,15.955288513536752
9452124,79.65445795782264
9452127,34.419985679140524
9452354,8.260970597309926
9452399,0.11246291738502188
9452425,0.20090732044760035
9452454,46.61995612468291
9452728,54.07268703562486
9453126,66.69718847452508
9453245,0.2404994692325245
9453249,0.268813686471658
9453266,9.400985243504412
9453302,39.02766225129687
9453356,5.166981023795682
9455269,76.67533047279966
9455454,5.099959368703286
9457202,0.22726643898428084
9457285,69.69074080372306
9458150,7.81769992177897
9458247,9.68635013014485
9458372,17.059199848628356
9458393,0.3296236516536488
9458811,37.53014639098525
9459910,12.167901140150427
9460093,0.19659325545025996
9460513,11.005226624713039
9460661,23.32049304918576
9461085,9.358976457899038
9461086,2.432679119368263
9461187,0.1690910702684276
9461214,71.03224959664666
9461238,82.78519371673201
9461634,21.36124093015236
9461660,0.17559406185984738
9461747,0.6623014273383743
9461779,1.6421035449000574
9461801,0.7592318524768196
9461836,0.15105766629182033
9461963,8.924588210428107
9462015,28.599456420447975
9462070,2.960319368647016
9462208,12.835090203512273
9462694,0.23370867345150662
9462850,0.22197574744743273
9462884,7.235551875888849
9463039,5.651673940590723
9463130,0.26788719716119125
9463628,17.770203031944252
9463681,3.7929825844830476
9463692,61.355977170754734
9463790,0.36132975431254044
9463804,11.767482728910919
9463830,0.40005200950565384
9464046,1.8923258279393853
9464098,5.211087376251924
9464195,1.63188995768507
9464235,0.08323060360167038
9464267,0.4474674820480233
9464507,0.14256973433916506
9464528,0.692037336645819
9464560,1.1291277860559212
9464605,3.1212026479939285
9464672,1.8079630026944762
9464780,1.131275257081758
9464876,30.262400640202777
9464900,1.0992101948173252
9465382,16.859292309717684
9465717,0.1764424654815844
9465778,0.37866991497638897
9466759,51.302006002050135
9468563,83.26028677958958
9469014,4.166932011569197
9469655,6.1083639082191175
9469827,0.6328788582280251
9470048,0.09169231143327324
9470121,0.7597433489313468
9470148,1.5694969638237264
9470554,0.34439754545525186
9470677,75.66389008723044
9471498,0.8130813880349816
9471715,58.06553547163467
9471807,0.20154923784477644
9471997,1.040321315344957
9472829,37.04906318513766
9472966,0.18183036846962194
9473014,19.308876333509563
9473393,0.5107115980042198
9473484,64.13584895097283
9473646,44.34871637885532
9473663,0.08233713706843625
9473798,13.667750095371902
9473828,0.42724647259509746
9473837,0.1609542956696212
9473852,0.6245940758794738
9473889,14.191697272106364
9474161,1.5568292107041457
9474495,3.3346156564761538
9474607,9.86432150814704
9475494,0.19378764620442268
9475501,0.49739444566335844
9475631,0.21565264621783534
9475703,19.527376696874825
9475894,8.366826972488987
9476212,0.1819911931481912
9476243,14.255528193859005
9476293,0.8394484976071501
9476353,80.08720641497463
9476397,2.1982588300472727
9476551,58.679451948501345
9476759,81.6423272016926
9476831,0.8242029159804911
9476850,64.57356065699344
9476857,0.5396686357348297
9476882,7.794899191156914
9476900,0.36302463273953617
9477000,0.3502976781246403
9477010,11.951859731189582
9477096,0.1942166069091823
9477211,17.18130992209012
9477349,10.27767721415575
9477653,1.5211103467741858
9477830,0.427851060757589
9477888,1.2926674263436213
9478169,4.002346626222794
9478196,25.807048082357046
9478446,68.79062594359442
9478506,0.45373953465841815
9478577,62.5546808976692
9479348,23.878232607046908
9479421,6.96331024390959
9479513,22.996992872428482
9479608,0.12980356164805232
9479647,0.2627324729035723
9479656,7.795202276522156
9484148,1.4982546548699454
9484158,0.1455791261346983
9484208,2.719651561500605
9484892,0.8201492991032839
9485047,58.67046435608752
9485301,39.348628936588746
9485606,69.10110042206865
9485989,0.17300623313530197
9486300,18.47647190783433
9486332,0.16877064405091177
9486575,0.17402741769228572
9486678,23.551857035092397
9486698,5.433439613635289
9486784,0.653203232791251
9486786,13.084778647640066
9487251,68.85495364824361
9487327,2.7605683508171475
9487684,10.913614153355446
9487692,3.6928310627519667
9487838,0.23313346422563802
9488408,18.190207675075
9488860,2.9323590531425032
9489421,5.947736076441959
9490080,0.21596724706380022
9490137,73.61085925040881
9490199,0.18583679805784267
9490272,80.52824413092586
9490415,10.571194200741441
9490541,29.184204417766637
9490600,0.2509219066207262
9490639,0.7653171621474284
9490889,16.834787039038186
9490926,0.20470867262292067
9490959,43.60846071922401
9491126,0.12062263778322167
9491872,1.2133794780997378
9491922,0.12909606221107525
9491947,8.07710173359328
9492011,67.16942189220683
9492024,10.469897915372739
9492069,0.4896817758383568
9492165,3.1307503816019793
9492398,84.0592957240545
9492640,65.02614418439458
9492750,48.29876285307166
9492860,0.09355133588539508
9493086,13.278040905832398
9493269,0.12705226673852973
9493306,55.90691038013688
9493360,10.969626791848272
9493403,1.3309183711708237
9493699,1.5335892189597176
9493786,0.20222593690392543
9494534,0.6377564098855395
9494701,0.35921397932309235
9494786,8.630547856930948
9494826,76.94696981497978
9494900,2.5406749836354954
9494965,0.6177734056454336
9495007,35.87986659408411
9495140,0.2626990611185375
9495424,6.074387904610809
9495502,0.5355119364289206
9495982,0.5382449601088725
9496026,3.390741846354497
9496094,7.485430501539525
9496206,63.41250351407984
9496371,0.13483137019146899
9496372,0.1804819822836432
9496398,0.19856566212538895
9496502,49.57495730687492
9496845,38.31505141466982
9497062,12.032397266660727
9497080,44.65472038041409
9497513,2.4578772251176333
9498138,1.161698173837679
9498940,0.8661115203121594
9502016,30.661914708039994
9502150,28.21766360437138
9502712,13.180534524841777
9502981,41.79943483882474
9503704,16.181699696949263
9504072,38.4871076837667
9504882,32.560625199046314
9504968,49.510307636951254
9505047,1.9134722826109256
9505105,46.6776007435914
9505111,55.33197006316909
9505158,8.167142205800962
9505268,2.9161990807004785
9505512,63.46550897719467
9505563,0.08542110432191873
9505602,0.37421782247982216
9505686,17.530427815487776
9505762,78.40467560457249
9505990,3.07410965293891
9505991,15.970330945744461
9506306,50.375929736776804
9506526,0.7973561764386705
9506861,75.74211173857452
9506882,4.428747208456744
9506945,14.879313252659603
9507042,4.264720760907934
9507132,4.8589735144448785
9507244,11.056826196639749
9507596,1.2941269209269095
9507794,0.3424791422716943
9507915,0.3478185216713699
9508057,0.2870253588252726
9508105,3.529719670011638
9508137,76.90467555481835
9508162,15.82851702179659
9508288,15.982365464599821
9508497,0.15356373207032126
9508668,9.336240563352034
9508780,0.3332619512342026
9508962,7.184870947084057
9509148,37.15834080708901
9509369,12.821826503990359
9509529,0.767223934112536
9509672,34.05086397328872
9509686,0.28486566148707926
9509691,30.298410858138233
9509922,42.6898589869927
9510151,0.08400468831530775
9510158,26.545067338375954
9510370,0.36128540998246583
9510385,11.710675481852965
9511073,7.59284239728136
9511112,29.490720493698117
9511119,0.12640787930383332
9511370,0.41143862850534246
9511559,0.5190811704447263
9511851,0.9849615913384693
9511865,10.274828035271959
9512164,0.6608717981195015
9512347,13.014789460705844
9512419,18.57843935313281
9512472,0.2598718498133747
9512594,74.35052124755161
9512612,4.1344817201282975
9512773,6.273174551686616
9512844,49.975972328154874
9512888,0.1907320441588105
9512941,0.29316559958837235
9513248,0.10957241447125808
9513261,2.739551118319322
9513312,1.7436995758754683
9513357,13.577259806281258
9513408,69.53503479107393
9513511,15.079023016645573
9513743,32.47759025412775
9514368,2.1168827838673865
9514432,13.055269686138615
9514549,0.17462348826516436
9514670,0.6811137186120979
9514721,64.55185639251545
9514730,0.7954679959389513
9514772,0.1889265638893816
9514832,0.19637240328521932
9514839,0.3304629369504219
9514935,0.18145956017175513
9514937,12.141378492394436
9515409,4.874336934964919
9515597,0.17273855556912973
9516142,46.677967152197326
9517488,2.6754152822436614
9517507,68.9431345543846
9519514,6.685723953161652
9521009,0.25608465736336394
9522516,39.96237031043501
9522986,0.6054679771522039
9523023,36.954363611251836
9523125,3.8685984256979427
9523156,58.50678899514329
9523627,10.293832673338871
9523761,2.3971272260698924
9523762,1.09430768623894
9524047,21.713275517700964
9524129,18.621004853769566
9524141,1.719775805670594
9524433,2.405354524376332
9525001,0.975548719214911
9525096,22.09674411641352
9525173,4.546318638069899
9525241,16.313412983134715
9525335,0.2748970529999332
9525377,0.9389542267654758
9525490,0.7560470294261549
9525531,20.64573172232837
9525925,61.538024257202636
9526313,0.10038909258390549
9526314,36.02826368246858
9526794,36.2048999294768
9526879,0.21926441113456455
9527244,6.493443024645981
9527407,32.78469002934757
9528568,0.09058083438363781
9528648,48.476839587737864
9528987,4.447334497641033
9529306,0.21700587325802098
9529332,67.39557692732657
9529431,1.1051205661666312
9529493,25.51778796432584
9529607,0.8657203303216727
9529662,60.74377394270926
9530079,3.5034953664590307
9530083,9.739943241350447
9530287,0.9273361710948419
9530381,81.41325987920209
9530714,65.28914278276517
9530797,62.65543748766492
9531565,8.109374612442592
9531676,0.17043765833310456
9532024,1.5284063793925755
9532048,0.2178352224027168
9532435,68.47479694927422
9532913,2.9357087086867333
9532973,2.7583103371314666
9533089,23.68438410698889
9533144,1.7120886034500196
9533222,0.37037841790152226
9533818,0.08259987094729283
9533889,23.126603741421
9534209,1.6021483476454077
9536965,24.00045141554661
9539111,0.30961196745225317
9539212,6.877194156563683
9539397,0.1807976445407399
9540005,68.57666011222521
9540147,26.220806001332143
9540193,41.96053117141536
9540974,0.26954714439765726
9541017,0.17014329307803477
9541094,0.25349125096100383
9541320,2.9967694390946282
9541514,0.3016394855359534
9541921,3.8640707689069145
9542140,24.27593608417945
9542572,21.536944215514826
9542827,0.23664009102564018
9542872,0.18361732023158125
9542984,9.046128348589024
9543637,9.652315910307225
9543640,5.020917625736505
9543678,16.002746925903264
9543824,10.087582319421431
9544410,59.87610566367857
9544597,15.6916783336141
9544653,3.399584133490221
9545059,0.23753266834672787
9545164,37.5339935339625
9546184,0.44875452765636464
9546215,7.305782103008231
9546267,0.16499444394081464
9546587,28.30839428048768
9546711,31.477940500038198
9546808,3.6893237227803968
9546888,0.7445975615137655
9546943,14.025761110607402
9546944,0.10128869478931098
9547019,24.237054513663598
9547160,12.929266624611689
9548120,11.105095246103753
9548191,52.418278361706776
9548427,15.470880216277873
9548693,23.376304718585377
9548728,1.4187257476399948
9548756,0.16802563821294175
9548788,0.33784722049092775
9548866,17.756672874629206
9549076,8.208301859375139
9549078,4.465414395924575
9549118,0.2856213770799934
9549223,0.7490173907844556
9549572,0.32228112317988694
9549790,16.16889664751749
9549937,0.21189818157422868
9549987,26.088267540575764
9550142,6.343935724262939
9550147,70.88910488331341
9550276,1.5164649976579403
9550306,5.309892929066769
9550392,2.5535474771419517
9550423,1.2107405492180043
9550501,1.514370912276935
9550620,45.07100201910832
9550750,23.87837966296662
9551158,51.035747938335675
9551417,28.33739588591892
9551672,8.79844013323697
9552317,7.252637959481032
9555580,0.20945777240428637
9555648,67.00949139495464
9555679,0.19574365789576448
9556966,19.205864626628447
9557136,0.0833759674005349
9557226,63.23288892706331
9557775,33.670692080124866
9557776,5.911674007347033
9557816,2.5838722399682914
9558085,10.743272208845958
9558152,3.535909011157619
9558396,10.087277442520259
9558500,7.891011611440046
9558860,2.086453535333712
9559115,0.7326413805258161
9559548,0.165287108532155
9560057,0.2037941417192333
9560089,5.3661137224717885
9560141,6.3256289512332895
9560526,0.39120749322424886
9560832,0.43003629052591724
9560834,6.489208476424201
9560902,0.11919707196334178
9561222,46.83577650255027
9561332,8.62941510653591
9561448,1.8984291112384755
9561631,11.834763764143643
9561664,1.2184480228040586
9562515,24.726155536706138
9563063,0.33685856482456494
9563210,1.9700527356265742
9563266,54.79726871577263
9563436,25.478144118976605
9563766,2.321272881055407
9563868,77.9175956803423
9563873,47.57888410754813
9564057,0.19660978947696892
9564140,1.1925629621747922
9564260,1.502790761550998
9565788,59.55199454050283
9565831,58.31939711569501
9565934,11.838529038113807
9566067,2.229442453964464
9567875,1.4125824323165774
9569572,4.090134496180323
9570366,0.19469563173127585
9570519,0.19890836015089827
9570939,11.782398906322124
9571263,0.8415880549841759
9571369,14.516849196344182
9571516,0.09824274739890025
9571623,11.325354285781241
9572219,50.143786138897205
9572653,1.2023578028839907
9572779,0.25424938458617996
9572909,6.7876926097821935
9573394,0.21832546045011886
9573507,39.78742439086033
9573564,0.2410209726022288
9573606,2.2252886949757773
9573876,0.30010959848286706
9573898,1.9585797691375697
9574455,9.15407838645202
9574877,1.0027883766694092
9574933,2.061117734743114
9574936,44.32176384498751
9574953,5.1808979149392025
9575049,53.03381658189104
9575089,22.157388737857868
9575138,16.45214719129798
9575226,4.425245668337342
9575236,0.40987830260666264
9575285,3.1008570426015285
9575298,0.23770860833678403
9575320,0.5396709526957552
9575455,7.417055361916833
9575562,23.390255577163884
9575682,11.085681777247737
9575809,0.1717539857506618
9575930,7.059312120676809
9576155,80.53876494267114
9576274,67.9008822482247
9576329,0.18370391005708397
9576342,0.18031454490326987
9576344,0.08040076368847725
9576478,64.41966875415788
9576906,0.387948952840956
9577543,1.1939361717264623
9577556,0.18839796592033026
9577644,14.332039730781835
9577660,0.11259166726282606
9577748,0.27711885605257475
9577777,46.539003532075284
9578255,12.966481973747456
9578438,76.59908060407854
9578639,7.200900436545825
9578683,74.80049912314047
9578848,0.5908710828091336
9578857,6.218502713036949
9578960,5.634340486181833
9579067,5.2950768163938315
9579770,1.7524303715974012
9579927,79.36906930659741
9580372,0.5794749948060142
9584779,0.2225569723617412
9585027,3.7008551942498693
9585055,17.20772422365445
9585339,4.972758538573687
9585440,3.9697398200657212
9586086,3.01534470143599
9586258,0.923585070865852
9586691,1.3171759892149686
9586958,8.972902658807753
9587066,0.6825483495043899
9587846,0.2784331073376003
9588053,1.0775120662342672
9588164,2.778156775033915
9588196,0.23163458072073673
9588888,10.473901248197828
9589030,22.05410351800321
9589676,2.1471061156707614
9589722,0.25128481221742144
9589764,7.952921879409465
9589879,11.893272055248925
9590048,6.88808145388163
9590519,15.25622736964579
9590861,50.79940290016375
9590866,0.724104139364889
9591135,12.077700169219058
9591645,2.4004353367438487
9591966,1.4203538898012111
9592032,0.16062184876889093
9592159,3.0541971804957835
9592562,42.835449560593204
9592585,67.35920680673755
9592655,0.28828189507807256
9592725,17.810922550407433
9592975,0.7742578140847928
9593065,9.570857626853316
9593075,3.3888460176889135
9593737,0.28622389319262836
9593794,48.38335168248272
9594046,0.11073839476219263
9594188,2.434773528843843
9594568,71.87782136154115
9594885,1.9906275795168966
9594936,26.926906634096568
9594976,28.469768487962458
9594995,83.44486669192509
9595063,0.5590297513925656
9595099,24.841820574590685
9595779,0.0817893454163955
9595836,57.128258386660285
9596042,6.782820914298796
9596089,1.6337650313457261
9596207,0.6656461974312385
9596299,14.516068458345645
9596561,0.34860419243947866
9597325,42.00426832280808
9597422,23.605121748816686
9597627,43.39834172278622
9597676,44.88873911113822
9597931,20.890774017556122
9603395,13.566368221885966
9603611,4.111037430468128
9603991,0.17213334977359296
9604011,11.815968947269141
9604045,7.8252612951786515
9604498,5.338213958541345
9604629,0.5270670741280487
9604772,8.431003516095396
9605039,6.519357105866495
9605192,57.70382630769724
9605259,3.3365480658593842
9605451,3.4188868576883324
9606229,30.80938402145415
9606360,37.93318949448245
9606504,0.3435172989733616
9606578,74.0444741313233
9606642,14.850793443291444
9606704,0.8409327409318418
9606773,5.166196341599572
9606832,0.24363322932279316
9607275,2.873390006332208
9607482,3.656644514255635
9607920,68.06692660386182
9607952,43.22171064119596
9608639,73.16174575492913
9608753,19.028019180996488
9608814,54.93875766328463
9609140,72.73458937666113
9609246,0.1964125476513908
9609356,15.734475536529738
9609588,4.184612732870202
9609800,13.03976033965875
9610258,40.43367397769856
9610982,0.6816422811999011
9611059,68.61461168878425
9611216,1.9161186323267232
9611372,16.321034465948177
9611469,0.9175988927648061
9611593,1.2251596128361841
9611656,0.18094398036802029
9611659,44.29983034417231
9611741,0.3148297881048858
9611968,12.420873237562194
9612260,16.73846462699242
9612294,27.32234854901135
9612676,0.306709723855313
9612732,13.021478661550871
9612758,22.692967907663977
9612946,0.2304849007104981
9613420,1.7805850924279876
9613465,46.60870834925887
9613532,76.62878957025058
9613541,0.24754187250943221
9613565,0.16404532462097793
9613574,5.887335521092181
9613781,46.033570142159135
9613813,0.2510060223221798
9613850,1.2306240562631654
9614123,1.2091269590100495
9614672,0.1583601477763353
9614688,24.830516017297537
9614785,69.09268371093489
9614889,0.14571057673833648
9615209,5.717971657139639
9615352,0.23268686296625826
9615422,0.23226637282567927
9615504,8.767795796093694
9615576,14.556841048947856
9615644,0.30957707593060635
9615976,0.4785278979909716
9616080,0.2417960666886155
9616400,8.006197785229475
9616453,0.18090414123246232
9616534,39.66415422792111
9616635,16.157140016376083
9616729,0.19882106668485572
9616842,48.370464556642716
9617219,59.70839748890344
9617349,3.638781177721607
9619848,2.958148183003766
9621849,31.653191599905185
9624177,0.2130464617700088
9624220,2.3889268736296496
9624796,28.74260373892118
9625125,1.1454265518429187
9625266,3.704362005836745
9625344,0.38346180348737396
9625346,44.717222052871044
9625731,53.95553467391352
9625790,12.311817178841974
9625889,48.39545469967673
9625926,0.2977758465508325
9625955,0.6594222330508623
9626145,0.2048801382306391
9626150,1.449535526975632
9626243,7.890590645753193
9626477,8.670736486147305
9626509,0.3315267742410394
9626675,44.21220662528653
9626760,15.220876502576536
9627012,27.629769138649326
9627442,1.7820126078055434
9627513,28.75791174961208
9628198,53.38397987986874
9629171,3.3865419783689283
9629178,1.0081611599466915
9629194,0.2573531540592565
9629345,1.2781776199862835
9629551,25.333673625287936
9629581,35.58798889601547
9629672,9.764765869192603
9629811,5.871819734482159
9630011,8.676581945229664
9630336,0.11626749366938427
9630730,0.25223807868250014
9630970,37.06986794520599
9631175,0.22051252145114625
9631444,1.5546452959490236
9631808,38.21293935764136
9631903,17.709258292290123
9631959,0.17002951775293146
9632372,24.177969969801776
9632692,8.374705504394482
9633323,29.769179102155082
9633579,6.1252664957332
9633608,23.114633282652896
9633740,18.329210927547845
9633920,0.6956740161622558
9634829,11.018256061512231
9634880,27.755875967702835
9634995,0.17573799325271758
9635160,2.9045312550692506
9635555,0.08844666802424947
9635607,34.61010013776052
9635880,24.849527420156278
9635981,21.281380044136018
9636009,0.28100694203098037
9636293,3.1821357211862153
9636675,0.7932553567097677
9637133,0.22584383674899283
9642518,81.35583220284248
9642915,0.1803315738878357
9644037,3.1851583683512747
9644386,52.47709751516808
9644430,0.18890257105125904
9644444,60.13590250371972
9644961,1.298810650500639
9645272,78.71182375687874
9645338,12.850515798411765
9645422,10.9010150677569
9645934,9.282783291117333
9646181,0.21957993103200935
9646272,3.93942669973289
9646357,12.878142312542751
9646412,52.82402943563777
9646678,0.2981281398853717
9646745,25.190945788651636
9646918,1.9872095651385357
9646958,0.8771351175997528
9646972,8.345210097097924
9647025,0.23011061041911698
9647396,37.980322294134275
9647450,7.5634354544334625
9647486,3.319315808352543
9647790,24.464844961435873
9648225,5.274342180393948
9648874,11.223067823810203
9649261,0.11502540615067468
9649376,1.2075109539929207
9649623,4.275166602619443
9650667,80.48406490524214
9650946,21.47618575683496
9651083,0.08900032460571429
9651616,0.10941252035193008
9651926,37.33232262371082
9652348,1.3864654404121828
9652413,0.19040044430808004
9652591,51.50419175463344
9652624,10.151127177480854
9652665,0.20767298609556387
9652787,27.45414206308105
9653005,0.4869461563545729
9653297,1.5676751690502513
9653305,3.9550510240984575
9653314,6.723261857146476
9653433,5.191799137426508
9653464,0.6743336757639156
9653481,3.234818173471646
9653592,7.08071098341104
9653738,41.13507931043561
9654509,0.17664191289639913
9654775,0.7922318875871496
9655327,5.710560249600999
9656161,43.22113199553643
9656326,0.8556231123796681
9659670,8.575721088066107
9659869,12.345081913262044
9660636,0.09285101482086647
9660912,19.17340006645819
9661762,18.218195108984588
9662136,67.66368222719065
9662298,1.9074269631018084
9662571,40.81386079512885
9662622,0.2620601487314592
9662691,14.629563235944529
9663306,15.404332789997598
9663776,8.207723083796658
9663956,18.528760486065984
9664369,1.3580252417161967
9664378,0.16733411226754397
9664414,34.52040750861434
9664497,18.361087169215864
9664537,28.94513655515657
9664630,0.38722004171918495
9664861,0.9708458975966034
9665117,0.22043332002375488
9665125,25.236452827154586
9665170,76.34870706975128
9665364,10.565150533674567
9665579,5.733424183129312
9667527,0.22668721127585167
9667733,0.6777871564369172
9667868,4.718946091429892
9667996,58.13810329602649
9668363,1.9680973126298236
9668485,74.98844280076105
9669172,9.227858830816844
9669578,9.98447445513427
9669703,47.798012023716936
9670233,49.126121540237996
9670576,16.513212293029916
9672054,58.8967738273789
9674509,24.62987188444463
9675806,0.17081940884452798
9676890,0.43176296729848546
9677343,1.6466807232110332
9677640,2.3734580423568454
9677912,43.642178662867636
9678146,7.846263395439839
9678389,19.36686281587491
9678870,0.22071129010095042
9679058,27.50998627788121
9679278,5.682451657907287
9679310,0.21126829398124913
9679337,13.755950123774474
9679369,0.17385609223885887
9679670,2.102338085166709
9679720,59.02072081623548
9679900,4.9175404445343105
9680804,0.08489422677959986
9680940,56.8973871806456
9681391,0.510078959610566
9681693,0.19970467950857085
9682135,0.19209583731020577
9682617,41.12616186994395
9682862,4.349367931169275
9683022,44.02112777264441
9683079,17.353374303323296
9683147,7.083136044118416
9683421,10.609345803403139
9683429,17.480950858440202
9683691,0.367354722756306
9683828,0.3790148166394106
9684188,22.58263108360338
9684223,11.217214717482975
9684309,0.17821899581025694
9684366,0.16623879072429046
9684732,0.2166531776442275
9684923,0.7389038438870957
9685075,1.5731849020849813
9685213,0.16369036559539824
9685336,0.17116480245907442
9685465,0.3216446526646596
9685669,3.6479216368235234
9686090,9.501622162149719
9686167,13.85523320735981
9688802,21.283828122666314
9689276,64.55793193563963
9689707,0.8716360280153159
9690915,0.21324651843574596
9691204,0.9913709033452812
9691391,36.2431224790754
9691588,0.5232379522727776
9691842,0.214890383801733
9691957,7.485206416433226
9692016,15.924230868459569
9692205,1.0993838932006441
9692365,11.860556216185518
9692740,0.23006963691306714
9692905,10.263712113675366
9692978,0.22829418727634562
9693107,1.7683402983618521
9693262,22.72067561285347
9693279,6.698788897808789
9693816,1.401719412201627
9693821,0.9785879921791987
9693948,12.066694630987365
9694001,0.21769183562032013
9694633,1.437199699309817
9694758,1.4288439602329717
9694950,1.760257176951391
9695450,3.9110751639332455
9695491,6.105807108781078
9695714,12.0092636361118
9695932,0.22472248914948859
9696264,27.696226529362406
9696560,0.30661444546062955
9696622,12.153045127552899
9696720,0.09771139720555021
9697064,2.992929946055599
9697111,1.8461772094340387
9697193,4.450036731552144
9697622,20.433679824609843
9697664,7.41980686167281
9697726,12.395248915998755
9697969,0.3686529884312016
9698101,25.855474561832487
9698250,0.1657426176373497
9698613,0.20763214670079638
9698691,0.7741115276073585
9698992,33.541298316437455
9699493,17.729264628401726
9699559,0.32549228153593723
9702796,4.875197411597225
9705782,61.72859483591353
9705958,0.4455870096709484
9706212,5.558795868816816
9706511,0.35769815790638426
9706724,14.014419725952855
9706977,9.927204018528414
9707426,2.388680409856365
9707531,12.814588959486544
9707579,0.09390050036313574
9707684,0.23914119205660578
9707807,0.14529041478237892
9709067,0.536821319023577
9709178,24.18115886751035
9709801,2.5489705570092545
9709989,9.945783470261832
9710117,0.25145395357173433
9710538,0.22245610757297526
9710620,0.22565697385156816
9710712,0.5351313119660094
9710927,2.9931596708600807
9710967,0.11634346459639562
9711488,0.15903516855397062
9712020,7.793853324108871
9712682,63.55387396131697
9712796,0.23293398805021065
9713048,9.198594950585377
9713493,75.78264950597637
9713594,25.52138033895737
9713736,0.11537138212955465
9713840,4.787181504328391
9714004,43.00584889602718
9714250,27.214203984585584
9714531,8.955396300480155
9714629,3.4313421021721626
9714734,3.8786802228141064
9714880,0.46150885351473553
9714995,0.2232024537544361
9715017,6.845915736449723
9715092,0.15734758501907342
9715183,8.500810581969938
9715287,3.8304987953252025
9715404,0.2582490739922762
9715592,0.28161609321889025
9715641,0.2761285820702459
9715684,0.2082700762242697
9715759,0.40879748167740626
9715956,14.046198941741986
9715973,0.2335123827674779
9716123,61.16385397345374
9716204,0.6737069557912165
9716223,9.27203406876304
9716233,0.5767406792178085
9716234,56.75455848462591
9716424,16.22526806133772
9716437,8.25314945488599
9716737,11.11307945149734
9717662,0.18999921426132663
9717727,1.4408212897014485
9717781,14.920246970122726
9718529,45.618896762314606
9719091,0.669007955577625
9720191,3.9617662044150626
9720713,4.161085141587828
9720809,5.218384168638538
9723296,25.76066472059423
9723899,0.18867547785889527
9724452,0.20426505875107853
9725232,77.04883726064432
9726784,0.3460999379427096
9726939,38.14020932950807
9727373,3.423989960862786
9727404,0.25315556809648904
9727821,7.08856725695813
9728188,3.0834160004472846
9728203,2.2315345532121125
9728525,35.419714396863014
9728739,0.33199567313574496
9728852,0.42756397242941935
9729872,4.765568317552822
9730110,0.8761526452314204
9730111,12.00194703001552
9730306,0.21459399018634898
9730397,5.168433054813882
9730432,42.76958368940176
9730645,1.5939456706504018
9730654,33.71327444396347
9731008,51.895921429714924
9731041,0.7406924395640764
9731134,49.70942687796848
9731178,10.775059923070241
9731237,33.699903704499675
9731566,12.411766591203426
9731879,0.45623150450805683
9731957,1.82255964013171
9732828,0.4993090919394121
9732845,2.685605056203469
9733138,0.2150444302955127
9733250,25.805353422582126
9733280,21.339863086380717
9733470,1.3367940709483648
9733730,8.206630093926645
9733741,74.77223091841242
9733788,0.7501538883747605
9733795,0.263391158153174
9733862,4.4353826942179095
9734232,6.720235909047313
9734448,4.971658191651044
9734618,9.387820747834967
9734667,37.35477120958531
9734718,11.224421913563935
9734844,0.25654588663462385
9735085,0.25517572693764384
9735392,6.395049283660723
9735503,8.66223035090351
9735931,22.71381182839264
9735957,4.024377425501153
9737065,10.2911246352007
9737132,0.2956492970870405
9737171,69.02166457820896
9737254,0.22372292700693522
9737293,0.3103514733578683
9737348,0.456181005029207
9737352,3.957389994042605
9737362,20.535706153417046
9737479,0.8858241950194563
9737516,0.22989816722052545
9737659,0.13042050450300627
9737665,0.25126980512874486
9737691,0.11536939851380867
9737710,2.169271292061471
9737719,0.5914128469559294
9737794,11.465096822898783
9737805,4.358132414020687
9737840,69.82052287886823
9738044,3.9326697511664923
9738048,0.20168586495800597
9738094,0.5308727359077193
9738193,12.471362051373792
9738355,15.995040430128682
9738438,77.8251119897051
9738605,0.16985729863619
9738632,13.350400982260762
9738756,6.585131285579441
9738805,0.14894716408193234
9739586,4.278300394890643
9739888,0.2228213824434968
9740264,40.34898057788317
9740581,0.24624505002997088
9745378,0.26256669767772806
9745385,17.506537965956777
9745484,28.54198212624095
9746837,0.23198464441901456
9746864,3.5551561213340594
9747044,14.87422085201302
9747117,0.12415387842075283
9747186,56.49354705176646
9747497,0.14031839268967042
9747647,1.200756853489566
9747777,45.95872991579406
9748230,0.37290559002039547
9748759,38.77085945790558
9748800,0.224099712181397
9748877,1.6708460404822416
9749046,3.4936489893010476
9749285,70.04820483437233
9749320,0.17939480451700254
9749603,0.2949824565628101
9749853,1.0006277086732347
9750209,4.743536564961605
9750308,21.113945764128967
9750406,1.2886230530073164
9751394,31.965784580431865
9751696,1.1593948590609966
9751729,2.2229579348052924
9751732,0.20707978297841664
9752166,2.769745976604375
9752548,61.67865148130869
9752573,1.0906150381201423
9752655,16.49169684114377
9753456,10.873010070448595
9754392,10.204722904612602
9754466,0.6330901627344545
9754624,0.5622710807320274
9754626,0.25462986107298563
9754747,1.3386975949813558
9754751,5.539177286912135
9754968,23.644834026596243
9755064,39.35149805537089
9755074,33.35918098501701
9755270,2.8948320706907613
9755301,16.267625768092163
9755382,1.7676065484346615
9755479,0.16358439116709866
9755543,40.46873606267525
9755679,6.202657700275732
9755736,54.794940804572576
9755785,0.33899060207303094
9755907,15.61226158659516
9755951,9.392839646644244
9756054,3.5819877507769884
9756141,22.610372558804745
9756236,0.18121171356564048
9756699,27.168395359827386
9756729,0.9822784636776473
9756886,0.08918956291821849
9756891,0.70892653939178
9757018,0.30947405883730045
9757581,22.615717687110042
9757785,63.05531317105204
9757801,0.13949975634957007
9757913,0.8580860378779188
9757966,13.789763876327935
9758040,0.07972071758775402
9758291,11.142614808999841
9758406,3.524074423730177
9758512,0.38933315010874825
9758755,0.7310749507586802
9758923,38.379806568817926
9758953,0.15573518277810502
9758964,18.946818414799697
9759204,3.43708702382338
9759331,8.071532323277971
9759704,0.4769239695964923
9759865,0.18159562926676898
9759957,1.042618017755955
9760148,2.0041523484436237
9760401,0.9916591594154693
9760675,0.463285710140293
9761238,0.1343884106497911
9761918,3.0622295008674345
9764969,20.730070034491394
9765117,0.17423266288843037
9765553,8.98031380852543
9765726,0.08929457609141614
9765900,0.24119641229649416
9765944,1.894607818434672
9766404,0.2118743177127548
9766498,0.22395540021038166
9766922,0.16890949280437662
9766959,0.1531401321587951
9767098,0.6206732467438362
9767864,72.02414224024889
9767929,0.6632481948402446
9768199,11.87739979944057
9768333,0.2761225153795102
9768492,0.21888276201912185
9768768,2.219524375952809
9769423,62.04608774792013
9769814,0.7207796374271731
9769910,37.553065067703415
9770016,41.568131381608794
9770249,70.39665312921245
9770294,52.21324134034999
9770447,4.423154790259835
9770459,13.117050173321607
9770880,1.122409729918246
9771013,0.11771216592824968
9771370,1.5700850069477086
9771535,0.6327947792636074
9771811,24.36032791906787
9771836,7.841229649988033
9771896,0.09793932479372085
9771983,0.11185892414109797
9772152,45.777441711271294
9772379,70.91297156700398
9772730,1.4999477275119182
9772819,0.3100314808694017
9773158,6.059966281840217
9773244,22.56447466568592
9773544,13.953490647241058
9773852,63.357431591429034
9773902,0.18309742330314918
9774346,0.20414864704959046
9774477,6.222160820547807
9775055,0.19147540912458674
9775167,0.3419945643103302
9775237,27.196805204135455
9775397,0.16919777802959357
9775801,0.23224645889696377
9775847,6.837797689003338
9776054,74.88066956546562
9776245,71.57192236307375
9776318,0.19585052499014424
9776832,0.2101145073789622
9777174,5.625425739809106
9777422,0.19294949995878807
9777511,0.2603681969352701
9777530,72.85498048809123
9777601,0.26986755683231345
9777652,4.759302102752158
9777883,0.20295919456931794
9778050,0.14014665770414114
9778372,64.21927343948501
9778505,43.83884498202999
9778583,0.17564101770442114
9778655,10.721881062077088
9778734,0.3223774211494723
9778748,0.4146384346261668
9778960,0.2827994748499044
9778978,14.064835278980684
9779357,4.4160797759102595
9780023,73.26193225952883
9784125,0.2808649466043891
9784272,0.4517091905323854
9785063,0.15916896411752696
9785349,1.6955571106273823
9786021,0.2133115563723972
9786182,70.84419140163338
9786470,0.5071505398399492
9786543,16.629780622248386
9787323,12.186948025016687
9787400,2.8746180753091726
9787590,0.7043478057418118
9787634,11.569686472153213
9788114,73.80462925980936
9788134,0.2968365910442601
9788345,32.512000851686324
9788375,28.31079975939839
9788396,2.276543044400908
9788521,40.901796112942904
9788564,0.19990805405888668
9789045,43.41210182389306
9789339,0.6843558130481887
9789350,41.352898726506496
9789392,12.61881186201139
9789792,1.456920834357832
9789885,67.7151227222218
9789937,3.0361299236357047
9790098,0.27314546877468876
9790328,1.2186472583349315
9790354,1.5109069494384144
9790462,19.33633345427947
9790807,0.17343000938827355
9790840,0.14359501315861548
9790949,74.03357081921015
9791282,0.2033617070292943
9791355,4.064029572983125
9791753,0.24335415359491613
9792286,73.55481492365959
9792440,0.3137482532154359
9792485,8.464849186534925
9792631,9.516581340425947
9792720,0.1889415934661649
9792836,0.9515881515571922
9792911,0.34059156040087074
9793041,0.619692517369429
9793213,0.17346113771343025
9793250,16.943172396585698
9793413,5.80230814428012
9793440,0.12077486705122302
9793465,15.861558885644042
9793665,0.4986858112453345
9793668,56.009429068742186
9793722,0.321228212347893
9793983,50.3500558118998
9794058,0.0814119465503467
9794077,0.19202934203433572
9794083,53.036095694381665
9794364,60.32271919962327
9794958,3.2620757849874065
9795124,9.14459181967306
9795850,0.22985602009152467
9795890,2.887487972709973
9795958,0.21404294237375668
9796114,59.30694616202088
9796155,0.158075797971664
9796198,0.1592370375646741
9796283,16.581957734230016
9796314,0.6034824243795986
9796386,0.22371544986007882
9796419,16.02014404243491
9796442,2.620262827677712
9796491,11.914304282394912
9796501,66.60138607535373
9796548,2.637783467255182
9796856,1.7889833981436105
9797293,2.7820676471418886
9797333,0.09676707071119287
9797997,31.530857497212764
9799789,0.7876495576331308
9800346,0.8998267111392159
9800489,0.09136021763893643
9801016,9.79251431038067
9802333,0.9364429243113929
9802368,46.928563716932686
9802654,0.18492123177984846
9802971,0.19348396431435858
9803574,32.99484585702504
9803686,2.6205118744277742
9804299,0.2322986185949344
9804368,66.35502363651862
9804673,0.13765632365605607
9804849,7.805419655901781
9805128,16.088037812245783
9805346,0.28687847532811567
9805563,1.8770818759450085
9805748,0.09488077456092965
9806434,0.36507710073555355
9806444,9.282432086881053
9806606,10.310328550567345
9806634,5.642077810187512
9806752,0.6905583041245033
9806996,0.5392534614858183
9807059,0.2869428088672678
9807494,23.27501424223301
9807758,1.0986510128652354
9807848,78.29309165270085
9808055,0.17708817273926095
9808248,0.720132011883639
9808637,5.732409356481499
9808640,0.24749135123285118
9809229,30.849267835047154
9809716,4.4354804454961
9809911,6.905489922546429
9810009,1.594066536981779
9810125,3.0263069738998913
9810187,0.5490798551309664
9810235,0.26895573805119366
9810427,3.1985380712678406
9810530,0.8971189395555218
9810696,67.66078152801315
9810854,0.11520893774074059
9811273,0.08175136534833521
9811274,0.9375891664704923
9811434,0.9324520282183308
9811614,3.0875391393394147
9811717,0.324578001709479
9811958,15.263577671270916
9811997,0.2867543830899487
9812150,2.3225703901971912
9812606,7.31200471449985
9812759,23.988261255883046
9812787,0.2540197298613017
9812826,3.9184139289414115
9813359,4.9164921140971325
9813364,0.21551189909450105
9813567,10.356558314207797
9813570,0.4470869649578276
9813585,7.610757047746291
9814018,0.9022105284304329
9814108,9.404014430859663
9816578,19.680133153802043
9818465,1.9084565645972429
9818469,0.2111681454929869
9818669,1.4739960986033167
9818825,55.581713541748265
9819018,7.007986293809629
9819038,28.842980094705275
9819437,0.4638543072107168
9819589,0.193040048980095
9819772,5.211755657612409
9820035,1.757871595384241
9820068,3.472243386679961
9820408,5.378723235861993
9820483,0.2596198129585453
9820533,27.495429327919453
9820724,6.975211200754368
9820829,0.20410136906774914
9821024,0.2398063896438463
9821183,0.13287020877790343
9821208,2.0746178124572583
9821303,0.10386803875213238
9821370,52.863527885450495
9821911,64.31168042845401
9822032,4.916155988180249
9822101,32.84824102859087
9822153,16.694632668309477
9822507,15.48385463948177
9822635,22.87668648755621
9822738,0.29476512524237536
9822823,78.05430727069873
9822983,0.2254803983931789
9823143,68.49067924305837
9823182,72.58970006688087
9823320,66.20380665856804
9823444,0.4397417426341134
9823880,15.182999204223636
9824042,20.679123887531134
9824112,0.45560094955700947
9824247,13.972654218611863
9824287,0.212869418580602
9824547,78.65143043231156
9824613,14.732010478548169
9824682,0.19617845576674992
9824982,4.4868014300178585
9825066,0.28969357970708487
9825180,0.41615026580772985
9825197,0.17977092800135405
9825420,0.7900542447448081
9825939,0.1491234066297898
9826062,27.456215382869374
9826081,14.343138693913374
9826160,6.389261236154048
9826267,0.24238427860804784
9826493,52.28871420873732
9826628,69.32490320459347
9826678,0.26322304821312675
9826940,3.486780451016635
9827236,0.3577138123030971
9827799,21.991608645680113
9827800,0.34774982796816517
9827988,19.586986835777477
9831813,58.042064541994186
9832641,78.23668165188613
9832730,33.72901777227381
9832882,0.16079721804315408
9833212,6.338267173158857
9833340,2.767145446777899
9833558,0.20573463398781452
9833742,0.6099031123710582
9833962,59.7954552160435
9834074,0.0881764953589881
9834456,9.317024250115093
9834706,0.42873446198068255
9834943,0.30056367089874403
9835017,0.1661282074398484
9835140,0.31720548411453964
9835315,15.27499433685362
9835350,70.06193308468458
9835402,0.9642260810723404
9835880,0.5857501713490705
9836020,0.9598674271480849
9836127,6.6241730670625225
9836212,0.2701333473639907
9836505,2.456792406234022
9836642,1.460245173893179
9836966,0.21638344654664288
9836970,0.44575162790281936
9838145,3.417500550428989
9838297,24.975906485711896
9838443,0.4948296913225681
9838543,46.10339805483351
9838832,12.882560367351932
9838920,0.7715162291618644
9839223,0.42600517069759336
9839263,3.056020911168935
9839300,0.08184363538118504
9839341,0.2227012477136435
9839346,31.090568983595738
9839378,12.960431487178
9839800,63.21224094594455
9839812,0.7231254211234303
9839956,0.7839412141337763
9840192,31.418493353584704
9840261,1.7399038903229425
9840280,57.244713414385274
9841139,0.15564711679911677
9841168,18.835030920380806
9841215,8.125423569538386
9841548,13.968198546750145
9841671,0.19614242801228465
9841695,5.675332042963675
9841890,1.5751473744870248
9841907,2.0553474971323653
9841949,2.7766748746569645
9842117,54.25789806263682
9842239,0.15639240044894492
9842323,0.5984034064305739
9842363,1.8461419991299994
9842420,0.6037443633019652
9842447,3.125375852404494
9842492,55.30612017971958
9842493,0.21515875775062712
9842765,0.32662816628233377
9843052,0.8098186947587649
9843468,2.804469677566715
9843531,16.704527920638508
9843634,12.841427030561231
9843643,1.9479064632784384
9843646,2.0374222245942577
9843826,15.286565187980758
9843851,0.24685051524119261
9843884,50.65558068471459
9843892,3.259391267755275
9843914,6.020019771058498
9843951,5.050966295181417
9843956,25.186249318586277
9844407,0.15541391985743788
9844408,0.12547495966283348
9844439,8.478060119487877
9844482,35.22303959956298
9844489,61.03361716920203
9844509,0.2693181138065126
9844593,67.73001934678918
9844603,8.427949683445945
9844805,7.846592070765699
9844884,60.14199471439993
9844892,0.20689286424820724
9845314,13.844442687705369
9845341,9.924711852501453
9845454,59.44984119850234
9845558,0.49505795390023793
9845652,12.849333578067135
9846015,12.655780722668505
9846120,0.2388460656025974
9846222,20.827775464881704
9846468,0.4350854336229747
9846591,0.12388277768192385
9846660,36.75519894650431
9847867,8.060746738956256
9847917,0.17774538869054132
9851704,11.933410996582117
9853063,0.19313112866880305
9853382,11.886938848498714
9853884,0.30749908370613865
9854141,0.18170447009492083
9854477,16.544597439202203
9854746,13.346306772515769
9854778,1.259272771690454
9854899,10.18388384014157
9855153,1.4184518414329008
9855415,3.164931688914664
9855458,28.606155670273466
9855772,13.404768078740927
9855793,0.21301382985948175
9855979,35.10590621317164
9856135,19.840866975750327
9856151,0.3300124700805078
9856683,11.173995973469182
9856730,44.34704957599342
9856757,12.905446225488344
9856995,70.01323639747987
9857438,0.21997584942452578
9857914,0.25563433413534875
9857967,8.988531870743723
9858029,13.828709429512207
9858093,2.6555090241717827
9858112,6.574836834126858
9858221,0.6077235899507041
9858527,0.3687173195454904
9858642,9.40921194032489
9858645,0.23051020091839208
9858687,39.8212972832235
9858696,61.17676786583637
9858717,27.77534628500585
9859081,73.42489243754561
9859181,30.59065211851378
9859195,24.634036737203267
9859602,35.165076811639324
9859856,0.2213678616344074
9859861,65.3430360805963
9860303,3.187043442659116
9860416,0.10764365903473508
9860455,0.41757946679550595
9860631,9.432092732564355
9860720,14.877662686148966
9860752,0.18363499194658597
9860758,2.24631358750562
9860774,59.87358842826465
9860989,19.88312901240995
9861118,0.26658465401354975
9861124,19.34486777204891
9861135,0.17133158074656404
9861136,0.23860842204256816
9861196,0.09980013624301474
9861553,0.907343279281351
9861625,81.52447536865861
9861747,1.7651316305070972
9862049,0.17124804252113873
9862199,0.247671668018981
9862364,2.574972260550474
9862883,0.3627329944673048
9862913,0.17132138485700493
9862945,2.89447631663682
9863035,0.10048215743490685
9863091,0.1150132666119613
9863626,0.4469677742653872
9863678,3.663102229429403
9863860,12.029345029641666
9864121,0.5706434246236446
9864137,6.103543176933338
9864230,1.6929896848731556
9864324,0.34012142135419654
9864427,11.862421400698777
9864749,0.1856411146634986
9864796,1.8565163801580165
9864820,18.429540249035036
9864900,0.08204981945807896
9865226,0.21919230309035964
9865262,0.4994106299227723
9865344,15.48516466562018
9865363,5.605284112814288
9865374,0.4239489732856695
9865398,13.024410861620558
9865506,16.47031024809771
9865659,0.8297998817019887
9865939,0.19524555606506913
9866287,9.240893449392768
9866617,0.34907529553599675
9866971,2.969600686928424
9867264,0.5991965286132949
9867398,24.65639346687618
9867454,1.9825085493020527
9867521,50.35039584206707
9867629,35.37703848729834
9867803,0.5237665060412083
9868032,1.7112278831276733
9868799,5.302753119992901
9869156,11.402709715004738
9872904,0.18994885106299453
9873079,0.08651122416944726
9874042,18.520145512806007
9874289,0.9961959578719788
9874454,0.19447343081065044
9874794,0.45967710929605143
9875002,6.5271441391102005
9875109,0.7204645888139461
9875134,0.13772661200220326
9875450,2.6525923720502527
9875822,0.19161957880741792
9875883,57.58982583871089
9876042,0.22404048181686004
9876335,21.94636498838484
9876447,22.475274247934674
9876474,30.91646099054776
9876492,1.632685203710051
9876902,0.0711746623559462
9876930,6.332824658648258
9876971,31.744513027132765
9877196,0.4720979714344632
9877436,0.3440773593085103
9877684,1.3257371417510204
9877776,6.073217180035256
9877933,0.08232436589177161
9878121,2.5973966434265865
9878361,1.848568196463222
9878593,6.4729735477795085
9878659,2.257252721762285
9878851,0.16357531429949765
9878922,39.33124875040381
9878929,61.61170321599179
9879216,0.24700696790640145
9879235,29.954568200117727
9879796,2.302628712411539
9880140,11.279398318067747
9880294,0.22725934576670304
9880664,13.284090469416316
9881037,69.23792185910568
9881146,39.20540496668066
9881195,1.0284589304501015
9881516,0.9219984685466894
9881685,0.8456404667101162
9881769,2.1053690711031234
9882134,0.4170560438162966
9882187,0.1349424505298631
9882254,71.64153534890082
9882537,0.18452867544163462
9882838,8.67341456104722
9883145,13.677143087741051
9883197,0.2330874046331763
9883391,1.2350442869525236
9883768,0.12586656559595727
9884430,25.59825487940462
9884516,0.22320446857070964
9884667,75.69596523526836
9884870,0.46235720871333835
9884880,67.9913243202225
9885264,26.919636144904175
9885280,30.636161661300445
9885430,0.2602695043704996
9885501,68.16791136727262
9885720,0.2078237939722949
9885817,11.162691096918529
9885941,0.580564474921118
9886015,0.17862963763470843
9886034,0.1851951737083414
9886073,5.373387001051448
9886220,1.6081568347091704
9886514,2.2570026031058075
9886516,42.93704100076421
9886606,11.827561752678811
9886735,0.3230757185964018
9886867,0.10864380236967577
9886912,5.095481655377728
9887276,0.20024776390079582
9887396,12.901270437246769
9887654,72.28101809108925
9887698,0.1860659683134862
9887763,25.55934073857978
9888076,46.06268209922327
9888533,16.668902982989028
9889720,0.09084769281254754
9890574,36.88375560052762
9894255,0.10391193029991702
9894297,44.16319159900096
9894526,42.13879656574726
9894565,13.314009726228317
9894707,13.640904031168386
9894820,0.22379880817148656
9895802,0.6765749260117755
9896292,14.556180364255912
9896546,9.748283734111812
9896594,0.3433636829425613
9896627,0.32345802554573666
9896824,56.94182600558451
9896889,10.237877876605069
9897073,0.7312208371603552
9897378,1.773247627691906
9897418,0.2839386474060963
9897611,0.37695372860310467
9897820,8.94211245201885
9897854,0.2651611512127252
9898112,22.423694033835908
9898150,24.719093872263997
9898344,61.12852172635753
9898485,66.98911827339535
9898619,2.762024920468561
9899132,71.05738555579624
9899499,0.35834979604830064
9900048,0.1287676234134737
9900120,0.21246969865786075
9900484,0.11259680096812719
9900560,60.98428322702005
9900572,0.17462439838071445
9900885,0.20309184042526066
9901202,1.953595658760296
9901329,1.1659448645518755
9901468,0.08791349245638369
9901613,0.4233641785888559
9901986,0.12323250471132086
9902057,6.977851721609099
9902123,39.03329363270418
9902314,4.546392966219233
9902395,1.262451249489893
9902590,9.40460456329924
9902711,1.6943120603936916
9902915,0.2309309701113057
9903132,17.665644679360366
9903150,1.449032637846421
9904259,2.313989046126413
9904320,0.2511055950353675
9904460,75.2356796240793
9904613,0.28068350775607437
9904929,65.50460265798199
9905076,60.27698920448961
9905682,1.3033028522973666
9905894,36.94741698334086
9905905,6.145049669581756
9906178,0.5454355733417481
9906359,1.0065783236962622
9906425,2.302107941303371
9906631,36.93320277901331
9906918,0.19570033289522198
9907167,43.6033319910917
9907257,2.8228014480188093
9907307,72.37841618434824
9907690,1.414982060708462
9908424,0.1644497925909866
9908719,78.70587398633674
9908732,12.462100059895112
9910619,0.08212864056704808
9911083,0.36587550933509283
9911887,19.750640198774295
9914098,0.19847953881055166
9915643,10.324705353789819
9915819,14.750091069127622
9916357,0.6652205640821576
9916475,10.518405759116488
9916767,62.791452595600454
9917384,0.2603804482875278
9917669,15.52085681068423
9917797,10.856858861989659
9918126,25.252514938266753
9918567,0.26005931727397424
9918817,1.046372258090378
9919042,0.33717224695403486
9919053,0.810561116249285
9919127,39.91750206846094
9919143,4.283769827373743
9919450,2.141853720260573
9919518,0.2328935917591425
9919641,0.14148860017159923
9919727,22.952197895977303
9919959,0.2595331893820547
9920117,11.313899910512482
9920313,9.042084600666849
9920383,0.32354610498679803
9920406,75.69176054437193
9920458,7.069311682046942
9920459,0.23592090595006768
9920607,0.3248865011839074
9920752,0.22708244664777227
9920941,9.493932330422677
9921109,0.790375952547492
9921366,0.4552263014299754
9921389,32.436861223278264
9921774,0.18920075026816224
9922192,2.087288802512355
9923382,0.08664358105572322
9923402,1.0663258389953467
9923452,13.141207796120314
9923478,0.1330001895354336
9923485,0.207114111944652
9923887,26.70350989239222
9924665,13.981156430363509
9924723,24.89011112024539
9925140,11.299177340465844
9925349,0.27377170722941685
9925507,64.37387405056033
9925518,3.461153831327001
9926044,52.09963816063368
9926058,0.3942032061516352
9926171,7.803322504616873
9926599,0.16225095183663246
9926781,3.2299182013685894
9926792,9.05951250061365
9927252,0.8324376748613195
9927314,0.08315638106684062
9927385,2.97737142380216
9927397,17.797739958370375
9927400,0.17102449320483715
9927495,0.16162709588027363
9927666,26.57840665268785
9928281,0.18612944795957698
9928794,1.578821620187844
9928937,15.477476958212304
9933792,27.132782600697997
9934510,0.1762489221671245
9934593,34.96374015548302
9935340,6.102454179221551
9935354,42.40050635167885
9935613,22.128007173706163
9935833,0.47761376986172793
9935894,0.19847204562885934
9935949,0.19836181672315914
9936139,0.3301554034329749
9936259,7.051709422861251
9936805,0.20621716402615828
9937145,3.123376356224523
9937220,7.6127992716935955
9937307,1.9620830670104807
9937434,13.24120962321535
9937667,0.35764773178276543
9938208,0.5802407845530234
9938299,54.23965876595409
9938471,18.45070716444971
9938520,0.21853027854914536
9939023,8.874225273690922
9939177,0.8572302325664527
9939202,15.791319738377313
9939843,25.295488450389865
9939962,15.196802609062546
9940253,10.690765248378753
9940300,76.33927511138485
9940443,0.34417704829565615
9941282,28.470103152329106
9941890,66.1159389008191
9942157,64.8864630168532
9943207,56.81172002895854
9943258,0.2412917485745973
9943345,4.880629583969551
9943382,1.6734722122098067
9943801,0.5280271879019858
9944013,0.31404814780754176
9944331,2.0912360709784554
9944426,23.277534295460825
9944788,41.311616165237275
9944808,6.275865882356026
9945127,11.87281174212773
9945206,25.699626863238137
9945481,23.549282566674407
9945496,31.154655961220385
9945515,50.13860725719463
9945730,33.61104261207097
9945750,0.9952987302589072
9947155,56.83046289300865
9947824,80.50853099959284
9949396,27.96842454601384
9950923,0.27078011373019883
9951506,19.22895244746669
9951705,0.8173518918686
9951750,0.4586046865569011
9952191,3.0061672625776197
9952400,15.356951992514976
9952429,0.8107415364777304
9953121,30.7844655096727
9953601,78.00695745898727
9954123,14.520130123164142
9954145,52.21831519299379
9954426,2.1716434802398483
9954573,0.1512168185898522
9954585,0.9508425899677301
9954688,19.773840374044735
9954700,0.9434211087388591
9955490,60.937684154742705
9955493,17.365629024000896
9955545,0.2965752417914845
9955736,59.680745086394225
9955765,8.764963662676568
9956082,0.21719646005992027
9956388,21.027154269973398
9956781,3.892786210047391
9956834,51.24105018205776
9957384,73.27875110098812
9957436,0.3294881402719391
9957646,18.05896796828777
9958312,0.6394004886023733
9958387,0.5963953540607023
9958442,0.591892449472066
9958456,48.92211963110407
9958472,0.1959795953131032
9959006,0.47688493616578115
9959084,1.031535839752992
9959100,68.09284959819074
9959169,67.74122251555241
9959175,13.532196284752596
9959180,73.86486503809063
9959187,50.24071227851931
9959190,66.66500348483918
9959194,72.60882564433163
9959246,0.912508544651449
9959521,49.290865975329154
9959562,0.33391107349576193
9959975,11.214920322782824
9960876,0.1247039590310841
9960970,0.15898040191256813
9961313,19.489340108868284
9963988,32.94894269040108
9965305,0.34674141658924834
9966717,0.1728239274590079
9967046,70.29793887164415
9967141,41.23726570108566
9967218,15.019645409698851
9967314,30.40991693340168
9968094,7.110047868078682
9968223,63.18621563800255
9969073,1.0693373623622755
9969761,26.548716070350476
9969773,0.734586056524919
9969781,0.16461439115630047
9969936,10.957963329264958
9970118,3.6971076896790236
9970637,0.16169787374468608
9970995,0.23165071618259578
9971319,1.9949489273067136
9971730,23.245540573322867
9971794,24.592192993227677
9972046,16.019674857640137
9972062,3.038219684187219
9972403,0.21970245359122556
9972742,2.6000677968112136
9973003,24.765590507010035
9973134,0.20742831718011814
9973190,42.51137896880486
9973654,0.21675135545080124
9973680,0.35054677694361797
9974135,12.034681233649183
9974153,76.4215697290508
9974484,1.4047963605965748
9974646,10.530344111713964
9975089,5.674577540515125
9975344,18.157833407930102
9975382,0.47409115533508006
9975425,50.46077541580733
9975839,29.77757717577845
9975846,19.299517782902434
9975872,0.9795479595181898
9976190,0.4366433319223919
9976222,0.18095701560476396
9976264,59.111403762074474
9976626,6.310531000893555
9976644,3.4672395920529957
9976784,0.2969944270198021
9976820,13.025432850756182
9976827,29.692144134213578
9976839,19.31370550928466
9977283,1.1604020811500826
9977470,0.4788755836253952
9977595,0.09487091148968907
9977982,0.1941808797862531
9978348,0.2812826448367057
9978426,2.7479335240427925
9978536,0.32622851375858164
9978589,38.75765515218285
9978633,37.14762607467239
9978664,0.9270947164745249
9978722,1.2059202152196133
9978768,56.09159821676388
9979548,0.08099203100616485
9979608,12.238085180203035
9979707,5.124500544533826
9984143,0.791678052919083
9985812,3.0944961907699953
9986609,2.4103386646745064
9986770,1.7784313659317126
9986969,9.66142113556633
9987222,2.620618367870305
9987456,0.2581631507401202
9987543,8.304622511089068
9987549,17.26166174768377
9987907,0.09175602492498129
9987983,6.732259292437954
9988353,22.234766085135565
9988556,42.55853578620992
9988907,2.7173485193173184
9989028,0.17330366504126188
9989842,0.4651580735117951
9990026,0.2690820522002513
9990117,0.10809533858858879
9990403,0.14604727442756668
9990560,66.91545028680551
9990571,0.96715790827468
9990611,4.511714972583675
9990959,43.99615283243489
9991143,3.490292653161944
9991265,26.711673752644185
9991374,1.3580906541980067
9991391,1.0564683522870326
9991577,17.330870234939148
9991919,13.290468255149149
9991949,1.8461595816442458
9992236,9.369313283192405
9992479,0.1634232159806955
9992858,42.90222477447259
9992903,30.108588433876445
9992945,30.226349063981477
9993137,1.6398617628672303
9993138,11.654499122289785
9993183,2.4279695350952895
9993463,1.241587050070919
9993516,0.10796954791651238
9994062,4.852622488988062
9994185,0.6900744523466247
9994744,12.56948563441636
9994973,0.1785621059347299
9995163,53.721876477831785
9995322,10.35501977695344
9995513,0.19031690931179798
9995634,6.465733443338289
9995669,0.1695573290253231
9996144,27.68680084057971
9996402,21.42495565526678
9996535,0.17316403646148346
9996642,75.72799851025508
9996793,3.6716887954875688
9997006,0.15548265356220106
9997045,4.150451445959995
9997702,7.136867565069642
9997980,24.309881486427493
9998091,3.4770928284213154
9998152,0.08793801752981042
9998154,0.19910393662937448
9998362,0.12238834716577406
9998688,6.480988053444945
9998898,0.19610788127186426
9998930,39.14765127124977
9999117,3.362187251920651
9999220,0.26466362946181554
9999351,19.24680061230096
9999372,2.6128873392969543
9999398,0.6477284479076508
9999513,4.514047891539456
9999646,0.7363727858798386
9999878,16.173336530810797
9999919,22.322663572616563
10000070,16.274777566256873
10000137,0.19619662377275818
10000254,0.27579692037028153
10000470,38.414041542279556
10000717,0.1922440758661435
10000834,1.0206227689189766
10000943,37.41828675501976
10000975,38.95775688168193
10001011,0.4653994918927375
10001022,0.16784301568888224
10002317,3.192562349629265
10006913,0.31430545161293066
10007761,20.018742971581602
10007793,0.25111621718246185
10008109,0.2568795117778139
10008874,0.23520058580187023
10009390,0.5910723663133644
10009531,1.0548230478321718
10009737,1.801339476679449
10009762,0.32352486541574665
10010119,17.71023016231327
10010250,0.18655471201320406
10010321,0.11651209088984756
10010345,75.21223890377647
10010434,14.566397717304756
10010507,4.073892501901607
10010717,2.7165634392617264
10010845,64.75511123722885
10010914,8.425146942080664
10011009,0.6691155530371558
10011168,25.139676620012384
10011509,17.540884666635122
10011677,0.17983605125283147
10011763,45.64505428825527
10011850,0.7548321634368955
10012011,8.6723667473998
10012292,0.390939001109869
10012551,0.6258415761229912
10013027,57.52810423520193
10013355,0.19412198385779197
10013379,41.32644914333982
10013582,0.8296356892590189
10013750,16.498052931020446
10014261,1.4923520847643552
10014269,6.4496779637067645
10014417,5.5652775928931995
10014499,10.720132030004887
10014849,2.7651788038779106
10014975,21.2288853890024
10015336,0.5926786637686846
10015642,20.866447468747996
10016124,2.058355104383322
10016343,1.2979433605766153
10016412,0.09035572745820665
10016601,0.29441361593951676
10016602,9.990622065429095
10016803,36.45839986114275
10016832,0.21813383576535803
10017050,2.413588512178679
10017265,1.4471254288758095
10017345,1.3034686836355565
10017692,58.02221239520866
10017822,0.7807974778203453
10018379,12.421106574988357
10018549,56.346875695203295
10018895,0.0818339378865395
10018963,50.44540931154132
10019018,0.5157145712114205
10019159,5.185655999367809
10019335,0.19975645515606158
10019420,23.023415469025135
10019504,5.008212636073895
10019508,49.067131534420724
10020060,0.18415098201875357
10020104,1.3756457125479034
10020125,20.167552062319615
10020217,9.324527482399676
10020815,0.40820250572103084
10021252,0.17231845762411374
10021301,46.07434316809236
10021499,0.1722942000375742
10021680,54.5648216765144
10021699,5.5521673303342896
10021700,2.8244138460750157
10021707,0.2666679314677417
10021820,1.1607654664780267
10021869,0.08279647782000797
10021915,16.609693744762964
10022348,41.25355900930444
10022414,3.1467037084401244
10022503,0.21156916208919851
10022610,0.2893315230069044
10022730,5.1048377925832975
10023252,76.07567746306748
10023498,29.199607797916727
10023618,3.0838255330220368
10024702,45.75837749602715
10030073,0.6004412890043158
10030753,0.23911316246447664
10030874,0.16517221342377467
10030997,21.05122267823635
10031014,10.24164176919627
10031436,0.23175095326551826
10031574,28.454145237462768
10031678,1.6317367977828772
10031965,55.37007028735372
10032285,0.9960587793785057
10032406,59.57335144987514
10032560,38.632956256468404
10032842,1.3220824616432627
10033005,2.184829269410327
10033096,0.22240433522919803
10033238,20.50248717277392
10033336,2.437800468166096
10033734,4.145570674754635
10034083,0.1704311589856485
10034090,0.24411997187754578
10034493,0.34410599436123057
10034597,46.58184896536994
10035023,3.196887671676379
10035098,0.16315892296085985
10035132,13.517035789040648
10035525,0.4690256248784084
10035596,12.560572882416265
10035643,0.6873068215082034
10035846,41.51739303233494
10035920,71.08302761815483
10035950,0.42815958935763904
10036295,0.3941620386842772
10036394,0.17066411495606443
10037088,7.266480329953113
10037097,0.16907470552019987
10037770,70.55564942693746
10037800,13.793751559364235
10037946,68.91811392910978
10037962,11.139678261738506
10038211,11.66183754546386
10038560,29.90545330862218
10038598,2.7647770166892407
10038633,0.16586424346089462
10038695,0.18589574836136585
10038721,11.29555820406068
10038731,22.265588464683933
10038776,65.58586148400397
10039012,6.6688003786433026
10039375,0.8249224617237869
10039817,15.8856814571008
10039961,2.849600472548575
10039968,2.2633239244759684
10039975,30.08947456867536
10039992,9.060054184943322
10040472,12.412900235031316
10040563,7.651156261293065
10040798,0.5623548907126357
10040942,4.692786395889712
10041002,23.11607000100079
10041028,0.6893077359928027
10041157,10.389459680051415
10041376,11.672018434629786
10041518,14.03688306461884
10041531,0.1508463346158661
10041589,5.322161452173347
10041889,11.292660951147045
10042322,10.746178792174174
10042484,17.62369634640923
10042505,7.322984610536619
10042563,43.80550972921854
10042625,28.52324081912075
10042929,5.3495027351835445
10042932,1.1747308289562368
10043064,0.17385104490392125
10043153,37.58664062442507
10043624,63.15436525601304
10043694,8.415103621367
10043750,0.1940269045631723
10043854,28.242373700163526
10043942,49.73971210326403
10044457,45.95318193448679
10049070,0.1526231682216749
10049335,0.5490358546603871
10049360,5.346010240604847
10049589,0.14999533584467722
10049766,0.1738103918711275
10050035,0.08140430483097572
10050536,11.18240093977853
10050665,15.124389547800082
10050847,18.229425243721973
10050860,0.3422115936887963
10050866,0.21692683371914365
10051853,0.1182848679554176
10051911,0.22266306479161946
10051946,0.4994114188395131
10051959,1.4375003411281033
10052324,13.620414605876293
10052336,0.19282515894415028
10052409,0.6510744380659093
10052466,2.6499772793059715
10053223,0.1612629519598354
10053330,7.96725021862567
10053523,1.5753401213036988
10053592,0.1860236491880493
10053602,0.28478830681294853
10053943,4.731435805386048
10054404,0.9727974435002087
10054500,5.702166039752942
10055189,11.465469737365353
10055475,0.08844443356560287
10055764,18.261686313798187
10055872,0.20027138660797775
10055925,16.800666762658608
10056170,10.63432791510289
10056358,10.722571258015618
10056449,6.519880222343365
10057529,0.9080194232727424
10057986,0.08093090340088506
10058014,50.901826142006975
10058137,0.24137990304727605
10058176,4.65731257115999
10058491,60.17759144953261
10058633,17.527527897699386
10058639,54.32944575041325
10058944,0.1694739435131186
10059219,7.04032053004459
10059573,0.16424672975179735
10060147,0.17277945391577149
10060776,3.320088035306071
10061628,24.824248732818315
10062378,0.21456845921808582
10063216,0.16112227163774331
10064209,7.8009301419722235
10064218,17.276235173456545
10064959,65.21711553971245
10065056,0.16695299091268587
10065873,0.30665738242717505
10066131,0.2797599996333781
10066452,9.51269200652127
10066508,0.39660395420214867
10066843,21.253511923535495
10066875,0.42392661437440277
10067614,34.01269961676406
10067932,0.8595045070630183
10068145,1.6440048016371933
10068269,0.15764268594576267
10068329,7.383289556619692
10068386,70.85938541323742
10068450,0.3080171880886009
10068539,3.435566879460877
10068693,0.23993237270904974
10069099,0.416981653329209
10069174,0.2681339565788947
10069185,51.99893235025695
10069373,4.376159355482065
10069376,15.792229906004264
10069755,0.07848704596806338
10069795,0.2322221999156074
10069885,5.607889649916871
10069923,2.368847697257664
10070145,60.05996521602219
10070235,2.085870157112114
10070294,6.103763275981462
10070457,23.274019265219927
10070582,0.1754059148057235
10071118,42.63766937898113
10071225,0.2016476479930288
10071254,2.419557291566336
10071373,0.5194313892645481
10071464,11.622002680389867
10071681,0.10659819934305793
10072007,0.19620574552635958
10072750,4.82905490181256
10072898,6.141094249891725
10073973,9.15033586140073
10073975,0.27838881021263
10073995,0.20502638671205312
10074185,0.20253714956651295
10074282,0.37837601298935036
10074308,0.411645659418136
10074362,16.850222320057647
10074524,0.8762471573485834
10075014,0.9478799403861391
10075528,0.52521562887415
10075730,43.471413517945614
10076024,37.893903397799285
10076231,1.2245108261060493
10076836,0.42192440387848595
10078736,36.204085835353254
10080979,0.2711288754504353
10081576,0.09402129399370504
10081958,0.19832523625463394
10082054,0.45290233809359887
10082287,0.46013661939028544
10082414,23.520854135961084
10082575,0.087214998539567
10083580,10.456349965505385
10083670,0.10916453390939228
10083881,0.16170120128449778
10083970,0.3845408420139281
10084178,0.39274551253468193
10084191,0.24830941409616922
10084382,9.613891062543402
10084631,3.422509666844029
10084735,6.73388535150102
10084751,0.6654136117194951
10084769,62.61788876598947
10085436,26.884856987976608
10085457,7.903886554855944
10085478,23.90088521134149
10086307,24.64959293008931
10086396,58.37876440420093
10086520,23.30047306972929
10086656,42.179071893158934
10086861,12.540493205792377
10086874,10.661676699859274
10086882,0.27197994492715216
10086885,44.86134401744028
10086888,0.3584295153605894
10086976,73.97116057011627
10086994,0.24677483194363364
10087253,25.961489901673527
10087575,13.946328334464663
10087590,16.880192482779158
10087609,10.575404863927844
10087623,0.12450626962156937
10087811,2.3578365563428796
10088464,0.5215813140716317
10088720,20.129808341610378
10088886,64.81361160451708
10088889,0.14189751998946531
10088956,60.466461096115886
10089529,3.962212240935772
10089694,7.835697136855569
10089720,2.386055485923261
10089727,0.6525811068640248
10089841,0.13325870987374278
10090579,0.0806794242403977
10090599,0.37863156926636804
10090894,4.810061301001276
10090922,66.97203677551235
10091021,28.720112916943073
10091438,0.9814922319127111
10091829,0.285592680879333
10092202,11.390721109750205
10095611,52.764842892982074
10095913,0.5653311800371458
10096707,31.04181605975931
10096773,0.2418343590973142
10097709,34.09754673322611
10097911,0.19780320327553116
10097957,9.677225938091953
10098262,13.23508189828438
10098593,52.196466739438115
10098890,0.18058278418055837
10098921,0.1904023188596118
10099080,0.2131798884169834
10099459,1.203136635505034
10100202,2.812158835734763
10100348,0.8087655046901053
10100453,0.4599529322175267
10100474,6.167138963212062
10100613,7.81926224725159
10100659,0.35756383316830137
10100799,16.103822506694677
10101023,3.0130018638426277
10101046,1.4180200081764978
10101097,51.61236849593457
10101765,70.98282269920406
10101791,2.342188701707494
10101804,0.22738700360049255
10102005,1.696419340456202
10102206,3.0152024048814625
10102632,1.1221195839734355
10102723,0.32077089755476335
10102792,0.20995895220450136
10103405,4.624022869016091
10103770,2.3080136639691844
10103877,5.480607571114511
10103895,0.24981393638863564
10103934,0.7656487884695129
10104068,22.740377790227527
10104118,2.334839135024841
10104130,0.2406976784502252
10104246,1.798134940939628
10104337,16.494072237697658
10104410,0.3437027453240809
10104806,0.1761910984867531
10105128,7.301912032401767
10105556,5.723404383642324
10105606,52.084989464932264
10105690,15.025737761690088
10105732,17.82836242994106
10105917,9.524214685806458
10106188,28.171090890519423
10106335,36.9990053810222
10106480,4.490156554929917
10106530,4.7853876932996045
10106768,59.30219043403519
10106802,8.651528071705139
10107113,5.904153195658368
10107182,1.7033286974446284
10107260,0.16173656637060524
10107452,2.8865535940233182
10107606,0.3343458214839249
10107689,9.860903108656348
10108417,0.2612114857429732
10115193,0.16221276233970486
10115298,26.25247068361422
10115372,42.45147864703041
10115375,0.16571284249704793
10115419,21.418071676293597
10115937,0.15745590213745134
10116151,11.404107278376038
10116440,15.025682731734195
10116671,1.6706296625099155
10116778,1.2405156253235456
10117060,2.8845968428173414
10117283,0.5180892121578597
10117624,10.271326000964331
10117649,3.0614297044349073
10117807,14.768196266705097
10118042,5.61077653008225
10118796,19.275242544611114
10119392,2.123654713104703
10119590,5.816098402845267
10120055,28.003449992727926
10120206,75.6690866280279
10120384,0.6034934402694639
10120414,0.2858116086434198
10120476,67.85238782429738
10120478,3.1448586867366397
10120514,0.12101509089282024
10120578,0.2870409004871116
10120691,0.19113825594621453
10120829,26.405778587330026
10121376,26.263096780953145
10121380,62.0504154371438
10121746,0.4880464510758026
10121950,0.4206886186562866
10122016,1.3211740520236082
10122650,0.0853261042165447
10122700,11.060102672293798
10122880,1.7844053526297592
10123450,0.23769687069910872
10123594,52.749026324578665
10123678,11.50377922072241
10123923,0.4695784970680561
10124008,5.036914557653117
10124136,36.46747749789498
10124161,0.23948394443289822
10124212,0.22237237891908093
10124443,36.12012622019499
10124550,0.2127555568072032
10125030,3.418657725782606
10125211,26.83472070734178
10125395,21.978948126411535
10126114,0.2084060281103555
10126402,6.786926189850416
10126521,15.858466585386248
10126560,1.7418921947748878
10127534,17.559109314410577
10129759,10.222939754478993
10130963,6.67688566674064
10132356,0.19574476917878805
10132572,1.2100758047086078
10132633,70.71393138648165
10132818,0.22640577402069936
10133027,0.2824527635507049
10133147,37.70408220664823
10133350,25.720666748519662
10133559,0.13856332223707762
10134071,8.346876796259107
10134298,7.523849000713431
10134309,8.456032173864683
10134443,7.918839864043779
10134546,37.4064087233176
10134557,0.9581676525682832
10135104,29.22267631812492
10135523,76.04544069740604
10135531,76.20273439797252
10135852,25.137705666782885
10136199,0.1989931326177991
10136256,1.149272206865502
10136750,0.5886835495951477
10136861,0.17796314940841426
10136980,9.335691098944249
10136994,3.3826454287133987
10136996,51.24256038304411
10137006,8.963248730699469
10137028,62.38959270129599
10137143,21.84684598534422
10137236,4.553533826865906
10137315,0.15662288039661768
10137499,66.69452862222704
10137757,0.48146810358721304
10138218,60.46447743356119
10138533,27.485212079640903
10138870,13.165230736052145
10138872,28.174999250257656
10138888,0.902009100126513
10138958,6.058211391177171
10138996,0.17549580277313623
10139093,3.860655066133462
10139332,0.20513325803757282
10139347,3.956107392720779
10139617,3.6804626807004963
10139724,6.662168398855995
10139922,76.03997750878848
10140164,39.0576623863868
10140275,8.936980609870831
10140368,65.31059599346924
10140462,1.8028793174881836
10140604,3.167210356978996
10140729,12.39392806593314
10141276,1.671348381148951
10141718,28.52632267228736
10141933,0.18486624553495482
10141998,0.6820495404859253
10142067,7.827132612600492
10142499,49.56031419904008
10142867,0.3037988769618562
10143231,0.16766945152190754
10143655,37.50011823348663
10144140,68.86194108042464
10144398,0.16784099611844305
10144422,77.18117232975686
10146747,2.061173715693659
10148197,0.4258221041140858
10148581,6.443403035214737
10148955,1.0698429247270604
10148969,58.71002723425381
10149393,0.23635253949147822
10149932,0.9638130546802262
10150224,0.5337170815384105
10150643,0.16608947312995154
10150648,49.907802299740936
10150723,4.707062310040108
10151054,2.0960016489208577
10151209,28.525140744793887
10151488,30.877370986982918
10152015,15.687740340403813
10152029,15.306452764364725
10152091,0.19210858388454327
10152738,7.542343503777676
10152758,26.892026666382648
10152936,3.5584613407285373
10153267,17.903255515618852
10153349,0.23483914867439062
10153363,32.652548942281065
10153654,0.4267748823593696
10154118,32.039809449878085
10154397,0.2557356538615402
10154449,0.5236100467390092
10154762,40.22029696316948
10155029,0.31333563174173296
10155159,71.79680555742884
10155167,23.323216931764126
10155628,5.246989586811916
10155672,12.47265830425548
10156213,0.4681915746451571
10156290,30.16536850750962
10156314,0.1917533222582071
10156340,11.147199669508378
10156342,1.2879084058318377
10156960,54.156374776778854
10157171,0.172038204141674
10157289,15.63068474995879
10157294,0.29609106741371294
10157426,32.11142420024478
10157789,1.6671929238208556
10157939,8.369620861023552
10157977,37.19142205290211
10158141,0.40048216113521584
10158203,0.20256086073641907
10158490,0.7321935525779213
10159182,1.7350852478769199
10160921,3.8410887534839624
10161081,0.1315078070113982
10161401,7.4982706532805485
10161557,3.8703796935506705
10161583,0.5352565782503322
10161705,24.392410008230836
10162621,46.984626787658065
10162932,1.116419077565652
10163231,7.279443018895182
10163240,0.1695052288476279
10163536,49.59868255176484
10163683,1.366018475289463
10163724,0.17734310248957677
10164008,3.7282557992728442
10164145,0.4524247010021793
10164331,71.95584233670618
10164606,0.16908849817127541
10165064,72.30842659788887
10165181,7.555098501298515
10165410,0.4040975794269237
10166365,15.098886249914985
10166624,0.3052723127556091
10167401,25.155332884998266
10167665,0.2637826039344681
10167797,44.455661364876036
10168049,0.3395563829063683
10170115,0.5670217098852569
10170471,0.8988713137381144
10170638,0.6756904317954497
10171644,29.13894208100993
10172540,0.2479320851282545
10172586,6.454251737468849
10173271,0.16131171845301537
10173304,16.433465030371252
10173687,8.166964574907434
10173750,0.17248247570312172
10174133,1.7299186886777216
10174324,70.07986700816065
10175133,8.978875589113661
10175187,1.4635932338985447
10175678,4.593012537672201
10175969,0.311285351941152
10176405,9.059092546156727
10176512,0.14243025137904258
10176696,0.394669898018128
10176730,12.876325898300495
10177183,11.372142959166707
10177753,1.3286590242663106
10178082,2.500403192671703
10178685,28.271510886131637
10179187,0.2187450232381836
10179372,0.17518396061484245
10180231,0.14631504048876134
10180427,24.898609191680865
10180766,0.13911877821752244
10184638,19.518544529521805
10185913,30.00543845158157
10185960,17.181213849887293
10186192,79.91798716589932
10186688,2.7563549308592674
10186767,1.383930428746621
10186787,3.9320821802979227
10186876,0.21824135151364193
10187307,0.7070182644874601
10187402,65.85678866948078
10187515,1.1887539926736057
10187685,2.141401532052973
10188121,2.7084569859463894
10188296,7.1102348486939615
10188405,1.3918860135594564
10188806,5.100829666346001
10189351,25.923212101040686
10189803,0.0852715548366534
10190770,49.261238191914565
10191142,73.44506230771485
10191601,59.903104537851426
10191942,0.869960021249779
10192564,13.296131197537962
10192898,0.16265892679920807
10193009,10.964148592907373
10193753,7.647914161759487
10194616,27.030187125862362
10195493,3.904699479279368
10197242,68.82654400599235
10199699,0.1429568665939451
10200787,22.706692192895908
10201295,10.1725334567023
10202641,15.634118242039513
10202655,0.09175097192295359
10203071,38.91937203089272
10203087,33.04612852772379
10203095,52.09352558843388
10203097,0.8333366539188545
10203236,41.09824802372662
10203556,0.18901833390323058
10204097,22.056691628825945
10204208,18.219813136140164
10204245,8.941701207970171
10204327,25.00827845136854
10204479,3.269678769364083
10204999,1.6107425964117468
10205130,48.98055466675421
10206269,16.09602820723237
10207945,7.58434699616383
10208716,0.5884443095049529
10208854,0.49030411324390405
10209102,10.110895520082197
10209283,17.880969737833812
10209396,10.91302190671005
10209403,0.1849180429440032
10209471,65.29524496486403
10209654,11.950535282871348
10209973,14.011025565592155
10210556,0.6386621352315311
10210667,63.78875686112434
10211109,0.5569224480647896
10211935,70.85902162232486
10212686,1.2171826625391933
10213080,0.19599255404196125
10213280,9.04478619180473
10213355,7.198263134587848
10213711,17.676056829543352
10214197,0.07960225761274868
10218027,67.05339814069957
10218475,72.14121542954629
10218975,0.1396471738791335
10219639,0.9457262970307567
10221640,20.396183343643557
10221874,51.72707283986648
10222715,1.0737265534378815
10222998,58.193075775604385
10223260,0.5288741942053755
10224321,6.561421790223708
10224557,0.31680484276716453
10224564,1.4152493053027402
10225827,64.88574692944496
10225915,27.435318703295195
10225972,1.1946950516010915
10226208,7.917312921721956
10226269,0.76363136993298
10226431,45.611202885631336
10227067,0.4516251876427275
10227297,0.1636058019925893
10227402,14.465175204635138
10228720,17.248760728309414
10229049,57.29908029644419
10229094,46.27374471278837
10229187,0.22789229980013204
10229340,0.5303641933410718
10229579,2.9655591758574595
10230344,8.78001193752352
10230429,41.01587116984013
10231834,57.25296853711893
10232039,61.94511850159393
10232344,0.2033002189791915
10232605,0.14917271560990916
10233244,33.66738675057447
10233795,0.38165641966009406
10233905,52.0024340586815
10234090,6.66782769938406
10234589,33.7178025697433
10234713,39.50200032574239
10234715,0.1447120618813374
10235033,27.257002991112138
10235938,1.540472116583472
10236033,0.18490406839369505
10236389,12.912392842934825
10237991,8.638232084249806
10240092,0.15868754505099245
10241021,65.11802204326284
10241950,24.421625879784795
10242138,49.6634369180786
10242249,6.362490995721223
10242330,0.9607797124257403
10242936,51.54209521409488
10243326,0.27252322414368524
10243454,1.2219488240340035
10243497,10.404221747348375
10243648,0.30375463651953
10243895,49.15079649042085
10244388,0.32745626776684306
10244450,72.47890716620965
10245584,17.027857865114203
10245677,1.2195134014312534
10245880,4.512426446046828
10245953,1.433883643251133
10245959,31.4525318954722
10246002,0.21232087629702695
10246013,0.17829451572967495
10246134,81.76910092919101
10246816,0.290048751965782
10247250,7.723581116861713
10247376,0.6135644221600298
10247679,0.1498943233871988
10247766,0.14967056396745404
10247793,0.3406293700127336
10248067,0.13475655799027064
10248539,0.17474256981771286
10248690,12.534585631352705
10249411,6.206309188877237
10249886,35.03788747443342
10249927,0.38844235737830646
10250438,13.565134557179833
10250621,26.646045069837726
10250647,5.411336332936428
10251082,71.04573695740328
10251114,2.7766105209703076
10252387,1.1082975811007196
10252499,7.719261561281717
10252712,17.591534492897797
10252908,11.318946646137878
10252921,65.82109996768297
10252962,0.28345980344509436
10252999,20.616030765700682
10253367,0.41057842790730187
10253408,0.4108361037980142
10254619,0.17726927238391646
10254681,1.9619978712626809
10255192,0.348084907564296
10256457,21.20332102368794
10257476,14.399047755007887
10260862,0.4333662724492756
10262379,59.41269109842692
10262580,0.21395183000168724
10263284,3.4436490619839577
10263395,0.2570026198010019
10263516,39.03690337739701
10264880,0.4541954190115948
10265675,0.14467384596815894
10265814,0.3815839622720214
10265988,17.333396100412283
10266171,3.948623255809575
10266428,3.5000450158118688
10267034,20.94914234206562
10267050,0.1989588908955818
10268145,0.3260782064560574
10268712,35.89944311132649
10270687,57.30984600327666
10271848,0.6503133452757676
10271884,42.62772707945289
10272000,0.30323572147251077
10272326,0.7313497577934873
10272840,2.1109915443544565
10273206,2.632988991422129
10273251,43.003456429830756
10273462,0.184049620628083
10273647,30.6344141021018
10274257,66.92162394233308
10275361,61.964375669460075
10276934,2.501303104488808
10277543,0.13411160903684624
10277812,2.95073145970648
10278229,0.2231660128505723
10278364,0.16884326889055673
10278507,1.8068145557516497
10279573,0.17611278879440323
10279737,57.05278644891965
10280355,0.20120968958202004
10280391,10.456345892508672
10280416,0.3234969574264518
10281169,2.3366971464031994
10281702,8.99802918460854
10282058,4.463599356621428
10282063,57.37086255020809
10282176,0.15672473668545603
10282278,27.84276462005559
10282292,12.496320434274041
10282408,1.0904639030410115
10282713,1.5529223943657018
10282857,0.1290559756586876
10283008,35.07755699545515
10283038,68.79971634098015
10283688,9.451149439588516
10289124,66.13117823963339
10289394,1.509229576138867
10289872,47.97146784011181
10291680,0.24155453376264283
10292088,0.2554231153056108
10292231,51.673374881523856
10293298,21.304014810995145
10295156,0.17769691181507435
10295857,23.244341188247592
10295995,7.995921807868011
10296063,0.12728120701726534
10296588,0.3614720763635455
10296902,2.6507139946244904
10298106,3.7716513791087283
10298550,50.168168052145404
10298748,19.945678804569322
10298824,18.397909320206598
10298845,0.28355734457190385
10299477,64.56322340007496
10299725,1.8926993127605884
10299827,0.4994475192527202
10299870,0.8933866793168415
10301140,16.44433054737656
10307179,20.108725751127757
10307776,0.24328724415782293
10307958,43.12618034139154
10308738,61.06016498648367
10309007,1.0942795909346794
10309115,1.0005922532932954
10309255,50.580605890606456
10309942,5.93898058804278
10310103,4.359898724025311
10310874,35.7846332974998
10311049,6.8564697112157
10311299,0.24249705169609753
10311898,0.24867230960167433
10312071,4.555462406478373
10312309,0.2275070368034519
10312486,16.421358954292106
10313271,0.17506502400673038
10313703,51.22082056621176
10314379,7.858487741332447
10315444,1.645688600098058
10315973,16.948815296633715
10315976,0.18930834516784312
10316547,1.645596628476614
10316551,71.74034380540671
10316575,0.9058762414608175
10316743,0.6609748980797973
10316923,0.20930660542675028
10317919,23.30048858756529
10318220,2.9532838800689687
10318395,54.53915944991986
10318675,6.4910330903113875
10318684,44.50608090514828
10318776,24.767764313773135
10319189,62.601309060786015
10319730,6.101370064181153
10319795,0.10892844513224362
10319866,1.116568645389281
10320083,0.5160952624058601
10320928,2.0448934104369694
10321100,45.36301440696189
10322621,2.27912828419169
10323094,63.01173413342196
10327434,5.222168365590513
10328424,10.509030299989426
10328582,16.259721768376387
10328877,7.046777426804909
10330927,36.08841331947192
10331878,1.8065067490626907
10332161,13.67962100995873
10332440,44.263918288749736
10332767,0.19364711550405783
10333143,0.976301069457195
10333304,6.519458603305002
10333496,0.4868641804476467
10333985,6.605069448465607
10334259,0.15809853428689352
10334881,25.45897144400138
10335191,53.1324567722167
10335793,0.28813519317671293
10335950,11.896784976882586
10337293,1.4526694686974744
10337511,0.36089498590096586
10337846,0.4793445733367056
10338678,29.406533776729006
10338696,2.4775354176011564
10338770,2.4211835822827252
10338833,0.0847211593516575
10338839,6.774989870350527
10339044,73.59316802577793
10339057,14.461263336286542
10340247,59.83847842176975
10340745,0.1780155045387382
10340849,0.529294029248225
10340867,23.63137425641232
10340994,12.120438355803962
10341262,0.727465853733042
10341271,59.18744969601426
10341382,2.7504621457010954
10341439,3.6361631571915884
10341640,3.3799758230306307
10341932,72.020710384611
10342005,3.7201411917654905
10342059,0.5029434711846693
10342295,15.730355231430888
10342404,0.4374086831860717
10342448,7.40485931356739
10342646,0.29980878958280266
10342713,23.04253345654242
10342743,5.271781760630229
10342806,11.028331372079922
10344882,0.15672092998136924
10345066,2.974690146086244
10345574,4.078209509772679
10350120,0.15337896382360441
10350911,69.65060207838606
10351249,80.37179301212225
10351366,19.62914315318716
10351753,0.24377073242034147
10352410,0.15839494643821206
10352632,7.133982651429679
10353449,50.92104903054135
10353711,0.25677447172215145
10354038,32.814605971012924
10354208,0.6236848434102676
10354471,44.714009286280806
10354742,0.7861335422084539
10354815,1.0369671688508244
10355928,1.7023708151533705
10356080,0.12513927534896893
10356239,21.635930463902106
10356808,12.453547825734907
10356916,61.788805997047945
10356966,39.95579531186412
10357730,22.694249816047773
10358093,3.27942952717782
10358311,76.81094794849582
10359485,0.1946192504638196
10359486,25.483156346931832
10359492,39.15696623324209
10360144,11.673509221211575
10360180,71.74214358874633
10361285,2.947398382021317
10361844,50.9389295713919
10362013,0.34148298926054993
10362016,62.36433403448985
10362194,4.142508588926441
10362710,18.809937810512594
10363093,4.7216306475153855
10363118,5.450282561295123
10363197,0.2023649418844316
10363852,0.6211533984921667
10364229,0.11759444572031422
10364442,2.7083395943864352
10364566,13.036148533339253
10364604,42.821904939130164
10365451,0.10676830314615893
10365516,50.39106544792199
10365862,18.38122809760691
10366096,14.46985114529916
10366137,0.9095460802185228
10366219,27.786619938776248
10366441,5.852813378950632
10366570,67.3307612905795
10366904,2.942668639437099
10367519,0.10288504173976695
10367650,0.4444050423200643
10367677,3.6396384829335457
10367884,27.69291905419408
10368055,18.03997418050873
10368358,47.792116098098504
10368714,46.4607750821795
10369062,0.08476640443378576
10370374,0.3056638178623321
10370929,0.3403235067788083
10376078,0.8922564879305425
10376622,46.577742987513325
10376627,35.58244636857752
10376897,0.08993331539247341
10377156,37.673566124784685
10377405,26.92469871519373
10377445,0.8093807785387408
10377924,76.96793723177073
10378518,1.6309988285360955
10378774,2.1455860501548045
10379439,77.34325868114301
10379700,13.961332396784512
10379735,78.07535379864117
10380644,21.87418971724091
10380993,9.994541634793153
10381123,2.8842745749648495
10381492,0.8752505580798908
10381777,57.00687340431187
10381888,77.24062753548922
10382377,71.3305955404714
10382430,0.43426536826611717
10382822,0.6127686252410779
10383636,1.4340351595901324
10383904,25.377235395522884
10384098,0.10081168336004126
10384216,1.6825127270657858
10384319,13.463834167933534
10384698,0.38606190596993695
10385807,0.20976503769219706
10386341,74.58356508463085
10386789,0.22587475055950731
10387132,68.06692513858775
10387320,0.3165017732988726
10387851,2.47522623023457
10387852,0.16928830725432042
10388054,27.04914136205261
10388543,0.20083799792313542
10388585,0.08657886813890506
10389715,36.04521251154156
10389934,1.5477409358027596
10390088,32.19411956091586
10390220,8.512952833773266
10390274,0.3327868086529713
10390481,0.365745248030021
10391118,1.1581527629923385
10391229,14.951686803469606
10392041,0.1253335597790088
10392472,6.884050684845692
10392932,0.27648873738925406
10393166,0.2849434465854745
10393619,2.8230605572172065
10399663,17.651401128160703
10399893,4.004995247456088
10401534,1.964278667997251
10403667,0.21489172102706539
10404087,0.173285003219655
10404385,7.225991218349333
10404638,75.8233505252678
10404671,12.854497435792428
10405094,6.202715749649703
10407271,31.700110424065212
10407723,69.02631449342304
10408631,0.24656122074739031
10408789,22.307204245617108
10408816,0.08367631586216268
10409494,11.349684206303062
10409669,30.374740901788012
10409905,5.987208041120614
10410022,0.10600302659336283
10410597,5.735594638319483
10410795,19.421741859878964
10410959,16.650457136888438
10411533,3.990900161221328
10411665,19.35405693928551
10411679,4.200547140459898
10411803,22.5193699544629
10412006,0.16714175259688133
10413100,0.09563288157662522
10413124,2.6757430327117055
10413262,0.14982178922003497
10413399,78.0705993515354
10413491,13.18265649683555
10413567,1.6632583102550287
10413576,44.22023091396923
10413642,9.708356954854604
10413927,62.174133672328864
10414065,0.47386396595308383
10414445,0.20186287657892868
10414777,63.1153850783111
10415070,58.21025405179161
10415370,19.931495289589193
10416461,0.1739262000278843
10417214,6.680914572082647
10417430,57.24221465266488
10417797,9.58675387868766
10422846,27.959054620147043
10425030,5.029143853680476
10425759,50.02799846656606
10426358,2.9022282297421653
10426976,0.7597452676497296
10427362,75.22990831546473
10428054,22.16402329320605
10429094,0.22959085117974276
10429702,0.17437253915862302
10429779,0.4908175546025846
10429806,2.5970753211698447
10430006,0.10425291620103545
10430127,0.22853782546817702
10430287,4.20747710219762
10430591,6.281384006754696
10430628,2.5440246110436644
10430662,0.10500107835924727
10430715,1.6182977248761272
10431267,11.299966190206876
10432610,0.9796240724029187
10433284,0.17615576689136478
10433841,0.1680664185077167
10433860,3.233822759593902
10433918,0.7672292599932774
10434438,1.2640351683818682
10434573,17.99240128566338
10435225,13.691660440430363
10435577,27.603499110932635
10435733,37.348050118664574
10435862,8.496627675072137
10436554,1.961993914349959
10436734,8.408259110556127
10437027,3.6160457551366294
10437634,0.11514169657281673
10437777,0.09208341665318602
10437811,44.79100566375821
10437826,2.912296321974234
10437887,0.29989219613674006
10438257,8.174179739482398
10438280,0.5779447035804991
10438662,65.09600893476494
10439184,3.6669074130456085
10439885,0.13842140689175395
10440798,0.7265966623083017
10441075,47.845907345738155
10445597,0.09343702597550858
10445864,8.275744560540383
10447227,0.08051157114026156
10447360,0.17647783027690792
10447691,0.20267453575285185
10448600,0.1151212407216501
10448885,2.048470591473219
10449111,1.721759934265369
10449466,5.335156526218214
10449728,19.83878368968268
10449941,0.6958347349022659
10449964,58.819574224774726
10450688,51.40411834904224
10451057,0.2778171749937402
10451267,0.16110195344170708
10451359,4.619126273192216
10451489,11.979684565335397
10451508,2.710024433719692
10451613,1.7308358480881958
10451701,0.08407193899426166
10452249,36.06571580258989
10452524,16.840916268367195
10452541,56.043667113007345
10454253,2.2531811717874284
10454628,27.43961421304869
10454801,0.5903703240242668
10455138,9.351827023103398
10456631,8.191368721761606
10457363,0.26043312442324307
10458115,5.989002889934518
10459237,3.9580719428228117
10460113,28.07651651268632
10460302,0.42108911353671397
10460315,1.7838886245016212
10465447,16.303809213766186
10466072,7.45394198319836
10467179,5.669254057919653
10467390,35.90654596383015
10469243,1.9882709865932946
10470083,16.410868185594456
10470258,64.97890728509387
10470375,3.0511395255061307
10470455,0.09811371843026605
10470677,14.985466306289005
10472004,3.229085958010673
10473730,9.471196806275001
10473849,0.8527051692278819
10474225,0.2634650376902144
10474722,13.661056314075486
10474780,21.28808539789643
10475237,63.094104045507535
10475319,0.14643495050393548
10475700,2.3456261164464194
10476119,12.104551637414705
10476135,2.84823556322538
10476319,1.0734376078792258
10476556,58.548972809335666
10476782,1.1522918831603912
10477683,76.37511342344374
10477698,37.61829716959345
10477978,0.7876996803177919
10478904,2.973629815035506
10482486,0.31338278340122117
10482554,67.6162931933753
10484019,16.99087256448855
10486974,0.5105301791867848
10488146,68.9560958507053
10488206,15.941907882589767
10488464,5.21839173177737
10488831,32.8084421694553
10488915,9.953079886931542
10489306,3.1023248585984207
10489326,63.64545028854034
10489896,0.5850911116153378
10489923,0.39373962836821924
10490134,0.26749996323673236
10490263,48.5318428569036
10490373,34.48542239663475
10490929,23.563124580171642
10490947,2.0222760906353026
10491070,0.6044205248396012
10491137,0.6094009970160289
10491340,10.962947006825825
10491594,41.48050310657696
10494337,0.9646385775886744
10495299,0.1465877195871186
10495620,25.72014362079415
10495884,0.2474646674507358
10496401,0.09023100235499162
10497886,0.2695383620742064
10498577,0.9807529994357536
10499025,0.2131376756282091
10500033,0.18574546156041244
10500085,0.5760968820703662
10500222,0.6099267854567011
10500406,19.960682862613723
10500815,0.23965449279908155
10500873,1.3577554560545189
10500992,3.006685489697658
10501331,54.22348154693706
10501920,17.399737635675244
10503392,55.78524842697275
10504508,0.6358224499952458
10507161,2.0826067214606376
10510846,3.8045663466460664
10511064,5.073395017155746
10512466,0.20286144801120926
10512812,24.797333452169337
10512817,8.64396216848756
10513228,39.53561535400986
10513499,1.6713367061916005
10514152,0.9113907574858323
10514166,0.21974965298509075
10515677,0.41334322227699655
10515838,32.930267484640225
10515875,19.186308439206123
10515993,23.762409654440408
10516322,34.23063785721878
10516424,22.441535567778764
10516610,2.6933288056190294
10516626,32.20154190727871
10516819,30.81494608543021
10518694,0.1674438249307121
10518896,8.073903856213954
10519216,0.2652034201227754
10519429,12.1438183533922
10519519,8.271695840818225
10520431,0.7928614430155242
10520668,0.6404423249689206
10521059,1.7977356229620698
10523618,47.374372611158435
10524365,60.193282606085845
10524460,2.836378113092402
10524938,1.6080342824788938
10525851,13.649779233141668
10525911,42.32891835420011
10526346,1.0524446258173796
10526871,65.36634413925717
10526955,0.14629070005311695
10527013,0.2793651451732346
10527274,3.0944028939728287
10527486,30.961202726579604
10527956,18.256233181227422
10529176,2.3290103943888902
10530373,15.099697521100055
10535630,0.34262395891877034
10536156,0.5658900792478238
10537216,21.944313345473702
10537769,0.5669678581691608
10538427,50.516574552540284
10538536,1.0333672321915364
10539491,64.59724772307032
10540175,21.92793527121432
10540927,54.56078813457593
10541080,12.15678230159624
10541201,31.03140511398448
10541260,0.5507264377126767
10541488,7.784728769521145
10541837,1.7131120142044358
10542167,1.7195422129105375
10542347,35.79790249470385
10542668,1.7545949842188533
10542679,28.087572593391815
10542965,1.6511530849609053
10543277,1.156889279108043
10544439,0.155069838676787
10545027,19.190009895971915
10546254,26.309173324784673
10546396,6.369591396041991
10546568,0.16489300675371446
10546606,0.21893951251063426
10547353,0.5815153764895744
10548910,7.481544014493904
10549054,39.572059747417995
10549445,50.479579174146224
10549650,1.2019737904351386
10549714,2.149580049563433
10549781,8.399003606093387
10550240,9.149009794698932
10550349,1.0537431351139928
10550543,1.2897296998087837
10551087,0.6061370081885548
10551675,32.85888335820275
10551825,1.2600271033135284
10552168,3.1861406921810342
10552983,32.30392484777379
10554070,23.773417161637415
10560148,0.7133634381686857
10560986,0.2542975373184051
10561130,0.08594315955081351
10561771,11.131335323840204
10562085,0.1652878869735473
10562462,37.226530921156126
10562668,18.32198921544065
10562789,38.71064554736264
10562990,0.37413169705131105
10563076,2.653893679572574
10563387,0.17403231508647546
10563493,0.3134326274099544
10563586,14.248891838570922
10564163,9.5572097368931
10564375,2.7852955915213213
10564483,12.631468149024426
10564621,8.200180122989757
10564702,0.09086940337889578
10565686,0.8319321825434571
10566302,71.53041969815898
10568153,8.654161243670911
10568208,74.95507803805488
10568646,0.17716125996917814
10568695,5.568732049159714
10569249,33.34878036984321
10569568,0.7945294942652682
10569804,0.16863871592916863
10569865,2.184737161021862
10569945,13.891539860749067
10570156,33.89745064984588
10570447,31.56531560995587
10570660,0.3564819894222025
10571112,0.5172139589362416
10571255,0.08216442469026615
10571323,3.2036456031770912
10571889,8.096913394854631
10572094,60.320055712784665
10572807,25.86092606674393
10573225,73.59659529387383
10573273,0.07935188024242563
10574604,1.7526314687400153
10575811,0.9853560860220818
10575817,0.21887581888035762
10576118,0.45611668544408324
10576813,0.16522174587343727
10577023,36.37713544156692
10579428,9.614305332893382
10582297,41.29834296223489
10582695,18.60475626720989
10585446,1.5453050532970525
10586336,27.08185974679336
10586633,0.24301993741367525
10588057,0.1359417470579038
10588705,18.387371355301394
10588741,0.32504727985817944
10589684,68.02845042016486
10589700,0.1315480399263319
10589945,29.972000751030336
10590105,2.2881770087363753
10591112,1.2486027969099165
10591234,0.3312177400399562
10594419,42.71266647458181
10594705,4.515631829649785
10595000,64.10910514955503
10595374,64.92430421922542
10595677,42.36520597602691
10595963,1.7863709692639842
10596279,17.88333041960291
10596295,1.9026829200926731
10596315,0.4293701875576377
10596652,0.22927663137574858
10596990,0.3914641974882174
10597161,63.45021211728186
10597695,0.27096511768523435
10597780,13.572420915663443
10598043,0.22697836592775952
10598766,4.701037795684985
10598941,10.169347164863112
10599045,0.2887051218873175
10599796,1.4804413748484713
10603050,0.3665210193363157
10605445,68.54410313273205
10606531,1.7213541051020067
10607372,0.8123002159926915
10608844,73.92481925141735
10608956,0.9799330444976453
10609213,0.17062475680973754
10609249,37.78748048517382
10609274,17.79556104042921
10609790,26.15640022112178
10609963,0.17183168876638136
10610434,13.644444904857812
10612067,64.1792679888754
10613007,2.881367620076833
10613607,5.154045940165419
10613823,30.664094207045085
10613950,0.2840472125735895
10614204,20.3991200481376
10614832,4.855950927896692
10615116,30.691664023835617
10615184,6.60475219604277
10615569,1.0425073372246545
10615883,38.25631218469183
10616998,0.09915026702954723
10617247,1.7883056369907344
10617859,0.23298550122208786
10618948,30.1371656161181
10619208,4.982267185724577
10619400,0.3901342197607736
10619886,26.70485664804615
10624485,3.7724524902974
10625435,1.7095800256156517
10627621,5.734087852360818
10627898,33.21287088493484
10628495,0.23708660552510746
10628593,19.762709527080926
10629434,0.49434878634086854
10629596,0.7265571013084875
10629860,0.23555943055378956
10630302,76.6566776252055
10630738,3.875229510163296
10631005,0.1189302470535346
10631165,0.1568670110018185
10631279,0.1952293184096705
10631426,1.0637155669734983
10631540,0.09640722762850384
10631930,2.7063841889200284
10632141,0.3181709980264585
10632572,0.09427426566082547
10632893,10.74086460591204
10632936,41.945512879178125
10632973,0.09129386175822804
10633603,6.8048476897356345
10633895,0.0861091271647929
10634051,0.2358275494845073
10634446,9.937631734967574
10634652,0.7724689366340951
10634933,14.229213905881863
10635913,0.17584224498134213
10636394,0.9791259376257241
10636576,0.6696367984394286
10636755,2.013945283944445
10637378,32.86642485054532
10644142,0.3283754847028111
10645518,0.25131350859552
10645546,4.067338200138379
10646179,22.081304915518977
10646642,5.684495000179473
10647051,0.26141873052399023
10647977,36.042721156076446
10648481,43.79222626647596
10648628,4.310342572669015
10649625,26.491366549059784
10650496,0.402353518868573
10651786,28.660512526401472
10652203,12.817350940047502
10652427,0.3788846894501184
10652993,0.23021491105823635
10653607,4.652362431880842
10653956,69.7070620386617
10654319,41.506547692003
10654803,0.5483022555554731
10656197,1.2062722570312112
10656360,1.1805550178814181
10656617,0.8771961819353239
10656844,0.16249013694116643
10657080,60.209477432874344
10657771,3.95210035788925
10658613,42.68393693792302
10659041,0.0849707383047427
10659552,0.7924420298606565
10659808,7.7078208035227
10659825,2.5455144598497452
10659999,10.381599474298687
10660058,0.24615853968174692
10660121,73.88046204226646
10660502,0.09127737557852526
10665558,9.64794824226067
10670128,23.05733444468445
10670635,4.596672298270798
10670716,19.65868646876623
10671323,5.545439932348388
10671380,0.9386193201715531
10671576,2.4000528717006904
10671589,0.41064117839063075
10672723,29.332921470961658
10672907,13.319777704647729
10673293,18.79944245301648
10673957,70.26545960793138
10674299,41.08665787750584
10674385,0.0875460466457434
10674836,1.0253321463329563
10674978,8.297229727725304
10675210,8.799970756878409
10675218,0.16449977007792824
10676073,73.59173619442346
10676246,1.4108878490682717
10676766,0.16430628966801716
10676786,0.1918233837992479
10676937,2.95472956631502
10676959,21.439579379173573
10679350,28.67546675087537
10679588,21.554632589204196
10679702,69.59033514278211
10679740,0.15776882657810642
10679868,28.66151468312381
10680344,33.679759168832824
10680375,1.9073430826968742
10681362,0.17940711539828944
10681535,74.15721258246901
10682536,11.454654512335862
10683459,1.4870743157367494
10683993,20.071309144313712
10684138,47.04760880436335
10684159,28.90910900360054
10684164,0.27779694968823054
10684258,71.72607485328777
10684843,0.28727967331250487
10685439,57.179740504278634
10685883,74.37044968727024
10685892,75.08340228750863
10686406,1.0301475508673401
10686719,12.764859211100017
10686990,42.88117107981595
10688178,58.25842898412808
10695412,0.5031940153418708
10696356,2.9761883169203585
10696570,49.24142212082809
10697332,1.1650512947090517
10697868,1.0214169221338036
10698161,0.08554004002992659
10698557,0.23047255023216515
10699318,74.93535175266499
10699546,11.580346334572916
10699580,43.04515554981036
10700115,5.065338803970034
10700310,3.6101756627610984
10700393,4.29942776232948
10700458,5.078434502698878
10701112,1.601223563828167
10701343,0.09600662067484526
10701872,11.510938718504345
10701931,0.4236554168699491
10702087,1.039803852772856
10702489,36.44318794457629
10702506,5.943153792144558
10703299,12.8594847032519
10703534,0.20994869023165036
10704883,3.132177526919835
10705086,0.7126390087519726
10705110,6.507198085705335
10705585,2.531210879063218
10706099,43.366848219277365
10706430,0.684250209081161
10706850,28.08360881235021
10706857,13.07836872369861
10707557,0.3758682896759424
10708420,8.207201078345504
10708561,6.745386211366793
10708584,2.496475339420734
10708789,1.8561072041392614
10708999,36.777107270823855
10709205,71.04275599738043
10709249,76.80767318472786
10709570,0.19299641040197665
10709859,46.651080906573036
10710788,0.6479101542615615
10717518,55.80497855396374
10718789,43.50624913052922
10719319,30.46730327370821
10719585,0.7189726522072926
10719995,2.292716001374675
10720124,0.5512807989085672
10720191,1.0389059465613135
10721301,0.16926309567584213
10721609,0.1792010330214859
10721909,0.37809516085837225
10721957,4.61510578809856
10723142,7.163458538717778
10723230,1.6105157012936866
10723310,48.32714584678002
10723651,0.7558887619046389
10724150,34.66490877877684
10724373,12.111441307309988
10725310,1.5696751416156405
10725410,0.26859465745252015
10725467,37.023913354239546
10725570,0.18838970375852257
10726217,26.0988588461828
10727010,42.69697326278995
10727155,2.094269061760362
10727559,0.4513030514147302
10728067,8.897023491337348
10728750,0.08846284991551231
10729016,77.59596178463428
10729421,73.35566119514924
10729750,9.777877948366385
10729911,0.08161068361029035
10730260,18.623641815489137
10730693,60.40190664016582
10731317,12.175775633633808
10731545,69.50585069530183
10731673,0.6370408234100391
10732265,0.5806648065979318
10732441,3.7696246897598975
10732564,9.791984211656294
10732710,13.39085305102832
10732830,0.24525206521310677
10733012,8.131960248470945
10734081,7.938150810655818
10737301,0.3091832590326894
10741013,1.7750647109063227
10741445,1.073620809119147
10741638,0.22534593086051827
10743361,0.19111225716566507
10743445,45.348859761444494
10743488,0.5714758080433895
10743489,0.40483965341150757
10744110,0.103291767297574
10744427,1.4796813905737787
10745696,53.50216451694074
10746029,2.7087827900775747
10746511,3.750986658177502
10746785,0.08129387661119176
10747030,0.5084208788943254
10747093,1.254909362324661
10747346,1.4525912929948572
10747810,24.780321259758217
10748040,45.30076930541386
10748496,0.07946001894742842
10748793,13.002299244769445
10748860,0.5379770998546216
10749081,20.459860851750868
10749273,0.24063624495929256
10750143,0.3343224060717635
10751336,0.16403923011230392
10751938,8.372717875809938
10752111,0.09764188112669696
10752798,1.0169804875978306
10753120,0.2011261329977649
10753199,18.634721991989053
10753967,1.0152170398052387
10754079,2.0388391016631786
10754087,70.75297558774287
10754796,0.16240093059786082
10755235,9.776659438897413
10755415,0.12992936044833517
10755419,0.18096635240598602
10756521,18.45811863619444
10756804,0.32613299659062034
10761649,8.319211276998441
10761792,1.658993574359847
10765525,36.618178255556714
10765607,38.28919147741715
10766138,0.9414990723360517
10766262,2.551053794572884
10766309,30.345751346827917
10767935,0.6241059293990784
10768289,0.11023704713494
10768463,0.5925341559063422
10769127,52.27114353081844
10769208,70.43487862849294
10769917,0.28697529247840003
10770507,48.26458379903486
10770541,23.558479204000587
10770544,28.009087204081197
10770650,53.510495113060806
10770759,0.17603582471904072
10770836,1.08095090913147
10771026,0.08074563750264316
10771052,0.1916522240334476
10771754,29.95937118071453
10771959,2.7790532007013504
10772141,5.339460630995015
10772535,12.002358012506742
10772764,2.0140764867311587
10773150,1.0052384303895894
10773475,27.31946756583458
10774201,0.15286755969634172
10776367,0.31421296563811135
10777069,0.33023692129407317
10777581,19.622464726108806
10780568,0.49425492125311504
10780675,0.5575121210620296
10781170,0.5122488824635181
10781583,2.110211212904533
10781865,0.31324182689496083
10782390,34.74711776061787
10782463,0.4481721715939083
10782753,13.49616902755611
10782966,0.12020767908331036
10783044,8.092078192455762
10783175,4.477349664346802
10783448,2.857515144905925
10783750,0.9011841029696123
10784969,3.790576630817491
10785643,0.30174574982161106
10785752,0.7744287072383591
10785755,17.49169597245394
10786255,8.415414536536252
10786393,3.499713368242881
10786987,63.880372410389874
10787042,12.509986187764653
10787056,2.3386980678533744
10787314,16.76030430697382
10787316,1.3765918258976704
10787482,3.0858359425393846
10787823,0.6489886862857991
10787897,3.5748343132305327
10789121,0.26454844695523155
10789163,23.84051360999295
10789551,0.08078450221832101
10789664,0.19018878931725666
10790087,51.19270522201687
10790425,47.77803474104663
10790817,0.26751515855806784
10791008,37.053811271278555
10791190,3.7214356440115446
10791277,2.9002850305355428
10791753,0.12236521375543795
10795948,29.563236403169697
10798454,7.289097200554918
10798550,4.474250046440287
10798553,5.344849642968076
10799408,75.11844096966269
10800831,0.501941485721473
10801360,5.805736971565276
10801738,0.08279548870034377
10801937,0.24172682122509326
10802342,0.13853609031492348
10802654,20.793552845610826
10804123,2.442856441094863
10805436,1.378496001210997
10805658,0.31199782591679803
10805767,0.21996116889857242
10807423,23.14148999935947
10807460,0.17109764508039793
10807685,0.709541039854218
10807702,1.9962750519811643
10807789,63.72967192718822
10808108,8.022131653492341
10808493,0.3585909039083787
10808999,34.40813893716827
10809205,3.708721153591172
10809542,11.959018209357426
10809958,0.16206619119910018
10810042,17.29664035121468
10810141,0.6117001021126114
10810728,0.24561486449388162
10810807,0.1749306754652649
10811112,7.345047310802256
10811496,5.922483665727784
10811581,1.3922740305462447
10811591,0.7276343203152702
10812641,0.6937289170279931
10812960,0.1561127185171368
10813793,0.11913137314284183
10822131,0.36023152925809104
10823515,4.012703514368563
10823991,3.0907383713570447
10824027,5.137584992592644
10824378,0.5488423140520242
10824492,0.3035775743009193
10824756,0.20674047615931113
10825308,0.4124918516352752
10826224,61.01316215206463
10826734,0.23115131362299768
10827051,15.55917007919893
10827093,0.5881510583680605
10827307,3.4072033056674207
10827567,69.99147703736207
10828985,71.8418615149807
10829384,56.23394623915086
10829701,11.917936466592753
10830580,33.701313370230494
10830815,30.621162419436978
10831241,36.79003169204216
10831913,0.19413698967840098
10832123,3.0605108008568656
10832131,0.45322848517815517
10832172,0.5364623717769202
10832913,0.19194176916919192
10833173,0.36824077305044095
10834145,31.435253922727743
10834514,23.63709892491939
10835173,0.7516209555084711
10836657,0.08126283717392599
10836760,0.15266372688350066
10836805,33.73231328687699
10836896,8.126415485566065
10837242,4.60461720823976
10837349,21.293477547795604
10837442,3.981974152017223
10837508,17.17000309211788
10837866,71.09120888623326
10838084,45.066995975539925
10838188,1.7576081264744012
10838791,1.5737420641162856
10839036,0.1577216748509246
10842610,17.979244896617434
10843988,64.53615615255944
10846184,0.08516776283683207
10847986,0.230363229426758
10849426,0.5393067009482252
10849516,25.495138197220953
10850026,54.255752592148525
10850072,0.16619568539658675
10851299,3.1351989507625713
10851925,6.838886924320085
10852007,4.452571303315323
10852152,8.009172968977014
10852790,0.19006369515279695
10853313,66.02292013211729
10853573,1.4818713788230742
10853955,40.51246502931795
10854168,49.05056189219413
10854585,30.95722017558048
10855312,2.3181469820489538
10855464,75.19883824448125
10857325,3.0564036692341245
10857432,0.2214514679925609
10857723,5.433128426791101
10858150,27.566266915952767
10858331,20.088042503248733
10858411,1.506575946189263
10858582,1.291944760593081
10858699,0.34359729487027457
10858829,41.61895423010647
10859514,0.18440697711788742
10859773,3.0452621984404673
10860176,25.52544698972262
10860601,2.3785873536503823
10861130,16.602060976976603
10861663,0.22179092360619687
10861883,4.485775653480556
10863069,0.45939614140729756
10863335,0.15488920285613808
10863853,21.269421182350392
10864062,19.404370788891494
10864782,0.2132198492173928
10864852,7.481929557983676
10865235,0.9987566699662609
10866450,0.10015098569173109
10869804,0.5361067167713186
10870670,0.5502241653504587
10871497,16.37308873118926
10872646,0.7686885269563039
10872842,22.951983713582102
10873150,0.5774407060276352
10873374,10.471570222661615
10873946,21.181451073238748
10874577,0.32545877987448774
10875244,0.2933628673668753
10875296,1.5989572947370851
10875500,12.477008405741152
10875536,2.580833894555374
10875630,0.4752628379685089
10876137,5.773945441225579
10876317,0.7842279977600071
10877191,74.3152396149748
10877214,0.15921823837863422
10877433,1.080128778767662
10878243,3.0034528438605985
10879117,2.395714181648798
10879246,3.1494989282574846
10879253,17.995634691070993
10880196,12.732187319141127
10880486,3.314160783413402
10880846,5.385263938314872
10881075,0.49415849016128105
10881347,12.482299342456438
10882414,0.08709824800936532
10882692,0.26394140350467965
10883121,15.013233590677428
10883292,0.19749527400417818
10884185,0.31755017119279283
10884260,58.780865122097914
10884683,1.3083747906115568
10884990,22.355137283097662
10885414,31.6784879768047
10886453,36.62805524284973
10886532,5.047827960923942
10886689,57.32243302518119
10886778,12.201157990024132
10887091,0.5696783171648199
10887262,10.992543925433454
10887265,60.046453631384715
10887433,0.5386796678850134
10887444,0.12426663397302994
10887645,23.21726434653233
10887847,73.47798734671153
10888320,66.4521810624691
10888404,0.2483544227328856
10889543,0.7754463797702659
10895011,0.1113743404833172
10896274,0.9273260959572553
10896750,7.164413772946308
10897696,75.41802491333914
10898205,1.9962924576672834
10898458,1.008861019987987
10898767,0.31283899255568975
10899030,7.686582509396039
10900130,68.60548637923947
10900270,4.782779236815438
10900511,4.374131109519315
10901062,8.943664382847288
10901255,35.29854238349116
10902014,7.155622415953576
10902729,12.3348059730485
10903055,18.397017612392684
10903419,20.91801164378321
10906344,11.853611025680458
10906862,51.50830426575122
10907380,0.08553542243067942
10907477,0.3453725918421037
10908209,55.486375484936275
10908338,0.36783765135419116
10908520,0.29288984556237596
10908616,0.22019617332793104
10908904,1.2911345585141385
10909367,0.41855711960387226
10909389,0.2931026247214705
10909743,19.651795878269876
10909987,71.72330600678355
10910332,0.3643296234919251
10910694,1.1801419009060952
10913636,7.267358648783044
10914578,0.5346004455011367
10914679,0.1954534156859344
10915008,0.9642818125750809
10915617,0.0939275579697945
10918507,33.061904975148316
10918885,20.253679653347646
10919060,0.5258881742273493
10919160,48.487789484224606
10920487,0.13387097485649752
10920758,9.103800605901773
10921091,0.3346834823230854
10921135,0.2523619263873785
10922736,8.68096850568214
10923161,50.71952723012197
10924986,0.5897036921615468
10925158,57.52285878675162
10925844,0.17960278377515534
10925899,5.9019319548570115
10926381,1.6578614908290596
10926473,0.10308077892901278
10926625,0.5103998156017603
10926997,1.4803831389951643
10927228,0.6375138864268435
10927972,0.19921959697082534
10928176,0.8494965010622199
10928250,21.83433152643347
10929569,0.08381567821681432
10930222,0.41190562107577416
10930244,0.5321847192233982
10931273,1.6756479654253653
10932059,8.001138852560404
10934694,15.90860628298166
10937904,0.2108807866250188
10938202,7.098042797307305
10938519,46.384399879754035
10938544,39.905840760620016
10938850,12.73693785575492
10939168,66.7372984843996
10939344,7.5078784829522744
10940099,1.0199916842224301
10940182,6.687613756416371
10941326,10.35075913530487
10941625,6.6568010855026145
10941748,1.589651632908956
10941762,56.723668883028445
10941782,0.23658997827967868
10941982,1.8040047278539708
10942806,0.25761982412716017
10942986,0.18557943242003835
10943005,62.3903158878109
10943065,0.7035084544126178
10943114,0.2452468110127564
10943909,0.08099203100616485
10943915,58.06025452156985
10943951,28.612734143051373
10944323,0.09839204265873934
10944989,0.5723650318385061
10945456,0.08176135834012334
10945536,0.08139983439337847
10945632,66.10427585246657
10945985,17.057306334585437
10946644,60.355233102225945
10947377,0.3882419539209559
10947965,14.998516028343978
10948538,7.675929624952167
10948619,0.920454688927884
10948774,0.12915400639583244
10949026,0.6405867524807566
10951019,48.8560971762821
10953231,0.12983980805189851
10955799,0.2577982116972784
10956433,37.21489692716087
10957003,0.2882665058133601
10957579,0.8933626492444889
10958169,15.687415124842119
10958463,63.0766384829443
10958668,0.22156961139409595
10959341,0.09946757512029265
10959754,0.4536679386408892
10961231,60.99353528869817
10962164,4.61951114586898
10962323,0.16563553996057906
10962507,0.19232097252262204
10962710,0.43209917033532774
10963122,38.579358282547034
10963433,72.44779493048878
10965252,0.7172356652042412
10965574,3.2985085287351796
10965810,0.3308773395498938
10966022,0.23745586171884156
10966240,0.1442791462538957
10966471,1.031552182055245
10967026,49.29624985288569
10967404,19.698488589433506
10967698,0.7023643672911473
10967760,0.11007559269364675
10968498,3.202159082107269
10968828,0.19657977817303599
10968894,18.020428060025264
10968972,0.5962075033211917
10968982,24.410150274831853
10969203,17.627950977098905
10969492,0.597865699704934
10969864,7.986718773652208
10970314,60.47755700562038
10970381,29.59095045212795
10970872,3.839291005947047
10971200,1.8249686614260194
10971444,0.22411781399347883
10971590,3.713278245575426
10971781,0.11658548156971463
10974609,0.09249203709501973
10975762,0.1172493681907959
10978055,0.2903657875546605
10978135,56.17391816905319
10980266,0.7245741693804164
10980554,0.1986616306141199
10981677,8.849009850920947
10982173,3.6570608249103334
10982449,0.7785743528721455
10982490,0.17863249175454307
10983426,60.76657913671161
10983433,40.60266531432209
10983794,6.0918406088199175
10984202,0.20586284807144628
10984340,9.701839535716983
10985093,18.116522940905462
10985169,0.16309741000419312
10986007,1.2130725953514385
10986246,0.6580718318739213
10987024,73.95323786918871
10987342,17.106401763835297
10987461,2.6543471000108663
10988431,4.309807662210475
10988682,68.1952654477175
10988898,14.20000223343604
10989359,1.7882055839788318
10989958,45.50873486499748
10990088,0.19104453966120216
10990123,5.501615709359492
10992628,72.22544659811726
10994503,58.01399663878455
10994530,15.61791405408111
10995025,0.38119585426742963
10995810,0.2180603225708338
10995951,5.030929806358759
10996034,2.5974110654349682
10996215,0.2462360264124269
10996416,21.030001526197772
10996424,3.0058260408168147
10996466,3.957699292367779
10996543,1.9549171069361626
10996946,11.167508826685866
10996977,16.216398816118016
10997172,6.1516384022738775
10997236,27.164957713262666
10997410,0.83263341837743
10997789,42.314282580777906
10998154,1.0835330570058763
10999819,6.782420160568593
11006092,0.10088989960724214
11006093,9.498592009048213
11006134,0.5849229600874843
11006779,69.16548003596226
11007370,3.153284449513759
11007719,9.35094382720096
11007827,1.6913121401920468
11008081,0.0997737609220814
11008371,0.11989841006522037
11008530,33.56334221017074
11008877,1.3515071164313015
11009445,1.223595152734435
11009529,66.55220530468233
11009761,3.499624923129482
11010008,71.25040475080131
11010920,0.16560349851051842
11010923,0.6603337496867775
11012185,0.3795172908115694
11013121,0.08740115136697205
11013385,9.501139748775024
11014002,7.719115297371552
11014386,1.5945093602783549
11015270,11.739403801853861
11015920,3.959166989328823
11016267,1.8007542067220148
11016289,0.15913992506154573
11016751,9.552591251233554
11017918,45.45125197946242
11018410,2.9171713270105566
11018744,69.26824281462612
11019597,11.83929449318953
11019971,2.494820243195993
11020405,0.2449630497781362
11020862,63.249067170293394
11021048,0.9454251457867605
11021108,32.84890675754093
11021148,11.148962190348346
11021160,37.694408590558425
11021221,51.48872780507521
11021376,23.571241461705352
11021593,25.82447864126937
11021889,0.1114308991047885
11022274,32.64653766820124
11022523,11.883934497935028
11022864,40.54069137251151
11022939,1.1525029391625177
11030761,19.611417940317654
11030995,0.5745139173770382
11031876,0.08001819416310724
11032098,0.1602249200992142
11032472,55.5006150776646
11032561,0.08735059814537005
11032614,8.350855068915255
11032615,0.20453602748714345
11033331,2.66269570723963
11033476,0.1846615384814588
11035490,12.273640055098426
11035722,2.7542493293593107
11036133,35.846566791921866
11037105,0.3850330090981568
11037414,0.6625062640718871
11037425,73.25503225043391
11037514,0.17715981590581803
11037962,10.27015254140801
11038817,10.181076231829525
11039124,0.14013167345745497
11039158,11.242071784919371
11039221,11.455827189846163
11039478,13.540196137390751
11039689,0.8209276698995158
11040114,0.21917865592028363
11040513,1.3622992994726408
11041690,22.20147390841101
11043453,6.402557197272294
11043651,0.2371058982781384
11043804,2.5674659114883367
11044169,0.45968856255661994
11044229,0.130120308712673
11044326,16.977653405056728
11044369,5.808964734751919
11044383,1.2055023132694824
11044397,5.659740410232196
11044578,25.517198713528334
11045609,21.377612887187855
11045683,5.568533964931461
11045981,0.09130234682193784
11046564,11.501416019253618
11046590,6.006944507508627
11046598,66.07010651769605
11046693,34.25717432543387
11046801,20.025992174871796
11046858,11.885684227195885
11046927,27.18391767618958
11046995,0.18758952117942493
11047173,43.87096629896794
11047193,0.3755867230972914
11047353,4.349098575452343
11048669,69.83804082768809
11053833,11.343675780480917
11056821,1.7427875625871998
11057141,0.4470502238428872
11057184,15.485882364708944
11057942,10.091087559288656
11058643,0.5753708036650189
11058935,3.780660434011344
11059197,0.5953521894010959
11059952,70.71981418685318
11060328,48.20118909997617
11060380,0.7291812271444181
11060513,0.339580069282849
11061063,0.7578580268701091
11061197,6.05491672527039
11061511,37.919206497334805
11062031,0.8643352970311247
11062629,0.20381222312056965
11062697,1.1375128516152597
11062704,4.243416660772762
11063065,0.2006768193525532
11063451,1.6047742516889492
11063535,0.1726194967931553
11063671,0.2469878695346768
11064012,18.6502257811689
11064671,19.67432266588933
11064777,0.10232393090320609
11065571,0.21020083186328495
11065633,0.6671394641578798
11065965,16.747942348708033
11067629,0.3002079493976291
11068187,2.145704495834275
11068630,1.76428940171693
11069031,16.651814498516718
11069102,29.052925269794176
11069164,6.912285177117533
11069291,0.3053072697363187
11069663,0.3996319532982029
11070137,64.17769316472759
11070633,0.5634834928021842
11070795,9.474190406438119
11071503,0.5286866925973873
11072683,10.670732809521091
11077282,35.35832101615661
11078285,0.08394131735308914
11078388,0.280283576306691
11078640,0.15901765061014625
11078859,1.1990046070405551
11079022,38.258516440559774
11079478,0.9847814351619354
11079731,45.6083384536654
11081261,10.919524060044601
11081447,2.948415912665066
11081671,0.17345072128899247
11082443,26.466958932664618
11082830,0.22732140493653621
11083755,41.039787105365214
11084143,62.30057938951097
11084436,58.15081563878645
11084965,4.280167023028762
11084990,2.11000532160003
11085012,20.774664967306265
11085352,0.1555820228960654
11085397,0.08493156484819923
11086379,0.13567801850466024
11086720,73.5897187042918
11086972,10.991031496411898
11088381,16.93006549440146
11089123,18.81239779841775
11089290,1.7952316129044723
11089397,35.5692028483466
11091488,1.8798233399331865
11091565,4.138335058658186
11091711,2.0147253015164805
11095719,54.255438021150745
11095796,11.918049298085188
11096034,4.528764203277791
11096605,30.167292656989577
11098152,9.450015513844063
11098335,28.800806899827048
11098551,15.673289232776419
11098587,19.856781896181857
11098829,13.663461958062951
11099089,12.057391326862877
11099853,5.106531859746271
11100352,1.3071559639544523
11100490,62.87134118598669
11100541,61.22919198062351
11100996,0.36031953947170964
11101525,3.3269590735086485
11101926,52.801388484527905
11102164,0.1843457817166051
11102712,1.9574837094354989
11102976,0.20882655455703145
11105182,0.7677617289277123
11105331,1.935184397758784
11105457,44.892776340631244
11105533,12.32008234608319
11105968,6.342635383866169
11106206,1.8141676495362542
11111303,68.42068026122989
11113333,2.817365006718741
11113554,0.6647450931352957
11115324,0.2681444900719052
11115426,18.555469356465302
11116289,0.9560816488455025
11117800,0.347587667186443
11117896,1.7896494993984475
11118404,4.498528536046209
11118437,14.670565905999467
11118670,0.20217110739160266
11120851,22.31225797026306
11121029,56.762283787027634
11122003,66.02100662482381
11122042,43.67651268053457
11122822,20.086354417394443
11123276,5.902665682806913
11123735,32.67899524182819
11124058,0.3970218405055402
11124422,0.22743794080471455
11124613,27.943448864715787
11124655,56.08937916953166
11124862,2.9916526014218636
11124954,0.6618888277561
11125166,75.86922591948927
11125209,75.26974355711043
11125724,7.0699276814502605
11125894,0.22913289584121066
11126103,0.9504633182199766
11126226,0.39468082971006957
11126621,8.628201499695711
11126759,19.28455172962696
11126767,0.35726357806863446
11126883,8.58889922713768
11129145,0.2607108489112962
11131304,21.78653836290442
11132775,0.18082611839283602
11134972,1.5211876682706302
11135512,7.699465882118522
11136050,0.22091173614631418
11136924,0.6684424934284433
11136996,1.6421663920356417
11137712,0.34433923009157835
11137758,44.590866446480135
11137966,0.47234806688521513
11137993,0.12193423010521141
11138618,0.4215149241441645
11138823,69.19187862226278
11138901,0.09027039916269294
11138910,6.730533411389266
11139180,1.1794895902121278
11139968,27.35452235071665
11140165,19.76571059670752
11140302,74.69278829930322
11141939,9.821227453149914
11142154,8.896470688623987
11143122,18.672882404573357
11143222,1.4795345615883508
11143462,67.06348996895937
11143545,0.20442927847025688
11143891,1.4013579619575456
11144011,0.08358532113235607
11144409,0.5215731233194931
11144496,0.21679372545822376
11144544,12.666519832370586
11144715,54.92901351775958
11144797,17.303469744559912
11145222,7.95632283347582
11145523,0.18252201820509625
11145689,0.1898261614640919
11145913,19.02869354967668
11146017,17.529359419185806
11146432,78.05141716613616
11146488,1.317027658226896
11146502,0.2002573583532797
11147172,1.8940889213329113
11147693,0.26785044896904914
11147823,0.2841236101186546
11147918,1.8182306818266054
11148320,4.111276238031166
11148342,18.83108935105072
11148433,0.9206219038214248
11148990,14.173587100221443
11149221,43.29651522296057
11151100,5.733844536217302
11151103,14.26447416384376
11153891,1.4426221522701717
11153996,0.6506631258639763
11155963,6.31451876266559
11156427,17.32363025064821
11158544,1.021897466723637
11159093,20.162461879384836
11159400,2.525945332763382
11159720,0.30464359426595444
11159859,5.455381985248376
11160167,23.558499847005283
11160700,4.075776712684637
11160734,1.1322188274394156
11161067,19.9425313091453
11161207,0.747372679071987
11161660,77.85778140823345
11161908,15.018283571300175
11162192,0.24286884582329027
11162475,28.11998570918657
11162591,0.4181038806858255
11162906,0.1883498504208565
11162977,18.440083007795955
11163043,0.2916505447236878
11163136,0.5914574223731336
11163491,7.7486022961971575
11164047,14.77731173839308
11164714,60.287499448426466
11164743,0.12007737281795697
11164967,11.797914086266209
11165063,0.9817325582002888
11165126,58.12337857068008
11165328,4.804374673401478
11166113,59.04075348253798
11167085,0.8886876650427781
11167183,1.826709757043737
11167381,42.09277559432071
11167618,18.95388786172727
11168007,0.33485518158428945
11168411,0.23910787128672642
11168514,0.24402746109398518
11168825,36.29219086271226
11169660,3.1652142712113336
11169926,0.6833905895565654
11170165,38.413838216821645
11170320,0.28241460542207236
11170672,9.974543792730648
11175261,19.680912311907832
11175685,59.77801355794091
11176944,5.8230388060333835
11177192,0.389874429999933
11177205,0.17735976862426361
11177756,9.539243945522118
11177837,63.14380292874205
11178582,17.25501265685289
11179088,0.4385452715440192
11179160,0.1801647679918079
11179453,0.6088421261224303
11180110,2.841696548868533
11180903,16.59497234080712
11181379,0.09891466888095801
11181405,57.952220221878974
11181948,0.7368218067729669
11182179,1.2316747069090368
11182302,35.243758970607274
11182804,39.59914306016641
11182862,0.44274041742096226
11182867,49.80022606719189
11183391,43.42476100957508
11183669,0.5600465035420048
11183868,20.605753341618676
11183878,23.043249908888285
11183989,0.0812359760639747
11184440,0.1624634054595237
11185068,3.3646692402964384
11185197,0.3161488365058268
11185707,0.08141730066896681
11185729,31.103347049024002
11185849,0.938172606497509
11185993,1.6586648631648204
11187424,67.32924711450573
11187722,26.75809359313777
11189017,0.53429199123409
11190071,1.0095054293397039
11190248,66.21124853790295
11190303,0.14594887203021328
11190306,0.08106642662253497
11190497,27.969194725814596
11190511,11.055882380135246
11190515,0.14858908072372004
11190519,18.456534531928245
11190604,1.1620450134190448
11190698,61.14535105462427
11190701,0.22131875728331715
11190831,50.44111491084536
11191242,58.832364968440885
11191459,2.7961995662065564
11191474,2.523355009371494
11191763,0.2860245962886495
11191899,0.24611180929926615
11191992,1.6307743898104883
11192139,0.30598662544979205
11192178,2.6660495612529633
11192257,21.91180527099406
11192516,8.002508650791087
11192586,0.2841299189203704
11194693,75.44075059779644
11199636,1.9400941382552321
11200375,15.882556677156634
11201486,1.0120605467561858
11201676,69.08996056318344
11201707,0.8175176961806578
11202061,0.8322886142457371
11202399,2.3741875599321847
11202569,34.97236171861232
11202649,34.630917709831195
11202870,42.08131537299014
11203313,0.2758104810755537
11204732,1.8063777199110331
11205241,0.48757331694535905
11205265,5.415196020643601
11205447,5.224078162155462
11205980,0.6862339897998166
11206340,11.43017999178949
11206364,4.161855000991016
11206528,5.037415762843232
11206920,11.029539397474498
11207036,27.221230017954937
11207101,16.668764662888986
11207181,0.1305289669960858
11207238,0.07947921538428236
11207722,1.4269494545426156
11208218,2.7869716591079268
11208635,0.09870978502664125
11208720,0.2487091541173449
11209647,7.721075948108533
11209798,60.328623684946486
11210604,16.071929852397346
11210913,0.5631983321897287
11211310,0.25252848547077533
11211589,9.811378435703912
11211612,0.21360503417426363
11211665,0.20368365316107598
11211669,0.9433883384758075
11211865,3.0730111519590313
11211985,0.5260003973387881
11212177,13.18483619288527
11212449,59.904770614721194
11213730,1.1453697112383054
11214883,15.479491324762757
11215771,0.5476684720893034
11216394,0.08766364122513907
11216492,1.6283505257729767
11216918,5.407047909665997
11217893,0.24612899776790026
11218116,1.237377810232283
11218246,2.5037323750970484
11219929,32.634655913953495
11220997,0.6269607323212153
11221125,36.55759664509132
11221362,0.18132217120691901
11221482,2.544723794958378
11221821,35.82613289105802
11221835,21.90382918671912
11222408,18.4717705201864
11222927,0.15200412595527577
11222933,34.326168133393445
11223389,52.09913643818292
11223800,1.4044329356126104
11223995,11.128001495212255
11224460,0.0837006940544545
11224970,2.1661801992982945
11225219,9.180144420731812
11225591,5.6245557008570914
11225819,0.4758550583320449
11225849,0.19390096384556788
11226397,13.17237673025194
11226985,0.6869208739362224
11227489,37.40245033450325
11227558,75.35526308607355
11227612,0.5587923131764204
11227620,6.242518761431899
11228416,0.26932562000873217
11228502,1.8115388119197078
11228512,0.4601400225242905
11228726,0.6428680893705974
11229663,16.219148451633234
11234656,5.248620706486934
11235102,0.25932998022502296
11235370,2.173854700038416
11235824,64.68049942359194
11236956,0.23247253184814173
11237554,0.0799765070571515
11237750,0.8168314957691954
11238039,0.08298352547503883
11238591,1.2215557845478777
11238744,20.450918032707303
11238936,3.179312558193791
11239248,45.358598378984475
11239295,3.371224629426132
11239332,7.241983584394876
11239716,3.9116682350916165
11240074,0.1616825962050538
11240470,1.8435724176588824
11240749,1.2700955183734042
11240758,0.12688572492801797
11241043,0.6535407715077822
11241381,2.034911458323774
11241637,0.334097406960667
11241794,4.9152722603134125
11242039,4.71020021133066
11242292,0.0809222975268155
11242310,0.720073284129054
11242469,0.3518782869802192
11242777,61.39033011611626
11243434,71.79109237008471
11243444,65.77485346677001
11243621,7.394280967599436
11244622,43.93577919726307
11244946,0.7132058569571382
11249069,0.14048651698149017
11250755,3.088988538163758
11251296,71.98324319584171
11251308,52.264730384913356
11251511,0.7282950564186803
11252576,0.11833612480010278
11253076,1.484799703379049
11253351,0.14173654581028122
11253929,77.50519290176106
11254338,0.2650933841326678
11254551,0.9818709699115837
11254989,18.347037319227777
11255088,0.8507461152432204
11255157,80.27623038424062
11255694,36.33276047687365
11256539,0.24193363049898708
11257441,8.627828004417886
11257497,0.5684531690709128
11258093,0.2503402053434349
11258391,7.868568040508542
11258564,16.847240719508722
11258581,11.330998598068367
11259306,19.211594359396656
11259376,0.49253208570197266
11259488,1.0250014464830706
11259989,0.1624720873359557
11260360,0.09686368777695943
11260417,0.9675135910438386
11260657,1.8988525575232353
11261409,1.8190687225185598
11261571,0.08524739217851207
11261600,15.427469839975618
11261753,0.09434264852104363
11261870,36.07798763340693
11262072,0.4248332805836855
11267601,3.669104911446821
11270724,12.17822218424283
11270782,0.6633159651655492
11271818,1.548931695390874
11272475,0.9920253514233027
11274554,11.857681150799639
11274685,2.5643691245920803
11274790,0.33197783872256603
11275850,1.0857496061161378
11275898,8.672558119906611
11276353,45.98981304416866
11276602,76.35038554965519
11276876,0.39252819905129055
11276915,1.0430754392178754
11277343,1.0247524782721784
11277765,1.2598501288740296
11277955,0.28780747504371884
11278290,0.8337298726756058
11278868,7.22427402289459
11278993,78.62100328008947
11279405,0.16391929973283004
11279652,0.126641022049807
11279820,0.22788287735973303
11279847,19.553940837478493
11280089,76.96334422497254
11280391,35.03846170903397
11280429,0.40548078489259787
11280492,0.9670743696577577
11280583,32.83961386361216
11280866,56.75516552632275
11281365,75.28895437252262
11281393,71.0750727529018
11281913,0.28533287281377584
11282325,35.49674346364311
11283088,0.2271243349335583
11283535,0.20305964389362055
11284186,4.644567789579364
11284626,0.2275546616650238
11291158,0.3964573254340188
11291559,23.928992393074797
11292217,0.2518657446100984
11292338,70.53116565379689
11292496,1.4085487773459249
11292970,0.12181567404526385
11293006,17.13610203407809
11293662,0.16064336841226734
11293767,0.651130819031309
11293937,40.45998999829823
11294494,1.6588608835912537
11294538,1.4363814503928158
11294902,0.08403006392671024
11295457,0.3244332006138625
11295630,0.44235659154262674
11296409,30.1436437874677
11296590,2.924713170062406
11297941,16.236954071987935
11298162,69.00820937825641
11298300,0.9481354564968214
11298511,0.18624259859025102
11298615,1.6867722532097937
11298718,0.5810613105719085
11298867,0.08043091424435884
11298955,3.8316811952937853
11299099,2.3908832814244345
11299717,0.22898920296557945
11299824,69.9413161318879
11300198,0.6785648726724084
11300414,0.7535543052911096
11301286,1.0226083172181253
11301359,3.837919073200278
11302298,0.16928132783795033
11302389,0.10112187074143533
11302521,0.853260603660623
11302886,35.45314613872839
11302971,0.1557634624120011
11303015,0.17677222981492852
11303236,0.08121470679654436
11303306,2.4398640895170773
11303478,0.1017033741826785
11303624,19.4829313030046
11303818,0.12209261124202012
11303934,70.28177418103235
11304069,27.011584705111616
11304325,9.972404613255174
11304805,11.827395742315575
11305815,23.116315118601285
11306483,0.1630993537993764
11314451,21.94779068210278
11314756,9.83099930897333
11315042,0.15551072501695956
11315425,0.5573632246015892
11315578,44.85791471257115
11315644,63.59358058060996
11315999,74.82057264829807
11316411,3.476849689098097
11316674,2.3109461800493554
11317742,5.483434954188879
11317816,0.3942820352677315
11319105,64.82788754221393
11319762,43.35622963691438
11319858,0.1819665135641609
11320246,27.584055209666683
11320849,54.96157848810568
11321005,1.7230634802110252
11321410,3.604986564395166
11321484,0.1776671969065756
11322077,14.719728544549541
11322263,0.11243303235163468
11322323,0.8198337778638453
11322391,6.9460236459064175
11322591,12.604360500143162
11323007,1.7570060399051082
11323397,67.3247091588391
11323433,62.130176044548634
11323444,46.97334783321944
11323476,0.33601328657009233
11323526,42.87860501014271
11323529,46.70757827454506
11323545,0.682774455328067
11323583,42.73224621989846
11323609,62.0582453043731
11323801,25.726861453176628
11323922,0.2725871706405682
11324173,69.1922685893512
11324200,2.475256155264557
11325050,32.124555699200954
11325485,4.556245967635492
11325499,0.09157802686589091
11325635,62.1485404531416
11325656,1.8452994848920945
11325695,10.88868013119434
11325775,12.208126100011354
11325941,3.860249356649196
11326009,12.473136866115444
11326272,22.030700942730366
11326908,0.3470142393848728
11328979,12.570076460207726
11333478,17.90000896289322
11334476,47.23612449930608
11335160,2.605900191482676
11335302,9.053304912520467
11335747,53.42752556093778
11335931,32.5529516377404
11338624,0.25534001735759393
11338807,15.687717619391078
11338848,6.878766811264009
11339046,5.651379237644471
11339377,1.2413669575958242
11339876,1.358945879848729
11340424,0.707514643453535
11340542,0.08513634737492447
11340781,29.648042371315576
11340871,0.1856059325350812
11340884,13.291401795072726
11341650,0.14807720843018507
11341723,0.2397145435922449
11342027,0.24156114194311581
11342626,0.3104094565401829
11343196,44.11114820355826
11343331,17.124503521037923
11343728,6.203478729378495
11343779,4.902444111895019
11344102,26.35172514525213
11344203,0.1489755789026358
11344745,0.4022971834304777
11344750,66.89210092342755
11344902,14.56053607562256
11345083,0.9455462647067032
11345116,0.5975451277129624
11345723,0.22544598131510948
11346699,0.6083554519981367
11347963,0.6232832279646875
11351798,11.89050830269729
11352165,0.2608431012134223
11352494,35.84651293956851
11353310,2.052527931538888
11353885,0.6873923310172657
11354002,1.5094017911376205
11354781,0.7167364101190382
11355823,29.18036427920349
11355871,0.16157060781374827
11356941,37.95541152612132
11357052,0.21552887422151956
11357182,16.615817895735088
11357237,31.962073093115368
11357269,64.19238734408569
11357606,1.6921379508604821
11357735,23.570056083348305
11357801,58.7429020724878
11359026,0.6592904601357742
11359610,14.554388194483321
11359701,0.29463321705683015
11360407,16.521226409609852
11360854,11.852056409011622
11361106,67.06675873688212
11361320,0.872220543109401
11361471,18.54629977358764
11361502,0.7636342139469248
11361791,0.43109649665382066
11362029,8.898872285492565
11362387,65.46858536127266
11362414,3.3134417327090016
11362506,0.3261124766700297
11362675,0.13634668325042648
11363037,13.004992609301741
11363459,19.987414391996303
11363537,0.08201509992199538
11367687,0.27390456425573384
11368277,1.3760981343350775
11369211,10.160795603863221
11369889,13.669311471972826
11370129,9.633526345331088
11370914,5.256898475278107
11371510,2.385008048296211
11371773,7.031115939942705
11371974,0.7555471902941385
11372088,1.3232896457583203
11372929,0.14293393780371413
11373637,0.2983977345894627
11373899,4.888728180552294
11374189,3.772187658745934
11374317,35.32527695834855
11374387,9.117743733501976
11374404,2.882714487536152
11374453,11.262440985328679
11374542,0.7947776923153511
11375128,0.12011864314387971
11375235,0.41669711486331157
11375733,0.1831756926761668
11375875,1.0021720234817506
11375909,4.4129856203263484
11376516,71.79357162272754
11376684,60.262082062947535
11376730,29.496196567123828
11377233,26.991779771407437
11377308,1.0993726866462024
11377582,44.35635474213056
11377665,32.84507090216769
11377777,1.0724695080192126
11377966,0.0992469905255245
11378048,9.591501566154864
11378146,14.051628393413065
11378821,7.446462148376374
11378856,1.447370371183496
11379331,2.638011112787453
11379978,0.31542359203873893
11380176,6.144162548546388
11381288,16.0437568286419
11387191,73.42376421487154
11387473,0.6086577578200448
11387731,4.793725084921068
11387925,0.24422469846281522
11389328,0.7634459638669843
11390263,0.09466927269912215
11390265,0.14060562117356637
11390786,10.48611408594356
11391101,9.759719289539953
11391284,24.58493344074143
11391457,27.100481731986097
11391476,0.14635445198820465
11391541,6.892923846306927
11391713,2.2848474437404485
11391811,0.42758826173699543
11391863,23.700743978318954
11391896,0.4640489865145532
11393199,57.19076370280059
11393822,0.7845539530769
11394189,37.481256576747604
11394389,35.870085441858635
11394722,0.11741186875432204
11394906,6.190158240048357
11395511,31.935176085666363
11395752,0.5310980967613569
11396083,36.66296551304064
11396198,19.97300149467492
11396906,26.561259787809366
11396922,6.8228683829160905
11396943,0.36855452632974434
11396957,1.9204795828208279
11397010,0.21943231840777946
11397187,53.16035906544277
11398266,0.9764391796073992
11398939,0.14612772146468023
11399642,3.0413643541969364
11400001,33.92573765420371
11400460,39.09006482900565
11405149,3.609024469675634
11406174,1.793474066893417
11406761,8.196649797010892
11406814,0.12456634065347416
11407817,0.15835873928776076
11407839,45.123116182742834
11408491,0.08907309644504492
11409352,7.650107445003057
11410116,78.94580306532185
11410580,0.5354093592555021
11411111,4.50382496315881
11411552,0.35634152911963757
11411760,18.44860745231331
11411839,22.25690217516669
11412104,41.384704130316
11412169,1.6650825701752223
11413034,22.864692925885155
11413562,1.2924071119714746
11413728,0.4327833681734163
11414531,75.86875327143593
11415685,0.18548232978463206
11415772,33.000596139487726
11416121,0.08363390926344638
11416321,11.901677992679499
11416953,14.921355897315545
11417214,2.068072153439771
11417447,25.202343100251078
11417923,31.52037162935668
11417985,1.6261007398738738
11418784,1.593170656930309
11418938,71.8721151523391
11419133,0.17136790769231386
11419305,5.09388238361865
11419407,27.06963710125282
11419481,0.1697336973926289
11419565,0.19917880098511315
11419801,0.6962294549552316
11420657,0.8541485644033867
11420814,10.992477136405611
11420840,38.758883817598445
11421292,75.85245739508228
11421345,38.76858566709365
11421477,30.097775435802195
11421502,16.273706168228227
11421608,45.062372841815275
11421679,0.2145459444495154
11421969,41.09117073295776
11421994,68.83870581728672
11422056,71.65042478929367
11422256,2.2111415701330888
11422359,12.73300708468141
11422779,18.48847527955228
11422825,2.3043618347656265
11423050,2.6252080563788764
11423260,0.4561605982713129
11423400,0.3437361000382999
11426779,0.7531176638905476
11427854,5.703038328944232
11428129,0.34656464019289784
11430572,63.8016021240209
11431669,0.10590505754385642
11432120,62.125213391237935
11432431,9.368268330668766
11433851,0.29246060490808706
11433954,0.9055437365415004
11434047,0.2838497234186434
11434565,1.3919090110957393
11434934,33.190667519106036
11434982,11.914715343340752
11435373,72.17419708165946
11435419,0.9827222830198112
11435529,0.4190232365360187
11435841,70.23013799054597
11436132,37.5771961104612
11436982,0.5313047734314483
11437323,12.258889173674051
11438045,9.63461277575369
11438561,27.300683939099603
11438999,0.15516882519216382
11439208,5.872697862809121
11440004,0.6557849463456451
11440243,0.12665100624179185
11440548,10.367075531389933
11440798,20.490683053384544
11441130,0.47910322335888883
11441138,48.32425047449351
11441293,16.99891155297718
11441498,0.3874185279906691
11442376,1.0598436041306274
11442670,4.057437358231161
11442701,0.3368879478171556
11443028,0.1612438811714156
11443205,14.544921357591578
11443421,23.085896631755137
11443837,0.26821520676189853
11444224,28.668992196375928
11446915,13.96144978107519
11447448,30.993574794019377
11447550,43.069546558802415
11447572,23.50250285171894
11448534,0.5009952940149164
11449801,1.0016656224146425
11450241,0.3715777876654939
11450458,16.94115901330515
11450791,0.3655946133045693
11451597,60.177215764334555
11452958,0.3331513806468292
11453557,0.26361063425391607
11453815,0.2665758007846234
11455062,4.240811513662995
11455267,1.9089417281599699
11455351,3.2787022469076756
11455873,29.5121212849701
11456014,2.846078022094242
11456047,1.5097411154634572
11456088,0.6846105646536357
11456179,0.08367631586216268
11456753,6.165611400165405
11457332,32.07212809769196
11457547,51.93892071370867
11457577,1.4958563773887692
11457693,0.3710279689152184
11457714,0.22016477498236078
11458219,20.021044457451584
11458475,1.225896758139168
11458516,8.119167889277763
11459084,17.386860486278007
11459099,0.24936372419825695
11459958,59.55941393188437
11460617,8.382616788699616
11460773,43.97424155593724
11460933,7.7613487244839146
11461331,11.754690196213728
11461509,2.745959714087931
11461813,31.232038256858946
11461918,0.10382993896629783
11461980,1.4410013252240979
11462136,68.31555594796126
11462148,0.13689465914146906
11462241,0.5085031688086493
11462440,0.17889531795868405
11462446,20.121920195906007
11462720,74.71914291881745
11462828,0.7757194075207916
11462836,5.9132433574825445
11463363,7.938735076754376
11464188,0.14972090121285403
11470197,0.1570054615632973
11470210,65.0268633202302
11470530,24.917574339632303
11471104,4.693199378887026
11471120,18.485706183950338
11471575,2.024036314689015
11472013,0.3932042501820705
11472060,0.13355517293647015
11472593,6.823404834465271
11473571,9.742000798137093
11474206,0.5223174225121361
11474440,0.15563574021107215
11474496,0.42257552674252913
11474664,67.51299443602305
11474958,34.94802404648052
11475174,0.14126726673802406
11475664,1.1088193609816772
11475777,0.2180851000576927
11475963,72.12492874264252
11476271,5.351058770401857
11476912,5.557782715839094
11476971,0.32433486709215914
11477187,21.178118336525763
11477203,67.92665042513451
11477302,6.302607947965041
11478453,3.1128805325747924
11479296,12.43724510342634
11479550,5.450013279244157
11480726,6.109176204361
11480835,0.16538669156444366
11481357,0.31241453912641
11481544,10.681064130849057
11481548,36.51559650767044
11481656,38.30662570230382
11481723,2.588029234140351
11481822,3.189167582099932
11483117,8.318611535876784
11483376,41.8750799963425
11486357,4.246600313695306
11487102,0.5758780622241265
11488475,24.068607560087873
11489613,6.501313155955841
11490330,0.9999508832612896
11491051,0.37289617666681923
11491092,6.117331239863411
11492508,24.169879652847328
11494114,26.251778719680715
11494226,0.23266716140052796
11494510,0.08442312775554457
11495048,4.504637798583592
11495797,15.691632449966837
11496387,0.082745465097658
11496584,17.63978229820713
11496607,61.49001792109471
11496968,59.72724469535202
11497341,52.319600225352374
11497449,24.455462413538495
11497469,0.8763291941144673
11497474,11.718100698937503
11497677,0.08097885158498384
11497760,0.30899513974923964
11497795,2.545221607342851
11497826,21.310602477295475
11497855,3.304698223505059
11497883,0.7398826723186381
11497938,25.71086372786348
11497996,0.08604026057988333
11498017,9.662869842653164
11499224,9.969829505817707
11499514,0.08934605495276474
11502010,12.71406195622351
11505351,0.180787966478868
11506248,12.449475454296634
11506960,0.15336783232937967
11507286,1.8498402257132094
11507817,54.274647028612335
11507900,0.732017055283474
11508105,22.699680506614147
11508499,24.03796761127863
11508642,68.74644872443974
11509497,3.2911402485531562
11510417,26.878936231062497
11510483,48.89352967866384
11510524,1.704837835952456
11510624,0.2520830303624104
11511154,6.442392722395189
11511197,9.88773300099345
11511431,41.64894257476555
11511507,11.228813696365117
11511592,10.31780842072501
11511603,55.64309980714497
11511643,6.452266366105826
11512267,0.11252545687743204
11512366,20.463637782450014
11512404,9.645899203539686
11512622,3.532143066951537
11513249,4.785398146830553
11514229,17.50642403923882
11514943,7.773967897172651
11517530,9.787611816043189
11518206,11.083629327562859
11518834,59.63368868080638
11519438,19.758728490220747
11521111,0.3968145904318712
11521447,65.07457281426244
11524437,10.812625315064746
11524783,5.120078386643973
11525495,3.29908180171681
11525851,0.568666789016427
11525940,0.9212380970424543
11526771,0.5714624710695199
11526816,0.0944793186913719
11527477,0.5064509612890195
11529467,4.435358804005282
11529598,48.38518389507599
11529701,38.399814137568434
11529770,5.331399032496818
11529778,74.1637458498257
11530592,3.610383739045441
11530668,14.603642254145349
11530851,72.63759080230922
11531130,0.5411943588452105
11531134,9.982174822891816
11531322,10.442107781407602
11531338,0.17743367907570454
11531356,0.11630202062276136
11531434,1.3897746081039652
11531570,0.2645915964372233
11531708,2.8168167424939226
11532045,17.984550010393818
11532391,0.2178907570394232
11532526,5.039543688796946
11532531,22.132244066262395
11533402,0.17348876899444213
11533501,63.63631728016823
11533760,11.736506350539292
11534035,51.373523238969824
11534543,5.241425485216851
11535351,66.65496237111478
11540867,16.863954800382086
11543031,0.5485485877089987
11543818,1.5007039492030678
11544234,0.1687034658069981
11544408,34.278942767202324
11544438,57.09117859488618
11544737,0.14594471452915847
11545979,16.87306541400681
11546021,39.91726719848285
11546119,14.651273416388078
11546336,2.3969950403661477
11546520,3.303707308552332
11547352,0.23434684663105657
11547379,35.53212406955111
11547400,19.412618755073268
11547596,0.16966250685506098
11547640,55.19913993068213
11547967,42.915530802452224
11548043,0.14502373776611346
11548429,11.767141756833034
11548744,9.079028282258694
11549061,1.2499321215040957
11549213,0.5176085460839435
11550670,29.82982488922192
11550967,3.5306834616647076
11551271,3.029807529292708
11552402,73.09256840861819
11552627,0.8501118885675573
11552651,18.676937387453613
11552717,7.0779229672199415
11552808,32.57585386553032
11552907,10.588553098231433
11553357,14.421441601466945
11553359,0.19864993002654374
11553403,32.17583164423928
11553451,0.4127976127763305
11553484,60.04071132129259
11553543,33.76806184257624
11553749,5.051331818538983
11553908,0.38779783490101255
11554076,0.4836564861204425
11554091,42.92487285937668
11554113,29.999646865369122
11554172,0.21469890321748228
11554224,0.19263853663683306
11554428,5.371530876874661
11554894,48.134297670240386
11554990,0.31490441454976503
11555360,3.0547737964830857
11555593,22.626783545499784
11555646,0.08270857779211971
11556043,0.3326626572582261
11556421,0.16826915398314757
11559698,7.019795487439479
11561228,12.28652985817546
11561251,55.10185808142529
11562827,0.2371207778958108
11563472,15.557567828650908
11563484,0.08444430518276974
11563582,0.09407042446140473
11564228,6.513952218224467
11564448,0.18717668043404118
11564742,26.743719494737828
11564960,0.3951021921464916
11565062,0.9979465277251917
11565272,2.974207918312593
11565394,1.6213348311970581
11565841,15.90443170344893
11565921,7.018310392768954
11566457,0.15280204825199747
11566577,44.17821296201604
11566601,0.15093469834780118
11567620,5.152822139320667
11567648,0.34226030089852844
11567964,3.046820898949165
11567978,76.76423530918207
11568026,4.58924496260104
11568039,0.13050396936248662
11568343,3.847477204661148
11568637,65.16799630964036
11568937,0.8984067936700734
11568987,76.48461574106182
11569226,63.09936126699238
11569354,2.4157906223624925
11569560,4.411157635304531
11569882,1.3516513770869865
11570121,1.6720861698042835
11570148,0.20757581850589196
11570191,0.4075946516127602
11570685,66.95478773597894
11571119,63.88285373688551
11571180,0.7652498951221056
11571416,57.39081298774357
11571525,20.108353365876454
11571619,0.12498184792777038
11571841,60.353594377199904
11572181,71.77678758957296
11572529,68.56529112426766
11572967,44.76203891562934
11573090,4.321993042162622
11573143,0.1330110185718599
11573155,11.762617158086757
11573249,0.14277202365520208
11573269,6.951668884097217
11573316,4.640302262842004
11573695,0.14295692196543883
11573939,15.32570335738899
11574057,0.24482198544657852
11574461,56.13673423361874
11574674,67.86026338311828
11574679,0.46703835632093355
11574785,45.34131091924665
11574884,38.07052127275819
11575767,41.746393547387385
11580884,0.1792744815559559
11581423,0.9446293086181632
11581475,0.1419199650359895
11582733,18.759835439313104
11582842,2.926638231133865
11583591,64.06997078199515
11583798,15.596729869979761
11584182,6.765685677208783
11584344,29.38039958363821
11584535,39.614381646794435
11584823,0.2938078540395506
11585072,0.9591721435682038
11585163,14.29730803362376
11585636,39.12180235821268
11585740,9.418636063710075
11585873,0.7970046702187931
11586599,0.31417635575371716
11587722,31.014951767754155
11587779,4.033477520169333
11587800,1.6297531051527212
11588003,0.23362635507306537
11588098,0.9509874754617192
11588250,76.96146842062528
11588364,0.09056782572891815
11588746,1.964372259329404
11589448,14.212672171745632
11589713,0.13795839336491295
11589772,8.888281523456374
11589822,11.299372730880997
11590013,5.171722082885269
11590585,5.063066170311137
11590855,0.18165666918179416
11591118,2.8883968539230267
11591141,0.20822456800402533
11591276,2.190611706188657
11591283,40.28275158842254
11591497,0.36848104991949415
11591546,67.41836428266461
11591700,30.342968379431184
11591798,69.95963213943703
11591840,74.3098941474707
11591921,28.269492626335115
11591983,0.7415304909375895
11592367,14.447702874023653
11592831,58.19219138942294
11592893,0.32110298518561997
11593012,47.354722161187695
11593187,55.134938555745556
11593290,0.10538081890370726
11593514,0.3903752704479894
11593690,20.713013900340098
11593727,64.2746890412701
11594063,8.387987177555445
11595466,18.80557705009385
11597942,1.4290424495610128
11598370,0.12196644365068782
11598905,0.3359918518497702
11600477,0.23807943557643033
11601086,0.2927481941068901
11601567,3.2342126989255187
11601634,29.59083486312907
11601695,17.950011111709895
11602485,0.145230100454628
11602574,7.855283722062546
11603201,5.56727090615157
11603328,0.08055859673794558
11603588,67.97892604663814
11603613,0.4439807172017845
11603642,1.667877016851026
11603903,15.477723557124321
11605696,37.9732399214528
11605983,12.819011605033936
11606320,0.33126623088922624
11606898,22.87985595948322
11607591,12.341952307434259
11607729,60.39214485104611
11607764,0.32985733695727826
11608343,28.148083235108285
11608528,0.1599331547628566
11608984,0.10210021737507256
11610197,0.26943884239561805
11610260,22.48973456837523
11610570,1.5145801028811137
11610853,3.1460273610654643
11611063,1.9587909458621573
11611213,65.59443067935476
11611273,1.0108983301766283
11611809,0.4790749680328528
11611999,34.48719861199116
11616521,0.30991468183210863
11616592,66.33970564513807
11617720,8.021376723962987
11617815,42.99917517853545
11617817,0.10130279888187468
11618854,44.481365478420486
11619028,0.12104919185373136
11619103,30.068262714959815
11619278,35.630286206270334
11619483,1.0745230152586354
11619832,52.88282659296142
11620137,35.053080163143335
11620335,0.8371835061309277
11620541,8.19524420486511
11620688,20.300738651530235
11620706,5.618529957636382
11620931,2.4832023432768997
11621452,76.0267691180832
11622588,1.0396319374105472
11622703,29.267525380237377
11623281,20.04802875760782
11623480,0.23271440930822496
11624287,49.20214208428199
11624657,11.447960621726374
11624694,75.97487792458406
11624922,0.08566025343895989
11625244,70.70666606399314
11625274,13.492035755076584
11625684,65.17322016711039
11625822,2.8671456256376873
11625980,6.808215876150486
11626139,56.82469752159743
11626620,0.16121639032158522
11626697,0.9515187871469588
11627479,13.273906253747317
11630834,0.26746790557535555
11631639,1.5396988928707864
11632742,0.5021408254288668
11633183,6.9944771408716875
11633413,9.404212806456847
11633999,21.52792896965481
11634140,66.55833169129869
11634797,8.869826041776928
11635265,0.12451666880870105
11635505,17.422228842642458
11635760,9.655809975265985
11635764,0.40312530784838585
11635791,9.295200404223143
11636784,47.58485092452096
11637131,1.0215581586198217
11637245,0.20474964288079195
11637669,54.01172402713068
11637733,10.589554252352022
11638070,19.18987507465463
11638187,0.6904365100358828
11638339,0.14882333892737773
11638534,4.312974191359441
11638577,73.59941295700021
11638693,8.390100675438624
11638727,6.090845197720222
11639109,0.3497517397817391
11639708,2.6000081065981964
11639754,0.6034905156103282
11639940,6.456243361530476
11640318,0.9638895624321915
11640637,13.812747209107352
11640682,0.18752331897819308
11640800,6.363284622030363
11640894,1.8104099965478198
11640978,0.0813498107906927
11641041,72.00193621484138
11641222,0.32679893907239926
11641258,15.823146601243739
11641273,0.4014811826150778
11641793,0.2728173603989208
11642165,1.0510045700158779
11642198,66.17075675930766
11642973,0.09842724114066163
11643472,26.75506208990429
11643809,0.9515522309827271
11646243,42.517134617913946
11646875,27.024348734866408
11647383,7.953401136498649
11647490,4.00404179643378
11647618,65.0937467600294
11647648,55.947811321166085
11647692,65.82689787074845
11647799,0.24512399272695085
11648163,63.23566024028153
11648365,0.1610250705116727
11649096,40.60037987696721
11649217,2.9256147187460413
11649561,2.8267656555241634
11649885,1.9448110504553187
11649961,5.545938301213526
11650429,29.211902192529493
11650504,0.9922789249142262
11650735,0.3237857210484352
11651142,25.11286093337049
11651505,73.30803356148387
11651528,0.2465332050603246
11651929,7.779312564028048
11652232,66.4712944670746
11652262,7.807083110475649
11652282,0.0812309171640998
11652590,5.95514412195238
11652843,0.7802095785346356
11654370,5.644809588706748
11654372,0.7577325900230489
11654477,0.32272262776354826
11655500,19.247089522315644
11656227,0.2424506077839525
11656367,0.9921198825619609
11656393,14.705437544842274
11656567,0.15321786356582018
11656721,3.2185019008296596
11657101,28.2034410445043
11657418,20.422367126689
11657426,2.0299354556132188
11657520,27.728809780823127
11657552,8.202028633485407
11658232,7.48159042966783
11658358,10.466504194285676
11658372,0.10227215568982963
11658539,0.2048292554546403
11658608,0.6591387424921056
11658674,42.51375382883713
11658678,0.3071922671867152
11658855,1.2048511724881106
11658885,57.763943190532125
11658950,2.6121338283308577
11659175,62.42308352617246
11659180,41.24513161669247
11659218,0.725558539795458
11659296,28.632104602651907
11659603,5.827164781830176
11659676,56.67848901612781
11659792,5.182815922697417
11660835,2.8802386876661754
11661839,0.08111468029916857
11665165,5.808005109098935
11667127,8.034374572298395
11667455,0.9224955950205904
11667910,40.078414598064434
11669704,46.34823687769566
11669852,28.591755102759585
11669908,44.18101333497029
11670701,41.38829970482447
11672849,20.173776741019847
11672888,11.686509113838314
11673320,22.88899080933049
11673451,7.490255074281463
11673544,0.26581166961756675
11673719,68.02328127327868
11674081,20.817881081381422
11674858,9.192348037163987
11675156,2.690984258838723
11675341,22.96951293130419
11675540,5.003029777226527
11675634,12.2404251925645
11675715,64.57780823981697
11675817,9.96373268033898
11676726,2.8125247865161005
11676920,47.6366594039047
11676953,5.422572918599557
11676973,60.60852367400025
11677431,4.298452000139415
11677489,30.319914066522546
11677499,6.775796724844931
11678073,2.916498382036534
11678148,7.76807668151517
11678410,33.47243012470636
11678620,0.16921795124799197
11679032,74.50476726222497
11679128,42.52279877685393
11679758,1.9506276747015676
11681311,18.315553276662243
11685868,38.53887877819542
11687348,62.19415894011499
11687703,14.262479116947155
11688507,0.25752398446535196
11688806,8.714102769184187
11689494,51.44100938301548
11689603,17.42323153949486
11689818,9.638292364767246
11690405,0.24129317447943996
11690836,0.3313735595224337
11691154,27.030665617163276
11691166,15.04827197252552
11691284,7.104833262750181
11691402,37.195336524017804
11691825,39.648403218914716
11692436,11.053337649181772
11693165,0.6576800624618648
11693343,49.57167636681719
11694274,15.876162900827469
11694707,1.3163327012290458
11695028,2.0299454222350506
11695674,12.957680035448499
11696214,4.0746266065565715
11696852,0.5288537758052029
11697031,35.43282493177971
11697284,0.3997041100463795
11697324,0.3715706358396994
11698028,60.862922260695136
11698323,7.164678652338581
11698352,1.9514545479673537
11699131,1.9848264738883181
11699192,49.81646853375482
11699256,53.432595443838196
11699367,27.456099795836067
11699462,7.914168247434804
11700121,9.333992037129395
11700127,66.38291636374028
11701304,64.0700412519739
11701408,13.703061893380047
11702691,52.10726973327405
11707576,30.91549006076839
11708045,0.12626670095972325
11709747,47.23487276192767
11710235,3.5909126298558287
11710348,49.67669804962649
11710582,10.397506151579213
11711294,69.46128178878699
11711636,1.128414830993964
11711957,67.76489600320566
11712250,1.7234774308331058
11712318,74.37301230655221
11712388,0.31051108296373875
11712550,47.19840503091792
11712801,0.12187435844555652
11712888,0.29834612379404335
11712912,0.17330142563029688
11713533,0.139684148766541
11713627,73.82529026373332
11713659,0.14423911480502852
11713848,45.75752002908055
11714140,0.24264836877636003
11714323,40.96569295773205
11714524,45.729577190351364
11714956,12.766211729673161
11715723,4.655738054941491
11716677,17.519809689012966
11716947,8.662986323890578
11718329,2.6128604430052795
11718547,50.10048713777442
11719769,1.4386855204956237
11719771,1.0827094841365104
11719939,17.311091083206655
11720348,1.7849036408440064
11720909,74.18384817469685
11721748,6.013412662538115
11721959,2.920446041279925
11722329,6.066680254691258
11723385,8.715045483793423
11724036,12.422786522895176
11724873,68.59682065251504
11729955,2.5063219706318165
11730187,75.55484092875486
11730569,0.4186994320530302
11731412,7.743641789895371
11731896,0.1648374661046327
11732377,0.5480891638420472
11732851,41.57928457002576
11733119,0.22616111095603234
11733156,0.1730245422604419
11733179,0.6660233830274342
11733555,2.0554380646285106
11733721,21.311075611071722
11733833,6.344609842658383
11733844,2.5085153240650837
11736177,3.7675538383433627
11737524,71.49116286736128
11739399,8.327557101915515
11740742,37.361962067561684
11740802,67.88399299471114
11741711,11.546846781439504
11742244,7.423681380912124
11742329,1.6053906540660556
11742527,18.67923191340274
11742689,0.5717157294011083
11743257,20.886229164891436
11743278,66.49059612880097
11743826,2.1753526433444437
11744004,73.83667614400888
11749623,0.10881411986894807
11750599,2.1854396013874626
11751006,1.646767892761479
11751470,28.15156342786323
11751521,2.3518497676589463
11751916,0.4258659643090255
11751951,7.849684228554318
11753066,0.27338946318923124
11753199,20.013752913374255
11753237,1.7222875377424103
11753579,39.81542160441619
11753645,32.61969848803132
11754084,18.922247409934393
11754131,0.19814820790106666
11754563,0.24045735500537851
11754686,1.253818948971497
11755010,11.299052113473397
11755946,16.90997929031469
11756349,40.64520830169035
11757587,9.204658533938444
11757792,1.4829431471420924
11758562,44.834479832223465
11759044,0.3890624814660497
11759202,1.4952029836704743
11759457,16.156880042525394
11760186,33.27528065331829
11761002,66.92979601867152
11761373,11.497738943516813
11765880,0.37324887004185436
11766492,57.7276159622896
11766670,10.144096947132796
11767697,6.945127790433935
11768657,2.349450938782887
11768746,2.012096248348263
11768873,1.1392412580628475
11769396,6.303087157575272
11769983,9.105424665819882
11771293,0.3917844883094989
11771422,0.31056103198459956
11771515,17.04944506793904
11772890,0.6336143997086997
11774332,8.142538203311979
11774793,0.2833858318009395
11775342,2.080275652060296
11775483,62.63927626737261
11775601,0.45454294093652853
11775730,0.0972877131284926
11775838,9.98013485576604
11776117,2.4436739375843453
11776141,13.304798052487712
11776931,2.10166781021324
11777182,65.09338176261807
11777797,1.4221802564668984
11778465,7.024830570069097
11778570,0.39267937320331836
11784410,34.018421750037426
11784650,0.08144126304196372
11786452,0.5733191222166794
11786894,0.3882227707080936
11786930,18.489889916231004
11787014,21.872970742772107
11787290,9.943814580541911
11787813,2.1018684308192155
11788075,0.17231065970039955
11788542,4.209568755323191
11788559,24.069457244053176
11789014,13.699272099842
11789224,0.654479636762578
11789422,14.276725157717841
11789696,1.6773959704175883
11790536,60.43968364320821
11790749,1.2272006719716606
11791225,9.515012175734237
11791673,33.10804216083783
11791968,64.19857605004125
11793542,0.3269921053872057
11793601,7.872144071655366
11794695,1.1868301677517514
11795407,4.769920167352909
11795579,0.7259431262247276
11796068,23.609993586209605
11796761,13.39989824078649
11798095,0.17054080332305385
11798398,32.20683790299031
11798590,0.8845456028571443
11798782,11.166329952592125
11798956,8.395564939172814
11798983,1.3636399163452053
11799819,0.163211469723707
11800120,66.86484312408389
11800658,0.14766152560065512
11800723,3.7030210863988304
11800886,0.41500581610551857
11801018,23.42228866063275
11801105,0.15121219892671486
11801772,0.4543102824331615
11801825,0.15976838850792702
11802158,1.1371307149202088
11802367,50.959724057550154
11802539,1.3783527377276061
11804245,13.162868534188787
11804381,8.936750074829934
11804400,8.2445685150911
11807243,5.303627444244341
11808073,68.90470546628357
11811342,0.28708255104886016
11812076,68.55768170071637
11812649,59.845727300176435
11812819,36.99782372002237
11813229,0.5091493853227518
11813543,37.15648363563569
11813695,0.7367807887081804
11814079,50.131784292922546
11814184,0.44847849670991613
11815686,2.8433297378721973
11816370,16.545914230806435
11816814,28.05328418041297
11816864,25.68620258052682
11816944,0.18829809911923395
11817037,17.22293193181258
11817305,4.832808076856851
11818015,0.16337499689719004
11818137,75.20199410025454
11818197,10.106632625968382
11818542,72.26976419890589
11818728,47.25658548627279
11819422,2.7602119147342803
11820877,2.5088646415964866
11821119,1.1273623580518122
11821352,14.744576419199337
11821371,5.158098431003727
11821404,51.361940514730065
11821421,32.59189535176763
11821428,73.31204611518042
11822115,0.15476117891317318
11822193,0.5590004922434713
11824236,75.83316484059638
11824245,62.32834193715079
11824915,72.88803357615572
11825145,0.4369450628560425
11825529,68.29227208525113
11825702,0.28609259110349383
11825759,7.851620519876944
11825771,1.5235389998255797
11826123,0.17846619748543224
11826442,36.16303806692945
11826465,3.03194377324712
11826602,11.049371910526373
11826853,5.511009572951791
11827175,11.36686235227813
11827224,1.2282613659910482
11828091,66.58628878474146
11828207,16.15287009611009
11828473,0.48535297459593485
11829322,2.8660575948281606
11829328,12.360645801574739
11829628,0.5620496290665785
11830682,4.2120775310174405
11838349,41.95104472297372
11839615,1.4028191990704493
11839633,39.876495730176025
11840771,51.79911423539277
11841163,7.744414471443808
11841335,2.0021028391676734
11841449,64.74036844685293
11841988,0.25749336139071227
11842200,68.33612607691366
11842300,1.972197152227164
11843935,6.96359640355238
11844556,48.84608445920333
11844833,4.573738460034322
11844839,15.155811079794256
11845193,0.2256585355750739
11847204,16.140574545530104
11847369,29.244269722545763
11847762,29.337616019220075
11847891,42.78949723643724
11847989,18.937206892843616
11848146,47.72913770556766
11848926,0.8116671416328779
11848985,38.685931509849226
11850012,5.418890009217828
11850106,14.297962883099004
11850262,2.6161557142971006
11850334,0.2091399437924846
11850410,25.878353836736334
11850448,4.488249688419833
11850502,24.930531617917108
11850771,13.806241607564667
11850782,31.9293734211599
11850865,1.1392991957477814
11851186,0.31467535985463985
11851560,46.30513524007772
11851653,2.284925079126562
11851715,19.008860663475136
11852071,7.9139564367889825
11852768,46.72582195008984
11858047,22.29845587771145
11858737,0.8177693134270104
11859900,0.36647959081136017
11859901,12.491193481741055
11860589,0.4327316451457165
11860672,65.01673905419625
11860918,31.891739301057616
11861329,0.6052604013541394
11861360,2.69357858512974
11861696,0.2220982737229712
11862330,10.011291946780196
11862411,41.84586324939641
11862690,0.4429305379087008
11863794,0.3871569305002536
11864042,0.5300183356140944
11864066,3.748428690497275
11864922,2.1710982579282456
11865196,66.35942373391359
11865398,13.817425804903861
11866434,1.7194963797915586
11867104,2.3933754152258118
11867112,70.07733752668119
11867277,47.345210080003
11868177,0.1406164249972944
11868703,2.5609856956216395
11868730,74.07133178671774
11869365,32.58300459102231
11869735,0.0831598383439995
11869989,34.996183557882695
11870183,4.440901136808988
11871539,0.16325415693071277
11871645,53.894056927054365
11871646,0.6849960171557882
11871836,34.62548535315776
11871993,70.37834111246266
11872222,4.414947584230885
11872316,10.566247961162906
11872357,1.0620607838623621
11872558,0.5249711555876949
11872643,15.580931560466153
11873075,11.06995730971586
11873575,0.677733293259378
11874080,0.13848197877133356
11875118,77.41602955205644
11880126,15.885110006065993
11880675,5.915465908502028
11880867,45.44632832935551
11881719,3.1241635091057045
11882026,1.8114291742421347
11883388,0.2146338728297303
11884317,48.36153630623634
11884931,43.52567478495602
11885997,0.3319713206667789
11888277,0.5958247990031464
11890279,34.82824090150292
11890343,79.23125897304251
11890537,76.00614158833095
11890794,57.01252933214783
11890882,6.647980376378252
11891164,35.367605418125784
11891181,0.1534158698828498
11891268,14.85382615925437
11891358,2.8479644816313203
11891606,48.772801895611856
11891831,51.377960955652
11891901,0.48719915867991676
11892023,3.0810194458850004
11892476,9.58474133909867
11892986,26.56942034275401
11893359,37.73491516833153
11893613,1.8124902557365852
11893817,5.115222346275152
11895700,0.8570359014709178
11896016,1.2338195705524253
11899574,2.1973484680643023
11903589,0.25699117936905364
11904345,65.7861028711392
11904610,64.80720793121745
11904802,0.09023914883026046
11904821,4.99535864069799
11905003,4.596458853715885
11905035,0.8240512504498603
11905635,28.643003047822713
11906184,66.03400572835842
11906376,6.543267202845696
11906584,6.195034405166768
11907019,61.340401731683365
11907285,14.276842002153607
11908036,0.7854519988591027
11908538,35.91145385153842
11909028,67.024561890702
11909308,74.24415301394743
11909349,0.5966642144677328
11909622,0.15766495972762226
11909668,70.91760877149254
11909798,0.1896783419373537
11910225,1.542049359103208
11910257,0.17633282387634108
11910586,30.533477840143167
11910984,3.0208090799352054
11911381,0.7139569121139215
11911486,16.879119404989737
11911820,14.584007396391947
11911879,39.53582145419187
11917067,0.2649820687516901
11918530,11.44596511217539
11918575,1.6644516483338088
11919385,1.874315431379488
11919593,16.850206000621558
11919920,1.6392710911504658
11920151,26.74898295194493
11920660,27.22833806836156
11921650,0.2048524571878252
11922580,69.56891479231408
11923036,2.088265917705104
11924022,0.17222097213229556
11924595,0.6173506427800355
11924804,0.09194284376258488
11924943,10.968781687870027
11925257,24.05727594125747
11925501,4.811609971979621
11925767,67.26563067744192
11926111,1.0777732775737174
11926477,18.63904791308956
11927300,4.357246762218372
11927793,7.088712579050523
11928980,4.409334550198146
11929230,0.17792730896859543
11929908,15.444176508331827
11933088,4.924204886150423
11933676,52.086765280271365
11935301,19.496248638820315
11937039,26.177663795028103
11937618,65.89392314714408
11937647,0.46827502036488117
11937764,70.35943033802685
11939213,21.951035749555878
11940204,6.699804894195849
11940527,12.894147676227446
11941183,18.381844007130653
11942185,0.260386425449788
11943649,3.5127446007759136
11943700,0.18661661477319727
11943758,0.11849385496218194
11943834,50.20432455842896
11944384,9.511579771371002
11944641,8.285915639972277
11944668,66.78824114395574
11945851,0.45967596409925726
11946206,6.34884054354859
11946219,55.40521013066537
11947316,4.237317975451384
11947651,10.940656889256266
11947686,0.3350448157613886
11947855,71.50733745148007
11949632,0.851519216985935
11949712,22.20460605334816
11950107,22.27073390898302
11950302,15.327902792165096
11950973,4.937130018544664
11953072,1.7340621948858828
11954872,4.816022314740216
11960101,4.387120985453178
11961344,0.3111860369295879
11962284,0.09036172699407745
11962712,67.88028200369689
11964132,5.390757188504625
11964327,2.35490575865669
11964592,0.6654493392003298
11964607,17.07164557649496
11966139,46.16359843026745
11966838,12.581733217669195
11966874,11.156261173966445
11967620,10.217096458478974
11967963,43.88829184845678
11968539,28.488567009240636
11968958,11.988743259323499
11969329,5.132320464391981
11969336,12.361361106865642
11970048,2.0051959837392386
11970212,45.29136204068914
11970285,29.982551580728863
11971016,45.10659218084825
11971023,55.562682989775965
11971078,47.3023699516673
11971405,50.982235276067335
11971778,0.5506696532265294
11971986,9.467622783965556
11972141,4.314311064673154
11972321,66.91306962694432
11972356,1.8116207333174599
11972950,0.3910772978273599
11973003,24.257506294320912
11973178,53.86403893968077
11973328,0.6902481674249193
11973611,3.445425687405217
11978602,0.7754831110616952
11980373,8.994787890651144
11980390,32.6516400766497
11981145,0.7124499373894426
11981360,3.2705998774019096
11981665,1.198003706670697
11982174,29.412232029818327
11983581,60.947618481196734
11984206,11.567785839493721
11985355,0.2021713626848963
11987038,1.0228634294861885
11987197,3.528212375930664
11987376,2.6867181129404387
11988689,27.911887148972095
11989606,61.5019889754819
11991044,44.42000660252041
11991081,55.61866430666868
11992103,62.57673249635517
11992348,10.69301120245013
11992387,0.5726471352584042
11992626,0.6451223575015924
11992839,69.83491378099065
11993790,56.75171305818836
11999777,49.09658166288446
12000515,28.049798986066342
12000617,28.476610725277606
12000983,38.35017551778539
12001000,57.92405808540121
12001101,50.71285866079306
12001233,8.711862236131518
12001695,11.15926661193013
12002291,1.0321520842851195
12002943,7.074047137284825
12003009,58.99951922167495
12003542,0.3697154502523395
12003600,0.1568860362447548
12004008,27.677832184425537
12004408,18.401091188993817
12004744,2.8874419625350667
12005195,44.82505347328892
12005978,3.654145629104562
12006287,10.471963276919393
12007517,24.331041788351875
12008897,14.084398573251757
12009001,2.4145552079268713
12009678,23.141105938161243
12009779,17.188178935754863
12009821,44.41074987514981
12009985,41.105377326805836
12010980,6.145498736796229
12017589,6.721973636251255
12017677,3.5327059005202193
12017780,32.45483679649673
12018095,2.3845456425155556
12018612,15.483184769248902
12020077,0.5000059906071004
12020225,0.3074209295631551
12020688,46.95063004865409
12020835,31.54374444201258
12022098,66.23154679048899
12022746,3.1688927789304224
12022833,7.087850213433089
12023054,7.158799543373288
12023424,10.026821361909036
12023576,15.508478181285602
12023792,10.35994196970551
12024663,1.7243460338267043
12025076,52.56880689532582
12025168,48.89961270126301
12025968,71.82072051693493
12026175,0.8069941489233904
12026305,10.4452777502943
12026418,36.568083791041325
12026686,71.13879399737445
12027198,69.32192795905728
12027413,37.52742875269074
12027963,79.1263888145315
12028198,35.45845046743616
12028495,0.5175360741973627
12028753,68.60337892999283
12033408,42.43172673409382
12034608,41.963563402570145
12034640,12.258879681157543
12034848,13.390225457897445
12035657,62.42273916917566
12037003,29.501135794726352
12037304,0.8588260517084125
12037554,72.94741473222818
12038181,0.35196561190656056
12038270,0.10489788486811648
12038468,12.586329217965107
12039383,23.148033520091467
12039579,5.500229828398937
12040933,56.14289401023724
12042253,28.021322007407385
12042353,1.1396291350552574
12042866,18.213228013744363
12043311,22.580121709258744
12043534,5.368328685158502
12043641,57.10221916508543
12043694,18.495585732888095
12044303,10.185473613763088
12048637,32.393028538797466
12050280,0.1370002820421874
12050897,8.25830158593591
12050932,9.903783996516138
12050938,1.4319146309734843
12052721,2.252211461127387
12053105,24.79651260036529
12053427,63.69205648549448
12054152,70.60664246444338
12054259,1.6510898293278196
12054516,63.57233381979821
12055395,0.5610943326798373
12055738,33.85759193267828
12056095,49.57228496494054
12056132,20.33185539536604
12056517,2.0336510538627595
12056684,60.012468859351436
12056851,0.609844211176316
12057444,54.57931459613137
12057450,25.48816321275253
12060119,1.434341517893214
12062027,18.37949334120954
12062331,0.2602100025022437
12062599,8.58780228606816
12062827,1.3673240000236875
12063331,13.13144606055381
12063562,31.345850528639733
12063968,27.851197257718628
12066474,0.8606230389584363
12067155,2.0382671236351504
12068031,29.725666449125423
12069170,9.081539742473751
12069655,8.226259477472711
12069877,13.175687099298301
12070541,9.58960260414653
12070890,0.4370364370720459
12071282,78.40261186829211
12071454,41.45460916775879
12071650,6.284787441696575
12071735,0.5456681493119855
12072069,54.52846504429383
12072266,33.10780141406372
12073240,1.7671383921584272
12074125,44.13008150650988
12077177,4.683575958947649
12078123,8.025718587008386
12079099,7.007823817458638
12079942,26.143619119356966
12079993,40.29620763140867
12081492,31.734917389323076
12082111,9.00908012167666
12082184,0.34461459332040356
12082561,23.592483829158624
12082737,0.16197641501173346
12082781,26.86863046304714
12082855,10.685862497756025
12083640,4.016854379106219
12083942,6.2509023561630785
12084976,11.346532260649251
12085498,1.4368996136233307
12086351,5.18905948728625
12086527,0.9731176587789171
12086603,3.4132888691270096
12086852,0.37541154262306503
12087785,17.90100472812559
12087945,24.8158098473485
12088526,13.268295719432087
12088888,73.6456710583723
12089463,0.17880068869849106
12089661,0.4146832643306364
12089692,64.61604866066463
12089972,23.16677089749747
12090468,73.31185930435963
12090903,5.88305257923349
12091820,38.99757386029551
12091900,0.2388311496155214
12092445,0.2682513413350143
12092786,14.759018049304641
12092816,0.4057445161841223
12092894,21.98099567118738
12092938,1.179845218351877
12092981,70.61675866742955
12093078,49.77454993246064
12093499,1.5201127008831241
12093559,16.667665113634694
12094242,2.9274822497733926
12094765,0.16125124801739915
12095084,4.174707957151139
12095636,49.5067940559395
12099115,0.7715884950561458
12103284,0.6002559748718928
12106772,0.32956682637066875
12106836,1.0079910715531666
12106946,53.93370094357127
12106963,23.6104375569957
12107027,0.17422620639673275
12107534,47.639424301200826
12108140,24.960377943938923
12109853,1.0982159641901303
12110777,16.81638220316738
12112284,8.340307999434353
12112602,1.4314479668466367
12112808,0.23293863912817994
12113015,59.11561137686559
12113077,0.17815990078383412
12113232,1.4666509718059109
12113235,64.3728618969488
12113489,24.73736175551959
12114017,69.85024487712194
12114228,44.99494628911354
12114304,17.623230376465475
12114319,19.218250629512564
12114511,32.00738099670565
12114628,15.425359143471919
12114756,2.8536812023181906
12114810,57.42339670336062
12116392,0.38682759702496017
12123648,6.703103208333867
12124356,20.879606112860333
12124848,0.8126556486821777
12125142,12.868091238070054
12125285,4.853796525153369
12125830,0.14508192660968158
12125920,51.80624962337154
12126104,10.659948660224877
12126359,23.83068625367994
12126363,32.54679165547413
12126789,30.57566851648486
12129472,23.23863378673142
12129822,3.5057945340454397
12130093,12.786528074201083
12131310,2.0608120644973376
12132030,13.027249088881304
12132126,22.631001906949894
12132772,35.247497200669294
12133168,4.046156875722328
12134113,41.89318867478105
12134652,49.6370570346586
12134654,0.30695916551459884
12134914,26.607247370721257
12135387,3.307285686681264
12135856,1.98197653366564
12135895,1.1114732535707463
12136917,11.32910613518558
12137113,12.431482934231367
12137645,4.25634386414197
12142921,69.97399455567361
12144168,36.210410739476444
12145787,15.920922825427256
12146317,69.74082790559936
12146707,23.816777273067103
12146964,1.2632875956152578
12147982,6.960788519999077
12149019,0.7502020102829131
12150471,56.75151666096385
12151638,26.270046770797432
12152452,11.198727626045764
12153338,13.786541416876531
12153489,71.4550550189855
12153508,8.77701611595142
12153709,0.29441304557901293
12153900,18.467427619077387
12155544,3.9068169104580055
12156007,0.20833685210396172
12156452,33.08837749971457
12156475,17.969906366577238
12157468,2.024339657191546
12158013,28.08346493174966
12158649,4.447847684325806
12158766,72.66178793810788
12159172,22.495643414846196
12163560,10.053064207297512
12165437,0.9661858077139877
12166451,5.478306604707606
12166896,15.182178625477643
12167268,37.2105952476117
12167819,51.739542022982064
12167857,6.1799996291630075
12168087,32.064249932893595
12168212,26.19261886368373
12169731,40.44501444249518
12170304,7.9307354336097555
12171671,71.31707350872968
12172054,17.294539159623408
12172102,0.9316872144842953
12172121,54.97283769724222
12172890,0.16067955811823445
12173205,69.4078996190426
12173233,49.14253573506988
12174524,14.442494527599225
12175636,3.0247869216025385
12176140,0.6921121082365979
12176285,2.854096115228123
12176725,4.2753665357216155
12180383,0.21442416173636916
12181485,53.95807168797116
12182560,0.12212232162405412
12183916,38.796103496405415
12184956,10.15702270153026
12185223,0.08749921539186865
12185225,51.63571649223306
12185578,6.7051685172158235
12185843,4.5403346381577245
12186007,27.435390197902386
12186034,8.806064756803728
12186615,48.38800646183974
12187068,0.25953504320448956
12187513,49.41433437679441
12188122,30.277501410799804
12188184,13.177096714947288
12188651,35.314960821511626
12188908,18.36894171138823
12189021,12.635330717744235
12189059,0.576106761734296
12189997,69.98693501767691
12190337,42.692925527330864
12190607,0.23844810219927004
12190921,2.7413356578349894
12191643,0.3985072365505989
12194513,0.11187892183312158
12196647,0.23180217525173644
12197263,1.9659587617404437
12197272,2.4808569131101996
12198481,12.587165530584203
12199008,0.809976393173956
12199236,10.837067923189872
12199977,44.490138689937844
12201917,69.24338951431608
12202511,15.281119232758845
12202839,10.962968973528234
12205604,43.29410378932231
12206029,10.727396985576608
12206323,38.79869351079211
12206339,25.11501532317295
12206831,3.4869375750999656
12207062,3.7686689850141426
12207964,68.88179275456444
12208061,26.44543754279528
12208341,1.9183118822943486
12208842,25.161657850631315
12208970,77.03545802297936
12209447,3.400949896817067
12210198,17.027550235419696
12210323,22.863886745730742
12210448,52.361155132604
12210616,0.1339248813181804
12210920,1.54500296160353
12211018,19.682764159386704
12211085,1.816522168562518
12211168,0.2987118735578809
12211917,1.601494110229635
12218763,37.032424741855635
12221270,31.681232708975916
12221970,30.82069222629188
12223738,35.66482841417213
12225321,43.9742905097612
12225802,10.463930553478594
12227135,19.150911452923314
12227784,72.29002277662171
12228023,0.35347627583478725
12230921,16.689875994725295
12231160,34.829736363028
12231185,9.350256717004596
12231534,68.02894888403887
12231662,49.81969865717339
12232392,77.49107747710495
12232580,0.1666196802032678
12232858,65.53714486732227
12233808,18.824655117879477
12242672,0.12514136499387535
12243367,2.9350697037518145
12243598,30.537785825877513
12245236,32.69989293111335
12245694,26.708491082692706
12247584,2.3052319317261527
12247913,12.734785233649943
12248870,59.55890519170649
12249461,19.935366441841218
12249574,35.56606909004658
12251517,2.3296106860135306
12252271,11.516209763978317
12252375,10.60664492289363
12252504,0.4807730235676393
12252956,2.019992508924883
12253338,2.2850674253598013
12253343,68.11439050271599
12254895,1.2861542477085606
12256716,0.09455136258428255
12261352,0.08881469514057516
12265503,3.308327038300961
12267599,53.489857136405796
12270481,5.743145214502596
12270664,9.19501867360207
12271089,2.5679465907801933
12272376,1.5151935796635718
12285217,30.990312261380584
